mutant,prediction
D672G:I703V,-7.400068283081055
D672G:I703T,-11.376441955566406
D672G:I703N,-11.795000076293945
D672G:I703M,-11.171714782714844
D672G:I703L,-10.885449409484863
D672G:I703F,-10.383258819580078
D672G:I702V,-6.681611061096191
D672G:I702M,-9.744443893432617
D672G:H685Y,-4.234084129333496
D672G:H685R,-5.112333297729492
D672G:H685Q,-4.633063316345215
D672G:H685P,-2.4407522678375244
D672G:H685N,-2.1275599002838135
D672G:H685L,-4.4317626953125
D672G:H685D,-4.617922782897949
D672G:H684Y,-1.216930627822876
D672G:H684R,-5.265734672546387
D672G:H684Q,-4.855226516723633
D672G:H684N,-3.1007535457611084
D672G:K687E,-7.879147529602051
D672G:N698D,-11.567435264587402
D672G:M706T,-10.751137733459473
D672G:M706L,-9.733963966369629
D672G:L705V,-2.0388500690460205
D672G:L705R,-10.883277893066406
D672G:L705P,-9.804479598999023
D672G:L705I,-0.5429480075836182
D672G:L705F,-6.678774833679199
D672G:H677Y,-5.219590187072754
D672G:L688W,-3.1129090785980225
D672G:L688M,-3.6303651332855225
D672G:L688F,-2.125654697418213
D672G:K699T,-7.789054870605469
D672G:K699R,-5.500002384185791
D672G:K699I,-9.4252347946167
D672G:K699E,-9.179548263549805
D672G:K687T,-3.330347776412964
D672G:K687R,-5.751273155212402
D672G:K687Q,-4.317732810974121
D672G:K687N,-2.9377176761627197
D672G:K687I,-7.128829002380371
D672G:L688S,-4.792878150939941
D672G:H677R,-5.424441337585449
D672G:H677P,-5.108617782592773
D672G:F690Y,-6.427253723144531
D672G:F690S,-6.491314888000488
D672G:F690L,-6.845952033996582
D672G:F675Y,-4.74478816986084
D672G:F675I,-5.031290054321289
D672G:F675C,-5.061339378356934
D672G:E693V,-4.318984031677246
D672G:E693G,-0.4787856340408325
D672G:E682V,-4.906152725219727
D672G:E682K,-4.448116302490234
D672G:E682G,-0.8880534172058105
D672G:E682D,-2.962739944458008
D672G:E674V,-6.629789352416992
D672G:E674K,-4.731843948364258
D672G:E674G,-2.961638927459717
D672G:G680A,-5.731861114501953
D672G:G680E,-6.476214408874512
D672G:H677N,-4.836322784423828
D672G:H677D,-6.440640449523926
D672G:G709S,-8.377711296081543
D672G:G709D,-8.90694522857666
D672G:G709C,-7.590070724487305
D672G:G709A,-10.197882652282715
D672G:G708V,-9.653724670410156
D672G:G708S,-8.21226692199707
D672G:G708D,-10.20134162902832
D672G:G708C,-6.294477462768555
D672G:G708A,-8.647334098815918
D672G:G704R,-9.850380897521973
D672G:G704E,-10.779351234436035
D672G:G700S,-8.989767074584961
D672G:G700D,-11.325946807861328
D672G:G700C,-6.340466499328613
D672G:G700A,-9.291572570800781
D672G:G696V,-4.151162147521973
D672G:G696S,-3.8778669834136963
D672G:G696C,-4.691520690917969
D672G:G680V,-5.541347980499268
D672G:G680R,-3.7701401710510254
D672G:G704V,-10.624083518981934
D672G:N698I,-2.8848659992218018
D672G:N698S,-8.241812705993652
D672H:V689E,-6.599857330322266
D672H:S697P,-9.009963989257812
D672H:H685L,-5.157605171203613
D672H:H684Y,-1.9427731037139893
D672H:H677R,-6.1502838134765625
D672H:G709C,-8.315913200378418
D672H:G696S,-4.6037092208862305
D672H:G680E,-7.202056884765625
D672H:F675I,-5.757132530212402
D672H:E682V,-5.63199520111084
D672H:E682D,-3.688582420349121
D672H:A701V,-2.5929007530212402
D672H:A701T,-3.4914803504943848
D672G:V689E,-5.874014854431152
D672G:V689A,-5.594378471374512
D672G:V683L,-6.721395492553711
D672G:V683I,-5.068744659423828
D672G:V683G,-4.268441200256348
D672G:V683F,-5.332363128662109
D672G:V683A,-4.663374900817871
D672G:S697P,-8.2841215133667
D672G:V689G,-4.826992511749268
D672G:S679T,-5.916960716247559
D672G:S679L,-5.703192234039307
D672G:R676Q,-5.362260818481445
D672G:R676P,-5.011288642883301
D672G:R676L,-6.788419723510742
D672G:R676G,-4.862207412719727
D672G:N698Y,-3.017824411392212
D672G:N698T,-8.093246459960938
D672G:S679P,-4.238001823425293
D672G:E674D,-3.5289974212646484
D672G:V689L,-6.513607978820801
D672G:V711L,-9.683367729187012
D672G:V711I,-7.445633888244629
D672G:V711G,-11.15407943725586
D672G:V711D,-12.909806251525879
D672G:V711A,-9.768120765686035
D672G:V689M,-5.17764949798584
D672G:V710L,-8.091811180114746
D672G:V710G,-11.291023254394531
D672G:V710A,-9.877814292907715
D672G:V707M,-5.014743804931641
D672G:V707L,-1.2725565433502197
D672G:V707G,-9.159796714782715
D672G:V707E,-11.187761306762695
D672G:V707A,-8.670141220092773
D672G:V710I,-3.619459867477417
D672G:D678Y,-5.944997787475586
D672G:D678V,-6.920289993286133
D672G:D678N,-2.790269136428833
D672G:D678G,-2.6831867694854736
D672G:D678E,-4.736388206481934
D672G:A701V,-1.867058277130127
D672G:A701T,-2.7656378746032715
D672G:A701P,-5.991301536560059
D672G:A701E,-11.23591423034668
D672G:A692T,-6.343013763427734
D672G:A692E,-8.602871894836426
D672G:A673V,-7.355227470397949
D672G:A673P,-4.531237602233887
D672G:A701S,-8.557768821716309
D672Y:A673P,-6.270594596862793
D672Y:N698Y,-4.7571821212768555
D672Y:N698I,-4.624223709106445
D672Y:N698D,-13.306793212890625
D672Y:M706T,-12.490495681762695
D672Y:M706L,-11.473321914672852
D672Y:L705P,-11.543837547302246
D672Y:L688S,-6.532236099243164
D672Y:L688M,-5.369722366333008
D672Y:L688F,-3.8650121688842773
D672Y:K699R,-7.2393598556518555
D672Y:K699I,-11.164592742919922
D672Y:K699E,-10.918906211853027
D672Y:K687R,-7.490631103515625
D672Y:K687N,-4.677075386047363
D672Y:K687I,-8.868186950683594
D672Y:K687E,-9.618504524230957
D672Y:V711I,-9.184991836547852
D672Y:V711D,-14.649164199829102
D672Y:V711A,-11.507478713989258
D672Y:V710A,-11.617172241210938
D672Y:V707M,-6.754101276397705
D672Y:V707E,-12.927119255065918
D672Y:V707A,-10.409499168395996
D672Y:V689M,-6.9170074462890625
D672Y:V689A,-7.333735466003418
D672Y:V683I,-6.808101654052734
D672Y:V683G,-6.007798671722412
D672Y:V683A,-6.402731895446777
D672Y:S697P,-10.023479461669922
D672Y:S679T,-7.656318664550781
D672Y:S679P,-5.977358818054199
D672Y:R676Q,-7.101618766784668
D672Y:R676L,-8.527777671813965
D672Y:V689E,-7.613372802734375
D672Y:I703V,-9.139426231384277
D672Y:I703T,-13.115799903869629
D672Y:I703N,-13.534358024597168
D672Y:F690L,-8.585309028625488
D672Y:F675Y,-6.4841461181640625
D672Y:F675I,-6.770648002624512
D672Y:E693V,-6.058341979980469
D672Y:E693G,-2.2181429862976074
D672Y:E682V,-6.645509719848633
D672Y:E682G,-2.627410888671875
D672Y:E682D,-4.702097415924072
D672Y:F690Y,-8.166611671447754
D672Y:E674V,-8.369146347045898
D672Y:D678V,-8.659647941589355
D672Y:D678E,-6.475746154785156
D672Y:A701V,-3.6064157485961914
D672Y:A701T,-4.504995346069336
D672Y:A692T,-8.082371711730957
D672Y:A673V,-9.094584465026855
D672Y:I703F,-12.1226167678833
D672Y:I702V,-8.420968055725098
D672Y:H685R,-6.851690292358398
D672Y:H685Q,-6.3724212646484375
D672Y:H685L,-6.171120643615723
D672Y:H684R,-7.005091667175293
D672Y:H684Q,-6.594583511352539
D672Y:H677R,-7.163799285888672
D672Y:G709S,-10.117069244384766
D672Y:G709C,-9.329428672790527
D672Y:G708V,-11.393082618713379
D672Y:G708S,-9.951624870300293
D672Y:G708D,-11.940699577331543
D672Y:G708C,-8.033835411071777
D672Y:G704R,-11.589738845825195
D672Y:G700C,-8.079824447631836
D672Y:G696S,-5.61722469329834
D672Y:G696C,-6.430878639221191
A673V:G709S,-12.159666061401367
A673V:G709D,-12.688899993896484
A673V:G709C,-11.372024536132812
A673V:G708V,-13.435678482055664
A673V:G708S,-11.994220733642578
A673V:G708D,-13.983295440673828
A673V:G708C,-10.076431274414062
A673V:G704R,-13.632335662841797
A673V:G704E,-14.56130599975586
A673V:G700S,-12.771720886230469
A673V:G700D,-15.107900619506836
A673V:G700C,-10.122421264648438
A673V:G696S,-7.659821033477783
A673V:G696C,-8.473474502563477
A673V:G680E,-10.258169174194336
A673V:E693G,-4.260739803314209
A673V:E693V,-8.10093879699707
A673V:F675I,-8.813243865966797
A673V:F675Y,-8.526742935180664
A673V:F690S,-10.273268699645996
A673V:F690Y,-10.209207534790039
A673V:F690L,-10.62790584564209
A673V:H677R,-9.206396102905273
A673V:I703V,-11.182022094726562
A673V:I703T,-15.158395767211914
A673V:K687E,-11.661101341247559
A673V:K687N,-6.719671726226807
A673V:K687R,-9.533227920532227
A673V:K699E,-12.961502075195312
A673V:K699I,-13.207189559936523
A673V:K687I,-10.910783767700195
A673V:I703N,-15.576953887939453
A673V:I702V,-10.4635648727417
A673V:H677Y,-9.001544952392578
A673V:H684N,-6.882707595825195
A673V:H684Q,-8.63718032836914
A673V:H684R,-9.047688484191895
A673V:H684Y,-4.998884677886963
A673V:I703F,-14.165212631225586
A673V:H685L,-8.213716506958008
A673V:H685Q,-8.415018081665039
A673V:H685R,-8.894287109375
A673V:H685Y,-8.01603889465332
A673V:H685N,-5.9095139503479
A673V:E682V,-8.688106536865234
A673V:E682G,-4.670007705688477
A673V:D678E,-8.518342971801758
A673V:D678G,-6.4651408195495605
A673V:D678V,-10.70224380493164
A673V:D678Y,-9.726951599121094
A673V:E674D,-7.3109517097473145
A673V:E674G,-6.743593215942383
A673V:E674K,-8.513797760009766
A673V:E674V,-10.4117431640625
A673V:E682D,-6.744694232940674
A673V:E682K,-8.230070114135742
A673V:A701T,-6.547591686248779
A673V:A701V,-5.649012565612793
A673V:A692E,-12.38482666015625
A673V:A692T,-10.124967575073242
A673V:A701G,-8.347891807556152
A673V:K699R,-9.281956672668457
A673G:E682D,-4.168506622314453
A673G:E682V,-6.111918926239014
A673G:E693G,-1.6845520734786987
A673G:G708C,-7.500244140625
A673G:H677R,-6.6302080154418945
A673G:H684R,-6.471500873565674
A673G:K687R,-6.957039833068848
A673G:K699R,-6.705768585205078
A673G:L688S,-5.998644828796387
A673P:H685L,-5.3897271156311035
A673P:H684Q,-5.813190460205078
A673P:H677R,-6.382405757904053
A673P:G709S,-9.335676193237305
A673P:G709C,-8.54803466796875
A673P:G708S,-9.170230865478516
A673P:G708C,-7.252441883087158
A673P:F690L,-7.803915977478027
A673P:E682V,-5.864116668701172
A673P:E682D,-3.9207043647766113
A673G:N698D,-12.773201942443848
A673G:N698Y,-4.223590850830078
A673G:V683A,-5.869141101837158
A673G:V707E,-12.39352798461914
A673P:H685R,-6.0702972412109375
A673P:D678G,-3.641150951385498
A673P:E674V,-7.5877532958984375
A673P:S697P,-9.242086410522461
A673P:V683A,-5.621338844299316
A673P:V711D,-13.86777114868164
A673P:N698D,-12.525400161743164
A673P:I703T,-12.334405899047852
A673P:I703V,-8.3580322265625
A673P:N698Y,-3.9757885932922363
A673P:K687I,-8.086793899536133
A673P:K699I,-10.383199691772461
A673P:K699R,-6.4579668045043945
A673P:L688S,-5.750842571258545
A673P:L705P,-10.762443542480469
A673P:K687T,-4.288311958312988
A673V:L688F,-5.907608985900879
A673V:L688S,-8.574832916259766
A673V:V683G,-8.050395011901855
A673V:V683I,-8.850698471069336
A673V:V689A,-9.37633228302002
A673V:V689E,-9.655969619750977
A673V:V689G,-8.608946800231934
A673V:V689M,-8.959604263305664
A673V:V707A,-12.452095031738281
A673V:V707E,-14.969715118408203
A673V:V710A,-13.659769058227539
A673V:V710I,-7.401413917541504
A673V:V711A,-13.55007553100586
A673V:V711D,-16.691761016845703
A673V:V711I,-11.227588653564453
A673V:V711L,-13.465322494506836
A673V:L688M,-7.412319183349609
A673V:V707M,-8.796697616577148
A673V:V683A,-8.445328712463379
A673V:S697P,-12.066076278686523
A673V:L705F,-10.460729598999023
A673V:L705I,-4.324902057647705
A673V:L705P,-13.586433410644531
A673V:M706L,-13.515918731689453
A673V:N698D,-15.349390029907227
A673V:N698I,-6.666820049285889
A673V:N698S,-12.02376651763916
A673V:M706T,-14.533092498779297
A673V:S679T,-9.698915481567383
A673V:N698Y,-6.799778461456299
A673V:S679P,-8.0199556350708
A673V:S679L,-9.485146522521973
A673V:R676P,-8.793243408203125
A673V:R676Q,-9.144214630126953
A673V:R676L,-10.57037353515625
E674K:S679T,-7.075531959533691
E674K:S697P,-9.442692756652832
E674K:S679P,-5.396572589874268
E674K:R676Q,-6.520832061767578
E674K:R676L,-7.946990966796875
E674K:N698S,-9.400382995605469
E674K:N698Y,-4.176395416259766
E674K:N698I,-4.0434370040893555
E674K:V683A,-5.821945667266846
E674K:V683I,-6.227315425872803
E674K:N698D,-12.726006507873535
E674K:V711D,-14.068377494812012
E674K:V711A,-10.926692008972168
E674K:V710I,-4.778030872344971
E674K:V710A,-11.036385536193848
E674K:V707M,-6.173315048217773
E674K:V707E,-12.346332550048828
E674K:V707A,-9.828712463378906
E674K:V689M,-6.336220741271973
E674K:V689E,-7.032586097717285
E674K:V689A,-6.752949237823486
E674K:I703T,-12.535013198852539
E674K:I703N,-12.953571319580078
E674K:I703F,-11.541830062866211
E674K:I702V,-7.840181827545166
E674K:H685Q,-5.791634559631348
E674K:H685L,-5.590333938598633
E674K:H684R,-6.424305438995361
E674K:H684Q,-6.013797283172607
E674K:H677Y,-6.378161430358887
E674K:H685Y,-5.392655372619629
E674K:M706L,-10.892535209655762
E674K:L705P,-10.963050842285156
E674K:L705F,-7.837346076965332
E674K:L688S,-5.951449394226074
E674K:L688M,-4.788936138153076
E674K:L688F,-3.2842257022857666
E674K:K699T,-8.947626113891602
E674K:K699I,-10.583806037902832
E674K:K699E,-10.338119506835938
E674K:K687N,-4.096288681030273
E674K:K687I,-8.287400245666504
E674K:K687E,-9.037717819213867
E674K:K699R,-6.658573150634766
E674V:G696C,-7.748036861419678
E674V:G696A,-7.854055404663086
E674V:G680E,-9.532730102539062
E674V:G696S,-6.934382915496826
E674V:F690Y,-9.483770370483398
E674V:F690S,-9.547830581665039
E674V:F690L,-9.902467727661133
E674V:G700C,-9.396982192993164
E674V:G700D,-14.382463455200195
E674V:G700S,-12.046283721923828
E674G:F690S,-5.879680633544922
E674V:H677Y,-8.276105880737305
E674V:H677R,-8.48095703125
E674V:H677D,-9.497156143188477
E674V:G709S,-11.434226989746094
E674V:G709D,-11.963460922241211
E674V:G709C,-10.646587371826172
E674V:G708V,-12.710241317749023
E674V:G708S,-11.268783569335938
E674V:G708D,-13.257858276367188
E674V:G708C,-9.350994110107422
E674V:G704R,-12.906896591186523
E674V:G704E,-13.835866928100586
E674V:F675Y,-7.801304340362549
E674V:F675I,-8.087806701660156
E674V:A701V,-4.923574447631836
E674V:A701T,-5.822153568267822
E674V:A701S,-11.61428451538086
E674V:A701E,-14.292430877685547
E674V:A692T,-9.399530410766602
E674V:A692E,-11.659387588500977
E674Q:G704E,-11.18271541595459
E674V:E693V,-7.375500202178955
E674V:E693G,-3.535301685333252
E674V:E682V,-7.962668418884277
E674V:E682G,-3.9445693492889404
E674V:E682D,-6.019256114959717
E674K:H677R,-6.583012580871582
E674V:D678Y,-9.001514434814453
E674V:D678V,-9.976806640625
E674V:D678N,-5.846785068511963
E674V:D678G,-5.7397027015686035
E674V:D678E,-7.792904376983643
E674K:E682V,-6.064723491668701
E674K:G709S,-9.536282539367676
E674G:L688F,-1.514020562171936
E674G:K699R,-4.888368129730225
E674G:K699I,-8.813600540161133
E674G:K699E,-8.567914009094238
E674G:K687T,-2.7187137603759766
E674G:L688M,-3.018731117248535
E674G:K687R,-5.139639377593994
E674G:K687N,-2.3260836601257324
E674G:K687I,-6.517195224761963
E674G:K687E,-7.267513275146484
E674G:K687Q,-3.706099033355713
E674G:L688S,-4.181244373321533
E674G:N698Y,-2.4061903953552246
E674G:N698S,-7.630178451538086
E674G:N698I,-2.2732319831848145
E674G:N698D,-10.955801010131836
E674G:L705F,-6.067141056060791
E674G:L705V,-1.4272159337997437
E674G:L705R,-10.27164363861084
E674G:L705P,-9.192845344543457
E674G:L705I,0.06868612766265869
E674G:M706L,-9.122329711914062
E674G:I703V,-6.7884345054626465
E674G:I703T,-10.76480770111084
E674G:G708V,-9.04209041595459
E674G:G708S,-7.600633144378662
E674G:G708D,-9.589707374572754
E674G:G708C,-5.6828436851501465
E674G:G704E,-10.167716979980469
E674G:G700D,-10.714312553405762
E674G:G709C,-6.9784369468688965
E674G:G700C,-5.728832721710205
E674G:G696C,-4.0798869132995605
E674G:G680A,-5.120226860046387
E674G:G696S,-3.266232967376709
E674G:G709D,-8.295310974121094
E674G:G709S,-7.766077518463135
E674G:I703N,-11.183365821838379
E674G:I703F,-9.771624565124512
E674G:I702V,-6.069976806640625
E674G:H685R,-4.500699043273926
E674G:H685Q,-4.021429538726807
E674G:H685L,-3.820128917694092
E674G:H684R,-4.65410041809082
E674G:H684Q,-4.243592262268066
E674G:H677Y,-4.607956409454346
E674G:H677R,-4.812807559967041
E674G:R676G,-4.250573635101318
E674G:R676L,-6.176785945892334
E674K:F675I,-6.189861297607422
E674K:E693V,-5.477555274963379
E674K:E693G,-1.6373566389083862
E674K:F675Y,-5.903359413146973
E674K:E682K,-5.606687545776367
E674K:E682D,-4.121311187744141
E674K:D678V,-8.078861236572266
E674K:E682G,-2.0466244220733643
E674K:F690L,-8.004522323608398
E674K:F690Y,-7.585824966430664
E674K:G709D,-10.065516471862793
E674K:G709C,-8.748641967773438
E674K:G708S,-9.370838165283203
E674K:G708C,-7.4530487060546875
E674K:G704R,-11.008952140808105
E674K:G704E,-11.937922477722168
E674K:G700D,-12.484518051147461
E674K:G700C,-7.499037742614746
E674K:G696S,-5.03643798828125
E674K:G696C,-5.850091934204102
E674K:A701V,-3.0256292819976807
E674K:A701T,-3.924208641052246
E674K:A692T,-7.501585006713867
E674G:V689M,-4.566015720367432
E674G:V689L,-5.901974201202393
E674G:V689E,-5.262381076812744
E674G:V689A,-4.982744216918945
E674G:V683I,-4.457110404968262
E674G:S697P,-7.672487735748291
E674G:S679T,-5.30532693862915
E674G:S679P,-3.6263675689697266
E674G:R676Q,-4.750627040863037
E674G:V683A,-4.051740646362305
E674G:V707A,-8.058506965637207
E674G:V711I,-6.834000110626221
E674G:V711G,-10.542445182800293
E674G:V711D,-12.298171997070312
E674G:V711A,-9.156486511230469
E674G:V710L,-7.48017692565918
E674G:V710I,-3.0078258514404297
E674G:V710A,-9.266180038452148
E674G:V707M,-4.403109550476074
E674G:V707E,-10.576127052307129
E674G:F690L,-6.234317779541016
E674G:F690Y,-5.815619945526123
E674G:A692E,-7.991238117218018
E674D:N698Y,-2.9735488891601562
E674D:N698D,-11.523159980773926
E674D:L705F,-6.634499549865723
E674D:L688S,-4.748602867126465
E674D:L688M,-3.586089611053467
E674D:L688F,-2.081378936767578
E674D:K699R,-5.455726623535156
E674D:K699I,-9.380959510803223
E674D:K699E,-9.135272979736328
E674D:K687N,-2.893442153930664
E674D:I702V,-6.637335300445557
E674D:H685R,-5.068057537078857
E674D:H685Q,-4.588788032531738
E674D:H685L,-4.387487411499023
E674D:K687R,-5.706997871398926
E674D:R676L,-6.744144439697266
E674G:D678G,-2.0715527534484863
E674G:D678E,-4.124754428863525
E674G:A701V,-1.25542414188385
E674G:A701T,-2.154003620147705
E674G:A701G,-3.954303741455078
E674G:A701E,-10.624279975891113
E674G:A692T,-5.731379985809326
E674D:V711D,-12.865530967712402
E674D:V707M,-4.970468044281006
E674D:V707E,-11.143486022949219
E674D:V689M,-5.133374214172363
E674D:V689E,-5.829739570617676
E674D:V683A,-4.619099140167236
E674D:S697P,-8.239846229553223
E674D:R676Q,-5.317985534667969
E674D:H684R,-5.221458911895752
E674G:D678N,-2.1786351203918457
E674D:H684Q,-4.810950756072998
E674D:D678V,-6.876014709472656
E674D:D678G,-2.638911247253418
E674D:A701V,-1.8227826356887817
E674D:A701T,-2.7213621139526367
E674D:A692T,-6.298738479614258
E674D:E682D,-2.918464422225952
E674D:E682G,-0.8437777757644653
E674D:E682V,-4.861876964569092
E674D:H677Y,-5.175314903259277
E674D:H677R,-5.380166053771973
E674D:G709D,-8.862669944763184
E674D:G709C,-7.545795440673828
E674D:G708C,-6.250202178955078
E674D:G700D,-11.281671524047852
E674D:G696S,-3.8335914611816406
E674D:F690L,-6.801676273345947
E674D:F675Y,-4.700512886047363
E674D:F675I,-4.9870147705078125
E674D:E693V,-4.2747087478637695
E674D:E693G,-0.4345099925994873
E674D:H684N,-3.0564780235290527
E674G:D678V,-6.308656215667725
E674V:K699I,-12.48175048828125
E674V:K699R,-8.5565185546875
E674V:L688F,-5.182170867919922
E674V:L688M,-6.686881065368652
E674V:L688S,-7.84939432144165
E674V:L688V,-5.022355079650879
E674V:L688W,-6.169425010681152
E674V:L705F,-9.73529052734375
E674V:L705I,-3.599463939666748
E674V:L705P,-12.86099624633789
E674V:L705R,-13.939794540405273
E674V:M706L,-12.79047966003418
E674V:M706T,-13.807653427124023
E674V:N698D,-14.623950958251953
E674V:N698I,-5.941381931304932
E674V:N698S,-11.298328399658203
E674V:N698Y,-6.074340343475342
E674G:D678Y,-5.333364009857178
E674V:K699E,-12.236064910888672
E674V:K687T,-6.386863708496094
E674V:K687Q,-7.37424898147583
E674V:H684N,-6.157269477844238
E674V:H684Q,-7.911742210388184
E674V:H684R,-8.322250366210938
E674V:H684Y,-4.273446559906006
E674V:H685L,-7.488278865814209
E674V:H685N,-5.184075832366943
E674V:H685Q,-7.689579486846924
E674V:H685R,-8.168848991394043
E674V:I702V,-9.738126754760742
E674V:I703F,-13.439775466918945
E674V:I703N,-14.851516723632812
E674V:I703T,-14.432958602905273
E674V:I703V,-10.456584930419922
E674V:K687E,-10.935663223266602
E674V:K687I,-10.185344696044922
E674V:K687N,-5.99423360824585
E674V:K687R,-8.807788848876953
E674V:R676L,-9.84493637084961
E674V:S679L,-8.759708404541016
E674V:V711I,-10.50214958190918
E674V:V711L,-12.739883422851562
E674V:R676Q,-8.418777465820312
E674G:F675Y,-4.133154392242432
E674V:V711D,-15.96632194519043
E674G:F675I,-4.419656276702881
E674G:E693V,-3.707350254058838
E674G:E693G,0.13284850120544434
E674G:E682V,-4.29451847076416
E674G:E682K,-3.836482524871826
E674G:E682G,-0.2764192819595337
E674G:E682D,-2.3511059284210205
E674V:V711A,-12.824636459350586
E674V:S679P,-7.294517517089844
E674V:S679T,-8.97347640991211
E674V:S697P,-11.34063720703125
E674V:V683A,-7.719890594482422
E674V:V710I,-6.675975799560547
E674V:V683I,-8.125260353088379
E674V:V683L,-9.777911186218262
E674V:V689A,-8.650894165039062
E674V:V689E,-8.930530548095703
E674V:V683F,-8.38887882232666
E674V:V689L,-9.570123672485352
E674V:V710A,-12.934329986572266
E674V:V689G,-7.883508682250977
E674V:V707L,-4.32907247543335
E674V:V707G,-12.216312408447266
E674V:V707E,-14.244277954101562
E674V:V707A,-11.72665786743164
E674V:V707M,-8.071259498596191
E674V:V689M,-8.23416519165039
F675Y:G680V,-6.712862968444824
F675Y:G680R,-4.941655158996582
F675Y:G680E,-7.647729873657227
F675Y:F690Y,-7.598769187927246
F675Y:F690S,-7.662829875946045
F675Y:F690L,-8.017467498779297
F675Y:G696C,-5.863036155700684
F675Y:E693G,-1.6503008604049683
F675Y:E682V,-6.077667713165283
F675Y:E682K,-5.619631767272949
F675Y:E682G,-2.0595686435699463
F675Y:E682D,-4.134255409240723
F675Y:E682A,-5.432908058166504
F675Y:E693V,-5.490499496459961
F675Y:D678Y,-7.116513252258301
F675Y:G696S,-5.049382209777832
F675Y:V711A,-10.93963623046875
F675Y:V711D,-14.081321716308594
F675Y:V711I,-8.617149353027344
F675Y:H677P,-6.280133247375488
F675Y:H677N,-6.007837772369385
F675Y:H677D,-7.612155437469482
F675Y:G696R,-5.799302577972412
F675Y:G709S,-9.549226760864258
F675Y:G709D,-10.078460693359375
F675Y:G709C,-8.76158618927002
F675Y:G708V,-10.825240135192871
F675Y:G708S,-9.383782386779785
F675Y:G708D,-11.372857093811035
F675Y:G708C,-7.4659929275512695
F675Y:G704V,-11.795598983764648
F675Y:G704R,-11.021896362304688
F675Y:G704E,-11.95086669921875
F675Y:G700S,-10.161282539367676
F675Y:G700D,-12.497462272644043
F675Y:G700C,-7.511981964111328
F675Y:G696V,-5.322677135467529
F675Y:G709R,-12.189935684204102
F675Y:V710L,-9.263326644897461
F675Y:D678V,-8.091805458068848
F675Y:D678G,-3.8547019958496094
F675Y:D678N,-3.9617843627929688
F675Y:D678E,-5.907903671264648
F675Y:A701V,-3.0385735034942627
F675Y:A701T,-3.937152862548828
F675Y:A701S,-9.729284286499023
F675Y:A701P,-7.162817001342773
F675Y:A701G,-5.737452983856201
F675Y:A692T,-7.514529228210449
F675Y:A692E,-9.77438735961914
F675V:V689E,-7.186885356903076
F675V:R676L,-8.101289749145508
F675V:N698Y,-4.330694675445557
F675V:K699R,-6.812872886657715
F675V:G709S,-9.690582275390625
F675Y:A692G,-6.078041076660156
F675Y:V710I,-4.790975093841553
F675Y:V710G,-12.462538719177246
F675Y:V710F,-10.310979843139648
F675Y:H677Y,-6.391105651855469
F675Y:H684N,-4.272268772125244
F675Y:H684Q,-6.0267415046691895
F675Y:H684R,-6.437249660491943
F675Y:H684Y,-2.3884458541870117
F675Y:H685L,-5.603278160095215
F675Y:H685N,-3.299075126647949
F675Y:H685Q,-5.80457878112793
F675Y:H685R,-6.283848285675049
F675Y:H685Y,-5.405599594116211
F675Y:I702L,-11.833740234375
F675Y:I702V,-7.853126049041748
F675Y:I703F,-11.554774284362793
F675Y:I703N,-12.96651554107666
F675Y:I703T,-12.547957420349121
F675Y:I703V,-8.57158374786377
F675Y:I702M,-10.915959358215332
F675Y:K687E,-9.050662994384766
F675Y:K687I,-8.300344467163086
F675Y:K687N,-4.1092329025268555
F675Y:K687Q,-5.489248275756836
F675Y:R676L,-7.959935188293457
F675Y:R676Q,-6.53377628326416
F675Y:S679L,-6.874707221984863
F675Y:S679P,-5.40951681137085
F675Y:S679T,-7.088476181030273
F675Y:S697P,-9.455636978149414
F675Y:V683A,-5.834889888763428
F675Y:V683F,-6.503878116607666
F675Y:V683G,-5.4399566650390625
F675Y:V683I,-6.240259647369385
F675Y:V689A,-6.765893459320068
F675Y:V689G,-5.998507499694824
F675Y:V689L,-7.685123443603516
F675Y:V689M,-6.349164962768555
F675Y:V707A,-9.841656684875488
F675Y:V707E,-12.35927677154541
F675Y:V707L,-2.4440717697143555
F675Y:V707M,-6.1862592697143555
F675Y:V710A,-11.04932975769043
F675Y:V689E,-7.045530319213867
F675Y:K687R,-6.922788619995117
F675Y:K687T,-4.5018630027771
F675Y:K699E,-10.35106372833252
F675Y:K699I,-10.596750259399414
F675Y:K699R,-6.671517372131348
F675Y:K699T,-8.960570335388184
F675Y:L688F,-3.2971699237823486
F675Y:L688M,-4.801880359649658
F675Y:L688S,-5.964393615722656
F675Y:L688W,-4.284424304962158
F675Y:L705F,-7.850290298461914
F675Y:L705I,-1.714463233947754
F675Y:L705P,-10.975995063781738
F675Y:L705R,-12.054793357849121
F675Y:L705V,-3.2103652954101562
F675Y:M706L,-10.905479431152344
F675Y:M706T,-11.922653198242188
F675Y:N698D,-12.738950729370117
F675Y:N698I,-4.0563812255859375
F675Y:N698S,-9.413328170776367
F675Y:N698T,-9.264761924743652
F675Y:N698Y,-4.189339637756348
F675Y:H677R,-6.595956802368164
F675I:V683A,-6.121391773223877
F675I:V683F,-6.790380001068115
F675I:V683G,-5.726458549499512
F675I:V683I,-6.526761531829834
F675I:V689A,-7.052395343780518
F675I:V689E,-7.332032203674316
F675I:V689G,-6.285009384155273
F675I:V689L,-7.971625328063965
F675I:S697P,-9.742138862609863
F675I:V689M,-6.635666847229004
F675I:V707A,-10.128158569335938
F675I:V707E,-12.64577865600586
F675I:V707L,-2.7305736541748047
F675I:V707M,-6.472761154174805
F675I:V710A,-11.335831642150879
F675I:V710I,-5.077476978302002
F675I:S679P,-5.696018695831299
F675I:L705F,-8.136792182922363
F675I:L705I,-2.000965118408203
F675I:L705P,-11.262496948242188
F675I:L705V,-3.4968671798706055
F675I:M706L,-11.191981315612793
F675I:M706T,-12.209155082702637
F675I:S679T,-7.374978065490723
F675I:N698D,-13.025452613830566
F675I:N698S,-9.6998291015625
F675I:N698Y,-4.475841522216797
F675I:R676L,-8.246437072753906
F675I:R676Q,-6.820278167724609
F675I:S679L,-7.1612091064453125
F675I:N698I,-4.342883110046387
F675I:V711A,-11.2261381149292
F675I:V711D,-14.367823600769043
F675I:V711I,-8.903651237487793
F675I:L688S,-6.2508955001831055
F675I:L688M,-5.088382244110107
F675I:K699R,-6.958019256591797
F675I:D678V,-8.378307342529297
F675I:E682D,-4.420757293701172
F675I:E682G,-2.3460705280303955
F675I:E682K,-5.906133651733398
F675I:E682V,-6.364169597625732
F675I:E693G,-1.9368027448654175
F675I:D678N,-4.248286247253418
F675I:E693V,-5.77700138092041
F675I:F690L,-8.30396842956543
F675I:F690Y,-7.885271072387695
F675I:G680E,-7.934231758117676
F675I:G680R,-5.228157043457031
F675I:G680V,-6.999364852905273
F675I:G696A,-6.255556583404541
F675I:D678G,-4.141203880310059
F675I:D678A,-5.546484470367432
F675C:E682V,-6.394218444824219
F675C:E693V,-5.8070502281188965
F675C:I702V,-8.169676780700684
F675C:I703T,-12.864507675170898
F675C:S697P,-9.772188186645508
F675I:D678E,-6.194405555725098
F675I:A692T,-7.801031112670898
F675I:A701E,-12.693931579589844
F675I:A701T,-4.223654747009277
F675I:A701V,-3.325075387954712
F675I:A692E,-10.06088924407959
F675I:G696C,-6.149538040161133
F675I:G696S,-5.335884094238281
F675I:I702V,-8.139627456665039
F675I:I703F,-11.841276168823242
F675I:I703N,-13.25301742553711
F675I:I703T,-12.83445930480957
F675I:I703V,-8.858085632324219
F675I:H685Y,-5.69210147857666
F675I:K687E,-9.337163925170898
F675I:K687I,-8.586846351623535
F675I:K687N,-4.395734786987305
F675I:K687Q,-5.775750160217285
F675I:K687R,-7.209290504455566
F675I:K687T,-4.788364887237549
F675I:K699E,-10.637565612792969
F675I:K699I,-10.883252143859863
F675I:H685R,-6.570350170135498
F675I:H685Q,-6.091080665588379
F675I:H685N,-3.5855770111083984
F675I:G700C,-7.798483848571777
F675I:G700D,-12.783964157104492
F675I:G700S,-10.447784423828125
F675I:G704E,-12.2373685836792
F675I:G704R,-11.308398246765137
F675I:G708C,-7.752494812011719
F675I:G708D,-11.659358978271484
F675I:G708S,-9.670284271240234
F675I:G708V,-11.11174201965332
F675I:G709C,-9.048088073730469
F675I:G709D,-10.364962577819824
F675I:G709S,-9.835728645324707
F675I:H677D,-7.898657321929932
F675I:H677R,-6.882458686828613
F675I:H677Y,-6.677607536315918
F675I:H684N,-4.558770656585693
F675I:H684Q,-6.313243389129639
F675I:H684R,-6.723751544952393
F675I:H684Y,-2.674947738647461
F675I:H685L,-5.889780044555664
F675I:L688F,-3.583671808242798
F675C:E682G,-2.376119375228882
R676L:K687R,-8.96642017364502
R676L:K687E,-11.094293594360352
R676L:I703V,-10.615215301513672
R676L:I703T,-14.591588973999023
R676L:I703N,-15.010147094726562
R676L:I703F,-13.598405838012695
R676L:I702V,-9.896757125854492
R676L:H685Y,-7.449231147766113
R676L:H685R,-8.32748031616211
R676L:H685Q,-7.848210334777832
R676L:H685N,-5.342706680297852
R676G:V710I,-4.9083943367004395
R676L:H685L,-7.646909713745117
R676L:H684Y,-4.432077407836914
R676L:K687I,-10.343976020812988
R676L:H684R,-8.480880737304688
R676L:K687N,-6.152864456176758
R676L:K687T,-6.545494556427002
R676L:N698S,-11.456958770751953
R676L:N698I,-6.10001277923584
R676L:N698D,-14.78258228302002
R676L:M706T,-13.96628475189209
R676L:M706L,-12.949110984802246
R676L:L705P,-13.01962661743164
R676L:L705I,-3.7580947875976562
R676L:L705F,-9.893921852111816
R676L:L688W,-6.3280558586120605
R676L:L688S,-8.008025169372559
R676L:L688M,-6.8455119132995605
R676L:L688F,-5.340801239013672
R676L:K699R,-8.71514892578125
R676L:K699I,-12.640381813049316
R676L:K699E,-12.394695281982422
R676Q:G680V,-7.33033561706543
R676L:H684Q,-8.07037353515625
R676L:H684N,-6.3159003257751465
R676L:F690Y,-9.642400741577148
R676L:F690S,-9.706460952758789
R676L:F690L,-10.061098098754883
R676L:E693V,-7.534131050109863
R676L:E693G,-3.69393253326416
R676L:E682V,-8.121299743652344
R676L:E682K,-7.663263320922852
R676L:E682G,-4.1031999588012695
R676L:E682D,-6.177886962890625
R676L:D678Y,-9.160144805908203
R676L:D678V,-10.13543701171875
R676L:D678N,-6.005415916442871
R676L:D678G,-5.898333549499512
R676L:D678E,-7.951535224914551
R676L:G680V,-8.756494522094727
R676L:H677Y,-8.434737205505371
R676L:H677R,-8.639588356018066
R676L:H677D,-9.655786514282227
R676L:G709S,-11.59285831451416
R676L:G709D,-12.122092247009277
R676L:G709C,-10.805217742919922
R676L:G708V,-12.868871688842773
R676L:G708S,-11.427413940429688
R676L:N698Y,-6.23297119140625
R676L:G708R,-13.131421089172363
R676L:G708C,-9.509624481201172
R676L:G704R,-13.06552791595459
R676L:G704E,-13.994498252868652
R676L:G700S,-12.204914093017578
R676L:G700D,-14.541093826293945
R676L:G700C,-9.55561351776123
R676L:G700A,-12.506719589233398
R676L:G696S,-7.093013763427734
R676L:G696C,-7.906667709350586
R676L:G708D,-13.416488647460938
R676Q:A701V,-3.656046152114868
R676Q:A701T,-4.554625511169434
R676Q:A701S,-10.346755981445312
R676Q:A701G,-6.354925632476807
R676Q:A701E,-13.02490234375
R676Q:A692T,-8.132001876831055
R676Q:A692E,-10.391860008239746
R676P:V707E,-12.625777244567871
R676P:V707A,-10.10815715789795
R676P:S679T,-7.354976654052734
R676P:S679P,-5.6760172843933105
R676P:N698Y,-4.455840110778809
R676P:N698I,-4.322881698608398
R676P:L688S,-6.230894088745117
R676P:L688M,-5.068380832672119
R676P:K699R,-6.938017845153809
R676Q:D678E,-6.525376319885254
R676Q:F690Y,-8.216241836547852
R676Q:F690S,-8.280302047729492
R676Q:F690L,-8.634939193725586
R676Q:E693V,-6.107972145080566
R676Q:E693G,-2.2677736282348633
R676Q:E682V,-6.695140361785889
R676Q:E682K,-6.237104415893555
R676Q:E682G,-2.6770412921905518
R676Q:E682D,-4.751728057861328
R676Q:D678Y,-7.733985900878906
R676Q:D678V,-8.709278106689453
R676Q:D678G,-4.472174644470215
R676P:K687I,-8.566844940185547
R676P:K687E,-9.317163467407227
R676L:V710A,-13.092961311340332
R676L:V707M,-8.229890823364258
R676L:V707E,-14.402908325195312
R676L:V707A,-11.88528823852539
R676L:V689M,-8.392796516418457
R676L:V689E,-9.08916187286377
R676L:V689A,-8.809524536132812
R676L:V683I,-8.283891677856445
R676L:V683G,-7.483588218688965
R676L:V683A,-7.87852144241333
R676L:S697P,-11.499268531799316
R676L:S679T,-9.132107734680176
R676L:S679P,-7.453148365020752
R676L:S679A,-7.307818412780762
R676L:V710I,-6.834606647491455
R676L:V710L,-11.306957244873047
R676L:V711A,-12.983267784118652
R676P:H685R,-6.55034875869751
R676P:H685Q,-6.071079254150391
R676P:H684R,-6.703750133514404
R676P:H684Q,-6.29324197769165
R676P:F690Y,-7.865269660949707
R676P:F690L,-8.283967971801758
R676P:E682V,-6.344168186187744
R676P:E682G,-2.3260691165924072
R676P:E682D,-4.400755882263184
R676P:A701V,-3.3050739765167236
R676L:V711I,-10.660780906677246
R676L:V711D,-16.124954223632812
R676Q:V689G,-6.61598014831543
R676Q:V689M,-6.96663761138916
R676Q:V707A,-10.459129333496094
R676Q:V707E,-12.976749420166016
R676Q:V707M,-6.803731918334961
R676Q:V710I,-5.408447742462158
R676Q:V710L,-9.88079833984375
R676Q:V711A,-11.557108879089355
R676Q:V711D,-14.6987943649292
R676Q:V711I,-9.23462200164795
R676Q:V710A,-11.666802406311035
R676Q:V689A,-7.383366107940674
R676Q:V683I,-6.85773229598999
R676Q:N698D,-13.356423377990723
R676Q:N698I,-4.673853874206543
R676Q:N698S,-10.030799865722656
R676Q:N698Y,-4.806812286376953
R676Q:V683L,-8.510383605957031
R676Q:S679P,-6.026989459991455
R676Q:S679T,-7.705948829650879
R676Q:S697P,-10.07310962677002
R676Q:V683A,-6.452362537384033
R676G:H684R,-6.55466890335083
R676G:K687I,-8.417763710021973
R676G:K699R,-6.788936614990234
R676G:L688S,-6.081812858581543
R676G:H677R,-6.713376045227051
R676G:N698Y,-4.306758880615234
R676G:V689E,-7.162949562072754
R676G:N698D,-12.856369972229004
R676G:G708C,-7.583412170410156
R676G:A692E,-9.891806602478027
R676G:A701T,-4.054572105407715
R676G:A701V,-3.1559927463531494
R676G:G709S,-9.666646003723145
R676G:E682D,-4.251674652099609
R676G:F690L,-8.134885787963867
R676G:G696C,-5.98045539855957
R676G:E682G,-2.176987886428833
R676Q:M706T,-12.540125846862793
R676Q:V689E,-7.663002967834473
R676Q:G700S,-10.778755187988281
R676Q:G704E,-12.568339347839355
R676Q:G704R,-11.639369010925293
R676Q:G704V,-12.413071632385254
R676Q:G708C,-8.083465576171875
R676Q:G708D,-11.99032974243164
R676Q:G700D,-13.114934921264648
R676Q:G708S,-10.00125503540039
R676Q:G709C,-9.379058837890625
R676Q:G709D,-10.69593334197998
R676Q:G709S,-10.166699409484863
R676Q:M706L,-11.52295207977295
R676Q:H677R,-7.2134294509887695
R676Q:G708V,-11.442712783813477
R676Q:H677Y,-7.008578300476074
R676Q:G700C,-8.129454612731934
R676Q:G696S,-5.6668548583984375
R676L:A701V,-5.082204818725586
R676L:A701T,-5.9807844161987305
R676L:A701S,-11.77291488647461
R676L:A701P,-9.206448554992676
R676L:A701G,-7.7810845375061035
R676L:A701E,-14.451061248779297
R676Q:G696V,-5.940149784088135
R676L:A692T,-9.558160781860352
R676G:V711D,-14.19874095916748
R676G:V711A,-11.057055473327637
R676Q:G696C,-6.480508804321289
R676Q:G680E,-8.265202522277832
R676Q:H684Q,-6.644214153289795
R676Q:I703V,-9.189056396484375
R676Q:I703T,-13.165430068969727
R676Q:I703N,-13.583988189697266
R676Q:I703F,-12.172246932983398
R676Q:H685Y,-6.023072242736816
R676Q:H685R,-6.901320934295654
R676Q:H685Q,-6.422051429748535
R676Q:H685P,-4.229740142822266
R676Q:I702V,-8.470598220825195
R676Q:H684N,-4.88974142074585
R676Q:H685L,-6.22075080871582
R676Q:K687I,-8.917817115783691
R676Q:H684R,-7.054722309112549
R676Q:H684Y,-3.005918502807617
R676Q:L705V,-3.8278379440307617
R676Q:L705P,-11.593467712402344
R676Q:L705F,-8.46776294708252
R676Q:K687E,-9.668134689331055
R676Q:L688S,-6.581866264343262
R676Q:L688F,-3.914642572402954
R676Q:K699R,-7.288990020751953
R676Q:K699I,-11.21422290802002
R676Q:K699E,-10.968536376953125
R676Q:K687R,-7.540261268615723
R676Q:K687Q,-6.106720924377441
R676Q:K687N,-4.726705551147461
R676Q:L688M,-5.419353008270264
H677R:K687N,-4.788886070251465
H677R:K687Q,-6.168901443481445
H677R:K687R,-7.602441787719727
H677R:K699I,-11.276403427124023
H677R:K699E,-11.030716896057129
H677R:N698Y,-4.868992805480957
H677R:S679L,-7.554360389709473
H677R:N698S,-10.092981338500977
H677R:S679P,-6.089169979095459
H677R:S697P,-10.135290145874023
H677R:V683A,-6.514543056488037
H677R:V683F,-7.183531284332275
H677R:S679T,-7.768129348754883
H677R:K687T,-5.181516170501709
H677R:N698D,-13.418603897094727
H677R:M706T,-12.602306365966797
H677R:K699R,-7.351170539855957
H677R:L688F,-3.976823091506958
H677R:L688M,-5.481533527374268
H677R:L688S,-6.644046783447266
H677R:L688V,-3.817007541656494
H677R:L688W,-4.964077472686768
H677R:L705I,-2.3941164016723633
H677R:L705P,-11.655648231506348
H677R:L705R,-12.73444652557373
H677R:M706L,-11.585132598876953
H677R:L705F,-8.529943466186523
H677R:N698I,-4.736034393310547
H677R:V683I,-6.919912815093994
H677Y:K687N,-4.5840349197387695
H677Y:K687R,-7.397590637207031
H677Y:K699E,-10.825865745544434
H677Y:K699I,-11.071552276611328
H677Y:K699R,-7.146319389343262
H677Y:L688F,-3.7719719409942627
H677Y:L688M,-5.276682376861572
H677Y:L688S,-6.43919563293457
H677Y:L705F,-8.325092315673828
H677Y:L705P,-11.450797080993652
H677Y:M706L,-11.380281448364258
H677Y:K687I,-8.775146484375
H677Y:M706T,-12.397455215454102
H677Y:K687E,-9.52546501159668
H677Y:H685L,-6.078080177307129
H677Y:H685N,-3.7738771438598633
H677Y:H685Q,-6.279380798339844
H677Y:H685R,-6.758650302886963
H677Y:I702V,-8.32792854309082
H677Y:I703F,-12.029576301574707
H677Y:I703N,-13.441317558288574
H677Y:I703T,-13.022759437561035
H677Y:I703V,-9.046385765075684
H677Y:N698D,-13.213752746582031
H677Y:N698I,-4.531183242797852
H677Y:V707A,-10.316458702087402
H677Y:V707E,-12.834078788757324
H677Y:V707M,-6.6610612869262695
H677Y:V710A,-11.524131774902344
H677Y:V710I,-5.265777111053467
H677Y:V711A,-11.414438247680664
H677Y:V711D,-14.556123733520508
H677Y:V711I,-9.091951370239258
H677Y:V711L,-11.32968521118164
H677Y:V689M,-6.823966979980469
H677Y:V689G,-6.473309516906738
H677Y:N698S,-9.888130187988281
H677Y:N698Y,-4.664141654968262
H677Y:S679P,-5.884318828582764
H677Y:S679T,-7.5632781982421875
H677Y:H684Y,-2.863247871398926
H677Y:V683A,-6.309691905975342
H677Y:V683F,-6.97868013381958
H677Y:V683I,-6.715061664581299
H677Y:V689A,-7.240695476531982
H677Y:V689E,-7.520332336425781
H677Y:S697P,-9.930438995361328
H677R:K687I,-8.979997634887695
H677Y:H684R,-6.912051677703857
H677Y:A692E,-10.249189376831055
H677Y:A692T,-7.989331245422363
H677Y:A701S,-10.204086303710938
H677Y:A701T,-4.411954879760742
H677Y:A701V,-3.5133755207061768
H677R:V711I,-9.296802520751953
H677R:V711A,-11.61928939819336
H677R:V689A,-7.445546627044678
H677R:V689E,-7.725183486938477
H677R:V689G,-6.678160667419434
H677R:V689M,-7.028818130493164
H677R:V707A,-10.521309852600098
H677R:V707E,-13.03892993927002
H677R:V707L,-3.123724937438965
H677R:V707M,-6.865912437438965
H677R:V710A,-11.728982925415039
H677R:V710I,-5.470628261566162
H677R:V711D,-14.760974884033203
H677Y:D678G,-4.329504013061523
H677Y:D678N,-4.436586380004883
H677Y:G680V,-7.187664985656738
H677Y:G696C,-6.337838172912598
H677Y:G696S,-5.524184226989746
H677Y:G700C,-7.986783981323242
H677Y:G700D,-12.972264289855957
H677Y:G700S,-10.63608455657959
H677Y:G704E,-12.425668716430664
H677Y:G708C,-7.940794944763184
H677Y:G708D,-11.84765911102295
H677Y:G708S,-9.8585844039917
H677Y:G708V,-11.300042152404785
H677Y:G709C,-9.236388206481934
H677Y:G709S,-10.024028778076172
H677Y:G680R,-5.416457176208496
H677Y:G680E,-8.12253189086914
H677Y:D678V,-8.566607475280762
H677Y:E682D,-4.609057426452637
H677Y:E682G,-2.5343706607818604
H677Y:E682V,-6.552469730377197
H677Y:H684Q,-6.5015435218811035
H677Y:E693V,-5.965301513671875
H677Y:F690L,-8.492269515991211
H677Y:F690S,-8.137632369995117
H677Y:F690Y,-8.07357120513916
H677Y:E693G,-2.125102996826172
H677R:K687E,-9.730316162109375
H677N:A701T,-4.028687000274658
H677N:S679P,-5.50105094909668
H677N:V683A,-5.926424026489258
H677N:V689A,-6.857427597045898
H677N:V689E,-7.137064456939697
H677N:V689M,-6.440699100494385
H677N:V707A,-9.933191299438477
H677N:V707E,-12.450811386108398
H677N:V707M,-6.277792930603027
H677N:V711I,-8.708683013916016
H677P:E682D,-4.498085021972656
H677P:H685Q,-6.168408393859863
H677P:H684R,-6.801079273223877
H677P:G709S,-9.913056373596191
H677P:G709D,-10.442290306091309
H677P:G709C,-9.125415802001953
H677P:G700C,-7.875811576843262
H677P:G696C,-6.226865768432617
H677P:F690Y,-7.96259880065918
H677P:E682V,-6.441497325897217
H677P:E682G,-2.42339825630188
H677N:N698D,-12.830484390258789
H677N:D678G,-3.9462361335754395
H677N:D678V,-8.183340072631836
H677N:E682D,-4.225789546966553
H677N:E682V,-6.169201850891113
H677N:E693V,-5.582033634185791
H677N:F690L,-8.109001159667969
H677N:F690Y,-7.690303325653076
H677N:G709C,-8.853120803833008
H677N:G709D,-10.169994354248047
H677N:G709S,-9.64076042175293
H677N:H684Q,-6.1182756423950195
H677N:H685L,-5.694812297821045
H677N:L688M,-4.893414497375488
H677N:K699R,-6.763051986694336
H677N:K699I,-10.688283920288086
H677N:K687R,-7.014322757720947
H677N:K687E,-9.142196655273438
H677N:I703T,-12.63949203491211
H677N:I702V,-7.944660186767578
H677N:H685R,-6.375382423400879
H677N:K687I,-8.391878128051758
H677D:S697P,-11.1514892578125
H677D:V710I,-6.4868268966674805
H677D:V711D,-15.77717399597168
H677D:D678G,-5.550553798675537
H677D:E682D,-5.83010721206665
H677D:E682G,-3.755420446395874
H677D:E682V,-7.773519515991211
H677D:E693G,-3.3461527824401855
H677D:E693V,-7.186351299285889
H677D:F690L,-9.713318824768066
H677D:F690Y,-9.294620513916016
H677D:G696S,-6.74523401260376
H677D:G704R,-12.717748641967773
H677D:G708S,-11.079633712768555
H677D:L705F,-9.546142578125
H677D:L688S,-7.660245418548584
H677D:L688M,-6.497732162475586
H677D:K699R,-8.367369651794434
H677D:K699I,-12.2926025390625
H677D:N698I,-5.752233028411865
H677D:K687R,-8.618640899658203
H677D:I702V,-9.548977851867676
H677D:H685Q,-7.500430583953857
H677D:H685L,-7.299129962921143
H677D:G709S,-11.245079040527344
H677D:K687E,-10.746514320373535
H677P:H685R,-6.647677898406982
H677P:K687I,-8.66417407989502
H677P:K699E,-10.714893341064453
H677R:A692E,-10.45404052734375
H677R:A692G,-6.757694244384766
H677R:A692T,-8.194182395935059
H677R:D678Y,-7.79616641998291
H677R:D678V,-8.771458625793457
H677R:D678N,-4.641437530517578
H677R:D678G,-4.534355163574219
H677R:D678E,-6.587556838989258
H677R:A701V,-3.718226671218872
H677R:A701T,-4.6168060302734375
H677R:A701S,-10.408937454223633
H677R:A701E,-13.087082862854004
H677R:G704V,-12.475252151489258
H677R:G708C,-8.145646095275879
H677R:G708D,-12.052510261535645
H677R:G708S,-10.063435554504395
H677R:G708V,-11.50489330291748
H677R:G709C,-9.441239356994629
H677R:G709D,-10.758113861083984
H677R:G709R,-12.869588851928711
H677R:G709S,-10.228879928588867
H677R:H684N,-4.9519219398498535
H677R:H684Q,-6.706394672393799
H677R:H684R,-7.116902828216553
H677R:H684Y,-3.068099021911621
H677R:H685L,-6.282931327819824
H677R:H685N,-3.9787282943725586
H677R:H685P,-4.2919206619262695
H677R:I703V,-9.251236915588379
H677R:I703T,-13.22761058807373
H677R:I703N,-13.64616870880127
H677R:G704R,-11.701549530029297
H677R:I703F,-12.234427452087402
H677R:H685Y,-6.08525276184082
H677R:H685R,-6.963501453399658
H677R:H685Q,-6.484231948852539
H677R:I702V,-8.532779693603516
H677R:G704E,-12.63051986694336
H677R:G700S,-10.840935707092285
H677R:E682A,-6.112561225891113
H677R:E682D,-4.813908576965332
H677R:E682G,-2.7392218112945557
H677R:E682K,-6.299284934997559
H677R:E682V,-6.757320880889893
H677R:E693G,-2.329954147338867
H677R:E693V,-6.17015266418457
H677R:F690L,-8.697120666503906
H677R:F690S,-8.342483520507812
H677R:F690Y,-8.278422355651855
H677R:G700D,-13.177115440368652
H677R:G700C,-8.191635131835938
H677R:G700A,-11.142740249633789
H677R:G696V,-6.002330303192139
H677R:G696S,-5.729035377502441
H677R:G696R,-6.4789557456970215
H677R:G680V,-7.392516136169434
H677R:G680R,-5.621308326721191
H677R:G680E,-8.327383041381836
H677R:G696C,-6.542689323425293
H677P:K699I,-10.960579872131348
H677P:L688M,-5.165709972381592
H677P:L705I,-2.0782928466796875
H677P:N698D,-13.10278034210205
H677P:N698S,-9.777156829833984
H677P:V689E,-7.409359931945801
H677P:V689M,-6.712994575500488
H677P:V707M,-6.550088882446289
H677P:V711D,-14.445151329040527
H677N:H685Q,-5.89611291885376
D678A:E693G,-0.993979811668396
D678E:G700D,-12.489062309265137
D678E:G704E,-11.942466735839844
D678E:G708C,-7.457592964172363
D678E:G708D,-11.364457130432129
D678E:G709A,-11.360998153686523
D678E:G709C,-8.753186225891113
D678E:G709D,-10.070060729980469
D678E:G709S,-9.540826797485352
D678E:H684Q,-6.018341541290283
D678E:G700C,-7.503582000732422
D678E:H684R,-6.428849697113037
D678E:H685Q,-5.796178817749023
D678E:H685R,-6.275448322296143
D678E:I702V,-7.844726085662842
D678E:I703T,-12.539557456970215
D678E:H685L,-5.594878196716309
D678E:G696C,-5.854636192321777
D678E:A701T,-3.928752899169922
D678E:A701V,-3.0301735401153564
D678E:E682D,-4.125855445861816
D678E:E682G,-2.05116868019104
D678E:E682K,-5.611231803894043
D678E:E682V,-6.069267749786377
D678E:E693G,-1.641900897026062
D678E:E693V,-5.482099533081055
D678E:F690L,-8.00906753540039
D678E:F690S,-7.654429912567139
D678E:F690Y,-7.59036922454834
D678E:K687E,-9.04226303100586
D678E:K687I,-8.29194450378418
D678E:K687R,-6.914388656616211
D678E:V707A,-9.833256721496582
D678E:V707E,-12.350876808166504
D678E:V710A,-11.040929794311523
D678E:V711A,-10.931236267089844
D678E:V711D,-14.072921752929688
D678E:V711I,-8.608749389648438
D678G:A692T,-5.452927589416504
D678G:A701S,-7.66768217086792
D678G:A701T,-1.8755513429641724
D678G:A701V,-0.9769718647003174
D678E:V689M,-6.340764999389648
D678E:V689E,-7.037130355834961
D678E:V689A,-6.757493495941162
D678E:K699E,-10.342663764953613
D678E:K699I,-10.588350296020508
D678E:K699R,-6.663117408752441
D678E:L688F,-3.2887699604034424
D678E:L688M,-4.793480396270752
D678E:L688S,-5.95599365234375
D678E:M706L,-10.897079467773438
D678E:N698D,-12.730550765991211
D678E:N698I,-4.047981262207031
D678E:N698Y,-4.180939674377441
D678E:S679P,-5.401116847991943
D678E:S697P,-9.447237014770508
D678E:V683I,-6.2318596839904785
D678E:K687N,-4.100832939147949
D678E:A692T,-7.506129264831543
D678V:G696C,-8.038537979125977
D678V:G680V,-8.888364791870117
D678V:G680R,-7.117156982421875
D678V:F690Y,-9.774271011352539
D678V:F690S,-9.83833122253418
D678V:G696S,-7.224884033203125
D678V:F690L,-10.192968368530273
D678V:E693V,-7.666001319885254
D678V:E693G,-3.825802803039551
D678V:E682V,-8.253170013427734
D678V:E682K,-7.795133590698242
D678V:E682G,-4.23507022857666
D678V:E682D,-6.309757232666016
D678V:G696V,-7.498178958892822
D678V:G700C,-9.687483787536621
D678V:G700D,-14.672964096069336
D678V:I703F,-13.730276107788086
D678V:I702V,-10.028627395629883
D678V:H685Y,-7.581101417541504
D678V:H685R,-8.4593505859375
D678V:H685Q,-7.980080604553223
D678V:H685L,-7.778779983520508
D678V:H684Y,-4.563947677612305
D678V:H684R,-8.612751007080078
D678V:H684Q,-8.20224380493164
D678V:H684N,-6.447770595550537
D678V:G709S,-11.72472858428955
D678V:G709D,-12.253962516784668
D678V:G709C,-10.937088012695312
D678V:G708S,-11.559284210205078
D678V:G708D,-13.548358917236328
D678V:G708C,-9.641494750976562
D678V:G704R,-13.19739818572998
D678V:G704E,-14.126368522644043
D678V:G700S,-12.336784362792969
D678A:H684Q,-5.370420455932617
D678A:H685L,-4.946957111358643
D678A:H685Q,-5.148257732391357
D678A:I703F,-10.898452758789062
D678A:I703T,-11.89163589477539
D678A:K699E,-9.694742202758789
D678A:K699R,-6.015196800231934
D678A:L688M,-4.145559310913086
D678A:N698D,-12.082630157470703
D678A:V683A,-5.1785688400268555
D678A:V689E,-6.389209270477295
D678A:V707A,-9.185335159301758
D678A:V707M,-5.529937744140625
D678A:V711D,-13.42500114440918
D678A:V711I,-7.9608283042907715
D678A:G709C,-8.105264663696289
D678A:G708C,-6.809671878814697
D678V:A701V,-5.214075088500977
D678V:A701T,-6.112654685974121
D678V:A701S,-11.90478515625
D678V:A701E,-14.582931518554688
D678V:A692T,-9.690031051635742
D678V:A692G,-8.25354290008545
D678V:A692E,-11.949889183044434
D678N:V711D,-12.126802444458008
D678N:V710I,-2.836455821990967
D678N:V707A,-7.887137413024902
D678N:V710A,-9.094810485839844
D678N:V707M,-4.2317399978637695
D678A:G696R,-5.14298152923584
D678V:I703N,-15.142017364501953
D678G:E682D,-2.0726537704467773
D678G:E682K,-3.558030128479004
D678N:G696C,-3.9085168838500977
D678N:G696R,-3.844783306121826
D678N:G700C,-5.557462692260742
D678N:G708C,-5.511473655700684
D678N:G708D,-9.41833782196045
D678N:F690Y,-5.64424991607666
D678N:G708S,-7.429263114929199
D678N:G709C,-6.807066917419434
D678N:G709D,-8.123941421508789
D678N:G709S,-7.594707489013672
D678N:H684N,-2.317749500274658
D678N:H684P,-2.4044647216796875
D678N:H684Q,-4.0722222328186035
D678N:H684R,-4.482730388641357
D678N:H684Y,-0.4339265823364258
D678N:H685L,-3.648758888244629
D678N:G708V,-8.870720863342285
D678N:F690L,-6.062947750091553
D678H:A692E,-8.839967727661133
D678H:G709C,-7.8271660804748535
D678H:K687E,-8.116242408752441
D678H:S697P,-8.521217346191406
D678H:V683I,-5.305839538574219
D678N:A701T,-1.9826337099075317
D678N:A701V,-1.0840542316436768
D678N:E682D,-2.1797361373901367
D678N:E682G,-0.10504937171936035
D678N:E682V,-4.123148441314697
D678N:E693G,0.3042184114456177
D678N:E693V,-3.535980224609375
D678N:H685Q,-3.8500595092773438
D678N:H685Y,-3.451080322265625
D678N:M706L,-8.950960159301758
D678N:M706T,-9.968133926391602
D678N:N698D,-10.784431457519531
D678N:N698I,-2.1018619537353516
D678N:N698S,-7.458808422088623
D678N:N698Y,-2.2348203659057617
D678N:S679T,-5.1339569091796875
D678N:S697P,-7.501117706298828
D678N:V683A,-3.880370616912842
D678N:V689A,-4.811374187469482
D678N:V689E,-5.091011047363281
D678N:V689M,-4.394645690917969
D678N:L705P,-9.021475791931152
D678N:L705I,0.24005603790283203
D678N:I702V,-5.898606777191162
D678N:I703F,-9.600255012512207
D678N:I703N,-11.011996269226074
D678N:I703T,-10.593438148498535
D678N:I703V,-6.617064476013184
D678N:K687E,-7.0961432456970215
D678N:K687N,-2.1547136306762695
D678N:K687R,-4.968269348144531
D678N:K699E,-8.396544456481934
D678N:K699I,-8.642230987548828
D678N:K699R,-4.716998100280762
D678N:L688F,-1.3426506519317627
D678N:L688M,-2.8473610877990723
D678N:L688S,-4.00987434387207
D678N:L705F,-5.895771026611328
D678G:V711I,-6.555547714233398
D678G:G709C,-6.699984550476074
D678G:G709D,-8.01685905456543
D678G:G709S,-7.4876251220703125
D678G:H684Q,-3.965139865875244
D678G:H684R,-4.375648021697998
D678G:H684Y,-0.3268442153930664
D678G:H685L,-3.5416765213012695
D678G:H685N,-1.237473487854004
D678G:H685Q,-3.7429771423339844
D678G:G708V,-8.763638496398926
D678G:H685R,-4.2222466468811035
D678G:I702V,-5.791524410247803
D678G:I703F,-9.493172645568848
D678G:I703T,-10.486355781555176
D678G:I703V,-6.509982109069824
D678G:H685Y,-3.3439979553222656
D678G:G708S,-7.32218074798584
D678G:G708D,-9.31125545501709
D678G:G708C,-5.404391288757324
D678G:E682V,-4.016066074371338
D678G:E693G,0.41130077838897705
D678G:E693Q,-0.5691616535186768
D678G:E693V,-3.4288978576660156
D678G:F690L,-5.955865383148193
D678G:F690S,-5.6012282371521
D678G:F690Y,-5.537167549133301
D678G:G680E,-5.586128234863281
D678G:G680R,-2.880053758621216
D678G:G696C,-3.8014345169067383
D678G:G700C,-5.450380325317383
D678G:G700D,-10.435860633850098
D678G:G704E,-9.889265060424805
D678G:G704R,-8.960294723510742
D678G:K687E,-6.989060878753662
D678G:K687I,-6.238742828369141
D678G:S679P,-3.3479151725769043
D678G:S679T,-5.026874542236328
D678G:S697P,-7.394035339355469
D678G:V683A,-3.7732882499694824
D678G:V689A,-4.704291820526123
D678G:V689E,-4.983928680419922
D678G:V689G,-3.936906099319458
D678G:V689M,-4.287563323974609
D678G:V707A,-7.780055046081543
D678G:V707E,-10.297675132751465
D678G:V707M,-4.12465763092041
D678G:V710A,-8.987728118896484
D678G:V710I,-2.7293734550476074
D678G:V711A,-8.878034591674805
D678G:V711D,-12.019720077514648
D678G:S679L,-4.813105583190918
D678G:E682G,0.0020329952239990234
D678G:K687N,-2.04763126373291
D678G:K687R,-4.861186981201172
D678G:K687T,-2.4402613639831543
D678G:K699E,-8.289462089538574
D678G:K699I,-8.535148620605469
D678G:K699R,-4.609915733337402
D678G:L688F,-1.2355682849884033
D678G:L688M,-2.740278720855713
D678G:L688S,-3.902791976928711
D678G:L688V,-1.0757527351379395
D678G:L705F,-5.788688659667969
D678G:L705P,-8.914393424987793
D678G:M706L,-8.843877792358398
D678G:N698D,-10.677349090576172
D678G:N698I,-1.9947795867919922
D678G:N698S,-7.351726055145264
D678G:N698Y,-2.1277379989624023
D678V:I703T,-14.723459243774414
D678N:V707E,-10.404757499694824
D678Y:M706L,-12.10568904876709
D678Y:L688S,-7.164603233337402
D678Y:L688M,-6.002089977264404
D678Y:L688F,-4.497379302978516
D678Y:K699R,-7.871726989746094
D678Y:K699I,-11.79695987701416
D678Y:K699E,-11.551273345947266
D678Y:K687N,-5.309442520141602
D678Y:K687I,-9.500554084777832
D678Y:K687E,-10.250871658325195
D678Y:M706T,-13.122862815856934
D678Y:N698I,-5.256590843200684
D678Y:V707A,-11.041866302490234
D678Y:V689M,-7.549374580383301
D678Y:V689E,-8.245739936828613
D678Y:V683A,-7.035099506378174
D678Y:S697P,-10.65584659576416
D678Y:S679P,-6.609726428985596
D678Y:N698Y,-5.389549255371094
D678Y:N698D,-13.939160346984863
D678Y:V707E,-13.559486389160156
D678Y:I703V,-9.771793365478516
D678Y:I703F,-12.754983901977539
D678Y:F690Y,-8.798978805541992
D678Y:F690L,-9.217676162719727
D678Y:E682V,-7.277877330780029
D678Y:E682D,-5.334465026855469
D678Y:A701V,-4.23878288269043
D678V:I703V,-10.747085571289062
D678Y:I703T,-13.748167037963867
D678Y:G696C,-7.06324577331543
D678Y:I702V,-9.053335189819336
D678Y:H685R,-7.484057903289795
D678Y:H685L,-6.803487777709961
D678Y:H684R,-7.6374592781066895
D678Y:H684Q,-7.2269511222839355
D678Y:G709S,-10.749436378479004
D678Y:G709C,-9.961795806884766
D678Y:G708S,-10.583992004394531
D678Y:G708D,-12.573066711425781
D678Y:G708C,-8.666202545166016
D678Y:G700C,-8.712191581726074
D678Y:V707M,-7.386468887329102
D678Y:E682G,-3.2597782611846924
D678V:L705P,-13.151496887207031
D678V:L705R,-14.230295181274414
D678V:M706L,-13.080981254577637
D678V:M706T,-14.09815502166748
D678V:N698D,-14.91445255279541
D678V:N698I,-6.2318830490112305
D678V:N698S,-11.588829040527344
D678V:N698Y,-6.364841461181641
D678V:L705F,-10.025792121887207
D678V:L688S,-8.13989543914795
D678V:L688F,-5.4726715087890625
D678Y:V710A,-12.249539375305176
D678V:K687I,-10.475846290588379
D678V:K687N,-6.284734725952148
D678V:K687R,-9.09829044342041
D678V:K687T,-6.677364826202393
D678V:K699E,-12.526565551757812
D678V:K699I,-12.772252082824707
D678V:K699R,-8.84701919555664
D678V:K699T,-11.136072158813477
D678V:L688M,-6.977382183074951
D678V:S679L,-9.050209045410156
D678V:K687E,-11.226163864135742
D678V:S679T,-9.263978004455566
D678V:V710I,-6.966476917266846
D678V:V711A,-13.115138053894043
D678V:V711D,-16.256824493408203
D678V:V711I,-10.792651176452637
D678V:V710A,-13.224831581115723
D678Y:A692T,-8.714738845825195
D678V:S679P,-7.585018634796143
D678Y:V711D,-15.28153133392334
D678V:V707M,-8.361761093139648
D678V:V707E,-14.534778594970703
D678V:S697P,-11.631138801574707
D678V:V707L,-4.619573593139648
D678V:V683A,-8.010391235351562
D678V:V683I,-8.415761947631836
D678V:V683L,-10.068412780761719
D678Y:V711A,-12.139845848083496
D678V:V689A,-8.941394805908203
D678V:V689M,-8.524666786193848
D678V:V689E,-9.22103214263916
D678V:V707A,-12.017158508300781
S679L:V707E,-13.317680358886719
S679L:V711A,-11.898039817810059
S679L:V711D,-15.039725303649902
S679L:V689M,-7.307568550109863
S679L:V689E,-8.003933906555176
S679L:V689A,-7.724297523498535
S679L:V683I,-7.198663711547852
S679L:S697P,-10.414040565490723
S679L:L688S,-6.922797203063965
S679L:M706L,-11.863883018493652
S679L:M706T,-12.881056785583496
S679L:N698D,-13.697354316711426
S679L:N698I,-5.014784812927246
S679L:N698Y,-5.147743225097656
S679L:L688M,-5.760284423828125
S679L:V683A,-6.7932939529418945
S679L:N698S,-10.371731758117676
S679P:E682D,-3.6274685859680176
S679P:G696A,-5.462267875671387
S679L:K699R,-7.6299214363098145
S679P:G680E,-7.1409430503845215
S679P:F690Y,-7.091982364654541
S679P:F690S,-7.15604305267334
S679P:F690L,-7.510680198669434
S679P:E693V,-4.983712673187256
S679P:E693G,-1.1435140371322632
S679P:E682K,-5.112844944000244
S679P:E682G,-1.5527818202972412
S679P:A701V,-2.5317866802215576
S679P:A701T,-3.430366039276123
S679P:A692T,-7.007742404937744
S679P:E682V,-5.570880889892578
S679L:K699E,-11.309467315673828
S679L:A701V,-3.9969773292541504
S679L:A701T,-4.895556926727295
S679L:A692T,-8.472932815551758
S679A:V711D,-13.429204940795898
S679A:V689M,-5.697048187255859
S679A:V689E,-6.393413543701172
S679A:N698D,-12.086833953857422
S679A:K699R,-6.0194010734558105
S679A:K687R,-6.270671844482422
S679A:H685Q,-5.152462005615234
S679A:H685L,-4.9511613845825195
S679A:G709C,-8.109469413757324
S679A:G708D,-10.72074031829834
S679A:G680R,-4.289538860321045
S679A:E682D,-3.4821386337280273
S679P:G696C,-5.3562493324279785
S679L:K699I,-11.555153846740723
S679L:E682G,-3.017972469329834
S679L:K687N,-5.067636489868164
S679L:K687I,-9.258748054504395
S679L:K687E,-10.009066581726074
S679L:I702V,-8.811530113220215
S679L:H685R,-7.242252349853516
S679L:H685Q,-6.762982368469238
S679L:H685L,-6.561681747436523
S679L:H684R,-7.39565372467041
S679L:H684Q,-6.985145568847656
S679L:E682D,-5.092658996582031
S679L:G709D,-11.036864280700684
S679L:G708V,-11.78364372253418
S679L:G708C,-8.424396514892578
S679L:G704R,-11.980299949645996
S679L:G700D,-13.455865859985352
S679L:G700C,-8.470385551452637
S679L:G696C,-6.821439743041992
S679L:G680R,-5.900059223175049
S679L:F690L,-8.975871086120605
S679L:E693G,-2.6087045669555664
S679L:G709C,-9.719989776611328
S679P:G696S,-4.542595386505127
S679T:H684Y,-3.5606184005737305
S679T:H685L,-6.775450706481934
S679T:H685N,-4.471247673034668
S679T:H685Q,-6.976751327514648
S679T:H685R,-7.456020832061768
S679T:H685Y,-6.57777214050293
S679T:I702V,-9.025299072265625
S679T:I703F,-12.726946830749512
S679T:I703N,-14.138688087463379
S679T:I703T,-13.72012996673584
S679T:I703V,-9.743756294250488
S679T:K687E,-10.222835540771484
S679T:K687I,-9.472517013549805
S679T:K687N,-5.281405448913574
S679T:K687R,-8.094961166381836
S679T:H684R,-7.609422206878662
S679T:K699E,-11.523236274719238
S679T:H684Q,-7.198914051055908
S679T:F690L,-9.189640045166016
S679T:F690Y,-8.770941734313965
S679T:G680R,-6.113827705383301
S679T:G696A,-7.1412272453308105
S679T:G696C,-7.035208702087402
S679T:G696S,-6.221554756164551
S679T:G700C,-8.684154510498047
S679T:G700D,-13.669634819030762
S679T:G704E,-13.123039245605469
S679T:G704R,-12.194068908691406
S679T:G708C,-8.638165473937988
S679T:G708D,-12.545029640197754
S679T:G708S,-10.555954933166504
S679T:G708V,-11.99741268157959
S679T:G709C,-9.933758735656738
S679T:G709D,-11.250633239746094
S679T:G709S,-10.721399307250977
S679T:H684N,-5.444441318511963
S679T:E693V,-6.66267204284668
S679T:K699I,-11.768922805786133
S679T:K699R,-7.843689918518066
S679T:V683I,-7.4124321937561035
S679T:V689A,-7.938066005706787
S679T:V689E,-8.217702865600586
S679T:V689M,-7.521337509155273
S679T:V707A,-11.013829231262207
S679T:V707E,-13.531449317932129
S679T:V707M,-7.358431816101074
S679T:V710A,-12.221502304077148
S679T:V710I,-5.9631476402282715
S679T:V711A,-12.111808776855469
S679T:V711D,-15.253494262695312
S679T:V711I,-9.789321899414062
S679P:G696R,-5.292515754699707
S679T:V683G,-6.612129211425781
S679T:L688F,-4.469342231750488
S679T:L688M,-5.974052906036377
S679T:L688S,-7.136566162109375
S679T:L705F,-9.022462844848633
S679T:L705I,-2.8866357803344727
S679T:L705P,-12.148167610168457
S679T:M706L,-12.077651977539062
S679T:M706T,-13.094825744628906
S679T:N698D,-13.911123275756836
S679T:N698I,-5.228553771972656
S679T:N698S,-10.585500717163086
S679T:N698Y,-5.361512184143066
S679T:S697P,-10.627809524536133
S679T:V683A,-7.0070624351501465
S679T:E693G,-2.8224735260009766
S679T:E682V,-7.249840259552002
S679P:K687E,-8.543875694274902
S679P:K687I,-7.793557643890381
S679P:K687N,-3.6024460792541504
S679P:K687R,-6.416001796722412
S679P:K699E,-9.844276428222656
S679P:K699I,-10.089963912963867
S679P:K699R,-6.164731025695801
S679P:L688F,-2.7903831005096436
S679P:L688M,-4.295093536376953
S679P:L688S,-5.457606792449951
S679P:L705F,-7.343503475189209
S679P:L705P,-10.469207763671875
S679P:M706L,-10.398693084716797
S679P:M706T,-11.41586685180664
S679P:I703V,-8.064796447753906
S679P:I703T,-12.041170120239258
S679P:I703F,-11.04798698425293
S679P:G700C,-7.005195140838623
S679P:G700D,-11.99067497253418
S679P:G704R,-10.51511001586914
S679P:G708C,-6.9592061042785645
S679P:G708D,-10.866069793701172
S679P:G708S,-8.876995086669922
S679P:G708V,-10.318452835083008
S679P:G709C,-8.254798889160156
S679P:G709D,-9.571674346923828
S679P:G709S,-9.042440414428711
S679P:H684N,-3.765481948852539
S679P:H684Q,-5.519954681396484
S679P:H684R,-5.930462837219238
S679P:H684Y,-1.8816590309143066
S679P:H685L,-5.09649133682251
S679P:H685Q,-5.297791957855225
S679P:H685R,-5.777061462402344
S679P:H685Y,-4.898812770843506
S679P:I702V,-7.346339225769043
S679P:I703N,-12.459728240966797
S679P:N698D,-12.23216438293457
S679P:N698S,-8.906540870666504
S679T:A692E,-10.94655990600586
S679T:A692T,-8.686701774597168
S679T:A701E,-13.579602241516113
S679T:A701G,-6.90962553024292
S679T:A701P,-8.334989547729492
S679T:A701T,-5.109325408935547
S679T:E682D,-5.306427955627441
S679P:N698I,-3.5495944023132324
S679T:E682G,-3.231741189956665
S679P:V711I,-8.110363006591797
S679T:A701V,-4.210745811462402
S679P:V711A,-10.432849884033203
S679P:V711D,-13.574535369873047
S679P:N698Y,-3.6825528144836426
S679P:V683A,-5.328103065490723
S679P:V683I,-5.73347282409668
S679P:V689A,-6.259106636047363
S679P:V689E,-6.538743495941162
S679P:S697P,-8.948850631713867
S679P:V707A,-9.334869384765625
S679P:V707E,-11.852489471435547
S679P:V707L,-1.9372849464416504
S679P:V707M,-5.679471969604492
S679P:V710A,-10.542543411254883
S679P:V689M,-5.84237813949585
S679P:V710I,-4.284188270568848
G680E:N698D,-14.470376968383789
G680E:N698I,-5.787807464599609
G680E:N698S,-11.144754409790039
G680E:N698Y,-5.9207658767700195
G680E:S697P,-11.187063217163086
G680E:V683A,-7.5663161277771
G680E:V683I,-7.971685886383057
G680E:V689A,-8.497320175170898
G680E:K699R,-8.40294361114502
G680E:L705P,-12.70742130279541
G680E:L705I,-3.445889472961426
G680E:L688V,-4.868780612945557
G680E:L688S,-7.695819854736328
G680E:L688M,-6.53330659866333
G680E:L688F,-5.028595924377441
G680E:K699I,-12.328176498413086
G680E:K699E,-12.082489967346191
G680E:K687R,-8.654214859008789
G680E:K687Q,-7.220674514770508
G680E:M706L,-12.636905670166016
G680E:V689E,-8.776956558227539
G680E:K687I,-10.031770706176758
G680R:G700D,-11.52281379699707
G680R:G696S,-4.074733734130859
G680R:F690S,-6.6881818771362305
G680R:F690L,-7.042819023132324
G680R:E693V,-4.515851020812988
G680R:E693G,-0.6756526231765747
G680R:E682V,-5.103019714355469
G680R:E682G,-1.0849204063415527
G680R:E682D,-3.15960693359375
G680E:V707A,-11.57308292388916
G680E:V707E,-14.090703010559082
G680E:V711A,-12.671062469482422
G680E:V711D,-15.812747955322266
G680R:A692T,-6.539880752563477
G680R:A701T,-2.9625048637390137
G680R:A701V,-2.063925266265869
G680E:K687E,-10.782089233398438
G680A:V683A,-6.821962356567383
G680E:E682G,-3.790994882583618
G680E:E682D,-5.8656816482543945
G680E:A701V,-4.7699995040893555
G680E:A701T,-5.6685791015625
G680E:A692E,-11.505813598632812
G680A:V711A,-11.926709175109863
G680R:G704R,-10.047247886657715
G680A:N698D,-13.72602367401123
G680A:K699R,-7.658590316772461
G680A:G708C,-8.453065872192383
G680A:G709C,-9.748659133911133
G680E:E682V,-7.809093952178955
G680A:G709S,-10.536299705505371
G680A:K687I,-9.2874174118042
G680A:K687N,-5.096305847167969
G680A:K699E,-11.338136672973633
G680A:K699I,-11.583823204040527
G680A:I703F,-12.541847229003906
G680E:E693V,-7.221925735473633
G680E:I703T,-14.279383659362793
G680E:I703N,-14.697941780090332
G680E:I702V,-9.584552764892578
G680E:H685R,-8.015274047851562
G680E:H685Q,-7.536005020141602
G680E:H685N,-5.030501365661621
G680E:H685L,-7.334704399108887
G680E:H684Y,-4.119872093200684
G680E:H684R,-8.168676376342773
G680E:H684Q,-7.758167743682861
G680E:G709S,-11.28065299987793
G680E:G709D,-11.809886932373047
G680E:F690L,-9.748893737792969
G680E:F690Y,-9.330195426940918
G680E:E693G,-3.3817272186279297
G680E:G696C,-7.5944623947143555
G680E:G700S,-11.892708778381348
G680E:G704E,-13.682292938232422
G680E:G704R,-12.75332260131836
G680E:G708C,-9.197419166564941
G680E:G708S,-11.115208625793457
G680E:G709C,-10.493012428283691
G680E:G700C,-9.243408203125
G680R:G708C,-6.491344451904297
G680R:G708V,-9.850591659545898
G680V:K699E,-11.147623062133789
G680V:K687R,-7.719347953796387
G680V:K687N,-4.905792236328125
G680V:K687I,-9.096903800964355
G680V:K687E,-9.847222328186035
G680V:I703T,-13.34451675415039
G680V:I702V,-8.649685859680176
G680V:K699I,-11.393309593200684
G680V:H685R,-7.080408096313477
G680V:H685L,-6.399837493896484
G680V:H684R,-7.233809471130371
G680V:H684Q,-6.823301315307617
G680V:G709S,-10.345786094665527
G680V:G709D,-10.875020027160645
G680V:G709C,-9.558145523071289
G680V:G708S,-10.180341720581055
G680V:G708D,-12.169416427612305
G680V:G708C,-8.262552261352539
G680V:G700C,-8.308541297912598
G680V:G696S,-5.845941543579102
G680V:G696C,-6.659595489501953
G680V:H685Q,-6.601138114929199
G680V:K699R,-7.468077182769775
G680V:L688S,-6.760952949523926
G680V:V711D,-14.877881050109863
G680V:V711A,-11.73619556427002
G680V:V710I,-5.5875349044799805
G680V:V710A,-11.8458890914917
G680V:V707M,-6.982818603515625
G680V:V707E,-13.15583610534668
G680V:V707A,-10.638216018676758
G680V:V689M,-7.145724296569824
G680V:V689E,-7.842089653015137
G680V:V689A,-7.562453269958496
G680V:V683A,-6.6314496994018555
G680V:L705P,-11.772554397583008
G680V:M706L,-11.702038764953613
G680V:N698D,-13.535510063171387
G680V:N698S,-10.209887504577637
G680V:S697P,-10.252196311950684
G680V:N698Y,-4.985898971557617
G680R:G708S,-8.409133911132812
G680V:F690L,-8.814026832580566
G680R:N698Y,-3.214691400527954
G680R:N698I,-3.081732988357544
G680R:N698D,-11.764302253723145
G680R:M706L,-9.930830955505371
G680R:L688S,-4.989745140075684
G680R:K699R,-5.696869373321533
G680R:K699I,-9.622101783752441
G680R:K699E,-9.376415252685547
G680R:K687R,-5.9481401443481445
G680R:K687N,-3.134584665298462
G680R:K687I,-7.325695991516113
G680R:K687E,-8.076014518737793
G680R:I703V,-7.596935272216797
G680R:I703T,-11.573308944702148
G680R:I702V,-6.878478050231934
G680R:H685R,-5.309200286865234
G680R:H685L,-4.628629684448242
G680R:H684R,-5.462601661682129
G680R:H684Q,-5.052093505859375
G680R:G709S,-8.574578285217285
G680R:G709D,-9.103812217712402
G680R:G709C,-7.786937713623047
G680R:S697P,-8.480988502502441
G680V:E693V,-6.2870588302612305
G680V:E693G,-2.4468603134155273
G680V:E682V,-6.874227523803711
G680V:E682G,-2.856128215789795
G680V:E682D,-4.930814743041992
G680V:A701V,-3.8351330757141113
G680V:A701T,-4.733712673187256
G680R:V711D,-13.106673240661621
G680R:V683A,-4.860241889953613
G680R:V689A,-5.791245460510254
G680R:V689E,-6.0708818435668945
G680R:V689G,-5.02385950088501
G680R:V689M,-5.374516487121582
G680R:V707L,-1.469423532485962
G680R:V707M,-5.211610794067383
G680R:V710A,-10.074681282043457
G680A:A701V,-4.025646209716797
E682V:A692E,-9.935750961303711
E682D:N698S,-7.631279468536377
E682D:N698I,-2.2743330001831055
E682D:N698D,-10.956902503967285
E682D:M706T,-10.140604972839355
E682D:N698T,-7.48271369934082
E682D:L705V,-1.4283169507980347
E682D:L705R,-10.272745132446289
E682D:L705P,-9.193946838378906
E682V:A692T,-7.675893306732178
E682D:M706L,-9.123431205749512
E682D:L705F,-6.068242073059082
E682D:N698Y,-2.4072914123535156
E682D:V689L,-5.903075218200684
E682D:V689G,-4.216459274291992
E682D:V689E,-5.263482093811035
E682D:V689A,-4.983845233917236
E682D:V683I,-4.458211421966553
E682D:V683G,-3.6579079627990723
E682D:V683F,-4.721829891204834
E682D:S697P,-7.673588752746582
E682D:V683A,-4.052841663360596
E682D:L688S,-4.182345390319824
E682D:L688M,-3.019832134246826
E682D:L688F,-1.515121579170227
E682D:I703F,-9.772726058959961
E682D:I702V,-6.071077823638916
E682D:H685Y,-3.623551368713379
E682D:I703M,-10.561182022094727
E682D:H685R,-4.501800060272217
E682D:H685N,-1.5170267820358276
E682D:H685L,-3.821229934692383
E682D:H685D,-4.007390022277832
E682D:H684Y,-0.6063975095748901
E682D:H684R,-4.655201435089111
E682D:H684Q,-4.244693279266357
E682D:H684N,-2.490220546722412
E682D:H685Q,-4.022530555725098
E682D:I703N,-11.184467315673828
E682D:I703T,-10.765909194946289
E682D:I703V,-6.7895355224609375
E682D:K699T,-7.178522109985352
E682D:K699R,-4.889469146728516
E682D:K699I,-8.814702033996582
E682D:K699E,-8.569015502929688
E682D:K687T,-2.7198147773742676
E682D:K687R,-5.140740394592285
E682D:K687Q,-3.707200050354004
E682D:K687N,-2.3271846771240234
E682D:K687I,-6.518296241760254
E682D:K687E,-7.268614292144775
E682D:V689M,-4.567116737365723
E682G:G696S,-1.1926472187042236
E682G:G696R,-1.9425675868988037
E682G:G696C,-2.006301164627075
E682G:G696V,-1.465942144393921
E682G:F690Y,-3.7420341968536377
E682G:F690S,-3.8060948848724365
E682G:F690L,-4.160732269287109
E682G:E693V,-1.6337645053863525
E682G:G700A,-6.606352806091309
E682G:G700D,-8.640727043151855
E682G:H684N,-0.41553378105163574
E682G:G709S,-5.69249153137207
E682G:G709R,-8.333200454711914
E682G:G709D,-6.2217254638671875
E682G:G709C,-4.904850959777832
E682G:G709A,-7.512662887573242
E682G:G700C,-3.6552469730377197
E682G:G708V,-6.968504905700684
E682G:G708R,-7.231054306030273
E682G:G708D,-7.516121864318848
E682G:G708C,-3.609257936477661
E682G:G704V,-7.938863754272461
E682G:G704R,-7.1651611328125
E682G:G704E,-8.094131469726562
E682G:G700S,-6.304547309875488
E682G:G708S,-5.527047157287598
E682G:E693G,2.2064342498779297
E682D:V711D,-12.299273490905762
E682D:V711A,-9.157588005065918
E682D:V710L,-7.481277942657471
E682D:V710I,-3.0089268684387207
E682D:V710G,-10.680490493774414
E682D:V710F,-8.528931617736816
E682D:V711G,-10.543546676635742
E682D:V707M,-4.404210567474365
E682D:V707L,-0.6620234847068787
E682D:V707G,-8.549263954162598
E682D:V707E,-10.577228546142578
E682D:V707A,-8.059608459472656
E682D:V710A,-9.267281532287598
E682D:V711I,-6.835101127624512
E682D:V711L,-9.072834968566895
E682G:A701V,0.8181614875793457
E682G:A701T,-0.08041799068450928
E682G:A701S,-5.872549057006836
E682G:A701E,-8.550694465637207
E682G:A692T,-3.657794237136841
E682G:A692G,-2.221306324005127
E682G:A692E,-5.917652130126953
E682G:H684Q,-2.170006513595581
E682D:G709D,-8.296412467956543
E682V:H684N,-4.433632850646973
E682V:G709S,-9.710590362548828
E682V:G709D,-10.239824295043945
E682V:G709C,-8.922950744628906
E682V:G709A,-11.53076171875
E682V:H684Q,-6.188105583190918
E682V:G708V,-10.986604690551758
E682V:G708R,-11.249153137207031
E682V:G708D,-11.534221649169922
E682V:G708C,-7.627357006072998
E682V:G708A,-9.980213165283203
E682V:G704V,-11.956962585449219
E682V:G704R,-11.183259963989258
E682V:G704E,-12.11223030090332
E682V:G708S,-9.545146942138672
E682V:H684R,-6.598613739013672
E682V:H685L,-5.764642238616943
E682V:I703V,-8.732948303222656
E682V:I703T,-12.709321975708008
E682V:I703N,-13.127880096435547
E682V:I703F,-11.71613883972168
E682V:H684Y,-2.5498099327087402
E682V:I702V,-8.014490127563477
E682V:H685Y,-5.5669636726379395
E682V:H685R,-6.445212364196777
E682V:H685Q,-5.965942859649658
E682V:H685P,-3.7736315727233887
E682V:H685N,-3.4604392051696777
E682V:G700S,-10.322647094726562
E682V:G700D,-12.65882682800293
E682V:G700C,-7.673346042633057
E682V:A701V,-3.199937582015991
E682V:A701T,-4.098516941070557
E682V:A701S,-9.890647888183594
E682V:A701P,-7.324181079864502
E682V:A701G,-5.89881706237793
E682V:A701E,-12.568794250488281
E682V:G696S,-5.2107462882995605
E682V:G696R,-5.960666656494141
E682V:G696C,-6.024400234222412
E682V:F690Y,-7.760133266448975
E682V:F690S,-7.824193954467773
E682V:F690L,-8.178831100463867
E682V:E693V,-5.6518635749816895
E682V:E693G,-1.8116649389266968
E682D:G709S,-7.767178535461426
E682V:K687I,-8.461708068847656
E682V:V710A,-11.210693359375
E682V:V707M,-6.347622871398926
E682V:V707L,-2.605435848236084
E682V:V707G,-10.49267578125
E682V:V707E,-12.520641326904297
E682V:V707A,-10.003021240234375
E682V:V689M,-6.510529041290283
E682V:V689G,-6.159872055053711
E682V:V689E,-7.206894397735596
E682V:V689A,-6.927257537841797
E682V:V683L,-8.054274559020996
E682V:V683I,-6.401623725891113
E682V:V683G,-5.601320266723633
E682V:V710F,-10.472344398498535
E682V:V710L,-9.424690246582031
E682D:G709C,-6.9795379638671875
E682D:G708V,-9.043191909790039
E682D:G708S,-7.601734161376953
E682D:G708D,-9.590808868408203
E682D:G708C,-5.6839447021484375
E682D:G704V,-10.013550758361816
E682D:G704R,-9.239848136901855
E682V:V710I,-4.952339172363281
E682D:G704E,-10.168818473815918
E682V:V711L,-11.016246795654297
E682V:V711I,-8.778512954711914
E682V:V711G,-12.486959457397461
E682V:V711D,-14.242685317993164
E682V:V711A,-11.10099983215332
E682D:G700S,-8.379234313964844
E682V:V683F,-6.6652421951293945
E682V:V683A,-5.996253967285156
E682V:L705F,-8.011653900146484
E682V:L688W,-4.445788383483887
E682V:L688V,-3.2987184524536133
E682V:L688S,-6.125757694244385
E682V:L688M,-4.963244438171387
E682V:L688F,-3.458534002304077
E682V:L705I,-1.8758273124694824
E682V:K699R,-6.832881927490234
E682V:K699I,-10.758113861083984
E682V:K699E,-10.512428283691406
E682V:K687T,-4.663227081298828
E682V:K687R,-7.084152698516846
E682V:K687Q,-5.6506123542785645
E682V:K687N,-4.270596981048584
E682V:L705P,-11.137359619140625
E682V:L705V,-3.3717293739318848
E682V:S697P,-9.617000579833984
E682V:N698Y,-4.350703716278076
E682V:N698S,-9.574691772460938
E682V:N698I,-4.217745304107666
E682V:N698D,-12.900314331054688
E682V:M706T,-12.084016799926758
E682V:M706L,-11.066843032836914
E682V:K687E,-9.212026596069336
E682G:H684R,-2.580514669418335
E682D:L705I,0.06758511066436768
E682G:H685L,-1.7465431690216064
E682K:V683F,-6.2072062492370605
E682K:V683I,-5.943587779998779
E682K:V689A,-6.469221591949463
E682K:V689E,-6.748858451843262
E682K:V689M,-6.052493095397949
E682K:V707A,-9.544984817504883
E682K:V707M,-5.88958740234375
E682K:V710A,-10.752657890319824
E682K:V710I,-4.494303226470947
E682K:V711A,-10.642964363098145
E682K:V711G,-12.028923034667969
E682K:V711I,-8.320477485656738
E682G:H684Y,1.4682891368865967
E682A:F690L,-7.534071445465088
E682A:G696C,-5.379640579223633
E682A:G700C,-7.028586387634277
E682K:V711D,-13.784649848937988
E682K:V683A,-5.538218021392822
E682K:S697P,-9.158965110778809
E682K:K687E,-8.753990173339844
E682K:K687I,-8.00367259979248
E682K:K687N,-3.81256103515625
E682K:K699E,-10.054391860961914
E682K:K699I,-10.300078392028809
E682K:K699R,-6.374845504760742
E682K:L688F,-3.000498056411743
E682K:L688M,-4.505208492279053
E682K:L688S,-5.667721748352051
E682K:L705P,-10.679323196411133
E682K:M706L,-10.608807563781738
E682K:N698D,-12.442278861999512
E682K:N698I,-3.759709358215332
E682K:N698Y,-3.892667770385742
E682A:G709S,-9.065831184387207
E682A:K699R,-6.188121795654297
E682A:L688S,-5.4809980392456055
E682D:F690L,-6.235418796539307
E682D:F690S,-5.880781650543213
E682D:F690Y,-5.816720962524414
E682D:G696A,-4.18700647354126
E682D:G696C,-4.080987930297852
E682D:G696R,-4.01725435256958
E682D:G696S,-3.267333984375
E682D:G696V,-3.5406289100646973
E682D:G700C,-5.729933738708496
E682D:G700D,-10.715414047241211
E682Q:I702V,-6.449895858764648
E682K:I703V,-8.274911880493164
E682D:E693V,-3.708451271057129
E682A:V683A,-5.351494312286377
E682A:V707E,-11.87588119506836
E682A:V707M,-5.702863693237305
E682D:A692E,-7.992339134216309
E682D:A692G,-4.295992851257324
E682D:A692T,-5.732481002807617
E682D:A701E,-10.625381469726562
E682D:A701P,-5.380768775939941
E682D:A701S,-7.947235584259033
E682D:A701T,-2.155104637145996
E682D:A701V,-1.2565251588821411
E682D:E693G,0.13174748420715332
E682K:I703T,-12.251285552978516
E682V:A692G,-6.239405632019043
E682G:M706L,-7.048744201660156
E682G:L705V,0.6463696956634521
E682G:L705R,-8.198058128356934
E682G:L705P,-7.119259834289551
E682G:L705I,2.1422717571258545
E682G:L705F,-3.9935553073883057
E682G:L688W,-0.4276893138885498
E682G:L688S,-2.107658624649048
E682G:L688M,-0.9451453685760498
E682G:L688F,0.5595650672912598
E682G:K699T,-5.103835105895996
E682G:K699R,-2.8147826194763184
E682G:K699I,-6.740015029907227
E682G:K699E,-6.494328498840332
E682G:K687R,-3.066053628921509
E682G:K687Q,-1.6325132846832275
E682G:K687N,-0.25249791145324707
E682G:K687I,-4.443609237670898
E682G:K687E,-5.193927764892578
E682G:M706T,-8.06591796875
E682K:I702V,-7.556454181671143
E682G:V689M,-2.4924299716949463
E682G:V689L,-3.8283884525299072
E682G:V689G,-2.141772747039795
E682G:V689E,-3.188795328140259
E682G:V689A,-2.90915846824646
E682G:V683L,-4.036175727844238
E682G:V683I,-2.3835246562957764
E682G:V683G,-1.583221435546875
E682G:V683A,-1.9781548976898193
E682G:S697P,-5.598901748657227
E682G:N698Y,-0.33260464668273926
E682G:N698T,-5.408026695251465
E682G:N698S,-5.55659294128418
E682G:N698I,-0.1996462345123291
E682G:N698D,-8.88221549987793
E682G:I703V,-4.714848518371582
E682G:I703N,-9.109780311584473
E682K:F690L,-7.720795154571533
E682K:F690Y,-7.302097320556641
E682K:G696C,-5.566364288330078
E682K:G696S,-4.752710342407227
E682K:G700C,-7.215310096740723
E682K:G708C,-7.169321060180664
E682K:G708D,-11.07618522644043
E682K:G709C,-8.464914321899414
E682K:G709D,-9.78178882598877
E682K:G709S,-9.252554893493652
E682K:H684Q,-5.730069637298584
E682K:H684R,-6.140577793121338
E682G:I703T,-8.691222190856934
E682K:H685R,-5.987176418304443
E682K:H685Q,-5.507906913757324
E682K:H685L,-5.306606292724609
E682K:G700D,-12.200790405273438
E682K:A701T,-3.6404809951782227
E682G:I703F,-7.6980390548706055
E682G:I702V,-3.9963910579681396
E682K:A701V,-2.7419016361236572
E682G:H685Y,-1.5488646030426025
E682G:H685R,-2.4271132946014404
E682G:H685Q,-1.9478437900543213
E682G:H685N,0.5576598644256592
E682G:V707A,-5.984921455383301
E682G:V707E,-8.502541542053223
E682G:V707L,1.412663221359253
E682G:V707M,-2.329524040222168
E682K:A692E,-9.477715492248535
E682G:V710A,-7.192594528198242
E682K:A692T,-7.217857360839844
E682G:V711I,-4.760414123535156
E682G:V711G,-8.468859672546387
E682G:V711D,-10.224586486816406
E682G:V711A,-7.0829010009765625
E682G:V710I,-0.9342401027679443
V683I:N698D,-13.062906265258789
V683I:M706L,-11.229434967041016
V683I:M706T,-12.24660873413086
V683I:N698I,-4.380337238311768
V683I:N698S,-9.737283706665039
V683I:N698Y,-4.513295650482178
V683I:S697P,-9.779592514038086
V683I:V689A,-7.089849472045898
V683I:V689L,-8.009078979492188
V683L:H684R,-8.413856506347656
V683L:H685L,-7.579885005950928
V683L:I702V,-9.829732894897461
V683L:K699E,-12.32767105102539
V683L:K699R,-8.648124694824219
V683L:N698I,-6.03298807144165
V683L:V689M,-8.32577133178711
V683L:V707M,-8.16286563873291
V683L:V710I,-6.767581939697266
V683L:V711A,-12.916242599487305
V683L:H684Q,-8.003348350524902
V683L:G709S,-11.525833129882812
V683L:G709D,-12.05506706237793
V683L:G709C,-10.73819351196289
V683I:V689M,-6.673120975494385
V683I:V707A,-10.165613174438477
V683I:V707E,-12.683233261108398
V683I:V707G,-10.655267715454102
V683I:V707M,-6.510214805603027
V683I:V710A,-11.373285293579102
V683I:V710I,-5.114931106567383
V683I:V711A,-11.263591766357422
V683I:V689E,-7.369486331939697
V683I:V711D,-14.405277252197266
V683L:A701E,-14.384037017822266
V683L:E693V,-7.467106342315674
V683L:F690L,-9.994073867797852
V683L:F690Y,-9.575376510620117
V683L:G708C,-9.44260025024414
V683I:V711I,-8.941104888916016
V683F:A701T,-4.5247273445129395
V683I:E693G,-1.9742568731307983
V683I:E693V,-5.814455509185791
V683I:F690L,-8.341423034667969
V683I:F690S,-7.986785888671875
V683I:G696C,-6.186992168426514
V683I:G696S,-5.373338222503662
V683I:G700C,-7.835937976837158
V683I:G700D,-12.821418762207031
V683I:F690Y,-7.922725200653076
V683I:G700S,-10.485239028930664
V683G:I703T,-12.071610450744629
V683G:I703V,-8.095236778259277
V683G:K699R,-6.1951704025268555
V683G:L688M,-4.325532913208008
V683G:N698D,-12.262603759765625
V683G:S697P,-8.979290008544922
V683G:V689M,-5.8728179931640625
V683I:A692T,-7.838485240936279
V683I:A701E,-12.731386184692383
V683I:A701T,-4.261108875274658
V683I:A701V,-3.3625295162200928
V683G:I703N,-12.490168571472168
V683I:G704E,-12.274822235107422
V683I:G708C,-7.7899489402771
V683I:K687E,-9.374618530273438
V683I:K687I,-8.624300003051758
V683I:K687N,-4.4331889152526855
V683I:K687Q,-5.813204288482666
V683I:K687R,-7.246744632720947
V683I:K687T,-4.82581901550293
V683I:K699E,-10.675020217895508
V683I:K699R,-6.995473861694336
V683I:L688F,-3.6211259365081787
V683I:L688M,-5.125836372375488
V683I:L688S,-6.288349628448486
V683I:L705F,-8.174245834350586
V683I:L705I,-2.038419246673584
V683I:L705P,-11.299951553344727
V683I:K699I,-10.920705795288086
V683I:G704R,-11.34585189819336
V683I:I703T,-12.87191390991211
V683I:G708D,-11.696813583374023
V683I:G708S,-9.707738876342773
V683I:G708V,-11.14919662475586
V683I:G709C,-9.085542678833008
V683I:G709D,-10.402416229248047
V683I:G709S,-9.87318229675293
V683I:H684N,-4.596224784851074
V683I:H684Q,-6.3506975173950195
V683I:I703V,-8.895540237426758
V683I:H684R,-6.761205673217773
V683I:H685N,-3.6230311393737793
V683I:H685Q,-6.12853479385376
V683I:H685R,-6.607804298400879
V683I:I702V,-8.177082061767578
V683I:I703F,-11.878730773925781
V683I:I703N,-13.290472030639648
V683I:H685L,-5.927234172821045
V683G:H684Q,-5.550394058227539
V683G:G709S,-9.072879791259766
V683F:E693V,-6.078073978424072
V683F:F690Y,-8.186344146728516
V683F:A701V,-3.626147985458374
V683F:G696S,-5.636956691741943
V683F:G700C,-8.099555969238281
V683F:G708C,-8.053567886352539
V683F:G709C,-9.349161148071289
V683F:G709S,-10.136800765991211
V683F:H684Q,-6.614315986633301
V683F:H684R,-7.024824142456055
V683F:H685L,-6.190852642059326
V683F:G696C,-6.450610637664795
V683F:H685Q,-6.392153263092041
V683F:A692E,-10.361961364746094
V683F:I703F,-12.142349243164062
V683F:I703T,-13.13553237915039
V683F:V689A,-7.35346794128418
V683F:V689E,-7.6331048011779785
V683F:V707E,-12.94685173034668
V683F:V711D,-14.668895721435547
V683F:V711I,-9.204723358154297
V683G:E693V,-5.014152526855469
V683G:G696R,-5.322955131530762
V683G:G708D,-10.896510124206543
V683G:G708S,-8.907435417175293
V683G:G709C,-8.285239219665527
V683G:G709D,-9.602113723754883
V683F:N698I,-4.643955707550049
V683F:I703V,-9.159158706665039
V683F:K687E,-9.638236999511719
V683F:K687I,-8.887918472290039
V683F:K687N,-4.696807384490967
V683F:K687R,-7.5103631019592285
V683F:K699E,-10.938638687133789
V683F:K699I,-11.184324264526367
V683F:K699R,-7.259092330932617
V683F:L688F,-3.88474440574646
V683F:L688M,-5.3894548416137695
V683F:L705F,-8.437864303588867
V683F:L705P,-11.563570022583008
V683F:N698D,-13.32652473449707
V683A:A701V,-2.9571597576141357
V683A:A701S,-9.647870063781738
V683A:A701G,-5.656039237976074
V683A:A701E,-12.32601547241211
V683A:A692T,-7.433115482330322
V683A:A692E,-9.692974090576172
V683A:N698Y,-4.107925891876221
V683A:N698T,-9.183347702026367
V683A:N698S,-9.331913948059082
V683A:N698I,-3.9749674797058105
V683A:N698D,-12.657537460327148
V683A:K687I,-8.218931198120117
V683A:M706T,-11.841239929199219
V683A:M706L,-10.824066162109375
V683A:L705P,-10.894580841064453
V683A:K699E,-10.269649505615234
V683A:K687T,-4.420449256896973
V683A:K687R,-6.84137487411499
V683A:K687Q,-5.407834529876709
V683A:K687N,-4.0278191566467285
V683A:K699I,-10.515336990356445
V683A:L688F,-3.2157561779022217
V683A:L688M,-4.720466613769531
V683A:L688S,-5.882979869842529
V683A:L705F,-7.768876552581787
V683A:L705I,-1.633049488067627
V683A:K699R,-6.590104103088379
V683A:S697P,-9.374223709106445
V683A:V689A,-6.684479713439941
V683A:K687E,-8.96924877166748
V683A:V711L,-10.773469924926758
V683A:V711I,-8.535736083984375
V683A:V711G,-12.244180679321289
V683A:V711D,-13.999908447265625
V683A:V711A,-10.858222961425781
V683A:V710I,-4.709561347961426
V683A:V710A,-10.967916488647461
V683A:V689E,-6.96411657333374
V683A:V689G,-5.9170942306518555
V683A:V689L,-7.603709697723389
V683A:V689M,-6.267751216888428
V683A:V689T,-5.112367630004883
V683A:V707A,-9.760242462158203
V683A:V707E,-12.277862548828125
V683A:V707G,-10.249898910522461
V683A:V707L,-2.3626580238342285
V683A:V707M,-6.10484504699707
V683A:A701T,-3.855739116668701
V683A:G704V,-11.71418571472168
V683A:G708C,-7.384579181671143
V683A:G708D,-11.29144287109375
V683A:G708S,-9.3023681640625
V683A:G708V,-10.743825912475586
V683A:G709C,-8.680171966552734
V683A:G709D,-9.997047424316406
V683A:G709S,-9.467813491821289
V683A:H684Q,-5.9453277587890625
V683A:H684R,-6.355835914611816
V683A:H684Y,-2.3070321083068848
V683A:H685L,-5.521864414215088
V683A:H685N,-3.2176613807678223
V683A:H685Q,-5.723165035247803
V683A:H685R,-6.202434539794922
V683A:H685Y,-5.324185848236084
V683A:I702V,-7.771712303161621
V683A:I703F,-11.473360061645508
V683A:I703N,-12.885101318359375
V683A:I703T,-12.466543197631836
V683A:I703V,-8.490169525146484
V683A:G704R,-10.940483093261719
V683A:G704E,-11.869453430175781
V683A:G700S,-10.07986831665039
V683A:G704A,-10.7293701171875
V683A:E693A,-2.366147994995117
V683A:E693G,-1.5688871145248413
V683A:E693V,-5.409085750579834
V683A:F690S,-7.581416130065918
V683A:G696S,-4.967968463897705
V683A:F690L,-7.936053276062012
V683A:G700C,-7.430568218231201
V683A:G700D,-12.416048049926758
V683A:G696C,-5.781622409820557
V683A:F690Y,-7.517355442047119
H684Q:V707M,-6.296696662902832
H684Q:V710A,-11.159767150878906
H684Q:V710I,-4.9014129638671875
H684Q:V710L,-9.373764038085938
H684Q:V711A,-11.050073623657227
H684Q:V711D,-14.19175910949707
H684Q:V711G,-12.436033248901367
H684R:A692E,-10.295333862304688
H684R:A692G,-6.598987579345703
H684R:A692P,-8.908645629882812
H684R:A692T,-8.03547477722168
H684R:A701E,-12.928375244140625
H684Q:V707L,-2.5545096397399902
H684R:A701S,-10.250229835510254
H684R:A701T,-4.458098888397217
H684Q:V711I,-8.72758674621582
H684Q:V707E,-12.469715118408203
H684R:A701V,-3.5595195293426514
H684R:I703V,-9.092529296875
H684R:I703T,-13.068902969360352
H684R:I703N,-13.48746109008789
H684R:I703F,-12.075719833374023
H684Q:V707A,-9.952095031738281
H684Q:S697P,-9.56607437133789
H684Q:V689A,-6.876331329345703
H684Q:V689E,-7.155968189239502
H684Q:V689G,-6.108945846557617
H684Q:V689M,-6.4596028327941895
H684R:G704E,-12.471813201904297
H684R:G700S,-10.682228088378906
H684R:G704R,-11.542842864990234
H684R:G704V,-12.316545486450195
H684R:I702V,-8.374072074890137
H684R:H685Y,-5.9265456199646
H684R:H685R,-6.8047943115234375
H684R:H685Q,-6.325524806976318
H684R:G708C,-7.986938953399658
H684R:G708D,-11.893802642822266
H684R:G708S,-9.904727935791016
H684R:G708V,-11.346185684204102
H684R:G709C,-9.28253173828125
H684R:G709D,-10.599407196044922
H684R:H685N,-3.820021152496338
H684R:G709S,-10.070173263549805
H684R:H685L,-6.1242241859436035
H684R:G700D,-13.018407821655273
H684R:G700C,-8.032928466796875
H684R:G696V,-5.843623161315918
H684R:E693G,-2.1712470054626465
H684R:E693V,-6.01144552230835
H684R:F690L,-8.538413047790527
H684R:F690S,-8.183775901794434
H684R:F690Y,-8.119714736938477
H684R:G696C,-6.383982181549072
H684R:G696R,-6.320248603820801
H684R:G696S,-5.570328235626221
H684R:G700A,-10.984033584594727
H684R:K687I,-8.821290969848633
H684Y:G704R,-7.4940385818481445
H684Y:G704E,-8.423008918762207
H684Y:G700D,-8.9696044921875
H684Y:G700C,-3.984124183654785
H684Y:G696A,-2.441196918487549
H684Y:F690Y,-4.070911407470703
H684Y:F690L,-4.489609241485596
H684Y:E693V,-1.962641716003418
H684Y:E693G,1.8775569200515747
H684Y:A701V,0.4892842769622803
H684Y:A701T,-0.4092952013015747
H684Y:A701S,-6.201426029205322
H684Y:A692T,-3.9866714477539062
H684Y:G708C,-3.9381351470947266
H684Y:A692E,-6.246529579162598
H684Y:G708D,-7.844999313354492
H684Y:G709C,-5.233728408813477
H684Y:K699E,-6.823205947875977
H684Y:K687R,-3.394930839538574
H684Y:K687N,-0.5813751220703125
H684Y:K687I,-4.772486686706543
H684Y:K687E,-5.5228047370910645
H684Y:I703V,-5.043725967407227
H684Y:I703T,-9.020099639892578
H684Y:I703N,-9.438657760620117
H684Y:I703F,-8.02691650390625
H684Y:I702V,-4.325268268585205
H684Y:H685R,-2.755990505218506
H684Y:H685Q,-2.2767210006713867
H684Y:H685L,-2.075420379638672
H684Y:G709S,-6.021368980407715
H684Y:G709D,-6.550602912902832
H684Y:G708V,-7.297382354736328
H684R:V711I,-9.13809585571289
H684R:N698I,-4.577327251434326
H684R:N698D,-13.259897232055664
H684R:M706T,-12.443599700927734
H684R:M706L,-11.42642593383789
H684R:L705R,-12.575738906860352
H684R:L705P,-11.496940612792969
H684R:L705I,-2.2354092597961426
H684R:L705F,-8.371236801147461
H684R:L688W,-4.805370330810547
H684R:L688S,-6.485339641571045
H684R:L688M,-5.322826385498047
H684R:L688F,-3.8181159496307373
H684R:K699R,-7.1924638748168945
H684R:K699I,-11.117696762084961
H684R:K699E,-10.87200927734375
H684R:K687R,-7.443734645843506
H684R:K687Q,-6.010194301605225
H684R:K687N,-4.630178928375244
H684R:N698S,-9.934273719787598
H684R:N698Y,-4.710285663604736
H684R:V711D,-14.60226821899414
H684R:V711A,-11.460582733154297
H684R:V710I,-5.311921119689941
H684R:V710A,-11.570276260375977
H684R:V707M,-6.707204818725586
H684R:V707E,-12.88022232055664
H684R:V707A,-10.362602233886719
H684R:K687E,-9.571608543395996
H684R:V689M,-6.870110988616943
H684R:V689E,-7.566476345062256
H684R:V689A,-7.286839485168457
H684R:S697P,-9.976583480834961
H684Q:N698Y,-4.299777507781982
H684N:E693G,-0.006265997886657715
H684N:E693V,-3.8464646339416504
H684N:F690L,-6.373432159423828
H684N:F690Y,-5.9547343254089355
H684N:G700C,-5.867947101593018
H684N:G700D,-10.85342788696289
H684N:G704E,-10.306831359863281
H684N:A692T,-5.870494365692139
H684N:A701V,-1.3945386409759521
H684N:G708C,-5.821958065032959
H684D:I703F,-12.194231986999512
H684D:F690L,-8.656925201416016
H684N:G708D,-9.728822708129883
H684N:G709D,-8.434425354003906
H684Q:G700S,-10.271720886230469
H684Q:G704E,-12.061304092407227
H684Q:G704R,-11.132333755493164
H684Q:G704V,-11.906036376953125
H684Q:G708C,-7.576430797576904
H684Q:G708D,-11.483295440673828
H684Q:G700D,-12.607900619506836
H684Q:G708S,-9.494220733642578
H684Q:G709C,-8.872024536132812
H684Q:G709D,-10.188898086547852
H684Q:G709S,-9.659664154052734
H684Q:H685L,-5.71371603012085
H684Q:H685P,-3.722705364227295
H684Q:H685Q,-5.9150166511535645
H684Q:H685R,-6.394286155700684
H684Q:G708V,-10.935678482055664
H684Q:H685Y,-5.516037464141846
H684Q:G700C,-7.622419834136963
H684Q:E693G,-1.760738730430603
H684Q:E693V,-5.600937366485596
H684Q:F690L,-8.127904891967773
H684Q:G696S,-5.159820079803467
H684Q:F690S,-7.77326774597168
H684Q:F690Y,-7.709207057952881
H684Q:G696C,-5.973474025726318
H684Y:K699I,-7.068892478942871
H684Q:L688F,-3.4076077938079834
H684Q:L688M,-4.912318229675293
H684Q:L688S,-6.074831485748291
H684Q:L705F,-7.960728168487549
H684Q:L705P,-11.086433410644531
H684Q:L705V,-3.320803165435791
H684Q:K699R,-6.781955718994141
H684Q:M706L,-11.01591682434082
H684Q:M706T,-12.033090591430664
H684Q:N698D,-12.849388122558594
H684Q:N698I,-4.166819095611572
H684Q:N698S,-9.523765563964844
H684Q:N698T,-9.375200271606445
H684Q:K699I,-10.70718765258789
H684Q:I702V,-7.963563919067383
H684Q:I703F,-11.665212631225586
H684Q:I703N,-13.076953887939453
H684Q:I703T,-12.658395767211914
H684Q:I703V,-8.682022094726562
H684Q:K687E,-9.161100387573242
H684Q:K687I,-8.410781860351562
H684Q:K687N,-4.21967077255249
H684Q:K687Q,-5.599686145782471
H684Q:K687R,-7.033226490020752
H684Q:K687T,-4.612300872802734
H684Q:K699E,-10.461502075195312
H684N:G709C,-7.117551326751709
H684N:K699I,-8.952714920043945
H684N:K699R,-5.027482986450195
H684N:L688M,-3.1578454971313477
H684N:L688S,-4.320358753204346
H684N:K699E,-8.707029342651367
H684N:L705P,-9.331960678100586
H684N:M706L,-9.261444091796875
H684N:N698D,-11.094915390014648
H684N:N698I,-2.412346363067627
H684N:N698Y,-2.545304775238037
H684N:K687R,-5.278753757476807
H684N:K687I,-6.656309604644775
H684N:G709S,-7.905191898345947
H684N:H685L,-3.9592432975769043
H684N:H685N,-1.6550402641296387
H684N:H685Q,-4.160543918609619
H684N:H685R,-4.639813423156738
H684N:H685Y,-3.7615647315979004
H684N:K687N,-2.465198040008545
H684N:I702V,-6.2090911865234375
H684N:I703F,-9.91073989868164
H684N:I703V,-6.927548885345459
H684N:K687E,-7.406627655029297
H684N:S697P,-7.8116021156311035
H684P:V707E,-10.801957130432129
H684Q:A692E,-9.884824752807617
H684Q:A692G,-6.188479423522949
H684Q:A692T,-7.624967098236084
H684P:L705F,-6.292970657348633
H684Q:A701G,-5.847890853881836
H684Q:A701S,-9.8397216796875
H684Q:A701T,-4.047590732574463
H684Q:A701V,-3.1490113735198975
H684Q:A701E,-12.517868041992188
H684P:K699R,-5.114197731018066
H684P:G709S,-7.991907119750977
H684N:V689A,-5.121858596801758
H684N:V689E,-5.401495456695557
H684N:V689M,-4.705130100250244
H684N:V707A,-8.197622299194336
H684N:V707E,-10.715242385864258
H684N:V707M,-4.542223930358887
H684N:V710A,-9.405294418334961
H684N:V711A,-9.295600891113281
H684N:V711D,-12.437286376953125
H684N:V711I,-6.973114490509033
H684P:A701V,-1.4812538623809814
H684P:F690L,-6.460147380828857
H684Y:L688F,0.23068785667419434
H684Y:V689A,-3.2380356788635254
H684Y:V689E,-3.517672538757324
H684Y:V689M,-2.8213071823120117
H684Y:V707A,-6.313798904418945
H684Y:V707E,-8.831418991088867
H684Y:V710A,-7.521471977233887
H684Y:V710I,-1.2631173133850098
H684Y:V711D,-10.55346393585205
H684Y:V711G,-8.797737121582031
H684Y:K699R,-3.143659830093384
H684Y:V707M,-2.6584012508392334
H684Y:S697P,-5.927779197692871
H684Y:V711I,-5.089291572570801
H684Y:L688S,-2.4365358352661133
H684Y:L705F,-4.322432518005371
H684Y:L705P,-7.448137283325195
H684Y:M706L,-7.377621650695801
H684Y:N698D,-9.211092948913574
H684Y:N698I,-0.5285234451293945
H684Y:N698Y,-0.6614818572998047
H684Y:M706T,-8.394795417785645
H684Y:L688M,-1.2740225791931152
H685R:A701S,-10.09682846069336
H685R:A701T,-4.304697513580322
H685R:A701V,-3.406118154525757
H685R:A701E,-12.774974822998047
H685Q:V711D,-13.969596862792969
H685R:A692T,-7.882073879241943
H685R:E693G,-2.017845630645752
H685Q:V707E,-12.247551918029785
H685Q:V707L,-2.3323469161987305
H685Q:V707M,-6.0745344161987305
H685Q:V710A,-10.937604904174805
H685Q:V710F,-10.199254989624023
H685Q:V710L,-9.151601791381836
H685Q:V711A,-10.827911376953125
H685Q:V711I,-8.505424499511719
H685R:A692E,-10.141931533813477
H685R:A692P,-8.755244255065918
H685Q:V710I,-4.679250240325928
H685R:G704E,-12.318410873413086
H685R:G708C,-7.833537578582764
H685R:G708D,-11.740402221679688
H685R:G708S,-9.751327514648438
H685R:G708V,-11.192785263061523
H685R:G709C,-9.129131317138672
H685R:G709D,-10.446004867553711
H685R:G704V,-12.163143157958984
H685R:G709S,-9.916770935058594
H685R:I702V,-8.220670700073242
H685R:I703F,-11.922319412231445
H685R:I703L,-12.424509048461914
H685R:E693V,-5.858044147491455
H685R:G704R,-11.389440536499023
H685R:G700S,-10.528827667236328
H685R:F690L,-8.385011672973633
H685R:F690S,-8.030374526977539
H685R:F690Y,-7.96631383895874
H685Q:V707A,-9.729931831359863
H685R:G696C,-6.230580806732178
H685R:G696S,-5.416926860809326
H685R:G696V,-5.690221786499023
H685R:G700C,-7.879526615142822
H685R:G700D,-12.865007400512695
H685Q:N698S,-9.301603317260742
H685Q:K699I,-10.485025405883789
H685Q:K699E,-10.239338874816895
H685Q:K687R,-6.811063766479492
H685Q:K687Q,-5.377523422241211
H685Q:K687N,-3.9975080490112305
H685Q:K687I,-8.188619613647461
H685Q:K687E,-8.93893814086914
H685Q:I703V,-8.459858894348145
H685Q:I703T,-12.436232566833496
H685Q:I703N,-12.854790687561035
H685Q:I703F,-11.443049430847168
H685Q:G704R,-10.910171508789062
H685Q:G704V,-11.683874130249023
H685Q:G708C,-7.3542680740356445
H685Q:G708D,-11.26113224029541
H685Q:G708R,-10.976064682006836
H685Q:G708S,-9.27205753326416
H685Q:K699R,-6.559792518615723
H685Q:G708V,-10.713515281677246
H685Q:G709D,-9.96673583984375
H685Q:G709S,-9.437501907348633
H685Q:I702V,-7.741401195526123
H685Q:G709C,-8.649861335754395
H685Q:K699T,-8.848845481872559
H685Q:L688F,-3.1854450702667236
H685Q:L688M,-4.690155506134033
H685Q:S697P,-9.343912124633789
H685Q:V689E,-6.933805465698242
H685Q:V689G,-5.886782646179199
H685Q:V689L,-7.573398590087891
H685Q:V689M,-6.23744010925293
H685Q:V689A,-6.654168605804443
H685Q:N698Y,-4.077614784240723
H685Q:N698I,-3.9446563720703125
H685Q:L688S,-5.852668762207031
H685Q:L688V,-3.0256295204162598
H685Q:L688W,-4.172699451446533
H685Q:L705F,-7.738565444946289
H685Q:L705I,-1.602738380432129
H685R:I703N,-13.334060668945312
H685Q:L705P,-10.864270210266113
H685Q:M706L,-10.793754577636719
H685Q:M706T,-11.810928344726562
H685Q:N698D,-12.627225875854492
H685Q:L705V,-3.0986404418945312
H685R:I703S,-13.773134231567383
H685R:L688M,-5.169425010681152
H685R:I703V,-8.939128875732422
H685Y:I702V,-7.342422008514404
H685Y:I703F,-11.04407024383545
H685Y:I703T,-12.037253379821777
H685Y:I703V,-8.060879707336426
H685Y:K687E,-8.539958953857422
H685Y:K687I,-7.789640426635742
H685Y:K687N,-3.5985288619995117
H685Y:K687R,-6.412084579467773
H685Y:K699E,-9.840359687805176
H685Y:K699I,-10.08604621887207
H685Y:G709D,-9.567756652832031
H685Y:F690L,-7.506762981414795
H685Y:F690Y,-7.088065147399902
H685Y:G709S,-9.038522720336914
H685Y:G696C,-5.35233211517334
H685Y:G704E,-11.440162658691406
H685Y:G704R,-10.511192321777344
H685Y:G708C,-6.955288887023926
H685Y:G708D,-10.862153053283691
H685Y:G708S,-8.873078346252441
H685Y:G709C,-8.250882148742676
H685Y:G700C,-7.001277923583984
H685Y:L688F,-2.786465883255005
H685Y:S697P,-8.94493293762207
H685Y:V689A,-6.255189418792725
H685Y:V689E,-6.534826278686523
H685Y:V689M,-5.838460922241211
H685Y:V707A,-9.330952644348145
H685Y:V707E,-11.848572731018066
H685Y:V707M,-5.675555229187012
H685Y:V710A,-10.538625717163086
H685Y:V711D,-13.57061767578125
H685Y:K699R,-6.160813331604004
H685Y:L688M,-4.2911763191223145
H685Y:L688S,-5.4536895751953125
H685Y:L705F,-7.33958625793457
H685Y:L705P,-10.465291023254395
H685Y:L705R,-11.544089317321777
H685Y:M706T,-11.411949157714844
H685Y:N698D,-12.228246688842773
H685Y:N698I,-3.5456771850585938
H685Y:N698S,-8.902624130249023
H685Y:N698Y,-3.678635597229004
H685Y:M706L,-10.394775390625
H685R:I703T,-12.915502548217773
H685Y:E693V,-4.979795455932617
H685R:L705F,-8.21783447265625
H685R:L705I,-2.082007884979248
H685R:L705P,-11.34354019165039
H685R:L688S,-6.33193826675415
H685R:M706L,-11.27302360534668
H685R:N698D,-13.106494903564453
H685R:N698I,-4.423925876617432
H685R:N698S,-9.780872344970703
H685R:N698Y,-4.556884288787842
H685R:M706T,-12.290197372436523
H685Q:G704E,-11.839141845703125
H685R:K699R,-7.0390625
H685R:L688F,-3.6647145748138428
H685R:K687E,-9.418207168579102
H685R:K687N,-4.47677755355835
H685R:K687Q,-5.85679292678833
H685R:K687R,-7.290333271026611
H685R:K699E,-10.718608856201172
H685R:K699I,-10.96429443359375
H685R:K687I,-8.667888641357422
H685Y:E693G,-1.1395968198776245
H685R:V710I,-5.158519744873047
H685R:V710L,-9.630870819091797
H685R:V711A,-11.307180404663086
H685R:V711D,-14.44886589050293
H685R:V711I,-8.98469352722168
H685Y:A692T,-7.0038251876831055
H685Y:A701V,-2.527869462966919
H685Y:A692E,-9.263683319091797
H685R:V710A,-11.416873931884766
H685R:V707L,-2.8116164207458496
H685R:S697P,-9.82318115234375
H685R:V689A,-7.1334381103515625
H685R:V689E,-7.413074970245361
H685R:V689G,-6.366052627563477
H685R:V707M,-6.553803443908691
H685R:V689L,-8.052667617797852
H685R:V707A,-10.20920181274414
H685R:V707E,-12.726821899414062
H685R:V689M,-6.716709613800049
H685Q:E693G,-1.5385760068893433
H685Q:G700D,-12.385737419128418
H685L:N698D,-12.425925254821777
H685L:M706T,-11.609627723693848
H685L:M706L,-10.592453956604004
H685L:L705V,-2.8973398208618164
H685L:L705P,-10.662969589233398
H685L:L705I,-1.401437759399414
H685L:L705F,-7.537264823913574
H685L:L688V,-2.824328899383545
H685L:L688S,-5.651368141174316
H685L:L688M,-4.488854885101318
H685L:L688F,-2.984144449234009
H685L:K699T,-8.647544860839844
H685L:K687E,-8.73763656616211
H685L:K687I,-7.987318992614746
H685L:N698I,-3.7433557510375977
H685L:K687N,-3.7962074279785156
H685L:K687R,-6.609763145446777
H685L:K699E,-10.03803825378418
H685L:K699I,-10.283724784851074
H685L:K699R,-6.358491897583008
H685L:K687Q,-5.176222801208496
H685L:N698S,-9.100301742553711
H685L:N698Y,-3.876314163208008
H685L:V707A,-9.528631210327148
H685L:V707E,-12.04625129699707
H685L:V707G,-10.01828670501709
H685L:V707L,-2.1310462951660156
H685L:V707M,-5.873233795166016
H685L:V710A,-10.73630428314209
H685L:V710G,-12.149513244628906
H685L:V710I,-4.477949619293213
H685L:V711A,-10.62661075592041
H685L:V711D,-13.768296241760254
H685L:V711G,-12.012569427490234
H685L:V710F,-9.997955322265625
H685L:S697P,-9.142611503601074
H685L:V689A,-6.4528679847717285
H685L:V689E,-6.732504844665527
H685L:V689G,-5.685482025146484
H685L:V689L,-7.372097969055176
H685L:V689M,-6.036139488220215
H685L:I703V,-8.25855827331543
H685L:I703T,-12.234931945800781
H685L:I703N,-12.65349006652832
H685L:A701E,-12.094404220581055
H685L:A701G,-5.424427509307861
H685L:A701P,-6.849791526794434
H685L:A701S,-9.416257858276367
H685L:A701T,-3.6241273880004883
H685L:A692T,-7.201503753662109
H685L:A692G,-5.765015602111816
H685D:G709C,-8.634720802307129
H685D:N698D,-12.612085342407227
H685D:V689E,-6.918664932250977
H685L:A692E,-9.4613618850708
H685D:N698I,-3.929515838623047
H685L:V711I,-8.304123878479004
H685L:E693G,-1.3372753858566284
H685L:E693V,-5.177474021911621
H685L:G704R,-10.708870887756348
H685L:G708C,-7.15296745300293
H685L:G708D,-11.059831619262695
H685L:G708S,-9.070756912231445
H685L:G708V,-10.512214660644531
H685L:G709C,-8.44856071472168
H685L:G704E,-11.63784122467041
H685L:G709D,-9.765435218811035
H685L:G709S,-9.236201286315918
H685L:I702V,-7.540100574493408
H685L:I703F,-11.241748809814453
H685L:G709R,-11.876910209655762
H685L:G700D,-12.184436798095703
H685L:G696S,-4.736356735229492
H685L:F690L,-7.704441547393799
H685L:F690S,-7.349804401397705
H685L:F690Y,-7.285743713378906
H685L:G700C,-7.198956489562988
H685L:G696C,-5.550010681152344
H685L:G696R,-5.486277103424072
H685L:V711L,-10.541857719421387
H685N:A692E,-7.157158851623535
H685P:V689E,-4.741494178771973
H685P:N698Y,-1.8853034973144531
H685P:N698I,-1.752345085144043
H685P:N698D,-10.434914588928223
H685P:M706L,-8.60144329071045
H685P:L688S,-3.6603574752807617
H685P:K687T,-2.197826862335205
H685P:K687R,-4.618752479553223
H685P:K687I,-5.996308326721191
H685P:I703T,-10.243921279907227
H685P:I702V,-5.5490899085998535
H685N:V711A,-8.322407722473145
H685N:V711D,-11.464093208312988
H685N:V711I,-5.999920845031738
H685P:V711D,-11.7772855758667
H685P:E693V,-3.1864633560180664
H685P:G696C,-3.559000015258789
H685P:G708S,-7.079746246337891
H685P:G709C,-6.457550048828125
H685P:G709D,-7.7744245529174805
H685Q:A692E,-9.662662506103516
H685Q:A692G,-5.966316223144531
H685Q:F690L,-7.905742168426514
H685Q:F690S,-7.55110502243042
H685Q:F690Y,-7.487044334411621
H685Q:E693V,-5.378774642944336
H685Q:G696A,-5.857329845428467
H685Q:G696C,-5.751311302185059
H685Q:G696S,-4.937657356262207
H685Q:G700C,-7.400257110595703
H685N:V710I,-2.1737465858459473
H685Q:A692T,-7.402804374694824
H685Q:A701E,-12.29570484161377
H685Q:A701S,-9.617559432983398
H685Q:A701T,-3.825428009033203
H685Q:A701V,-2.9268486499786377
H685Q:G700S,-10.04955768585205
H685N:V707M,-3.569030523300171
H685N:G696C,-3.245807647705078
H685N:G696S,-2.4321537017822266
H685N:G708C,-4.848764419555664
H685N:G709C,-6.144357681274414
H685N:G709D,-7.4612321853637695
H685N:G709S,-6.931998252868652
H685N:I702V,-5.235897541046143
H685N:I703F,-8.937545776367188
H685N:I703N,-10.349287033081055
H685N:I703T,-9.930728912353516
H685N:I703V,-5.954355239868164
H685N:A692T,-4.897300720214844
H685N:A701T,-1.3199244737625122
H685N:A701V,-0.4213449954986572
H685N:E693G,0.9669276475906372
H685N:E693V,-2.8732709884643555
H685N:F690L,-5.400238513946533
H685N:F690Y,-4.981540679931641
H685N:N698I,-1.439152717590332
H685N:N698S,-6.7960991859436035
H685N:N698Y,-1.5721111297607422
H685N:N698D,-10.121722221374512
H685N:S697P,-6.838408470153809
H685N:V689A,-4.148664951324463
H685N:V689E,-4.428301811218262
H685N:V707E,-9.742048263549805
H685N:M706T,-9.305424690246582
H685N:M706L,-8.288250923156738
H685N:K687E,-6.433434009552002
H685N:K687I,-5.6831159591674805
H685N:K687N,-1.49200439453125
H685N:K699E,-7.733835220336914
H685N:K699I,-7.979521751403809
H685N:V710A,-8.432101249694824
H685N:K699R,-4.054288864135742
H685N:L688M,-2.1846518516540527
H685N:L688S,-3.347165107727051
H685N:L705I,0.9027652740478516
H685N:L705P,-8.358766555786133
H685N:L688F,-0.6799414157867432
H685L:A701V,-2.725548028945923
K687T:V711A,-9.525196075439453
K687E:K699E,-13.485422134399414
K687E:I703V,-11.705942153930664
K687E:I703T,-15.682315826416016
K687E:I703N,-16.100873947143555
K687E:I703F,-14.689132690429688
K687E:I702V,-10.9874849319458
K687E:I702M,-14.050317764282227
K687E:G709S,-12.683586120605469
K687E:G709D,-13.212820053100586
K687E:G709C,-11.895944595336914
K687E:G708V,-13.959598541259766
K687E:G708S,-12.51814079284668
K687E:G708D,-14.50721549987793
K687E:G708C,-10.600351333618164
K687E:G704V,-14.92995834350586
K687E:G704R,-14.156255722045898
K687E:G704E,-15.085226058959961
K687E:G700S,-13.29564094543457
K687E:G700D,-15.631820678710938
K687E:K699I,-13.731109619140625
K687E:K699R,-9.805876731872559
K687E:K699T,-12.094928741455078
K687E:V689M,-9.483524322509766
K687E:V689E,-10.179889678955078
K687E:V689A,-9.900252342224121
K687E:S697P,-12.589996337890625
K687E:N698Y,-7.3236985206604
K687E:N698T,-12.399120330810547
K687E:N698S,-12.547686576843262
K687E:N698I,-7.19074010848999
K687E:N698D,-15.873310089111328
K687E:M706T,-15.057012557983398
K687E:M706L,-14.039838790893555
K687E:L705P,-14.110353469848633
K687E:L705I,-4.848822116851807
K687E:L705F,-10.984649658203125
K687E:L688V,-6.2717132568359375
K687E:L688S,-9.098752975463867
K687E:L688M,-7.936239242553711
K687E:L688F,-6.4315290451049805
K687E:G700C,-10.646341323852539
K687E:G696V,-8.457036018371582
K687E:A692T,-10.648887634277344
K687E:A692E,-12.908746719360352
K687N:A701E,-10.600358963012695
K687N:A701P,-5.355746269226074
K687N:A701T,-2.130082130432129
K687N:A701V,-1.2315027713775635
K687N:E693G,0.15676987171173096
K687N:E693V,-3.6834287643432617
K687N:F690L,-6.2103962898254395
K687N:F690S,-5.855759143829346
K687N:F690Y,-5.791698455810547
K687N:G696A,-4.161983966827393
K687E:G696S,-8.183740615844727
K687E:A701E,-15.541788101196289
K687E:A701S,-12.863642692565918
K687E:G696C,-8.997394561767578
K687E:G696A,-9.103413581848145
K687E:F690Y,-10.73312759399414
K687E:F690S,-10.797188758850098
K687E:F690L,-11.151825904846191
K687E:E693V,-8.624858856201172
K687E:E693G,-4.7846598625183105
K687E:A701V,-6.1729326248168945
K687E:A701T,-7.071511745452881
K687E:A701P,-10.297176361083984
K687E:V707A,-12.976015090942383
K687I:M706T,-14.306694030761719
K687I:M706L,-13.289520263671875
K687I:L705V,-5.5944061279296875
K687I:L705P,-13.36003589630127
K687I:L705I,-4.098504066467285
K687I:L705F,-10.234331130981445
K687I:L688S,-8.348434448242188
K687I:L688M,-7.1859211921691895
K687I:L688F,-5.681210517883301
K687I:K699R,-9.055558204650879
K687I:K699I,-12.980791091918945
K687I:K699E,-12.73510456085205
K687I:I703V,-10.9556245803833
K687I:I703T,-14.931998252868652
K687I:I703N,-15.350556373596191
K687I:I703F,-13.938815116882324
K687I:I702V,-10.237167358398438
K687I:N698D,-15.122991561889648
K687I:N698I,-6.440422058105469
K687I:N698Y,-6.573380470275879
K687N:A692G,-4.270970344543457
K687N:A692E,-7.967316627502441
K687I:V711L,-13.238924026489258
K687I:V711I,-11.001190185546875
K687I:V711G,-14.709635734558105
K687I:V711D,-16.465362548828125
K687I:V711A,-13.323677062988281
K687I:V710I,-7.175015926361084
K687I:V710A,-13.433370590209961
K687I:V707M,-8.570300102233887
K687I:V707G,-12.715353012084961
K687I:V707E,-14.743317604064941
K687I:V707A,-12.22569751739502
K687I:V689M,-8.733205795288086
K687I:V689G,-8.382548332214355
K687I:V689E,-9.429571151733398
K687I:V689A,-9.149934768676758
K687I:S697P,-11.839677810668945
K687I:N698S,-11.797369003295898
K687I:G709S,-11.933267593383789
K687I:G709D,-12.462501525878906
K687I:A701V,-5.422614097595215
K687I:A701T,-6.321193695068359
K687I:A701S,-12.113325119018555
K687I:A701P,-9.546857833862305
K687I:A701G,-8.12149429321289
K687I:A692T,-9.89857006072998
K687I:A692G,-8.462081909179688
K687I:A692E,-12.158428192138672
K687E:V711L,-13.989242553710938
K687E:V711I,-11.751508712768555
K687E:V711D,-17.215681076049805
K687E:V711A,-14.073995590209961
K687E:V710I,-7.9253339767456055
K687E:V710F,-13.44533920288086
K687E:V710A,-14.18368911743164
K687E:V707M,-9.32061767578125
K687E:V707L,-5.578430652618408
K687E:V707G,-13.46567153930664
K687E:V707E,-15.493635177612305
K687I:G709C,-11.14562702178955
K687I:G708V,-13.209280967712402
K687I:G708S,-11.767823219299316
K687I:G708D,-13.756897926330566
K687I:G708C,-9.8500337600708
K687I:G704V,-14.17963981628418
K687I:G704R,-13.405937194824219
K687I:G704E,-14.334907531738281
K687I:G700D,-14.881503105163574
K687I:G700C,-9.89602279663086
K687I:G696V,-7.7067179679870605
K687I:G696S,-7.433423042297363
K687I:G696R,-8.183343887329102
K687N:G696C,-4.055965423583984
K687I:G696C,-8.247076988220215
K687I:F690Y,-9.982810020446777
K687I:F690S,-10.046871185302734
K687I:F690L,-10.401508331298828
K687I:E693V,-7.874540328979492
K687I:E693G,-4.034341812133789
K687N:G696S,-3.242311477661133
K687N:G700C,-5.704911231994629
K687R:I703N,-13.973000526428223
K687R:I703T,-13.554442405700684
K687R:I703V,-9.578068733215332
K687R:K699E,-11.357548713684082
K687R:K699I,-11.603235244750977
K687R:K699R,-7.67800235748291
K687R:L688F,-4.303654670715332
K687R:I703F,-12.561259269714355
K687R:L688M,-5.808365345001221
K687R:L705F,-8.856775283813477
K687R:L705I,-2.7209482192993164
K687R:L705P,-11.9824800491333
K687R:M706L,-11.911964416503906
K687R:M706T,-12.92913818359375
K687R:N698D,-13.74543571472168
K687R:N698I,-5.0628662109375
K687R:N698S,-10.41981315612793
K687R:L688S,-6.970878601074219
K687R:I702V,-8.859611511230469
K687R:E693V,-6.496984481811523
K687R:F690L,-9.02395248413086
K687R:F690Y,-8.605254173278809
K687R:G696C,-6.869521141052246
K687R:G696R,-6.805787563323975
K687R:G696S,-6.0558671951293945
K687R:G700C,-8.51846694946289
K687R:G700D,-13.503947257995605
K687R:G704E,-12.957351684570312
K687R:G704R,-12.02838134765625
K687R:G704V,-12.802083969116211
K687R:G708C,-8.472477912902832
K687R:G708D,-12.379342079162598
K687R:G708S,-10.390267372131348
K687R:G708V,-11.831725120544434
K687R:G709C,-9.768071174621582
K687R:G709D,-11.084945678710938
K687R:G709R,-13.196420669555664
K687R:G709S,-10.55571174621582
K687R:N698T,-10.271246910095215
K687R:N698Y,-5.19582462310791
K687R:S697P,-10.462121963500977
K687T:G708C,-6.0515522956848145
K687T:G708S,-7.96934175491333
K687T:G709C,-7.3471455574035645
K687T:G709D,-8.664020538330078
K687T:I702V,-6.438685417175293
K687T:I703T,-11.133516311645508
K687T:K699E,-8.936622619628906
K687T:K699I,-9.182310104370117
K687T:K699R,-5.257077217102051
K687T:L688W,-2.869983673095703
K687T:L705P,-9.561553955078125
K687T:M706L,-9.491039276123047
K687T:N698D,-11.32451057434082
K687T:N698Y,-2.7748990058898926
K687T:V689L,-6.2706828117370605
K687T:V707A,-8.427215576171875
K687T:V707E,-10.944835662841797
K687T:G700C,-6.097541332244873
K687R:E693G,-2.6567859649658203
K687R:V689A,-7.772378444671631
K687R:V689E,-8.05201530456543
K687R:V689M,-7.355649948120117
K687R:V707A,-10.84814167022705
K687R:V707E,-13.365761756896973
K687R:V707G,-11.337797164916992
K687R:V707L,-3.450556755065918
K687R:V707M,-7.192744255065918
K687R:V710A,-12.055814743041992
K687R:V710I,-5.797460079193115
K687R:V711A,-11.946121215820312
K687R:V711D,-15.087806701660156
K687R:V711I,-9.623634338378906
K687T:A692T,-6.100088596343994
K687T:A701T,-2.522712230682373
K687T:E693G,-0.23586022853851318
K687R:E693A,-3.4540467262268066
K687N:L705I,0.09260749816894531
K687N:L705P,-9.168924331665039
K687N:M706L,-9.098408699035645
K687N:M706T,-10.115582466125488
K687N:N698D,-10.931879997253418
K687N:N698I,-2.2493104934692383
K687N:N698S,-7.60625696182251
K687N:N698Y,-2.3822689056396484
K687N:S697P,-7.648566246032715
K687N:V689A,-4.958822727203369
K687N:V689E,-5.238459587097168
K687N:V689M,-4.5420942306518555
K687N:V707A,-8.034585952758789
K687N:V707E,-10.552206039428711
K687N:V707G,-8.52424144744873
K687N:V707M,-4.379188537597656
K687N:V710A,-9.24225902557373
K687N:L705F,-6.043219566345215
K687N:V710I,-2.9839043617248535
K687N:L688S,-4.157322883605957
K687N:L688F,-1.4900991916656494
K687N:G700D,-10.690391540527344
K687N:G704E,-10.14379596710205
K687N:G704R,-9.214825630187988
K687N:G704V,-9.98852825164795
K687N:G708C,-5.65892219543457
K687N:G708D,-9.565786361694336
K687N:G708S,-7.576711654663086
K687N:G708V,-9.018169403076172
K687N:G709C,-6.95451545715332
K687N:G709D,-8.271389961242676
K687N:G709S,-7.742156028747559
K687N:I702V,-6.046055316925049
K687N:I703F,-9.747703552246094
K687N:I703N,-11.159444808959961
K687N:I703T,-10.740886688232422
K687N:I703V,-6.76451301574707
K687N:K699E,-8.54399299621582
K687N:K699I,-8.789679527282715
K687N:K699R,-4.864446640014648
K687N:L688M,-2.994809627532959
K687T:V711D,-12.666881561279297
K687N:V711A,-9.13256549835205
K687N:V711I,-6.8100786209106445
K687Q:L705P,-10.54893970489502
K687Q:N698D,-12.311895370483398
K687Q:S697P,-9.028581619262695
K687Q:V689A,-6.33883810043335
K687Q:V707E,-11.932221412658691
K687Q:V710A,-10.622274398803711
K687Q:V711A,-10.512580871582031
K687Q:V711D,-13.654266357421875
K687R:A692E,-10.780872344970703
K687R:A692G,-7.084526062011719
K687R:A692T,-8.521014213562012
K687R:A701E,-13.413914680480957
K687R:A701S,-10.735769271850586
K687R:A701T,-4.943637847900391
K687R:A701V,-4.045058250427246
K687N:V711D,-12.274250984191895
K687Q:L688S,-5.5373382568359375
K687Q:K699R,-6.244462013244629
K687Q:E693V,-5.063444137573242
K687Q:F690L,-7.59041166305542
K687Q:G696C,-5.435980796813965
K687Q:G696R,-5.372247219085693
K687Q:G696V,-4.8956217765808105
K687Q:G700C,-7.084926605224609
K687Q:G704R,-10.594841003417969
K687Q:G708C,-7.038937568664551
K687Q:G708D,-10.945801734924316
K687Q:G709C,-8.3345308303833
K687Q:G709S,-9.122171401977539
K687Q:I703F,-11.127718925476074
K687Q:I703N,-12.539460182189941
K687Q:I703T,-12.120902061462402
K687Q:K699E,-9.9240083694458
K687Q:K699I,-10.169694900512695
K687Q:L688M,-4.3748250007629395
K687N:A692T,-5.70745849609375
L688M:G704V,-10.681175231933594
L688M:G708C,-6.351569652557373
L688M:G708D,-10.258434295654297
L688M:G708S,-8.269359588623047
L688M:G709C,-7.647162914276123
L688M:G709D,-8.96403694152832
L688M:G709R,-11.075511932373047
L688M:G709S,-8.434803009033203
L688M:I702V,-6.738702774047852
L688M:I703F,-10.440351486206055
L688M:I703N,-11.852092742919922
L688M:I703T,-11.433534622192383
L688M:I703V,-7.457160472869873
L688M:K699E,-9.236640930175781
L688M:K699I,-9.48232650756836
L688M:G704R,-9.907472610473633
L688M:G704E,-10.836442947387695
L688M:G704A,-9.696361541748047
L688M:E693G,-0.5358775854110718
L688M:E693V,-4.3760762214660645
L688M:K699R,-5.557094573974609
L688M:F690L,-6.903043746948242
L688M:F690Y,-6.48434591293335
L688M:G696C,-4.748612880706787
L688M:G696S,-3.9349589347839355
L688M:G700C,-6.397558689117432
L688M:G700D,-11.383039474487305
L688M:G700S,-9.046859741210938
L688M:F690S,-6.548406600952148
L688M:L705F,-6.735867023468018
L688M:L705I,-0.6000399589538574
L688M:V711A,-9.825212478637695
L688M:V711D,-12.966897964477539
L688M:V711I,-7.502726078033447
L688S:A692E,-9.822477340698242
L688S:A692T,-7.562619209289551
L688S:A701E,-12.455519676208496
L688S:A701T,-3.9852428436279297
L688S:A701V,-3.0866634845733643
L688S:E693G,-1.6983908414840698
L688S:E693V,-5.5385894775390625
L688M:V710I,-3.6765518188476562
L688M:V710A,-9.934906005859375
L688M:V707M,-5.071835517883301
L688M:L705P,-9.861572265625
L688M:L705R,-10.940370559692383
L688M:M706L,-9.791055679321289
L688M:M706T,-10.808229446411133
L688M:N698D,-11.624526977539062
L688M:N698I,-2.941957950592041
L688M:N698S,-8.298904418945312
L688M:N698T,-8.150339126586914
L688M:S697P,-8.34121322631836
L688M:V689A,-5.651470184326172
L688M:V689E,-5.931107044219971
L688M:V689G,-4.884084701538086
L688M:V689M,-5.234741687774658
L688M:V707A,-8.72723388671875
L688M:V707E,-11.244853973388672
L688M:N698Y,-3.074916362762451
L688M:A701V,-1.9241502285003662
L688M:A701T,-2.8227295875549316
L688F:G696C,-3.2439024448394775
L688F:G696R,-3.180168867111206
L688F:G696S,-2.430248498916626
L688F:G700C,-4.892848014831543
L688F:G700D,-9.878328323364258
L688F:G700S,-7.542148590087891
L688F:G704E,-9.331732749938965
L688F:G704R,-8.402762413024902
L688F:G708C,-4.846858978271484
L688F:G708D,-8.75372314453125
L688F:G708S,-6.7646484375
L688F:G708V,-8.206106185913086
L688F:G709C,-6.142452239990234
L688F:G709D,-7.45932674407959
L688F:G709S,-6.930092811584473
L688F:I702V,-5.233992576599121
L688F:I703F,-8.935640335083008
L688F:I703N,-10.347381591796875
L688F:I703T,-9.928823471069336
L688F:I703V,-5.952449798583984
L688F:F690Y,-4.979635238647461
L688F:A692T,-4.895395278930664
L688F:A701E,-9.78829574584961
L688F:A701G,-3.118319272994995
L688F:A701P,-4.543683052062988
L688F:A701S,-7.110150337219238
L688F:A701T,-1.3180192708969116
L688F:A701V,-0.41943979263305664
L688F:E693G,0.9688328504562378
L688F:E693V,-2.871365785598755
L688F:F690L,-5.398333549499512
L688F:F690S,-5.043696403503418
L688F:V707A,-7.222522735595703
L688F:V707E,-9.740142822265625
L688F:V707G,-7.7121782302856445
L688F:V707M,-3.5671253204345703
L688F:V710A,-8.430195808410645
L688F:V710F,-7.69184684753418
L688F:V710G,-9.843404769897461
L688F:V710I,-2.1718413829803467
L688F:V711A,-8.320502281188965
L688F:V711D,-11.462187767028809
L688F:V711I,-5.998015403747559
L688M:A692E,-8.659963607788086
L688M:A692T,-6.400105953216553
L688M:A701E,-11.293006896972656
L688M:A701G,-4.623029708862305
L688M:A701P,-6.048393726348877
L688M:A701S,-8.614860534667969
L688F:K699E,-7.731929779052734
L688F:K699I,-7.977616310119629
L688F:K699R,-4.052383899688721
L688F:L705F,-5.231156349182129
L688F:L705P,-8.356861114501953
L688F:M706L,-8.286345481872559
L688F:M706T,-9.303519248962402
L688F:N698D,-10.119816780090332
L688F:N698I,-1.4372475147247314
L688F:N698S,-6.794194221496582
L688F:N698Y,-1.5702059268951416
L688F:S697P,-6.836503028869629
L688F:V689A,-4.146759986877441
L688F:V689E,-4.426396369934082
L688F:V689G,-3.3793740272521973
L688F:V689M,-3.7300312519073486
L688M:G708V,-9.710817337036133
L688S:F690S,-7.7109198570251465
L688V:N698D,-9.960000991821289
L688V:K699R,-3.892568349838257
L688V:K699I,-7.817800998687744
L688V:G709S,-6.770277500152588
L688V:G696S,-2.270432949066162
L688V:F690L,-5.238517761230469
L688V:A701V,-0.2596242427825928
L688S:V711L,-10.902973175048828
L688S:V707A,-9.88974666595459
L688S:V707E,-12.407366752624512
L688S:V707M,-6.234349250793457
L688V:N698I,-1.2774319648742676
L688S:V710A,-11.097419738769531
L688S:V710F,-10.35906982421875
L688S:V710G,-12.510628700256348
L688S:V710I,-4.839065074920654
L688S:V711A,-10.987726211547852
L688S:V711D,-14.129411697387695
L688S:V711I,-8.665239334106445
L688V:S697P,-6.676687717437744
L688S:F690L,-8.065557479858398
L688W:M706T,-10.290773391723633
L688W:N698D,-11.107070922851562
L688W:N698I,-2.424501895904541
L688W:N698Y,-2.557460308074951
L688W:S697P,-7.823757648468018
L688W:V711A,-9.307756423950195
L688W:K699I,-8.96487045288086
L688W:K699E,-8.719184875488281
L688V:V710A,-8.270380020141602
L688V:V711D,-11.302371978759766
L688W:A701V,-1.4066941738128662
L688V:V689M,-3.5702157020568848
L688W:E693V,-3.8586201667785645
L688W:G704R,-9.390016555786133
L688W:G709S,-7.917347431182861
L688W:I703N,-11.334636688232422
L688V:G709D,-7.299511432647705
L688S:V689L,-7.733213424682617
L688S:I703N,-13.014605522155762
L688S:I703F,-11.602864265441895
L688S:I702V,-7.90121603012085
L688S:G709S,-9.59731674194336
L688S:G709D,-10.126550674438477
L688S:G709C,-8.809676170349121
L688S:G696C,-5.911126136779785
L688S:G708V,-10.873330116271973
L688S:G708S,-9.431872367858887
L688S:G708D,-11.420947074890137
L688S:G708C,-7.514082908630371
L688S:G704V,-11.84368896484375
L688S:G704R,-11.069986343383789
L688S:G704E,-11.998956680297852
L688S:G696S,-5.097472190856934
L688S:G700C,-7.56007194519043
L688S:I703T,-12.596047401428223
L688S:F690Y,-7.646859169006348
L688S:G700D,-12.545552253723145
L688S:V689M,-6.397254943847656
L688S:G700S,-10.209372520446777
L688S:I703V,-8.619673728942871
L688S:G709A,-11.417488098144531
L688S:N698I,-4.104471206665039
L688S:N698S,-9.461418151855469
L688S:N698T,-9.312851905822754
L688S:N698D,-12.787040710449219
L688S:N698Y,-4.237429618835449
L688S:S697P,-9.503726959228516
L688S:V689A,-6.81398344039917
L688S:V689E,-7.093620300292969
L688S:V689G,-6.046597480773926
L688S:G696A,-6.017144680023193
L688S:M706L,-10.953569412231445
L688S:M706T,-11.970743179321289
L688S:L705F,-7.898380279541016
L688S:K699R,-6.719607353210449
L688S:L705P,-11.02408504486084
L688S:L705I,-1.7625532150268555
L688S:K699E,-10.399153709411621
L688S:K699I,-10.644840240478516
V689A:L705I,-2.5640530586242676
V689A:K699R,-7.5211076736450195
V689A:L705F,-8.699880599975586
V689A:L705P,-11.825584411621094
V689A:L705V,-4.05995512008667
V689A:S697P,-10.305227279663086
V689A:L705R,-12.904382705688477
V689A:N698T,-10.114351272583008
V689A:N698I,-4.905971050262451
V689A:N698D,-13.588541030883789
V689A:M706L,-11.755069732666016
V689A:N698S,-10.262917518615723
V689A:N698Y,-5.038929462432861
V689A:G708C,-8.315582275390625
V689A:K699I,-11.446340560913086
V689A:G696V,-6.172266960144043
V689A:G700C,-8.361572265625
V689A:G700D,-13.347051620483398
V689A:G700S,-11.010871887207031
V689A:G704E,-12.800457000732422
V689A:G704R,-11.87148666381836
V689A:G708D,-12.22244644165039
V689A:G708R,-11.937379837036133
V689A:G708S,-10.23337173461914
V689A:G708V,-11.674829483032227
V689A:G709C,-9.611175537109375
V689A:G709D,-10.928050994873047
V689A:G709R,-13.039525985717773
V689A:G709S,-10.39881706237793
V689A:I702V,-8.702715873718262
V689A:I703F,-12.404363632202148
V689A:I703N,-13.816104888916016
V689A:I703T,-13.397546768188477
V689A:I703V,-9.421173095703125
V689A:K699E,-11.200653076171875
V689A:V707A,-10.691246032714844
V689E:G708D,-12.502083778381348
V689A:V707L,-3.293661594390869
V689E:G696V,-6.451903820037842
V689E:G696S,-6.1786088943481445
V689E:G696R,-6.928529262542725
V689E:G696C,-6.992262840270996
V689E:G696A,-7.098281383514404
V689E:G700C,-8.64120864868164
V689E:F690Y,-8.727995872497559
V689E:F690S,-8.792057037353516
V689E:F690L,-9.14669418334961
V689E:G700D,-13.626688957214355
V689E:G709S,-10.67845344543457
V689E:G709D,-11.207687377929688
V689E:G709C,-9.890812873840332
V689E:G700S,-11.290509223937988
V689E:G708V,-11.954466819763184
V689A:G696S,-5.898972034454346
V689E:G708C,-8.595219612121582
V689E:G704V,-12.924825668334961
V689E:G704R,-12.151123046875
V689E:G704E,-13.080093383789062
V689E:G704A,-11.940011024475098
V689E:G708S,-10.513009071350098
V689E:E693V,-6.619726181030273
V689E:E693G,-2.7795276641845703
V689E:A692P,-9.516925811767578
V689E:A692G,-7.207267761230469
V689E:A692E,-10.903614044189453
V689E:A692T,-8.643755912780762
V689A:V711L,-11.704473495483398
V689A:V711D,-14.930912017822266
V689A:V711A,-11.789226531982422
V689A:V710I,-5.640564918518066
V689A:V710A,-11.898920059204102
V689A:V707M,-7.035848617553711
V689A:V711I,-9.466739654541016
V689E:A701E,-13.536656379699707
V689E:A701G,-6.866679668426514
V689E:E693A,-3.5767884254455566
V689E:A701V,-4.167799949645996
V689E:A701T,-5.066379547119141
V689E:A701S,-10.858510971069336
V689A:V707E,-13.208866119384766
V689E:M706T,-13.0518798828125
V689G:G696C,-5.945240020751953
V689G:E693V,-5.5727033615112305
V689G:E693G,-1.732504963874817
V689E:V711L,-11.984109878540039
V689E:V711I,-9.746376037597656
V689E:V711D,-15.210548400878906
V689E:V711A,-12.068862915039062
V689E:V710L,-10.392553329467773
V689E:V710I,-5.920201778411865
V689E:V710A,-12.178556442260742
V689E:V707M,-7.315485954284668
V689E:V707L,-3.573298454284668
V689E:V707E,-13.488503456115723
V689E:V707A,-10.9708833694458
V689G:G696S,-5.131586074829102
V689G:G696V,-5.404881477355957
V689G:G700D,-12.579666137695312
V689E:I702V,-8.982353210449219
V689G:V711D,-14.163525581359863
V689G:V711A,-11.02184009552002
V689G:V707M,-6.268463134765625
V689G:V707A,-9.923860549926758
V689G:S697P,-9.537840843200684
V689G:N698Y,-4.271543502807617
V689G:N698I,-4.138585090637207
V689G:N698D,-12.821154594421387
V689G:K699R,-6.753721714019775
V689G:K699E,-10.433267593383789
V689G:I703T,-12.63016128540039
V689G:I703N,-13.04871940612793
V689G:I702V,-7.935330390930176
V689G:G709C,-8.843790054321289
V689G:G700C,-7.594185829162598
V689E:S697P,-10.584863662719727
V689A:A692P,-9.237289428710938
V689A:A692T,-8.364118576049805
V689A:A701E,-13.25701904296875
V689A:A701S,-10.578873634338379
V689A:A701T,-4.786742687225342
V689A:A701V,-3.8881633281707764
V689A:E693G,-2.4998908042907715
V689A:E693V,-6.340089321136475
V689A:F690L,-8.867056846618652
V689A:F690S,-8.512419700622559
V689A:F690Y,-8.448358535766602
V689A:A692G,-6.927631378173828
V689A:A692E,-10.623977661132812
V689E:I703F,-12.684000968933105
V689E:N698Y,-5.31856632232666
V689E:N698T,-10.393988609313965
V689E:N698S,-10.54255485534668
V689E:N698I,-5.18560791015625
V689E:N698D,-13.86817741394043
V689E:M706L,-12.034706115722656
V689E:L705V,-4.339591979980469
V689E:L705P,-12.10522174835205
V689A:G696C,-6.712625980377197
V689E:L705I,-2.8436899185180664
V689E:L705F,-8.979516983032227
V689E:K699T,-10.089797019958496
V689E:K699R,-7.80074405670166
V689E:K699I,-11.725976943969727
V689E:K699E,-11.480290412902832
V689E:I703V,-9.700810432434082
V689E:I703T,-13.677184104919434
V689E:I703N,-14.095742225646973
V689M:L705F,-8.283151626586914
V689M:K699R,-7.104378700256348
V689M:K699I,-11.029611587524414
V689M:K699E,-10.78392505645752
V689M:I703V,-9.00444507598877
V689M:I703T,-12.980818748474121
V689M:I703N,-13.39937686920166
V689M:I703F,-11.987635612487793
V689M:I702V,-8.285987854003906
V689M:G709S,-9.982088088989258
V689M:G709D,-10.511322021484375
V689M:G709C,-9.19444751739502
V689M:G708V,-11.258101463317871
V689M:G708S,-9.816643714904785
V689M:G708D,-11.805718421936035
V689M:G708C,-7.8988542556762695
V689M:G704R,-11.454757690429688
V689M:G704E,-12.38372802734375
V689M:G704A,-11.243645668029785
V689M:L705I,-2.147324562072754
V689M:G700D,-12.930323600769043
V689M:L705P,-11.408856391906738
V689M:V711I,-9.050010681152344
V689M:V711D,-14.514183044433594
V689M:V711A,-11.37249755859375
V689M:V710I,-5.223836421966553
V689M:V710A,-11.48219108581543
V689M:V707M,-6.6191205978393555
V689M:V707L,-2.8769330978393555
V689M:V707E,-12.79213809967041
V689M:V707A,-10.274518013000488
V689M:S697P,-9.888498306274414
V689M:N698Y,-4.622200965881348
V689M:N698T,-9.697623252868652
V689M:N698S,-9.846189498901367
V689M:N698I,-4.4892425537109375
V689M:N698D,-13.171812057495117
V689M:M706T,-12.355514526367188
V689M:M706L,-11.338340759277344
V689M:G700C,-7.944843292236328
V689M:G696R,-6.232163906097412
V689L:V711D,-15.850141525268555
V689L:V707M,-7.955079078674316
V689L:V707E,-14.128096580505371
V689L:N698Y,-5.958159446716309
V689L:N698I,-5.825201034545898
V689L:N698D,-14.507770538330078
V689L:L705P,-12.7448148727417
V689L:K699R,-8.440337181091309
V689L:K699I,-12.365570068359375
V689L:G709S,-11.318046569824219
V689L:G709C,-10.53040599822998
V689L:G708S,-11.152602195739746
V689L:G708C,-9.23481273651123
V689L:G704E,-13.719686508178711
V689L:G696S,-6.818202018737793
V689L:G696C,-7.6318559646606445
V689L:A701V,-4.8073930740356445
V689M:G696S,-5.482243537902832
V689M:A692E,-10.20724868774414
V689M:A692G,-6.510902404785156
V689L:F690Y,-9.367588996887207
V689M:A692T,-7.947390556335449
V689M:G696C,-6.295897483825684
V689M:G696A,-6.401916027069092
V689M:F690Y,-8.031630516052246
V689M:F690S,-8.095691680908203
V689M:F690L,-8.450328826904297
V689M:E693V,-5.923360824584961
V689M:E693G,-2.083162307739258
V689M:E693A,-2.880423069000244
V689M:A701E,-12.840291023254395
V689M:A701T,-4.370014190673828
V689M:A701V,-3.4714348316192627
V689M:A701S,-10.162145614624023
F690S:V711D,-15.827848434448242
F690S:V711A,-12.686162948608398
F690S:V710I,-6.537501335144043
F690S:V710A,-12.795856475830078
F690S:V707M,-7.9327850341796875
F690S:V711I,-10.363676071166992
F690S:V707A,-11.58818244934082
F690S:S697P,-11.202163696289062
F690S:N698Y,-5.935865879058838
F690S:N698S,-11.1598539352417
F690S:N698I,-5.802907466888428
F690S:N698D,-14.485477447509766
F690S:M706T,-13.669179916381836
F690S:V707E,-14.105802536010742
F690S:M706L,-12.652006149291992
F690S:L705P,-12.72252082824707
F690S:G700S,-11.907808303833008
F690S:G704E,-13.697393417358398
F690S:G704R,-12.768423080444336
F690S:L705I,-3.460989475250244
F690S:K699R,-8.418044090270996
F690S:K699I,-12.343276977539062
F690S:K699E,-12.097589492797852
F690S:I703V,-10.318109512329102
F690S:I703T,-14.294483184814453
F690S:I703N,-14.713041305541992
F690S:I703F,-13.301300048828125
F690S:I702V,-9.599652290344238
F690S:G709S,-11.295753479003906
F690S:G709D,-11.824987411499023
F690S:G709C,-10.508111953735352
F690S:G708S,-11.130308151245117
F690S:G708D,-13.119382858276367
F690S:G708C,-9.212518692016602
F690Y:L705V,-4.892830848693848
F690Y:L705P,-12.65846061706543
F690Y:L705I,-3.3969287872314453
F690Y:L705F,-9.532755851745605
F690Y:K699R,-8.353982925415039
F690Y:K699I,-12.279215812683105
F690Y:K699E,-12.033529281616211
F690Y:I703V,-10.254049301147461
F690Y:I703T,-14.230422973632812
F690Y:I703N,-14.648981094360352
F690Y:I703F,-13.237239837646484
F690Y:I702V,-9.535591125488281
F690L:V711D,-16.182485580444336
F690Y:M706L,-12.587944984436035
F690Y:M706T,-13.605118751525879
F690Y:V711I,-10.299614906311035
F690Y:V711D,-15.763787269592285
F690Y:V711A,-12.622101783752441
F690Y:V710L,-10.945791244506836
F690Y:V710I,-6.473440647125244
F690Y:V710A,-12.731795310974121
F690Y:V707M,-7.868724822998047
F690Y:V707L,-4.126537322998047
F690Y:V707G,-12.013777732849121
F690Y:V707E,-14.041742324829102
F690Y:V707A,-11.52412223815918
F690Y:S697P,-11.138102531433105
F690Y:N698Y,-5.871805191040039
F690Y:N698S,-11.095792770385742
F690Y:N698I,-5.738846778869629
F690Y:N698D,-14.421416282653809
F690Y:G709S,-11.23169231414795
F690Y:G709D,-11.760926246643066
F690Y:G709C,-10.444051742553711
F690Y:G708V,-12.507705688476562
F690Y:A701V,-4.721038818359375
F690Y:A701T,-5.6196184158325195
F690Y:A701S,-11.411748886108398
F690Y:A701E,-14.089895248413086
F690Y:A692T,-9.19699478149414
F690Y:A692E,-11.456852912902832
F690Y:G708S,-11.066247940063477
F690Y:G708D,-13.055322647094727
F690Y:G708C,-9.148458480834961
F690Y:G704R,-12.704361915588379
F690Y:G704E,-13.633332252502441
F690Y:G700S,-11.843748092651367
F690Y:G700D,-14.179927825927734
F690Y:G700C,-9.19444751739502
F690Y:G696V,-7.005142688751221
F690Y:G696S,-6.731847763061523
F690Y:G696C,-7.545501708984375
F690Y:E693V,-7.172965049743652
F690Y:E693G,-3.332766532897949
F690L:G709C,-10.862749099731445
F690L:G709D,-12.179624557495117
F690L:G709R,-14.291099548339844
F690L:G709S,-11.650390625
F690L:I702V,-9.954289436340332
F690L:I703F,-13.655937194824219
F690L:I703N,-15.067678451538086
F690L:G708V,-12.926403045654297
F690L:I703T,-14.649120330810547
F690L:K699E,-12.452226638793945
F690L:K699I,-12.697914123535156
F690L:K699R,-8.77268123626709
F690L:K699T,-11.06173324584961
F690L:I703V,-10.672746658325195
F690L:G708S,-11.484945297241211
F690L:G708D,-13.474020004272461
F690L:G708C,-9.567155838012695
F690L:E693A,-4.548725128173828
F690L:E693G,-3.751464366912842
F690L:E693V,-7.591662883758545
F690L:G696A,-8.070218086242676
F690L:G696C,-7.964199542999268
F690L:G696R,-7.900465965270996
F690L:G696S,-7.150545597076416
F690L:G696V,-7.423840522766113
F690L:G700C,-9.61314582824707
F690L:G700D,-14.598625183105469
F690L:G700S,-12.262445449829102
F690L:G704A,-12.911947250366211
F690L:G704E,-14.052030563354492
F690L:G704R,-13.12306022644043
F690L:G704V,-13.89676284790039
F690L:L705F,-9.951454162597656
F690L:L705P,-13.077157974243164
F690S:G700C,-9.258508682250977
F690S:G696S,-6.795908451080322
F690S:G696C,-7.609562397003174
F690S:E693V,-7.237025737762451
F690S:E693G,-3.396827220916748
F690S:A701V,-4.785099983215332
F690S:A701T,-5.683679103851318
F690S:A692T,-9.261054992675781
F690L:V711I,-10.718313217163086
F690S:G700D,-14.243988037109375
F690L:V711A,-13.040800094604492
F690L:V710F,-12.41214370727539
F690L:M706L,-13.006643295288086
F690L:M706T,-14.02381706237793
F690L:N698D,-14.84011459350586
F690L:N698I,-6.1575446128845215
F690L:N698S,-11.514491081237793
F690L:N698T,-11.365924835205078
F690L:N698Y,-6.290503025054932
F690L:S697P,-11.556800842285156
F690L:V707A,-11.942819595336914
F690L:V707E,-14.460439682006836
F690L:V707L,-4.5452351570129395
F690L:V707M,-8.287422180175781
F690L:V710A,-13.150493621826172
F690L:V710I,-6.892138481140137
F690L:A692E,-11.875551223754883
F690L:A692G,-8.179204940795898
F690L:A692T,-9.615692138671875
F690L:A701E,-14.50859260559082
F690L:A701G,-7.838616371154785
F690L:A701S,-11.83044719696045
F690L:A701T,-6.038316249847412
F690L:A701V,-5.139737129211426
A692T:G709S,-11.147452354431152
A692T:G709D,-11.67668628692627
A692T:G709C,-10.359811782836914
A692T:G708V,-12.423465728759766
A692T:G708S,-10.98200798034668
A692T:G708D,-12.97108268737793
A692T:G708C,-9.064218521118164
A692T:G708A,-11.417075157165527
A692T:G704E,-13.549092292785645
A692T:G700S,-11.75950813293457
A692T:G700D,-14.095687866210938
A692T:G700C,-9.110207557678223
A692T:G696V,-6.920902729034424
A692T:G696S,-6.647607803344727
A692T:G696R,-7.397528171539307
A692T:G696C,-7.461261749267578
A692T:G704R,-12.620121955871582
A692T:I702V,-9.451351165771484
A692T:I703F,-13.152999877929688
A692T:M706L,-12.503705024719238
A692T:L705P,-12.574220657348633
A692T:L705I,-3.3126888275146484
A692T:L705F,-9.448515892028809
A692T:K699R,-8.269742965698242
A692T:K699I,-12.194975852966309
A692T:K699E,-11.949289321899414
A692T:I703V,-10.169809341430664
A692T:I703T,-14.146183013916016
A692T:I703N,-14.564741134643555
A692T:I703M,-13.941455841064453
A692T:G696A,-7.567280292510986
A692T:M706T,-13.520878791809082
A692T:E693V,-7.0887250900268555
A692T:E693G,-3.2485265731811523
A692T:A701V,-4.636798858642578
A692T:A701T,-5.535378456115723
A692T:A701S,-11.327508926391602
A692T:A701G,-7.335678577423096
A692T:A701E,-14.005655288696289
A692T:N698D,-14.337176322937012
A692T:N698I,-5.654606819152832
A692T:V711D,-15.679547309875488
A692T:V711A,-12.537861824035645
A692T:V710I,-6.389200687408447
A692T:V710F,-11.90920639038086
A692T:V710A,-12.647555351257324
A692T:V707M,-7.78448486328125
A692T:V707L,-4.04229736328125
A692T:V707E,-13.957502365112305
A692T:V711I,-10.215374946594238
A692T:V707A,-11.439882278442383
A692T:S697P,-11.053862571716309
A692T:N698Y,-5.787565231323242
A692T:N698T,-10.862987518310547
A692T:N698S,-11.011552810668945
A692E:G696S,-8.907465934753418
A692E:I703N,-16.824600219726562
A692E:I703T,-16.40604019165039
A692E:I703V,-12.429667472839355
A692E:K699I,-14.454833984375
A692E:K699R,-10.529601097106934
A692E:L705F,-11.7083740234375
A692E:L705I,-5.57254695892334
A692E:L705P,-14.834078788757324
A692E:M706L,-14.76356315612793
A692E:M706T,-15.780736923217773
A692E:N698D,-16.597034454345703
A692E:N698I,-7.914464950561523
A692E:N698S,-13.271411895751953
A692E:N698Y,-8.047423362731934
A692E:S697P,-13.313720703125
A692E:I703F,-15.412858009338379
A692E:I702V,-11.711210250854492
A692E:A701G,-9.595537185668945
A692E:A701T,-7.795236587524414
A692E:A701V,-6.8966569900512695
A692E:E693G,-5.508384704589844
A692E:E693Q,-6.488846778869629
A692E:E693V,-9.348583221435547
A692E:G696C,-9.72111988067627
A692E:G700C,-11.370065689086914
A692E:G700D,-16.355545043945312
A692E:G704R,-14.879980087280273
A692E:G708C,-11.324076652526855
A692E:G709A,-15.227481842041016
A692E:G709C,-12.619669914245605
A692E:G709D,-13.936544418334961
A692E:G709S,-13.407310485839844
A692E:K699E,-14.209147453308105
A692G:N698D,-12.900688171386719
A692G:N698I,-4.218118667602539
A692G:N698S,-9.575065612792969
A692G:N698Y,-4.351077079772949
A692G:S697P,-9.617374420166016
A692G:V711A,-11.101373672485352
A692G:V711D,-14.243059158325195
A692P:E693V,-7.96189546585083
A692P:G696C,-8.334432601928711
A692P:I702V,-10.324522018432617
A692P:N698D,-15.210346221923828
A692P:N698I,-6.527777194976807
A692P:N698Y,-6.660735607147217
A692P:A701V,-5.509969711303711
A692G:K699R,-6.833255290985107
A692P:G709C,-11.232982635498047
A692G:K699I,-10.758487701416016
A692E:V707A,-13.699740409851074
A692E:V707E,-16.217361450195312
A692E:V707M,-10.044342994689941
A692E:V710A,-14.907413482666016
A692E:V711A,-14.797719955444336
A692E:V711D,-17.93940544128418
A692E:V711I,-12.47523307800293
A692E:V710I,-8.649059295654297
A692G:E693V,-5.6522369384765625
A692G:E693G,-1.812038540840149
A692G:I703T,-12.709694862365723
A692G:G709S,-9.71096420288086
A692G:I703N,-13.128252983093262
A692G:G708C,-7.627730369567871
A692G:G696S,-5.211119651794434
A692G:G696C,-6.024773597717285
A692G:G709C,-8.923323631286621
A692G:K699E,-10.512801170349121
E693A:V707E,-8.890535354614258
E693V:A701V,-2.612769365310669
E693A:K699E,-6.882321834564209
E693V:N698T,-8.838957786560059
E693V:N698S,-8.987524032592773
E693V:N698I,-3.6305770874023438
E693V:N698D,-12.313146591186523
E693V:M706T,-11.496849060058594
E693V:M706L,-10.47967529296875
E693V:L705P,-10.550190925598145
E693V:L705I,-1.2886590957641602
E693V:L705F,-7.42448616027832
E693V:K699T,-8.53476619720459
E693V:K699R,-6.245713233947754
E693V:K699I,-10.17094612121582
E693V:N698Y,-3.763535499572754
E693V:S697P,-9.02983283996582
E693V:V711I,-8.19134521484375
E693V:V711G,-11.89979076385498
E693V:V711D,-13.655517578125
E693V:V711A,-10.513832092285156
E693V:V710I,-4.365170955657959
E693V:V710A,-10.623525619506836
E693V:K699E,-9.925259590148926
E693V:V707M,-5.760455131530762
E693V:V707G,-9.905508041381836
E693V:V707E,-11.933472633361816
E693V:V707A,-9.415852546691895
E693V:V707L,-2.0182676315307617
E693V:G700D,-12.07165813446045
E693V:G700C,-7.086177825927734
E693V:G700A,-10.037282943725586
E693V:G696S,-4.623578071594238
E693V:G696C,-5.43723201751709
E693V:G700S,-9.735478401184082
E693A:A701E,-8.938688278198242
E693A:G696S,-1.5806403160095215
E693A:K699I,-7.1280083656311035
E693V:G704E,-11.525062561035156
E693V:G708C,-7.040188789367676
E693V:I703V,-8.145779609680176
E693V:I703T,-12.122153282165527
E693V:I703N,-12.540711402893066
E693V:I703F,-11.1289701461792
E693V:I702V,-7.427321910858154
E693V:G704R,-10.596092224121094
E693V:G709S,-9.123422622680664
E693V:G709R,-11.764131546020508
E693V:G709D,-9.652656555175781
E693V:G709C,-8.335782051086426
E693V:G709A,-10.943593978881836
E693V:G708V,-10.399435997009277
E693V:G708S,-8.957978248596191
E693V:G708D,-10.947052955627441
E693G:I703V,-4.305581092834473
E693G:I703T,-8.281954765319824
E693G:I703N,-8.700512886047363
E693G:I703M,-8.077227592468262
E693G:I703F,-7.288771629333496
E693G:I702V,-3.587123394012451
E693G:G709S,-5.283224105834961
E693G:G709D,-5.812458038330078
E693G:G709C,-4.495583534240723
E693G:G709A,-7.103395462036133
E693G:G708V,-6.559237480163574
E693G:G708S,-5.117779731750488
E693G:G708D,-7.106854438781738
E693G:K699I,-6.330747604370117
E693G:N698S,-5.147325038909912
E693G:N698I,0.20962154865264893
E693G:N698D,-8.47294807434082
E693G:M706T,-7.656650543212891
E693G:M706L,-6.639476776123047
E693G:L705V,1.0556374788284302
E693G:L705R,-7.788790702819824
E693G:L705P,-6.709992408752441
E693G:L705I,2.551539421081543
E693G:L705F,-3.584287643432617
E693G:K699R,-2.405514717102051
E693G:K699E,-6.085061073303223
E693G:N698T,-4.9987592697143555
E693G:G708C,-3.1999902725219727
E693G:G704E,-7.684864044189453
E693G:A701E,-8.141427040100098
E693G:G704R,-6.755893707275391
E693G:A701S,-5.463281154632568
E693G:A701V,1.2274292707443237
E693G:G700S,-5.895279884338379
E693G:G700D,-8.231459617614746
E693G:G700C,-3.2459793090820312
E693G:G696S,-0.7833794355392456
E693G:G696R,-1.5332998037338257
E693G:G696C,-1.5970333814620972
E693G:A701T,0.32884979248046875
E693G:N698Y,0.07666313648223877
E693G:V711I,-4.351146697998047
E693G:V707E,-8.093274116516113
E693G:V707L,1.8219308853149414
E693G:V710A,-6.783327102661133
E693G:V710I,-0.5249723196029663
E693G:V710L,-4.997323513031006
E693G:V711A,-6.673633575439453
E693G:V711D,-9.815319061279297
E693G:V711G,-8.059592247009277
E693G:V707M,-1.92025625705719
E693G:S697P,-5.189634323120117
E693Q:N698D,-9.453410148620605
E693V:A701E,-11.9816255569458
E693V:A701P,-6.73701286315918
E693V:A701S,-9.30348014831543
E693V:A701T,-3.5113487243652344
E693Q:K699R,-3.385977268218994
E693G:V707A,-5.575654029846191
G696S:L705P,-10.109073638916016
G696S:V707A,-8.974735260009766
G696S:K699R,-5.804595947265625
G696S:L705F,-6.983368873596191
G696S:M706L,-10.038558006286621
G696S:S697P,-8.588715553283691
G696S:N698D,-11.872029304504395
G696S:N698I,-3.189459800720215
G696S:N698S,-8.546405792236328
G696S:N698T,-8.39784049987793
G696S:N698Y,-3.322418212890625
G696S:K699I,-9.729828834533691
G696S:M706T,-11.055731773376465
G696S:K699E,-9.484142303466797
G696S:G708C,-6.599071502685547
G696S:V707E,-11.492355346679688
G696S:G704E,-11.083945274353027
G696S:G704R,-10.154974937438965
G696S:G708D,-10.505935668945312
G696S:G708S,-8.516860961914062
G696S:G709C,-7.894664764404297
G696S:G709D,-9.211539268493652
G696S:G709S,-8.682305335998535
G696S:I702V,-6.986204624176025
G696S:I703F,-10.68785285949707
G696S:I703N,-12.099594116210938
G696S:I703T,-11.681035995483398
G696S:I703V,-7.704662322998047
G696S:V707L,-1.5771503448486328
G696V:V707E,-11.765649795532227
G696S:V710A,-10.182408332824707
G696V:K699E,-9.757436752319336
G696V:K699I,-10.003124237060547
G696V:L705F,-7.256663799285889
G696V:M706L,-10.311853408813477
G696V:N698D,-12.14532470703125
G696V:N698Y,-3.5957131385803223
G696V:S697P,-8.862010955810547
G696V:V707M,-5.592632293701172
G696V:V710I,-4.197348594665527
G696S:G700S,-9.294361114501953
G696V:N698S,-8.819701194763184
G696V:I703V,-7.977957248687744
G696S:V710I,-3.92405366897583
G696S:V711A,-10.072714805603027
G696S:V711D,-13.214400291442871
G696S:V711I,-7.750227928161621
G696V:A701T,-3.3435263633728027
G696V:G700C,-6.918355464935303
G696V:G704R,-10.42827033996582
G696V:G708C,-6.872366428375244
G696V:G708D,-10.779230117797852
G696V:G708S,-8.790155410766602
G696V:G708V,-10.231613159179688
G696V:G709C,-8.167959213256836
G696V:G709S,-8.95560073852539
G696V:I702V,-7.259499549865723
G696V:I703N,-12.372888565063477
G696S:V707M,-5.319337844848633
G696S:G700D,-11.63054084777832
G696R:I703T,-12.43095588684082
G696C:N698I,-4.003113746643066
G696C:N698D,-12.685683250427246
G696C:M706T,-11.869385719299316
G696C:M706L,-10.852211952209473
G696C:L705P,-10.922727584838867
G696C:L705I,-1.6611957550048828
G696C:L705F,-7.797022819519043
G696C:K699T,-8.907302856445312
G696C:K699R,-6.618249893188477
G696C:K699I,-10.543482780456543
G696C:K699E,-10.297796249389648
G696C:N698S,-9.36005973815918
G696S:G700C,-6.6450605392456055
G696C:V711I,-8.563881874084473
G696C:V711D,-14.028054237365723
G696C:V711A,-10.886368751525879
G696C:V710I,-4.737707614898682
G696C:V710A,-10.996062278747559
G696C:V707M,-6.132991790771484
G696C:V707E,-12.306009292602539
G696C:V707A,-9.788389205932617
G696C:S697P,-9.402369499206543
G696C:N698Y,-4.136072158813477
G696C:G700C,-7.458714485168457
G696C:G700D,-12.444194793701172
G696C:G700S,-10.108015060424805
G696C:G704E,-11.897599220275879
G696C:G704R,-10.968628883361816
G696C:G708C,-7.412725448608398
G696C:G708D,-11.319589614868164
G696C:G708S,-9.330514907836914
G696C:G708V,-10.77197265625
G696C:G709C,-8.708318710327148
G696C:G709D,-10.025193214416504
G696C:G709S,-9.495959281921387
G696C:I702V,-7.799858570098877
G696C:I703F,-11.501506805419922
G696C:I703N,-12.913248062133789
G696C:I703T,-12.49468994140625
G696A:G700C,-7.564733028411865
G696A:G708C,-7.518743991851807
G696A:G709C,-8.814336776733398
G696A:I703T,-12.6007080078125
G696A:K699E,-10.403814315795898
G696A:V707E,-12.412027359008789
G696A:V710I,-4.84372615814209
G696A:V711D,-14.134073257446289
G696C:A701E,-12.354162216186523
G696C:A701P,-7.109549522399902
G696C:A701S,-9.676015853881836
G696C:A701T,-3.883885383605957
G696C:A701V,-2.9853060245513916
G696R:I703N,-12.84951400756836
G696R:I702V,-7.7361249923706055
G696R:G709S,-9.432226181030273
G696R:G709D,-9.96146011352539
G696R:G709C,-8.644584655761719
G696R:G708C,-7.348991870880127
G696R:G700C,-7.3949809074401855
G696R:A701V,-2.92157244682312
G696R:A701T,-3.8201518058776855
G696R:A701G,-5.620451927185059
G696R:K699E,-10.234062194824219
G696S:A701V,-2.17165207862854
G696S:A701T,-3.0702314376831055
G696S:A701S,-8.862361907958984
G696S:A701E,-11.540508270263672
G696R:V707M,-6.069257736206055
G696R:V707E,-12.24227523803711
G696R:V707A,-9.724655151367188
G696R:N698Y,-4.072338581085205
G696R:N698D,-12.621950149536133
G696R:M706T,-11.805652618408203
G696R:M706L,-10.78847885131836
G696R:K699R,-6.554516792297363
G696R:K699I,-10.47974967956543
G696C:I703V,-8.518316268920898
S697P:I702V,-11.392459869384766
S697P:I703F,-15.094107627868652
S697P:I703T,-16.087291717529297
S697P:I703V,-12.110917091369629
S697P:K699E,-13.890397071838379
S697P:K699I,-14.136083602905273
S697P:K699R,-10.210850715637207
S697P:G709S,-13.088560104370117
S697P:L705F,-11.389623641967773
S697P:G709D,-13.617794036865234
S697P:G709A,-14.908731460571289
S697P:A701T,-7.4764862060546875
S697P:A701V,-6.577906608581543
S697P:G700C,-11.051315307617188
S697P:G700D,-16.03679656982422
S697P:G704E,-15.49020004272461
S697P:G704R,-14.561229705810547
S697P:G708A,-13.358182907104492
S697P:G708C,-11.005326271057129
S697P:G708D,-14.912190437316895
S697P:G708S,-12.923115730285645
S697P:G708V,-14.36457347869873
S697P:G709C,-12.300919532775879
S697P:A701S,-13.268617630004883
S697P:L705P,-14.515328407287598
S697P:V711I,-12.156482696533203
S697P:V711D,-17.620655059814453
S697P:L705I,-5.253796577453613
S697P:V711A,-14.47896957397461
S697P:V710G,-16.001873016357422
S697P:M706L,-14.444812774658203
S697P:M706T,-15.461986541748047
S697P:N698D,-16.278284072875977
S697P:N698I,-7.595714569091797
S697P:N698S,-12.952661514282227
S697P:N698T,-12.804095268249512
S697P:N698Y,-7.728672981262207
S697P:V707A,-13.380990028381348
S697P:V707E,-15.89861011505127
S697P:V707L,-5.983405113220215
S697P:V707M,-9.725592613220215
S697P:V710A,-14.588663101196289
S697P:V710I,-8.33030891418457
S697P:A701P,-10.702150344848633
S697P:A701E,-15.946763038635254
N698Y:G709C,-7.0346221923828125
N698Y:V711A,-9.212672233581543
N698I:I703V,-6.711661338806152
N698I:I703T,-10.688035011291504
N698I:I703N,-11.106593132019043
N698I:I703F,-9.694851875305176
N698I:I702V,-5.993203639984131
N698I:I702M,-9.056036949157715
N698I:G709S,-7.689304351806641
N698I:G709R,-10.330013275146484
N698I:G709D,-8.218538284301758
N698I:G709C,-6.901663780212402
N698I:G708V,-8.965317726135254
N698I:V707A,-7.981734275817871
N698I:M706T,-10.06273078918457
N698I:M706L,-9.045557022094727
N698I:L705R,-10.194870948791504
N698I:G708S,-7.523859977722168
N698I:L705P,-9.116072654724121
N698I:L705F,-5.990367889404297
N698I:K699R,-4.8115949630737305
N698I:K699I,-8.736827850341797
N698I:K699E,-8.491141319274902
N698I:L705I,0.14545917510986328
N698I:G708D,-9.512934684753418
N698I:G708C,-5.606070518493652
N698I:G704R,-9.16197395324707
N698D:V711L,-17.67753028869629
N698D:V711I,-15.439796447753906
N698D:V711G,-19.148242950439453
N698D:V711D,-20.903968811035156
N698D:V711A,-17.762283325195312
N698I:V707E,-10.499354362487793
N698I:G704E,-10.090944290161133
N698I:G700S,-8.301360130310059
N698I:G700D,-10.637539863586426
N698I:G700C,-5.652059555053711
N698I:G700A,-8.603164672851562
N698I:A701V,-1.1786510944366455
N698I:A701T,-2.077230453491211
N698I:A701S,-7.869361400604248
N698I:A701G,-3.877530574798584
N698I:A701E,-10.547507286071777
N698D:V710L,-16.085973739624023
N698I:V707L,-0.5841494202613831
N698I:V710A,-9.189407348632812
N698S:K699E,-13.848087310791016
N698S:I703V,-12.068607330322266
N698S:I703T,-16.044981002807617
N698S:I703N,-16.463539123535156
N698S:I703F,-15.051797866821289
N698S:I702V,-11.350150108337402
N698S:G709S,-13.04625129699707
N698S:K699I,-14.093774795532227
N698S:K699R,-10.16854190826416
N698S:L705F,-11.347314834594727
N698S:V711D,-17.578346252441406
N698S:V711A,-14.436660766601562
N698S:V710I,-8.287999153137207
N698S:V710A,-14.546354293823242
N698S:V707M,-9.683282852172852
N698S:V707L,-5.94109582901001
N698S:G709D,-13.575485229492188
N698S:V707E,-15.856300354003906
N698S:M706L,-14.402503967285156
N698S:L705P,-14.473018646240234
N698S:L705I,-5.211487293243408
N698S:V707A,-13.338680267333984
N698S:G709C,-12.258609771728516
N698S:G708V,-14.322263717651367
N698S:G708S,-12.880805969238281
N698I:V711I,-6.757226943969727
N698I:V711G,-10.465672492980957
N698I:V711D,-12.221399307250977
N698I:V711A,-9.079713821411133
N698I:V710L,-7.4034037590026855
N698I:V710I,-2.9310526847839355
N698I:V711L,-8.99496078491211
N698I:V707M,-4.326336860656738
N698S:G708D,-14.869880676269531
N698S:G708C,-10.963016510009766
N698S:G704R,-14.5189208984375
N698S:G704E,-15.447891235351562
N698S:G700D,-15.994485855102539
N698S:G700C,-11.00900650024414
N698S:A701V,-6.535597801208496
N698S:A701T,-7.434176921844482
N698S:A701S,-13.22630786895752
N698S:A701G,-9.234477043151855
N698Y:V711D,-12.354357719421387
N698D:V710I,-11.613622665405273
N698D:V710F,-17.13362693786621
N698Y:G700D,-10.770498275756836
N698Y:G700S,-8.434318542480469
N698Y:G704E,-10.223902702331543
N698Y:G704R,-9.29493236541748
N698Y:G704V,-10.068634986877441
N698Y:G708C,-5.7390289306640625
N698Y:G708D,-9.645893096923828
N698Y:G708R,-9.360825538635254
N698Y:G708S,-7.656818389892578
N698Y:G708V,-9.098276138305664
N698Y:G709A,-9.642434120178223
N698Y:G709D,-8.351496696472168
N698Y:G709R,-10.462971687316895
N698Y:G709S,-7.822262763977051
N698Y:G700C,-5.785017967224121
N698T:I702V,-11.201583862304688
N698T:K699R,-10.019975662231445
N698T:V710I,-8.139432907104492
N698T:V711D,-17.429779052734375
N698Y:A701E,-10.680465698242188
N698Y:A701P,-5.435853004455566
N698Y:A701S,-8.0023193359375
N698Y:A701T,-2.210188865661621
N698Y:A701V,-1.3116095066070557
N698Y:I702V,-6.126162052154541
N698Y:L705V,-1.4834012985229492
N698Y:M706L,-9.178515434265137
N698Y:M706T,-10.19568920135498
N698Y:V707A,-8.114692687988281
N698Y:L705R,-10.327829360961914
N698Y:V707E,-10.632312774658203
N698Y:V707M,-4.459295272827148
N698Y:V710A,-9.322365760803223
N698Y:V710F,-8.584016799926758
N698Y:V710G,-10.735574722290039
N698Y:V710I,-3.0640110969543457
N698Y:V710L,-7.536362171173096
N698Y:V707G,-8.604348182678223
N698Y:L705P,-9.249031066894531
N698Y:I703F,-9.827810287475586
N698Y:I703M,-10.616266250610352
N698Y:I703N,-11.239551544189453
N698Y:I703T,-10.820993423461914
N698Y:I703V,-6.8446197509765625
N698Y:L705I,0.012500762939453125
N698Y:K699E,-8.624099731445312
N698Y:K699I,-8.869786262512207
N698Y:K699R,-4.944553375244141
N698Y:K699T,-7.233606338500977
N698Y:L705F,-6.123326301574707
N698D:V710G,-19.285186767578125
N698T:G700C,-10.860440254211426
N698D:K699I,-17.419397354125977
N698D:K699E,-17.173709869384766
N698D:I703V,-15.394230842590332
N698D:I703T,-19.37060546875
N698D:I703N,-19.789161682128906
N698D:I703F,-18.377422332763672
N698D:I702V,-14.675773620605469
N698D:K699R,-13.49416446685791
N698D:L705F,-14.672937393188477
N698D:V710A,-17.871976852416992
N698D:V707M,-13.008906364440918
N698D:V707L,-9.266718864440918
N698D:V707G,-17.153959274291992
N698D:V707E,-19.181922912597656
N698D:V707A,-16.664302825927734
N698D:I702M,-17.738605499267578
N698D:M706L,-17.728126525878906
N698D:L705V,-10.033012390136719
N698D:L705R,-18.87744140625
N698D:L705P,-17.798641204833984
N698D:L705I,-8.537110328674316
N698D:M706T,-18.74530029296875
N698D:G709S,-16.37187385559082
N698D:A701T,-10.75979995727539
N698D:A701S,-16.551931381225586
N698D:A701P,-13.985464096069336
N698D:A701G,-12.560100555419922
N698D:A701E,-19.23007583618164
N698D:A701V,-9.861220359802246
N698S:V711I,-12.114173889160156
N698T:A701T,-7.285611152648926
N698T:A701V,-6.387031555175781
N698Y:V711I,-6.890185356140137
N698T:G709C,-12.110044479370117
N698D:G709D,-16.901107788085938
N698D:G709C,-15.584233283996582
N698D:G708V,-17.64788818359375
N698D:G708S,-16.20642852783203
N698D:G708R,-17.910436630249023
N698D:G708D,-18.19550323486328
N698D:G708C,-14.288640022277832
N698D:G708A,-16.641496658325195
N698D:G704R,-17.84454345703125
N698D:G704E,-18.773513793945312
N698D:G700S,-16.983928680419922
N698D:G700D,-19.320110321044922
N698D:G700C,-14.33462905883789
N698D:G704V,-18.61824607849121
K699R:G709C,-9.516799926757812
K699I:V711I,-13.297595977783203
K699I:V711D,-18.761768341064453
K699I:V711A,-15.62008285522461
K699I:V710I,-9.47142219543457
K699I:V710F,-14.991426467895508
K699I:V710A,-15.729776382446289
K699I:V707M,-10.866705894470215
K699I:V707L,-7.124518394470215
K699I:V707E,-17.039722442626953
K699I:G709A,-16.04984474182129
K699I:G708V,-15.50568675994873
K699I:G708S,-14.064229011535645
K699I:G708R,-15.76823616027832
K699I:G708D,-16.053302764892578
K699I:G708C,-12.146439552307129
K699I:G704R,-15.702342987060547
K699I:G704E,-16.63131332397461
K699I:G700S,-14.841729164123535
K699I:G700D,-17.17790985107422
K699I:G700C,-12.192428588867188
K699I:G700A,-15.143533706665039
K699I:A701V,-7.719019889831543
K699I:A701T,-8.617599487304688
K699I:A701S,-14.409730911254883
K699I:A701P,-11.843263626098633
K699I:A701G,-10.417900085449219
K699I:A701E,-17.087875366210938
K699I:G709C,-13.442032814025879
K699I:V707A,-14.522103309631348
K699I:G709D,-14.758907318115234
K699I:M706T,-16.603099822998047
K699I:M706L,-15.585926055908203
K699I:L705V,-7.890811920166016
K699I:L705P,-15.656441688537598
K699I:L705I,-6.394909858703613
K699I:L705F,-12.530736923217773
K699I:I703V,-13.252030372619629
K699I:I703T,-17.228404998779297
K699I:I703N,-17.646961212158203
K699I:I703F,-16.23522186279297
K699I:I702V,-12.533573150634766
K699I:G709S,-14.229673385620117
K699R:I702M,-11.671173095703125
K699R:I702V,-8.6083402633667
K699R:I703F,-12.309988021850586
K699R:I703N,-13.721729278564453
K699R:I703T,-13.303171157836914
K699R:I703V,-9.326797485351562
K699R:L705F,-8.605504035949707
K699R:L705I,-2.469677209854126
K699R:L705P,-11.731208801269531
K699R:L705V,-3.9655792713165283
K699R:M706L,-11.660693168640137
K699R:M706T,-12.67786693572998
K699R:V707A,-10.596870422363281
K699R:G709S,-10.30444049835205
K699R:A701E,-13.162643432617188
K699R:A701P,-7.918030738830566
K699R:A701S,-10.484498023986816
K699R:A701T,-4.692367076873779
K699R:A701V,-3.7937874794006348
K699R:G700A,-11.218301773071289
K699R:G700C,-8.267195701599121
K699R:G700D,-13.252676010131836
K699R:G700S,-10.916496276855469
K699R:G704E,-12.706080436706543
K699R:G704R,-11.77711009979248
K699R:G704V,-12.550812721252441
K699R:G708C,-8.221206665039062
K699R:G708D,-12.128070831298828
K699R:G708R,-11.843003273010254
K699R:G708S,-10.138996124267578
K699R:G708V,-11.580453872680664
K699R:G709D,-10.833674430847168
K699R:V707E,-13.114490509033203
K699R:V707G,-11.086525917053223
K699R:V707L,-3.1992857456207275
K699R:V707M,-6.941473007202148
K699R:V710A,-11.804543495178223
K699R:V710F,-11.066194534301758
K699R:V710I,-5.546189308166504
K699R:V710L,-10.018540382385254
K699R:V711A,-11.694849967956543
K699R:V711D,-14.836535453796387
K699R:V711G,-13.080808639526367
K699R:V711I,-9.372363090515137
K699R:V711L,-11.61009693145752
K699T:G708C,-10.510259628295898
K699T:G709C,-11.805852890014648
K699T:G709S,-12.593493461608887
K699T:V707E,-15.403543472290039
K699E:V711D,-18.516082763671875
K699E:I702V,-12.287885665893555
K699E:I703F,-15.989534378051758
K699E:I703N,-17.401275634765625
K699E:I703T,-16.982717514038086
K699E:I703V,-13.006343841552734
K699E:L705F,-12.285050392150879
K699E:L705I,-6.149223327636719
K699E:L705P,-15.410755157470703
K699E:L705V,-7.645125389099121
K699E:M706L,-15.340239524841309
K699E:M706T,-16.35741424560547
K699E:V707A,-14.276416778564453
K699E:V707E,-16.794036865234375
K699E:I702L,-16.26850128173828
K699E:A701E,-16.84218978881836
K699E:A701G,-10.172212600708008
K699E:A701S,-14.164043426513672
K699E:A701T,-8.371912956237793
K699E:A701V,-7.473333358764648
K699E:G700C,-11.946742057800293
K699E:G700D,-16.932222366333008
K699E:G700S,-14.59604263305664
K699E:G704E,-16.38562774658203
K699E:G704R,-15.456656455993652
K699E:G704V,-16.230358123779297
K699E:G708C,-11.900753021240234
K699E:G708D,-15.8076171875
K699E:G708S,-13.81854248046875
K699E:G709C,-13.196346282958984
K699E:G709D,-14.51322078704834
K699E:G709S,-13.983986854553223
K699E:V707L,-6.87883186340332
K699E:V711I,-13.051909446716309
K699E:V711A,-15.374396324157715
K699E:V710I,-9.22573471069336
K699E:V710A,-15.484089851379395
K699E:V707M,-10.62101936340332
G700A:V711D,-18.62810516357422
G700A:V710A,-15.596113204956055
G700A:V707A,-14.38844108581543
G700A:M706L,-15.452262878417969
G700A:I703V,-13.118368148803711
G700A:G708S,-13.930566787719727
G700A:V711I,-13.163932800292969
G700S:A701G,-9.982431411743164
G700S:A701T,-8.18213176727295
G700S:A701V,-7.283552169799805
G700C:A701T,-5.532831192016602
G700C:A701P,-8.758495330810547
G700C:G709D,-11.674139022827148
G700C:G709C,-10.357264518737793
G700C:G708V,-12.420918464660645
G700C:G708S,-10.979460716247559
G700C:G708D,-12.968535423278809
G700C:G708C,-9.061671257019043
G700C:G704V,-13.391277313232422
G700C:G704R,-12.617574691772461
G700C:G704E,-13.546545028686523
G700C:A701V,-4.634251594543457
G700C:A701E,-14.003108024597168
G700S:G709C,-13.00656509399414
G700S:G708S,-13.628761291503906
G700S:V711I,-12.862128257751465
G700S:G708C,-11.71097183227539
G700S:V711D,-18.32630157470703
G700S:V707M,-10.431238174438477
G700C:G709R,-13.785614013671875
G700S:G709D,-14.323439598083496
G700S:G709S,-13.794205665588379
G700S:I702V,-12.098104476928711
G700S:I703N,-17.21149444580078
G700S:I703T,-16.792936325073242
G700S:M706L,-15.150458335876465
G700S:M706T,-16.167633056640625
G700S:V707E,-16.60425567626953
G700C:G709S,-11.144905090332031
G700D:I703V,-15.152742385864258
G700D:I703T,-19.12911605834961
G700D:I703N,-19.54767417907715
G700D:I703F,-18.13593292236328
G700D:G709S,-16.130386352539062
G700D:G709D,-16.659618377685547
G700D:G709C,-15.342744827270508
G700D:G708V,-17.40639877319336
G700D:I702V,-14.434284210205078
G700D:L705F,-14.431448936462402
G700D:L705I,-8.295621871948242
G700D:V711I,-15.198307991027832
G700D:V711D,-20.662479400634766
G700D:V711A,-17.520793914794922
G700D:V710I,-11.372133255004883
G700D:V710A,-17.630489349365234
G700D:V707M,-12.767417907714844
G700D:V707E,-18.9404354095459
G700D:V707A,-16.422815322875977
G700D:M706L,-17.486637115478516
G700D:L705P,-17.557153701782227
G700D:G708C,-14.047151565551758
G700D:G704R,-17.60305404663086
G700C:L705R,-13.650471687316895
G700C:L705P,-12.571673393249512
G700C:L705I,-3.3101415634155273
G700C:L705F,-9.445968627929688
G700C:I703V,-10.167262077331543
G700C:I703T,-14.143635749816895
G700C:I703N,-14.562193870544434
G700C:I703F,-13.150452613830566
G700C:I702V,-9.44880485534668
G700D:G704E,-18.532024383544922
G700C:M706T,-13.518331527709961
G700D:A701V,-9.619731903076172
G700D:A701T,-10.518311500549316
G700C:V711I,-10.212827682495117
G700C:V711D,-15.677000045776367
G700C:M706L,-12.501157760620117
G700C:V711A,-12.535314559936523
G700C:V710G,-14.05821704864502
G700C:V710A,-12.645008087158203
G700C:V707L,-4.039750099182129
G700C:V707E,-13.954955101013184
G700C:V707A,-11.437335014343262
G700C:V710I,-6.386653423309326
G700C:V707M,-7.781937599182129
A701E:G708S,-15.874908447265625
A701V:L705P,-8.098264694213867
A701V:L705R,-9.17706298828125
A701V:M706L,-8.027749061584473
A701V:M706T,-9.044922828674316
A701V:V707A,-6.963926315307617
A701V:V707E,-9.481546401977539
A701V:L705I,1.163266897201538
A701V:V707L,0.43365830183029175
A701V:V710A,-8.171599388122559
A701V:V710I,-1.9132449626922607
A701V:V710L,-6.38559627532959
A701V:V711A,-8.061905860900879
A701V:V711D,-11.203591346740723
A701V:V711L,-7.9771528244018555
A701P:G709C,-10.008099555969238
A701V:V707M,-3.3085289001464844
A701V:L705F,-4.972559928894043
A701V:G708C,-4.588262557983398
A701V:G708D,-8.495126724243164
A701V:G708S,-6.506052017211914
A701V:G708V,-7.947509765625
A701V:G709C,-5.883855819702148
A701V:G709D,-7.200730323791504
A701V:G709R,-9.31220531463623
A701V:G709S,-6.671496391296387
A701V:I702V,-4.975396156311035
A701V:I703F,-8.677043914794922
A701V:I703L,-9.179234504699707
A701V:I703N,-10.088785171508789
A701V:I703T,-9.67022705078125
A701V:I703V,-5.693853378295898
A701P:G708D,-12.619370460510254
A701V:G704R,-8.144165992736816
A701P:G708C,-8.712506294250488
A701E:V710I,-11.282100677490234
A701E:V707M,-12.677385330200195
A701E:V707E,-18.85040283203125
A701E:V707A,-16.332782745361328
A701E:V711D,-20.57244873046875
A701E:I702V,-14.34425163269043
A701E:G709D,-16.56958770751953
A701E:G709C,-15.25271224975586
A701E:G708C,-13.95711898803711
A701E:G704R,-17.513023376464844
A701E:I703V,-15.06270980834961
A701E:V711I,-15.108275413513184
A701G:G708C,-7.287142276763916
A701G:V711D,-13.902471542358398
A701G:V707E,-12.180425643920898
A701G:M706T,-11.743803024291992
A701G:M706L,-10.726629257202148
A701G:L705P,-10.797143936157227
A701G:I703V,-8.392732620239258
A701G:I703T,-12.36910629272461
A701G:I702V,-7.6742753982543945
A701G:G709S,-9.370376586914062
A701G:G709C,-8.582735061645508
A701V:G704E,-9.073136329650879
A701V:V711I,-5.739418983459473
A701S:L705F,-11.663270950317383
A701S:L705I,-5.5274434089660645
A701S:I703V,-12.384563446044922
A701S:V707A,-13.65463638305664
A701S:V710I,-8.603955268859863
A701S:V711A,-14.752616882324219
A701S:V711D,-17.894302368164062
A701S:V711I,-12.430130004882812
A701S:I703T,-16.360937118530273
A701S:I702V,-11.666106224060059
A701P:G709D,-11.324974060058594
A701P:L705P,-12.222508430480957
A701P:M706L,-12.151992797851562
A701P:V707A,-11.088170051574707
A701P:V707M,-7.432772636413574
A701P:V710I,-6.0374884605407715
A701P:V711A,-12.186149597167969
A701S:G708C,-11.278972625732422
A701S:G708D,-15.185836791992188
A701S:G709C,-12.574565887451172
A701S:G709S,-13.362207412719727
A701T:G704E,-9.971715927124023
A701T:G704R,-9.042745590209961
A701P:I703T,-13.79447078704834
A701T:G708C,-5.486842155456543
A701T:L705V,-1.2312146425247192
A701T:M706L,-8.926328659057617
A701T:M706T,-9.943502426147461
A701T:V707A,-7.862505912780762
A701T:V707E,-10.380125999450684
A701T:V707L,-0.46492117643356323
A701T:V707M,-4.207108497619629
A701T:V710A,-9.070178985595703
A701T:V710G,-10.48338794708252
A701T:V710I,-2.811824321746826
A701T:V711A,-8.960485458374023
A701T:V711D,-12.102170944213867
A701T:V711G,-10.346444129943848
A701T:V711I,-6.637998580932617
A701T:G704V,-9.816448211669922
A701T:L705R,-10.075642585754395
A701T:L705P,-8.996844291687012
A701T:G708D,-9.393706321716309
A701T:L705I,0.2646874189376831
A701T:G708V,-8.846089363098145
A701T:G708S,-7.404631614685059
A701T:G709C,-6.782435417175293
A701T:G709D,-8.099309921264648
A701T:G709S,-7.570075988769531
A701T:I702V,-5.8739752769470215
A701T:I703N,-10.987364768981934
A701T:I703T,-10.568806648254395
A701T:L705F,-5.8711395263671875
A701T:I703V,-6.592432975769043
A701T:I703F,-9.575623512268066
I702V:L705P,-12.912817001342773
I702V:M706L,-12.842302322387695
I702V:M706T,-13.859476089477539
I702V:V707A,-11.778478622436523
I702V:V707E,-14.296098709106445
I702V:V707L,-4.380894184112549
I702V:L705I,-3.6512856483459473
I702V:V707M,-8.12308120727539
I702V:V710F,-12.247802734375
I702V:V710G,-14.399360656738281
I702V:V710I,-6.727797508239746
I702V:V711A,-12.876459121704102
I702V:V711D,-16.018144607543945
I702V:V711I,-10.553972244262695
I702V:V710A,-12.986152648925781
I702V:G704E,-13.887689590454102
I702V:G704R,-12.958719253540039
I702V:G708C,-9.402814865112305
I702V:G708D,-13.30967903137207
I702V:G708R,-13.024612426757812
I702V:G708S,-11.32060432434082
I702V:G708V,-12.762062072753906
I702V:L705F,-9.787113189697266
I702V:G709C,-10.698408126831055
I702V:G709S,-11.48604965209961
I702V:I703F,-13.491596221923828
I702V:I703N,-14.903337478637695
I702V:I703T,-14.484779357910156
I702V:I703V,-10.508405685424805
I702V:G709D,-12.015283584594727
I702V:V711L,-12.791706085205078
I702L:V707L,-8.3615083694458
I702M:V711D,-19.080978393554688
I703F:G709C,-14.400056838989258
I703T:M706T,-18.554306030273438
I703T:V707A,-16.473310470581055
I703T:V707E,-18.990930557250977
I703T:V707G,-16.962966918945312
I703T:V707L,-9.075725555419922
I703T:V707M,-12.817913055419922
I703T:V710A,-17.680984497070312
I703T:V710I,-11.422628402709961
I703T:V710L,-15.894979476928711
I703T:V711A,-17.5712890625
I703T:V711D,-20.712974548339844
I703T:V711G,-18.95724868774414
I703T:V711I,-15.24880313873291
I703T:M706L,-17.537132263183594
I703T:L705P,-17.607648849487305
I703T:G704V,-18.42725372314453
I703T:G708C,-14.097646713256836
I703T:G708D,-18.0045108795166
I703T:G708R,-17.719444274902344
I703T:G708S,-16.01543617248535
I703T:G708V,-17.456893920898438
I703T:G709C,-15.393239974975586
I703T:G709D,-16.710113525390625
I703T:G709R,-18.821590423583984
I703T:G709S,-16.18088150024414
I703T:L705F,-14.48194408416748
I703T:G704R,-17.653549194335938
I703V:M706L,-13.560759544372559
I703V:M706T,-14.577933311462402
I703V:V707A,-12.496936798095703
I703V:V707E,-15.014556884765625
I703V:V707L,-5.09935188293457
I703V:V707M,-8.84153938293457
I703V:V710A,-13.704609870910645
I703V:V710I,-7.446255207061768
I703V:V711A,-13.594916343688965
I703V:V711D,-16.736602783203125
I703V:V711G,-14.980875015258789
I703V:V711I,-11.272429466247559
I703F:G709D,-15.716931343078613
I703V:L705V,-5.865645408630371
I703V:L705I,-4.369743347167969
I703V:G704R,-13.677176475524902
I703V:G704V,-14.450879096984863
I703V:G708C,-10.121273040771484
I703V:G708D,-14.02813720703125
I703V:G708S,-12.0390625
I703V:G708V,-13.480520248413086
I703V:G709C,-11.416866302490234
I703V:G709D,-12.73374080657959
I703V:G709R,-14.845215797424316
I703V:G709S,-12.204506874084473
I703V:L705F,-10.505570411682129
I703V:L705P,-13.631275177001953
I703T:G704E,-18.58251953125
I703T:L705I,-8.34611701965332
I703F:V707A,-15.480127334594727
I703F:V707E,-17.99774742126465
I703F:V707M,-11.824729919433594
I703F:V710A,-16.687801361083984
I703F:V710I,-10.429445266723633
I703F:V711A,-16.578105926513672
I703F:V711D,-19.719791412353516
I703F:V711I,-14.255620002746582
I703M:V707E,-18.786203384399414
I703F:M706T,-17.56112289428711
I703F:M706L,-16.543949127197266
I703F:G708V,-16.46371078491211
I703F:G708S,-15.022253036499023
I703F:G708C,-13.104463577270508
I703F:G709S,-15.187697410583496
I703F:L705I,-7.352933883666992
I703F:L705P,-16.614465713500977
I703N:M706L,-17.955692291259766
I703N:M706T,-18.97286605834961
I703N:V707A,-16.891868591308594
I703N:V707E,-19.409488677978516
I703N:V707L,-9.494283676147461
I703N:V707M,-13.236471176147461
I703N:V710A,-18.09954071044922
I703N:V710I,-11.8411865234375
I703N:V711A,-17.989849090576172
I703N:V711D,-21.131534576416016
I703N:V711I,-15.66736125946045
I703N:L705I,-8.76467514038086
I703N:L705P,-18.026206970214844
I703N:G704E,-19.001079559326172
I703N:G704V,-18.845809936523438
I703N:G708C,-14.516204833984375
I703N:G708D,-18.42306900024414
I703N:G708V,-17.875452041625977
I703N:G709C,-15.811798095703125
I703N:G709D,-17.128673553466797
I703N:G708S,-16.43399429321289
I703N:G709S,-16.599437713623047
I703N:L705F,-14.90050220489502
G704R:L705F,-12.955883026123047
G704R:M706L,-16.011072158813477
G704R:G709S,-14.65481948852539
G704R:G709C,-13.867178916931152
G704R:G708S,-14.489375114440918
G704R:G708D,-16.478450775146484
G704R:G708C,-12.571585655212402
G704E:V711I,-14.651712417602539
G704R:M706T,-17.02824592590332
G704E:V711D,-20.11588478088379
G704R:G709D,-15.184053421020508
G704V:M706L,-16.784774780273438
G704R:V707E,-17.46487045288086
G704E:V711A,-16.974199295043945
G704V:V711D,-19.960617065429688
G704V:L705P,-16.855289459228516
G704V:L705F,-13.729585647583008
G704V:G709S,-15.428522109985352
G704V:G709C,-14.640881538391113
G704V:G708C,-13.345288276672363
G704R:V711I,-13.722742080688477
G704R:V711D,-19.186914443969727
G704R:V710I,-9.896568298339844
G704R:V710A,-16.154922485351562
G704R:V707M,-11.291851997375488
G704R:V707L,-7.549664497375488
G704R:V707A,-14.947249412536621
G704E:V710L,-15.297889709472656
G704E:V710A,-17.083892822265625
G704E:G708V,-16.85980224609375
G704E:G708D,-17.407421112060547
G704E:G708C,-13.500555992126465
G704E:G709C,-14.796149253845215
G704A:V711D,-18.97580337524414
G704A:V707E,-17.25375747680664
G704A:G708S,-14.278263092041016
G704A:G708C,-12.3604736328125
G704E:G709D,-16.11302375793457
G704E:G708S,-15.41834545135498
G704E:V707M,-12.22082233428955
G704E:V707E,-18.393840789794922
G704E:V707A,-15.876219749450684
G704E:M706T,-17.957216262817383
G704E:G709S,-15.583789825439453
G704E:M706L,-16.94004249572754
G704E:L705P,-17.01055908203125
G704E:L705F,-13.88485336303711
L705I:V710I,-0.589134693145752
L705I:V711D,-9.879481315612793
L705I:V711I,-4.415308952331543
L705I:V710A,-6.847489356994629
L705P:G708A,-14.878540992736816
L705P:G708C,-12.525684356689453
L705P:G708D,-16.43254852294922
L705P:G708S,-14.443473815917969
L705P:G708V,-15.884931564331055
L705P:G709C,-13.821277618408203
L705P:G709D,-15.138152122497559
L705P:G709S,-14.608918190002441
L705I:V707M,-1.9844186305999756
L705I:V707E,-8.15743637084961
L705I:G708C,-3.2641525268554688
L705I:G708R,-6.88594913482666
L705I:G709C,-4.559745788574219
L705I:V707A,-5.6398162841796875
L705I:G709D,-5.876620292663574
L705I:M706L,-6.703639030456543
L705I:M706T,-7.720812797546387
L705I:G709S,-5.347386360168457
L705R:V707E,-18.497766494750977
L705R:V707M,-12.324748992919922
L705R:V710A,-17.187820434570312
L705R:V711D,-20.219810485839844
L705R:V711I,-14.75563907623291
L705V:V707E,-9.653338432312012
L705V:M706L,-8.199541091918945
L705V:G709D,-7.372522354125977
L705V:G709C,-6.055647850036621
L705R:G709C,-14.900075912475586
L705P:M706L,-15.965170860290527
L705P:M706T,-16.982345581054688
L705P:V707A,-14.901348114013672
L705P:V707E,-17.418968200683594
L705P:V707L,-7.503763198852539
L705P:V707M,-11.245950698852539
L705P:V710A,-16.109020233154297
L705P:V710I,-9.850666046142578
L705V:V711D,-11.375383377075195
L705P:V711I,-13.676840782165527
L705P:V711D,-19.141014099121094
L705F:V711D,-16.015308380126953
L705F:V711A,-12.87362289428711
L705F:V710I,-6.724961757659912
L705F:V710A,-12.983316421508789
L705F:V707M,-8.120245933532715
L705F:V707E,-14.29326343536377
L705F:V707A,-11.775643348693848
L705F:M706T,-13.856639862060547
L705F:M706L,-12.839466094970703
L705F:G709S,-11.483213424682617
L705F:G709D,-12.012447357177734
L705F:G709C,-10.695572853088379
L705F:G708V,-12.75922679901123
L705F:G708S,-11.317769050598145
L705F:G708C,-9.399979591369629
L705F:V711I,-10.551136016845703
M706T:V711I,-14.623498916625977
M706T:V711D,-20.087671279907227
M706T:V711A,-16.945985794067383
M706T:V710I,-10.797325134277344
M706T:V710A,-17.055679321289062
M706T:V707M,-12.192608833312988
M706T:V707A,-15.848006248474121
M706T:G709S,-15.55557632446289
M706T:G709D,-16.084810256958008
M706T:G709C,-14.767935752868652
M706T:G708S,-15.390131950378418
M706T:V707E,-18.36562728881836
M706T:G708D,-17.379207611083984
M706T:G708C,-13.472342491149902
M706L:G708V,-15.81441593170166
M706L:G708S,-14.372958183288574
M706L:G708D,-16.36203384399414
M706L:G708C,-12.455168724060059
M706L:G709C,-13.750761985778809
M706L:G709D,-15.067636489868164
M706L:G709R,-17.17911148071289
M706L:G709S,-14.538402557373047
M706L:V711I,-13.606325149536133
M706L:V711D,-19.070497512817383
M706L:V711A,-15.928812026977539
M706L:V710L,-14.25250244140625
M706L:V710I,-9.7801513671875
M706L:V710A,-16.03850555419922
M706L:V707M,-11.175435066223145
M706L:V707L,-7.4332475662231445
M706L:V707E,-17.348453521728516
M706L:V707A,-14.830832481384277
V707M:G709C,-9.03154182434082
V707M:G709D,-10.348416328430176
V707E:G708C,-13.908966064453125
V707E:G708D,-17.81583023071289
V707E:G708S,-15.82675552368164
V707E:G708V,-17.268213272094727
V707E:G709C,-15.204559326171875
V707E:G709R,-18.63290786743164
V707E:G709S,-15.992199897766113
V707E:V710A,-17.49230194091797
V707E:V710I,-11.23394775390625
V707E:V711A,-17.382610321044922
V707E:V711D,-20.524295806884766
V707A:V711I,-12.542502403259277
V707A:G708C,-11.391345977783203
V707A:G708D,-15.298210144042969
V707A:G708S,-13.309135437011719
V707A:G708V,-14.750593185424805
V707A:G709C,-12.686939239501953
V707A:G709D,-14.003813743591309
V707A:G709S,-13.474579811096191
V707A:V710A,-14.974682807922363
V707A:V710I,-8.716327667236328
V707A:V711D,-18.006675720214844
V707E:V711I,-15.0601224899292
V707E:G709D,-16.521434783935547
V707M:G708D,-11.642812728881836
V707M:G708S,-9.653738021850586
V707M:G708V,-11.095195770263672
V707M:V711I,-8.887104988098145
V707M:V711G,-12.595550537109375
V707M:V711D,-14.351277351379395
V707M:V711A,-11.20959186553955
V707M:V710I,-5.060930252075195
V707G:G708C,-11.881001472473145
V707M:V710A,-11.31928539276123
V707M:G709S,-9.819182395935059
V707M:G708C,-7.73594856262207
V707M:V710G,-12.732494354248047
V707L:G708C,-3.9937610626220703
V707L:G708D,-7.900625228881836
V707L:G709C,-5.28935432434082
V707L:G709D,-6.606228828430176
V707L:G709S,-6.076994895935059
V707L:V710I,-1.3187432289123535
V707L:V711A,-7.467404365539551
V707L:V711D,-10.609089851379395
G708C:V710A,-12.599019050598145
G708C:V710L,-10.81301498413086
G708C:V710G,-14.012228012084961
G708C:V710I,-6.340664386749268
G708C:V711A,-12.489325523376465
G708C:V711D,-15.631011009216309
G708C:V710F,-11.86067008972168
G708C:G709R,-13.739624977111816
G708C:G709D,-11.62814998626709
G708C:G709C,-10.311275482177734
G708A:V710A,-14.951875686645508
G708A:G709C,-12.664132118225098
G708C:V711I,-10.166838645935059
G708C:G709S,-11.098916053771973
G708C:V711L,-12.404572486877441
G708S:G709D,-13.545939445495605
G708S:V710G,-15.930017471313477
G708S:V710I,-8.258453369140625
G708S:V711A,-14.40711498260498
G708S:V711D,-17.54880142211914
G708S:V711I,-12.084628105163574
G708V:G709C,-13.670522689819336
G708V:G709S,-14.458163261413574
G708V:V710A,-15.958266258239746
G708V:V710I,-9.699911117553711
G708V:V711A,-15.848572731018066
G708V:V711D,-18.990257263183594
G708V:V711I,-13.52608585357666
G708V:V711L,-15.763819694519043
G708S:G709S,-13.016705513000488
G708S:G709C,-12.22906494140625
G708D:V711I,-14.073702812194824
G708D:V711D,-19.53787612915039
G708D:V711A,-16.396190643310547
G708D:V710I,-10.247528076171875
G708D:V710A,-16.505882263183594
G708D:G709S,-15.005780220031738
G708D:G709D,-15.535014152526855
G708D:G709C,-14.2181396484375
G708R:G709S,-14.720712661743164
G709D:V711A,-15.10179328918457
G709D:V710I,-8.953132629394531
G709D:V710G,-16.62469482421875
G709C:V711G,-15.170877456665039
G709D:V710A,-15.21148681640625
G709C:V711I,-11.462431907653809
G709C:V711L,-13.700165748596191
G709D:V711D,-18.243478775024414
G709S:V710A,-14.682252883911133
G709D:V711L,-15.017040252685547
G709D:V711I,-12.779306411743164
G709C:V711D,-16.926605224609375
G709R:V711D,-20.35495376586914
G709C:V711A,-13.784918785095215
G709C:V710F,-13.15626335144043
G709C:V710A,-13.894612312316895
G709A:V710A,-16.502424240112305
G709C:V710G,-15.307821273803711
G709C:V710I,-7.636257648468018
G709S:V710I,-8.423898696899414
G709S:V711D,-17.714244842529297
G709S:V711I,-12.250072479248047
G709S:V711A,-14.572559356689453
V710G:V711D,-20.62755584716797
V710L:V711D,-17.4283447265625
V710I:V711I,-7.491820812225342
V710I:V711D,-12.95599365234375
V710I:V711A,-9.814308166503906
V710A:V711A,-16.072662353515625
V710A:V711D,-19.21434783935547
V710A:V711I,-13.750175476074219
V710A:V711L,-15.987909317016602
