mutant,prediction
A673S:D678G,-5.058531284332275
A673T:H677Y,-7.63783073425293
A673T:H677R,-6.583508014678955
A673T:H677Q,-7.9425764083862305
A673T:H677L,-8.511423110961914
A673T:G709D,-9.508363723754883
A673T:G709C,-6.205577850341797
A673T:G708V,-9.620712280273438
A673T:G708S,-9.153305053710938
A673T:G708D,-10.666924476623535
A673T:G708C,-9.380013465881348
A673T:G704R,-9.337594985961914
A673T:G704E,-9.84684944152832
A673T:G700D,-10.761969566345215
A673T:G700C,-11.333955764770508
A673T:G696S,-7.335755348205566
A673T:F675L,-7.551264762878418
A673T:F675S,-7.636526107788086
A673T:F690I,-7.316857814788818
A673T:F690L,-7.405656814575195
A673T:F690Y,-7.926325798034668
A673T:H684L,-6.974914073944092
A673T:F691S,-6.537714958190918
A673T:F691Y,-7.843700408935547
A673T:G696C,-9.129483222961426
A673T:G696D,-8.661787033081055
A673T:F691L,-7.478679656982422
A673T:H684Q,-6.984853744506836
A673T:H684R,-6.735673427581787
A673T:K687E,-7.94276237487793
A673T:K687I,-7.580913543701172
A673T:K687N,-7.12297248840332
A673T:K687R,-7.5289483070373535
A673T:K699E,-9.937695503234863
A673T:K699I,-8.93114185333252
A673T:K699N,-7.3967156410217285
A673T:L688F,-7.014913558959961
A673T:L688M,-7.366122722625732
A673T:L688S,-6.056535720825195
A673T:L705F,-7.704545974731445
A673T:L705I,-4.3234052658081055
A673T:L705P,-10.282060623168945
A673T:K699R,-7.66917610168457
A673T:F675I,-7.973966598510742
A673T:M706I,-9.603102684020996
A673T:E693V,-7.1467390060424805
A673T:E693D,-6.794081687927246
A673S:V707M,-5.713932991027832
A673S:V707E,-10.789512634277344
A673S:V707A,-8.585719108581543
A673S:V689M,-7.3007073402404785
A673S:V689A,-7.077212333679199
A673S:V683I,-6.8993425369262695
A673S:V683G,-5.776276588439941
A673S:V683D,-7.400308609008789
A673S:V683A,-6.627446174621582
A673S:S697T,-6.5829758644104
A673S:S697P,-7.630222797393799
A673S:M706L,-8.875974655151367
A673S:M706T,-9.985708236694336
A673S:M706V,-9.460039138793945
A673S:N698D,-9.19028091430664
A673S:N698I,-6.261007308959961
A673S:N698S,-7.323092460632324
A673S:N698Y,-5.221471786499023
A673S:Q686K,-6.6615095138549805
A673S:Q686L,-6.44101619720459
A673S:Q686R,-6.707902431488037
A673S:S679T,-6.975261688232422
A673S:S697L,-5.983017921447754
A673S:Q686H,-7.185532569885254
A673S:V711A,-9.091419219970703
A673S:V711D,-11.893789291381836
A673S:V711I,-8.205476760864258
A673T:D678V,-7.132102012634277
A673T:D678Y,-6.612090110778809
A673T:D694E,-7.362159729003906
A673T:D678N,-5.466424465179443
A673T:E674D,-6.364254951477051
A673T:E674K,-6.892907619476318
A673T:E674V,-7.563676834106445
A673T:E682A,-6.832401275634766
A673T:E682D,-6.807247161865234
A673T:E682V,-6.923429012298584
A673T:E674G,-6.535686492919922
A673T:E693G,-6.1935272216796875
A673T:D678G,-5.762501239776611
A673S:Y681C,-7.543580532073975
A673S:Y681F,-6.582441329956055
A673S:Y681N,-6.32807731628418
A673T:A692E,-7.689336776733398
A673T:D678E,-7.055013656616211
A673T:A701G,-6.546709060668945
A673T:A701T,-5.410683631896973
A673T:A701V,-6.0678181648254395
A673S:M706K,-11.224990844726562
A673T:M706K,-11.928960800170898
A673T:M706T,-10.689678192138672
A673V:G709D,-10.343362808227539
A673V:G709C,-7.040576457977295
A673V:G708V,-10.455710411071777
A673V:G708S,-9.988303184509277
A673V:G708D,-11.501922607421875
A673V:G708C,-10.215011596679688
A673V:G704R,-10.172593116760254
A673V:G704E,-10.68184757232666
A673V:G700D,-11.596967697143555
A673V:G700C,-12.168953895568848
A673V:G696S,-8.170753479003906
A673V:G696D,-9.496786117553711
A673V:G696C,-9.964481353759766
A673V:F691Y,-8.678698539733887
A673V:E693G,-7.028525352478027
A673V:E693V,-7.9817376136779785
A673V:F675I,-8.808965682983398
A673V:F675L,-8.386262893676758
A673V:F675S,-8.471525192260742
A673V:G709V,-9.775984764099121
A673V:F690I,-8.151856422424316
A673V:F690S,-7.959151744842529
A673V:F690Y,-8.761323928833008
A673V:F691L,-8.313677787780762
A673V:F691S,-7.372713565826416
A673V:F691V,-8.204187393188477
A673V:F690L,-8.240654945373535
A673V:H677L,-9.34642219543457
A673V:H677Q,-8.77757453918457
A673V:H677R,-7.418506622314453
A673V:K687E,-8.777761459350586
A673V:K687N,-7.95797061920166
A673V:K687R,-8.363946914672852
A673V:K699E,-10.772693634033203
A673V:K699I,-9.76613998413086
A673V:K699N,-8.231714248657227
A673V:K699Q,-8.263455390930176
A673V:K687I,-8.415911674499512
A673V:E693D,-7.629080295562744
A673V:H677Y,-8.47282886505127
A673V:H684L,-7.80991268157959
A673V:H684N,-7.4745259284973145
A673V:H684Q,-7.819851875305176
A673V:H684R,-7.570672035217285
A673T:M706L,-9.579944610595703
A673V:E682V,-7.758427619934082
A673T:V707M,-6.417902946472168
A673T:V707E,-11.493481636047363
A673T:V707A,-9.289689064025879
A673T:V689M,-8.004676818847656
A673T:V689A,-7.781182289123535
A673T:V683I,-7.6033124923706055
A673T:V683D,-8.104278564453125
A673T:V683A,-7.33141565322876
A673T:S697T,-7.286945343017578
A673T:S697P,-8.334192276000977
A673T:S697L,-6.686987400054932
A673T:S697A,-7.578444480895996
A673T:S679T,-7.679231643676758
A673T:M706V,-10.164009094238281
A673T:N698D,-9.894250869750977
A673T:N698I,-6.964977264404297
A673T:N698S,-8.02706241607666
A673T:N698Y,-5.925441741943359
A673T:Q686H,-7.88950252532959
A673T:Q686K,-7.365479469299316
A673T:Q686P,-7.884532928466797
A673T:Q686R,-7.411871910095215
A673T:R676L,-8.509066581726074
A673T:R676Q,-8.186273574829102
A673T:Q686L,-7.144986152648926
A673T:V711A,-9.795389175415039
A673V:D678E,-7.890011787414551
A673V:D678G,-6.597499370574951
A673V:D678V,-7.967100143432617
A673V:D678Y,-7.447088241577148
A673V:D694E,-8.197157859802246
A673V:E674D,-7.199253559112549
A673V:E674G,-7.370684623718262
A673V:E674K,-7.727906227111816
A673V:E674V,-8.398675918579102
A673V:E682D,-7.642245769500732
A673V:E682K,-7.426519393920898
A673V:A701T,-6.245682239532471
A673T:V711D,-12.597759246826172
A673T:V711G,-10.795241355895996
A673T:V711I,-8.909446716308594
A673T:V711L,-9.742491722106934
A673T:Y681C,-8.247550010681152
A673T:Y681F,-7.286411285400391
A673V:A701V,-6.9028167724609375
A673T:Y681H,-7.520270347595215
A673V:A692E,-8.524335861206055
A673V:A692S,-7.445157051086426
A673V:A701G,-7.381707668304443
A673T:Y681N,-7.032046794891357
A673V:K699R,-8.504175186157227
A673S:M706I,-8.89913272857666
A673S:L705H,-10.89672565460205
A673E:V683A,-7.8184814453125
A673E:S697T,-7.774011611938477
A673E:S697P,-8.821258544921875
A673E:S697L,-7.174053192138672
A673E:S679T,-8.166297912597656
A673E:R676Q,-8.67333984375
A673E:R676L,-8.996131896972656
A673E:Q686R,-7.898938179016113
A673E:Q686L,-7.632051944732666
A673E:Q686H,-8.376567840576172
A673E:N698Y,-6.4125075340271
A673E:N698S,-8.514127731323242
A673E:N698I,-7.452043056488037
A673E:N698D,-10.381317138671875
A673E:M706V,-10.65107536315918
A673E:M706T,-11.17674446105957
A673E:K687R,-8.016014099121094
A673E:K699E,-10.424760818481445
A673E:K699I,-9.418207168579102
A673E:K699N,-7.883781433105469
A673E:K699R,-8.156242370605469
A673E:L688F,-7.501979827880859
A673E:V683D,-8.591344833374023
A673E:L688M,-7.853188514709473
A673E:L705H,-12.087760925292969
A673E:L705I,-4.810471534729004
A673E:L705P,-10.769126892089844
A673E:M706I,-10.090167999267578
A673E:M706K,-12.416027069091797
A673E:M706L,-10.067010879516602
A673E:L688S,-6.5436015129089355
A673E:V683F,-8.628087997436523
A673E:V683I,-8.090378761291504
A673E:V689A,-8.268247604370117
A673E:Y681N,-7.519112586975098
A673G:E682D,-6.268777847290039
A673G:E682V,-6.384959697723389
A673G:E693D,-6.255612373352051
A673G:E693G,-5.655057907104492
A673E:Y681H,-8.007335662841797
A673G:F675S,-7.098056793212891
A673G:F691L,-6.940210342407227
A673G:G708C,-8.841544151306152
A673G:H677R,-6.04503870010376
A673G:H684R,-6.197204113006592
A673G:K687R,-6.990478992462158
A673E:K687N,-7.6100382804870605
A673E:Y681F,-7.773477554321289
A673E:V711I,-9.396512985229492
A673E:V689M,-8.491743087768555
A673E:V707A,-9.776754379272461
A673E:Y681C,-8.73461627960205
A673E:V707E,-11.980547904968262
A673E:V707M,-6.904969215393066
A673E:V711A,-10.282455444335938
A673E:V711D,-13.08482551574707
A673E:V707L,-5.001911640167236
A673G:K699N,-6.858246326446533
A673E:K687I,-8.06797981262207
A673E:F690Y,-8.41339111328125
A673E:F690S,-7.61121940612793
A673E:F690L,-7.8927226066589355
A673E:F690I,-7.803923606872559
A673E:F675S,-8.123592376708984
A673E:F675L,-8.038331031799316
A673E:F675I,-8.46103286743164
A673E:E693V,-7.633805274963379
A673E:E693K,-7.409506797790527
A673E:E693G,-6.680593013763428
A673E:E693D,-7.2811479568481445
A673E:E682V,-7.410494804382324
A673E:E682D,-7.294313430786133
A673E:E674V,-8.050743103027344
A673E:A692E,-8.176403045654297
A673E:A701T,-5.897749900817871
A673E:A701V,-6.55488395690918
A673E:F691L,-7.965745449066162
A673E:D678V,-7.619167804718018
A673E:D694E,-7.849225997924805
A673E:E674K,-7.379973411560059
A673E:F691S,-7.024781227111816
A673E:F691Y,-8.330766677856445
A673E:H684R,-7.222739219665527
A673E:K687E,-8.429828643798828
A673E:H684Q,-7.471920013427734
A673E:H677Y,-8.124897003173828
A673E:G696C,-9.616548538208008
A673E:G696D,-9.148853302001953
A673E:G696S,-7.822821617126465
A673E:G696V,-9.173952102661133
A673E:G700D,-11.249034881591797
A673E:G708C,-9.86707878112793
A673E:H684L,-7.461979866027832
A673E:G708D,-11.153989791870117
A673E:G709C,-6.692644119262695
A673E:G709D,-9.995429992675781
A673E:H677L,-8.998489379882812
A673E:H677Q,-8.429641723632812
A673E:H677R,-7.070573806762695
A673E:G708S,-9.640371322631836
A673S:L705R,-9.965370178222656
A673G:K699R,-7.130706787109375
A673G:M706I,-9.0646333694458
A673S:G708D,-9.9629545211792
A673S:G708C,-8.676043510437012
A673S:G704R,-8.633625030517578
A673S:G700C,-10.629985809326172
A673S:G696S,-6.6317853927612305
A673S:G696D,-7.957817554473877
A673S:G696C,-8.42551326751709
A673S:F691Y,-7.139730453491211
A673S:F691S,-5.83374547958374
A673S:F691L,-6.774709701538086
A673S:F690Y,-7.222355842590332
A673S:F690V,-6.934609413146973
A673S:F690L,-6.701686859130859
A673S:F690I,-6.612888336181641
A673S:E674G,-5.831716537475586
A673S:E674K,-6.188938140869141
A673S:E674V,-6.859707355499268
A673S:E682D,-6.103277683258057
A673S:G709C,-5.501608371734619
A673S:E693D,-6.090112209320068
A673S:E693G,-5.489557266235352
A673S:E693V,-6.442769527435303
A673S:F675I,-7.2699971199035645
A673S:F675L,-6.84729528427124
A673S:F675S,-6.932556629180908
A673S:E682V,-6.219459533691406
A673S:G709D,-8.804393768310547
A673S:H677L,-7.807453632354736
A673S:K687E,-7.238792896270752
A673S:K687I,-6.876943588256836
A673S:K687N,-6.419002532958984
A673S:K687R,-6.824978828430176
A673S:K699I,-8.227171897888184
A673S:K699N,-6.692746162414551
A673S:K699R,-6.965206623077393
A673S:L688F,-6.310944080352783
A673S:L688S,-5.352565765380859
A673S:L705F,-7.000576019287109
A673S:K699E,-9.233725547790527
A673S:D694E,-6.65818977355957
A673S:H677P,-6.926915168762207
A673S:H677Q,-7.2386064529418945
A673S:H677R,-5.879538536071777
A673S:H684L,-6.270944595336914
A673S:H684Q,-6.2808837890625
A673S:H684R,-6.031703948974609
A673G:L688S,-5.51806640625
A673S:D678V,-6.428132057189941
A673P:H684Q,-7.094906806945801
A673P:H677R,-6.693560600280762
A673P:G709C,-6.315630912780762
A673P:G708S,-9.263357162475586
A673P:G708C,-9.490066528320312
A673P:F691Y,-7.9537529945373535
A673P:F691S,-6.647768020629883
A673P:F691L,-7.5887322425842285
A673P:F690V,-7.748632431030273
A673P:F690L,-7.515709400177002
A673P:F690I,-7.426910400390625
A673P:F675L,-7.661317825317383
A673P:E693D,-6.904134750366211
A673P:E682V,-7.033481597900391
A673P:E682D,-6.917300224304199
A673G:N698D,-9.355781555175781
A673G:N698Y,-5.386972427368164
A673G:Q686L,-6.6065168380737305
A673G:V683A,-6.7929463386535645
A673G:V707E,-10.955012321472168
A673P:D678G,-5.872553825378418
A673P:D694E,-7.472212791442871
A673P:E674V,-7.67372989654541
A673P:Q686R,-7.52192497253418
A673P:S697P,-8.444245338439941
A673P:V683A,-7.441468238830566
A673P:V711D,-12.70781135559082
A673P:Y681F,-7.3964643478393555
A673P:Q686L,-7.255038738250732
A673S:A692S,-5.90618896484375
A673S:A701T,-4.706714153289795
A673S:A701V,-5.363848686218262
A673S:A692E,-6.985367298126221
A673S:D678E,-6.351043701171875
A673P:Q686H,-7.9995551109313965
A673P:N698D,-10.004303932189941
A673P:N698Y,-6.035494327545166
A673P:K687I,-7.690966606140137
A673P:K699I,-9.041194915771484
A673P:K699N,-7.506768226623535
A673P:K699R,-7.779229164123535
A673P:L688S,-6.166588306427002
A673P:L705H,-11.710748672485352
A673P:L705P,-10.392112731933594
A673P:K687T,-7.68729305267334
A673V:L688F,-7.849912166595459
A673T:L705H,-11.600695610046387
A673V:L688S,-6.891533851623535
A673V:V683G,-7.315244674682617
A673V:V683I,-8.438310623168945
A673V:V689A,-8.616180419921875
A673V:V689M,-8.839675903320312
A673V:V707A,-10.124687194824219
A673V:V683D,-8.939276695251465
A673V:V707E,-12.328479766845703
A673V:V711A,-10.630387306213379
A673V:V711D,-13.432757377624512
A673V:V711I,-9.744444847106934
A673V:V711L,-10.577489852905273
A673V:Y681C,-9.082548141479492
A673V:Y681F,-8.12140941619873
A673V:Y681H,-8.355268478393555
A673V:Y681N,-7.8670454025268555
A673V:L688M,-8.20112133026123
A673V:V707M,-7.252901077270508
A673V:V683A,-8.166414260864258
A673V:S697P,-9.169191360473633
A673V:L705F,-8.539544105529785
A673V:S697T,-8.121944427490234
A673V:L705H,-12.435693740844727
A673V:L705I,-5.1584038734436035
A673V:L705P,-11.117058753967285
A673V:M706I,-10.438100814819336
A673V:M706L,-10.414942741394043
A673V:M706V,-10.999008178710938
A673V:N698D,-10.729249954223633
A673V:N698H,-8.898334503173828
A673V:N698I,-7.799975395202637
A673V:N698S,-8.862060546875
A673V:M706T,-11.524677276611328
A673V:Q686H,-8.72450065612793
A673V:S679T,-8.514229774475098
A673V:N698Y,-6.760439872741699
A673V:S697L,-7.52198600769043
A673V:R676Q,-9.021271705627441
A673V:Q686R,-8.246870040893555
A673V:Q686P,-8.719532012939453
A673V:Q686L,-7.979984283447266
A673V:Q686K,-8.200477600097656
A673V:R676L,-9.344064712524414
E674K:S697L,-5.729462146759033
E674K:S679T,-6.721706390380859
E674K:S697P,-7.376667022705078
E674K:R676Q,-7.228748321533203
E674K:R676L,-7.551541328430176
E674K:N698S,-7.069537162780762
E674K:Q686L,-6.187460899353027
E674K:Q686H,-6.931977272033691
E674K:N698Y,-4.967916488647461
E674K:N698I,-6.007452011108398
E674K:S697T,-6.32942008972168
E674K:N698H,-7.10581111907959
E674K:Q686R,-6.454346656799316
E674K:V683A,-6.373890399932861
E674K:V683I,-6.645787239074707
E674K:N698D,-8.936725616455078
E674K:Y681C,-7.290024757385254
E674K:V711D,-11.640233993530273
E674K:V711A,-8.83786392211914
E674K:V707M,-5.4603776931762695
E674K:V707E,-10.535956382751465
E674K:V707A,-8.33216381072998
E674K:V689M,-7.047151565551758
E674K:V689A,-6.823657035827637
E674K:V683D,-7.146753311157227
E674K:M706V,-9.206483840942383
E674K:M706K,-10.971435546875
E674K:Y681F,-6.328886032104492
E674K:H684R,-5.778148174285889
E674K:H684Q,-6.0273284912109375
E674K:H684L,-6.017388820648193
E674K:H677Y,-6.680305480957031
E674K:M706L,-8.622419357299805
E674K:L705P,-9.324535369873047
E674K:L705H,-10.643170356750488
E674K:L705F,-6.747020721435547
E674K:L688S,-5.099010467529297
E674K:L688M,-6.408597469329834
E674K:L688F,-6.0573883056640625
E674K:K699T,-7.3943023681640625
E674K:K699N,-6.43919038772583
E674K:K699I,-7.973616600036621
E674K:K699E,-8.980170249938965
E674K:K687N,-6.165447235107422
E674K:K687I,-6.623388290405273
E674K:K687E,-6.985237121582031
E674K:K699R,-6.711650848388672
E674K:Y681H,-6.562745094299316
E674V:G696D,-8.375031471252441
E674V:G696C,-8.842727661132812
E674V:G696A,-8.250329971313477
E674V:F691Y,-7.556944370269775
E674V:F691V,-7.082432746887207
E674V:G696S,-7.048999786376953
E674V:F691S,-6.250959396362305
E674V:F690Y,-7.6395697593688965
E674V:F690V,-7.351823806762695
E674V:F690S,-6.837397575378418
E674V:F690L,-7.118900775909424
E674V:F690I,-7.030101776123047
E674V:F691L,-7.19192361831665
E674V:G700C,-11.047199249267578
E674V:G700D,-10.475214004516602
E674G:F690S,-5.809406757354736
E674V:H677Y,-7.351075172424316
E674V:H677R,-6.296751976013184
E674V:H677Q,-7.655820369720459
E674V:H677L,-8.2246675491333
E674V:H677D,-8.21584415435791
E674V:G709D,-9.22160816192627
E674V:G709C,-5.918822288513184
E674V:G708V,-9.333955764770508
E674V:G708S,-8.866548538208008
E674V:G708D,-10.380168914794922
E674V:G708C,-9.093257904052734
E674V:G704R,-9.050838470458984
E674V:G704E,-9.56009292602539
E674K:Y681N,-6.074521541595459
E674V:F675S,-7.349770545959473
E674V:F675I,-7.687211036682129
E674V:A701V,-5.781062126159668
E674V:A701T,-5.123928070068359
E674V:A701S,-7.1997175216674805
E674V:A692E,-7.402581214904785
E674Q:Q686H,-6.766659736633301
E674Q:G704E,-8.724006652832031
E674V:E693V,-6.859983444213867
E674V:E693G,-5.906771183013916
E674V:E693D,-6.507326126098633
E674V:E682V,-6.6366729736328125
E674V:E682D,-6.520491600036621
E674K:H677R,-5.625982761383057
E674V:D694E,-7.075404167175293
E674V:D678Y,-6.325334072113037
E674V:D678V,-6.845345973968506
E674V:D678N,-5.17966890335083
E674V:D678G,-5.47574520111084
E674V:D678E,-6.7682576179504395
E674V:F675L,-7.264509201049805
E674K:H677Q,-6.985051155090332
E674K:E682V,-5.9659037590026855
E674G:L688F,-5.700167179107666
E674G:K699R,-6.354429721832275
E674G:K699N,-6.081969261169434
E674G:K699I,-7.616394996643066
E674G:K699E,-8.62294864654541
E674G:K687T,-6.262494087219238
E674G:L688M,-6.0513763427734375
E674G:K687R,-6.214201927185059
E674G:K687N,-5.808225631713867
E674G:K687I,-6.266166687011719
E674G:K687E,-6.628015995025635
E674G:K687Q,-6.128998279571533
E674G:L688S,-4.741788864135742
E674G:L705H,-10.285948753356934
E674G:Q686K,-6.050732612609863
E674G:Q686H,-6.574755668640137
E674G:N698Y,-4.610694885253906
E674G:N698S,-6.712315559387207
E674G:N698I,-5.650230407714844
E674G:N698D,-8.579504013061523
E674G:L705F,-6.389799118041992
E674G:M706V,-8.849262237548828
E674G:M706K,-10.614213943481445
E674G:M706I,-8.288355827331543
E674G:L705V,-3.577460527420044
E674G:L705R,-9.354593276977539
E674G:L705P,-8.967313766479492
E674G:L705I,-3.0086588859558105
E674G:M706L,-8.26519775390625
E674G:G708V,-8.305965423583984
E674G:G708S,-7.838558197021484
E674G:G708D,-9.352177619934082
E674G:G708C,-8.065266609191895
E674G:G704E,-8.532102584838867
E674G:G700D,-9.447222709655762
E674G:G709C,-4.890831470489502
E674G:G700C,-10.019208908081055
E674G:G696D,-7.34704065322876
E674G:G696C,-7.814736366271973
E674G:F691Y,-6.528953552246094
E674G:F691S,-5.222968578338623
E674G:F691L,-6.163932800292969
E674G:G696S,-6.021008491516113
E674G:G709D,-8.19361686706543
E674G:H677L,-7.196676731109619
E674G:H684R,-5.420927047729492
E674G:H684Q,-5.670106887817383
E674G:H684L,-5.660167694091797
E674G:H677Y,-6.323083877563477
E674G:H677R,-5.26876163482666
E674G:H677Q,-6.627829551696777
E674G:Q686L,-5.830239295959473
E674G:Q686R,-6.09712553024292
E674G:R676G,-6.859534740447998
E674G:R676L,-7.194319725036621
E674K:F675S,-6.6790008544921875
E674K:F675L,-6.5937395095825195
E674K:F675I,-7.016441345214844
E674K:E693V,-6.189213752746582
E674K:E693G,-5.236001968383789
E674K:E693D,-5.836556434631348
E674K:E682K,-5.633995532989502
E674K:E682D,-5.849721908569336
E674K:D694E,-6.404634475708008
E674K:D678V,-6.174576759338379
E674K:F690I,-6.35933256149292
E674K:F690L,-6.448131561279297
E674K:F690Y,-6.9688005447387695
E674K:G709D,-8.550838470458984
E674K:G709C,-5.248052597045898
E674K:G708S,-8.195779800415039
E674K:G708C,-8.42248821258545
E674K:G704R,-8.380069732666016
E674K:G704E,-8.889324188232422
E674K:G700D,-9.804444313049316
E674K:G700C,-10.37643051147461
E674K:G696S,-6.378230094909668
E674K:G696D,-7.704261779785156
E674K:G696C,-8.171957969665527
E674K:F691Y,-6.886175155639648
E674K:F691S,-5.5801897048950195
E674K:F691L,-6.521154403686523
E674K:A701V,-5.110292911529541
E674K:H677L,-7.553897857666016
E674K:A701T,-4.453158378601074
E674G:V689M,-6.689930438995361
E674G:V689L,-5.76069450378418
E674G:V689A,-6.466435432434082
E674G:V683I,-6.288565635681152
E674G:V683D,-6.789531707763672
E674G:S697T,-5.972198963165283
E674G:S697P,-7.019445896148682
E674G:S697L,-5.372241020202637
E674G:S679T,-6.364484786987305
E674G:R676Q,-6.871526718139648
E674G:V683A,-6.016669273376465
E674G:V707A,-7.974942207336426
E674G:Y681N,-5.7173004150390625
E674G:Y681H,-6.205523490905762
E674G:Y681F,-5.9716644287109375
E674G:Y681C,-6.932803630828857
E674G:V711I,-7.594699859619141
E674G:V711G,-9.480494499206543
E674G:V711D,-11.283012390136719
E674G:V711A,-8.480642318725586
E674G:V707M,-5.103156089782715
E674G:V707E,-10.178735733032227
E674G:F690L,-6.090909957885742
E674G:F690Y,-6.611578941345215
E674G:A692E,-6.3745903968811035
E674D:N698Y,-4.439263820648193
E674D:N698D,-8.408073425292969
E674D:M706K,-10.44278335571289
E674D:L705H,-10.114517211914062
E674D:L705F,-6.218368053436279
E674D:L688S,-4.570357799530029
E674D:L688M,-5.879944801330566
E674D:L688F,-5.528736114501953
E674D:K699R,-6.1829986572265625
E674D:K699N,-5.9105377197265625
E674D:K699I,-7.4449639320373535
E674D:Q686H,-6.403324604034424
E674D:K699E,-8.451517105102539
E674D:K687N,-5.636794567108154
E674D:K687R,-6.0427703857421875
E674D:Q686L,-5.65880823135376
E674D:Q686R,-5.925694465637207
E674D:R676L,-7.022888660430908
E674G:D678G,-4.447754383087158
E674G:D678E,-5.740266799926758
E674G:A701V,-4.7530717849731445
E674G:A701T,-4.095937252044678
E674G:A701G,-5.23196268081665
E674D:Y681N,-5.545868873596191
E674D:Y681C,-6.7613725662231445
E674D:V711D,-11.111581802368164
E674D:V707M,-4.93172550201416
E674D:V707E,-10.007304191589355
E674D:V689M,-6.518499374389648
E674D:V683A,-5.845237731933594
E674D:S697T,-5.80076789855957
E674D:S697P,-6.848014831542969
E674D:R676Q,-6.7000956535339355
E674D:H684R,-5.249495506286621
E674G:D678N,-4.151678085327148
E674D:H684Q,-5.498676300048828
E674D:H684L,-5.488736152648926
E674D:D694E,-5.875982284545898
E674D:D678V,-5.645924091339111
E674D:D678G,-4.276323318481445
E674D:A701V,-4.581640243530273
E674D:A701T,-3.924506187438965
E674A:V683I,-6.549548149108887
E674A:N698D,-8.840486526489258
E674A:L688S,-5.002771377563477
E674A:K687I,-6.527149200439453
E674A:H684Q,-5.931089401245117
E674A:H677L,-7.457658767700195
E674A:G709C,-5.151813507080078
E674A:F691L,-6.424915313720703
E674A:F675S,-6.582761764526367
E674A:E682D,-5.753482818603516
E674A:L688M,-6.312358379364014
E674D:E682D,-5.321069717407227
E674D:E682V,-5.437251091003418
E674D:H677Y,-6.151653289794922
E674D:H677R,-5.097330093383789
E674D:H677Q,-6.4563984870910645
E674D:H677L,-7.025245666503906
E674D:G709D,-8.022186279296875
E674D:G709C,-4.719400405883789
E674D:G708C,-7.893835544586182
E674D:G700D,-9.27579116821289
E674D:G696S,-5.849577903747559
E674D:G696D,-7.175609588623047
E674D:F691Y,-6.357522487640381
E674D:F691S,-5.05153751373291
E674D:F691L,-5.992501735687256
E674D:F690V,-6.152401924133301
E674D:F690L,-5.919478893280029
E674D:F690I,-5.830679893493652
E674D:F675S,-6.150348663330078
E674D:F675L,-6.06508731842041
E674D:F675I,-6.487789154052734
E674D:E693V,-5.660561561584473
E674D:E693K,-5.436263084411621
E674D:E693G,-4.7073493003845215
E674D:E693D,-5.307904243469238
E674D:H684N,-5.153349876403809
E674G:D678V,-5.817355155944824
E674G:D694E,-6.047412872314453
E674V:K699I,-8.644386291503906
E674V:K699N,-7.109959602355957
E674V:K699R,-7.382420539855957
E674V:L688F,-6.728157997131348
E674V:L688M,-7.079366683959961
E674V:L688S,-5.769779682159424
E674V:L688V,-6.687958717346191
E674V:L688W,-8.226631164550781
E674V:L705F,-7.417789936065674
E674V:L705H,-11.313940048217773
E674V:L705I,-4.036649703979492
E674V:L705P,-9.995304107666016
E674V:L705R,-10.382583618164062
E674V:M706I,-9.316347122192383
E674V:M706K,-11.642204284667969
E674V:M706L,-9.293188095092773
E674V:M706T,-10.402922630310059
E674V:M706V,-9.877253532409668
E674V:N698D,-9.607495307922363
E674V:N698I,-6.678221225738525
E674V:N698S,-7.740306377410889
E674V:N698Y,-5.638685703277588
E674G:D678Y,-5.2973432540893555
E674V:Q686K,-7.078723907470703
E674V:Q686L,-6.858230113983154
E674V:K699E,-9.65093994140625
E674V:Q686R,-7.125116348266602
E674V:K687T,-7.290484428405762
E674V:K687Q,-7.156989097595215
E674V:H684L,-6.68815803527832
E674V:H684N,-6.352771759033203
E674V:H684Q,-6.698098182678223
E674V:H684R,-6.448917388916016
E674V:K687E,-7.656006813049316
E674V:K687I,-7.294157981872559
E674V:K687N,-6.836216449737549
E674V:K687R,-7.242192268371582
E674V:R676L,-8.222311019897461
E674V:Q686H,-7.602746486663818
E674V:V711I,-8.622690200805664
E674V:V711L,-9.45573616027832
E674V:Y681C,-7.960794448852539
E674V:R676Q,-7.89951753616333
E674V:Y681H,-7.233514308929443
E674V:Y681N,-6.745290756225586
E674G:F690I,-6.002111434936523
E674V:V711D,-12.311002731323242
E674G:F675S,-6.321779727935791
E674G:F675I,-6.659220218658447
E674G:E693V,-5.8319926261901855
E674G:E693G,-4.878780364990234
E674G:E693D,-5.479335308074951
E674G:E682V,-5.608682632446289
E674G:E682K,-5.2767744064331055
E674G:E682D,-5.4925007820129395
E674G:F675L,-6.236518383026123
E674V:V711A,-9.50863265991211
E674V:Y681F,-6.999655723571777
E674V:S679T,-7.392475605010986
E674V:S697L,-6.40023136138916
E674V:S697P,-8.047436714172363
E674V:S697T,-7.000189781188965
E674V:V683A,-7.044659614562988
E674V:V683D,-7.8175225257873535
E674V:V683I,-7.316556930541992
E674V:V683L,-7.452834129333496
E674V:V689A,-7.494426250457764
E674V:V683F,-7.8542656898498535
E674V:V689L,-6.7886857986450195
E674V:V707L,-4.228089809417725
E674V:V707G,-9.892840385437012
E674V:V707E,-11.20672607421875
E674V:V707A,-9.002933502197266
E674V:V707M,-6.131147384643555
E674V:V689M,-7.717921257019043
F675S:K687E,-7.728856086730957
F675S:K687Q,-7.2298383712768555
F675S:K687N,-6.9090657234191895
F675S:K687R,-7.315041542053223
F675S:K687T,-7.363333702087402
F675S:K699E,-9.72378921508789
F675S:K687I,-7.367007255554199
F675S:V683I,-7.389406204223633
F675S:K699I,-8.717235565185547
F675S:K699N,-7.182808876037598
F675S:K699Q,-7.214550495147705
F675S:K699R,-7.455269813537598
F675S:S697T,-7.0730390548706055
F675S:V683A,-7.117508888244629
F675S:Y681H,-7.306363582611084
F675S:Y681F,-7.072504997253418
F675S:Y681C,-8.03364372253418
F675S:V711L,-9.528585433959961
F675S:V711I,-8.695539474487305
F675S:V711G,-10.581335067749023
F675S:V711D,-12.383852005004883
F675S:V711A,-9.58148193359375
F675S:Y681N,-6.818140029907227
F675S:V707M,-6.203996658325195
F675S:V707E,-11.27957534790039
F675S:V707A,-9.075782775878906
F675S:V683D,-7.890371799468994
F675S:V689M,-7.790770530700684
F675S:V689L,-6.86153507232666
F675S:V689A,-7.567275524139404
F675S:V707L,-4.300939083099365
F675S:S697P,-8.120285987854004
F675S:S697L,-6.473080635070801
F675S:S679T,-7.465324878692627
F675S:L688F,-6.801007270812988
F675S:L688M,-7.152215957641602
F675S:L688S,-5.8426289558410645
F675S:L688W,-8.299480438232422
F675S:L705F,-7.4906392097473145
F675S:L705H,-11.386789321899414
F675S:L705I,-4.109498977661133
F675S:L705P,-10.068153381347656
F675S:L705R,-10.455432891845703
F675S:M706I,-9.389196395874023
F675S:M706K,-11.71505355834961
F675S:M706L,-9.366037368774414
F675S:M706R,-12.225404739379883
F675S:M706T,-10.4757719039917
F675S:N698D,-9.680344581604004
F675S:N698H,-7.849429607391357
F675S:N698I,-6.751070499420166
F675S:N698S,-7.813155651092529
F675S:N698T,-7.879500389099121
F675S:N698Y,-5.7115349769592285
F675S:Q686E,-7.682411193847656
F675S:Q686H,-7.675595760345459
F675S:Q686K,-7.151573181152344
F675S:Q686L,-6.931079387664795
F675S:Q686R,-7.197965621948242
F675S:R676L,-8.295160293579102
F675S:R676Q,-7.972366809844971
F675S:M706V,-9.950102806091309
F675S:V683F,-7.927114963531494
F675I:S697T,-7.410479545593262
F675I:V683A,-7.454949378967285
F675I:V683D,-8.227811813354492
F675I:V683F,-8.264554977416992
F675I:V683G,-6.603780746459961
F675I:V683I,-7.726846694946289
F675I:V689A,-7.9047160148620605
F675I:V689L,-7.198975563049316
F675I:S697P,-8.45772647857666
F675I:V689M,-8.12821102142334
F675I:V707A,-9.413223266601562
F675I:V707E,-11.617015838623047
F675I:V707L,-4.6383795738220215
F675I:V707M,-6.541437149047852
F675I:S697L,-6.810521125793457
F675I:L705F,-7.828079700469971
F675I:L705H,-11.72422981262207
F675I:L705I,-4.446939468383789
F675I:L705P,-10.405593872070312
F675I:L705V,-5.015741348266602
F675I:M706I,-9.72663688659668
F675I:M706K,-12.052494049072266
F675I:M706L,-9.70347785949707
F675I:M706T,-10.813212394714355
F675I:M706V,-10.287543296813965
F675I:S679T,-7.802765369415283
F675I:N698D,-10.01778507232666
F675I:N698K,-8.535070419311523
F675I:N698S,-8.150596618652344
F675I:N698Y,-6.048975467681885
F675I:Q686H,-8.013036727905273
F675I:Q686K,-7.489013671875
F675I:Q686L,-7.268519878387451
F675I:Q686R,-7.535406112670898
F675I:R676L,-8.632600784301758
F675I:R676Q,-8.309806823730469
F675I:N698I,-7.088510990142822
F675I:V711A,-9.918922424316406
F675I:V711D,-12.721292495727539
F675I:V711F,-10.00674819946289
F675L:E682A,-6.533233165740967
F675L:E682D,-6.508079528808594
F675L:E682K,-6.292352676391602
F675L:E682V,-6.624260902404785
F675L:E693D,-6.4949140548706055
F675L:E693G,-5.894359111785889
F675L:E693V,-6.84757137298584
F675L:F690I,-7.0176897048950195
F675L:F690S,-6.824985504150391
F675L:F690V,-7.339411735534668
F675L:F690Y,-7.627157688140869
F675L:F691C,-7.630738735198975
F675L:F691L,-7.179511547088623
F675L:F691S,-6.238547325134277
F675L:F691Y,-7.544532299041748
F675L:F690L,-7.1064887046813965
F675L:D694E,-7.062992095947266
F675L:D678Y,-6.31292200088501
F675L:D678V,-6.8329339027404785
F675I:V711I,-9.032979965209961
F675I:Y681C,-8.371084213256836
F675I:Y681F,-7.409945487976074
F675I:Y681H,-7.64380407333374
F675I:Y681N,-7.155580520629883
F675L:A692E,-7.390169143676758
F675L:A692S,-6.310990333557129
F675L:A701P,-8.206350326538086
F675L:A701S,-7.187305450439453
F675L:A701T,-5.111515998840332
F675L:A701V,-5.768650054931641
F675L:D678A,-6.214563369750977
F675L:D678E,-6.755845546722412
F675L:D678G,-5.4633331298828125
F675L:D678N,-5.167256832122803
F675I:L688S,-6.180069446563721
F675I:L688M,-7.489656448364258
F675I:K699R,-7.792710304260254
F675I:D678V,-7.255635738372803
F675I:D694E,-7.48569393157959
F675I:E682D,-6.930781364440918
F675I:E682K,-6.715054512023926
F675I:E682V,-7.046962738037109
F675I:E693D,-6.91761589050293
F675I:E693G,-6.317060947418213
F675I:D678N,-5.589958667755127
F675I:E693V,-7.270273208618164
F675I:F690L,-7.529190540313721
F675I:F690V,-7.762113571166992
F675I:F690Y,-8.049860000610352
F675I:F691L,-7.602213382720947
F675I:F691S,-6.661249160766602
F675I:F691Y,-7.967234134674072
F675I:F690I,-7.440391540527344
F675I:G696A,-8.660619735717773
F675I:D678G,-5.886034965515137
F675I:D678A,-6.637265205383301
F675C:E682V,-7.741872787475586
F675C:E693V,-7.965183258056641
F675C:F690I,-8.13530158996582
F675C:H677Q,-8.76102066040039
F675C:K699N,-8.21515941619873
F675C:Q686L,-7.963429927825928
F675C:S697P,-9.152636528015137
F675I:D678E,-7.178547382354736
F675I:A701T,-5.534217834472656
F675I:A701V,-6.191351890563965
F675I:A692E,-7.812870979309082
F675I:G696C,-9.25301742553711
F675I:G696D,-8.785321235656738
F675I:G696S,-7.45928955078125
F675I:K687E,-8.066296577453613
F675I:K687I,-7.7044477462768555
F675I:K687N,-7.246506214141846
F675I:K687Q,-7.567278861999512
F675I:K687R,-7.652482032775879
F675I:K687T,-7.700774192810059
F675I:K699E,-10.061229705810547
F675I:K699I,-9.054676055908203
F675I:K699N,-7.520249366760254
F675I:G700C,-11.457489013671875
F675I:G700D,-10.885503768920898
F675I:G704E,-9.970382690429688
F675I:G704R,-9.461128234863281
F675I:G708C,-9.503547668457031
F675I:G708D,-10.790458679199219
F675I:G708S,-9.276838302612305
F675I:G708V,-9.744245529174805
F675I:G709C,-6.3291120529174805
F675I:G709D,-9.631897926330566
F675I:H677D,-8.626133918762207
F675I:H677L,-8.634957313537598
F675I:H677Q,-8.066110610961914
F675I:H677R,-6.7070417404174805
F675I:H677Y,-7.761364936828613
F675I:H684L,-7.098447799682617
F675I:H684N,-6.7630615234375
F675I:H684Q,-7.1083879470825195
F675I:H684R,-6.8592071533203125
F675I:L688F,-7.1384477615356445
F675L:G696C,-8.830314636230469
F675L:G696R,-7.842268943786621
F675S:A701S,-7.272566795349121
F675S:A701T,-5.19677734375
F675S:A701V,-5.853911399841309
F675S:D678E,-6.84110689163208
F675S:D678G,-5.5485944747924805
F675S:D678V,-6.9181952476501465
F675S:D678Y,-6.398183345794678
F675S:D694E,-7.148253440856934
F675S:D694H,-8.228471755981445
F675S:E682D,-6.593340873718262
F675S:D678N,-5.252518177032471
F675S:E682K,-6.3776140213012695
F675S:A692S,-6.396251678466797
F675L:V707A,-8.990520477294922
F675L:V707E,-11.194314002990723
F675L:V707L,-4.215677738189697
F675L:V707M,-6.118735313415527
F675L:V711A,-9.496221542358398
F675L:V711D,-12.298591613769531
F675L:V711F,-9.58404541015625
F675L:V711G,-10.496072769165039
F675L:Y681C,-7.948382377624512
F675L:Y681F,-6.98724365234375
F675L:Y681H,-7.221102237701416
F675L:Y681N,-6.732878684997559
F675S:A692E,-7.475430488586426
F675S:A692G,-7.0529375076293945
F675S:A692P,-7.238977432250977
F675L:V711I,-8.610279083251953
F675S:E682V,-6.709522247314453
F675S:E693D,-6.580175399780273
F675S:E693G,-5.979620456695557
F675S:G704E,-9.632942199707031
F675S:G704R,-9.123687744140625
F675S:G704V,-9.271425247192383
F675S:G708A,-9.076086044311523
F675S:G708C,-9.166107177734375
F675S:G708D,-10.453018188476562
F675S:G708S,-8.939397811889648
F675S:G708V,-9.406805038452148
F675S:G709C,-5.991671562194824
F675S:G709D,-9.29445743560791
F675S:G704A,-9.139720916748047
F675S:H677Q,-7.7286696434021
F675S:H677R,-6.369601249694824
F675S:H677Y,-7.423924446105957
F675S:H684L,-6.761007308959961
F675S:H684N,-6.425621032714844
F675S:H684Q,-6.770947456359863
F675S:H684R,-6.521766662597656
F675S:H677L,-8.297516822814941
F675S:G700V,-9.065059661865234
F675S:G700D,-10.548063278198242
F675S:E693K,-6.708534240722656
F675S:E693V,-6.932832717895508
F675S:F690I,-7.1029510498046875
F675S:F690L,-7.1917500495910645
F675S:F690S,-6.910246849060059
F675S:F690V,-7.424673080444336
F675S:F690Y,-7.712419033050537
F675S:F691C,-7.716000080108643
F675S:F691L,-7.264772891998291
F675S:F691S,-6.323808670043945
F675S:F691V,-7.155282020568848
F675S:F691Y,-7.629793643951416
F675S:G696A,-8.323179244995117
F675S:G696C,-8.915576934814453
F675S:G696D,-8.447880744934082
F675S:G696S,-7.121849060058594
F675S:G696V,-8.472978591918945
F675S:G700C,-11.120048522949219
F675L:G696D,-8.362619400024414
F675L:H684R,-6.436505317687988
F675L:H684Q,-6.685686111450195
F675L:K687E,-7.643594741821289
F675L:K687I,-7.281745910644531
F675L:K687N,-6.8238043785095215
F675L:H684N,-6.340359687805176
F675L:H677Y,-7.338663101196289
F675L:G696S,-7.036587715148926
F675L:G696V,-8.387718200683594
F675L:G700C,-11.034788131713867
F675L:G700D,-10.462800979614258
F675L:G700V,-8.979798316955566
F675L:G704E,-9.54768180847168
F675L:G704R,-9.038427352905273
F675L:G708A,-8.990823745727539
F675L:G708C,-9.08084487915039
F675L:H684L,-6.675745964050293
F675L:G708D,-10.367755889892578
F675L:G708V,-9.321544647216797
F675L:G709C,-5.906410217285156
F675L:G709D,-9.209196090698242
F675L:G709R,-9.866453170776367
F675L:H677D,-8.203432083129883
F675L:H677L,-8.212255477905273
F675L:H677N,-6.981037616729736
F675L:H677Q,-7.643408298492432
F675L:H677R,-6.284339904785156
F675L:G708S,-8.854137420654297
F675L:K687Q,-7.1445770263671875
F675L:K687R,-7.229780197143555
F675L:K699E,-9.638526916503906
F675L:Q686L,-6.845818042755127
F675L:Q686P,-7.585365295410156
F675L:Q686R,-7.112704277038574
F675L:R676L,-8.209897994995117
F675L:R676Q,-7.887105464935303
F675L:S679T,-7.380063533782959
F675L:S697A,-7.2792768478393555
F675L:Q686K,-7.066311836242676
F675L:S697L,-6.387819290161133
F675L:S697T,-6.9877777099609375
F675L:V683A,-7.032247543334961
F675L:V683D,-7.805110454559326
F675L:V683F,-7.841853618621826
F675L:V683I,-7.304144859313965
F675L:V689A,-7.482014179229736
F675L:V689L,-6.776273727416992
F675L:V689M,-7.705509185791016
F675L:S697P,-8.035024642944336
F675L:Q686H,-7.590334415435791
F675L:N698Y,-5.6262736320495605
F675L:N698T,-7.794239044189453
F675L:K699I,-8.631973266601562
F675L:K699N,-7.09754753112793
F675L:K699Q,-7.129289150238037
F675L:K699R,-7.37000846862793
F675L:L688F,-6.71574592590332
F675L:L688M,-7.066954612731934
F675L:L688S,-5.7573676109313965
F675L:L688V,-6.675546646118164
F675L:L688W,-8.21422004699707
F675L:L705F,-7.4053778648376465
F675L:L705H,-11.30152702331543
F675L:L705I,-4.024237632751465
F675L:L705P,-9.982892990112305
F675L:L705V,-4.593039512634277
F675L:M706I,-9.303934097290039
F675L:M706K,-11.629793167114258
F675L:M706L,-9.280776977539062
F675L:M706T,-10.390510559082031
F675L:M706V,-9.86484146118164
F675L:N698D,-9.595083236694336
F675L:N698H,-7.7641682624816895
F675L:N698I,-6.665809154510498
F675L:N698S,-7.727894306182861
R676L:K687R,-8.187582015991211
R676L:K687E,-8.601396560668945
R676L:K687I,-8.239546775817871
R676L:H684R,-7.3943071365356445
R676L:K687N,-7.7816057205200195
R676L:K687T,-8.23587417602539
R676L:N698S,-8.68569564819336
R676L:N698I,-7.623610496520996
R676L:N698D,-10.552885055541992
R676L:M706V,-10.822643280029297
R676L:M706T,-11.348312377929688
R676L:M706L,-10.238577842712402
R676L:M706K,-12.587594032287598
R676L:M706I,-10.261735916137695
R676L:L705P,-10.940693855285645
R676L:L705I,-4.982038974761963
R676L:L705H,-12.259328842163086
R676L:L705F,-8.363179206848145
R676L:L688W,-9.17202091217041
R676L:L688S,-6.7151689529418945
R676L:L688M,-8.02475643157959
R676L:L688F,-7.673547267913818
R676L:K699R,-8.327810287475586
R676L:K699Q,-8.087090492248535
R676L:K699N,-8.055349349975586
R676L:K699I,-9.589775085449219
R676L:K699E,-10.596328735351562
R676L:H684Q,-7.643486976623535
R676L:H684N,-7.298161029815674
R676L:H684L,-7.633547782897949
R676L:F690Y,-8.584959030151367
R676L:F690S,-7.782786846160889
R676L:F690L,-8.064290046691895
R676L:F690I,-7.975491523742676
R676L:E693V,-7.805372714996338
R676L:E693K,-7.581074237823486
R676L:E693G,-6.852160453796387
R676L:E693D,-7.4527153968811035
R676L:E682V,-7.582062721252441
R676L:E682K,-7.250154495239258
R676L:E682D,-7.465880870819092
R676L:D694E,-8.020792961120605
R676L:D678Y,-7.270723342895508
R676L:D678V,-7.790735244750977
R676L:D678N,-6.125058174133301
R676L:D678G,-6.4211344718933105
R676L:D678E,-7.71364688873291
R676L:F691L,-8.137312889099121
R676L:F691S,-7.196348667144775
R676L:F691Y,-8.502333641052246
R676L:H677Y,-8.296463966369629
R676L:H677R,-7.2421417236328125
R676L:H677Q,-8.60120964050293
R676L:H677L,-9.17005729675293
R676L:H677D,-9.161233901977539
R676L:G709D,-10.166997909545898
R676L:G709C,-6.864211559295654
R676L:G708V,-10.279345512390137
R676L:G708S,-9.811938285827637
R676L:N698Y,-6.584074974060059
R676L:G708R,-11.160030364990234
R676L:G708C,-10.038646697998047
R676L:G704R,-9.996228218078613
R676L:G704E,-10.50548267364502
R676L:G700D,-11.420602798461914
R676L:G700C,-11.992588996887207
R676L:G700A,-9.91132926940918
R676L:G696S,-7.994388580322266
R676L:G696D,-9.32042121887207
R676L:G696C,-9.788116455078125
R676L:G708D,-11.325557708740234
R676L:Q686H,-8.548135757446289
R676L:Q686L,-7.803619384765625
R676Q:A701V,-6.403658866882324
R676Q:A701T,-5.746524333953857
R676Q:A701S,-7.82231330871582
R676Q:A701G,-6.88254976272583
R676Q:A692E,-8.025177001953125
R676Q:D678E,-7.3908538818359375
R676Q:F691S,-6.873555660247803
R676Q:F691L,-7.814519882202148
R676Q:F690Y,-8.262166023254395
R676Q:F690V,-7.974419593811035
R676Q:F690S,-7.459993839263916
R676Q:F690L,-7.741497039794922
R676Q:F690I,-7.652698516845703
R676Q:E693V,-7.482579708099365
R676Q:E693G,-6.529367446899414
R676Q:E693D,-7.129922389984131
R676Q:E682V,-7.259269714355469
R676Q:E682K,-6.927361488342285
R676Q:E682D,-7.143087863922119
R676Q:D694E,-7.697999954223633
R676Q:D678Y,-6.947930335998535
R676Q:D678V,-7.467942237854004
R676Q:D678G,-6.098341464996338
R676L:V707M,-7.076536178588867
R676L:V707E,-12.152114868164062
R676L:V707A,-9.948322296142578
R676L:V689M,-8.663311004638672
R676L:V689A,-8.439815521240234
R676L:V683I,-8.261945724487305
R676L:V683G,-7.138879776000977
R676L:V683D,-8.762911796569824
R676L:V683A,-7.990049362182617
R676L:S697T,-7.9455790519714355
R676L:S697P,-8.992826461791992
R676L:S697L,-7.345621109008789
R676L:S679T,-8.337864875793457
R676L:S679A,-8.084145545959473
R676L:Q686R,-8.070505142211914
R676L:V711A,-10.454022407531738
R676L:Q686K,-8.024112701416016
R676L:Y681N,-7.690680503845215
R676L:Y681H,-8.178903579711914
R676L:Y681F,-7.94504451751709
R676L:Y681C,-8.906183242797852
R676L:V711I,-9.568079948425293
R676L:V711D,-13.256392478942871
R676Q:V689M,-8.340517044067383
R676Q:V707A,-9.625529289245605
R676Q:V707E,-11.829322814941406
R676Q:F691Y,-8.179540634155273
R676Q:V707M,-6.7537431716918945
R676Q:V711A,-10.131229400634766
R676Q:V711D,-12.933599472045898
R676Q:V711I,-9.24528694152832
R676Q:Y681C,-8.583391189575195
R676Q:Y681F,-7.622251510620117
R676Q:V689A,-8.117022514343262
R676Q:V683I,-7.939152717590332
R676Q:N698D,-10.230091094970703
R676Q:N698H,-8.399176597595215
R676Q:N698I,-7.300817489624023
R676Q:N698S,-8.362902641296387
R676Q:N698Y,-6.261281967163086
R676Q:Q686H,-8.225342750549316
R676Q:Q686K,-7.701319694519043
R676Q:V683L,-8.075429916381836
R676Q:Q686L,-7.480826377868652
R676Q:S679T,-8.015071868896484
R676Q:S697L,-7.022828102111816
R676Q:S697P,-8.670032501220703
R676Q:S697T,-7.622786045074463
R676Q:V683A,-7.6672563552856445
R676Q:V683D,-8.440118789672852
R676Q:Q686R,-7.7477126121521
R676Q:M706V,-10.499849319458008
R676Q:Y681H,-7.856110572814941
R676G:H684L,-7.298762321472168
R676G:H684R,-7.059521675109863
R676G:K687I,-7.904762268066406
R676G:K699N,-7.720563888549805
R676G:K699R,-7.993024826049805
R676G:L688S,-6.3803839683532715
R676G:H677R,-6.907356262207031
R676G:L705H,-11.924543380737305
R676G:N698Y,-6.2492899894714355
R676G:Q686H,-8.213350296020508
R676G:Q686L,-7.468834400177002
R676G:Q686R,-7.735720634460449
R676G:S697T,-7.6107940673828125
R676G:V683D,-8.42812728881836
R676G:N698D,-10.218099594116211
R676Q:Y681N,-7.367887496948242
R676G:H677L,-8.835271835327148
R676G:G708C,-9.703861236572266
R676G:A692E,-8.013185501098633
R676G:A701T,-5.734532356262207
R676G:A701V,-6.391666412353516
R676G:E682D,-7.131095886230469
R676G:E693D,-7.1179304122924805
R676G:F690I,-7.6407060623168945
R676G:F690L,-7.7295050621032715
R676G:F691L,-7.802527904510498
R676G:F691V,-7.693037033081055
R676G:F691Y,-8.167549133300781
R676G:G696C,-9.453330993652344
R676Q:M706T,-11.025518417358398
R676Q:M706K,-12.264801025390625
R676Q:G700R,-10.683144569396973
R676Q:G704E,-10.182689666748047
R676Q:G704R,-9.67343521118164
R676Q:G704V,-9.821172714233398
R676Q:G708C,-9.715853691101074
R676Q:G708D,-11.002764701843262
R676Q:G700D,-11.097809791564941
R676Q:G708S,-9.489145278930664
R676Q:G709C,-6.541418552398682
R676Q:G709D,-9.84420394897461
R676Q:H677L,-8.84726333618164
R676Q:H677Q,-8.278416633605957
R676Q:M706L,-9.91578483581543
R676Q:H677R,-6.91934871673584
R676Q:G708V,-9.956552505493164
R676Q:H677Y,-7.973670959472656
R676Q:G700C,-11.669795989990234
R676Q:G696S,-7.671595573425293
R676L:A701V,-6.726451873779297
R676L:A701T,-6.06931734085083
R676L:A701S,-8.145106315612793
R676L:A701P,-9.164151191711426
R676L:A701G,-7.205342769622803
R676Q:G696V,-9.022726058959961
R676G:V711D,-12.921607971191406
R676G:V711A,-10.119237899780273
R676Q:G696C,-9.465323448181152
R676Q:G696D,-8.997627258300781
R676Q:H684L,-7.310754776000977
R676Q:H684Q,-7.3206939697265625
R676Q:H684N,-6.975368022918701
R676Q:K687I,-7.916753768920898
R676Q:H684R,-7.071514129638672
R676Q:M706I,-9.938942909240723
R676Q:L705V,-5.2280473709106445
R676Q:L705P,-10.617900848388672
R676Q:L705H,-11.936535835266113
R676Q:L705F,-8.040386199951172
R676Q:K687E,-8.278602600097656
R676Q:L688S,-6.392375946044922
R676Q:L688F,-7.350754261016846
R676Q:K699R,-8.005016326904297
R676Q:K699N,-7.732556343078613
R676Q:K699I,-9.266982078552246
R676Q:K699E,-10.27353572845459
R676Q:K687R,-7.864789009094238
R676Q:K687Q,-7.779585361480713
R676Q:K687N,-7.458812713623047
R676Q:L688M,-7.701963424682617
H677R:K687N,-5.856047630310059
H677R:K687Q,-6.176819801330566
H677R:K687R,-6.262023448944092
H677R:K699I,-7.664216995239258
H677R:K699E,-8.670770645141602
H677R:N698Y,-4.658516883850098
H677R:Q686H,-6.622577667236328
H677R:Q686K,-6.098554611206055
H677R:Q686L,-5.878061294555664
H677R:Q686P,-6.617608070373535
H677R:Q686R,-6.144947052001953
H677R:N698S,-6.760137557983398
H677R:S697A,-6.311519622802734
H677R:S697L,-5.42006254196167
H677R:S697P,-7.067267417907715
H677R:S697T,-6.020020484924316
H677R:V683A,-6.064490795135498
H677R:V683D,-6.837353706359863
H677R:V683F,-6.874096870422363
H677R:S679T,-6.412306785583496
H677R:K687T,-6.3103156089782715
H677R:N698D,-8.627326011657715
H677R:M706T,-9.42275333404541
H677R:K699N,-6.129790782928467
H677R:K699Q,-6.161532402038574
H677R:K699R,-6.402251243591309
H677R:L688F,-5.747988700866699
H677R:L688M,-6.099197864532471
H677R:L688S,-4.789610862731934
H677R:L688V,-5.707789897918701
H677R:M706V,-8.89708423614502
H677R:L688W,-7.246462821960449
H677R:L705H,-10.333770751953125
H677R:L705I,-3.056480646133423
H677R:L705P,-9.015135765075684
H677R:L705R,-9.402414321899414
H677R:M706I,-8.336177825927734
H677R:M706K,-10.662035942077637
H677R:M706L,-8.313019752502441
H677R:L705F,-6.437621116638184
H677R:N698I,-5.698052406311035
H677R:V683I,-6.336387634277344
H677Y:K687N,-6.910369873046875
H677Y:K687R,-7.316346168518066
H677Y:K699E,-9.725092887878418
H677Y:K699I,-8.718539237976074
H677Y:K699N,-7.184113502502441
H677Y:K699R,-7.456574440002441
H677Y:L688F,-6.802311897277832
H677Y:L688M,-7.153520584106445
H677Y:L688S,-5.84393310546875
H677Y:L705F,-7.491943359375
H677Y:L705H,-11.388092994689941
H677Y:L705P,-10.0694580078125
H677Y:M706I,-9.39050006866455
H677Y:M706K,-11.716358184814453
H677Y:M706L,-9.367341995239258
H677Y:K687I,-7.368311405181885
H677Y:M706T,-10.477076530456543
H677Y:K687E,-7.730160713195801
H677Y:M706V,-9.951407432556152
H677Y:N698D,-9.681649208068848
H677Y:N698I,-6.752374649047852
H677Y:V707A,-9.077086448669434
H677Y:V707E,-11.280879974365234
H677Y:V707M,-6.205300807952881
H677Y:V711A,-9.582786560058594
H677Y:V711D,-12.385156631469727
H677Y:V711I,-8.696844100952148
H677Y:V711L,-9.529889106750488
H677Y:Y681C,-8.034948348999023
H677Y:Y681F,-7.0738091468811035
H677Y:Y681H,-7.3076677322387695
H677Y:Y681N,-6.81944465637207
H677Y:V689M,-7.792075157165527
H677Y:N698S,-7.814459800720215
H677Y:N698Y,-5.712839126586914
H677Y:Q686H,-7.6768999099731445
H677Y:Q686L,-6.9323835372924805
H677Y:Q686R,-7.199270248413086
H677Y:S679T,-7.4666290283203125
H677Y:S697L,-6.4743852615356445
H677Y:S697T,-7.074343681335449
H677Y:V683A,-7.118813514709473
H677Y:V683D,-7.89167594909668
H677Y:V683F,-7.92841911315918
H677Y:V683I,-7.390710353851318
H677Y:V689A,-7.56857967376709
H677Y:S697P,-8.121590614318848
H677R:K687I,-6.31398868560791
H677Y:H684R,-6.5230712890625
H677Y:H684L,-6.762311935424805
H677R:Y681C,-6.980625152587891
H677R:Y681F,-6.019486427307129
H677R:Y681H,-6.253345489501953
H677R:Y681N,-5.765121936798096
H677R:Y681S,-5.888171672821045
H677Y:A692E,-7.4767351150512695
H677Y:A701S,-7.273870944976807
H677Y:A701T,-5.198081970214844
H677Y:A701V,-5.855216026306152
H677R:V711I,-7.642521858215332
H677R:V711F,-8.616289138793945
H677R:V711A,-8.528464317321777
H677R:V689A,-6.514257431030273
H677R:V689M,-6.7377519607543945
H677R:V707A,-8.022764205932617
H677R:V707E,-10.226556777954102
H677R:V707L,-3.2479207515716553
H677R:V707M,-5.150978088378906
H677R:V711D,-11.33083438873291
H677Y:D678G,-5.549899101257324
H677Y:D678N,-5.253822326660156
H677Y:G696C,-8.91688060760498
H677Y:G696D,-8.449185371398926
H677Y:G696S,-7.123153209686279
H677Y:G700C,-11.121353149414062
H677Y:G700D,-10.54936695098877
H677Y:G704E,-9.634246826171875
H677Y:G708C,-9.167410850524902
H677Y:G708D,-10.45432186126709
H677Y:G708S,-8.940702438354492
H677Y:G708V,-9.408109664916992
H677Y:G709C,-5.992976188659668
H677Y:G709V,-8.728384017944336
H677Y:F691Y,-7.631097793579102
H677Y:F691S,-6.325113296508789
H677Y:D678V,-6.919499397277832
H677Y:D694E,-7.149557590484619
H677Y:E682D,-6.5946455001831055
H677Y:E682V,-6.710826873779297
H677Y:H684Q,-6.772251605987549
H677Y:E693D,-6.581480026245117
H677Y:E693V,-6.934137344360352
H677Y:F690I,-7.104255676269531
H677Y:F690L,-7.19305419921875
H677Y:F690S,-6.911551475524902
H677Y:F690Y,-7.713723182678223
H677Y:F691L,-7.266077041625977
H677Y:E693G,-5.980924606323242
H677R:K687E,-6.675837516784668
H677L:V683D,-8.765268325805664
H677L:V683F,-8.802011489868164
H677L:V683G,-7.141237258911133
H677L:V683I,-8.264303207397461
H677L:V683L,-8.400580406188965
H677L:V689A,-8.44217300415039
H677L:V689L,-7.736432075500488
H677L:V689M,-8.665667533874512
H677L:V683A,-7.992405891418457
H677L:V707A,-9.950679779052734
H677L:V707L,-5.175836086273193
H677L:V707M,-7.078893661499023
H677L:V711A,-10.456378936767578
H677L:V711D,-13.258749008178711
H677L:V711G,-11.456232070922852
H677L:V711I,-9.570436477661133
H677L:Y681C,-8.908540725708008
H677L:Y681F,-7.947402000427246
H677L:Y681H,-8.18126106262207
H677L:V707E,-12.154472351074219
H677L:S697T,-7.947936058044434
H677L:S697P,-8.995182991027832
H677L:S697L,-7.347977638244629
H677L:K687T,-8.23823070526123
H677L:K699E,-10.598686218261719
H677L:K699I,-9.592132568359375
H677L:K699N,-8.057705879211426
H677L:K699R,-8.330166816711426
H677L:L688F,-7.675904273986816
H677L:L688M,-8.02711296081543
H677L:L688S,-6.717525959014893
H677L:L705F,-8.365535736083984
H677L:L705H,-12.261686325073242
H677L:L705I,-4.984395980834961
H677L:L705P,-10.943050384521484
H677L:L705V,-5.553197860717773
H677L:M706I,-10.264093399047852
H677L:M706K,-12.589950561523438
H677L:M706L,-10.240934371948242
H677L:M706T,-11.350668907165527
H677L:S697A,-8.239435195922852
H677L:S679T,-8.340221405029297
H677L:Q686R,-8.07286262512207
H677L:Q686P,-8.545523643493652
H677L:Y681N,-7.693037033081055
H677L:Q686L,-7.805976390838623
H677L:Q686H,-8.550493240356445
H677L:N698Y,-6.586431980133057
H677L:N698S,-8.688053131103516
H677L:N698I,-7.625967502593994
H677L:N698D,-10.555241584777832
H677L:M706V,-10.824999809265137
H677L:Q686K,-8.026470184326172
H677N:A701T,-4.840456485748291
H677N:Q686L,-6.574758529663086
H677N:S697T,-6.7167181968688965
H677N:V683A,-6.761188507080078
H677N:V683D,-7.534050941467285
H677N:V689A,-7.210954666137695
H677N:V689M,-7.434449672698975
H677N:V707A,-8.719461441040039
H677N:V707E,-10.923254013061523
H677N:V707M,-5.847675323486328
H677N:V711I,-8.339219093322754
H677N:Y681C,-7.677322864532471
H677P:D694E,-7.142611503601074
H677P:E682D,-6.587698936462402
H677P:H684R,-6.516125202178955
H677P:G709D,-9.28881549835205
H677P:G709C,-5.986029624938965
H677P:G700C,-11.114407539367676
H677N:Q686H,-7.31927490234375
H677P:G696C,-8.909934997558594
H677P:F691L,-7.25913143157959
H677P:F690Y,-7.706777572631836
H677P:E693D,-6.574533462524414
H677P:E682V,-6.703880786895752
H677P:F691S,-6.318166732788086
H677L:K687R,-8.18993854522705
H677N:N698D,-9.324024200439453
H677N:M706K,-11.358733177185059
H677N:D678G,-5.1922736167907715
H677N:D678V,-6.5618743896484375
H677N:D694E,-6.791932106018066
H677N:E682D,-6.237020015716553
H677N:E682V,-6.353201866149902
H677N:E693V,-6.576511859893799
H677N:F690I,-6.746630668640137
H677N:F690L,-6.8354291915893555
H677N:F690Y,-7.356098175048828
H677N:F691L,-6.908452033996582
H677N:F691Y,-7.273472785949707
H677N:G709C,-5.635350704193115
H677N:G709D,-8.93813705444336
H677N:H684L,-6.40468692779541
H677N:H684Q,-6.414626121520996
H677N:M706I,-9.032875061035156
H677N:L705H,-11.030467987060547
H677N:L688M,-6.795895576477051
H677N:K699R,-7.098948955535889
H677N:K699N,-6.826488494873047
H677N:K699I,-8.36091423034668
H677N:M706V,-9.593782424926758
H677N:K687R,-6.958721160888672
H677N:K687E,-7.372535228729248
H677N:K687I,-7.010685920715332
H677L:K687N,-7.783962726593018
H677L:K687I,-8.241904258728027
H677L:K687E,-8.603753089904785
H677D:S697P,-8.986359596252441
H677D:S697T,-7.939112663269043
H677D:V711D,-13.24992561340332
H677L:A692E,-8.350327491760254
H677L:A692G,-7.927834510803223
H677L:A701G,-7.207699775695801
H677L:A701S,-8.14746379852295
H677L:D694E,-8.023150444030762
H677L:D678Y,-7.273080348968506
H677L:D678N,-6.127415180206299
H677L:D678G,-6.423491477966309
H677D:Q686R,-8.06403923034668
H677L:D678E,-7.716003894805908
H677L:A701V,-6.728808403015137
H677L:A701T,-6.071674346923828
H677L:D678A,-7.174721717834473
H677D:Q686H,-8.541669845581055
H677D:L705H,-12.252862930297852
H677D:D678G,-6.414668083190918
H677D:E682D,-7.459414482116699
H677D:E682V,-7.575595855712891
H677D:E693D,-7.446249008178711
H677D:E693G,-6.845694065093994
H677D:E693V,-7.798906326293945
H677D:F690I,-7.969024658203125
H677D:F690L,-8.057823181152344
H677D:F690Y,-8.578493118286133
H677D:F691C,-8.582073211669922
H677D:F691L,-8.13084602355957
H677D:F691Y,-8.495866775512695
H677D:G696S,-7.987922668457031
H677D:G704R,-9.989761352539062
H677D:G708S,-9.805471420288086
H677D:L705F,-8.356712341308594
H677D:L688S,-6.708702564239502
H677D:L688M,-8.018289566040039
H677D:K699R,-8.321343421936035
H677D:K699N,-8.048882484436035
H677D:K699I,-9.583309173583984
H677D:N698I,-7.6171441078186035
H677D:K687R,-8.18111515045166
H677D:H684L,-7.627080917358398
H677D:K687E,-8.594929695129395
H677L:G708R,-11.16238784790039
H677L:G708S,-9.814294815063477
H677L:G708V,-10.281702041625977
H677L:G709A,-9.717954635620117
H677L:G709C,-6.866568565368652
H677L:G709D,-10.169354438781738
H677L:H684L,-7.635904312133789
H677L:H684N,-7.300518035888672
H677L:H684Q,-7.645844459533691
H677L:H684R,-7.396663665771484
H677L:G708D,-11.32791519165039
H677L:E682D,-7.46823787689209
H677L:G708C,-10.041004180908203
H677L:G704V,-10.146322250366211
H677L:E682K,-7.252511024475098
H677L:E682V,-7.584419250488281
H677L:E693D,-7.455072402954102
H677L:E693G,-6.854517459869385
H677L:E693K,-7.583431243896484
H677L:E693V,-7.807729721069336
H677L:F690I,-7.977848052978516
H677L:F690L,-8.066646575927734
H677L:F690S,-7.785143852233887
H677L:F690V,-8.299570083618164
H677L:F690Y,-8.587316513061523
H677L:F691C,-8.590896606445312
H677L:F691L,-8.139669418334961
H677L:F691S,-7.198705673217773
H677L:F691V,-8.030179023742676
H677L:F691Y,-8.504690170288086
H677L:G704R,-9.998584747314453
H677L:G704E,-10.50783920288086
H677L:G700D,-11.42296028137207
H677L:G700C,-11.994945526123047
H677L:G700A,-9.913686752319336
H677L:G696V,-9.347875595092773
H677L:G708A,-9.950983047485352
H677L:G696S,-7.996746063232422
H677L:G696D,-9.32277774810791
H677L:G696C,-9.790473937988281
H677L:G696A,-9.198076248168945
H677L:G696R,-8.802427291870117
H677P:K687I,-7.36136531829834
H677P:K699E,-9.718147277832031
H677Q:V711A,-9.887532234191895
H677Q:V711D,-12.689902305603027
H677Q:V711F,-9.975357055664062
H677Q:V711G,-10.887384414672852
H677Q:V711I,-9.00158977508545
H677Q:V711L,-9.834634780883789
H677Q:Y681C,-8.339693069458008
H677Q:Y681F,-7.378554344177246
H677Q:Y681H,-7.61241340637207
H677Q:Y681N,-7.124190330505371
H677Q:Y681S,-7.24724006652832
H677R:A692E,-6.422411918640137
H677R:A692G,-5.9999189376831055
H677R:D678Y,-5.345165252685547
H677R:D678V,-5.865177154541016
H677R:D678N,-4.199499607086182
H677R:D678G,-4.49557638168335
H677R:D678E,-5.788088798522949
H677R:A701V,-4.800893306732178
H677R:A701T,-4.143758773803711
H677R:A701S,-6.219548225402832
H677R:D694E,-6.0952348709106445
H677Q:N698Y,-6.017584800720215
H677Q:Q686H,-7.981645584106445
H677Q:Q686K,-7.457622528076172
H677Q:Q686L,-7.237129211425781
H677Q:Q686P,-7.9766764640808105
H677Q:Q686R,-7.5040154457092285
H677Q:S679T,-7.771374702453613
H677Q:S697L,-6.779130935668945
H677Q:S697P,-8.426336288452148
H677Q:S697T,-7.379088878631592
H677Q:V683A,-7.423559188842773
H677Q:V683D,-8.19642162322998
H677Q:V683F,-8.23316478729248
H677Q:V683I,-7.695455551147461
H677Q:V683L,-7.831732749938965
H677Q:V707M,-6.510046005249023
H677Q:V707L,-4.606988906860352
H677Q:V707G,-10.271739959716797
H677Q:V707E,-11.585624694824219
H677Q:V707A,-9.381832122802734
H677Q:V689M,-8.096820831298828
H677Q:V689A,-7.873325347900391
H677Q:N698T,-8.185550689697266
H677R:G704V,-8.21840763092041
H677R:G708C,-8.113088607788086
H677R:G708D,-9.399999618530273
H677R:G708S,-7.886380195617676
H677R:G708V,-8.353787422180176
H677R:G709C,-4.938652992248535
H677R:G709D,-8.241438865661621
H677R:G709R,-8.898695945739746
H677R:H684L,-5.70798921585083
H677R:H684N,-5.372602462768555
H677R:H684Q,-5.717928886413574
H677R:H684R,-5.468748569488525
H677R:G704R,-8.070670127868652
H677R:G704E,-8.579924583435059
H677R:E682A,-5.565476417541504
H677R:E682D,-5.540322303771973
H677R:E682K,-5.324595928192139
H677R:E682V,-5.656504154205322
H677R:E693D,-5.527156829833984
H677R:E693G,-4.926602363586426
H677R:E693K,-5.655515670776367
H677R:E693V,-5.879814147949219
H677R:F690I,-6.049932956695557
H677R:F690L,-6.138731956481934
H677R:F690S,-5.8572282791137695
H677R:F690V,-6.371654510498047
H677R:F690Y,-6.659400939941406
H677R:F691C,-6.662981986999512
H677R:G700D,-9.495044708251953
H677R:G700C,-10.067030906677246
H677R:G700A,-7.985771179199219
H677R:G696V,-7.419960975646973
H677R:G696S,-6.068830490112305
H677R:G696R,-6.87451171875
H677R:G700V,-8.012041091918945
H677R:G696D,-7.394862174987793
H677R:F691Y,-6.576775550842285
H677R:F691S,-5.270790100097656
H677R:F691L,-6.21175479888916
H677R:G696C,-7.862558364868164
H677Q:N698S,-8.119205474853516
H677Q:N698H,-8.155479431152344
H677Q:D678V,-7.224245071411133
H677Q:D678Y,-6.704233169555664
H677Q:D694E,-7.454302787780762
H677Q:E682D,-6.899390697479248
H677Q:E682K,-6.683664321899414
H677Q:E682V,-7.015572547912598
H677Q:E693D,-6.88622522354126
H677Q:E693G,-6.285670280456543
H677Q:E693K,-7.014584064483643
H677Q:E693V,-7.238882541656494
H677Q:F690I,-7.409001350402832
H677Q:F690L,-7.497799873352051
H677Q:G696C,-9.221626281738281
H677Q:G696A,-8.629228591918945
H677Q:F691Y,-7.935843467712402
H677Q:D678N,-5.558568000793457
H677Q:F691V,-7.461331844329834
H677Q:F691L,-7.570822715759277
H677Q:F691C,-8.022049903869629
H677Q:F690Y,-8.018468856811523
H677Q:F690V,-7.730722427368164
H677Q:F690S,-7.216296672821045
H677Q:F691S,-6.629858493804932
H677Q:G696D,-8.753931045532227
H677Q:D678G,-5.854644298553467
H677P:K699I,-8.711593627929688
H677P:K699N,-7.1771674156188965
H677P:L688M,-7.1465744972229
H677P:L705I,-4.103857040405273
H677P:M706I,-9.383554458618164
H677P:N698D,-9.674702644348145
H677P:N698S,-7.807514190673828
H677P:Q686L,-6.925437927246094
H677P:S697T,-7.067397117614746
H677P:V689M,-7.785128593444824
H677P:V707M,-6.198354721069336
H677P:V711D,-12.37821102142334
H677Q:A692E,-7.781480312347412
H677Q:A701V,-6.159961700439453
H677Q:A701T,-5.502827167510986
H677Q:D678E,-7.147156715393066
H677Q:A701S,-7.578616142272949
H677Q:A701G,-6.638852596282959
H677Q:A692S,-6.702301979064941
H677Q:A692G,-7.358987331390381
H677Q:A701P,-8.597661018371582
H677Q:N698I,-7.057120323181152
H677Q:G696R,-8.233579635620117
H677Q:G696V,-8.77902889251709
H677Q:K687E,-8.034906387329102
H677Q:K687I,-7.673056602478027
H677Q:K687N,-7.215115547180176
H677Q:K687Q,-7.535888195037842
H677Q:K687R,-7.621091842651367
H677Q:K687T,-7.669384002685547
H677Q:K699E,-10.029838562011719
H677Q:K699I,-9.023284912109375
H677Q:K699N,-7.488859176635742
H677Q:K699Q,-7.520600318908691
H677Q:K699R,-7.761319637298584
H677Q:K699T,-8.443971633911133
H677Q:L688F,-7.107057094573975
H677Q:N698D,-9.986394882202148
H677Q:M706V,-10.256153106689453
H677Q:M706T,-10.781822204589844
H677Q:M706L,-9.672087669372559
H677Q:M706K,-12.021103858947754
H677Q:M706I,-9.695245742797852
H677Q:L705V,-4.984350204467773
H677Q:L705P,-10.3742036819458
H677Q:L705I,-4.415548801422119
H677Q:L705H,-11.692838668823242
H677Q:L705F,-7.796689033508301
H677Q:L688S,-6.148678779602051
H677Q:L688M,-7.458266258239746
H677Q:L705R,-10.761482238769531
H677Q:G696S,-7.427898406982422
H677Q:G700C,-11.426098823547363
H677Q:G700D,-10.85411262512207
H677Q:G704E,-9.938992500305176
H677Q:G704R,-9.42973804473877
H677Q:G704V,-9.577475547790527
H677Q:G708C,-9.472156524658203
H677Q:G708D,-10.75906753540039
H677Q:G708R,-10.59354019165039
H677Q:G708S,-9.245448112487793
H677Q:G708V,-9.712855339050293
H677Q:G709A,-9.149107933044434
H677Q:G709C,-6.2977213859558105
H677Q:G709D,-9.600507736206055
H677Q:H684L,-7.0670576095581055
H677Q:H684N,-6.73167085647583
H677Q:H684R,-6.827816963195801
H677Q:H684Q,-7.076996803283691
D678A:E693G,-4.856825351715088
D678E:G700D,-9.96654987335205
D678E:G704E,-9.051429748535156
D678E:G708C,-8.584593772888184
D678E:G708D,-9.871504783630371
D678E:G709A,-8.261545181274414
D678E:G709C,-5.410158634185791
D678E:G709D,-8.712944030761719
D678E:H684L,-6.179494857788086
D678E:H684Q,-6.189434051513672
D678E:G700C,-10.538536071777344
D678E:H684R,-5.940254211425781
D678E:G696D,-7.866367816925049
D678E:G696C,-8.334063529968262
D678E:F691Y,-7.048280715942383
D678E:A701T,-4.615264415740967
D678E:A701V,-5.272398948669434
D678E:D694E,-6.566740036010742
D678E:E682D,-6.0118279457092285
D678E:E682K,-5.7961015701293945
D678E:E682V,-6.128009796142578
D678E:E693D,-5.99866247177124
D678E:E693G,-5.398107528686523
D678E:E693K,-6.127021312713623
D678E:E693V,-6.351319789886475
D678E:F690I,-6.5214385986328125
D678E:F690L,-6.610237121582031
D678E:F690S,-6.328733921051025
D678E:F690V,-6.8431596755981445
D678E:F690Y,-7.130906105041504
D678E:F691L,-6.683259963989258
D678E:F691S,-5.742295742034912
D678E:K687E,-7.147343158721924
D678E:K687I,-6.785493850708008
D678E:K687R,-6.733529090881348
D678E:V707A,-8.494269371032715
D678E:V707E,-10.698062896728516
D678E:V711A,-8.999969482421875
D678E:V711D,-11.802339553833008
D678E:V711I,-8.11402702331543
D678E:Y681F,-6.490991592407227
D678E:Y681N,-6.236627578735352
D678G:A701S,-5.398541450500488
D678G:A701T,-3.322751998901367
D678G:A701V,-3.979886531829834
D678G:D694E,-5.274228096008301
D678E:V689M,-7.20925760269165
D678E:V689A,-6.985762596130371
D678E:K699E,-9.1422758102417
D678E:K699I,-8.135722160339355
D678E:K699N,-6.601296424865723
D678E:K699R,-6.8737568855285645
D678E:L688F,-6.219494342803955
D678E:L688M,-6.570703506469727
D678E:L688S,-5.261116027832031
D678E:L705H,-10.805275917053223
D678E:M706K,-11.133541107177734
D678E:M706L,-8.784524917602539
D678E:M706V,-9.368589401245117
D678E:N698D,-9.098831176757812
D678E:N698I,-6.169557571411133
D678E:N698Y,-5.130022048950195
D678E:Q686H,-7.094082832336426
D678E:Q686L,-6.349566459655762
D678E:Q686R,-6.616452693939209
D678E:S697L,-5.891568183898926
D678E:S697P,-7.538773059844971
D678E:S697T,-6.491526126861572
D678E:V683D,-7.308858871459961
D678E:V683I,-6.807892799377441
D678E:K687N,-6.327552795410156
D678V:G696D,-7.943456172943115
D678V:G696C,-8.411151885986328
D678V:F691Y,-7.125369071960449
D678V:F691S,-5.8193840980529785
D678V:F691L,-6.760348320007324
D678V:F690Y,-7.20799446105957
D678V:F690S,-6.405822277069092
D678V:G696S,-6.617424011230469
D678V:F690L,-6.687325477600098
D678V:E693V,-6.428408145904541
D678V:E693G,-5.47519588470459
D678V:E693D,-6.075750827789307
D678V:E682V,-6.2050981521606445
D678V:E682K,-5.873189926147461
D678V:E682D,-6.088916301727295
D678V:F690I,-6.598526954650879
D678V:G696V,-7.968554496765137
D678V:G700C,-10.61562442779541
D678V:G700D,-10.043638229370117
D678V:H684R,-6.017342567443848
D678V:H684Q,-6.266522407531738
D678V:H684N,-5.921196460723877
D678V:H684L,-6.256583213806152
D678V:G709D,-8.790033340454102
D678V:G709C,-5.487246990203857
D678V:G708S,-8.43497371673584
D678V:G708D,-9.948593139648438
D678V:G708C,-8.66168212890625
D678V:G704R,-8.619263648986816
D678V:G704E,-9.128518104553223
D678V:D694E,-6.643828392028809
D678A:H684L,-5.638212203979492
D678A:H684Q,-5.6481523513793945
D678A:K699E,-8.600994110107422
D678A:K699R,-6.332474708557129
D678A:L688M,-6.029420852661133
D678A:M706K,-10.59225845336914
D678A:N698D,-8.557549476623535
D678A:Q686H,-6.55280065536499
D678A:Q686R,-6.075170516967773
D678A:S697T,-5.950243949890137
D678A:V683A,-5.99471378326416
D678A:V707A,-7.952987194061279
D678A:V707M,-5.081201553344727
D678A:V711D,-11.261056900024414
D678A:V711I,-7.572744846343994
D678A:G709C,-4.8688764572143555
D678A:G708C,-8.043312072753906
D678A:F691L,-6.141977787017822
D678V:A701V,-5.3494873046875
D678V:A701T,-4.692352771759033
D678V:A701S,-6.768141746520996
D678V:A692G,-6.548512935638428
D678V:A692E,-6.971005916595459
D678N:Y681H,-5.136261940002441
D678N:Y681F,-4.902402877807617
D678N:V711D,-10.213750839233398
D678N:V707A,-6.9056806564331055
D678A:E693D,-5.457380294799805
D678N:V707M,-4.0338945388793945
D678A:F690I,-5.980155944824219
D678A:G696R,-6.80473518371582
D678G:E682D,-4.719315528869629
D678G:E682K,-4.503589153289795
D678N:F691L,-5.094671249389648
D678N:F691S,-4.153707027435303
D678N:F691Y,-5.459692001342773
D678N:G696C,-6.745474815368652
D678N:G696D,-6.2777791023254395
D678N:G696R,-5.7574286460876465
D678N:G700C,-8.949947357177734
D678N:G708C,-6.996005058288574
D678N:G708D,-8.282916069030762
D678N:F690Y,-5.5423173904418945
D678N:G708S,-6.769296646118164
D678N:G709C,-3.8215699195861816
D678N:G709D,-7.124355792999268
D678N:H684L,-4.590905666351318
D678N:H684N,-4.255519390106201
D678N:H684P,-5.288468837738037
D678N:H684Q,-4.6008453369140625
D678N:H684R,-4.351665019989014
D678N:G708V,-7.236703872680664
D678N:F690V,-5.254570960998535
D678N:F690L,-5.021648406982422
D678N:F690I,-4.932849407196045
D678G:Y681N,-4.944115161895752
D678H:A692E,-5.64097785949707
D678H:G709C,-4.157218933105469
D678H:K687E,-5.894403457641602
D678H:S697P,-6.285833358764648
D678H:V683I,-5.554953575134277
D678N:A701T,-3.0266757011413574
D678N:A701V,-3.683809757232666
D678N:D694E,-4.978151321411133
D678N:E682D,-4.423239231109619
D678N:E682V,-4.5394206047058105
D678N:E693D,-4.410073757171631
D678N:E693G,-3.809518814086914
D678N:E693V,-4.762731075286865
D678G:Y681H,-5.432338237762451
D678N:M706L,-7.19593620300293
D678N:M706T,-8.305669784545898
D678N:M706V,-7.780001163482666
D678N:N698D,-7.510242938995361
D678N:N698I,-4.580968856811523
D678N:N698S,-5.643054008483887
D678N:N698Y,-3.541433334350586
D678N:Q686H,-5.505494117736816
D678N:Q686L,-4.760977745056152
D678N:Q686R,-5.0278639793396
D678N:M706K,-9.544952392578125
D678N:S679T,-5.295223236083984
D678N:S697P,-5.950184345245361
D678N:S697T,-4.902937412261963
D678N:V683A,-4.947407245635986
D678N:V683D,-5.720270156860352
D678N:V689A,-5.397173881530762
D678N:V689M,-5.620668888092041
D678N:S697L,-4.302978992462158
D678N:M706I,-7.219094276428223
D678N:L705P,-7.898052215576172
D678N:L705I,-1.9393972158432007
D678N:K687E,-5.5587544441223145
D678N:K687N,-4.738964080810547
D678N:K687R,-5.14493989944458
D678N:K699E,-7.55368709564209
D678N:K699I,-6.547133445739746
D678N:K699N,-5.012707233428955
D678N:K699R,-5.285168170928955
D678N:L688F,-4.630905628204346
D678N:L688M,-4.982114315032959
D678N:L688S,-3.672527313232422
D678N:L705F,-5.320537567138672
D678N:L705H,-9.216687202453613
D678G:Y681F,-5.198479652404785
D678G:Y681C,-6.159618377685547
D678G:V711I,-6.82151460647583
D678G:G709C,-4.117646217346191
D678G:G709D,-7.420432090759277
D678G:H684L,-4.886982440948486
D678G:H684Q,-4.8969221115112305
D678G:H684R,-4.647741794586182
D678G:G708V,-7.532780170440674
D678G:G708S,-7.065372943878174
D678G:G708D,-8.57899284362793
D678G:G708C,-7.292081356048584
D678G:E682V,-4.8354973793029785
D678G:E693D,-4.706150054931641
D678G:E693G,-4.105595111846924
D678G:E693Q,-4.980704307556152
D678G:E693V,-5.058807373046875
D678G:F690I,-5.228926181793213
D678G:F690L,-5.317724704742432
D678G:F690S,-5.036221504211426
D678G:F690V,-5.550647735595703
D678G:F690Y,-5.838393688201904
D678G:F691L,-5.390747547149658
D678G:F691S,-4.4497833251953125
D678G:F691V,-5.281256675720215
D678G:F691Y,-5.755768299102783
D678G:G696C,-7.041551113128662
D678G:G696D,-6.573855400085449
D678G:G700C,-9.246024131774902
D678G:G700D,-8.67403793334961
D678G:G704E,-7.758917331695557
D678G:G704R,-7.24966287612915
D678G:K687E,-5.854830741882324
D678G:K687I,-5.492981910705566
D678G:S679T,-5.591299533843994
D678G:S697L,-4.599055767059326
D678G:S697P,-6.246260643005371
D678G:S697T,-5.199013710021973
D678G:V683A,-5.243484020233154
D678G:V683D,-6.016346454620361
D678G:V689A,-5.6932501792907715
D678G:V689M,-5.916745185852051
D678G:V707A,-7.201756954193115
D678G:V707E,-9.405550003051758
D678G:V707M,-4.3299713134765625
D678G:V711A,-7.707457065582275
D678G:V711D,-10.509827613830566
D678G:Q686R,-5.323940277099609
D678G:Q686K,-5.277547836303711
D678G:K687N,-5.035040378570557
D678G:K687R,-5.441016674041748
D678G:K687T,-5.489308834075928
D678G:K699E,-7.8497633934021
D678G:K699I,-6.843209743499756
D678G:K699N,-5.308784008026123
D678G:K699R,-5.581244468688965
D678G:L688F,-4.9269819259643555
D678G:L688M,-5.278191089630127
D678G:L688S,-3.9686036109924316
D678G:L688V,-4.886783123016357
D678G:L705F,-5.616613864898682
D678G:L705H,-9.512763977050781
D678G:L705P,-8.19412899017334
D678G:M706I,-7.515170574188232
D678G:M706K,-9.841029167175293
D678G:M706L,-7.4920125007629395
D678G:M706V,-8.076077461242676
D678G:N698D,-7.806319236755371
D678G:N698I,-4.877045154571533
D678G:N698S,-5.9391303062438965
D678G:N698Y,-3.8375096321105957
D678G:Q686H,-5.801570415496826
D678G:Q686L,-5.057054042816162
D678N:V707E,-9.10947322845459
D678Y:M706L,-8.341601371765137
D678Y:M706K,-10.690617561340332
D678Y:L705H,-10.36235237121582
D678Y:L688S,-4.818192481994629
D678Y:L688M,-6.127779960632324
D678Y:L688F,-5.776570796966553
D678Y:K699R,-6.430833339691162
D678Y:K699I,-7.692798614501953
D678Y:K699E,-8.699352264404297
D678Y:K687N,-5.884629249572754
D678Y:K687I,-6.3425703048706055
D678Y:K687E,-6.7044196128845215
D678Y:M706T,-9.451335906982422
D678Y:M706V,-8.925666809082031
D678Y:N698I,-5.7266340255737305
D678Y:V707A,-8.051345825195312
D678Y:V689M,-6.766334056854248
D678Y:V683D,-6.865935325622559
D678Y:V683A,-6.093072891235352
D678Y:S697T,-6.04860258102417
D678Y:S697P,-7.095849514007568
D678Y:Q686R,-6.173529148101807
D678Y:Q686L,-5.906642913818359
D678Y:Q686H,-6.651159286499023
D678Y:N698Y,-4.687098503112793
D678Y:N698D,-8.655908584594727
D678Y:V707E,-10.255138397216797
D678Y:F691L,-6.2403364181518555
D678Y:F690Y,-6.687982559204102
D678Y:F690L,-6.167313575744629
D678Y:F690I,-6.07851505279541
D678Y:E693D,-5.555738925933838
D678Y:E682V,-5.685086250305176
D678Y:E682D,-5.568904399871826
D678Y:D694E,-6.12381649017334
D678Y:A701V,-4.829475402832031
D678Y:F691S,-5.29937219619751
D678Y:F691V,-6.130845546722412
D678Y:G696C,-7.891139984130859
D678Y:H684R,-5.497330665588379
D678Y:H684Q,-5.7465105056762695
D678Y:H684L,-5.736571311950684
D678Y:G709C,-4.967235088348389
D678Y:G708S,-7.914961814880371
D678Y:G708D,-9.428581237792969
D678Y:G708C,-8.141670227050781
D678Y:G700C,-10.095612525939941
D678Y:G696D,-7.4234442710876465
D678Y:F691Y,-6.6053571701049805
D678Y:V707M,-5.179559707641602
D678V:L705H,-10.882364273071289
D678V:L705P,-9.563729286193848
D678V:L705R,-9.951007843017578
D678V:M706I,-8.884771347045898
D678V:M706K,-11.2106294631958
D678V:M706L,-8.861613273620605
D678V:M706T,-9.97134780883789
D678V:M706V,-9.4456787109375
D678V:N698D,-9.175920486450195
D678V:N698H,-7.345005035400391
D678V:N698I,-6.246645927429199
D678V:N698S,-7.3087310791015625
D678V:N698Y,-5.207110404968262
D678V:Q686H,-7.171171188354492
D678V:Q686L,-6.426654815673828
D678V:L705F,-6.986214637756348
D678V:Q686R,-6.693541049957275
D678V:L688S,-5.338204383850098
D678V:L688F,-6.2965826988220215
D678V:K687I,-6.862582206726074
D678V:K687N,-6.404641151428223
D678V:K687R,-6.810617446899414
D678V:K687T,-6.858909606933594
D678V:K699E,-9.219364166259766
D678V:K699I,-8.212810516357422
D678V:K699N,-6.678384780883789
D678V:K699Q,-6.710125923156738
D678V:K699R,-6.950845241546631
D678V:K699T,-7.6334967613220215
D678V:L688M,-6.647791862487793
D678V:K687E,-7.22443151473999
D678V:S679T,-6.96090030670166
D678V:V711A,-9.077057838439941
D678V:V711D,-11.879427909851074
D678V:V711I,-8.191115379333496
D678V:Y681C,-7.529219150543213
D678V:Y681F,-6.568079948425293
D678V:Y681N,-6.313715934753418
D678Y:Y681N,-5.793704032897949
D678Y:V711D,-11.359416007995605
D678V:Y681H,-6.801939010620117
D678V:V707M,-5.69957160949707
D678V:V707E,-10.775150299072266
D678V:S697L,-5.968656539916992
D678V:S697P,-7.615861415863037
D678V:S697T,-6.568614482879639
D678V:V707L,-3.7965145111083984
D678V:V683A,-6.61308479309082
D678V:V683D,-7.385947227478027
D678V:V683I,-6.884981155395508
D678V:V683L,-7.021258354187012
D678Y:V711A,-8.557045936584473
D678V:V689A,-7.0628509521484375
D678V:V689M,-7.286345958709717
D678V:V707A,-8.571357727050781
S679A:V711D,-12.17283821105957
S679A:V689M,-7.579756259918213
S679A:Q686R,-6.9869513511657715
S679A:N698D,-9.469329833984375
S679A:K699R,-7.244255542755127
S679A:K687R,-7.10402774810791
S679A:H684L,-6.549993515014648
S679A:G709C,-5.7806572914123535
S679A:G708D,-10.242003440856934
S679A:F691Y,-7.418779373168945
S679A:F691L,-7.05375862121582
S679A:F690I,-6.891937255859375
S679A:E682D,-6.382326602935791
S679A:M706V,-9.73908805847168
S679T:K687E,-7.771561145782471
S679T:K687I,-7.409711837768555
S679T:K687N,-6.951770782470703
S679T:K687R,-7.3577470779418945
S679T:H684R,-6.564472198486328
S679T:K699E,-9.766493797302246
S679T:H684Q,-6.813652038574219
S679T:H684L,-6.803712844848633
S679T:F690L,-7.234455108642578
S679T:F690Y,-7.755124092102051
S679T:F691C,-7.758705139160156
S679T:F691L,-7.307477951049805
S679T:F691S,-6.366513729095459
S679T:F691Y,-7.67249870300293
S679T:G696A,-8.365883827209473
S679T:G696C,-8.958281517028809
S679T:G696D,-8.490585327148438
S679T:G696S,-7.164553642272949
S679T:G700C,-11.16275405883789
S679T:G700D,-10.590767860412598
S679T:G704E,-9.675647735595703
S679T:G704R,-9.166393280029297
S679T:G708C,-9.20881175994873
S679T:G708D,-10.495722770690918
S679T:G708S,-8.98210334777832
S679T:G708V,-9.44951057434082
S679T:G709C,-6.034376621246338
S679T:G709D,-9.337162017822266
S679T:H684N,-6.468326091766357
S679T:E693V,-6.9755377769470215
S679T:K699I,-8.759940147399902
S679T:K699R,-7.497974872589111
S679T:V683I,-7.432110786437988
S679T:V689A,-7.609980583190918
S679T:V689M,-7.833475589752197
S679T:V707A,-9.118487358093262
S679T:V707E,-11.322280883789062
S679T:V707M,-6.246701240539551
S679T:V711A,-9.624187469482422
S679T:V711D,-12.426557540893555
S679T:V711I,-8.738245010375977
S679T:Y681C,-8.076349258422852
S679T:Y681F,-7.115209579467773
S679T:Y681H,-7.349068641662598
S679T:Y681N,-6.860845565795898
S679T:V683G,-6.30904483795166
S679T:K699N,-7.2255144119262695
S679T:V683D,-7.933076858520508
S679T:S697T,-7.115744113922119
S679T:L688F,-6.843712329864502
S679T:L688M,-7.194921493530273
S679T:L688S,-5.885334014892578
S679T:L705F,-7.533344268798828
S679T:L705H,-11.42949390411377
S679T:L705I,-4.1522040367126465
S679T:L705P,-10.110858917236328
S679T:M706I,-9.431900978088379
S679T:M706K,-11.757759094238281
S679T:M706L,-9.408742904663086
S679T:M706T,-10.518476486206055
S679T:M706V,-9.992807388305664
S679T:N698D,-9.72304916381836
S679T:N698I,-6.79377555847168
S679T:N698S,-7.855860710144043
S679T:N698Y,-5.754240036010742
S679T:Q686H,-7.718300819396973
S679T:Q686K,-7.194277763366699
S679T:Q686L,-6.973784446716309
S679T:Q686P,-7.713331699371338
S679T:Q686R,-7.240670680999756
S679T:S697L,-6.515786170959473
S679T:S697P,-8.16299057006836
S679T:V683A,-7.160214424133301
S679T:E693G,-6.02232551574707
S679T:F690I,-7.145656585693359
S679T:E682V,-6.752227783203125
S679T:E693D,-6.622880458831787
S679T:A692E,-7.5181355476379395
S679T:A692S,-6.438957214355469
S679T:A701G,-6.375507831573486
S679T:A701P,-8.33431625366211
S679T:A701T,-5.239482402801514
S679T:E682D,-6.636045932769775
S679T:D694E,-7.190958023071289
S679T:A701V,-5.8966169357299805
Y681H:N698Y,-5.595278739929199
Y681H:N698S,-7.6968994140625
Y681H:N698I,-6.634814262390137
Y681H:N698D,-9.564088821411133
Y681H:M706V,-9.833847045898438
Y681H:M706T,-10.359516143798828
Y681H:M706L,-9.249781608581543
Y681H:M706K,-11.598797798156738
Y681H:M706I,-9.272939682006836
Y681H:L705P,-9.951897621154785
Y681H:L705I,-3.9932427406311035
Y681H:L705H,-11.270532608032227
Y681H:L688S,-5.726372718811035
Y681H:L688M,-7.0359601974487305
Y681H:L688F,-6.684751033782959
Y681H:K699T,-8.021665573120117
Y681H:K699R,-7.339013576507568
Y681H:K699N,-7.066553115844727
Y681H:K699I,-8.60097885131836
Y681H:K699E,-9.607532501220703
Y681H:K687R,-7.198785781860352
Y681H:K687Q,-7.113582134246826
Y681H:K687N,-6.79280948638916
Y681H:K687I,-7.250750541687012
Y681H:K687E,-7.612599849700928
Y681H:Q686H,-7.55933952331543
Y681H:Q686L,-6.814823150634766
Y681H:S697L,-6.35682487487793
Y681N:A692S,-5.791772365570068
Y681H:V711I,-8.579283714294434
Y681H:V711G,-10.465078353881836
Y681H:V711D,-12.267596244812012
Y681H:V711A,-9.465226173400879
Y681H:V707M,-6.087739944458008
Y681H:V707L,-4.184682846069336
Y681H:V707E,-11.163318634033203
Y681H:V707A,-8.959526062011719
Y681H:V689M,-7.674514293670654
Y681H:V689A,-7.451019287109375
Y681H:V683I,-7.273149490356445
Y681H:V683D,-7.774115562438965
Y681H:V683A,-7.001253128051758
Y681H:S697T,-6.956782817840576
Y681H:S697P,-8.004030227661133
Y681H:Q686R,-7.081709384918213
Y681H:F691L,-7.148516654968262
Y681H:F690Y,-7.596162796020508
Y681H:F690L,-7.075493812561035
Y681H:F690I,-6.986695289611816
Y681H:E693V,-6.8165764808654785
Y681H:E693G,-5.863364219665527
Y681H:E693D,-6.463919162750244
Y681H:E682V,-6.593266487121582
Y681H:E682D,-6.477084636688232
Y681H:D694E,-7.031996726989746
Y681H:A701V,-5.7376556396484375
Y681H:A701T,-5.080521106719971
Y681H:A701S,-7.156310081481934
Y681H:A701P,-8.175354957580566
Y681H:A692P,-7.122721195220947
Y681H:A692G,-6.936681270599365
Y681H:A692E,-7.3591742515563965
Y681H:F691S,-6.207552433013916
Y681H:F691Y,-7.513537406921387
Y681H:G696C,-8.799320220947266
Y681H:G696D,-8.331624984741211
Y681H:H684R,-6.405510902404785
Y681H:H684Q,-6.654690742492676
Y681H:H684L,-6.64475154876709
Y681H:G709D,-9.178201675415039
Y681H:G709C,-5.875415325164795
Y681H:G708S,-8.823142051696777
Y681H:G708R,-10.171234130859375
Y681H:G708D,-10.336761474609375
Y681H:G708C,-9.049850463867188
Y681H:G704V,-9.155169486999512
Y681H:G704R,-9.007431983947754
Y681H:G700R,-10.017141342163086
Y681H:G700D,-10.431806564331055
Y681H:G700C,-11.003792762756348
Y681H:G696V,-8.356722831726074
Y681H:G696R,-7.81127405166626
Y681F:V711L,-9.17846965789795
Y681F:V711I,-8.34542465209961
Y681N:A701S,-6.668087005615234
Y681N:Q686H,-7.0711164474487305
Y681N:N698Y,-5.1070556640625
Y681N:N698T,-7.275020599365234
Y681N:N698S,-7.208676338195801
Y681N:N698I,-6.1465911865234375
Y681N:N698D,-9.075864791870117
Y681N:M706V,-9.345623016357422
Y681N:M706T,-9.871292114257812
Y681N:M706L,-8.761558532714844
Y681N:M706K,-11.110574722290039
Y681N:M706I,-8.784716606140137
Y681N:L705P,-9.463674545288086
Y681N:L705H,-10.782309532165527
Y681N:L705F,-6.886159896850586
Y681N:L688S,-5.238149642944336
Y681N:L688M,-6.547736644744873
Y681N:L688F,-6.196527481079102
Y681N:K699R,-6.850790023803711
Y681N:K699N,-6.578329563140869
Y681N:K699I,-8.11275577545166
Y681N:K699E,-9.119309425354004
Y681N:K687R,-6.710562229156494
Y681N:K687N,-6.304586410522461
Y681N:K687I,-6.7625274658203125
Y681N:K687E,-7.12437629699707
Y681N:Q686K,-6.547093391418457
Y681N:Q686L,-6.326600074768066
Y681N:S697P,-7.515806198120117
Y681S:M706V,-9.468672752380371
Y681S:F691L,-6.783343315124512
Y681N:V711I,-8.091060638427734
Y681N:V711D,-11.779373168945312
Y681N:V711A,-8.97700309753418
Y681N:V707M,-5.599516868591309
Y681N:V707E,-10.675095558166504
Y681N:V707A,-8.47130298614502
Y681N:V689M,-7.186290740966797
Y681N:V689A,-6.962796211242676
Y681N:V683L,-6.92120361328125
Y681N:V683I,-6.784926414489746
Y681N:V683D,-7.285892486572266
Y681N:V683A,-6.5130295753479
Y681N:S697T,-6.468559265136719
Y681N:Q686R,-6.5934858322143555
Y681N:F691S,-5.719328880310059
Y681N:F691L,-6.6602935791015625
Y681N:F690Y,-7.107939720153809
Y681N:F690S,-6.305767059326172
Y681N:F690L,-6.587270736694336
Y681N:F690I,-6.498471736907959
Y681N:E693V,-6.328352928161621
Y681N:E693K,-6.1040544509887695
Y681N:E693G,-5.375141143798828
Y681N:E693D,-5.975695610046387
Y681N:E682V,-6.105042934417725
Y681N:E682K,-5.773134708404541
Y681N:E682D,-5.988861083984375
Y681N:E682A,-6.014015197753906
Y681N:D694E,-6.543773651123047
Y681N:A701V,-5.24943208694458
Y681N:A701T,-4.592297554016113
Y681N:F691V,-6.550802230834961
Y681N:F691Y,-7.0253143310546875
Y681N:G696C,-8.311097145080566
Y681N:G696D,-7.843400955200195
Y681N:H684R,-5.917287349700928
Y681N:A701P,-7.687131881713867
Y681N:H684Q,-6.166467666625977
Y681N:G709V,-8.122600555419922
Y681N:G709D,-8.689977645874023
Y681N:G709C,-5.3871917724609375
Y681N:G708V,-8.802326202392578
Y681N:G708S,-8.334918975830078
Y681N:G708D,-9.848538398742676
Y681N:G708C,-8.561627388000488
Y681N:G704V,-8.666946411132812
Y681N:G704R,-8.519208908081055
Y681N:G700D,-9.943583488464355
Y681N:G700C,-10.515569686889648
Y681N:G696S,-6.517369270324707
Y681N:H684L,-6.156527996063232
Y681F:V711D,-12.033737182617188
Y681C:N698Y,-6.322558879852295
Y681C:N698S,-8.424179077148438
Y681C:N698I,-7.362094402313232
Y681C:N698D,-10.29136848449707
Y681C:M706V,-10.561126708984375
Y681C:M706T,-11.086795806884766
Y681C:M706L,-9.977062225341797
Y681C:M706K,-12.326078414916992
Y681C:M706I,-10.000219345092773
Y681C:L705P,-10.679178237915039
Y681C:L705H,-11.997812271118164
Y681C:L705F,-8.101663589477539
Y681C:L688S,-6.453652858734131
Y681C:L688M,-7.763239860534668
Y681C:L688F,-7.412031173706055
Y681C:K699R,-8.066293716430664
Y681C:K699N,-7.793832778930664
Y681C:K699I,-9.328258514404297
Y681C:K699E,-10.33481216430664
Y681C:K687R,-7.926065444946289
Y681C:K687N,-7.520089626312256
Y681C:K687I,-7.978031158447266
Y681C:K687E,-8.339879989624023
Y681C:Q686H,-8.286619186401367
Y681C:Q686K,-7.76259708404541
Y681C:Q686R,-7.808989524841309
Y681C:V711I,-9.306564331054688
Y681C:V711D,-12.994876861572266
Y681C:V711A,-10.192506790161133
Y681C:V707M,-6.815020561218262
Y681C:V707E,-11.890599250793457
Y681C:V707A,-9.686805725097656
Y681C:V689M,-8.40179443359375
Y681C:V689A,-8.178298950195312
Y681C:V683I,-8.0004301071167
Y681C:V683D,-8.501396179199219
Y681C:V683A,-7.728532791137695
Y681C:S697T,-7.684062957763672
Y681C:S697P,-8.73130989074707
Y681C:S697L,-7.084104537963867
Y681C:Q686L,-7.542103290557861
Y681C:F690S,-7.521270751953125
Y681C:F690L,-7.802773952484131
Y681C:F690I,-7.713974952697754
Y681C:E693V,-7.543856620788574
Y681S:N698Y,-5.230105400085449
Y681C:E693G,-6.590644359588623
Y681C:E693D,-7.19119930267334
Y681C:E682V,-7.3205461502075195
Y681C:E682K,-6.988637924194336
Y681C:E682D,-7.204364776611328
Y681C:D694E,-7.75927734375
Y681C:A701V,-6.464935302734375
Y681C:A701T,-5.807801246643066
Y681C:A701S,-7.8835906982421875
Y681C:A701G,-6.943826675415039
Y681C:A692S,-7.007275581359863
Y681C:A692E,-8.086454391479492
Y681C:F690Y,-8.323442459106445
Y681C:F691L,-7.875796794891357
Y681C:F691S,-6.934832572937012
Y681C:H684R,-7.132790565490723
Y681C:H684Q,-7.38197135925293
Y681C:H684L,-7.372031211853027
Y681C:G709C,-6.602695465087891
Y681C:G708V,-10.017829895019531
Y681C:G708S,-9.550422668457031
Y681C:G708D,-11.064041137695312
Y681C:G708C,-9.777130126953125
Y681C:G704R,-9.734712600708008
Y681C:G704E,-10.243967056274414
Y681C:G704A,-9.75074577331543
Y681C:G700D,-11.159086227416992
Y681C:G700C,-11.731073379516602
Y681C:G696S,-7.73287296295166
Y681C:G696C,-9.526599884033203
Y681C:F691Y,-8.24081802368164
Y681C:G709D,-9.905481338500977
Y681F:V711G,-10.231219291687012
Y681F:N698I,-6.4009552001953125
Y681F:N698D,-9.330229759216309
Y681F:M706V,-9.599987983703613
Y681F:M706T,-10.125657081604004
Y681F:M706L,-9.015922546386719
Y681F:M706K,-11.364938735961914
Y681F:M706I,-9.039080619812012
Y681F:L705P,-9.718038558959961
Y681F:L705H,-11.036673545837402
Y681F:L705F,-7.140523910522461
Y681F:L688W,-7.949365615844727
Y681F:L688S,-5.492513656616211
Y681F:L688M,-6.802101135253906
Y681F:L688F,-6.450892448425293
Y681F:K699R,-7.105154991149902
Y681F:K699N,-6.832694053649902
Y681F:K699I,-8.367119789123535
Y681F:K699E,-9.373673439025879
Y681F:K687T,-7.013218879699707
Y681F:K687R,-6.964926719665527
Y681F:K687N,-6.558950424194336
Y681F:K687I,-7.016891956329346
Y681F:K687E,-7.378741264343262
Y681F:N698S,-7.463040351867676
Y681F:N698T,-7.529385566711426
Y681F:Q686H,-7.3254804611206055
Y681F:V711A,-9.231367111206055
Y681F:V707M,-5.853881359100342
Y681F:V707E,-10.929460525512695
Y681F:V707A,-8.725666999816895
Y681F:V689M,-7.440655708312988
Y681F:V689A,-7.217160224914551
Y681F:V683I,-7.039290904998779
Y681F:V683F,-7.576999664306641
Y681F:V683D,-7.540256500244141
Y681F:V683A,-6.767394065856934
Y681F:S697T,-6.72292423248291
Y681F:S697P,-7.770171165466309
Y681F:S697L,-6.1229658126831055
Y681F:S697A,-7.01442289352417
Y681F:Q686R,-6.847850799560547
Y681F:Q686P,-7.320511817932129
Y681F:Q686L,-6.580964088439941
Y681F:Q686K,-6.80145788192749
Y681F:N698Y,-5.361419677734375
Y681F:F691L,-6.9146575927734375
Y681F:F690Y,-7.362303733825684
Y681F:F690S,-6.560132026672363
Y681F:F690L,-6.841634750366211
Y681F:F690I,-6.752836227416992
Y681F:E693V,-6.5827178955078125
Y681F:E693G,-5.629505157470703
Y681F:E693D,-6.230060577392578
Y681F:E682V,-6.359407424926758
Y681F:E682K,-6.027499198913574
Y681F:E682D,-6.243226051330566
Y681F:D694E,-6.79813814163208
Y681F:A701V,-5.503796577453613
Y681F:A701T,-4.846662521362305
Y681F:A692S,-6.046136856079102
Y681F:A692E,-7.1253156661987305
Y681F:F691S,-5.97369384765625
Y681F:F691V,-6.805167198181152
Y681F:F691Y,-7.2796783447265625
Y681F:G696C,-8.565461158752441
Y681F:H684R,-6.171651840209961
Y681F:H684Q,-6.42083215713501
Y681F:H684L,-6.410892486572266
Y681F:G709D,-8.944342613220215
Y681F:G709C,-5.641556739807129
Y681F:G708V,-9.056690216064453
Y681F:G708S,-8.589282989501953
Y681F:G708R,-9.937376022338867
Y681F:G708D,-10.10290241241455
Y681F:G708C,-8.815991401672363
Y681F:G704R,-8.77357292175293
Y681F:G704E,-9.282827377319336
Y681F:G700D,-10.19794750213623
Y681F:G700C,-10.769933700561523
Y681F:G696S,-6.77173376083374
Y681F:G696D,-8.097765922546387
E682V:A692E,-6.762332916259766
E682A:V683D,-7.086246490478516
E682D:N698S,-6.983876705169678
E682D:N698K,-7.368351459503174
E682D:N698I,-5.9217915534973145
E682D:N698H,-7.020150661468506
E682D:N698D,-8.851065635681152
E682D:M706V,-9.120823860168457
E682D:M706T,-9.646492958068848
E682D:N698T,-7.0502214431762695
E682D:M706R,-11.396125793457031
E682D:M706K,-10.885774612426758
E682D:M706I,-8.559917449951172
E682D:L705V,-3.8490216732025146
E682D:L705R,-9.626153945922852
E682D:L705P,-9.238874435424805
E682D:L705H,-10.557510375976562
E682D:M706L,-8.536758422851562
E682D:L705F,-6.661360263824463
E682D:N698Y,-4.882256031036377
E682D:Q686K,-6.322294235229492
E682D:V689L,-6.032256126403809
E682D:V689A,-6.737996578216553
E682D:V683I,-6.560127258300781
E682D:V683G,-5.437061309814453
E682D:V683F,-7.097836017608643
E682D:Q686H,-6.846316814422607
E682D:V683D,-7.061092853546143
E682D:S697T,-6.243760108947754
E682D:S697P,-7.291007041931152
E682D:S697L,-5.643801689147949
E682D:S697A,-6.535259246826172
E682D:Q686R,-6.368686676025391
E682D:Q686P,-6.841347694396973
E682D:Q686L,-6.101800441741943
E682D:V683A,-6.288229942321777
E682D:L688S,-5.013350009918213
E682D:L688M,-6.32293701171875
E682D:L688F,-5.971728324890137
E682D:H684R,-5.692487716674805
E682D:H684Q,-5.941668510437012
E682D:H684N,-5.596342086791992
E682D:K699T,-7.308642387390137
E682D:K699R,-6.625990867614746
E682D:K699Q,-6.3852715492248535
E682D:K699N,-6.353529930114746
E682D:K699I,-7.887956142425537
E682D:K699E,-8.894510269165039
E682D:K687T,-6.534054756164551
E682D:K687R,-6.485762596130371
E682D:K687Q,-6.400559425354004
E682D:K687N,-6.079786777496338
E682D:K687I,-6.537728309631348
E682D:K687E,-6.8995771408081055
E682D:V689M,-6.961491584777832
E682D:H684L,-5.931728363037109
E682D:V711F,-8.840028762817383
E682D:V711D,-11.554573059082031
E682D:V711A,-8.752202987670898
E682D:V711G,-9.752056121826172
E682D:V707M,-5.374717712402344
E682D:V707L,-3.4716601371765137
E682D:V707G,-9.1364107131958
E682D:V707E,-10.450296401977539
E682D:V707A,-8.246503829956055
E682D:V711I,-7.866261005401611
E682D:V711L,-8.69930648803711
E682D:G709V,-7.897800922393799
E682D:G709D,-8.465178489685059
E682V:H684N,-5.712523460388184
E682V:H684L,-6.047910213470459
E682V:G709V,-8.013982772827148
E682V:G709D,-8.58135986328125
E682V:G709C,-5.278573989868164
E682V:G709A,-8.129961013793945
E682V:H684Q,-6.057849884033203
E682V:G708V,-8.693708419799805
E682V:G708R,-9.574393272399902
E682V:G708D,-9.739920616149902
E682V:G708C,-8.453009605407715
E682V:G708A,-8.362988471984863
E682V:G704V,-8.558328628540039
E682V:G704R,-8.410591125488281
E682V:G704E,-8.919845581054688
E682V:G708S,-8.226301193237305
E682V:G700V,-8.351962089538574
E682V:H684R,-5.808669567108154
E682V:G700D,-9.834965705871582
E682V:G700C,-10.406951904296875
E682V:D694H,-7.515374183654785
E682V:D694E,-6.435155868530273
E682V:A701V,-5.140814304351807
E682V:A701T,-4.48367977142334
E682V:A701S,-6.559469223022461
E682V:A701P,-7.578514099121094
E682V:A701G,-5.6197052001953125
E682V:E693D,-5.867077827453613
E682V:G696S,-6.408751487731934
E682V:G696R,-7.214432716369629
E682V:G696D,-7.734783172607422
E682V:G696C,-8.202479362487793
E682V:F691Y,-6.916696548461914
E682V:F691V,-6.4421844482421875
E682V:F691S,-5.610711097717285
E682V:F691L,-6.551675796508789
E682V:F690Y,-6.999321937561035
E682V:F690V,-6.711575508117676
E682V:F690S,-6.197149276733398
E682V:F690L,-6.4786529541015625
E682V:F690I,-6.3898539543151855
E682V:E693V,-6.219735145568848
E682V:E693K,-5.995436668395996
E682V:E693G,-5.266523361206055
E682V:K687I,-6.653909683227539
E682V:V707M,-5.490899085998535
E682V:V707L,-3.587841749191284
E682V:V707G,-9.252592086791992
E682V:V707E,-10.56647777557373
E682V:V707A,-8.362685203552246
E682V:V689M,-7.077672958374023
E682V:V689A,-6.854178428649902
E682V:V683L,-6.812585830688477
E682V:V683I,-6.676308631896973
E682V:V683G,-5.5532426834106445
E682D:G709C,-5.162392616271973
E682D:G708V,-8.577526092529297
E682D:G708S,-8.110118865966797
E682D:G708D,-9.623739242553711
E682D:G708C,-8.336828231811523
E682D:G704V,-8.442146301269531
E682D:G704R,-8.294408798217773
E682D:G704E,-8.80366325378418
E682V:V711L,-8.8154878616333
E682V:V711I,-7.982442855834961
E682V:V711G,-9.868237495422363
E682V:V711F,-8.956210136413574
E682V:V711D,-11.670755386352539
E682V:V711A,-8.868385314941406
E682V:V683F,-7.214017868041992
E682V:V683D,-7.177274703979492
E682V:V683A,-6.404411792755127
E682V:L705H,-10.673691749572754
E682V:L705F,-6.7775421142578125
E682V:L688W,-7.586383819580078
E682V:L688V,-6.04771089553833
E682V:L688S,-5.1295318603515625
E682V:L688M,-6.4391188621521
E682V:L688F,-6.087909698486328
E682V:L705I,-3.3964016437530518
E682V:K699R,-6.7421722412109375
E682V:K699N,-6.469711780548096
E682V:K699I,-8.004137992858887
E682V:K699E,-9.01069164276123
E682V:K687T,-6.6502366065979
E682V:K687R,-6.601944446563721
E682V:K687Q,-6.516740798950195
E682V:K687N,-6.1959686279296875
E682V:K699Q,-6.501453399658203
E682V:L705P,-9.355056762695312
E682V:L705V,-3.965203285217285
E682V:M706I,-8.676098823547363
E682V:S697T,-6.359941482543945
E682V:S697P,-7.407188415527344
E682V:S697L,-5.759983539581299
E682V:S697A,-6.651440620422363
E682V:Q686R,-6.484868049621582
E682V:Q686P,-6.957529067993164
E682V:Q686L,-6.217982292175293
E682V:Q686K,-6.438475608825684
E682V:Q686H,-6.962498664855957
E682V:N698Y,-4.998437881469727
E682V:N698S,-7.100058555603027
E682V:N698I,-6.037973403930664
E682V:N698D,-8.967247009277344
E682V:M706V,-9.237005233764648
E682V:M706T,-9.762674331665039
E682V:M706L,-8.65294075012207
E682V:M706K,-11.001956939697266
E682V:K687E,-7.015758514404297
E682D:L705I,-3.2802200317382812
E682K:V683F,-6.882109642028809
E682K:V683I,-6.344400405883789
E682K:V689A,-6.522270202636719
E682K:V689M,-6.74576473236084
E682K:V707A,-8.030776977539062
E682K:V707M,-5.158990859985352
E682K:V683D,-6.845366477966309
E682K:V711A,-8.536477088928223
E682K:V711G,-9.53632926940918
E682K:V711I,-7.650534629821777
E682A:F690I,-6.298826217651367
E682A:F690L,-6.387624740600586
E682A:G696C,-8.111451148986816
E682A:G700C,-10.315923690795898
E682K:V711D,-11.338847160339355
E682K:V683A,-6.072503566741943
E682K:S697T,-6.028033256530762
E682K:S697P,-7.07528018951416
E682K:K687E,-6.683850288391113
E682K:K687I,-6.3220014572143555
E682K:K687N,-5.864060401916504
E682K:K699E,-8.678783416748047
E682K:K699I,-7.672229766845703
E682K:K699N,-6.137803554534912
E682K:K699R,-6.410264015197754
E682K:L688F,-5.7560014724731445
E682K:L688M,-6.107210636138916
E682K:L688S,-4.797623634338379
E682K:L705H,-10.34178352355957
E682K:L705P,-9.023148536682129
E682K:M706I,-8.34419059753418
E682K:M706K,-10.670048713684082
E682K:M706L,-8.321032524108887
E682K:M706V,-8.905097007751465
E682K:N698D,-8.63533878326416
E682K:N698I,-5.7060651779174805
E682K:N698Y,-4.666529655456543
E682K:Q686H,-6.630590438842773
E682K:Q686L,-5.886074066162109
E682K:Q686R,-6.152959823608398
E682A:K699R,-6.651144504547119
E682A:L688S,-5.038503646850586
E682D:F690L,-6.362471103668213
E682D:F690S,-6.080967903137207
E682D:F690V,-6.595394134521484
E682D:F690Y,-6.8831400871276855
E682D:F691C,-6.886721134185791
E682D:F691L,-6.4354939460754395
E682D:F691S,-5.494529724121094
E682D:F691V,-6.326003074645996
E682D:F691Y,-6.8005146980285645
E682D:G696A,-7.493899822235107
E682D:G696C,-8.086297988891602
E682D:G696D,-7.6186017990112305
E682D:G696R,-7.0982513427734375
E682D:G696S,-6.292570114135742
E682D:G696V,-7.643700122833252
E682D:G700C,-10.290769577026367
E682D:G700D,-9.71878433227539
E682Q:Q686H,-6.578779220581055
E682Q:F691L,-6.167956352233887
E682Q:F690I,-6.006134986877441
E682D:G700R,-9.304119110107422
E682D:F690I,-6.273672103881836
E682D:E693V,-6.103553771972656
E682D:E693D,-5.750896453857422
E682A:L705H,-10.582663536071777
E682A:M706K,-10.910928726196289
E682A:M706V,-9.145977020263672
E682A:Q686H,-6.8714704513549805
E682A:V683A,-6.313384056091309
E682A:V707E,-10.47545051574707
E682A:V707M,-5.399870872497559
E682D:A692E,-6.646151542663574
E682D:A692G,-6.223658561706543
E682D:A692S,-5.566972732543945
E682D:A701P,-7.462332248687744
E682D:A701S,-6.4432878494262695
E682D:A701T,-4.367498397827148
E682D:A701V,-5.024632453918457
E682D:D694E,-6.318974494934082
E682D:E693G,-5.150341510772705
E682V:A692G,-6.339839935302734
E682K:D694E,-6.10324764251709
E682K:E693D,-5.53516960144043
E682K:F690I,-6.057945728302002
E682K:F690L,-6.146744728088379
E682K:F690Y,-6.667413711547852
E682K:F691L,-6.2197675704956055
E682K:F691Y,-6.5847883224487305
E682K:G696C,-7.870571136474609
E682K:G696D,-7.402874946594238
E682K:G696S,-6.07684326171875
E682K:G700C,-10.075043678283691
E682K:G708C,-8.121101379394531
E682K:G708D,-9.408012390136719
E682K:G709C,-4.9466657638549805
E682K:G709D,-8.249451637268066
E682K:H684L,-5.716001987457275
E682K:H684Q,-5.7259416580200195
E682K:H684R,-5.476761341094971
E682K:G700D,-9.503057479858398
E682K:F691S,-5.278802871704102
E682K:A701T,-4.151771545410156
E682K:A701V,-4.808906078338623
E682K:A692E,-6.430424690246582
V683D:K687N,-7.37681770324707
V683D:K687I,-7.834758758544922
V683D:K687E,-8.19660758972168
V683D:K687Q,-7.697590351104736
V683I:S697A,-7.331324100494385
V683I:M706I,-9.355981826782227
V683I:N698D,-9.647130966186523
V683I:M706L,-9.332823753356934
V683I:M706T,-10.442558288574219
V683I:M706V,-9.916889190673828
V683I:N698I,-6.717856407165527
V683I:N698S,-7.779941558837891
V683I:N698Y,-5.67832088470459
V683I:Q686H,-7.64238166809082
V683I:Q686K,-7.118359088897705
V683I:Q686L,-6.897865295410156
V683I:Q686P,-7.637413024902344
V683I:Q686R,-7.164752006530762
V683I:S697P,-8.087072372436523
V683D:K687R,-7.782793998718262
V683I:M706K,-11.681839942932129
V683D:K687T,-7.831086158752441
V683D:Q686R,-7.665717601776123
V683D:K699I,-9.18498706817627
V683D:S697P,-8.588037490844727
V683I:S697T,-7.039825439453125
V683D:S697L,-6.94083309173584
V683D:Q686P,-8.138378143310547
V683D:Q686L,-7.398831367492676
V683D:Q686K,-7.619324684143066
V683D:Q686H,-8.14334774017334
V683D:Q686E,-8.150163650512695
V683D:N698Y,-6.179286956787109
V683D:N698T,-8.347251892089844
V683D:N698S,-8.28090763092041
V683D:N698I,-7.218822479248047
V683D:N698D,-10.148096084594727
V683D:K699E,-10.191540718078613
V683D:M706V,-10.417854309082031
V683D:M706L,-9.833789825439453
V683D:M706K,-12.182806015014648
V683D:M706I,-9.856947898864746
V683D:L705P,-10.535905838012695
V683D:L705I,-4.577250957489014
V683D:L705H,-11.854540824890137
V683D:L705F,-7.958391189575195
V683D:L688S,-6.310380935668945
V683D:L688M,-7.619968414306641
V683D:L688F,-7.268759250640869
V683D:K699R,-7.9230217933654785
V683D:K699Q,-7.682302474975586
V683D:K699N,-7.650561332702637
V683D:M706T,-10.943523406982422
V683I:V689A,-7.534061431884766
V683I:V689L,-6.8283209800720215
V683L:H684R,-6.62483024597168
V683L:K699E,-9.826851844787598
V683L:K699N,-7.285872459411621
V683L:K699R,-7.558333396911621
V683L:L705H,-11.489851951599121
V683L:M706K,-11.818117141723633
V683L:N698I,-6.854133605957031
V683L:Q686H,-7.778658866882324
V683L:Q686R,-7.301029205322266
V683L:S697T,-7.176102638244629
V683L:V689M,-7.893834114074707
V683L:V707M,-6.3070597648620605
V683L:V711A,-9.684545516967773
V683D:S697T,-7.540791034698486
V683L:H684Q,-6.8740105628967285
V683L:G709D,-9.397521018981934
V683L:G709C,-6.094735145568848
V683I:V689M,-7.757556915283203
V683I:V707A,-9.04256820678711
V683I:V707E,-11.24636173248291
V683I:V707G,-9.932476043701172
V683I:V707M,-6.170782566070557
V683I:V711A,-9.54826831817627
V683I:V711D,-12.350638389587402
V683L:D694E,-7.251316547393799
V683L:E693D,-6.683238983154297
V683L:E693V,-7.035896301269531
V683L:F690L,-7.29481315612793
V683L:F690Y,-7.815482139587402
V683L:F691L,-7.367835998535156
V683L:F691S,-6.426872253417969
V683L:F691Y,-7.732856750488281
V683L:G708C,-9.269169807434082
V683I:V711I,-8.662325859069824
V683D:V689A,-8.035027503967285
V683F:A701T,-5.701272487640381
V683I:D694E,-7.115039348602295
V683I:E693D,-6.546961784362793
V683I:E693G,-5.946406364440918
V683I:E693V,-6.899619102478027
V683I:F690I,-7.069737434387207
V683I:F690L,-7.158535957336426
V683I:F690S,-6.877033233642578
V683I:F691L,-7.231558799743652
V683I:F691S,-6.290595054626465
V683I:F691Y,-7.596579551696777
V683I:G696C,-8.882362365722656
V683I:G696D,-8.414667129516602
V683I:G696S,-7.088634967803955
V683I:G700C,-11.086834907531738
V683I:G700D,-10.514848709106445
V683I:F690Y,-7.679204940795898
V683G:K699N,-6.026529312133789
V683G:K699R,-6.298990249633789
V683G:L688M,-5.995936393737793
V683G:N698D,-8.524065017700195
V683G:Q686R,-6.041686058044434
V683G:S697P,-6.964006423950195
V683G:V689M,-6.634490966796875
V683I:A701T,-5.1635637283325195
V683I:A701V,-5.820697784423828
V683I:G704E,-9.59972858428955
V683I:G708C,-9.132892608642578
V683I:K687E,-7.695642471313477
V683I:K687I,-7.3337931632995605
V683I:K687N,-6.875851631164551
V683I:K687Q,-7.196624755859375
V683I:K687R,-7.281827926635742
V683I:K687T,-7.330120086669922
V683I:K699E,-9.690574645996094
V683I:K699N,-7.149595260620117
V683I:K699R,-7.422056198120117
V683I:L688F,-6.767793655395508
V683I:L688M,-7.119002342224121
V683I:L688S,-5.809414863586426
V683I:L705F,-7.457425117492676
V683I:L705H,-11.353574752807617
V683I:L705I,-4.076285362243652
V683I:L705P,-10.034939765930176
V683I:K699I,-8.68402099609375
V683I:G704R,-9.090474128723145
V683I:G708D,-10.419803619384766
V683I:G708S,-8.906184196472168
V683I:G708V,-9.373591423034668
V683I:G709C,-5.958457946777344
V683I:G709D,-9.26124382019043
V683I:H684L,-6.7277936935424805
V683I:H684N,-6.392407417297363
V683I:H684Q,-6.737733364105225
V683I:H684R,-6.488553047180176
V683G:H684Q,-5.6146674156188965
V683F:D694E,-7.652748107910156
V683F:E693D,-7.084670543670654
V683F:E693V,-7.437327861785889
V683F:F690I,-7.607446670532227
V683F:F690Y,-8.216914176940918
V683F:F691L,-7.769268035888672
V683F:F691S,-6.828303813934326
V683F:A701V,-6.358407020568848
V683F:F691Y,-8.134288787841797
V683F:G696S,-7.626343727111816
V683F:G700C,-11.624544143676758
V683F:G708C,-9.670601844787598
V683F:G709C,-6.496166706085205
V683F:H684L,-7.2655029296875
V683F:H684Q,-7.275442123413086
V683F:H684R,-7.026262283325195
V683F:G696C,-9.420071601867676
V683D:V689L,-7.329286575317383
V683D:V689M,-8.258522033691406
V683D:V707A,-9.543534278869629
V683D:V707E,-11.74732780456543
V683D:V707G,-10.433441162109375
V683F:A692E,-7.979925632476807
V683D:V707L,-4.768691062927246
V683D:V711A,-10.049234390258789
V683D:V711D,-12.851604461669922
V683D:V711F,-10.137059211730957
V683D:V711I,-9.163291931152344
V683D:V711L,-9.996336936950684
V683D:V707M,-6.671748161315918
V683F:V689A,-8.071770668029785
V683F:V707E,-11.78407096862793
V683F:V711D,-12.888347625732422
V683F:Q686R,-7.702460765838623
V683F:V711I,-9.200035095214844
V683G:E693V,-5.776553153991699
V683G:F691L,-6.108492851257324
V683G:G696R,-6.7712507247924805
V683G:G708D,-9.296737670898438
V683G:G708S,-7.78311824798584
V683G:G709C,-4.835391998291016
V683G:G709D,-8.138177871704102
V683G:D694E,-5.991973400115967
V683F:Q686L,-7.435574531555176
V683F:Q686H,-8.18009090423584
V683F:N698I,-7.255565643310547
V683F:K687E,-8.23335075378418
V683F:K687I,-7.871501922607422
V683F:K687N,-7.41356086730957
V683F:K687R,-7.819537162780762
V683F:K699E,-10.228283882141113
V683F:K699I,-9.22173023223877
V683F:K699N,-7.687304496765137
V683F:K699R,-7.9597649574279785
V683F:L688F,-7.305502414703369
V683F:L688M,-7.656711578369141
V683F:L705F,-7.995134353637695
V683F:L705H,-11.891283988952637
V683F:L705P,-10.572649002075195
V683F:M706I,-9.893691062927246
V683F:M706K,-12.219549179077148
V683F:M706V,-10.454597473144531
V683F:N698D,-10.184839248657227
V683D:G700V,-9.532812118530273
V683D:G704E,-10.10069465637207
V683D:G704R,-9.591440200805664
V683D:G704V,-9.739177703857422
V683D:G708C,-9.633858680725098
V683D:G708D,-10.920769691467285
V683D:G708R,-10.755243301391602
V683D:G708S,-9.407150268554688
V683D:G708V,-9.874557495117188
V683D:G709C,-6.459423542022705
V683D:G709D,-9.762208938598633
V683D:H684L,-7.228759765625
V683D:H684Q,-7.238698959350586
V683D:H684R,-6.989519119262695
V683D:G700D,-11.015814781188965
V683D:G696V,-8.940731048583984
V683D:A701T,-5.664529323577881
V683A:D694E,-6.843142509460449
V683A:A701V,-5.548800945281982
V683A:A701S,-6.967455863952637
V683A:A701G,-6.027691841125488
V683A:A692E,-7.170319557189941
V683D:E693D,-7.047927379608154
V683D:E693G,-6.4473724365234375
V683D:E693V,-7.400584697723389
V683D:G696S,-7.589600563049316
V683D:G696D,-8.915632247924805
V683D:G696C,-9.383328437805176
V683D:F691Y,-8.097545623779297
V683D:F691V,-7.6230340003967285
V683D:F691S,-6.791560649871826
V683D:G700C,-11.587800979614258
V683D:F691L,-7.732524871826172
V683D:F691C,-8.183752059936523
V683D:F690Y,-8.180171012878418
V683D:F690V,-7.892424583435059
V683D:F690S,-7.3779988288879395
V683D:F690L,-7.659502029418945
V683D:F690I,-7.570703506469727
V683D:A701V,-6.321663856506348
V683A:Q686R,-6.892854690551758
V683A:Q686P,-7.36551570892334
V683A:Q686L,-6.625968933105469
V683A:Q686K,-6.846462249755859
V683A:Q686H,-7.370485305786133
V683A:N698Y,-5.406424522399902
V683A:N698T,-7.574389457702637
V683A:N698S,-7.508045196533203
V683A:N698I,-6.44596004486084
V683A:N698D,-9.37523365020752
V683A:K687I,-7.061896324157715
V683A:M706V,-9.644991874694824
V683A:M706T,-10.170660972595215
V683A:M706L,-9.060927391052246
V683A:M706K,-11.409943580627441
V683A:M706I,-9.084085464477539
V683A:L705P,-9.763043403625488
V683A:K699E,-9.418678283691406
V683A:K687T,-7.058223247528076
V683A:K687R,-7.0099310874938965
V683A:K687Q,-6.924727439880371
V683A:K687N,-6.603955268859863
V683A:K699I,-8.412124633789062
V683A:S697L,-6.167970180511475
V683A:K699N,-6.8776984214782715
V683A:L688F,-6.495896339416504
V683A:L688M,-6.847105503082275
V683A:L688S,-5.537518501281738
V683A:L705F,-7.185528755187988
V683A:L705H,-11.08167839050293
V683A:L705I,-3.8043882846832275
V683A:K699R,-7.150158882141113
V683A:S697P,-7.8151750564575195
V683A:V689A,-7.262165069580078
V683A:K687E,-7.423745155334473
V683D:A701S,-7.740318298339844
V683D:A701G,-6.8005547523498535
V683D:A692G,-7.520689487457275
V683D:A692E,-7.943182468414307
V683A:V711L,-9.223474502563477
V683A:V711I,-8.390429496765137
V683A:V711G,-10.276224136352539
V683A:V711D,-12.078742027282715
V683A:V711A,-9.276371955871582
V683A:V689L,-6.556424140930176
V683A:V689M,-7.485659599304199
V683A:V689T,-6.777154922485352
V683A:S697T,-6.767928123474121
V683A:V707A,-8.770671844482422
V683A:V707E,-10.974464416503906
V683A:V707G,-9.660578727722168
V683A:V707L,-3.99582839012146
V683A:V707M,-5.898885726928711
V683A:A701T,-4.891666412353516
V683A:G704V,-8.966315269470215
V683A:G708C,-8.86099624633789
V683A:G708D,-10.147907257080078
V683A:G708S,-8.63428783416748
V683A:G708V,-9.10169506072998
V683A:G709C,-5.68656063079834
V683A:G709D,-8.989346504211426
V683A:H684L,-6.455896854400635
V683A:H684Q,-6.465836524963379
V683A:H684R,-6.21665620803833
V683D:D694E,-7.616004943847656
V683A:G704R,-8.818577766418457
V683A:G704E,-9.327832221984863
V683A:G704A,-8.834610939025879
V683A:E693A,-6.244710922241211
V683A:E693D,-6.275064468383789
V683A:E693G,-5.6745100021362305
V683A:E693K,-6.403423309326172
V683A:E693V,-6.627721786499023
V683A:F690C,-7.54991340637207
V683A:F690I,-6.797840595245361
V683A:F690S,-6.605135917663574
V683A:G696S,-6.816738128662109
V683A:G696D,-8.142769813537598
V683A:F690L,-6.886639595031738
V683A:G700C,-10.81493854522705
V683A:F691Y,-7.32468318939209
V683A:G700D,-10.242952346801758
V683A:G696C,-8.610466003417969
V683A:F691S,-6.018697738647461
V683A:F691L,-6.959662437438965
V683A:F690Y,-7.407308578491211
V683A:F690V,-7.119562149047852
V683A:F691V,-6.850171089172363
H684Q:V707M,-5.552323818206787
H684Q:V711A,-8.9298095703125
H684Q:V711D,-11.732179641723633
H684Q:V711F,-9.017634391784668
H684Q:V711G,-9.929661750793457
H684R:A692E,-6.574577331542969
H684R:A692G,-6.1520843505859375
H684R:A692P,-6.3381242752075195
H684Q:V707L,-3.649266481399536
H684R:A701S,-6.371713638305664
H684R:A701T,-4.295924186706543
H684Q:V711I,-8.043867111206055
H684Q:V707E,-10.62790298461914
H684Q:Q686R,-6.546293258666992
H684R:A701V,-4.95305871963501
H684Q:Q686P,-7.018954277038574
H684Q:V707A,-8.42410945892334
H684Q:S697A,-6.712865352630615
H684Q:S697P,-7.468613624572754
H684Q:S697T,-6.4213666915893555
H684Q:V689A,-6.915602684020996
H684Q:V689M,-7.139098167419434
H684Q:S697L,-5.821408271789551
H684R:G704E,-8.73208999633789
H684R:G704R,-8.222835540771484
H684R:G704V,-8.370573043823242
H684R:G708C,-8.265254020690918
H684R:G708D,-9.552165031433105
H684R:G708S,-8.038545608520508
H684R:G708V,-8.505952835083008
H684R:G709C,-5.090818405151367
H684R:G709D,-8.393604278564453
H684R:G709V,-7.826227188110352
H684R:G700D,-9.647210121154785
H684R:G700C,-10.219196319580078
H684R:G696V,-7.572126388549805
H684R:D694E,-6.247400283813477
H684R:E693D,-5.679322242736816
H684R:E693G,-5.078767776489258
H684R:E693K,-5.807681083679199
H684R:E693V,-6.031979560852051
H684R:F690I,-6.202098369598389
H684R:F690L,-6.290897369384766
H684R:F690S,-6.009393692016602
H684R:F690V,-6.523819923400879
H684R:F690Y,-6.811566352844238
H684R:F691L,-6.363920211791992
H684R:F691S,-5.422955513000488
H684R:F691Y,-6.728940963745117
H684R:G696C,-8.014723777770996
H684R:G696D,-7.547027587890625
H684R:G696R,-7.026677131652832
H684R:G696S,-6.220995903015137
H684R:G700A,-8.13793659210205
H684R:K687I,-6.466154098510742
H684R:V711I,-7.794687271118164
H684R:N698I,-5.850217819213867
H684R:N698D,-8.779491424560547
H684R:M706V,-9.049249649047852
H684R:M706T,-9.574918746948242
H684R:M706L,-8.465185165405273
H684R:M706K,-10.814201354980469
H684R:M706I,-8.488343238830566
H684R:L705R,-9.554579734802246
H684R:L705P,-9.167301177978516
H684R:L705I,-3.208646059036255
H684R:L705H,-10.485936164855957
H684R:L705F,-6.589786529541016
H684R:L688W,-7.398628234863281
H684R:L688S,-4.941776275634766
H684R:L688M,-6.251363277435303
H684R:L688F,-5.900154113769531
H684R:K699R,-6.554416656494141
H684R:K699N,-6.281956195831299
H684R:K699I,-7.81638240814209
H684R:K699E,-8.822936058044434
H684R:K687R,-6.414188861846924
H684R:K687Q,-6.328985214233398
H684R:K687N,-6.008213043212891
H684R:N698S,-6.9123029708862305
H684R:N698Y,-4.81068229675293
H684R:Q686E,-6.781558036804199
H684Q:Q686L,-6.279406547546387
H684R:V711F,-8.768454551696777
H684R:V711D,-11.482999801635742
H684R:V711A,-8.68062973022461
H684R:V707M,-5.303143501281738
H684R:V707E,-10.378722190856934
H684R:V707A,-8.17492961883545
H684R:K687E,-6.8280029296875
H684R:V689M,-6.889917373657227
H684R:V689A,-6.6664228439331055
H684R:S697T,-6.172185897827148
H684R:S697P,-7.219432830810547
H684R:S697L,-5.572227954864502
H684R:S697A,-6.463685035705566
H684R:Q686R,-6.297112464904785
H684R:Q686L,-6.030226707458496
H684R:Q686K,-6.250720024108887
H684R:Q686H,-6.77474308013916
H684Q:Q686K,-6.4999003410339355
H684Q:N698Y,-5.05986213684082
H684L:N698Y,-5.049922943115234
H684L:Q686H,-7.013983726501465
H684L:Q686K,-6.489960670471191
H684L:Q686L,-6.269467353820801
H684L:Q686P,-7.009014129638672
H684L:Q686R,-6.53635311126709
H684L:S697L,-5.811468601226807
H684L:N698S,-7.151543617248535
H684L:S697P,-7.458673477172852
H684L:V689A,-6.90566349029541
H684L:V689L,-6.199922561645508
H684L:V689M,-7.129158020019531
H684L:S697T,-6.411426544189453
H684L:N698I,-6.089458465576172
H684L:M706V,-9.288490295410156
H684L:K699I,-8.055623054504395
H684L:K699N,-6.5211968421936035
H684L:K699R,-6.793657302856445
H684L:K699T,-7.476308822631836
H684L:L688F,-6.139394760131836
H684L:L688M,-6.490603923797607
H684L:L688S,-5.18101692199707
H684L:N698D,-9.018732070922852
H684L:L705F,-6.82902717590332
H684L:L705I,-3.4478867053985596
H684L:L705P,-9.40654182434082
H684L:L705R,-9.79382038116455
H684L:M706I,-8.727583885192871
H684L:M706K,-11.053442001342773
H684L:M706L,-8.704425811767578
H684L:M706T,-9.814159393310547
H684L:L705H,-10.725176811218262
H684L:V707A,-8.414170265197754
H684N:E693D,-5.583176612854004
H684N:E693G,-4.982621669769287
H684N:E693V,-5.935833930969238
H684N:F690I,-6.105952262878418
H684N:F690L,-6.194751262664795
H684N:D694E,-6.151254653930664
H684N:F690Y,-6.715420246124268
H684N:F691L,-6.2677741050720215
H684N:F691S,-5.326809883117676
H684N:F691Y,-6.6327948570251465
H684N:G696D,-7.4508819580078125
H684N:G700C,-10.123050689697266
H684N:G700D,-9.551063537597656
H684N:G704E,-8.635944366455078
H684L:V707E,-10.617962837219238
H684L:V707G,-9.3040771484375
H684L:V707L,-3.639326810836792
H684L:V707M,-5.542384147644043
H684L:V711A,-8.919870376586914
H684L:V711D,-11.722240447998047
H684L:V711F,-9.007695198059082
H684L:V711I,-8.033927917480469
H684L:V711L,-8.866972923278809
H684N:A701V,-4.856912612915039
H684L:K699E,-9.062176704406738
H684N:G708C,-8.169107437133789
H684L:K687T,-6.701721668243408
H684L:K687Q,-6.568225860595703
H684L:G700D,-9.88645076751709
H684L:G700C,-10.458436965942383
H684L:G700A,-8.377177238464355
H684L:G696S,-6.460236549377441
H684L:G696D,-7.78626823425293
H684L:G696C,-8.2539644241333
H684L:F691Y,-6.968181610107422
H684L:G704E,-8.971330642700195
H684L:F691S,-5.662196159362793
H684L:F691C,-7.054388046264648
H684L:F690Y,-7.050806999206543
H684L:F690V,-6.763060569763184
H684L:F690S,-6.248634338378906
H684L:F690L,-6.53013801574707
H684L:F690I,-6.441339015960693
H684L:F691L,-6.603160858154297
H684L:E693V,-6.2712202072143555
H684L:G704R,-8.462076187133789
H684L:G708C,-8.504494667053223
H684L:G704V,-8.609813690185547
H684L:G709D,-8.632844924926758
H684L:G709C,-5.330059051513672
H684L:G708V,-8.745193481445312
H684L:G708S,-8.277786254882812
H684L:G708D,-9.79140567779541
H684L:E693K,-6.046921730041504
H684L:E693G,-5.3180084228515625
H684L:E693D,-5.918562889099121
H684D:F690L,-7.0858683586120605
H684L:K687E,-7.067243576049805
H684L:K687I,-6.705394744873047
H684L:K687N,-6.247453689575195
H684L:A692E,-6.813817977905273
H684L:D694E,-6.486640930175781
H684L:A701V,-5.1922993659973145
H684L:A701T,-4.535164833068848
H684L:A701S,-6.610954284667969
H684L:A692S,-5.734639644622803
H684L:K687R,-6.6534295082092285
H684Q:Q686H,-7.023922920227051
H684N:G708D,-9.456018447875977
H684N:G709D,-8.29745864868164
H684Q:G700R,-9.481724739074707
H684Q:G704E,-8.981269836425781
H684Q:G704R,-8.472015380859375
H684Q:G704V,-8.619752883911133
H684Q:G708C,-8.514433860778809
H684Q:G708D,-9.801344871520996
H684Q:G700D,-9.896389961242676
H684Q:G708S,-8.287725448608398
H684Q:G709C,-5.339999198913574
H684Q:G709D,-8.64278507232666
H684Q:G708V,-8.755132675170898
H684Q:G700C,-10.468376159667969
H684Q:G696D,-7.796208381652832
H684Q:E693D,-5.928503036499023
H684Q:E693G,-5.327947616577148
H684Q:E693K,-6.056861877441406
H684Q:E693V,-6.281160354614258
H684Q:F690I,-6.4512786865234375
H684Q:F690L,-6.540077209472656
H684Q:G696S,-6.4701762199401855
H684Q:F690S,-6.258574485778809
H684Q:F690Y,-7.060746192932129
H684Q:F691L,-6.613100051879883
H684Q:F691S,-5.672136306762695
H684Q:F691V,-6.503609657287598
H684Q:F691Y,-6.978120803833008
H684Q:G696C,-8.263903617858887
H684Q:F690V,-6.773000240325928
H684Q:L688F,-6.149334907531738
H684Q:L688M,-6.500543594360352
H684Q:L688S,-5.190956115722656
H684Q:L705F,-6.838966369628906
H684Q:L705H,-10.735116004943848
H684Q:L705P,-9.416481018066406
H684Q:L705V,-4.026628017425537
H684Q:K699R,-6.803597450256348
H684Q:M706I,-8.737523078918457
H684Q:M706L,-8.714365005493164
H684Q:M706T,-9.82409954071045
H684Q:M706V,-9.298430442810059
H684Q:N698D,-9.028672218322754
H684Q:N698I,-6.099397659301758
H684Q:N698S,-7.161482810974121
H684Q:N698T,-7.227828025817871
H684Q:M706K,-11.06338119506836
H684Q:K699Q,-6.562877655029297
H684Q:K699N,-6.531136512756348
H684Q:K699I,-8.06556224822998
H684Q:K687E,-7.077183723449707
H684Q:K687I,-6.715334415435791
H684Q:K687N,-6.257392883300781
H684Q:K687Q,-6.5781660079956055
H684Q:K687R,-6.663369178771973
H684Q:K687T,-6.711661338806152
H684Q:K699E,-9.072115898132324
H684N:G709C,-4.994672775268555
H684N:K699I,-7.720236301422119
H684N:K699N,-6.185810089111328
H684N:K699Q,-6.2175517082214355
H684N:K699R,-6.458271026611328
H684N:L688M,-6.155217170715332
H684N:L688S,-4.845630168914795
H684N:L705H,-10.389789581298828
H684N:K699E,-8.726789474487305
H684N:L705P,-9.071155548095703
H684N:M706K,-10.718055725097656
H684N:M706L,-8.369039535522461
H684N:M706V,-8.953104019165039
H684N:N698D,-8.683345794677734
H684N:N698I,-5.7540717124938965
H684N:N698Y,-4.714536190032959
H684N:Q686H,-6.6785969734191895
H684N:M706I,-8.392196655273438
H684N:Q686L,-5.934080600738525
H684N:K687R,-6.318042755126953
H684N:K687I,-6.37000846862793
H684N:K687N,-5.91206693649292
H684N:K687E,-6.7318572998046875
H684N:Q686R,-6.200966835021973
H684N:S697L,-5.476081848144531
H684N:S697P,-7.123287200927734
H684P:M706K,-11.751005172729492
H684P:V707E,-11.315526008605957
H684Q:A692E,-6.823758125305176
H684Q:A692G,-6.4012651443481445
H684Q:A692S,-5.744579315185547
H684P:L705F,-7.526589870452881
H684Q:A701G,-5.681130409240723
H684Q:A701S,-6.620893955230713
H684Q:A701T,-4.54510498046875
H684Q:A701V,-5.202239036560059
H684P:K699R,-7.491220474243164
H684P:F691Y,-7.665744304656982
H684N:S697T,-6.076040267944336
H684N:V689A,-6.570276737213135
H684N:V689M,-6.793771743774414
H684N:V707A,-8.07878303527832
H684N:V707E,-10.282576560974121
H684N:V707M,-5.206997871398926
H684N:V711A,-8.584484100341797
H684N:V711D,-11.38685417175293
H684N:V711I,-7.698541164398193
H684P:A701V,-5.889862060546875
H684P:F690L,-7.227700710296631
H684Q:D694E,-6.496580600738525
Q686K:L688S,-5.571581840515137
Q686K:L688M,-6.881169319152832
Q686L:M706I,-8.897655487060547
Q686P:G709C,-6.239678382873535
Q686P:G708S,-9.18740463256836
Q686P:G708D,-10.701025009155273
Q686P:G700C,-11.36805534362793
Q686P:G696C,-9.163583755493164
Q686P:F691S,-6.571815490722656
Q686P:F691L,-7.512779712677002
Q686P:F690Y,-7.960425853729248
Q686P:F690L,-7.439756870269775
Q686P:E693V,-7.180839538574219
Q686P:E693D,-6.828182220458984
Q686P:A701V,-6.1019182205200195
Q686L:V711L,-9.037044525146484
Q686L:V711I,-8.203999519348145
Q686L:V711G,-10.089794158935547
Q686L:V711F,-9.177766799926758
Q686L:V711D,-11.892312049865723
Q686L:V711A,-9.08994197845459
Q686P:F690I,-7.350957870483398
Q686R:A701G,-6.108148574829102
Q686R:A692P,-7.0143232345581055
Q686R:A692E,-7.250776290893555
Q686P:V711A,-9.829488754272461
Q686P:V707M,-6.452003479003906
Q686P:V707E,-11.527582168579102
Q686P:V689A,-7.815282344818115
Q686P:S697T,-7.321045875549316
Q686P:S697P,-8.368292808532715
Q686P:S697L,-6.721087455749512
Q686P:N698Y,-5.9595417976379395
Q686P:N698I,-6.999077320098877
Q686P:N698D,-9.928351402282715
Q686P:M706V,-10.19810962677002
Q686P:M706T,-10.72377872467041
Q686P:M706I,-9.637203216552734
Q686P:L705P,-10.316160202026367
Q686P:L705H,-11.634796142578125
Q686P:L688S,-6.090635776519775
Q686P:L688F,-7.049014091491699
Q686P:K699I,-8.965242385864258
Q686P:K699E,-9.971796035766602
Q686P:K687E,-7.976862907409668
Q686H:F691L,-7.517748832702637
Q686H:F691S,-6.576784610748291
Q686H:F691Y,-7.882769584655762
Q686H:G696C,-9.16855239868164
Q686H:G696D,-8.700857162475586
Q686H:G696S,-7.374824523925781
Q686H:G700A,-9.291765213012695
Q686H:G700C,-11.373024940490723
Q686H:G700D,-10.80103874206543
Q686H:G700R,-10.386373519897461
Q686H:G700V,-9.318035125732422
Q686H:G704A,-9.39269733428955
Q686H:G704E,-9.885918617248535
Q686H:G704R,-9.376664161682129
Q686H:G704V,-9.524401664733887
Q686H:G708A,-9.329061508178711
Q686H:G708C,-9.419082641601562
Q686H:G708D,-10.70599365234375
Q686H:G708S,-9.192374229431152
Q686H:G708V,-9.659781455993652
Q686H:G709A,-9.096034049987793
Q686H:G709C,-6.24464750289917
Q686H:G709D,-9.547433853149414
Q686H:G709R,-10.204690933227539
Q686H:F691C,-7.968976020812988
Q686R:A701P,-8.066957473754883
Q686H:F690Y,-7.965394973754883
Q686H:F690S,-7.163222789764404
Q686E:A701T,-5.456568717956543
Q686E:K687R,-7.574832916259766
Q686E:K699R,-7.715061187744141
Q686H:A692E,-7.7284064292907715
Q686H:A692S,-6.649228096008301
Q686H:A701G,-6.585778713226318
Q686H:A701P,-8.544587135314941
Q686H:A701S,-7.525542259216309
Q686H:A701T,-5.449753284454346
Q686H:A701V,-6.1068878173828125
Q686H:D694E,-7.401228904724121
Q686H:E693D,-6.833151340484619
Q686H:E693G,-6.232596397399902
Q686H:E693V,-7.1858086585998535
Q686H:F690I,-7.355927467346191
Q686H:F690L,-7.44472599029541
Q686H:F690V,-7.677648544311523
Q686R:A701S,-7.04791259765625
Q686R:A701T,-4.972123146057129
Q686R:A701V,-5.6292572021484375
Q686R:V689A,-7.342621326446533
Q686R:S697T,-6.848384857177734
Q686R:S697P,-7.895631790161133
Q686R:S697L,-6.24842643737793
Q686R:S697A,-7.139883995056152
Q686R:N698Y,-5.486880779266357
Q686R:N698T,-7.65484619140625
Q686R:N698S,-7.588501453399658
Q686R:N698I,-6.526416301727295
Q686R:N698D,-9.455690383911133
Q686R:M706V,-9.725448608398438
Q686R:M706T,-10.251117706298828
Q686R:M706R,-12.000751495361328
Q686R:M706L,-9.14138412475586
Q686R:M706K,-11.490400314331055
Q686R:M706I,-9.164541244506836
Q686R:L705V,-4.453646659851074
Q686R:L705R,-10.230778694152832
Q686R:L705P,-9.843500137329102
Q686R:L705I,-3.8848447799682617
Q686R:L705H,-11.162134170532227
Q686R:L705F,-7.265985012054443
Q686R:L688W,-8.074827194213867
Q686R:L688S,-5.617974758148193
Q686R:L688M,-6.9275617599487305
Q686R:L688F,-6.576353073120117
Q686R:K699R,-7.230615615844727
Q686R:K699Q,-6.989896297454834
Q686R:K699N,-6.958154678344727
Q686R:K699I,-8.49258041381836
Q686R:V689M,-7.5661163330078125
Q686K:K699N,-6.911762237548828
Q686K:K699I,-8.446187973022461
Q686K:K699E,-9.452741622924805
Q686K:K687N,-6.638018608093262
Q686K:K687I,-7.0959601402282715
Q686K:K687E,-7.4578094482421875
Q686R:V711I,-8.47088623046875
Q686R:V711G,-10.356679916381836
Q686R:V711F,-9.444652557373047
Q686R:V711D,-12.159198760986328
Q686R:V711A,-9.356828689575195
Q686R:V707M,-5.979342460632324
Q686R:V707L,-4.076284885406494
Q686R:V707E,-11.05492115020752
Q686R:V707A,-8.851127624511719
Q686R:V689L,-6.636880874633789
Q686R:K699E,-9.499134063720703
Q686R:K687R,-7.090387344360352
Q686R:G696S,-6.897194862365723
Q686R:G696R,-7.702876091003418
Q686R:G696D,-8.223226547241211
Q686R:G696C,-8.690921783447266
Q686R:F691Y,-7.405139446258545
Q686R:F691V,-6.930627822875977
Q686R:F691S,-6.099154472351074
Q686R:F691L,-7.04011869430542
Q686R:F691C,-7.4913458824157715
Q686R:F690Y,-7.487764835357666
Q686R:F690V,-7.200018882751465
Q686R:F690S,-6.6855926513671875
Q686R:F690L,-6.967095851898193
Q686R:F690I,-6.878296852111816
Q686R:E693V,-6.708178520202637
Q686R:E693K,-6.483880043029785
Q686R:E693G,-5.7549662590026855
Q686R:E693D,-6.355521202087402
Q686R:D694E,-6.9235992431640625
Q686R:G696V,-8.24832534790039
Q686R:K687T,-7.138679504394531
Q686R:G700C,-10.895395278930664
Q686R:G700R,-9.908742904663086
Q686R:K687Q,-7.005184173583984
Q686R:K687N,-6.684411525726318
Q686R:K687I,-7.142353057861328
Q686R:K687E,-7.504201889038086
Q686R:G709D,-9.069803237915039
Q686R:G709C,-5.767017364501953
Q686R:G708V,-9.182151794433594
Q686R:G708S,-8.714744567871094
Q686R:G708D,-10.228363037109375
Q686R:G708C,-8.941452026367188
Q686R:G704V,-9.046772003173828
Q686R:G704R,-8.89903450012207
Q686R:G704E,-9.408288955688477
Q686R:G700V,-8.840405464172363
Q686R:G700D,-10.323408126831055
Q686K:K699Q,-6.943503379821777
Q686K:N698D,-9.409297943115234
Q686K:M706V,-9.679056167602539
Q686K:M706L,-9.094990730285645
Q686K:M706K,-11.44400691986084
Q686K:M706I,-9.118148803710938
Q686K:L705P,-9.797106742858887
Q686K:L705H,-11.115741729736328
Q686K:L705F,-7.219592094421387
Q686K:L688W,-8.028433799743652
Q686H:L705H,-11.639764785766602
Q686H:L705I,-4.3624749183654785
Q686H:L705P,-10.32112979888916
Q686H:L705R,-10.70840835571289
Q686K:N698H,-7.57838249206543
Q686H:L705V,-4.931276321411133
Q686H:M706K,-11.968029975891113
Q686H:M706L,-9.619013786315918
Q686H:M706T,-10.728748321533203
Q686H:M706V,-10.203079223632812
Q686H:N698D,-9.933320999145508
Q686H:N698H,-8.102405548095703
Q686H:N698I,-7.004046440124512
Q686H:N698K,-8.450606346130371
Q686H:N698S,-8.066131591796875
Q686H:N698T,-8.132476806640625
Q686H:N698Y,-5.964510917663574
Q686H:S697A,-7.617513656616211
Q686H:S697L,-6.726057052612305
Q686H:M706I,-9.642171859741211
Q686K:N698I,-6.480023384094238
Q686K:N698S,-7.542108535766602
Q686K:N698Y,-5.440487861633301
Q686L:A701V,-5.362371444702148
Q686L:A701T,-4.705236911773682
Q686L:A701S,-6.7810258865356445
Q686L:A692E,-6.983890056610107
Q686K:V711I,-8.424492835998535
Q686K:V711D,-12.112805366516113
Q686K:V707M,-5.932949542999268
Q686K:V707E,-11.008528709411621
Q686K:V707A,-8.80473518371582
Q686K:V689M,-7.519723892211914
Q686K:S697T,-6.801992416381836
Q686K:S697P,-7.849239349365234
Q686K:S697A,-7.093491077423096
Q686H:S697P,-8.373262405395508
Q686H:S697T,-7.326014995574951
Q686H:V689A,-7.82025146484375
Q686K:E693D,-6.309128761291504
Q686K:E693G,-5.708573341369629
Q686K:E693V,-6.661786079406738
Q686K:F690I,-6.831904411315918
Q686K:F690L,-6.920702934265137
Q686K:F690Y,-7.441371917724609
Q686K:F691C,-7.444952964782715
Q686K:F691L,-6.993725776672363
Q686K:F691S,-6.052762031555176
Q686K:F691Y,-7.358746528625488
Q686K:G696C,-8.644529342651367
Q686K:G696D,-8.176834106445312
Q686K:G696S,-6.850801944732666
Q686K:G700C,-10.84900188446045
Q686K:G700D,-10.277015686035156
Q686K:G704E,-9.361895561218262
Q686K:G708C,-8.895059585571289
Q686K:G708S,-8.668351173400879
Q686K:G708V,-9.135758399963379
Q686K:G709C,-5.720624923706055
Q686K:G709D,-9.02341079711914
Q686K:D694E,-6.877206325531006
Q686L:D694E,-6.656712532043457
Q686H:V689L,-7.114510536193848
Q686H:V689M,-8.043746948242188
Q686H:V707A,-9.328758239746094
Q686H:V707E,-11.532550811767578
Q686H:V707G,-10.218666076660156
Q686H:V707M,-6.456972122192383
Q686H:V711A,-9.834458351135254
Q686H:V711D,-12.636828422546387
Q686H:V711G,-10.834310531616211
Q686H:V711I,-8.948515892028809
Q686H:V711L,-9.781560897827148
Q686K:A692E,-7.204383850097656
Q686K:A701V,-5.582864761352539
Q686L:V689M,-7.299230098724365
Q686L:V689L,-6.369994163513184
Q686L:V689A,-7.075735092163086
Q686L:S697T,-6.581498622894287
Q686L:S697P,-7.6287455558776855
Q686L:S697L,-5.981540679931641
Q686L:N698Y,-5.21999454498291
Q686L:N698S,-7.321615219116211
Q686L:N698I,-6.259530067443848
Q686L:N698H,-7.357889175415039
Q686L:N698D,-9.188804626464844
Q686L:M706V,-9.458562850952148
Q686L:M706T,-9.984231948852539
Q686L:M706L,-8.874497413635254
Q686L:M706K,-11.22351360321045
Q686L:L705V,-4.186759948730469
Q686L:L705R,-9.963891983032227
Q686L:L705P,-9.576613426208496
Q686L:L705I,-3.6179585456848145
Q686L:L705H,-10.895248413085938
Q686L:L705F,-6.999098777770996
Q686L:L688S,-5.351088523864746
Q686L:L688M,-6.660676002502441
Q686L:V707A,-8.58424186706543
Q686L:V707G,-9.474149703979492
Q686H:K687E,-7.981832027435303
Q686H:K687I,-7.619982719421387
Q686H:K687N,-7.162041664123535
Q686H:K687Q,-7.482814311981201
Q686H:K687R,-7.568017959594727
Q686H:K687T,-7.616310119628906
Q686H:K699E,-9.976764678955078
Q686H:K699I,-8.970211029052734
Q686H:K699N,-7.435785293579102
Q686H:K699R,-7.708245754241943
Q686H:K699T,-8.390897750854492
Q686H:L688F,-7.053983211517334
Q686H:L688M,-7.4051923751831055
Q686H:L688S,-6.09560489654541
Q686H:L705F,-7.74361515045166
Q686L:V707M,-5.712455749511719
Q686L:V707L,-3.809398651123047
Q686L:V707E,-10.788034439086914
Q686L:L688F,-6.30946683883667
Q686L:K699R,-6.963729381561279
Q686L:G704R,-8.632147789001465
Q686L:G704E,-9.141402244567871
Q686L:G704A,-8.648180961608887
Q686L:G700D,-10.056522369384766
Q686L:G700C,-10.628508567810059
Q686L:G700A,-8.547248840332031
Q686L:G696V,-7.981438636779785
Q686L:G696S,-6.630308151245117
Q686L:G696D,-7.956340312957764
Q686L:G696C,-8.424036026000977
Q686L:G696A,-7.831638336181641
Q686L:F691Y,-7.138253211975098
Q686L:F691V,-6.663741588592529
Q686L:F691S,-5.832268238067627
Q686L:F691L,-6.773232460021973
Q686L:F691C,-7.224459648132324
Q686L:F690Y,-7.220878601074219
Q686L:F690V,-6.933132171630859
Q686L:F690S,-6.41870641708374
Q686L:F690L,-6.700209617614746
Q686L:F690I,-6.611411094665527
Q686L:F690C,-7.363483905792236
Q686L:E693V,-6.4412922859191895
Q686L:E693K,-6.216993808746338
Q686L:E693G,-5.488080024719238
Q686L:E693D,-6.088634967803955
Q686L:G704V,-8.779885292053223
Q686L:K699T,-7.64638090133667
Q686L:G708C,-8.674566268920898
Q686L:G708R,-9.795949935913086
Q686L:K699N,-6.6912689208984375
Q686L:K699I,-8.22569465637207
Q686L:K699E,-9.232248306274414
Q686L:K687T,-6.871793746948242
Q686L:K687R,-6.8235015869140625
Q686L:K687N,-6.417525291442871
Q686L:K687I,-6.875466346740723
Q686L:K687E,-7.237315654754639
Q686L:G709V,-8.235539436340332
Q686L:G709R,-9.460174560546875
Q686L:G709D,-8.80291748046875
Q686L:G709C,-5.500131130218506
Q686L:G709A,-8.351517677307129
Q686L:G708V,-8.915265083312988
Q686L:G708S,-8.447857856750488
Q686L:G708D,-9.961477279663086
Q686K:L688F,-6.529960632324219
Q686K:K699R,-7.184223175048828
K687T:V711A,-9.522196769714355
K687E:K699E,-10.030025482177734
K687E:G709D,-9.600693702697754
K687E:G709C,-6.297907829284668
K687E:G708V,-9.713041305541992
K687E:G708S,-9.245634078979492
K687E:G708D,-10.759254455566406
K687E:G708C,-9.472343444824219
K687E:G704V,-9.577661514282227
K687E:G704R,-9.429924011230469
K687E:G704E,-9.939178466796875
K687E:G700D,-10.854299545288086
K687E:K699I,-9.02347183227539
K687E:K699N,-7.489045143127441
K687E:K699R,-7.761506080627441
K687E:K699T,-8.444157600402832
K687E:V689M,-8.097006797790527
K687E:V689A,-7.873511791229248
K687E:S697T,-7.379275321960449
K687E:S697P,-8.426522254943848
K687E:S697L,-6.7793169021606445
K687E:S697A,-7.670774459838867
K687E:N698Y,-6.017771244049072
K687E:N698T,-8.185736656188965
K687E:N698S,-8.119392395019531
K687E:N698K,-8.503866195678711
K687E:N698I,-7.05730676651001
K687E:N698D,-9.986580848693848
K687E:M706V,-10.256339073181152
K687E:M706T,-10.782008171081543
K687E:M706R,-12.531641006469727
K687E:M706L,-9.672273635864258
K687E:M706K,-12.021289825439453
K687E:M706I,-9.695432662963867
K687E:L705P,-10.3743896484375
K687E:L705I,-4.415735244750977
K687E:L705H,-11.693025588989258
K687E:L705F,-7.796875476837158
K687E:L688V,-7.067044258117676
K687E:L688S,-6.148865222930908
K687E:L688M,-7.458452224731445
K687E:L688F,-7.107243537902832
K687E:G700C,-11.426284790039062
K687E:G696V,-8.779214859008789
K687E:G696D,-8.754117012023926
K687E:A692S,-6.702487945556641
K687E:A692E,-7.7816667556762695
K687N:A701P,-7.778057098388672
K687N:A701T,-4.683223247528076
K687N:A701V,-5.340357780456543
K687N:D694E,-6.634698867797852
K687N:E693D,-6.06662130355835
K687N:E693G,-5.466066360473633
K687N:E693V,-6.419278621673584
K687N:F690I,-6.589397430419922
K687N:F690L,-6.678195953369141
K687N:F690S,-6.396692752838135
K687N:F690Y,-7.198864936828613
K687N:F691C,-7.202445983886719
K687N:F691L,-6.751218795776367
K687N:F691S,-5.8102545738220215
K687N:F691Y,-7.116239547729492
K687N:G696A,-7.809624671936035
K687E:G696S,-7.4280853271484375
K687E:A701S,-7.578803062438965
K687E:G696C,-9.221813201904297
K687E:G696A,-8.629415512084961
K687E:F691Y,-7.93602991104126
K687E:F691V,-7.461518287658691
K687E:F691S,-6.630044937133789
K687E:F691L,-7.571009159088135
K687E:F691C,-8.022235870361328
K687E:F690Y,-8.018655776977539
K687E:F690S,-7.216483116149902
K687E:F690L,-7.497986316680908
K687E:F690I,-7.409187316894531
K687E:F690C,-8.161260604858398
K687E:E693V,-7.239068984985352
K687E:E693K,-7.0147705078125
K687E:E693G,-6.2858567237854
K687E:E693D,-6.886411666870117
K687E:D694E,-7.454489707946777
K687E:A701V,-6.160147666931152
K687E:A701T,-5.503013610839844
K687E:A701P,-8.597846984863281
K687E:V707A,-9.38201904296875
K687I:M706V,-9.894490242004395
K687I:M706T,-10.420159339904785
K687I:M706R,-12.169792175292969
K687I:M706L,-9.3104248046875
K687I:M706I,-9.333582878112793
K687I:L705V,-4.622687816619873
K687I:L705P,-10.012540817260742
K687I:L705I,-4.053886413574219
K687I:L705H,-11.331175804138184
K687I:L705F,-7.435026168823242
K687I:L688S,-5.787015914916992
K687I:L688M,-7.0966033935546875
K687I:L688F,-6.745394706726074
K687I:K699R,-7.399657249450684
K687I:K699N,-7.127196311950684
K687I:K699I,-8.661622047424316
K687I:K699E,-9.66817569732666
K687I:N698D,-9.62473201751709
K687I:N698I,-6.695457458496094
K687I:N698Y,-5.655921936035156
K687N:A692G,-6.539383411407471
K687N:A692E,-6.961876392364502
K687I:V711L,-9.47297191619873
K687I:V711I,-8.63992691040039
K687I:V711G,-10.525721549987793
K687I:V711D,-12.328239440917969
K687I:V711A,-9.525869369506836
K687I:V707M,-6.148383617401123
K687I:V707G,-9.910077095031738
K687I:V707E,-11.223962783813477
K687I:V707A,-9.020169258117676
K687I:V689M,-7.7351579666137695
K687I:V689A,-7.511662483215332
K687I:S697T,-7.017426490783691
K687I:S697P,-8.06467342376709
K687I:S697L,-6.417468070983887
K687I:N698S,-7.757542610168457
K687I:G709D,-9.238844871520996
K687I:D694E,-7.092640399932861
K687I:A701V,-5.7982988357543945
K687I:A701T,-5.141164779663086
K687I:A701S,-7.216953754425049
K687I:A701P,-8.235998153686523
K687I:A701G,-6.277190208435059
K687I:A692G,-6.9973249435424805
K687I:A692E,-7.419817924499512
K687E:V711L,-9.834821701049805
K687E:V711I,-9.001775741577148
K687E:V711F,-9.975543975830078
K687E:V711D,-12.690088272094727
K687E:V711A,-9.887718200683594
K687E:V707M,-6.510232925415039
K687E:V707L,-4.607175350189209
K687E:V707G,-10.271925926208496
K687E:V707E,-11.585811614990234
K687I:G709C,-5.93605899810791
K687I:G708V,-9.351192474365234
K687I:G708S,-8.883785247802734
K687I:G708D,-10.397404670715332
K687I:G708C,-9.110493659973145
K687I:G704V,-9.215812683105469
K687I:G704R,-9.068075180053711
K687I:G704E,-9.577329635620117
K687I:G700D,-10.492449760437012
K687I:G700C,-11.064435958862305
K687I:G696V,-8.417366027832031
K687I:G696S,-7.0662360191345215
K687I:G696R,-7.871917724609375
K687I:G696D,-8.392268180847168
K687N:G696C,-8.402022361755371
K687I:G696C,-8.859963417053223
K687I:F691V,-7.099669456481934
K687I:F691S,-6.268196105957031
K687I:F691L,-7.209159851074219
K687I:F691C,-7.66038703918457
K687I:F690Y,-7.656805992126465
K687I:F690V,-7.369060039520264
K687I:F690S,-6.8546342849731445
K687I:F690L,-7.136137008666992
K687I:F690I,-7.047338485717773
K687I:F690C,-7.799411773681641
K687I:E693V,-6.877220153808594
K687I:E693G,-5.924007415771484
K687I:E693D,-6.524562835693359
K687I:F691Y,-7.574180603027344
K687N:G696D,-7.934326648712158
K687N:G696S,-6.608294486999512
K687N:G700C,-10.606494903564453
K687R:K699E,-9.6162109375
K687R:K699I,-8.609657287597656
K687R:K699N,-7.075231075286865
K687R:K699R,-7.347691535949707
K687R:L688F,-6.693428993225098
K687R:L688M,-7.044638156890869
K687R:L705F,-7.383061408996582
K687R:L705H,-11.279211044311523
K687R:L705I,-4.001920700073242
K687R:L705P,-9.960576057434082
K687R:M706I,-9.281618118286133
K687R:M706K,-11.607476234436035
K687R:M706L,-9.25846004486084
K687R:M706T,-10.368193626403809
K687R:M706V,-9.842524528503418
K687R:N698D,-9.572766304016113
K687R:N698H,-7.741851806640625
K687R:N698I,-6.643492698669434
K687R:N698S,-7.705577850341797
K687R:L688S,-5.735051155090332
K687R:E693K,-6.600955963134766
K687R:E693V,-6.825254440307617
K687R:F690I,-6.995373249053955
K687R:F690L,-7.084172248840332
K687R:F690Y,-7.604841232299805
K687R:F691C,-7.60842227935791
K687R:F691L,-7.157195091247559
K687R:F691S,-6.216230392456055
K687R:F691Y,-7.522215843200684
K687R:G696C,-8.807998657226562
K687R:G696D,-8.340302467346191
K687R:G696R,-7.819952011108398
K687R:G696S,-7.014270782470703
K687R:G700C,-11.012471199035645
K687R:G700D,-10.440485000610352
K687R:G704E,-9.525364875793457
K687R:G704R,-9.01611042022705
K687R:G704V,-9.163847923278809
K687R:G708C,-9.058528900146484
K687R:G708D,-10.345439910888672
K687R:G708S,-8.831820487976074
K687R:G708V,-9.299227714538574
K687R:G709C,-5.884093284606934
K687R:G709D,-9.18687915802002
K687R:G709R,-9.844136238098145
K687R:G709V,-8.619502067565918
K687R:N698T,-7.7719221115112305
K687R:N698Y,-5.603957176208496
K687R:S697L,-6.365502834320068
K687R:S697P,-8.012707710266113
K687T:G708C,-9.106821060180664
K687T:G708S,-8.880112648010254
K687T:G709C,-5.932385444641113
K687T:G709D,-9.2351713180542
K687T:K699E,-9.66450309753418
K687T:K699I,-8.657949447631836
K687T:K699N,-7.123523235321045
K687T:K699R,-7.395983695983887
K687T:L688W,-8.240195274353027
K687T:L705H,-11.327503204345703
K687T:L705P,-10.008868217468262
K687T:M706L,-9.30675220489502
K687T:M706V,-9.890816688537598
K687T:N698D,-9.621058464050293
K687T:N698Y,-5.652249336242676
K687T:S697T,-7.0137529373168945
K687T:V689L,-6.802248954772949
K687T:V707A,-9.016496658325195
K687T:V707E,-11.22028923034668
K687T:G700C,-11.060763359069824
K687R:E693G,-5.872042655944824
K687T:F691Y,-7.570508003234863
K687T:F691L,-7.205487251281738
K687R:S697T,-6.965460777282715
K687R:V689A,-7.459697723388672
K687R:V689M,-7.683192253112793
K687R:V707A,-8.968204498291016
K687R:V707E,-11.1719970703125
K687R:V707G,-9.858111381530762
K687R:V707L,-4.193361282348633
K687R:V707M,-6.096418380737305
K687R:V711A,-9.473904609680176
K687R:V711D,-12.276274681091309
K687R:V711I,-8.58796215057373
K687T:A701T,-5.137491226196289
K687T:D694E,-7.088967323303223
K687T:E693G,-5.920334815979004
K687T:F690I,-7.043665409088135
K687T:F691S,-6.264522552490234
K687R:E693D,-6.472597122192383
K687R:E693A,-6.442243576049805
K687N:L705H,-10.873234748840332
K687N:L705I,-3.595944881439209
K687N:L705P,-9.55459976196289
K687N:M706I,-8.875641822814941
K687N:M706K,-11.201499938964844
K687N:M706L,-8.852483749389648
K687N:M706T,-9.962217330932617
K687N:M706V,-9.436548233032227
K687N:N698D,-9.166790008544922
K687N:N698I,-6.237516403198242
K687N:N698K,-7.684076309204102
K687N:N698S,-7.2996015548706055
K687N:N698Y,-5.197980880737305
K687N:S697L,-5.959527015686035
K687N:S697P,-7.60673189163208
K687N:S697T,-6.559484958648682
K687N:V689A,-7.0537214279174805
K687N:V689M,-7.27721643447876
K687N:V707A,-8.562228202819824
K687N:V707E,-10.766021728515625
K687N:V707G,-9.45213508605957
K687N:V707M,-5.690442085266113
K687N:L705F,-6.977085113525391
K687N:L688S,-5.329074859619141
K687N:L688F,-6.2874531745910645
K687N:G700D,-10.03450870513916
K687N:G700R,-9.619843482971191
K687N:G704E,-9.119388580322266
K687N:G704R,-8.61013412475586
K687N:G704V,-8.757871627807617
K687N:G708C,-8.652552604675293
K687N:G708D,-9.93946361541748
K687N:G708S,-8.425844192504883
K687N:G708V,-8.893251419067383
K687N:G709C,-5.4781174659729
K687N:G709D,-8.780902862548828
K687N:K699E,-9.210234642028809
K687N:K699I,-8.203680992126465
K687N:K699N,-6.669255256652832
K687N:K699R,-6.941715717315674
K687N:L688M,-6.638662338256836
K687T:V711D,-12.324566841125488
K687N:V711A,-9.067928314208984
K687N:V711I,-8.181985855102539
K687Q:L705P,-9.875371932983398
K687Q:M706I,-9.196414947509766
K687Q:M706K,-11.522272109985352
K687Q:N698D,-9.487563133239746
K687Q:S697P,-7.927504539489746
K687Q:S697T,-6.880257606506348
K687Q:V689A,-7.3744940757751465
K687Q:V707E,-11.086793899536133
K687Q:V711A,-9.388700485229492
K687Q:V711D,-12.191070556640625
K687R:A692E,-7.367852210998535
K687R:A692G,-6.945359230041504
K687R:A701S,-7.1649885177612305
K687R:A701T,-5.089199066162109
K687R:A701V,-5.746333599090576
K687R:D694E,-7.040675163269043
K687Q:L705H,-11.194007873535156
K687N:V711D,-11.870298385620117
K687Q:L688S,-5.649847507476807
K687Q:K699R,-7.26248836517334
K687Q:E693D,-6.387393951416016
K687Q:E693V,-6.74005126953125
K687Q:F690I,-6.91016960144043
K687Q:F690L,-6.998968601226807
K687Q:F691L,-7.071991443634033
K687Q:F691Y,-7.437012195587158
K687Q:G696C,-8.722795486450195
K687Q:G696R,-7.734748840332031
K687Q:G696V,-8.280197143554688
K687Q:G700C,-10.927267074584961
K687Q:G704R,-8.930906295776367
K687Q:G708C,-8.973325729370117
K687Q:G708D,-10.260236740112305
K687Q:G709C,-5.798890113830566
K687Q:K699E,-9.531007766723633
K687Q:K699I,-8.524454116821289
K687Q:L688M,-6.959434509277344
L688M:G704V,-9.001022338867188
L688M:G708C,-8.895703315734863
L688M:G708D,-10.18261432647705
L688M:G708S,-8.668994903564453
L688M:G709C,-5.7212677001953125
L688M:G709D,-9.024053573608398
L688M:G709R,-9.681310653686523
L688M:G709V,-8.456676483154297
L688M:K699E,-9.453385353088379
L688M:K699I,-8.446831703186035
L688M:K699N,-6.912405490875244
L688M:G704R,-8.85328483581543
L688M:G704E,-9.362539291381836
L688M:G704A,-8.869318008422852
L688M:G700V,-8.794655799865723
L688M:D694E,-6.877849578857422
L688M:E693D,-6.309771537780762
L688M:E693G,-5.709217071533203
L688M:E693V,-6.662428855895996
L688M:F690I,-6.832547664642334
L688M:K699R,-7.184865951538086
L688M:F690L,-6.921346664428711
L688M:F690Y,-7.442015647888184
L688M:F691L,-6.9943695068359375
L688M:F691S,-6.053404808044434
L688M:F691V,-6.884878158569336
L688M:F691Y,-7.3593902587890625
L688M:G696C,-8.645173072814941
L688M:G696D,-8.17747688293457
L688M:G696S,-6.851445198059082
L688M:G700C,-10.849645614624023
L688M:G700D,-10.27765941619873
L688M:F690S,-6.639842987060547
L688M:L705F,-7.220235824584961
L688M:L705H,-11.116385459899902
L688M:L705I,-3.8390953540802
L688M:V711A,-9.311079025268555
L688M:V711D,-12.113449096679688
L688M:V711I,-8.42513656616211
L688S:A692E,-5.895439624786377
L688S:A701T,-3.616786479949951
L688S:A701V,-4.273921012878418
L688S:D694E,-5.568262100219727
L688S:E693D,-5.000184535980225
L688S:E693G,-4.399629592895508
L688S:E693K,-5.128543376922607
L688S:E693V,-5.352841854095459
L688M:V707M,-5.933592796325684
L688M:L705P,-9.797750473022461
L688M:L705R,-10.185029029846191
L688M:M706I,-9.118792533874512
L688M:M706K,-11.444650650024414
L688M:M706L,-9.095634460449219
L688M:M706T,-10.205368041992188
L688M:M706V,-9.679698944091797
L688M:N698D,-9.409940719604492
L688M:N698H,-7.579026222229004
L688M:N698I,-6.4806671142578125
L688M:N698K,-7.927227020263672
L688M:N698S,-7.542752265930176
L688M:N698T,-7.609096527099609
L688M:S697L,-6.202677249908447
L688M:S697P,-7.849882125854492
L688M:S697T,-6.802635192871094
L688M:V689A,-7.296872138977051
L688M:V689M,-7.520366668701172
L688M:V707A,-8.805378913879395
L688M:V707E,-11.009171485900879
L688M:N698Y,-5.441131591796875
L688M:A701V,-5.583508014678955
L688M:A701T,-4.926373481750488
L688F:F691S,-5.70219612121582
L688F:F691Y,-7.008181095123291
L688F:G696C,-8.293964385986328
L688F:G696R,-7.305917739868164
L688F:G696S,-6.500236511230469
L688F:G700C,-10.498435974121094
L688F:G700D,-9.926450729370117
L688F:G704E,-9.011329650878906
L688F:G704R,-8.5020751953125
L688F:G708C,-8.54449462890625
L688F:G708D,-9.831405639648438
L688F:G708S,-8.317785263061523
L688F:G708V,-8.785192489624023
L688F:G709C,-5.370059013366699
L688F:G709D,-8.672844886779785
L688F:F691L,-6.643160343170166
L688F:F690Y,-7.090806484222412
L688F:F690V,-6.803060531616211
L688F:A692S,-5.774639129638672
L688F:A701G,-5.711190223693848
L688F:A701P,-7.669998645782471
L688F:A701S,-6.650954246520996
L688F:A701T,-4.575164794921875
L688F:A701V,-5.232298851013184
L688F:D694E,-6.526640892028809
L688F:E693D,-5.958562850952148
L688F:E693G,-5.358007907867432
L688F:E693K,-6.086921691894531
L688F:E693V,-6.311220169067383
L688F:F690I,-6.4813385009765625
L688F:F690L,-6.5701375007629395
L688F:F690S,-6.288634300231934
L688S:F690C,-6.275033473968506
L688F:V707A,-8.454170227050781
L688F:V707E,-10.657962799072266
L688F:V707G,-9.344077110290527
L688F:V707M,-5.58238410949707
L688F:V711A,-8.959869384765625
L688F:V711D,-11.762239456176758
L688F:V711F,-9.04769515991211
L688F:V711I,-8.07392692565918
L688M:A692E,-7.205026626586914
L688M:A692S,-6.125848293304443
L688M:A701G,-6.062398910522461
L688M:A701P,-8.021207809448242
L688M:A701S,-7.002162933349609
L688F:K699E,-9.102176666259766
L688F:K699I,-8.095623016357422
L688F:K699N,-6.561196327209473
L688F:K699Q,-6.59293794631958
L688F:K699R,-6.833657264709473
L688F:L705F,-6.8690266609191895
L688F:L705H,-10.765176773071289
L688F:L705P,-9.446540832519531
L688F:M706I,-8.767583847045898
L688F:M706K,-11.093441009521484
L688F:M706L,-8.744424819946289
L688F:M706T,-9.854159355163574
L688F:N698D,-9.058732032775879
L688F:N698I,-6.129457950592041
L688F:N698K,-7.5760178565979
L688F:N698S,-7.191543102264404
L688F:N698Y,-5.0899224281311035
L688F:S697L,-5.851468086242676
L688F:S697P,-7.498673439025879
L688F:S697T,-6.4514265060424805
L688F:V689A,-6.945662975311279
L688F:V689M,-7.169157981872559
L688F:M706V,-9.328490257263184
L688S:F690I,-5.522960662841797
L688M:G708V,-9.136402130126953
L688S:F690S,-5.33025598526001
L688V:N698D,-9.018532752990723
L688V:K699R,-6.793457984924316
L688V:K699I,-8.055423736572266
L688V:G696S,-6.4600372314453125
L688V:F691Y,-6.967982292175293
L688V:F691L,-6.602961540222168
L688V:F690L,-6.529938697814941
L688V:D694E,-6.486441612243652
L688V:A701V,-5.1921000480651855
L688S:V711L,-7.948594093322754
L688S:V707A,-7.495791435241699
L688S:V707E,-9.6995849609375
L688S:V707M,-4.624005317687988
L688V:N698I,-6.089259147644043
L688S:V711A,-8.00149154663086
L688S:V711D,-10.803861618041992
L688S:V711I,-7.115549087524414
L688V:S697P,-7.458474159240723
L688S:F690L,-5.611759185791016
L688W:K699N,-8.059670448303223
L688W:L705H,-12.263649940490723
L688W:M706T,-11.352632522583008
L688W:N698D,-10.557205200195312
L688W:N698I,-7.627931594848633
L688W:N698Y,-6.588396072387695
L688W:S697L,-7.349942207336426
L688W:S697P,-8.997146606445312
L688W:S697T,-7.949900150299072
L688W:V711A,-10.458343505859375
L688W:K699I,-9.594096183776855
L688W:K699E,-10.6006498336792
L688V:V711D,-11.722041130065918
L688W:A701V,-6.730772972106934
L688W:D694E,-8.025114059448242
L688V:V689M,-7.128958702087402
L688W:E693V,-7.809693813323975
L688W:F691L,-8.141633987426758
L688W:F691Y,-8.506654739379883
L688W:G704R,-10.00054931640625
L688W:F690I,-7.9798126220703125
L688V:G709D,-8.632645606994629
L688S:V689L,-5.281543731689453
L688S:G709D,-7.714466571807861
L688S:G709C,-4.411680698394775
L688S:G696C,-7.335585594177246
L688S:G708V,-7.826814651489258
L688S:G708S,-7.359407424926758
L688S:G708D,-8.873026847839355
L688S:G708C,-7.586115837097168
L688S:G704V,-7.691434860229492
L688S:G704R,-7.543697357177734
L688S:G704E,-8.05295181274414
L688S:G696D,-6.867889881134033
L688S:G696S,-5.541857719421387
L688S:G700C,-9.540058135986328
L688S:F691Y,-6.049802780151367
L688S:F691V,-5.575291156768799
L688S:F691S,-4.7438178062438965
L688S:F691L,-5.684782028198242
L688S:F690Y,-6.132428169250488
L688S:G700D,-8.968071937561035
L688S:V689M,-6.210779666900635
L688S:G700R,-8.553406715393066
L688S:G700V,-7.4850687980651855
L688S:G709A,-7.263067245483398
L688S:N698H,-6.269438743591309
L688S:N698I,-5.171079635620117
L688S:N698K,-6.617639541625977
L688S:N698S,-6.2331647872924805
L688S:N698T,-6.299509525299072
L688S:N698D,-8.100353240966797
L688S:N698Y,-4.13154411315918
L688S:S697L,-4.89309024810791
L688S:S697P,-6.540295124053955
L688S:S697T,-5.493048191070557
L688S:V689A,-5.9872846603393555
L688S:S697A,-5.784546852111816
L688S:M706V,-8.370111465454102
L688S:G696A,-6.74318790435791
L688S:M706L,-7.786046981811523
L688S:M706T,-8.895780563354492
L688S:L705F,-5.910648345947266
L688S:K699R,-5.875278949737549
L688S:K699N,-5.602818489074707
L688S:L705H,-9.806797981262207
L688S:L705P,-8.488162994384766
L688S:F690V,-5.844681739807129
L688S:L705I,-2.529508113861084
L688S:K699E,-8.143797874450684
L688S:M706I,-7.809205055236816
L688S:M706K,-10.135063171386719
L688S:K699I,-7.13724422454834
V689A:L705I,-4.254154682159424
V689A:K699Q,-7.359206199645996
V689A:K699R,-7.599925518035889
V689A:L705F,-7.6352949142456055
V689A:L705H,-11.531444549560547
V689A:L705P,-10.212809562683105
V689A:M706K,-11.859709739685059
V689A:L705V,-4.822956085205078
V689A:S697T,-7.2176947593688965
V689A:S697P,-8.264942169189453
V689A:S697L,-6.61773681640625
V689A:L705R,-10.600088119506836
V689A:N698T,-8.02415657043457
V689A:N698K,-8.342286109924316
V689A:N698I,-6.895726203918457
V689A:N698D,-9.825000762939453
V689A:M706V,-10.094758987426758
V689A:M706L,-9.510693550109863
V689A:M706I,-9.533851623535156
V689A:N698S,-7.95781135559082
V689A:N698Y,-5.8561906814575195
V689A:G708C,-9.310762405395508
V689A:K699I,-8.86189079284668
V689A:G696V,-8.617634773254395
V689A:G700C,-11.264704704284668
V689A:G700D,-10.692718505859375
V689A:G704E,-9.77759838104248
V689A:G704R,-9.268343925476074
V689A:G708D,-10.597673416137695
V689A:G708R,-10.432146072387695
V689A:G708S,-9.084053993225098
V689A:G708V,-9.551461219787598
V689A:G709C,-6.136327266693115
V689A:G709D,-9.43911361694336
V689A:G709R,-10.096370697021484
V689A:K699E,-9.868444442749023
V689A:K699N,-7.327465057373047
V689A:V707A,-9.220438003540039
V689A:V707L,-4.445594787597656
V689A:G696S,-7.266504287719727
V689A:V711L,-9.673240661621094
V689A:V711D,-12.528508186340332
V689A:V711A,-9.7261381149292
V689A:V707M,-6.348651885986328
V689A:V711I,-8.840195655822754
V689A:V707E,-11.424230575561523
V689A:G696D,-8.592536926269531
V689A:F691Y,-7.774449348449707
V689A:A692P,-7.383633136749268
V689A:A701S,-7.417222023010254
V689A:A701T,-5.341433048248291
V689A:A701V,-5.998567581176758
V689A:D694E,-7.292908668518066
V689A:E693D,-6.7248311042785645
V689A:E693G,-6.124276161193848
V689A:E693K,-6.853189945220947
V689A:E693V,-7.077488422393799
V689A:F690I,-7.247607231140137
V689A:F690L,-7.3364057540893555
V689A:F690S,-7.05490255355835
V689A:F690Y,-7.857074737548828
V689A:F691C,-7.860655784606934
V689A:F691L,-7.409428596496582
V689A:F691S,-6.468464374542236
V689A:F691V,-7.299937725067139
V689A:A692G,-7.1975932121276855
V689A:A692E,-7.620086193084717
V689A:G696C,-9.060232162475586
V689M:L705H,-11.754940032958984
V689M:L705F,-7.858789920806885
V689M:K699R,-7.823420524597168
V689M:K699N,-7.550959587097168
V689M:K699I,-9.085386276245117
V689M:K699E,-10.091939926147461
V689M:G709D,-9.66260814666748
V689M:G709C,-6.3598222732543945
V689M:G708V,-9.774955749511719
V689M:G708S,-9.307548522949219
V689M:G708D,-10.821168899536133
V689M:G708C,-9.534257888793945
V689M:G704R,-9.491838455200195
V689M:G704E,-10.001092910766602
V689M:G704A,-9.507871627807617
V689M:L705I,-4.477649688720703
V689M:G700D,-10.916213989257812
V689M:L705P,-10.436304092407227
V689M:M706K,-12.08320426940918
V689M:V711I,-9.063690185546875
V689M:V711F,-10.037458419799805
V689M:V711D,-12.752002716064453
V689M:V711A,-9.94963264465332
V689M:V707M,-6.572147369384766
V689M:V707L,-4.6690897941589355
V689M:V707E,-11.647726058959961
V689M:V707A,-9.443933486938477
V689M:S697T,-7.441189765930176
V689M:S697P,-8.488436698913574
V689M:S697L,-6.841231346130371
V689M:N698Y,-6.079685688018799
V689M:N698T,-8.247651100158691
V689M:N698S,-8.181306838989258
V689M:N698I,-7.119221210479736
V689M:N698H,-8.217580795288086
V689M:N698D,-10.048495292663574
V689M:M706V,-10.318253517150879
V689M:M706T,-10.84392261505127
V689M:M706R,-12.593555450439453
V689M:M706L,-9.734188079833984
V689M:M706I,-9.757347106933594
V689M:G700C,-11.488199234008789
V689M:G696R,-8.29568099975586
V689L:V711D,-11.82276725769043
V689L:V707M,-5.642911434173584
V689L:V707E,-10.718490600585938
V689L:S697T,-6.511954307556152
V689L:N698Y,-5.150449752807617
V689L:N698I,-6.189985275268555
V689L:N698D,-9.11925983428955
V689L:M706K,-11.153968811035156
V689L:M706I,-8.828110694885254
V689L:L705P,-9.507068634033203
V689L:L705H,-10.825703620910645
V689L:K699R,-6.8941850662231445
V689L:K699I,-8.156149864196777
V689L:G709C,-5.430586814880371
V689L:G708S,-8.378313064575195
V689L:G708C,-8.605021476745605
V689L:G704E,-9.071857452392578
V689L:G696S,-6.560763835906982
V689L:G696C,-8.354491233825684
V689L:F691S,-5.762723922729492
V689L:F691L,-6.70368766784668
V689L:F690I,-6.541866302490234
V689L:E693D,-6.01909065246582
V689L:A701V,-5.2928266525268555
V689M:G696S,-7.489999771118164
V689M:A692E,-7.843581199645996
V689M:A692G,-7.421088218688965
V689L:F690Y,-7.151333808898926
V689M:G696D,-8.816031455993652
V689M:G696C,-9.283727645874023
V689M:G696A,-8.691329956054688
V689M:F691V,-7.523432731628418
V689M:F691S,-6.691959381103516
V689M:F691L,-7.632923603057861
V689M:F690Y,-8.080570220947266
V689M:F690S,-7.278397560119629
V689M:F690L,-7.559900760650635
V689M:F690I,-7.471101760864258
V689M:E693V,-7.300983428955078
V689M:E693K,-7.076684951782227
V689M:E693G,-6.347771167755127
V689M:F691Y,-7.997944355010986
V689M:E693A,-6.917972564697266
V689M:E693D,-6.948326110839844
V689M:A701T,-5.56492805480957
V689M:A701V,-6.222062110900879
V689M:A701S,-7.640717506408691
V689M:D694E,-7.516404151916504
F690V:A692G,-7.054990768432617
F690S:V711D,-11.871479034423828
F690S:V711A,-9.069108963012695
F690S:V707M,-5.691623687744141
F690S:V711I,-8.18316650390625
F690S:S697T,-6.560666084289551
F690S:V707A,-8.563409805297852
F690S:S697P,-7.607913017272949
F690S:N698Y,-5.199162006378174
F690S:N698S,-7.300782680511475
F690S:N698I,-6.238697528839111
F690S:N698D,-9.16797161102295
F690S:M706V,-9.437729835510254
F690S:M706T,-9.963398933410645
F690S:V707E,-10.767202377319336
F690V:A701T,-5.198830604553223
F690V:G709C,-5.993724822998047
F690S:M706L,-8.85366439819336
F690V:K699I,-8.719287872314453
F690V:K699E,-9.725841522216797
F690V:G708S,-8.941451072692871
F690V:G708C,-9.168159484863281
F690V:G700C,-11.122101783752441
F690V:G696D,-8.449934005737305
F690V:G696C,-8.91762924194336
F690V:F691Y,-7.6318464279174805
F690V:F691S,-6.325861930847168
F690V:F691L,-7.2668256759643555
F690V:E693V,-6.9348859786987305
F690V:E693G,-5.981673240661621
F690V:E693D,-6.582228660583496
F690S:M706K,-11.202680587768555
F690S:L705P,-9.555780410766602
F690V:K699N,-7.18486213684082
F690C:F691L,-7.697177410125732
F690C:G709C,-6.424076080322266
F690C:L705H,-11.819192886352539
F690I:A692E,-7.15576171875
F690I:A692G,-6.733268737792969
F690I:A692P,-6.919308662414551
F690I:A692S,-6.076583385467529
F690I:A701G,-6.013134002685547
F690I:A701P,-7.971942901611328
F690I:A701S,-6.952898025512695
F690I:A701T,-4.877108573913574
F690I:A701V,-5.534243106842041
F690S:G704E,-9.120569229125977
F690S:G704R,-8.61131477355957
F690S:L705I,-3.597126007080078
F690S:L705H,-10.87441635131836
F690S:K699R,-6.942896842956543
F690S:K699N,-6.670435905456543
F690S:K699I,-8.204862594604492
F690S:K699E,-9.211416244506836
F690S:G709D,-8.782084465026855
F690S:G709C,-5.4792985916137695
F690S:G708S,-8.427024841308594
F690S:G708D,-9.940645217895508
F690S:G708C,-8.65373420715332
F690S:M706I,-8.876823425292969
F690V:K699R,-7.45732307434082
F690V:L705H,-11.38884162902832
F690Y:L705V,-4.968099594116211
F690Y:L705P,-10.357953071594238
F690Y:L705I,-4.399298191070557
F690Y:L705H,-11.67658805847168
F690Y:L705F,-7.780438423156738
F690Y:K699R,-7.7450690269470215
F690Y:K699N,-7.47260856628418
F690Y:K699I,-9.007034301757812
F690Y:K699E,-10.013587951660156
F690Y:M706I,-9.678995132446289
F690L:V711D,-12.152982711791992
F690Y:G709V,-9.016879081726074
F690Y:M706K,-12.004853248596191
F690Y:M706L,-9.655837059020996
F690Y:M706T,-10.765571594238281
F690Y:V711I,-8.985339164733887
F690Y:V711D,-12.673651695251465
F690Y:V711A,-9.871281623840332
F690Y:V707M,-6.493795394897461
F690Y:V707L,-4.590738296508789
F690Y:V707G,-10.255489349365234
F690Y:V707E,-11.569374084472656
F690Y:V707A,-9.365581512451172
F690Y:S697T,-7.362838268280029
F690Y:S697P,-8.410085678100586
F690Y:S697L,-6.762880325317383
F690Y:N698Y,-6.001334190368652
F690Y:N698S,-8.102954864501953
F690Y:N698I,-7.04086971282959
F690Y:N698D,-9.970144271850586
F690Y:M706V,-10.23990249633789
F690Y:G709D,-9.584257125854492
F690Y:G709C,-6.281470775604248
F690Y:G708V,-9.69660472869873
F690Y:A701V,-6.143711090087891
F690Y:A701T,-5.486576557159424
F690Y:A701S,-7.562365531921387
F690Y:A692E,-7.76522970199585
F690V:V711D,-12.385905265808105
F690V:V707M,-6.20604944229126
F690V:V707A,-9.077835083007812
F690V:S697T,-7.075092315673828
F690V:S697P,-8.122339248657227
F690V:S697A,-7.366590976715088
F690V:N698Y,-5.713587760925293
F690V:N698I,-6.7531232833862305
F690V:N698D,-9.682397842407227
F690V:M706K,-11.717106819152832
F690V:M706I,-9.39124870300293
F690V:L705I,-4.1115522384643555
F690V:L705F,-7.492691993713379
F690Y:G708S,-9.22919750213623
F690Y:G708D,-10.742816925048828
F690Y:G708C,-9.45590591430664
F690Y:G704R,-9.413487434387207
F690Y:G704E,-9.922741889953613
F690Y:G700V,-9.3548583984375
F690Y:G700D,-10.837862014770508
F690Y:G700C,-11.4098482131958
F690Y:G696V,-8.762778282165527
F690Y:G696S,-7.411647796630859
F690Y:G696D,-8.737680435180664
F690Y:G696C,-9.205375671386719
F690Y:F691Y,-7.91959285736084
F690Y:F691S,-6.613607883453369
F690Y:F691L,-7.554572105407715
F690Y:E693V,-7.222631931304932
F690Y:E693G,-6.2694196701049805
F690Y:E693D,-6.869974613189697
F690Y:D694E,-7.438052177429199
F690I:D694E,-6.828584671020508
F690I:G704E,-9.313274383544922
F690L:G709C,-5.760801792144775
F690L:G709D,-9.063587188720703
F690L:G709R,-9.720844268798828
F690L:G709V,-8.496210098266602
F690L:G708V,-9.175935745239258
F690L:K699E,-9.492918968200684
F690L:K699I,-8.48636531829834
F690L:K699N,-6.951939582824707
F690L:K699Q,-6.983680725097656
F690L:K699R,-7.224400043487549
F690L:K699T,-7.9070515632629395
F690L:G708S,-8.708528518676758
F690L:G708D,-10.222147941589355
F690L:G708C,-8.935236930847168
F690L:E693A,-6.3189520835876465
F690L:E693G,-5.748750686645508
F690L:E693K,-6.477664470672607
F690L:E693V,-6.701962947845459
F690L:F691L,-7.033903121948242
F690L:F691S,-6.0929388999938965
F690L:F691Y,-7.398923873901367
F690L:G696A,-8.09230899810791
F690L:G696C,-8.684706687927246
F690L:G696D,-8.217010498046875
F690L:G696R,-7.69666051864624
F690L:G696S,-6.890978813171387
F690L:G696V,-8.242109298706055
F690L:G700C,-10.889179229736328
F690L:G700D,-10.317193031311035
F690L:G704A,-8.908851623535156
F690L:G704E,-9.40207290649414
F690L:G704R,-8.892818450927734
F690L:G704V,-9.040555953979492
F690L:L705F,-7.259769439697266
F690L:L705H,-11.155919075012207
F690L:L705P,-9.837284088134766
F690L:M706I,-9.158326148986816
F690S:G700C,-10.607675552368164
F690S:G696S,-6.609476089477539
F690S:G696C,-8.403203964233398
F690S:F691Y,-7.117420673370361
F690S:F691S,-5.811435699462891
F690S:F691L,-6.752399921417236
F690S:E693V,-6.420459747314453
F690S:E693G,-5.467247486114502
F690S:E693D,-6.067802429199219
F690S:D694E,-6.635880470275879
F690S:A701V,-5.341538429260254
F690S:A701T,-4.684404373168945
F690S:A692S,-5.883878707885742
F690L:V711I,-8.464670181274414
F690S:G700D,-10.035690307617188
F690L:V711A,-9.35061264038086
F690L:M706K,-11.484184265136719
F690L:M706L,-9.135168075561523
F690L:M706R,-11.994535446166992
F690L:M706T,-10.244901657104492
F690L:M706V,-9.719232559204102
F690L:N698D,-9.449474334716797
F690L:N698I,-6.520200729370117
F690L:N698K,-7.966760635375977
F690L:N698S,-7.5822858810424805
F690L:N698T,-7.648630619049072
F690L:N698Y,-5.48066520690918
F690L:S697L,-6.24221134185791
F690L:S697P,-7.889416217803955
F690L:S697T,-6.842169284820557
F690L:V707A,-8.8449125289917
F690L:V707E,-11.0487060546875
F690L:V707L,-4.070069313049316
F690L:V707M,-5.973126411437988
F690L:D694E,-6.917383193969727
F690L:E693D,-6.349305629730225
F690I:G708S,-8.619729995727539
F690I:G708V,-9.087137222290039
F690I:G709C,-5.672002792358398
F690I:G709D,-8.974788665771484
F690I:G709R,-9.63204574584961
F690I:G709V,-8.407411575317383
F690I:G708R,-9.967822074890137
F690I:K699E,-9.404120445251465
F690I:K699I,-8.397566795349121
F690I:K699N,-6.86314058303833
F690I:G708D,-10.133349418640137
F690I:G708C,-8.84643840789795
F690I:G708A,-8.756417274475098
F690I:E693A,-6.2301530838012695
F690I:E693D,-6.260506629943848
F690I:E693G,-5.659952163696289
F690I:E693K,-6.3888654708862305
F690I:E693V,-6.613163948059082
F690I:F691L,-6.945104598999023
F690I:F691S,-6.0041399002075195
F690I:F691V,-6.835613250732422
F690I:F691Y,-7.310125350952148
F690I:G696C,-8.595908164978027
F690I:G696D,-8.128211975097656
F690I:G696S,-6.802180290222168
F690I:G696V,-8.153310775756836
F690I:G700A,-8.719120979309082
F690I:G700C,-10.80038070678711
F690I:G700D,-10.228394508361816
F690I:G700R,-9.813729286193848
F690I:G700V,-8.745390892028809
F690I:G704A,-8.820053100585938
F690I:G704R,-8.804019927978516
F690I:G704V,-8.951757431030273
F690I:K699Q,-6.8948822021484375
F690I:K699R,-7.135601043701172
F690I:L705F,-7.170970916748047
F690I:V707M,-5.8843278884887695
F690I:K699T,-7.8182525634765625
F690I:V711A,-9.26181411743164
F690I:V711D,-12.064184188842773
F690I:V711F,-9.349638938903809
F690I:V711G,-10.261666297912598
F690I:V711I,-8.375871658325195
F690I:V711L,-9.208916664123535
F690L:A692E,-7.244560718536377
F690L:A692G,-6.822067737579346
F690L:A692S,-6.165382385253906
F690L:A701G,-6.101933002471924
F690L:A701S,-7.041696548461914
F690L:A701T,-4.965907573699951
F690L:A701V,-5.623042106628418
F690I:V707L,-3.9812705516815186
F690I:V707G,-9.646020889282227
F690I:V707A,-8.75611400604248
F690I:L705H,-11.067120552062988
F690I:L705I,-3.789830446243286
F690I:L705P,-9.748485565185547
F690I:L705R,-10.135764122009277
F690I:L705V,-4.3586320877075195
F690I:M706I,-9.069527626037598
F690I:V707E,-10.959906578063965
F690I:M706L,-9.046369552612305
F690I:M706T,-10.156103134155273
F690I:M706V,-9.630434036254883
F690I:N698D,-9.360675811767578
F690I:N698H,-7.52976131439209
F690I:N698I,-6.431402206420898
F690I:M706K,-11.3953857421875
F690I:N698S,-7.493487358093262
F690I:N698K,-7.877962112426758
F690I:S697P,-7.800617218017578
F690I:S697L,-6.153412342071533
F690I:N698Y,-5.391866683959961
F690I:N698T,-7.559831619262695
F690I:S697T,-6.75337028503418
F691C:G708V,-9.700185775756836
F691C:G709C,-6.2850518226623535
F691C:G708C,-9.459486961364746
F691C:E693V,-7.226212978363037
F691C:E693D,-6.873555660247803
F691C:G696C,-9.208956718444824
F691L:K699E,-9.56594181060791
F691L:K699I,-8.559388160705566
F691L:K699N,-7.024962425231934
F691L:K699R,-7.297422885894775
F691L:L705F,-7.332792282104492
F691L:L705H,-11.228941917419434
F691L:L705I,-3.9516520500183105
F691L:L705P,-9.910306930541992
F691L:L705R,-10.297586441040039
F691L:L705V,-4.520453453063965
F691L:M706I,-9.231348991394043
F691L:M706K,-11.557207107543945
F691L:M706L,-9.20819091796875
F691L:M706R,-12.067558288574219
F691L:M706T,-10.317924499511719
F691L:M706V,-9.792255401611328
F691L:N698D,-9.522497177124023
F691L:N698H,-7.691582679748535
F691L:N698I,-6.593223571777344
F691L:N698K,-8.039783477783203
F691L:N698S,-7.655308723449707
F691L:N698T,-7.721653461456299
F691L:N698Y,-5.553688049316406
F691L:S697A,-7.206690788269043
F691L:S697L,-6.315234184265137
F691L:G704R,-8.965841293334961
F691L:G704V,-9.113578796386719
F691L:G708A,-8.918238639831543
F691L:G708C,-9.008259773254395
F691L:G708D,-10.295170783996582
F691L:G708R,-10.129644393920898
F691L:G708S,-8.781551361083984
F691L:G708V,-9.248958587646484
F691L:G709A,-8.685211181640625
F691L:G709C,-5.833824634552002
F691L:G709D,-9.13661003112793
F691L:G709R,-9.793867111206055
F691L:S697P,-7.962439060211182
F691L:G709V,-8.569232940673828
F691L:G704E,-9.475095748901367
F691L:S697T,-6.915192127227783
F691S:A701T,-4.097966194152832
F691S:A701V,-4.755100250244141
F691S:D694E,-6.049442291259766
F691S:D694H,-7.129660129547119
F691S:E693D,-5.4813642501831055
F691S:E693G,-4.880809307098389
F691S:E693K,-5.609723091125488
F691S:E693Q,-5.755918502807617
F691S:E693V,-5.83402156829834
F691S:G696A,-7.224367618560791
F691S:G696C,-7.816765308380127
F691S:G696D,-7.349069595336914
F691S:G696R,-6.828719139099121
F691S:G696S,-6.023037910461426
F691S:G696V,-7.3741679191589355
F691S:G700C,-10.021238327026367
F691S:G700D,-9.449251174926758
F691S:A701S,-6.173755645751953
F691S:A701G,-5.233991622924805
F691L:V707A,-8.917935371398926
F691L:V707E,-11.121728897094727
F691L:V707G,-9.807842254638672
F691L:V707L,-4.143092155456543
F691L:V707M,-6.046149253845215
F691L:V711D,-12.226005554199219
F691L:V711F,-9.511460304260254
F691L:V711G,-10.423487663269043
F691L:V711I,-8.53769302368164
F691L:V711L,-9.37073802947998
F691S:A692E,-6.376619338989258
F691S:A692S,-5.297440528869629
F691L:V711A,-9.423635482788086
F691L:G700V,-8.90721321105957
F691L:G700D,-10.390215873718262
F691L:A701T,-5.038930416107178
F691L:A701V,-5.6960649490356445
F691L:D694E,-6.990406036376953
F691L:E693A,-6.391974925994873
F691L:E693D,-6.422328472137451
F691L:E693G,-5.821773529052734
F691L:E693K,-6.550687313079834
F691L:E693V,-6.7749857902526855
F691L:G696A,-8.165331840515137
F691L:G696C,-8.757729530334473
F691L:G696D,-8.290033340454102
F691L:G696R,-7.769683361053467
F691L:G696S,-6.964001655578613
F691L:G696V,-8.315132141113281
F691L:G700A,-8.880943298339844
F691L:G700C,-10.962202072143555
F691L:A701S,-7.114719390869141
F691L:A701P,-8.133764266967773
F691L:A701G,-6.17495584487915
F691L:A692E,-7.3175835609436035
F691L:A692G,-6.895090579986572
F691L:A692P,-7.081130504608154
F691L:A692S,-6.238405227661133
F691S:G704E,-8.53413200378418
F691S:G704R,-8.024877548217773
F691S:G704V,-8.172615051269531
F691Y:K699E,-9.930962562561035
F691Y:K699I,-8.924408912658691
F691Y:K699N,-7.389983177185059
F691Y:K699Q,-7.421724319458008
F691Y:K699R,-7.6624436378479
F691Y:K699T,-8.345094680786133
F691Y:L705F,-7.697813034057617
F691Y:L705H,-11.593962669372559
F691Y:L705I,-4.3166728019714355
F691Y:L705P,-10.275327682495117
F691Y:L705R,-10.662607192993164
F691Y:L705V,-4.88547420501709
F691Y:M706I,-9.596369743347168
F691Y:M706K,-11.92222785949707
F691Y:M706L,-9.573211669921875
F691Y:M706R,-12.432579040527344
F691Y:M706V,-10.157276153564453
F691Y:N698D,-9.887517929077148
F691Y:N698I,-6.958244323730469
F691Y:G696V,-8.680152893066406
F691Y:G700A,-9.245964050292969
F691Y:G700C,-11.32722282409668
F691Y:G700D,-10.755236625671387
F691Y:G700R,-10.340571403503418
F691Y:G700V,-9.272233963012695
F691Y:G704A,-9.346895217895508
F691Y:G704E,-9.840116500854492
F691Y:G704R,-9.330862045288086
F691Y:G704V,-9.478599548339844
F691Y:G708A,-9.283259391784668
F691Y:N698S,-8.020329475402832
F691Y:G708C,-9.37328052520752
F691Y:G708R,-10.494665145874023
F691Y:G708S,-9.14657211303711
F691Y:G708V,-9.61397933959961
F691Y:G709A,-9.05023193359375
F691Y:G709C,-6.198845386505127
F691Y:G709D,-9.501630783081055
F691Y:G709R,-10.15888786315918
F691Y:G708D,-10.660191535949707
F691Y:G696S,-7.329022407531738
F691Y:N698T,-8.086673736572266
F691Y:S697A,-7.571711540222168
F691C:V711D,-12.67723274230957
F691C:S697T,-7.366419315338135
F691C:N698Y,-6.004915237426758
F691C:N698D,-9.973724365234375
F691C:M706V,-10.24348258972168
F691C:L705P,-10.361534118652344
F691C:L705H,-11.680169105529785
F691C:K699R,-7.748650074005127
F691C:K699N,-7.476189613342285
F691Y:S697L,-6.680254936218262
F691Y:S697P,-8.327459335327148
F691Y:S697T,-7.280212879180908
F691Y:V707A,-9.28295612335205
F691Y:V707E,-11.486749649047852
F691Y:V707G,-10.172863006591797
F691Y:V707L,-4.508112907409668
F691Y:N698Y,-5.918708801269531
F691Y:V707M,-6.41117000579834
F691Y:V711A,-9.788656234741211
F691Y:V711D,-12.591026306152344
F691Y:V711F,-9.876481056213379
F691Y:V711G,-10.788508415222168
F691Y:V711I,-8.902713775634766
F691Y:V711L,-9.735758781433105
F691Y:G696R,-8.13470458984375
F691Y:G696D,-8.655054092407227
F691Y:G696C,-9.122750282287598
F691S:L705H,-10.28797721862793
F691S:L705I,-3.010687828063965
F691S:L705P,-8.969343185424805
F691S:L705V,-3.5794894695281982
F691S:M706I,-8.290384292602539
F691S:M706K,-10.616243362426758
F691S:M706L,-8.267227172851562
F691S:M706T,-9.376960754394531
F691S:M706V,-8.85129165649414
F691S:N698D,-8.581533432006836
F691S:N698H,-6.7506184577941895
F691S:N698I,-5.652259349822998
F691S:N698K,-7.098819255828857
F691S:N698S,-6.714344501495361
F691S:N698T,-6.780689239501953
F691S:N698Y,-4.6127238273620605
F691S:S697A,-6.2657270431518555
F691S:S697L,-5.374269485473633
F691S:S697P,-7.021474838256836
F691S:S697T,-5.9742279052734375
F691S:V707A,-7.97697114944458
F691S:L705F,-6.3918280601501465
F691S:K699T,-7.03911018371582
F691S:K699R,-6.35645866394043
F691S:K699N,-6.08399772644043
F691S:G708C,-8.06729507446289
F691S:G708D,-9.354206085205078
F691S:G708R,-9.188679695129395
F691S:G708S,-7.840587139129639
F691S:G708V,-8.307994842529297
F691S:G709A,-7.744246959686279
F691S:G709C,-4.892860412597656
F691S:G709D,-8.195646286010742
F691S:G709R,-8.852903366088867
F691S:G709V,-7.628268718719482
F691S:V707E,-10.180764198303223
F691S:K699E,-8.624977111816406
F691S:K699I,-7.618423938751221
F691S:V707L,-3.2021279335021973
F691S:V707M,-5.105185508728027
F691V:V707A,-8.80844497680664
F691Y:A692E,-7.6826043128967285
F691Y:A692G,-7.260111331939697
F691Y:A692S,-6.603425979614258
F691Y:A701S,-7.479740142822266
F691Y:A701T,-5.403951168060303
F691Y:A701V,-6.0610857009887695
F691Y:D694E,-7.355426788330078
F691Y:E693D,-6.787349224090576
F691Y:E693G,-6.186794281005859
F691Y:E693K,-6.915708065032959
F691Y:E693V,-7.1400065422058105
F691Y:G696A,-8.530352592468262
F691V:S697T,-6.80570125579834
F691V:S697A,-7.097200393676758
F691S:V711A,-8.482671737670898
F691S:V711D,-11.285041809082031
F691S:V711I,-7.596728801727295
F691V:A701V,-5.586573600769043
F691V:D694E,-6.880915641784668
F691V:E693G,-5.712282657623291
F691V:G696C,-8.648239135742188
F691V:G696D,-8.180542945861816
F691V:S697L,-6.205742835998535
F691V:G708C,-8.89876937866211
F691V:G709C,-5.724333763122559
F691V:K699E,-9.456451416015625
F691V:K699N,-6.915471076965332
F691V:L705H,-11.119451522827148
F691V:L705P,-9.80081558227539
F691V:M706L,-9.098699569702148
F691V:N698D,-9.413006782531738
F691V:N698Y,-5.444197177886963
F691V:G708D,-10.185680389404297
F691Y:M706T,-10.682945251464844
A692S:M706I,-8.362828254699707
A692S:L705P,-9.041786193847656
A692S:L705H,-10.360421180725098
A692S:L705F,-6.464271545410156
A692S:K699R,-6.428901672363281
A692S:K699I,-7.6908674240112305
A692S:M706V,-8.923734664916992
A692S:G709C,-4.965303421020508
A692S:G708C,-8.139739036560059
A692S:G700D,-9.521695137023926
A692S:G700C,-10.093681335449219
A692S:G696S,-6.095480918884277
A692S:G696C,-7.889208793640137
A692S:E693G,-4.953252792358398
A692S:E693D,-5.553807258605957
A692S:N698D,-8.653976440429688
A692S:N698Y,-4.68516731262207
A692S:S697T,-6.046670913696289
A692S:V711A,-8.55511474609375
A692S:V707M,-5.177628517150879
A692S:D694E,-6.121885299682617
A692S:A701T,-4.170409202575684
A692E:G696S,-7.174659729003906
A692E:K699I,-8.77004623413086
A692E:K699N,-7.23561954498291
A692E:K699R,-7.50808048248291
A692E:L705F,-7.543449878692627
A692E:L705H,-11.439599990844727
A692E:L705I,-4.162309646606445
A692E:L705P,-10.120964050292969
A692E:M706K,-11.767864227294922
A692E:M706L,-9.418848037719727
A692E:M706T,-10.528582572937012
A692E:M706V,-10.002913475036621
A692E:N698D,-9.733155250549316
A692E:N698I,-6.8038811683654785
A692E:N698S,-7.865966320037842
A692E:N698Y,-5.764345645904541
A692E:S697L,-6.525891304016113
A692E:S697P,-8.173096656799316
A692E:S697T,-7.125849723815918
A692E:A701G,-6.385613441467285
A692E:A701T,-5.2495880126953125
A692E:A701V,-5.906722068786621
A692E:D694E,-7.201064109802246
A692E:E693D,-6.632986068725586
A692E:E693G,-6.032431125640869
A692E:E693Q,-6.907540321350098
A692E:E693V,-6.98564338684082
A692E:G696C,-8.968387603759766
A692E:G696D,-8.500691413879395
A692E:G700C,-11.172859191894531
A692E:G700D,-10.600873947143555
A692E:G704R,-9.176498413085938
A692E:G708C,-9.218917846679688
A692E:G709A,-8.895868301391602
A692E:G709C,-6.044482231140137
A692E:G709D,-9.347268104553223
A692E:K699E,-9.776599884033203
A692G:N698D,-9.310662269592285
A692G:N698I,-6.381388187408447
A692G:N698S,-7.4434733390808105
A692G:N698Y,-5.34185266494751
A692G:S697P,-7.750603675842285
A692G:S697T,-6.703356742858887
A692G:V711A,-9.211799621582031
A692G:V711D,-12.014169692993164
A692G:L705H,-11.017107009887695
A692P:E693D,-6.396533012390137
A692P:E693V,-6.749190330505371
A692P:G696C,-8.73193359375
A692P:M706K,-11.531412124633789
A692P:N698D,-9.496702194213867
A692P:N698I,-6.567428112030029
A692P:N698Y,-5.527892589569092
A692P:S697L,-6.289438247680664
A692P:A701V,-5.670269012451172
A692G:K699R,-7.085587501525879
A692P:G709C,-5.8080291748046875
A692G:K699I,-8.347553253173828
A692G:K699N,-6.813126564025879
A692E:V707A,-9.128593444824219
A692E:V707E,-11.332386016845703
A692E:V707M,-6.256807327270508
A692E:V711A,-9.634292602539062
A692E:V711D,-12.436662673950195
A692E:V711I,-8.748350143432617
A692G:D694E,-6.778571128845215
A692G:E693D,-6.210493087768555
A692G:E693V,-6.563150405883789
A692G:E693G,-5.609938144683838
A692G:G708C,-8.796424865722656
A692G:G696S,-6.752166748046875
A692G:G696C,-8.545894622802734
A692G:G709C,-5.6219892501831055
A692G:K699E,-9.354106903076172
E693D:K699R,-6.612825393676758
E693D:K699Q,-6.372106075286865
E693D:K699N,-6.340364456176758
E693D:K699I,-7.874790668487549
E693D:L705F,-6.648194789886475
E693D:K699E,-8.881343841552734
E693D:L705H,-10.544343948364258
E693D:L705I,-3.267054557800293
E693D:N698T,-7.037055969238281
E693D:L705R,-9.612988471984863
E693A:V707E,-10.406777381896973
E693D:S697T,-6.230594635009766
E693D:S697P,-7.277841567993164
E693D:S697L,-5.630636215209961
E693D:S697A,-6.522093772888184
E693D:N698Y,-4.869090557098389
E693D:L705P,-9.225709915161133
E693D:N698S,-6.9707112312316895
E693D:N698H,-7.006985187530518
E693D:N698D,-8.837900161743164
E693D:M706V,-9.107658386230469
E693D:M706T,-9.63332748413086
E693D:M706L,-8.52359390258789
E693D:M706K,-10.872610092163086
E693D:M706I,-8.546751022338867
E693D:L705V,-3.8358561992645264
E693D:N698I,-5.908626079559326
E693D:G696A,-7.480734348297119
E693D:D694E,-6.305809020996094
E693D:D694A,-6.968067646026611
E693D:A701V,-5.011466979980469
E693D:A701T,-4.35433292388916
E693D:A701S,-6.430122375488281
E693D:A701P,-7.449166774749756
E693D:A701G,-5.490358352661133
E693D:G696C,-8.073131561279297
E693D:G696D,-7.605436325073242
E693D:G696S,-6.279404640197754
E693D:G696V,-7.630534648895264
E693D:G709R,-9.109270095825195
E693D:G709D,-8.45201301574707
E693D:G709C,-5.149227142333984
E693D:G709A,-8.000614166259766
E693D:G708V,-8.564361572265625
E693D:G708S,-8.096954345703125
E693D:G708R,-9.445046424865723
E693D:G708D,-9.610572814941406
E693D:G708C,-8.323661804199219
E693D:G704R,-8.281244277954102
E693D:G704E,-8.790498733520508
E693D:G700V,-8.222615242004395
E693D:G700R,-9.290952682495117
E693D:G700D,-9.705617904663086
E693D:G700C,-10.277605056762695
E693D:G700A,-8.196345329284668
E693D:G704V,-8.42898178100586
E693A:L705H,-10.51399040222168
E693V:A701V,-5.364124298095703
E693A:K699E,-8.850990295410156
E693V:N698T,-7.389713287353516
E693V:N698S,-7.323368549346924
E693V:N698I,-6.2612833976745605
E693V:N698D,-9.190557479858398
E693V:M706V,-9.460315704345703
E693V:M706T,-9.985984802246094
E693V:M706L,-8.876251220703125
E693V:M706K,-11.22526741027832
E693V:M706I,-8.899408340454102
E693V:L705P,-9.578367233276367
E693V:L705I,-3.6197118759155273
E693V:L705H,-10.897001266479492
E693V:L705F,-7.000852108001709
E693V:K699T,-7.648134231567383
E693V:K699R,-6.965482711791992
E693V:K699N,-6.693021774291992
E693V:K699I,-8.227447509765625
E693V:N698Y,-5.221747875213623
E693V:S697A,-6.874751091003418
E693V:S697L,-5.983293533325195
E693V:S697P,-7.630498886108398
E693V:V711I,-8.205753326416016
E693V:V711G,-10.091547012329102
E693V:V711D,-11.894065856933594
E693V:V711A,-9.091695785522461
E693V:K699E,-9.234001159667969
E693V:V707M,-5.71420955657959
E693V:V707G,-9.475902557373047
E693V:V707E,-10.789788246154785
E693V:V707A,-8.585994720458984
E693V:S697T,-6.583251953125
E693V:V707L,-3.8111519813537598
E693V:G700D,-10.05827522277832
E693V:G700C,-10.63026237487793
E693V:G700A,-8.549002647399902
E693V:G696S,-6.632061958312988
E693V:G696D,-7.958093643188477
E693V:G696C,-8.425788879394531
E693V:D694E,-6.658466339111328
E693A:G696S,-6.249051094055176
E693A:K699I,-7.844437122344971
E693V:G704E,-9.143156051635742
E693V:G708C,-8.676319122314453
E693V:G704R,-8.633901596069336
E693V:G709R,-9.46192741394043
E693V:G709D,-8.804670333862305
E693V:G709C,-5.501884460449219
E693V:G709A,-8.353271484375
E693V:G708V,-8.91701889038086
E693V:G708S,-8.44961166381836
E693V:G708D,-9.96323013305664
E693G:G709D,-7.8514580726623535
E693G:G709C,-4.548672199249268
E693G:G709A,-7.400058746337891
E693G:G708V,-7.96380615234375
E693G:G708S,-7.49639892578125
E693G:G708D,-9.010018348693848
E693G:K699I,-7.274235725402832
E693G:N698S,-6.370156288146973
E693G:N698I,-5.308071136474609
E693G:N698H,-6.406430244445801
E693G:N698D,-8.237344741821289
E693G:M706V,-8.507102966308594
E693G:M706T,-9.032772064208984
E693G:M706L,-7.923038482666016
E693G:M706K,-10.272054672241211
E693G:M706I,-7.946196556091309
E693G:L705V,-3.2353012561798096
E693G:L705R,-9.012434005737305
E693G:L705P,-8.625154495239258
E693G:L705I,-2.666499614715576
E693G:L705H,-9.9437894821167
E693G:L705F,-6.047639846801758
E693G:K699R,-6.012270450592041
E693G:K699N,-5.739809989929199
E693G:K699E,-8.280789375305176
E693G:N698T,-6.4365010261535645
E693G:G708C,-7.72310733795166
E693G:G704E,-8.189943313598633
E693D:V711I,-7.853095531463623
E693D:V711G,-9.738889694213867
E693D:V711D,-11.54140853881836
E693D:V711A,-8.739038467407227
E693D:V707M,-5.3615522384643555
E693D:V707L,-3.4584946632385254
E693D:V707G,-9.123245239257812
E693D:V707E,-10.43713092803955
E693D:V707A,-8.23333740234375
E693G:G704R,-7.680688858032227
E693G:A701S,-5.829566955566406
E693G:A701V,-4.41091251373291
E693G:G700D,-9.105063438415527
E693G:G700C,-9.67704963684082
E693G:G696S,-5.678849220275879
E693G:G696R,-6.484530925750732
E693G:G696D,-7.004881381988525
E693G:G696C,-7.472577095031738
E693G:D694E,-5.705253601074219
E693G:A701T,-3.7537779808044434
E693G:N698Y,-4.268535614013672
E693Q:M706V,-9.38221263885498
E693K:A701V,-5.139825820922852
E693K:D694E,-6.434167861938477
E693K:G696C,-8.20149040222168
E693K:G696D,-7.733795166015625
E693K:A701T,-4.482691764831543
E693K:G696S,-6.407763481140137
E693K:G704R,-8.409603118896484
E693K:G708C,-8.452020645141602
E693K:G708V,-8.692720413208008
E693K:G709C,-5.277585983276367
E693K:G700D,-9.833976745605469
E693G:V711I,-7.252540588378906
E693G:S697T,-5.630039691925049
E693G:V707E,-9.836576461791992
E693G:V707L,-2.8579397201538086
E693G:V711A,-8.138483047485352
E693G:V711D,-10.940853118896484
E693G:V711G,-9.138335227966309
E693G:V707M,-4.7609968185424805
E693G:S697P,-6.677286624908447
E693K:V707E,-10.565489768981934
E693K:V711D,-11.669767379760742
E693K:V711I,-7.981454372406006
E693K:V707A,-8.361696243286133
E693Q:N698D,-9.112454414367676
E693V:A701P,-7.80182409286499
E693V:A701S,-6.782779693603516
E693V:A701T,-4.7069902420043945
E693Q:K699R,-6.8873796463012695
E693K:S697T,-6.358953475952148
E693K:K699E,-9.009702682495117
E693K:K699I,-8.003149032592773
E693K:K699N,-6.468723297119141
E693K:L705H,-10.67270278930664
E693K:M706K,-11.000968933105469
E693K:M706L,-8.651952743530273
E693K:N698D,-8.966259002685547
E693K:N698I,-6.036984920501709
E693K:N698S,-7.099070072174072
E693K:N698Y,-4.9974493980407715
E693K:K699R,-6.741184234619141
E693G:S697L,-5.030081748962402
E693G:V707A,-7.632782936096191
D694E:N698K,-7.9232635498046875
D694E:N698S,-7.538788795471191
D694E:N698T,-7.605134010314941
D694E:N698Y,-5.437168121337891
D694E:S697L,-6.198714256286621
D694E:S697P,-7.845919609069824
D694E:S697T,-6.798672676086426
D694E:V707A,-8.80141544342041
D694E:V707E,-11.005208969116211
D694E:N698I,-6.476703643798828
D694E:V707G,-9.691323280334473
D694E:V707M,-5.929629802703857
D694E:V711A,-9.30711555480957
D694E:V711D,-12.109485626220703
D694E:V711G,-10.306967735290527
D694E:V711I,-8.421173095703125
D694E:V707L,-4.0265727043151855
D694E:N698D,-9.405978202819824
D694E:M706V,-9.675736427307129
D694H:V707E,-12.085426330566406
D694H:S697T,-7.878890514373779
D694H:K699R,-8.26112174987793
D694E:G708D,-10.178650856018066
D694E:M706T,-10.20140552520752
D694E:M706L,-9.091670989990234
D694E:M706I,-9.114829063415527
D694A:M706K,-12.102946281433105
D694E:A701G,-6.058436393737793
D694E:A701P,-8.017244338989258
D694E:A701S,-6.998199939727783
D694E:A701T,-4.92241096496582
D694E:A701V,-5.579545021057129
D694A:L705H,-11.774681091308594
D694E:G696A,-8.048811912536621
D694E:G696C,-8.641209602355957
D694E:G696R,-7.653163909912109
D694E:G696S,-6.847482204437256
D694E:G696V,-8.198612213134766
D694E:G700C,-10.845682144165039
D694E:G700D,-10.273695945739746
D694E:G704E,-9.358575820922852
D694E:G704R,-8.849321365356445
D694E:G704V,-8.997058868408203
D694E:M706K,-11.44068717956543
D694E:G708C,-8.891739845275879
D694E:G696D,-8.173514366149902
D694E:G708V,-9.132438659667969
D694E:G708S,-8.665031433105469
D694E:L705V,-4.403934001922607
D694E:L705P,-9.793787002563477
D694E:L705I,-3.835132360458374
D694E:L705H,-11.112421989440918
D694E:L705F,-7.216272354125977
D694E:K699R,-7.180903434753418
D694E:K699N,-6.908442497253418
D694E:K699I,-8.44286823272705
D694E:K699E,-9.449421882629395
D694E:K699T,-7.863554954528809
D694E:G709C,-5.7173051834106445
D694E:G709D,-9.02009105682373
G696S:L705P,-9.767382621765137
G696S:M706I,-9.088424682617188
G696S:L705H,-11.086017608642578
G696S:V707A,-8.77501106262207
G696S:M706K,-11.41428279876709
G696S:K699R,-7.154499053955078
G696S:K699N,-6.882038116455078
G696S:L705F,-7.189867973327637
G696S:M706L,-9.065266609191895
G696S:S697P,-7.819515228271484
G696S:M706V,-9.649332046508789
G696S:N698D,-9.379573822021484
G696S:N698I,-6.450299263000488
G696S:N698S,-7.512384414672852
G696S:N698T,-7.578729629516602
G696S:N698Y,-5.410763740539551
G696S:K699I,-8.416463851928711
G696S:S697T,-6.772268295288086
G696S:M706T,-10.17500114440918
G696S:K699E,-9.423017501831055
G696S:G708C,-8.865335464477539
G696S:V707E,-10.978804588317871
G696S:G704E,-9.332171440124512
G696S:G704R,-8.822916984558105
G696S:G708D,-10.152246475219727
G696S:G708S,-8.638627052307129
G696S:G709C,-5.690900802612305
G696S:G709D,-8.99368667602539
G696S:V707L,-4.000168323516846
G696V:V707E,-12.329935073852539
G696V:K699E,-10.774147987365723
G696V:K699I,-9.767594337463379
G696V:K699N,-8.233168601989746
G696V:L705F,-8.540998458862305
G696V:L705H,-12.437148094177246
G696V:M706I,-10.439555168151855
G696V:M706L,-10.416397094726562
G696V:N698D,-10.730703353881836
G696V:N698Y,-6.761894226074219
G696V:S697P,-9.170644760131836
G696V:S697T,-8.123397827148438
G696V:V707M,-7.254355430603027
G696V:N698S,-8.86351490020752
G696S:V711A,-9.28071117401123
G696S:V711D,-12.083081245422363
G696S:V711I,-8.394768714904785
G696V:A701T,-6.24713659286499
G696V:G700C,-12.170408248901367
G696V:G704R,-10.174047470092773
G696V:G708C,-10.216465950012207
G696V:G708D,-11.503376960754395
G696V:G708S,-9.989757537841797
G696V:G708V,-10.457164764404297
G696V:G709C,-7.0420308113098145
G696S:V707M,-5.903225421905518
G696S:G700D,-10.247291564941406
G696C:N698K,-9.690587043762207
G696C:N698I,-8.244027137756348
G696C:N698D,-11.173301696777344
G696C:M706V,-11.443059921264648
G696C:M706T,-11.968729019165039
G696C:M706L,-10.858994483947754
G696C:M706K,-13.20801067352295
G696C:M706I,-10.882152557373047
G696C:L705P,-11.561110496520996
G696C:L705I,-5.6024556159973145
G696C:L705H,-12.879745483398438
G696C:L705F,-8.983595848083496
G696C:K699T,-9.630878448486328
G696C:K699R,-8.948226928710938
G696C:K699N,-8.675765991210938
G696C:K699I,-10.21019172668457
G696C:K699E,-11.216745376586914
G696C:N698S,-9.306112289428711
G696S:G700C,-10.8192777633667
G696C:S697L,-7.966037750244141
G696D:A701V,-6.879172325134277
G696D:A701T,-6.222038269042969
G696D:A701S,-8.29782772064209
G696C:V711I,-10.188496589660645
G696C:V711D,-13.876809120178223
G696C:V711A,-11.07443904876709
G696C:V707M,-7.696952819824219
G696C:V707E,-12.772531509399414
G696C:V707A,-10.56873893737793
G696C:S697T,-8.565996170043945
G696C:S697P,-9.613243103027344
G696C:N698Y,-7.20449161529541
G696C:G700C,-12.613005638122559
G696C:G700D,-12.041019439697266
G696C:G704E,-11.125899314880371
G696C:G704R,-10.616644859313965
G696C:G708C,-10.659063339233398
G696C:G708D,-11.945974349975586
G696C:G708S,-10.432354927062988
G696C:G708V,-10.899762153625488
G696C:G709C,-7.484628200531006
G696C:G709D,-10.78741455078125
G696A:G700C,-12.020607948303223
G696A:G708C,-10.066665649414062
G696A:G709C,-6.89223051071167
G696A:K699E,-10.624347686767578
G696A:K699N,-8.083368301391602
G696A:L705H,-12.287347793579102
G696A:S697T,-7.973598003387451
G696A:V707E,-12.180133819580078
G696A:V711D,-13.284411430358887
G696C:A701P,-9.784567832946777
G696C:A701S,-8.765522956848145
G696C:A701T,-6.689733982086182
G696C:A701V,-7.346868515014648
G696D:G700C,-12.145309448242188
G696D:G700D,-11.573324203491211
G696D:G704E,-10.658203125
G696R:G709D,-9.799367904663086
G696R:G709C,-6.49658203125
G696R:G708C,-9.671016693115234
G696R:G700C,-11.624959945678711
G696R:A701V,-6.358821868896484
G696R:A701T,-5.701687812805176
G696R:A701G,-6.837713241577148
G696D:V711I,-9.720800399780273
G696D:V711G,-11.606595993041992
G696R:K699E,-10.22869873046875
G696R:K699N,-7.687719345092773
G696S:A701V,-5.553140640258789
G696S:A701T,-4.8960065841674805
G696S:A701S,-6.971795558929443
G696R:V707M,-6.708907127380371
G696R:V707E,-11.784485816955566
G696R:V707A,-9.580692291259766
G696R:S697T,-7.577949523925781
G696R:S697L,-6.977991104125977
G696R:N698Y,-6.216445446014404
G696R:N698D,-10.18525505065918
G696R:M706T,-10.980682373046875
G696R:M706L,-9.870948791503906
G696R:M706K,-12.219964981079102
G696R:L705H,-11.891698837280273
G696R:K699R,-7.960180282592773
G696R:K699I,-9.222145080566406
G696D:V711D,-13.409112930297852
G696D:V711A,-10.606742858886719
G696D:K699I,-9.742496490478516
G696D:K699E,-10.74905014038086
G696D:G709D,-10.319718360900879
G696D:G709C,-7.016932487487793
G696D:G708V,-10.432065963745117
G696D:G708S,-9.964658737182617
G696D:G708D,-11.478279113769531
G696D:G708C,-10.191368103027344
G696D:K699N,-8.208069801330566
G696D:K699R,-8.480530738830566
G696D:L705F,-8.515899658203125
G696D:L705H,-12.412050247192383
G696D:V707M,-7.229257583618164
G696D:V707L,-5.326200008392334
G696D:V707E,-12.30483627319336
G696D:V707A,-10.101043701171875
G696D:S697T,-8.098299980163574
G696D:S697P,-9.145546913146973
G696D:S697L,-7.4983415603637695
G696D:N698S,-8.838417053222656
G696D:N698I,-7.776331424713135
G696D:N698D,-10.705605506896973
G696D:M706V,-10.975363731384277
G696D:M706T,-11.501032829284668
G696D:M706L,-10.391298294067383
G696D:M706K,-12.740314483642578
G696D:M706I,-10.414457321166992
G696D:L705P,-11.093414306640625
G696D:N698Y,-6.736795902252197
S697L:G709C,-5.042132377624512
S697L:G709D,-8.344918251037598
S697L:G708V,-8.457266807556152
S697L:K699E,-8.774250030517578
S697L:K699I,-7.767696380615234
S697L:K699N,-6.233270168304443
S697L:K699Q,-6.265011787414551
S697L:K699R,-6.505730628967285
S697L:L705F,-6.54110050201416
S697L:L705H,-10.437250137329102
S697L:L705I,-3.1599600315093994
S697L:L705P,-9.11861515045166
S697L:M706I,-8.439657211303711
S697L:G708S,-7.989859580993652
S697L:G708D,-9.50347900390625
S697L:G708C,-8.216567993164062
S697A:G708C,-9.108024597167969
S697A:K699N,-7.124727249145508
S697A:K699R,-7.397188186645508
S697A:L705H,-11.328706741333008
S697A:L705V,-4.620218753814697
S697A:N698Y,-5.6534528732299805
S697A:V707A,-9.0177001953125
S697A:V711D,-12.325770378112793
S697L:A701S,-6.323027610778809
S697L:A701T,-4.2472381591796875
S697L:A701V,-4.904372692108154
S697L:G700C,-10.170510292053223
S697L:G700D,-9.59852409362793
S697L:G700V,-8.115520477294922
S697L:G704R,-8.174149513244629
S697T:V711I,-8.345958709716797
S697T:G700D,-10.198482513427734
S697P:K699E,-10.421455383300781
S697P:K699I,-9.414901733398438
S697P:K699N,-7.880475044250488
S697P:K699R,-8.152935981750488
S697P:L705F,-8.188304901123047
S697P:G709D,-9.9921236038208
S697P:G709A,-9.54072380065918
S697P:A701T,-5.894443511962891
S697P:A701V,-6.551577568054199
S697P:G700C,-11.81771469116211
S697P:G700D,-11.245729446411133
S697T:G700R,-9.783817291259766
S697P:G704E,-10.330608367919922
S697P:G704R,-9.821353912353516
S697P:G708A,-9.773752212524414
S697P:G708C,-9.863773345947266
S697P:G708D,-11.150684356689453
S697P:G708S,-9.637063980102539
S697P:G708V,-10.104471206665039
S697P:G709C,-6.689337730407715
S697P:A701S,-7.970232963562012
S697P:L705H,-12.084455490112305
S697P:L705P,-10.765819549560547
S697P:V711I,-9.393205642700195
S697T:A701G,-5.983222007751465
S697T:A701P,-7.942030429840088
S697T:A701S,-6.922986030578613
S697T:G700C,-10.770467758178711
S697T:G700A,-8.689208984375
S697T:A701V,-5.504330635070801
S697T:A701T,-4.847196578979492
S697L:M706K,-10.765515327453613
S697P:V711D,-13.081518173217773
S697P:L705I,-4.807165145874023
S697P:V711A,-10.27914810180664
S697P:M706I,-10.086862564086914
S697P:M706K,-12.4127197265625
S697P:M706L,-10.063703536987305
S697P:M706T,-11.17343807220459
S697P:M706V,-10.6477689743042
S697P:N698D,-10.378010749816895
S697P:N698I,-7.448736667633057
S697P:N698K,-8.895296096801758
S697P:N698S,-8.510822296142578
S697P:N698T,-8.577166557312012
S697P:N698Y,-6.409201145172119
S697P:V707A,-9.773448944091797
S697P:V707E,-11.977241516113281
S697P:V707L,-4.998605251312256
S697P:V707M,-6.901662826538086
S697P:A701P,-8.989276885986328
S697T:M706T,-10.126191139221191
S697T:M706L,-9.016456604003906
S697T:M706K,-11.365472793579102
S697T:M706I,-9.039615631103516
S697T:L705R,-10.105852127075195
S697T:L705P,-9.718572616577148
S697T:L705I,-3.759918212890625
S697T:L705H,-11.037208557128906
S697T:L705F,-7.141058444976807
S697T:K699T,-7.7883405685424805
S697T:K699R,-7.10568904876709
S697T:K699Q,-6.864969730377197
S697T:K699N,-6.83322811126709
S697T:K699I,-8.367654800415039
S697T:K699E,-9.374208450317383
S697T:M706V,-9.6005220413208
S697T:N698D,-9.330763816833496
S697T:N698I,-6.401489734649658
S697T:V711G,-10.231754302978516
S697T:V711F,-9.319726943969727
S697T:V711D,-12.034271240234375
S697T:V711A,-9.231901168823242
S697T:V707M,-5.8544158935546875
S697T:V707L,-3.9513583183288574
S697T:V707E,-10.929994583129883
S697T:V707A,-8.726202011108398
S697T:N698Y,-5.361954212188721
S697T:N698T,-7.529919624328613
S697T:N698S,-7.4635748863220215
S697T:N698K,-7.848049640655518
S697T:N698H,-7.49984884262085
S697T:G700V,-8.715478897094727
S697L:M706T,-9.526232719421387
S697L:M706V,-9.000563621520996
S697L:N698D,-8.730805397033691
S697L:N698I,-5.801531791687012
S697L:N698S,-6.863616943359375
S697L:N698Y,-4.761996269226074
S697L:V707A,-8.126243591308594
S697L:V707E,-10.330036163330078
S697L:V707M,-5.254457473754883
S697L:V711A,-8.631943702697754
S697L:V711D,-11.434313774108887
S697L:V711I,-7.746001243591309
S697L:V711L,-8.579046249389648
S697T:G704A,-8.790140151977539
S697T:G704E,-9.283361434936523
S697T:G704V,-8.921844482421875
S697T:G709V,-8.377498626708984
S697T:G709R,-9.602133750915527
S697T:G709D,-8.944876670837402
S697T:G709C,-5.642090797424316
S697T:G708V,-9.05722427368164
S697T:G708S,-8.58981704711914
S697T:G708D,-10.103437423706055
S697T:G708C,-8.816526412963867
S697T:G708A,-8.726505279541016
S697T:G704R,-8.774106979370117
S697L:M706L,-8.416499137878418
N698Y:G709C,-4.2805867195129395
N698Y:V711A,-7.870397567749023
N698I:G709V,-8.055530548095703
N698I:G709R,-9.28016471862793
N698I:G709D,-8.622907638549805
N698I:G709C,-5.320122241973877
N698I:G708V,-8.73525619506836
N698I:V707A,-8.4042329788208
N698I:M706V,-9.278553009033203
N698I:M706T,-9.804222106933594
N698I:M706L,-8.694488525390625
N698I:M706K,-11.04350471496582
N698I:M706I,-8.717646598815918
N698I:L705R,-9.783884048461914
N698I:G708S,-8.26784896850586
N698I:L705P,-9.396604537963867
N698I:L705H,-10.715239524841309
N698I:L705F,-6.819089889526367
N698I:K699R,-6.78372049331665
N698I:K699N,-6.511260032653809
N698I:K699I,-8.045685768127441
N698I:K699E,-9.052239418029785
N698I:L705I,-3.4379496574401855
N698I:G708D,-9.781468391418457
N698I:G708C,-8.49455738067627
N698I:G704R,-8.452138900756836
N698H:K699R,-7.882079601287842
N698D:V711L,-11.786310195922852
N698D:V711I,-10.953264236450195
N698D:V711G,-12.839059829711914
N698D:V711F,-11.927032470703125
N698D:V711D,-14.641576766967773
N698D:V711A,-11.83920669555664
N698I:V707E,-10.608026504516602
N698I:G704E,-8.961393356323242
N698I:G700V,-8.393510818481445
N698I:G700D,-9.876513481140137
N698I:G700C,-10.44849967956543
N698I:G700A,-8.367240905761719
N698H:V711D,-12.810662269592285
N698I:A701V,-5.1823625564575195
N698I:A701T,-4.525228023529053
N698I:A701S,-6.601016998291016
N698I:A701G,-5.661253452301025
N698I:V707L,-3.629389762878418
N698S:K699E,-10.114324569702148
N698S:K699I,-9.107770919799805
N698S:K699N,-7.573345184326172
N698S:K699R,-7.845805644989014
N698S:L705F,-7.8811750411987305
N698S:V711D,-12.774388313293457
N698S:V711A,-9.972018241882324
N698S:V707M,-6.594532012939453
N698S:V707L,-4.691474914550781
N698S:G709D,-9.684993743896484
N698S:V707E,-11.670110702514648
N698S:M706V,-10.340639114379883
N698S:M706L,-9.756573677062988
N698S:M706K,-12.105589866638184
N698S:M706I,-9.779731750488281
N698S:L705P,-10.45868968963623
N698S:L705I,-4.500034809112549
N698S:L705H,-11.777324676513672
N698S:V707A,-9.466318130493164
N698S:G709C,-6.38220739364624
N698S:G708V,-9.797341346740723
N698S:G708S,-9.329934120178223
N698K:K699Q,-7.989561080932617
N698K:K699N,-7.957819938659668
N698K:K699E,-10.498799324035645
N698K:G708C,-9.941117286682129
N698K:A701V,-6.628922462463379
N698K:K699R,-8.230279922485352
N698I:V711I,-8.023990631103516
N698I:V711G,-9.909785270690918
N698I:V711D,-11.712303161621094
N698I:V711A,-8.909933090209961
N698I:V711L,-8.857035636901855
N698I:V707M,-5.53244686126709
N698K:L705H,-12.161799430847168
N698K:M706V,-10.725112915039062
N698S:G708D,-10.84355354309082
N698S:G708C,-9.556642532348633
N698S:G704R,-9.5142240524292
N698S:G704E,-10.023478507995605
N698S:G700D,-10.9385986328125
N698S:G700C,-11.510584831237793
N698K:M706L,-10.141048431396484
N698S:A701V,-6.244447708129883
N698S:A701T,-5.587313175201416
N698S:A701S,-7.663102149963379
N698S:A701G,-6.723338603973389
N698Y:V711D,-10.672767639160156
N698Y:G700D,-8.8369779586792
N698Y:G704E,-7.921857833862305
N698Y:G704R,-7.412603378295898
N698Y:G704V,-7.560340881347656
N698Y:G708C,-7.455021858215332
N698Y:G708D,-8.74193286895752
N698Y:G708R,-8.576406478881836
N698Y:G708S,-7.228313446044922
N698Y:G708V,-7.695720672607422
N698Y:G709A,-7.1319732666015625
N698Y:G709D,-7.583372592926025
N698Y:G709R,-8.240629196166992
N698Y:G709V,-7.015995025634766
N698Y:G700C,-9.408964157104492
N698T:K699N,-7.6396894454956055
N698T:K699R,-7.9121503829956055
N698T:L705H,-11.843669891357422
N698T:M706K,-12.171934127807617
N698T:V711D,-12.84073257446289
N698Y:A701P,-6.580526351928711
N698Y:A701S,-5.561481475830078
N698Y:A701T,-3.4856925010681152
N698Y:A701V,-4.142827033996582
N698Y:L705V,-2.9672157764434814
N698Y:M706I,-7.6781110763549805
N698Y:M706K,-10.003969192504883
N698Y:M706L,-7.6549530029296875
N698Y:M706T,-8.764686584472656
N698Y:M706V,-8.239017486572266
N698Y:V707A,-7.364697456359863
N698Y:L705R,-8.744348526000977
N698Y:V707E,-9.568490982055664
N698Y:V707M,-4.492911338806152
N698Y:V707G,-8.25460433959961
N698Y:L705P,-8.35706901550293
N698Y:L705H,-9.675704002380371
N698Y:L705I,-2.398414134979248
N698Y:K699E,-8.012703895568848
N698Y:K699I,-7.006150245666504
N698Y:K699N,-5.471724510192871
N698Y:K699R,-5.744184970855713
N698Y:K699T,-6.4268364906311035
N698Y:L705F,-5.77955436706543
N698T:G700C,-11.576929092407227
N698D:K699N,-9.440533638000488
N698D:K699I,-10.974960327148438
N698D:K699E,-11.981513977050781
N698D:K699Q,-9.472274780273438
N698D:K699R,-9.712994575500488
N698D:L705F,-9.748363494873047
N698D:L705H,-13.644514083862305
N698D:V707M,-8.461721420288086
N698D:V707L,-6.558663845062256
N698D:V707G,-12.223414421081543
N698D:V707E,-13.537300109863281
N698D:V707A,-11.333507537841797
N698D:M706V,-12.2078275680542
N698D:M706L,-11.623762130737305
N698D:M706K,-13.9727783203125
N698D:M706I,-11.646921157836914
N698D:L705V,-6.936025619506836
N698D:L705R,-12.713157653808594
N698D:L705P,-12.325878143310547
N698D:L705I,-6.367223739624023
N698D:M706T,-12.73349666595459
N698D:G709V,-10.984804153442383
N698D:A701T,-7.454502105712891
N698D:A701S,-9.530291557312012
N698D:A701P,-10.549335479736328
N698D:A701G,-8.590527534484863
N698D:A701V,-8.1116361618042
N698S:V711I,-9.086075782775879
N698T:A701T,-5.653657913208008
N698T:A701V,-6.310791969299316
N698Y:V711I,-6.984455108642578
N698T:G709C,-6.448552131652832
N698D:G709D,-11.5521821975708
N698D:G709C,-8.249396324157715
N698D:G708V,-11.664529800415039
N698D:G708S,-11.197122573852539
N698D:G708R,-12.545215606689453
N698D:G708D,-12.710742950439453
N698D:G708C,-11.423831939697266
N698D:G708A,-11.333810806274414
N698D:G704R,-11.381412506103516
N698D:G704E,-11.890666961669922
N698D:G700V,-11.322784423828125
N698D:G700D,-12.805788040161133
N698D:G700C,-13.37777328491211
N698D:G704V,-11.529150009155273
N698Y:V711F,-7.958222389221191
K699R:G709C,-6.024321556091309
K699N:G700D,-10.308252334594727
K699N:G700C,-10.88023853302002
K699N:G700A,-8.798978805541992
K699N:A701V,-5.614100933074951
K699N:A701T,-4.956966400146484
K699N:A701S,-7.0327558517456055
K699I:V711I,-9.990155220031738
K699I:V711F,-10.963922500610352
K699I:V711D,-13.678467750549316
K699I:V711A,-10.876097679138184
K699I:V707M,-7.4986114501953125
K699I:V707L,-5.595554351806641
K699N:G700V,-8.825248718261719
K699N:G704R,-8.883877754211426
K699N:G709V,-8.487269401550293
K699N:G709D,-9.054646492004395
K699N:G709C,-5.751860618591309
K699N:G708V,-9.16699504852295
K699N:G708S,-8.69958782196045
K699N:G708R,-10.047679901123047
K699N:G708D,-10.213207244873047
K699N:G708C,-8.92629623413086
K699N:G708A,-8.836275100708008
K699N:G704V,-9.031615257263184
K699N:G704E,-9.393132209777832
K699I:V707E,-12.574190139770508
K699I:M706V,-11.244718551635742
K699I:G709A,-10.137673377990723
K699I:G708V,-10.701420783996582
K699I:G708S,-10.234013557434082
K699I:G708R,-11.58210563659668
K699I:G708D,-11.74763298034668
K699I:G708C,-10.460721969604492
K699I:G704R,-10.418303489685059
K699I:G704E,-10.927557945251465
K699I:G700D,-11.84267807006836
K699I:G700C,-12.414664268493652
K699I:G700A,-10.333404541015625
K699I:A701V,-7.148527145385742
K699I:A701T,-6.491392612457275
K699I:A701S,-8.567181587219238
K699I:A701P,-9.586226463317871
K699I:A701G,-7.627418041229248
K699I:G709C,-7.2862868309021
K699I:V707A,-10.370397567749023
K699I:G709D,-10.589073181152344
K699I:G709V,-10.021695137023926
K699I:M706T,-11.770387649536133
K699I:M706L,-10.660653114318848
K699I:M706K,-13.009669303894043
K699I:M706I,-10.68381118774414
K699I:L705V,-5.9729156494140625
K699I:L705P,-11.36276912689209
K699I:L705I,-5.404114246368408
K699I:L705H,-12.681404113769531
K699I:L705F,-8.78525447845459
K699N:L705F,-7.250828742980957
K699N:L705H,-11.146978378295898
K699N:L705I,-3.8696882724761963
K699R:L705F,-7.523289203643799
K699R:L705H,-11.419439315795898
K699R:L705I,-4.142148971557617
K699R:L705P,-10.10080337524414
K699R:L705V,-4.71095085144043
K699R:M706I,-9.421846389770508
K699R:M706K,-11.747703552246094
K699R:M706L,-9.398687362670898
K699R:M706T,-10.508421897888184
K699R:M706V,-9.982752799987793
K699R:V707A,-9.10843276977539
K699Q:L705H,-11.178719520568848
K699R:A701P,-8.324260711669922
K699R:A701S,-7.3052167892456055
K699R:A701T,-5.229427337646484
K699R:A701V,-5.886561393737793
K699R:G700A,-9.071439743041992
K699R:G700C,-11.152698516845703
K699R:G700D,-10.580713272094727
K699R:G700V,-9.097709655761719
K699R:G704E,-9.665592193603516
K699R:G704R,-9.15633773803711
K699R:G704V,-9.304075241088867
K699R:G708C,-9.19875717163086
K699R:G708D,-10.485668182373047
K699R:G708R,-10.320140838623047
K699R:G708S,-8.972047805786133
K699R:G708V,-9.439455032348633
K699R:G709D,-9.327107429504395
K699R:V707E,-11.312225341796875
K699R:V707G,-9.998339653015137
K699R:V707L,-4.33358907699585
K699Q:A701T,-4.988708019256592
K699Q:A701S,-7.064496994018555
K699N:V711L,-9.288774490356445
K699N:V711I,-8.455729484558105
K699N:V711D,-12.144042015075684
K699N:V711A,-9.34167194366455
K699N:V707M,-5.96418571472168
K699N:V707G,-9.725878715515137
K699N:V707E,-11.039764404296875
K699N:V707A,-8.83597183227539
K699N:M706V,-9.710291862487793
K699N:M706T,-10.235960960388184
K699N:M706L,-9.126227378845215
K699N:M706K,-11.47524356842041
K699N:M706I,-9.149385452270508
K699N:L705V,-4.43848991394043
K699N:L705P,-9.828343391418457
K699Q:G700C,-10.911979675292969
K699Q:G708C,-8.958037376403809
K699R:V707M,-6.23664665222168
K699R:V711A,-9.614131927490234
K699R:V711D,-12.416501998901367
K699R:V711F,-9.701957702636719
K699R:V711G,-10.613985061645508
K699R:V711I,-8.728189468383789
K699R:V711L,-9.561235427856445
K699T:G700V,-9.78036117553711
K699T:G708C,-9.88140869140625
K699T:G709C,-6.706973075866699
K699T:M706I,-10.104497909545898
K699T:V707E,-11.994876861572266
K699E:V711D,-14.68502140045166
K699E:L705F,-9.791808128356934
K699E:L705I,-6.410667896270752
K699E:L705P,-12.369322776794434
K699E:L705V,-6.979469299316406
K699E:M706I,-11.690364837646484
K699E:M706K,-14.016222953796387
K699E:M706L,-11.667206764221191
K699E:M706T,-12.776941299438477
K699E:M706V,-12.251272201538086
K699E:V707A,-11.376951217651367
K699E:V707E,-13.580743789672852
K699E:L705H,-13.687957763671875
K699E:A701G,-8.63397216796875
K699E:A701S,-9.573735237121582
K699E:A701T,-7.497946262359619
K699E:A701V,-8.155080795288086
K699E:G700C,-13.421217918395996
K699E:G700D,-12.849231719970703
K699E:G704E,-11.934111595153809
K699E:G704R,-11.424857139587402
K699E:G704V,-11.57259464263916
K699E:G708C,-11.467275619506836
K699E:G708D,-12.754186630249023
K699E:G708S,-11.240567207336426
K699E:G709C,-8.292840957641602
K699E:G709D,-11.595626831054688
K699E:V707L,-6.602108001708984
K699E:V711I,-10.996708869934082
K699Q:M706L,-9.157968521118164
K699E:V711A,-11.882651329040527
K699E:V707M,-8.505165100097656
G700A:V711D,-14.000022888183594
G700A:V707A,-10.691951751708984
G700A:M706L,-10.982208251953125
G700A:L705H,-13.002958297729492
G700A:G708S,-10.55556869506836
G700A:V711I,-10.311710357666016
G700C:A701T,-8.894207000732422
G700C:A701P,-11.98904037475586
G700C:G709D,-12.991886138916016
G700C:G709C,-9.68910026550293
G700C:G708V,-13.10423469543457
G700C:G708S,-12.63682746887207
G700C:G708D,-14.150446891784668
G700C:G708C,-12.86353588104248
G700C:G704V,-12.968854904174805
G700C:G704R,-12.821117401123047
G700C:G704E,-13.330371856689453
G700C:A701V,-9.55134105682373
G700V:G709C,-7.634111404418945
G700V:L705H,-13.029228210449219
G700V:M706V,-11.59254264831543
G700V:V707E,-12.922015190124512
G700V:V711D,-14.02629280090332
G700C:G709R,-13.64914321899414
G700R:G708C,-11.876884460449219
G700D:G709D,-12.419900894165039
G700D:G709C,-9.117115020751953
G700D:G708V,-12.532248497009277
G700D:L705F,-10.616082191467285
G700D:L705H,-14.512231826782227
G700D:L705I,-7.2349419593811035
G700D:V711I,-11.820982933044434
G700D:V711F,-12.794750213623047
G700D:V711D,-15.509295463562012
G700D:V711A,-12.706925392150879
G700D:V707M,-9.329439163208008
G700D:V707E,-14.405017852783203
G700D:V707A,-12.201225280761719
G700D:M706V,-13.075546264648438
G700D:M706L,-12.491480827331543
G700D:M706K,-14.840497016906738
G700D:M706I,-12.514638900756836
G700D:L705P,-13.193596839904785
G700D:G708C,-12.291549682617188
G700D:G704R,-12.249131202697754
G700C:L705R,-14.152862548828125
G700C:L705P,-13.765583038330078
G700C:L705I,-7.8069281578063965
G700C:L705H,-15.08421802520752
G700C:L705F,-11.188068389892578
G700C:M706I,-13.086625099182129
G700D:G704E,-12.75838565826416
G700C:M706K,-15.412483215332031
G700C:M706T,-14.173200607299805
G700D:A701V,-8.979354858398438
G700D:A701T,-8.322219848632812
G700C:V711I,-12.392969131469727
G700C:V711D,-16.081281661987305
G700C:M706L,-13.063467025756836
G700C:V711A,-13.278911590576172
G700R:G709C,-8.702449798583984
G700C:V707L,-7.998368263244629
G700C:V707E,-14.977005004882812
G700C:V707A,-12.773211479187012
G700C:M706V,-13.647531509399414
G700C:V707M,-9.9014253616333
A701V:L705P,-8.499445915222168
A701V:L705R,-8.886724472045898
A701V:M706I,-7.820487976074219
A701V:M706K,-10.146346092224121
A701V:M706L,-7.797329902648926
A701V:M706T,-8.907063484191895
A701V:M706V,-8.381394386291504
A701V:V707A,-7.507074356079102
A701V:V707E,-9.710866928100586
A701V:L705I,-2.5407907962799072
A701V:V707L,-2.7322309017181396
A701V:V711A,-8.012774467468262
A701V:V711D,-10.815144538879395
A701V:V711F,-8.10059928894043
A701V:V711L,-7.959877014160156
A701P:G709C,-6.860662937164307
A701V:V707M,-4.635288238525391
A701V:L705H,-9.81808090209961
A701V:L705F,-5.921931266784668
A701V:G708C,-7.59739875793457
A701V:G708D,-8.884309768676758
A701V:G708S,-7.37069034576416
A701V:G708V,-7.83809757232666
A701V:G709C,-4.4229631423950195
A701V:G709D,-7.7257490158081055
A701V:G709R,-8.38300609588623
A701P:G708D,-11.322009086608887
A701V:G704R,-7.554980278015137
A701P:G708C,-10.0350980758667
A701G:G708C,-8.076290130615234
A701G:V711D,-11.294034957885742
A701G:V707E,-10.18975830078125
A701G:M706V,-8.860285758972168
A701G:M706T,-9.385954856872559
A701G:M706L,-8.276220321655273
A701G:M706K,-10.625236511230469
A701G:M706I,-8.299379348754883
A701G:L705P,-8.978336334228516
A701G:L705H,-10.296972274780273
A701G:G709C,-4.901854515075684
A701V:G704E,-8.064234733581543
A701V:V711I,-7.126832008361816
A701S:L705F,-7.340585708618164
A701S:L705H,-11.236735343933105
A701S:L705I,-3.9594457149505615
A701S:M706I,-9.239142417907715
A701S:M706V,-9.800049781799316
A701S:V707A,-8.925728797912598
A701S:V711A,-9.431428909301758
A701S:V711D,-12.23379898071289
A701S:V711I,-8.545486450195312
A701P:G709D,-10.163448333740234
A701P:L705P,-10.937145233154297
A701P:M706L,-10.235029220581055
A701P:V707A,-9.94477367401123
A701P:V707M,-7.0729875564575195
A701P:V711A,-10.45047378540039
A701S:G708C,-9.016053199768066
A701S:G708D,-10.302964210510254
A701S:G709C,-5.841618537902832
A701T:G704E,-7.407100200653076
A701T:G704R,-6.89784574508667
A701T:G708C,-6.9402642250061035
A701T:L705V,-2.452458143234253
A701T:M706I,-7.163353443145752
A701T:M706K,-9.489212036132812
A701T:M706L,-7.140195369720459
A701T:M706T,-8.249929428100586
A701T:M706V,-7.724260330200195
A701T:V707A,-6.849939823150635
A701T:V707E,-9.053732872009277
A701T:V707L,-2.075096607208252
A701T:V707M,-3.978153944015503
A701T:V711A,-7.355639934539795
A701T:V711D,-10.158010482788086
A701T:V711G,-8.355491638183594
A701T:V711I,-6.46969747543335
A701T:G704V,-7.045583248138428
A701T:L705R,-8.22959041595459
A701T:L705P,-7.842311382293701
A701T:L705H,-9.160945892333984
A701T:G708D,-8.227174758911133
A701T:L705I,-1.8836565017700195
A701T:G708V,-7.180963039398193
A701T:G708S,-6.713555812835693
A701T:G709C,-3.765829086303711
A701T:G709D,-7.068614959716797
A701T:L705F,-5.264796733856201
G704R:L705F,-9.191707611083984
G704R:M706I,-11.090264320373535
G704R:L705H,-13.087857246398926
G704R:M706K,-13.416122436523438
G704R:M706L,-11.067106246948242
G704R:G709C,-7.692739963531494
G704R:G708S,-10.640466690063477
G704R:G708D,-12.154086112976074
G704R:G708C,-10.867175102233887
G704E:V711I,-10.905862808227539
G704R:M706T,-12.176839828491211
G704E:V711D,-14.594175338745117
G704R:G709D,-10.995525360107422
G704R:M706V,-11.65117073059082
G704V:M706L,-11.21484375
G704R:V707E,-12.980644226074219
G704E:V711A,-11.791805267333984
G704V:V711D,-14.232658386230469
G704V:L705P,-11.916959762573242
G704V:L705F,-9.339445114135742
G704V:G709C,-7.840477466583252
G704V:G708C,-11.014912605285645
G704R:V711I,-10.396608352661133
G704R:V711D,-14.084920883178711
G704R:V707M,-7.905064582824707
G704R:V707L,-6.002007484436035
G704R:V707A,-10.776850700378418
G704E:G708V,-11.617128372192383
G704E:G708D,-12.66334056854248
G704E:G708C,-11.376429557800293
G704E:G709C,-8.201993942260742
G704A:V711D,-14.100954055786133
G704A:V707E,-12.99667739868164
G704A:G708S,-10.656499862670898
G704A:G708C,-10.883208274841309
G704E:G709D,-11.504779815673828
G704E:G708S,-11.149721145629883
G704E:V707M,-8.414319038391113
G704E:V707E,-13.489898681640625
G704E:V707A,-11.286105155944824
G704E:M706V,-12.160425186157227
G704E:M706T,-12.686094284057617
G704E:M706K,-13.925376892089844
G704E:M706I,-11.599518775939941
G704E:M706L,-11.576360702514648
G704E:L705P,-12.27847671508789
G704E:L705H,-13.597111701965332
G704E:L705F,-9.70096206665039
L705I:V711D,-9.070732116699219
L705I:V711I,-5.382419109344482
L705H:V711A,-13.54565143585205
L705P:G708A,-11.721619606018066
L705P:G708C,-11.811640739440918
L705P:G708D,-13.098551750183105
L705P:G708S,-11.584932327270508
L705P:G708V,-12.052339553833008
L705P:G709C,-8.637205123901367
L705P:G709D,-11.939990997314453
L705I:V707M,-2.8908755779266357
L705I:V707E,-7.96645450592041
L705I:M706V,-6.636981964111328
L705H:V711D,-16.3480224609375
L705H:V711F,-13.633476257324219
L705H:V711I,-12.659708976745605
L705I:G708C,-5.852985858917236
L705I:G708R,-6.974370002746582
L705I:G709C,-2.6785507202148438
L705I:V707A,-5.762661457061768
L705I:G709D,-5.98133659362793
L705I:M706I,-6.076075077056885
L705I:M706L,-6.052917003631592
L705I:M706T,-7.162651062011719
L705R:M706I,-12.422008514404297
L705R:M706V,-12.982915878295898
L705R:V707E,-14.31238842010498
L705R:V707M,-9.236809730529785
L705R:V711D,-15.416666030883789
L705R:V711I,-11.728353500366211
L705V:V707E,-8.535256385803223
L705V:M706L,-6.621718406677246
L705V:G709D,-6.550138473510742
L705V:G709C,-3.247352361679077
L705R:G709C,-9.024484634399414
L705P:M706I,-12.034729957580566
L705P:M706K,-14.360588073730469
L705P:M706L,-12.011571884155273
L705P:M706T,-13.121305465698242
L705P:M706V,-12.595636367797852
L705P:V707A,-11.72131633758545
L705P:V707E,-13.92510986328125
L705P:V707L,-6.946473121643066
L705P:V707M,-8.849530220031738
L705V:V711D,-9.639533042907715
L705P:V711I,-11.341073989868164
L705P:V711D,-15.029386520385742
L705I:M706K,-8.401933670043945
L705F:V711D,-12.451871871948242
L705F:V711A,-9.64950180053711
L705F:V707M,-6.272015571594238
L705F:V707E,-11.34759521484375
L705F:V707A,-9.14380168914795
L705F:M706V,-10.018121719360352
L705F:M706T,-10.543790817260742
L705F:M706L,-9.434057235717773
L705F:M706K,-11.783073425292969
L705F:M706I,-9.457215309143066
L705F:G709D,-9.362476348876953
L705F:G709C,-6.059690952301025
L705F:G708V,-9.474824905395508
L705F:G708S,-9.007417678833008
L705F:G708C,-9.234126091003418
L705F:V711I,-8.763559341430664
L705H:V707M,-10.16816520690918
L705H:V707L,-8.265108108520508
L705H:V707G,-13.929859161376953
L705H:V707E,-15.243743896484375
L705H:V707A,-13.03995132446289
L705H:M706V,-13.91427230834961
L705H:M706T,-14.43994140625
L705H:M706L,-13.330206871032715
L705H:M706K,-15.67922306060791
L705H:M706I,-13.353364944458008
L705H:G708C,-13.13027572631836
L705H:G708D,-14.417186737060547
L705H:G708S,-12.90356731414795
L705H:G708V,-13.37097454071045
L705H:G708R,-14.251659393310547
L705H:G709D,-13.258626937866211
L705H:G709R,-13.915884017944336
L705H:G709V,-12.691248893737793
L705H:G709C,-9.955841064453125
M706I:V711D,-14.350428581237793
M706I:V707M,-8.170572280883789
M706I:V711A,-11.54805850982666
M706I:V711I,-10.662116050720215
M706K:G708S,-13.231832504272461
M706K:G708C,-13.458540916442871
M706K:G708D,-14.745451927185059
M706I:V707E,-13.246150970458984
M706K:G708V,-13.699239730834961
M706K:G709C,-10.28410530090332
M706I:V707A,-11.0423583984375
M706I:G709C,-7.958247661590576
M706K:G709D,-13.586891174316406
M706I:G708C,-11.132682800292969
M706I:G708D,-12.419593811035156
M706I:G708S,-10.905974388122559
M706I:G708V,-11.373381614685059
M706I:G709D,-11.26103401184082
M706T:V711I,-11.74869155883789
M706T:V711D,-15.437004089355469
M706T:V711A,-12.634634017944336
M706T:V707M,-9.257148742675781
M706T:V707A,-12.128934860229492
M706T:G709D,-12.347609519958496
M706T:G709C,-9.04482364654541
M706T:G708S,-11.992549896240234
M706T:V707E,-14.332727432250977
M706T:G708D,-13.506170272827148
M706V:G708D,-12.980501174926758
M706V:V711I,-11.2230224609375
M706V:V711G,-13.108818054199219
M706V:V711D,-14.911334991455078
M706V:V711A,-12.108964920043945
M706V:V707M,-8.73147964477539
M706V:V707L,-6.8284220695495605
M706V:G708C,-11.69359016418457
M706V:V707E,-13.807058334350586
M706V:G709D,-11.821940422058105
M706V:G709C,-8.51915454864502
M706V:G708V,-11.934288024902344
M706V:G708S,-11.466880798339844
M706V:V707A,-11.603265762329102
M706T:G708C,-12.219259262084961
M706L:G708V,-11.350223541259766
M706L:G708S,-10.882816314697266
M706L:G708D,-12.396435737609863
M706L:G708C,-11.109524726867676
M706K:V711L,-13.821019172668457
M706K:V711I,-12.987974166870117
M706L:G709C,-7.935089588165283
M706K:V711F,-13.96174144744873
M706K:V711A,-13.873916625976562
M706K:V707M,-10.496430397033691
M706K:V707E,-15.572010040283203
M706K:V707A,-13.368216514587402
M706K:V711D,-16.676286697387695
M706L:G709D,-11.237874984741211
M706L:G709R,-11.895132064819336
M706L:V711I,-10.638957977294922
M706L:V711D,-14.3272705078125
M706L:V711A,-11.524900436401367
M706L:V707M,-8.147414207458496
M706L:V707L,-6.244357109069824
M706L:V707E,-13.222993850708008
M706L:V707A,-11.019200325012207
V707M:G709C,-4.773048400878906
V707M:G709D,-8.075834274291992
V707E:G708C,-13.023061752319336
V707E:G708D,-14.309972763061523
V707E:G708S,-12.796354293823242
V707E:G708V,-13.263761520385742
V707E:G709C,-9.848627090454102
V707E:G709R,-13.808670043945312
V707E:V711A,-13.438438415527344
V707E:V711D,-16.240808486938477
V707E:V711F,-13.526262283325195
V707A:V711I,-10.348702430725098
V707A:G708C,-10.819269180297852
V707A:G708D,-12.106180191040039
V707A:G708S,-10.592560768127441
V707A:G708V,-11.059967994689941
V707A:G709C,-7.644834041595459
V707A:G709D,-10.947620391845703
V707A:V711D,-14.037014961242676
V707E:V711I,-12.552495956420898
V707E:G709D,-13.151412963867188
V707M:G708D,-9.234394073486328
V707M:G708S,-7.7207746505737305
V707M:G708V,-8.18818187713623
V707M:V711I,-7.476916313171387
V707M:V711G,-9.362710952758789
V707M:V711D,-11.165228843688965
V707M:V711A,-8.362858772277832
V707G:G708C,-11.709177017211914
V707M:G708C,-7.947483062744141
V707L:G708C,-6.044425964355469
V707L:G708D,-7.331336975097656
V707L:G709C,-2.869990825653076
V707L:G709D,-6.172776699066162
V707L:V711A,-6.45980167388916
V707L:V711D,-9.262171745300293
G708C:V711A,-11.324969291687012
G708C:V711D,-14.127339363098145
G708C:G709V,-10.470566749572754
G708C:G709R,-11.695201873779297
G708C:G709D,-11.037944793701172
G708C:G709C,-7.735158443450928
G708A:G709C,-7.645137310028076
G708C:V711I,-10.439026832580566
G708C:V711L,-11.272071838378906
G708S:G709D,-10.811235427856445
G708S:V711A,-11.098260879516602
G708S:V711D,-13.900630950927734
G708S:V711I,-10.212318420410156
G708V:G709C,-7.975857257843018
G708V:V711A,-11.565668106079102
G708V:V711D,-14.368038177490234
G708V:V711I,-10.679725646972656
G708V:V711L,-11.512770652770996
G708S:G709C,-7.508450031280518
G708D:V711I,-11.725937843322754
G708D:V711D,-15.414250373840332
G708D:V711A,-12.6118803024292
G708D:G709D,-12.32485580444336
G708D:G709C,-9.022069931030273
G709D:V711A,-11.453319549560547
G709C:V711F,-8.238359451293945
G709C:V711G,-9.150386810302734
G709C:V711I,-7.264591693878174
G709C:V711L,-8.097637176513672
G709D:V711D,-14.25568962097168
G709D:V711F,-11.541145324707031
G709D:V711L,-11.400423049926758
G709D:V711I,-10.567377090454102
G709C:V711D,-10.952903747558594
G709R:V711D,-14.912946701049805
G709C:V711A,-8.150533676147461
