mutant,prediction
D672G:I712L,-7.085153579711914
D672G:I712K,-11.978924751281738
D672G:I703V,-6.915291786193848
D672G:I703T,-9.661234855651855
D672G:I703N,-10.252881050109863
D672G:I703M,-10.096040725708008
D672G:I703L,-10.147390365600586
D672G:I703F,-10.250261306762695
D672G:I702V,-5.830758094787598
D672G:I702T,-6.226468086242676
D672G:I702N,-7.6991777420043945
D672G:I702M,-8.433930397033691
D672G:I702F,-8.2468900680542
D672G:H685R,-4.200577735900879
D672G:H685P,-0.8315615653991699
D672G:H685N,-2.9951589107513428
D672G:H685L,-4.082803726196289
D672G:I712M,-6.700838088989258
D672G:I712T,-10.172187805175781
D672G:I712V,-7.3582000732421875
D672G:K687E,-5.563628196716309
D672G:M706V,-7.066730499267578
D672G:M706T,-10.167075157165527
D672G:M706L,-8.69442367553711
D672G:M706K,-11.56427001953125
D672G:M706I,-8.017252922058105
D672G:L705V,1.5058963298797607
D672G:L705R,-10.150690078735352
D672G:L705P,-8.452085494995117
D672G:L705H,-10.19199275970459
D672G:L688W,-0.701890230178833
D672G:L688M,-1.4416496753692627
D672G:L688F,2.2325310707092285
D672G:K699T,-4.435890197753906
D672G:K699N,-3.401839017868042
D672G:K699I,-5.127591133117676
D672G:K699E,-8.874175071716309
D672G:K687T,-0.7331256866455078
D672G:K687R,-4.289838790893555
D672G:K687Q,-1.7206470966339111
D672G:K687N,-0.76674485206604
D672G:K687I,-6.780914306640625
D672G:L688S,-1.6519405841827393
D672G:N698H,-4.954839706420898
D672G:H677P,-3.672733783721924
D672G:F691S,-3.778167486190796
D672G:F691L,-3.1235592365264893
D672G:F691I,1.3742787837982178
D672G:F691C,-5.480803489685059
D672G:F690Y,-4.499755859375
D672G:F690V,-0.9456348419189453
D672G:F690S,-5.934465408325195
D672G:F675S,-4.003867149353027
D672G:F675L,-5.404561996459961
D672G:F675I,-4.2896528244018555
D672G:F675C,-4.286574363708496
D672G:E693K,-0.7586781978607178
D672G:E693G,4.07899284362793
D672G:E693D,-1.4817545413970947
D672G:E682V,-2.1464288234710693
D672G:E682G,0.07853949069976807
D672G:F691V,-2.076504945755005
D672G:F691Y,-3.390892744064331
D672G:G680A,-2.6430251598358154
D672G:H677D,-4.73757266998291
D672G:G708D,-10.06070613861084
D672G:G708C,-5.342118263244629
D672G:H677Q,-4.743011951446533
D672G:G708A,-8.069538116455078
D672G:G704R,-8.885099411010742
D672G:G704E,-9.131418228149414
D672G:G700D,-9.486376762390137
D672G:G696V,-2.195389986038208
D672G:G696S,-1.8991467952728271
D672G:G696D,-7.530895233154297
D672G:G696C,-5.1086273193359375
D672G:G680V,-1.51865816116333
D672G:G704V,-8.919541358947754
D672G:N698I,-1.6222031116485596
D672G:N698K,-7.92747688293457
D672G:N698S,-6.187737464904785
D672N:A692E,-5.937874794006348
D672N:A673T,-4.136576175689697
D672N:A673S,-3.593780279159546
D672N:A673E,-5.282467842102051
D672H:Y681N,-3.433413028717041
D672H:V695E,-7.009763717651367
D672H:V689E,-5.28523588180542
D672H:S697P,-6.250845432281494
D672H:I702N,-8.50124740600586
D672H:H685L,-4.884873867034912
D672H:H677Q,-5.545082092285156
D672H:G696S,-2.701216697692871
D672H:F691L,-3.925629138946533
D672H:F691I,0.5722088813781738
D672H:F675S,-4.805936813354492
D672H:F675I,-5.09172248840332
D672H:E682V,-2.9484987258911133
D672N:A692S,-4.65299129486084
D672N:A692T,-4.066329479217529
D672N:A692V,-0.23208045959472656
D672N:E682G,-0.12238729000091553
D672N:D694Y,-8.528371810913086
D672N:D694V,-8.506264686584473
D672N:D694G,0.40670084953308105
D672N:D678Y,-2.720834255218506
D672N:D678V,-3.8371078968048096
D672N:D678G,-1.067486047744751
D672N:D678E,-3.808422327041626
D672N:A713V,-0.7375400066375732
D672N:A713T,-0.14543938636779785
D672N:A713S,-4.330138206481934
D672N:A713G,-6.2040252685546875
D672N:A713E,-9.142046928405762
D672N:A701V,1.6538164615631104
D672N:A701T,1.083179235458374
D672N:A701P,-4.806349754333496
D672N:D678N,-1.7945224046707153
D672H:A701V,1.05267333984375
D672H:A701T,0.48203611373901367
D672G:V689E,-4.483165740966797
D672G:V689A,-4.6965227127075195
D672G:S697T,-2.7780675888061523
D672G:S697P,-5.448775291442871
D672G:S697L,-2.982210636138916
D672G:S697A,-3.663273334503174
D672G:S679T,-3.7365424633026123
D672G:S679L,-3.666146993637085
D672G:Q686P,3.3895628452301025
D672G:Q686L,-2.33976149559021
D672G:Q686K,-5.1537370681762695
D672G:Q686H,-2.956380605697632
D672G:N698Y,-1.0809190273284912
D672G:S679P,-3.348661184310913
D672G:V689L,-6.313996315002441
D672G:Y681N,-2.631343364715576
D672G:Y681H,-2.455820083618164
D672G:Y681D,-3.6272785663604736
D672G:Y681C,-3.762598752975464
D672G:V711L,-8.245707511901855
D672G:V711F,-7.8015546798706055
D672G:V711D,-12.12637996673584
D672G:V711A,-9.008801460266113
D672G:V689M,-2.9831621646881104
D672G:V707M,-5.125724792480469
D672G:V707L,-0.7346765995025635
D672G:V707G,-9.413681030273438
D672G:V707E,-11.490350723266602
D672G:V707A,-8.323420524597168
D672G:V695M,-2.0696146488189697
D672G:V695G,-0.694206953048706
D672G:V695E,-6.207694053649902
D672G:D694Y,-8.327445030212402
D672G:D694V,-8.305337905883789
D672E:G704E,-11.085855484008789
D672E:G700R,-11.345787048339844
D672E:G700D,-11.440814018249512
D672E:G696V,-4.149827003479004
D672E:G696S,-3.853584051132202
D672E:G696R,-4.945691108703613
D672E:G696D,-9.485332489013672
D672E:G696C,-7.0630645751953125
D672E:G696A,-5.366464614868164
D672E:G680V,-3.473095417022705
D672E:F691Y,-5.345330238342285
D672E:F691V,-4.030941963195801
D672E:F691S,-5.73260498046875
D672E:F691L,-5.077996253967285
D672E:F691I,-0.5801584720611572
D672E:F690Y,-6.454193115234375
D672E:F690V,-2.9000720977783203
D672E:F690S,-7.88890266418457
D672E:G704R,-10.839536666870117
D672E:G704V,-10.873978614807129
D672E:G708A,-10.023975372314453
D672E:G708C,-7.296555519104004
D672E:H685R,-6.155014991760254
D672E:H685P,-2.785998821258545
D672E:H685N,-4.949596405029297
D672E:H685L,-6.037240982055664
D672E:F675S,-5.958304405212402
D672E:H677Q,-6.697449207305908
D672E:H677D,-6.692009925842285
D672E:G708R,-11.88284683227539
D672E:G708D,-12.015143394470215
D672E:H677P,-5.627171039581299
D672E:F675L,-7.358999252319336
D672E:F675I,-6.2440900802612305
D672E:A701T,-0.6703312397003174
D672E:A701P,-6.5598602294921875
D672E:A692V,-1.985590934753418
D672E:A692T,-5.819839954376221
D672E:A692S,-6.406501770019531
D672E:A692P,-7.622908592224121
D672E:A692G,-3.398017406463623
D672E:A692E,-7.691385269165039
D672E:A673T,-5.890086650848389
D672E:A701V,-0.09969401359558105
D672E:A673S,-5.347290992736816
D672E:A673E,-7.035978317260742
D672A:Q686H,-3.0026514530181885
D672A:L688S,-1.698211431503296
D672A:L688M,-1.4879205226898193
D672A:F691L,-3.169830083847046
D672E:A673P,-5.727619171142578
D672E:A713E,-10.895557403564453
D672E:A713S,-6.083648681640625
D672E:E693K,-2.7131154537200928
D672E:E693G,2.124555826187134
D672E:E693D,-3.4361917972564697
D672E:E682V,-4.100866317749023
D672E:E682G,-1.875897765159607
D672E:E682A,-4.792946815490723
D672E:A713G,-7.957535743713379
D672E:D694V,-10.259775161743164
D672E:D694G,-1.3468096256256104
D672E:D678Y,-4.474344730377197
D672E:D678V,-5.590618133544922
D672E:D678N,-3.548032760620117
D672E:D678G,-2.8209965229034424
D672E:D678E,-5.561932563781738
D672E:D678A,-4.019780158996582
D672E:A713V,-2.4910504817962646
D672E:A713T,-1.8989498615264893
D672E:D694Y,-10.281882286071777
D672E:I702F,-10.201327323913574
D672E:I702T,-8.18090534210205
D672E:Y681C,-5.717036247253418
D672E:V711L,-10.20014476776123
D672E:V711F,-9.75599193572998
D672E:V711D,-14.080817222595215
D672E:V711A,-10.963238716125488
D672E:V707M,-7.080162048339844
D672E:V707L,-2.6891138553619385
D672E:V707E,-13.444787979125977
D672E:V707A,-10.277857780456543
D672E:V695M,-4.024051666259766
D672E:V695G,-2.648644208908081
D672E:V695E,-8.162131309509277
D672E:V689M,-4.937599182128906
D672E:V689L,-8.268433570861816
D672E:V689E,-6.437602996826172
D672E:V689A,-6.6509599685668945
D672E:Y681H,-4.410257339477539
D672E:Y681N,-4.585780620574951
D672G:D694G,0.6076276302337646
D672G:D678Y,-2.5199074745178223
D672G:D678V,-3.636181116104126
D672G:D678N,-1.5935956239700317
D672G:D678G,-0.8665592670440674
D672G:D678E,-3.6074955463409424
D672G:A713V,-0.5366132259368896
D672G:A713T,0.05548739433288574
D672G:A713S,-4.12921142578125
D672G:A713E,-8.941120147705078
D672G:A701V,1.854743242263794
D672G:A701T,1.2841060161590576
D672G:A701P,-4.6054229736328125
D672G:A692V,-0.03115367889404297
D672G:A692T,-3.8654026985168457
D672G:A692S,-4.452064514160156
D672G:A692E,-5.736948013305664
D672G:A673T,-3.9356493949890137
D672G:A673S,-3.3928534984588623
D672G:A673P,-3.7731821537017822
D672G:A673E,-5.081541061401367
D672E:L688W,-2.656327486038208
D672E:L688S,-3.6063778400421143
D672E:L688M,-3.3960869312286377
D672E:L688F,0.2780938148498535
D672E:K699T,-6.390327453613281
D672E:K699Q,-5.639138221740723
D672E:K699N,-5.356276512145996
D672E:K699I,-7.082028388977051
D672E:K699E,-10.828612327575684
D672E:K687T,-2.687562942504883
D672E:K687R,-6.24427604675293
D672E:K687Q,-3.675084352493286
D672E:K687I,-8.7353515625
D672E:K687E,-7.518065452575684
D672E:I712V,-9.312637329101562
D672E:I712T,-12.126625061035156
D672E:I712M,-8.655275344848633
D672E:I712L,-9.039590835571289
D672E:I712K,-13.933362007141113
D672E:I703V,-8.869729042053223
D672E:I703T,-11.61567211151123
D672E:I703N,-12.207318305969238
D672E:I703F,-12.20469856262207
D672E:I702V,-7.785195350646973
D672E:K687N,-2.721182107925415
D672E:I702N,-9.65361499786377
D672E:L705H,-12.146430015563965
D672E:L705P,-10.406522750854492
D672E:S697T,-4.732504844665527
D672E:S697P,-7.403212547302246
D672E:S697L,-4.936647891998291
D672E:S679T,-5.690979957580566
D672E:S679P,-5.303098678588867
D672E:S679L,-5.620584487915039
D672E:Q686P,1.4351255893707275
D672E:Q686L,-4.294198989868164
D672E:Q686K,-7.1081743240356445
D672E:Q686H,-4.910818099975586
D672E:N698Y,-3.035356283187866
D672E:N698S,-8.14217472076416
D672E:N698K,-9.881914138793945
D672E:N698I,-3.5766403675079346
D672E:N698H,-6.909276962280273
D672E:M706V,-9.021167755126953
D672E:M706T,-12.121512413024902
D672E:M706L,-10.648860931396484
D672E:M706K,-13.518707275390625
D672E:M706I,-9.97169017791748
D672E:L705R,-12.105127334594727
D672E:Q686E,-7.811161041259766
D672N:E682V,-2.347355604171753
D672N:E693D,-1.6826813220977783
D672N:E693G,3.878066301345825
D672Y:A673P,-5.071997165679932
D672Y:N698Y,-2.3797340393066406
D672Y:N698I,-2.921018123626709
D672Y:M706V,-8.365545272827148
D672Y:M706T,-11.465890884399414
D672Y:M706L,-9.99323844909668
D672Y:M706K,-12.86308479309082
D672Y:M706I,-9.316067695617676
D672Y:L705P,-9.750900268554688
D672Y:L705H,-11.490808486938477
D672Y:L688S,-2.9507555961608887
D672Y:L688M,-2.740464687347412
D672Y:L688F,0.9337160587310791
D672Y:K699N,-4.700654029846191
D672Y:K699I,-6.426406383514404
D672Y:K699E,-10.172990798950195
D672Y:K687R,-5.588653564453125
D672Y:K687N,-2.0655598640441895
D672Y:K687I,-8.079729080200195
D672Y:K687E,-6.862442970275879
D672Y:I712V,-8.657014846801758
D672Y:I712T,-11.471002578735352
D672Y:I712M,-7.999653339385986
D672Y:I712L,-8.383968353271484
D672Y:Q686H,-4.255195617675781
D672Y:Q686L,-3.6385765075683594
D672Y:Q686P,2.090747833251953
D672Y:Y681N,-3.9301581382751465
D672Y:Y681C,-5.061413764953613
D672Y:V711D,-13.425195693969727
D672Y:V711A,-10.3076171875
D672Y:V707M,-6.424540042877197
D672Y:V707E,-12.789165496826172
D672Y:V707A,-9.622235298156738
D672Y:V695E,-7.506508827209473
D672Y:I712K,-13.277740478515625
D672Y:V689M,-4.28197717666626
D672Y:V689A,-5.995337963104248
D672Y:S697T,-4.076882362365723
D672Y:S697P,-6.7475905418396
D672Y:S697L,-4.2810258865356445
D672Y:S679T,-5.035357475280762
D672Y:S679P,-4.6474761962890625
D672Y:V689E,-5.781980991363525
D672Y:I703V,-8.214107513427734
D672Y:I703T,-10.960050582885742
D672Y:I703N,-11.55169677734375
D672Y:F675S,-5.302681922912598
D672Y:F675L,-6.703376770019531
D672Y:F675I,-5.588467597961426
D672Y:E693G,2.7801780700683594
D672Y:E693D,-2.780569553375244
D672Y:E682V,-3.4452438354492188
D672Y:E682G,-1.2202755212783813
D672Y:F690Y,-5.7985711097717285
D672Y:D678V,-4.934996128082275
D672Y:D678E,-4.906310558319092
D672Y:A713V,-1.835428237915039
D672Y:A713T,-1.2433276176452637
D672Y:A713S,-5.4280266761779785
D672Y:A701V,0.5559282302856445
D672Y:A701T,-0.014708995819091797
D672Y:A692V,-1.3299686908721924
D672Y:A692T,-5.164217948913574
D672Y:A673T,-5.234464645385742
D672Y:D694G,-0.6911873817443848
D672Y:A673E,-6.380356311798096
D672Y:F691I,0.07546377182006836
D672Y:F691S,-5.076982498168945
D672Y:I703F,-11.549076080322266
D672Y:I702V,-7.129572868347168
D672Y:I702T,-7.525283336639404
D672Y:I702N,-8.997992515563965
D672Y:I702F,-9.545705795288086
D672Y:H685R,-5.499392986297607
D672Y:H685L,-5.381618976593018
D672Y:F691L,-4.422374248504639
D672Y:H677Q,-6.041827201843262
D672Y:G708D,-11.359521865844727
D672Y:G708C,-6.640933036804199
D672Y:G704R,-10.183914184570312
D672Y:G696S,-3.1979618072509766
D672Y:G696D,-8.829710006713867
D672Y:G696C,-6.407442092895508
D672Y:F691Y,-4.6897077560424805
D672A:A701V,1.8084723949432373
D672N:M706K,-11.765196800231934
D672N:M706I,-8.218179702758789
D672N:L705P,-8.6530122756958
D672N:L705H,-10.392919540405273
D672N:L688S,-1.8528673648834229
D672N:L688M,-1.6425764560699463
D672N:L688F,2.031604290008545
D672N:K699T,-4.63681697845459
D672N:K699Q,-3.885627508163452
D672N:K699N,-3.6027657985687256
D672N:K699I,-5.328517913818359
D672N:K699E,-9.075101852416992
D672N:K687T,-0.9340524673461914
D672N:K687R,-4.490765571594238
D672N:K687Q,-1.9215738773345947
D672N:K687N,-0.9676716327667236
D672N:K687I,-6.981841087341309
D672N:K687E,-5.764554977416992
D672N:I712V,-7.559126853942871
D672N:I712T,-10.373114585876465
D672N:I712M,-6.901764869689941
D672N:I712L,-7.286080360412598
D672N:M706L,-8.895350456237793
D672N:M706T,-10.368001937866211
D672N:M706V,-7.267657279968262
D672N:V689M,-3.184088945388794
D672N:V689L,-6.514923095703125
D672N:V689E,-4.6840925216674805
D672N:V689A,-4.897449493408203
D672N:S697T,-2.978994369506836
D672N:S697P,-5.649702072143555
D672N:I712K,-12.179851531982422
D672N:S697L,-3.1831374168395996
D672N:S679P,-3.5495879650115967
D672N:Q686L,-2.5406882762908936
D672N:Q686K,-5.354663848876953
D672N:Q686H,-3.1573073863983154
D672N:N698Y,-1.2818458080291748
D672N:N698S,-6.388664245605469
D672N:N698I,-1.8231298923492432
D672N:N698H,-5.155766487121582
D672N:S679T,-3.937469244003296
D672N:I703V,-7.116218566894531
D672N:I703T,-9.862161636352539
D672N:I703N,-10.453807830810547
D672N:G704E,-9.332345008850098
D672N:G700V,0.2777974605560303
D672N:G700D,-9.68730354309082
D672N:G696S,-2.1000735759735107
D672N:G696D,-7.7318220138549805
D672N:G696C,-5.309554100036621
D672N:G680V,-1.7195849418640137
D672N:F691Y,-3.5918195247650146
D672N:G704R,-9.086026191711426
D672N:F691S,-3.9790942668914795
D672N:F691I,1.1733520030975342
D672N:F690Y,-4.700682640075684
D672N:F690V,-1.146561622619629
D672N:F690S,-6.135392189025879
D672N:F675S,-4.204793930053711
D672N:F675L,-5.6054887771606445
D672N:F675I,-4.490579605102539
D672N:E693K,-0.9596049785614014
D672N:F691L,-3.324486017227173
D672N:G704V,-9.120468139648438
D672N:G708D,-10.261632919311523
D672N:I703F,-10.451188087463379
D672N:I702V,-6.031684875488281
D672N:I702T,-6.427394866943359
D672N:I702N,-7.900104522705078
D672N:I702F,-8.447816848754883
D672N:H685R,-4.4015045166015625
D672N:H685N,-3.1960856914520264
D672N:H685L,-4.283730506896973
D672N:G708C,-5.5430450439453125
D672N:H677Q,-4.943938732147217
D672N:H677P,-3.8736605644226074
D672N:V695E,-6.408620834350586
D672N:Y681N,-2.8322701454162598
D672N:Y681H,-2.6567468643188477
D672N:V711D,-12.327306747436523
D672N:V711A,-9.209728240966797
D672N:V707M,-5.326651573181152
D672N:V707L,-0.9356033802032471
D672N:V707E,-11.691277503967285
D672N:V707A,-8.524347305297852
D672N:V695M,-2.2705414295196533
D672N:Y681C,-3.9635255336761475
D672N:V695G,-0.8951337337493896
A673S:D678G,-2.515296459197998
A673T:H677Q,-6.934545040130615
A673T:G708D,-12.252239227294922
A673T:G708C,-7.533651351928711
A673T:G704R,-11.076632499694824
A673T:G704E,-11.322951316833496
A673T:G700D,-11.677909851074219
A673T:G696S,-4.090680122375488
A673T:F675L,-7.596095085144043
A673T:F675S,-6.195400238037109
A673T:F690Y,-6.691288948059082
A673T:F691I,-0.8172543048858643
A673T:F691S,-5.969700813293457
A673T:F691Y,-5.582426071166992
A673T:G680V,-3.710191249847412
A673T:G696C,-7.3001604080200195
A673T:G696D,-9.722428321838379
A673T:F691L,-5.315092086791992
A673T:K687E,-7.755161285400391
A673T:K687I,-8.972447395324707
A673T:K687N,-2.958277940750122
A673T:K687R,-6.481371879577637
A673T:K699E,-11.06570816040039
A673T:K699I,-7.319124221801758
A673T:I712V,-9.54973316192627
A673T:K699N,-5.593372344970703
A673T:L688F,0.040997982025146484
A673T:L688M,-3.6331827640533447
A673T:L688S,-3.8434736728668213
A673T:L705P,-10.6436185836792
A673T:F675I,-6.4811859130859375
A673T:I712T,-12.363720893859863
A673T:I712L,-9.276686668395996
A673T:H685L,-6.274336814880371
A673T:H685N,-5.186692237854004
A673T:H685P,-3.023094654083252
A673T:H685R,-6.392110824584961
A673T:I702F,-10.438423156738281
A673T:I712M,-8.89237117767334
A673T:I702N,-9.890710830688477
A673T:I702V,-8.02229118347168
A673T:I703F,-12.441794395446777
A673T:I703N,-12.444414138793945
A673T:I703T,-11.852767944335938
A673T:I703V,-9.10682487487793
A673T:I712K,-14.17045783996582
A673T:I702T,-8.418001174926758
A673T:M706I,-10.208786010742188
A673T:E693D,-3.6732876300811768
A673S:V707M,-6.7744622230529785
A673S:V707E,-13.139087677001953
A673S:V707A,-9.97215747833252
A673S:V695M,-3.7183518409729004
A673S:V695E,-7.856431007385254
A673S:V689M,-4.631899356842041
A673S:V689E,-6.131903171539307
A673S:V689A,-6.345260143280029
A673S:S697T,-4.426804542541504
A673S:S697P,-7.097512722015381
A673S:M706L,-10.343160629272461
A673S:M706T,-11.815813064575195
A673S:M706V,-8.71546745300293
A673S:N698I,-3.2709403038024902
A673S:N698S,-7.836474895477295
A673S:N698Y,-2.729656219482422
A673S:Q686K,-6.802474498748779
A673S:Q686L,-3.9884986877441406
A673S:S679P,-4.997398376464844
A673S:S679T,-5.385279655456543
A673S:S697L,-4.630948066711426
A673S:Q686H,-4.6051177978515625
A673S:V711A,-10.657539367675781
A673S:V711D,-13.775117874145508
A673T:D678V,-5.827713966369629
A673T:D678Y,-4.711440563201904
A673T:D694G,-1.5839054584503174
A673T:D694V,-10.496870994567871
A673T:D678N,-3.785128593444824
A673T:E682A,-5.03004264831543
A673T:E682G,-2.1129937171936035
A673T:E682V,-4.3379621505737305
A673T:E693G,1.8874599933624268
A673T:D678G,-3.0580923557281494
A673T:A713V,-2.7281463146209717
A673S:Y681C,-5.4113359451293945
A673S:Y681N,-4.280080318450928
A673T:A692E,-7.928481101989746
A673T:A692T,-6.056935787200928
A673T:D678E,-5.799028396606445
A673T:A692V,-2.222686767578125
A673T:A701T,-0.9074270725250244
A673T:A701V,-0.3367898464202881
A673T:A713E,-11.13265323638916
A673T:A713S,-6.320744514465332
A673T:A713T,-2.1360456943511963
A673S:M706K,-13.213006973266602
A673T:M706K,-13.755803108215332
A673T:M706T,-12.35860824584961
A673T:M706L,-10.885956764221191
A673T:V707M,-7.317257881164551
A673T:V707E,-13.681883811950684
A673T:V707A,-10.51495361328125
A673T:V695M,-4.261147499084473
A673T:V695E,-8.399227142333984
A673T:V689M,-5.174695014953613
A673T:V689E,-6.674698829650879
A673T:V689A,-6.888055801391602
A673T:S697T,-4.969600677490234
A673T:S697P,-7.640308380126953
A673T:S697L,-5.173743724822998
A673T:S697A,-5.854806423187256
A673T:S679T,-5.928075790405273
A673T:M706V,-9.25826358795166
A673T:N698I,-3.8137362003326416
A673T:N698S,-8.379270553588867
A673T:N698Y,-3.2724521160125732
A673T:Q686H,-5.147913932800293
A673T:Q686K,-7.345270156860352
A673T:Q686P,1.1980297565460205
A673T:S679L,-5.857680320739746
A673T:S679P,-5.540194511413574
A673T:Q686L,-4.531294822692871
A673T:V711A,-11.200334548950195
A673T:V711D,-14.317913055419922
A673T:V711L,-10.437240600585938
A673T:Y681C,-5.954132080078125
A673T:Y681H,-4.647353172302246
A673T:Y681N,-4.822876453399658
A673S:M706I,-9.665989875793457
A673S:L705H,-11.840730667114258
A673E:S697T,-6.115492820739746
A673E:S697P,-8.786200523376465
A673E:S697L,-6.319635391235352
A673E:S679T,-7.073967456817627
A673E:S679P,-6.686086177825928
A673E:Q686L,-5.677186489105225
A673E:Q686H,-6.2938055992126465
A673E:N698Y,-4.418344020843506
A673E:N698S,-9.525162696838379
A673E:N698I,-4.959628105163574
A673E:M706V,-10.404155731201172
A673E:M706T,-13.504500389099121
A673E:K687R,-7.62726354598999
A673E:K699E,-12.211600303649902
A673E:K699I,-8.46501636505127
A673E:K699N,-6.739264011383057
A673E:L688F,-1.1048939228057861
A673E:L688M,-4.779074668884277
A673E:L705H,-13.529417991638184
A673E:L705P,-11.789510726928711
A673E:M706I,-11.354677200317383
A673E:M706K,-14.901695251464844
A673E:M706L,-12.031848907470703
A673E:L688S,-4.989365577697754
A673E:V689A,-8.033947944641113
A673E:Y681N,-5.968768119812012
A673E:Y681H,-5.7932448387146
A673E:K687N,-4.104169845581055
A673E:V689E,-7.820590972900391
A673E:V689M,-6.320587158203125
A673E:V695E,-9.54511833190918
A673E:V695M,-5.407039642333984
A673E:V707A,-11.660844802856445
A673E:Y681C,-7.1000237464904785
A673E:V707E,-14.827775955200195
A673E:V707M,-8.463150024414062
A673E:V711A,-12.346226692199707
A673E:V711D,-15.463805198669434
A673E:V707L,-4.072101593017578
A673E:K687I,-10.118339538574219
A673E:I712V,-10.695625305175781
A673E:F691I,-1.9631462097167969
A673E:F690Y,-7.837181091308594
A673E:F690S,-9.271890640258789
A673E:F675S,-7.341291904449463
A673E:F675L,-8.741987228393555
A673E:F675I,-7.627078056335449
A673E:E693K,-4.096103191375732
A673E:E693G,0.7415680885314941
A673E:E693D,-4.819179534912109
A673E:E682V,-5.483853816986084
A673E:E682G,-3.258885383605957
A673E:A692E,-9.074373245239258
A673E:A692T,-7.202827453613281
A673E:A692V,-3.3685786724090576
A673E:A701T,-2.053318977355957
A673E:A701V,-1.4826817512512207
A673E:F691L,-6.460984230041504
A673E:A713S,-7.466636657714844
A673E:A713V,-3.8740382194519043
A673E:D678V,-6.973606109619141
A673E:D694G,-2.72979736328125
A673E:D694V,-11.642763137817383
A673E:A713T,-3.281937599182129
A673E:F691S,-7.1155924797058105
A673E:F691Y,-6.728317737579346
A673E:G680V,-4.856082916259766
A673E:H685L,-7.420228958129883
A673E:H685R,-7.538002967834473
A673E:I702F,-11.584315299987793
A673E:I702N,-11.036602020263672
A673E:I702T,-9.56389331817627
A673E:I702V,-9.168182373046875
A673E:I703T,-12.99866008758545
A673E:I703V,-10.252717018127441
A673E:I712K,-15.316349983215332
A673E:I712L,-10.422578811645508
A673E:I712M,-10.038263320922852
A673E:I712T,-13.509613037109375
A673E:I703N,-13.590306282043457
A673E:K687E,-8.901052474975586
A673E:G696C,-8.446052551269531
A673E:G696D,-10.86832046508789
A673E:G696S,-5.236571788787842
A673E:G696V,-5.532814979553223
A673E:G700D,-12.82380199432373
A673E:G708C,-8.679542541503906
A673E:G708D,-13.398131370544434
A673E:H677Q,-8.080436706542969
A673S:L705R,-11.799427032470703
A673S:G708D,-11.709444046020508
A673S:G708C,-6.9908552169799805
A673S:G704R,-10.533836364746094
A673S:G696S,-3.547883987426758
A673S:G696D,-9.179632186889648
A673S:G696C,-6.757364273071289
A673S:F691Y,-5.039629936218262
A673S:F691S,-5.426904678344727
A673S:F691L,-4.77229642868042
A673S:F691I,-0.2744584083557129
A673S:F690Y,-6.14849328994751
A673S:F690V,-2.594372034072876
A673S:D694G,-1.041109561920166
A673S:D694V,-9.95407485961914
A673S:E682G,-1.5701977014541626
A673S:E693D,-3.1304917335510254
A673S:E693G,2.430255889892578
A673S:F675I,-5.938389778137207
A673S:F675L,-7.0532989501953125
A673S:F675S,-5.652604103088379
A673S:E682V,-3.795166015625
A673S:I712M,-8.34957504272461
A673S:I712T,-11.820924758911133
A673S:I712V,-9.006937026977539
A673S:K687E,-7.21236515045166
A673S:K687I,-8.429651260375977
A673S:K687N,-2.4154820442199707
A673S:I712L,-8.733890533447266
A673S:K687R,-5.938575744628906
A673S:K699I,-6.7763285636901855
A673S:K699N,-5.050576210021973
A673S:L688F,0.5837938785552979
A673S:L688S,-3.30067777633667
A673S:K699E,-10.522912979125977
A673S:I712K,-13.627662658691406
A673S:I703T,-11.309972763061523
A673S:H677P,-5.321471214294434
A673S:H677Q,-6.391749382019043
A673S:I703V,-8.564029693603516
A673S:H685L,-5.731541156768799
A673S:H685R,-5.849315166473389
A673S:I702F,-9.895627975463867
A673S:I702N,-9.347914695739746
A673S:I702V,-7.479495048522949
A673S:I703N,-11.901618957519531
A673S:H685N,-4.643896102905273
A673S:D678V,-5.284918308258057
A673S:A713V,-2.1853504180908203
A673P:H685L,-6.111869812011719
A673P:G708C,-7.3711838722229
A673P:F691Y,-5.419958591461182
A673P:F691S,-5.8072333335876465
A673P:F691L,-5.15262508392334
A673P:F690V,-2.974700689315796
A673P:F675L,-7.433627605438232
A673P:E693D,-3.5108203887939453
A673P:E682V,-4.17549467086792
A673P:H685R,-6.229643821716309
A673P:A713V,-2.5656790733337402
A673P:D678G,-2.895625114440918
A673P:I702F,-10.275956153869629
A673P:I702N,-9.728242874145508
A673P:I702T,-8.255534172058105
A673P:S697P,-7.477841377258301
A673P:V695E,-8.236759185791016
A673P:V711D,-14.15544605255127
A673P:Q686L,-4.3688273429870605
A673S:A692S,-6.100801467895508
A673S:A692T,-5.5141401290893555
A673S:A692V,-1.6798908710479736
A673S:A701T,-0.36463117599487305
A673S:A701V,0.20600605010986328
A673S:A713S,-5.77794885635376
A673S:A692E,-7.385685443878174
A673S:D678E,-5.256232738494873
A673P:Q686H,-4.985446453094482
A673P:I703T,-11.690300941467285
A673P:I703V,-8.944357872009277
A673P:I712K,-14.007990837097168
A673P:I712L,-9.114219665527344
A673P:I712T,-12.201253890991211
A673P:I712V,-9.387266159057617
A673P:N698Y,-3.109984874725342
A673P:K687I,-8.809980392456055
A673P:K699I,-7.1566572189331055
A673P:K699N,-5.430904865264893
A673P:L688S,-3.68100643157959
A673P:L705H,-12.22105884552002
A673P:L705P,-10.481151580810547
A673P:K687T,-2.7621915340423584
A673T:L705H,-12.383525848388672
F675S:I712L,-9.344903945922852
F675S:I712M,-8.960588455200195
F675S:I712T,-12.431938171386719
F675S:I712V,-9.617950439453125
F675S:K687E,-7.823378562927246
F675S:K687Q,-3.9803977012634277
F675S:K687N,-3.0264954566955566
F675S:K687R,-6.549589157104492
F675S:K687T,-2.9928762912750244
F675S:K699E,-11.133926391601562
F675S:I712K,-14.238676071166992
F675S:K687I,-9.040664672851562
F675S:I703V,-9.175043106079102
F675S:I703N,-12.512632369995117
F675S:I703F,-12.510011672973633
F675S:I702V,-8.090508460998535
F675S:I702T,-8.48621940612793
F675S:I702N,-9.958928108215332
F675S:I702M,-10.693680763244629
F675S:I702F,-10.506641387939453
F675S:H685R,-6.460328578948975
F675S:K699I,-7.3873419761657715
F675S:I703T,-11.92098617553711
F675S:K699N,-5.661589622497559
F675S:K699Q,-5.944451332092285
F675S:S697T,-5.03781795501709
F675S:Y681H,-4.715570449829102
F675S:Y681C,-6.0223493576049805
F675S:V711L,-10.50545883178711
F675S:V711D,-14.386131286621094
F675S:V711A,-11.268552780151367
F675S:Y681N,-4.891093730926514
F675S:V707M,-7.3854756355285645
F675S:V707E,-13.750101089477539
F675S:V707A,-10.583170890808105
F675S:V695M,-4.329365253448486
F675S:V695G,-2.9539575576782227
F675S:V695E,-8.46744441986084
F675S:V689M,-5.242912769317627
F675S:V689L,-8.573747634887695
F675S:V689E,-6.742916584014893
F675S:V689A,-6.956273555755615
F675S:V707L,-2.99442720413208
F675V:Y681H,-4.560023784637451
F675V:V695E,-8.311897277832031
F675V:V689E,-6.587369918823242
F675V:N698Y,-3.1851229667663574
F675V:H677Q,-6.84721565246582
F675V:F691Y,-5.495096683502197
F675V:F691L,-5.2277631759643555
F675S:S697P,-7.708526134490967
F675S:S697L,-5.241961479187012
F675S:S679T,-5.996293067932129
F675S:S679L,-5.925897598266602
F675S:L688F,-0.027219533920288086
F675S:L688M,-3.7014002799987793
F675S:L688S,-3.911691188812256
F675S:L688W,-2.9616408348083496
F675S:L705H,-12.451744079589844
F675S:L705P,-10.711835861206055
F675S:L705R,-12.410440444946289
F675S:M706I,-10.277003288269043
F675S:M706K,-13.824020385742188
F675S:M706L,-10.954174041748047
F675S:M706R,-14.758562088012695
F675S:S679P,-5.60841178894043
F675S:M706T,-12.426826477050781
F675S:N698H,-7.214590072631836
F675S:N698I,-3.881953716278076
F675S:N698S,-8.447488784790039
F675S:N698Y,-3.340669631958008
F675S:Q686E,-8.116474151611328
F675S:Q686H,-5.216131210327148
F675S:Q686K,-7.413487911224365
F675S:Q686L,-4.599512100219727
F675S:M706V,-9.326480865478516
F675I:S697T,-5.323604106903076
F675I:V689A,-7.242059707641602
F675I:V689E,-7.028702735900879
F675I:V689L,-8.859533309936523
F675I:S697P,-7.994312286376953
F675I:V689M,-5.528698921203613
F675I:V695E,-8.753230094909668
F675I:V695G,-3.23974347114563
F675I:V695M,-4.615151405334473
F675I:V707A,-10.868956565856934
F675I:V707E,-14.035887718200684
F675I:V707L,-3.2802131175994873
F675I:V707M,-7.671261787414551
F675I:S697L,-5.52774715423584
F675I:S679P,-5.894197463989258
F675I:L705H,-12.737529754638672
F675I:L705P,-10.9976224899292
F675I:L705V,-1.039640188217163
F675I:M706I,-10.562788963317871
F675I:M706K,-14.109807014465332
F675I:M706L,-11.239960670471191
F675I:M706T,-12.71261215209961
F675I:M706V,-9.612266540527344
F675I:S679T,-6.282078742980957
F675I:N698K,-10.473013877868652
F675I:N698S,-8.733274459838867
F675I:N698Y,-3.626455545425415
F675I:Q686H,-5.501916885375977
F675I:Q686K,-7.699274063110352
F675I:Q686L,-4.885297775268555
F675I:S679L,-6.21168327331543
F675I:N698I,-4.167739391326904
F675I:V711A,-11.554338455200195
F675I:V711D,-14.671916961669922
F675I:V711F,-10.347090721130371
F675L:D694V,-11.965784072875977
F675L:E682A,-6.498954772949219
F675L:E682G,-3.5819058418273926
F675L:E682V,-5.8068742752075195
F675L:E693D,-5.142199993133545
F675L:E693G,0.4185476303100586
F675L:D694G,-3.0528178215026855
F675L:F690S,-9.594910621643066
F675L:F690V,-4.606080055236816
F675L:F690Y,-8.160202026367188
F675L:F691C,-9.14124870300293
F675L:F691I,-2.2861666679382324
F675L:F691L,-6.7840046882629395
F675L:F691S,-7.438612937927246
F675L:F691Y,-7.051338195800781
F675L:D678Y,-6.180353164672852
F675L:D678V,-7.296626567840576
F675I:Y681C,-6.308135032653809
F675I:Y681H,-5.001356601715088
F675I:Y681N,-5.1768798828125
F675L:A692E,-9.397394180297852
F675L:A692S,-8.112509727478027
F675L:A692T,-7.525848388671875
F675L:A692V,-3.691599130630493
F675L:A701P,-8.265868186950684
F675L:A701T,-2.3763394355773926
F675L:A701V,-1.8057022094726562
F675L:A713E,-12.601566314697266
F675L:A713S,-7.789657115936279
F675L:A713T,-3.6049580574035645
F675L:A713V,-4.19705867767334
F675L:D678A,-5.725788116455078
F675L:D678E,-7.267940998077393
F675L:D678G,-4.527004718780518
F675L:D678N,-5.2540411949157715
F675I:L688S,-4.197477340698242
F675L:G680V,-5.179103851318359
F675I:L688M,-3.9871861934661865
F675I:D678V,-6.181717872619629
F675I:D694G,-1.9379088878631592
F675I:D694V,-10.850874900817871
F675I:E682G,-2.4669971466064453
F675I:E682V,-4.691965103149414
F675I:E693D,-4.027291297912598
F675I:E693G,1.533456563949585
F675I:D678N,-4.139132022857666
F675I:F690V,-3.491171360015869
F675I:F690Y,-7.045292854309082
F675I:F691I,-1.171257734298706
F675I:F691L,-5.669095993041992
F675I:F691S,-6.323703765869141
F675I:F691Y,-5.936429023742676
F675I:G680V,-4.064194679260254
F675I:G696A,-5.957563400268555
F675I:D678G,-3.412095785140991
F675I:D678A,-4.610879421234131
F675C:E682V,-4.688886642456055
F675C:H677Q,-7.285470008850098
F675C:I702V,-8.373215675354004
F675C:I703T,-12.203693389892578
F675C:K699N,-5.944296836853027
F675C:Q686L,-4.882219314575195
F675C:S697P,-7.991233825683594
F675I:D678E,-6.153032302856445
F675I:A692T,-6.4109392166137695
F675I:A692V,-2.576690196990967
F675I:A701T,-1.2614305019378662
F675I:A701V,-0.6907932758331299
F675I:A713E,-11.48665714263916
F675I:A713G,-8.548635482788086
F675I:A713S,-6.674748420715332
F675I:A713T,-2.490049123764038
F675I:A713V,-3.0821497440338135
F675I:A692E,-8.282485008239746
F675I:G696C,-7.654163360595703
F675I:G696D,-10.076432228088379
F675I:G696S,-4.444683074951172
F675I:I702F,-10.792427062988281
F675I:I702N,-10.24471378326416
F675I:I702T,-8.772005081176758
F675I:I702V,-8.376294136047363
F675I:I703F,-12.795798301696777
F675I:I703N,-12.798418045043945
F675I:I703T,-12.206771850585938
F675I:I703V,-9.46082878112793
F675I:I712K,-14.52446174621582
F675I:I712L,-9.630690574645996
F675I:I712M,-9.24637508392334
F675I:I712V,-9.903736114501953
F675I:K687E,-8.109164237976074
F675I:K687I,-9.32645034790039
F675I:K687N,-3.312281370162964
F675I:K687Q,-4.266183853149414
F675I:K687R,-6.83537483215332
F675I:K687T,-3.2786622047424316
F675I:K699E,-11.41971206665039
F675I:K699I,-7.673128128051758
F675I:K699N,-5.947375297546387
F675I:I712T,-12.717724800109863
F675I:H685R,-6.746114730834961
F675I:H685N,-5.5406951904296875
F675I:G700D,-12.031913757324219
F675I:G704E,-11.676955223083496
F675I:G704R,-11.430636405944824
F675I:G708C,-7.8876543045043945
F675I:G708D,-12.606243133544922
F675I:H677D,-7.283109188079834
F675I:H677Q,-7.288548469543457
F675I:H685L,-6.628340721130371
F675I:L688F,-0.3130054473876953
F675C:E682G,-2.463918685913086
F675L:G696C,-8.769072532653809
F675L:G696R,-6.651699066162109
F675S:A701T,-0.975644588470459
F675S:A701V,-0.40500736236572266
F675S:A713E,-11.200870513916016
F675S:A713G,-8.262849807739258
F675S:A713P,-9.50750732421875
F675S:A713S,-6.388962268829346
F675S:A713T,-2.204263210296631
F675S:A713V,-2.7963638305664062
F675S:D678E,-5.867246150970459
F675S:D678G,-3.126309871673584
F675S:D678V,-5.895931720733643
F675S:D678Y,-4.779658317565918
F675S:D694G,-1.652122974395752
F675S:D694H,-5.292205810546875
F675S:D694V,-10.565088272094727
F675S:D694Y,-10.587196350097656
F675S:E682G,-2.181210994720459
F675S:D678N,-3.853346347808838
F675S:A692V,-2.2909042835235596
F675S:A692S,-6.711814880371094
F675L:V707A,-11.983865737915039
F675L:V707E,-15.150796890258789
F675L:V707L,-4.395122051239014
F675L:V707M,-8.786170959472656
F675L:V711A,-12.669246673583984
F675L:V711D,-15.786825180053711
F675L:V711F,-11.461999893188477
F675S:A692T,-6.125153541564941
F675L:Y681C,-7.423044204711914
F675L:Y681H,-6.116265296936035
F675L:Y681N,-6.291788578033447
F675S:A692E,-7.99669885635376
F675S:A692G,-3.7033307552337646
F675S:A692P,-7.928222179412842
F675S:E682V,-4.406179428100586
F675S:E693D,-3.7415051460266113
F675S:E693G,1.8192424774169922
F675S:G704E,-11.391168594360352
F675S:G704R,-11.14484977722168
F675S:G704V,-11.179292678833008
F675S:G708A,-10.329288482666016
F675S:G708C,-7.601868629455566
F675S:G708D,-12.320457458496094
F675S:G704A,-11.22917366027832
F675S:H677Q,-7.002762794494629
F675S:H685L,-6.342554569244385
F675S:H685N,-5.254909515380859
F675S:G700V,-1.7810263633728027
F675S:G700D,-11.74612808227539
F675S:E693K,-3.0184288024902344
F675S:F690S,-8.194215774536133
F675S:F690V,-3.205385446548462
F675S:F690Y,-6.759506702423096
F675S:F691C,-7.740553855895996
F675S:F691I,-0.8854718208312988
F675S:F691L,-5.383309841156006
F675S:F691S,-6.0379180908203125
F675S:F691V,-4.3362555503845215
F675S:F691Y,-5.650643348693848
F675S:G680A,-4.902775764465332
F675S:G680V,-3.7784087657928467
F675S:G696A,-5.671777725219727
F675S:G696C,-7.368377685546875
F675S:G696D,-9.790645599365234
F675S:G696S,-4.158897399902344
F675S:G696V,-4.455140590667725
F675L:V695M,-5.73006010055542
F675L:G696D,-11.191341400146484
F675L:V695G,-4.354652404785156
F675L:H685L,-7.743249416351318
F675L:H685N,-6.655604362487793
F675L:H685R,-7.861023426055908
F675L:I702F,-11.90733528137207
F675L:I702N,-11.359622955322266
F675L:I702T,-9.886913299560547
F675L:I702V,-9.491203308105469
F675L:I703N,-13.913326263427734
F675L:I703T,-13.321680068969727
F675L:I703V,-10.575736999511719
F675L:I712K,-15.63936996459961
F675L:I712L,-10.745599746704102
F675L:I712M,-10.361284255981445
F675L:I712T,-13.832633972167969
F675L:I712V,-11.018645286560059
F675L:K687E,-9.22407341003418
F675L:K687I,-10.441359519958496
F675L:I703F,-13.910707473754883
F675L:K687N,-4.42719030380249
F675L:G696S,-5.559592247009277
F675L:G696V,-5.855835437774658
F675L:G700D,-13.146821975708008
F675L:G700V,-3.1817212104797363
F675L:G704E,-12.791864395141602
F675L:G704R,-12.54554557800293
F675L:G708A,-11.72998332977295
F675L:G708C,-9.0025634765625
F675L:G708D,-13.721151351928711
F675L:H677D,-8.398017883300781
F675L:H677Q,-8.403457641601562
F675L:K687Q,-5.381092548370361
F675L:K687R,-7.950284004211426
F675L:K699E,-12.53462028503418
F675L:Q686L,-6.00020694732666
F675L:Q686P,-0.27088260650634766
F675L:S679L,-7.326592445373535
F675L:S679P,-7.009106636047363
F675L:S679T,-7.3969879150390625
F675L:S697A,-7.323719024658203
F675L:Q686K,-8.81418228149414
F675L:S697L,-6.642656326293945
F675L:S697T,-6.438512802124023
F675L:V689A,-8.35696792602539
F675L:V689E,-8.143611907958984
F675L:V689L,-9.974441528320312
F675L:V689M,-6.6436076164245605
F675L:S697P,-9.109220504760742
F675L:Q686H,-6.616826057434082
F675L:N698Y,-4.741364479064941
F675L:K699I,-8.788036346435547
F675L:K699N,-7.062284469604492
F675L:K699Q,-7.345146179199219
F675L:L688F,-1.4279143810272217
F675L:L688M,-5.102095127105713
F675L:L688S,-5.3123860359191895
F675L:L688W,-4.362335681915283
F675L:L705H,-13.852437973022461
F675L:L705P,-12.112531661987305
F675L:L705V,-2.1545491218566895
F675L:M706I,-11.677698135375977
F675L:M706K,-15.224716186523438
F675L:M706L,-12.354869842529297
F675L:M706T,-13.827520370483398
F675L:M706V,-10.72717571258545
F675L:N698H,-8.61528491973877
F675L:N698I,-5.28264856338501
F675L:N698S,-9.848182678222656
F675L:V695E,-9.868139266967773
H677P:G696C,-7.03724479675293
H677P:F691L,-5.052176475524902
H677P:F691I,-0.5543386936187744
H677P:F690Y,-6.428373336791992
H677P:E693D,-3.410372018814087
H677P:E682V,-4.075046539306641
H677P:E682G,-1.8500779867172241
H677P:F691S,-5.706785202026367
H677D:S697P,-8.442232131958008
H677D:S697T,-5.771523952484131
H677D:V695E,-9.201149940490723
H677D:V711D,-15.119836807250977
H677D:Q686H,-5.949836730957031
H677D:L705H,-13.185449600219727
H677D:A713V,-3.530069589614868
H677D:D678G,-3.860015630722046
H677D:E682G,-2.9149169921875
H677D:E682V,-5.139884948730469
H677D:E693D,-4.475211143493652
H677D:E693G,1.0855367183685303
H677D:F690Y,-7.493212699890137
H677D:F691C,-8.474259376525879
H677D:F691L,-6.117015838623047
H677D:F691Y,-6.3843488693237305
H677D:G696S,-4.892602920532227
H677D:G704R,-11.878556251525879
H677D:L688S,-4.645397186279297
H677D:L688M,-4.43510627746582
H677D:K699N,-6.395295143127441
H677D:K699I,-8.121047973632812
H677D:N698I,-4.615659236907959
H677D:K687R,-7.283294677734375
H677D:I712L,-10.07861042022705
H677D:I702V,-8.824213981628418
H677D:H685L,-7.076260566711426
H677D:K687E,-8.557084083557129
H677P:H685R,-6.129195213317871
H677P:I712L,-9.013771057128906
H677P:K687I,-8.709531784057617
H677P:K699E,-10.8027925491333
H677Q:V711A,-12.007697105407715
H677Q:V711D,-15.125275611877441
H677Q:V711F,-10.800450325012207
H677Q:V711L,-11.244603157043457
H677Q:Y681C,-6.7614946365356445
H677Q:Y681H,-5.454715728759766
H677Q:Y681N,-5.630239009857178
H677Q:Y681S,-6.712482452392578
H677Q:N698Y,-4.079814434051514
H677Q:Q686H,-5.9552764892578125
H677Q:Q686K,-8.152632713317871
H677Q:Q686L,-5.338657379150391
H677Q:Q686P,0.390667200088501
H677Q:S679L,-6.665042877197266
H677Q:S679P,-6.347557067871094
H677Q:S679T,-6.735438346862793
H677Q:S697L,-5.981106281280518
H677Q:S697P,-8.447670936584473
H677Q:S697T,-5.776963233947754
H677Q:V707M,-8.12462043762207
H677Q:V707L,-3.733572244644165
H677Q:V707G,-12.412576675415039
H677Q:V707E,-14.489246368408203
H677Q:V707A,-11.32231616973877
H677Q:V695M,-5.068510055541992
H677Q:V695E,-9.206589698791504
H677Q:V689M,-5.982057571411133
H677Q:V689E,-7.482061386108398
H677Q:V689A,-7.695418357849121
H677Q:V695G,-3.6931025981903076
H677Q:N698S,-9.186633110046387
H677Q:N698H,-7.9537353515625
H677Q:D678V,-6.635076522827148
H677Q:D678Y,-5.518803119659424
H677Q:D694G,-2.391268014907837
H677Q:D694V,-11.30423355102539
H677Q:D694Y,-11.326340675354004
H677Q:E682G,-2.920356273651123
H677Q:E682V,-5.14532470703125
H677Q:E693D,-4.480649948120117
H677Q:E693G,1.0800974369049072
H677Q:E693K,-3.7575738430023193
H677Q:G696C,-8.107522964477539
H677Q:G696A,-6.410923004150391
H677Q:G680V,-4.517553806304932
H677Q:F691Y,-6.389788627624512
H677Q:D678N,-4.592491149902344
H677Q:F691V,-5.075400352478027
H677Q:F691L,-6.122454643249512
H677Q:F691I,-1.6246168613433838
H677Q:F691C,-8.47969913482666
H677Q:F690Y,-7.498651504516602
H677Q:F690V,-3.944530487060547
H677Q:F690S,-8.933361053466797
H677Q:F691S,-6.777063369750977
H677Q:G696D,-10.529790878295898
H677Q:D678G,-3.865454912185669
H677Q:A713V,-3.535508871078491
H677P:K699I,-7.056208610534668
H677P:K699N,-5.330456733703613
H677P:L688M,-3.370267152786255
H677P:M706I,-9.945870399475098
H677P:N698S,-8.116354942321777
H677P:Q686L,-4.268379211425781
H677P:S697T,-4.7066850662231445
H677P:V689E,-6.411783218383789
H677P:V689M,-4.911779403686523
H677P:V695E,-8.136311531066895
H677P:V707M,-7.054342269897461
H677P:V711D,-14.054997444152832
H677Q:A692E,-8.735843658447266
H677Q:A713T,-2.943408250808716
H677Q:A713S,-7.128107070922852
H677Q:A713G,-9.001994132995605
H677Q:A713E,-11.94001579284668
H677Q:A701V,-1.1441524028778076
H677Q:A701T,-1.714789628982544
H677Q:D678E,-6.606390953063965
H677Q:A692V,-3.0300493240356445
H677Q:A692T,-6.864298343658447
H677Q:A692S,-7.450960159301758
H677Q:A692G,-4.44247579574585
H677Q:A701P,-7.604318618774414
H677Q:N698I,-4.621098518371582
H677Q:G696R,-5.99014949798584
H677Q:G696V,-5.1942853927612305
H677Q:I712L,-10.084049224853516
H677Q:I712M,-9.69973373413086
H677Q:I712T,-13.171083450317383
H677Q:I712V,-10.357095718383789
H677Q:K687E,-8.56252384185791
H677Q:K687I,-9.779809951782227
H677Q:K687N,-3.7656404972076416
H677Q:K687Q,-4.719542503356934
H677Q:K687R,-7.288734436035156
H677Q:K687T,-3.7320213317871094
H677Q:K699E,-11.87307071685791
H677Q:K699I,-8.126486778259277
H677Q:K699N,-6.400734901428223
H677Q:K699Q,-6.683596611022949
H677Q:K699T,-7.434785842895508
H677Q:L688F,-0.766364574432373
H677Q:M706V,-10.06562614440918
H677Q:M706T,-13.165970802307129
H677Q:M706L,-11.693319320678711
H677Q:M706K,-14.563165664672852
H677Q:M706I,-11.016148567199707
H677Q:I712K,-14.97782039642334
H677Q:L705V,-1.4929993152618408
H677Q:L705P,-11.450981140136719
H677Q:L705H,-13.190888404846191
H677Q:L688S,-4.650835990905762
H677Q:L688M,-4.440545082092285
H677Q:L705R,-13.149585723876953
H677Q:G696S,-4.898042678833008
H677Q:I703V,-9.91418743133545
H677Q:I703N,-13.251776695251465
H677Q:G700D,-12.485272407531738
H677Q:G704E,-12.130313873291016
H677Q:G704R,-11.883995056152344
H677Q:G704V,-11.918437004089355
H677Q:G708C,-8.34101390838623
H677Q:G708D,-13.059601783752441
H677Q:G708R,-12.927305221557617
H677Q:I703F,-13.249156951904297
H677Q:I702V,-8.8296537399292
H677Q:I702T,-9.225363731384277
H677Q:I702N,-10.698073387145996
H677Q:I702F,-11.2457857131958
H677Q:I703T,-12.660130500793457
H677Q:H685R,-7.1994733810424805
H677Q:H685P,-3.8304572105407715
H677Q:H685N,-5.994054794311523
H677Q:H685L,-7.081699371337891
D678A:E693G,3.7577667236328125
D678E:G700D,-11.349756240844727
D678E:G704E,-10.994797706604004
D678E:G708C,-7.2054972648620605
D678E:G708D,-11.92408561706543
D678E:H685R,-6.063957214355469
D678E:I702F,-10.110269546508789
D678E:I702T,-8.089847564697266
D678E:I702V,-7.694137096405029
D678E:I703T,-11.524614334106445
D678E:I712K,-13.842304229736328
D678E:I712L,-8.948533058166504
D678E:I712T,-12.035567283630371
D678E:I712V,-9.221578598022461
D678E:H685L,-5.946183204650879
D678E:G696D,-9.394274711608887
D678E:G696C,-6.972006320953369
D678E:F691Y,-5.254271984100342
D678E:A701T,-0.5792732238769531
D678E:A701V,-0.008635997772216797
D678E:A713T,-1.807891845703125
D678E:A713V,-2.3999924659729004
D678E:D694G,-1.255751609802246
D678E:E682G,-1.7848397493362427
D678E:E682V,-4.00980806350708
D678E:E693D,-3.3451337814331055
D678E:E693G,2.215613842010498
D678E:E693K,-2.6220574378967285
D678E:F690S,-7.797844409942627
D678E:F690V,-2.809014081954956
D678E:F690Y,-6.36313533782959
D678E:F691I,-0.48910045623779297
D678E:F691L,-4.9869384765625
D678E:F691S,-5.641546726226807
D678E:K687E,-7.42700719833374
D678E:A692V,-1.8945329189300537
D678E:K687I,-8.644292831420898
D678E:K687R,-6.153217792510986
D678E:V695E,-8.071073532104492
D678E:V695M,-3.9329938888549805
D678E:V707A,-10.186800003051758
D678E:V707E,-13.353730201721191
D678E:V711A,-10.872180938720703
D678E:V711D,-13.98975944519043
D678E:Y681N,-4.494722366333008
D678G:A692T,-2.9878456592559814
D678G:A701T,2.161663055419922
D678G:A701V,2.732300281524658
D678G:A713S,-3.251654624938965
D678G:A713T,0.93304443359375
D678G:A713V,0.3409438133239746
D678G:D694G,1.485184669494629
D678E:V689M,-4.846541404724121
D678E:V689E,-6.346545219421387
D678E:V689A,-6.559902191162109
D678E:K699E,-10.737554550170898
D678E:K699I,-6.990970611572266
D678E:K699N,-5.265218257904053
D678E:L688F,0.3691518306732178
D678E:L688M,-3.3050289154052734
D678E:L688S,-3.51531982421875
D678E:L705H,-12.05537223815918
D678E:M706K,-13.42764949798584
D678E:M706L,-10.5578031539917
D678E:M706V,-8.930109024047852
D678E:N698I,-3.4855823516845703
D678E:N698Y,-2.944298267364502
D678E:Q686H,-4.819759845733643
D678E:Q686L,-4.203140735626221
D678E:S679P,-5.212040424346924
D678E:S697L,-4.845589637756348
D678E:S697P,-7.312154769897461
D678E:S697T,-4.641447067260742
D678E:K687N,-2.630124092102051
D678E:A692T,-5.728781700134277
D678V:G696D,-9.42296028137207
D678V:G696C,-7.000691890716553
D678V:G680V,-3.4107229709625244
D678V:F691Y,-5.282957553863525
D678V:F691S,-5.67023229598999
D678V:F691L,-5.015624046325684
D678V:F691I,-0.5177860260009766
D678V:F690Y,-6.391820907592773
D678V:F690S,-7.8265299797058105
D678V:G696S,-3.7912116050720215
D678V:E693G,2.1869282722473145
D678V:E693D,-3.373819351196289
D678V:E682V,-4.038493633270264
D678V:E682G,-1.8135253190994263
D678V:D694V,-10.197402954101562
D678V:D694G,-1.2844371795654297
D678V:G696V,-4.087454795837402
D678V:G700D,-11.37844181060791
D678V:I703F,-12.142326354980469
D678V:I702V,-7.722822666168213
D678V:I702T,-8.11853313446045
D678V:I702N,-9.591241836547852
D678V:I702F,-10.138955116271973
D678V:H685R,-6.092642784118652
D678V:H685L,-5.9748687744140625
D678V:G708D,-11.952771186828613
D678V:G708C,-7.234182834625244
D678V:G704R,-10.777164459228516
D678V:G704E,-11.023483276367188
D678V:A713V,-2.428678035736084
D678V:A713T,-1.8365774154663086
D678V:A713S,-6.021276473999023
D678A:H685L,-4.4040303230285645
D678A:I703F,-10.571488380432129
D678A:I703T,-9.982461929321289
D678A:I712L,-7.4063801765441895
D678A:K699E,-9.195402145385742
D678A:L688M,-1.7628761529922485
D678A:M706K,-11.885497093200684
D678A:Q686H,-3.277606964111328
D678A:S697T,-3.0992941856384277
D678A:V689E,-4.804392337799072
D678A:V695E,-6.5289201736450195
D678A:V695M,-2.390841007232666
D678A:V707A,-8.644646644592285
D678A:V707M,-5.446951389312744
D678A:V711D,-12.447607040405273
D678G:D694V,-7.427781105041504
D678A:G708C,-5.663344383239746
D678A:F691L,-3.4447855949401855
D678V:A713E,-10.833185195922852
D678V:A701V,-0.03732156753540039
D678V:A701T,-0.6079587936401367
D678V:A692V,-1.9232184886932373
D678V:A692T,-5.757467269897461
D678V:A692G,-3.3356449604034424
D678V:A692E,-7.6290130615234375
D678N:Y681H,-2.3052992820739746
D678N:V711D,-11.975859642028809
D678N:V707A,-8.17289924621582
D678A:A692V,-0.3523801565170288
D678A:E693D,-1.8029810190200806
D678N:V707M,-4.9752044677734375
D678A:G696R,-3.3124799728393555
D678V:I703N,-12.144946098327637
D678N:F691I,1.5247994661331177
D678N:F691L,-2.973038673400879
D678N:F691S,-3.6276469230651855
D678N:F691Y,-3.2403721809387207
D678N:G696C,-4.958106517791748
D678N:G696D,-7.380374908447266
D678N:G696R,-2.840733051300049
D678N:G708C,-5.1915974617004395
D678N:G708D,-9.910185813903809
D678N:F690Y,-4.349235534667969
D678N:H685L,-3.932283401489258
D678N:F690V,-0.7951141595840454
D678G:Y681N,-1.7537862062454224
D678H:A692E,-4.607202529907227
D678H:K687E,-4.433882713317871
D678H:S697P,-4.319029808044434
D678H:V695E,-5.077948570251465
D678N:A701T,1.4346266984939575
D678N:A701V,2.0052638053894043
D678N:A713S,-3.9786911010742188
D678N:A713V,-0.38609254360198975
D678N:D694G,0.7581483125686646
D678N:D694V,-8.154817581176758
D678N:E682G,0.22906017303466797
D678N:E682V,-1.9959081411361694
D678N:E693D,-1.3312338590621948
D678N:E693G,4.229513645172119
D678G:Y681H,-1.5782629251480103
D678N:I702N,-7.548656940460205
D678N:M706L,-8.543903350830078
D678N:M706T,-10.016554832458496
D678N:M706V,-6.916209697723389
D678N:N698I,-1.4716823101043701
D678N:N698S,-6.037217140197754
D678N:N698Y,-0.9303982853889465
D678N:Q686H,-2.8058600425720215
D678N:Q686L,-2.1892409324645996
D678N:M706K,-11.413749694824219
D678N:S679T,-3.586021900177002
D678N:S697P,-5.29825496673584
D678N:S697T,-2.627546787261963
D678N:V689A,-4.546002388000488
D678N:V689E,-4.332645416259766
D678N:V689M,-2.8326416015625
D678N:V695E,-6.057173252105713
D678N:V695M,-1.9190939664840698
D678N:S697L,-2.8316898345947266
D678N:M706I,-7.866732120513916
D678N:L705P,-8.301565170288086
D678N:I702T,-6.0759477615356445
D678N:I702V,-5.680237293243408
D678N:I703F,-10.099740982055664
D678N:I703N,-10.102360725402832
D678N:I703T,-9.510714530944824
D678N:I703V,-6.764771461486816
D678N:I712K,-11.828404426574707
D678N:I712L,-6.934633255004883
D678N:I712M,-6.550317764282227
D678N:I712T,-10.02166748046875
D678N:I712V,-7.207679271697998
D678N:K687E,-5.413107395172119
D678N:K687N,-0.6162241697311401
D678N:K687R,-4.139317989349365
D678N:K699E,-8.723654747009277
D678N:K699I,-4.9770708084106445
D678N:K699N,-3.2513184547424316
D678N:L688F,2.383051872253418
D678N:L688M,-1.2911289930343628
D678N:L688S,-1.5014199018478394
D678N:L705H,-10.041472434997559
D678N:I702F,-8.096369743347168
D678G:Y681C,-2.8850417137145996
D678G:H685L,-3.205246925354004
D678G:H685N,-2.1176018714904785
D678G:H685R,-3.3230209350585938
D678G:I702F,-7.369333267211914
D678G:I702N,-6.821620464324951
D678G:I702T,-5.348911285400391
D678G:I702V,-4.953200817108154
D678G:I703F,-9.37270450592041
D678G:I703T,-8.78367805480957
D678G:I703V,-6.0377349853515625
D678G:I712K,-11.101367950439453
D678G:I712L,-6.207596778869629
D678G:I712M,-5.823281288146973
D678G:G708D,-9.183149337768555
D678G:G708C,-4.4645609855651855
D678G:E682V,-1.268871784210205
D678G:E693D,-0.6041975021362305
D678G:E693G,4.956550121307373
D678G:E693Q,0.8141155242919922
D678G:F690S,-5.056908130645752
D678G:F690V,-0.06807780265808105
D678G:F690Y,-3.622199058532715
D678G:F691I,2.251835823059082
D678G:F691L,-2.246002197265625
D678G:F691S,-2.9006104469299316
D678G:F691V,-1.1989479064941406
D678G:F691Y,-2.513335704803467
D678G:G696C,-4.231070041656494
D678G:G696D,-6.653338432312012
D678G:G700D,-8.608819961547852
D678G:G704E,-8.253861427307129
D678G:G704R,-8.007542610168457
D678G:I712T,-9.294631004333496
D678G:I712V,-6.480642795562744
D678G:K687E,-4.686070919036865
D678G:K687I,-5.903357028961182
D678G:S679P,-2.471104145050049
D678G:S679T,-2.858985424041748
D678G:S697L,-2.1046535968780518
D678G:S697P,-4.571218490600586
D678G:S697T,-1.900510549545288
D678G:V689A,-3.8189659118652344
D678G:V689E,-3.6056089401245117
D678G:V689M,-2.105605125427246
D678G:V695E,-5.330136775970459
D678G:V695G,0.1833500862121582
D678G:V695M,-1.1920576095581055
D678G:V707A,-7.445863246917725
D678G:V707E,-10.612793922424316
D678G:V707M,-4.248167991638184
D678G:V711A,-8.131244659423828
D678G:V711D,-11.248823165893555
D678G:S679L,-2.7885899543762207
D678G:E682G,0.9560965299606323
D678G:Q686K,-4.276180267333984
D678G:K687N,0.11081218719482422
D678G:K687R,-3.4122815132141113
D678G:K687T,0.14443135261535645
D678G:K699E,-7.996618270874023
D678G:K699I,-4.250034332275391
D678G:K699N,-2.5242819786071777
D678G:L688F,3.1100881099700928
D678G:L688M,-0.5640926361083984
D678G:L688S,-0.774383544921875
D678G:L705H,-9.314435958862305
D678G:L705P,-7.574528694152832
D678G:M706I,-7.139695644378662
D678G:M706K,-10.686713218688965
D678G:M706L,-7.816866874694824
D678G:M706V,-6.189173221588135
D678G:N698I,-0.7446460127830505
D678G:N698S,-5.3101806640625
D678G:N698Y,-0.20336192846298218
D678G:Q686H,-2.0788235664367676
D678G:Q686L,-1.4622044563293457
D678V:I703T,-11.553299903869629
D678N:V707E,-11.33983039855957
D678V:I712K,-13.870989799499512
D678Y:M706L,-9.47021484375
D678Y:M706K,-12.34006118774414
D678Y:L705H,-10.96778392791748
D678Y:L688S,-2.427731990814209
D678Y:L688M,-2.2174410820007324
D678Y:L688F,1.4567397832870483
D678Y:K699I,-5.903382778167725
D678Y:K699E,-9.6499662399292
D678Y:K687N,-1.5425361394882202
D678Y:K687I,-7.556705474853516
D678Y:K687E,-6.339419364929199
D678Y:I712V,-8.133991241455078
D678Y:I712T,-10.947978973388672
D678Y:I712L,-7.860945224761963
D678Y:M706T,-10.942866325378418
D678Y:I712K,-12.754715919494629
D678Y:M706V,-7.842521667480469
D678Y:N698I,-2.39799427986145
D678Y:V707A,-9.099211692810059
D678Y:V695M,-2.8454060554504395
D678Y:V695E,-6.983485221862793
D678Y:V689M,-3.75895357131958
D678Y:V689E,-5.258957386016846
D678Y:S697T,-3.553858757019043
D678Y:S697P,-6.22456693649292
D678Y:S679P,-4.124452590942383
D678Y:Q686L,-3.1155529022216797
D678Y:Q686H,-3.7321720123291016
D678Y:N698Y,-1.8567101955413818
D678Y:V707E,-12.266141891479492
D678Y:I703V,-7.6910834312438965
D678Y:I703F,-11.026052474975586
D678Y:F691L,-3.899350643157959
D678Y:F691I,0.5984874963760376
D678Y:F690Y,-5.275547504425049
D678Y:E693D,-2.2575459480285645
D678Y:E682V,-2.922220230102539
D678Y:D694Y,-9.103236198425293
D678Y:A713V,-1.3124045133590698
D678Y:A713T,-0.7203038930892944
D678Y:A713S,-4.905003070831299
D678Y:A701V,1.0789519548416138
D678V:I703V,-8.807356834411621
D678Y:F691S,-4.553958892822266
D678Y:I703T,-10.437026023864746
D678Y:F691V,-2.8522963523864746
D678Y:G696C,-5.884418487548828
D678Y:I702V,-6.606549263000488
D678Y:I702T,-7.002259731292725
D678Y:I702F,-9.02268123626709
D678Y:H685R,-4.976369380950928
D678Y:H685L,-4.858595371246338
D678Y:G708D,-10.83649730682373
D678Y:G708C,-6.1179094314575195
D678Y:G696D,-8.306686401367188
D678Y:F691Y,-4.166684150695801
D678Y:V707M,-5.901516437530518
D678Y:E682G,-0.6972517967224121
D678V:L705H,-12.084057807922363
D678V:L705P,-10.34415054321289
D678V:L705R,-12.042755126953125
D678V:M706I,-9.909317016601562
D678V:M706K,-13.456335067749023
D678V:M706L,-10.586488723754883
D678V:M706T,-12.0591402053833
D678V:M706V,-8.958795547485352
D678V:N698H,-6.846904277801514
D678V:N698I,-3.514267921447754
D678V:N698S,-8.079802513122559
D678V:N698Y,-2.9729838371276855
D678V:Q686H,-4.848445415496826
D678V:Q686L,-4.231826305389404
D678V:L688S,-3.5440053939819336
D678V:L688F,0.3404662609100342
D678V:I712L,-8.977218627929688
D678V:I712M,-8.592903137207031
D678V:I712T,-12.064252853393555
D678V:I712V,-9.250265121459961
D678V:K687I,-8.672979354858398
D678V:K687N,-2.6588096618652344
D678V:K687R,-6.18190336227417
D678V:K687T,-2.625190496444702
D678V:K699E,-10.766240119934082
D678V:K699I,-7.019656181335449
D678V:K699N,-5.293903827667236
D678V:K699Q,-5.576765537261963
D678V:K699T,-6.32795524597168
D678V:L688M,-3.333714485168457
D678V:S679L,-5.558211803436279
D678V:K687E,-7.455692768096924
D678V:S679T,-5.628607273101807
D678V:V711A,-10.900866508483887
D678V:V711D,-14.018445014953613
D678V:Y681C,-5.654663562774658
D678V:Y681N,-4.523407936096191
D678Y:A692T,-4.641193866729736
D678V:S679P,-5.240725994110107
D678Y:Y681N,-3.407134532928467
D678Y:V711D,-12.90217113494873
D678V:Y681H,-4.347884654998779
D678V:V707M,-7.017789840698242
D678Y:A692V,-0.8069449663162231
D678V:V707E,-13.382415771484375
D678V:S697L,-4.874275207519531
D678V:S697P,-7.3408403396606445
D678V:S697T,-4.670132637023926
D678V:V707L,-2.626741409301758
D678Y:V711A,-9.784592628479004
D678V:V689A,-6.588587760925293
D678V:V695E,-8.09975814819336
D678V:V695M,-3.961679458618164
D678V:V689M,-4.875226974487305
D678V:V689E,-6.37523078918457
D678V:V707A,-10.215484619140625
S679L:V707E,-13.412382125854492
S679L:V695M,-3.991645336151123
S679L:V695G,-2.6162376403808594
S679L:V711A,-10.930831909179688
S679L:V711D,-14.048410415649414
S679L:V689M,-4.905192852020264
S679L:V689E,-6.405196666717529
S679L:V689A,-6.618553638458252
S679L:V695E,-8.129724502563477
S679L:S697P,-7.3708062171936035
S679L:S697T,-4.700098037719727
S679L:L688S,-3.5739712715148926
S679L:Y681C,-5.684629440307617
S679L:L705H,-12.114023208618164
S679L:M706I,-9.93928337097168
S679L:M706K,-13.48630142211914
S679L:M706L,-10.616455078125
S679L:M706T,-12.089105606079102
S679L:M706V,-8.988760948181152
S679L:N698I,-3.544233798980713
S679L:N698Y,-3.0029497146606445
S679L:Q686H,-4.878411293029785
S679L:Q686L,-4.261792182922363
S679L:L688M,-3.363680362701416
S679L:N698S,-8.10976791381836
S679L:Y681H,-4.377850532531738
S679P:G696A,-5.016571998596191
S679P:F691Y,-4.9954376220703125
S679P:F691S,-5.382712364196777
S679P:F691L,-4.728104114532471
S679P:F691I,-0.23026609420776367
S679P:F690Y,-6.1043009757995605
S679P:F690V,-2.5501797199249268
S679P:F690S,-7.539010047912598
S679P:E693G,2.4744482040405273
S679P:E693D,-3.086299419403076
S679P:E682G,-1.5260053873062134
S679P:D694V,-9.909883499145508
S679P:D694G,-0.9969172477722168
S679P:A713V,-2.141158103942871
S679P:A713T,-1.5490574836730957
S679P:A713S,-5.7337565422058105
S679P:A701V,0.2501983642578125
S679P:A701T,-0.32043886184692383
S679P:A692T,-5.469947814941406
S679P:A692S,-6.056609153747559
S679L:Y681N,-4.55337381362915
S679P:E682V,-3.750973701477051
S679L:K699N,-5.323869705200195
S679L:A713T,-1.8665432929992676
S679L:K699E,-10.796205520629883
S679L:A701V,-0.06728744506835938
S679L:A701T,-0.6379246711730957
S679L:A692V,-1.9531843662261963
S679L:A692T,-5.787433624267578
S679A:V711D,-13.514623641967773
S679A:V695E,-7.595937728881836
S679A:V689M,-4.371406078338623
S679A:V689E,-5.871409893035889
S679L:A713S,-6.051242351531982
S679A:K687R,-5.678082466125488
S679A:H685L,-5.471047878265381
S679A:G708D,-11.448949813842773
S679A:F691Y,-4.779136657714844
S679A:F691L,-4.511803150177002
S679P:G696C,-6.71317195892334
S679A:M706V,-8.454974174499512
S679L:K699I,-7.049622058868408
S679L:A713V,-2.458643913269043
S679L:E682G,-1.8434911966323853
S679L:K687N,-2.6887755393981934
S679L:K687I,-8.7029447555542
S679L:K687E,-7.485658645629883
S679L:I712V,-9.280230522155762
S679L:I712M,-8.622869491577148
S679L:I712L,-9.007184982299805
S679L:I712K,-13.900955200195312
S679L:I702V,-7.752788543701172
S679L:H685R,-6.122608661651611
S679L:H685L,-6.0048346519470215
S679L:G708C,-7.264148712158203
S679L:G704R,-10.807130813598633
S679L:G700D,-11.408407211303711
S679L:G696C,-7.030657768249512
S679L:F691Y,-5.312923431396484
S679L:F691L,-5.045589923858643
S679L:F691I,-0.5477519035339355
S679L:E693G,2.1569623947143555
S679L:E693D,-3.403785228729248
S679P:G696D,-9.135440826416016
S679P:G696S,-3.5036916732788086
S679T:H685L,-6.075230121612549
S679T:H685N,-4.987585067749023
S679T:H685R,-6.193004131317139
S679T:I702F,-10.239316940307617
S679T:I702N,-9.691603660583496
S679T:I702T,-8.218894958496094
S679T:I702V,-7.823184013366699
S679T:I703F,-12.242687225341797
S679T:I703N,-12.245307922363281
S679T:I703T,-11.653661727905273
S679T:I703V,-8.907718658447266
S679T:I712K,-13.971351623535156
S679T:I712L,-9.077579498291016
S679T:I712M,-8.69326400756836
S679T:I712T,-12.164613723754883
S679T:I712V,-9.350625991821289
S679T:K687E,-7.55605411529541
S679T:K687I,-8.773340225219727
S679T:K687N,-2.7591710090637207
S679T:K687R,-6.282264709472656
S679T:K699E,-10.866601943969727
S679T:F690Y,-6.49218225479126
S679T:F691C,-7.47322940826416
S679T:F691I,-0.6181473731994629
S679T:F691L,-5.11598539352417
S679T:F691S,-5.770593643188477
S679T:F691Y,-5.383318901062012
S679T:G696A,-5.404453277587891
S679T:G696C,-7.101053237915039
S679T:G696D,-9.523321151733398
S679T:G696S,-3.891572952270508
S679T:G700D,-11.478803634643555
S679T:G704E,-11.123844146728516
S679T:G704R,-10.877525329589844
S679T:G708C,-7.3345441818237305
S679T:G708D,-12.053133010864258
S679T:K699I,-7.1200175285339355
S679T:V689A,-6.688949108123779
S679T:V689E,-6.475592136383057
S679T:V689M,-4.975588321685791
S679T:V695E,-8.200119972229004
S679T:V695G,-2.6866331100463867
S679T:V695M,-4.06204080581665
S679T:V707A,-10.31584644317627
S679T:V707E,-13.482776641845703
S679T:V707M,-7.1181511878967285
S679T:V711A,-11.001228332519531
S679T:V711D,-14.118806838989258
S679T:Y681C,-5.7550249099731445
S679T:Y681H,-4.448246002197266
S679T:Y681N,-4.623769283294678
S679P:G696R,-4.595798492431641
S679T:K699N,-5.394265174865723
S679T:S697T,-4.770493507385254
S679T:L688F,0.24010491371154785
S679T:L688M,-3.4340758323669434
S679T:L688S,-3.64436674118042
S679T:L705H,-12.184419631958008
S679T:L705P,-10.444511413574219
S679T:M706I,-10.009678840637207
S679T:M706K,-13.556695938110352
S679T:M706L,-10.686849594116211
S679T:M706T,-12.159502029418945
S679T:M706V,-9.05915641784668
S679T:N698I,-3.6146292686462402
S679T:N698S,-8.180164337158203
S679T:N698Y,-3.073345184326172
S679T:Q686H,-4.9488067626953125
S679T:Q686K,-7.146163463592529
S679T:Q686L,-4.332187652587891
S679T:Q686P,1.3971366882324219
S679T:S697L,-4.974637031555176
S679T:S697P,-7.441201686859131
S679T:E693G,2.086566925048828
S679T:E682V,-4.13885498046875
S679P:I712K,-13.58346939086914
S679P:I712L,-8.689699172973633
S679P:I712M,-8.305383682250977
S679P:I712T,-11.7767333984375
S679P:I712V,-8.96274471282959
S679P:K687E,-7.168172836303711
S679P:K687I,-8.385458946228027
S679P:K687N,-2.3712897300720215
S679P:K687R,-5.894383430480957
S679P:K699E,-10.478719711303711
S679P:K699I,-6.732136249542236
S679P:K699N,-5.006383895874023
S679P:L688F,0.6279861927032471
S679P:L688M,-3.046194553375244
S679P:L688S,-3.2564854621887207
S679P:L705H,-11.796537399291992
S679P:L705P,-10.056631088256836
S679P:M706I,-9.621797561645508
S679P:M706K,-13.168815612792969
S679P:M706L,-10.298969268798828
S679P:M706T,-11.77161979675293
S679P:I703V,-8.51983642578125
S679P:M706V,-8.67127513885498
S679P:I703T,-11.265779495239258
S679P:I703F,-11.854806900024414
S679T:E693D,-3.4741806983947754
S679P:G700D,-11.090921401977539
S679P:G704R,-10.489645004272461
S679P:G708C,-6.946662902832031
S679P:G708D,-11.665250778198242
S679P:H685L,-5.68734884262085
S679P:H685R,-5.8051228523254395
S679P:I702N,-9.303722381591797
S679P:I702T,-7.831013202667236
S679P:I702V,-7.435302734375
S679P:I703N,-11.857425689697266
S679P:I702F,-9.851434707641602
S679P:N698S,-7.792282581329346
S679P:Y681H,-4.060364723205566
S679P:Y681N,-4.2358880043029785
S679T:A692E,-7.729374408721924
S679T:A692S,-6.444490432739258
S679T:A692T,-5.8578290939331055
S679T:A692V,-2.0235798358917236
S679T:A701P,-6.597848892211914
S679T:A701T,-0.708320140838623
S679T:A713E,-10.93354606628418
S679T:A713S,-6.12163782119751
S679T:A713T,-1.936938762664795
S679T:A713V,-2.5290393829345703
S679T:D694G,-1.384798526763916
S679T:D694V,-10.29776382446289
S679P:N698I,-3.226747989654541
S679T:E682G,-1.9138866662979126
S679P:Y681C,-5.367143630981445
S679T:A701V,-0.13768291473388672
S679P:V711A,-10.613346099853516
S679P:Q686H,-4.560925483703613
S679P:V711D,-13.730924606323242
S679P:Q686L,-3.9443063735961914
S679P:Q686P,1.785017967224121
S679P:N698Y,-2.6854639053344727
S679P:S697T,-4.382612228393555
S679P:V689A,-6.30106782913208
S679P:V689E,-6.087710857391357
S679P:S697P,-7.053320407867432
S679P:V695E,-7.812238693237305
S679P:V695M,-3.674159526824951
S679P:V707A,-9.92796516418457
S679P:V707E,-13.09489631652832
S679P:V707L,-2.339221477508545
S679P:V707M,-6.730269908905029
S679P:V689M,-4.587707042694092
G680A:V711A,-9.907711029052734
G680A:F691C,-6.379712104797363
G680A:F691L,-4.022468090057373
G680A:G696D,-8.429803848266602
G680A:G708C,-6.241026878356934
G680A:I712L,-7.984062671661377
G680A:I712V,-8.257108688354492
G680A:K687I,-7.67982292175293
G680A:K687N,-1.6656537055969238
G680A:K699E,-9.77308464050293
G680A:K699I,-6.026500225067139
G680A:I703F,-11.149169921875
G680V:K699E,-8.648716926574707
G680V:K687R,-4.064380645751953
G680V:K687N,-0.5412867069244385
G680V:K687I,-6.555456161499023
G680V:K687E,-5.338170051574707
G680V:I712V,-7.132741928100586
G680V:I712T,-9.94672966003418
G680V:I712M,-6.475379943847656
G680V:I712L,-6.8596954345703125
G680V:I712K,-11.753466606140137
G680V:I703T,-9.435776710510254
G680V:I702V,-5.605299949645996
G680V:I702N,-7.473719596862793
G680V:I702F,-8.021431922912598
G680V:K699I,-4.902132987976074
G680V:H685R,-3.9751198291778564
G680V:H685L,-3.8573458194732666
G680V:G708D,-9.835247993469238
G680V:G708C,-5.116660118103027
G680V:G696S,-1.6736886501312256
G680V:G696C,-4.883169174194336
G680V:F691Y,-3.1654345989227295
G680V:K699N,-3.1763808727264404
G680V:L688S,-1.4264824390411377
G680V:Y681N,-2.4058852195739746
G680V:Y681C,-3.5371406078338623
G680V:V711D,-11.900921821594238
G680V:V711A,-8.783343315124512
G680V:V707M,-4.900266647338867
G680V:V707E,-11.264892578125
G680V:V707A,-8.097962379455566
G680V:V695E,-5.982235908508301
G680V:V689M,-2.757704019546509
G680V:V689E,-4.257707595825195
G680V:V689A,-4.471064567565918
G680V:L705P,-8.226627349853516
G680V:M706I,-7.791794776916504
G680V:M706K,-11.338811874389648
G680V:M706L,-8.468965530395508
G680V:M706V,-6.841272354125977
G680V:F691S,-3.5527093410491943
G680V:N698S,-5.962279319763184
G680V:Q686H,-2.7309224605560303
G680V:Q686L,-2.1143033504486084
G680V:S697A,-3.4378151893615723
G680V:S697P,-5.2233171463012695
G680V:S697T,-2.552609443664551
G680V:N698Y,-0.8554608225822449
G680V:F691L,-2.8981010913848877
G680V:E693G,4.304450988769531
G680V:E693D,-1.2562963962554932
G680V:E682V,-1.9209706783294678
G680V:E682G,0.30399763584136963
G680V:D694G,0.8330857753753662
G680V:A713V,-0.3111550807952881
G680V:A713S,-3.9037535190582275
G680V:A701V,2.0802013874053955
G680V:A701T,1.5095641613006592
G680V:F691I,1.5997369289398193
G680V:L705H,-9.966534614562988
G680A:A701V,0.9558343887329102
Y681H:N698Y,-1.7926225662231445
Y681H:N698S,-6.899441242218018
Y681H:N698I,-2.333906650543213
Y681H:M706V,-7.778433799743652
Y681H:M706T,-10.878779411315918
Y681H:M706L,-9.4061279296875
Y681H:M706K,-12.27597427368164
Y681H:M706I,-8.72895622253418
Y681H:L705P,-9.163789749145508
Y681H:L705H,-10.90369701385498
Y681H:L688S,-2.3636441230773926
Y681H:L688M,-2.153353214263916
Y681H:L688F,1.5208274126052856
Y681H:K699T,-5.147593975067139
Y681H:K699N,-4.113542556762695
Y681H:K699I,-5.839294910430908
Y681H:K699E,-9.5858793258667
Y681H:K687R,-5.001542091369629
Y681H:K687Q,-2.4323506355285645
Y681H:K687N,-1.478448510169983
Y681H:K687I,-7.492617607116699
Y681H:K687E,-6.275331497192383
Y681H:I712V,-8.069903373718262
Y681H:I712T,-10.883892059326172
Y681H:Q686H,-3.668084144592285
Y681H:I712M,-7.41254186630249
Y681H:Q686L,-3.0514650344848633
Y681H:S697L,-3.6939144134521484
Y681N:A692S,-5.339291572570801
Y681H:V711D,-12.83808422088623
Y681H:V711A,-9.720505714416504
Y681H:V707M,-5.837428569793701
Y681H:V707L,-1.4463802576065063
Y681H:V707E,-12.202054977416992
Y681H:V707A,-9.035123825073242
Y681H:V695M,-2.781318187713623
Y681H:V695E,-6.919397354125977
Y681H:V689M,-3.6948657035827637
Y681H:V689E,-5.194869518280029
Y681H:V689A,-5.408226490020752
Y681H:S697T,-3.4897713661193848
Y681H:S697P,-6.1604790687561035
Y681H:I712L,-7.7968573570251465
Y681H:I712K,-12.690629005432129
Y681H:I703V,-7.62699556350708
Y681H:F691L,-3.8352627754211426
Y681H:F691I,0.6625751256942749
Y681H:F690Y,-5.211459636688232
Y681H:E693G,3.3672895431518555
Y681H:E693D,-2.193458080291748
Y681H:E682V,-2.8581323623657227
Y681H:E682G,-0.6331641674041748
Y681H:D694V,-9.01704216003418
Y681H:D694G,-0.10407602787017822
Y681H:A713V,-1.2483168840408325
Y681H:A713T,-0.6562162637710571
Y681H:A713S,-4.840915203094482
Y681H:A701V,1.143039584159851
Y681H:A701T,0.5724023580551147
Y681H:A701P,-5.317126274108887
Y681H:A692V,-0.7428573369979858
Y681H:A692T,-4.577106475830078
Y681H:A692P,-6.3801751136779785
Y681H:A692G,-2.1552839279174805
Y681H:A692E,-6.4486517906188965
Y681H:F691S,-4.489871025085449
Y681H:F691Y,-4.102596282958984
Y681H:G696C,-5.820330619812012
Y681H:G696D,-8.242599487304688
Y681H:I703T,-10.372939109802246
Y681H:I703N,-10.964585304260254
Y681H:I703F,-10.961965560913086
Y681H:I702V,-6.542461395263672
Y681H:I702N,-8.410881042480469
Y681H:I702F,-8.95859432220459
Y681H:H685R,-4.912281513214111
Y681H:H685N,-3.706862449645996
Y681H:H685L,-4.7945075035095215
Y681N:A692T,-4.75262975692749
Y681H:G708R,-10.640113830566406
Y681H:G708D,-10.77241039276123
Y681H:G708C,-6.053821563720703
Y681H:G704V,-9.631245613098145
Y681H:G704R,-9.596803665161133
Y681H:G700R,-10.10305404663086
Y681H:G700D,-10.198081016540527
Y681H:G696V,-2.9070935249328613
Y681H:G696R,-3.7029571533203125
Y681N:Q686H,-3.8436074256896973
Y681N:N698Y,-1.9681458473205566
Y681N:N698S,-7.07496452331543
Y681N:N698I,-2.509429931640625
Y681N:M706V,-7.9539570808410645
Y681N:M706T,-11.054302215576172
Y681N:M706L,-9.581650733947754
Y681N:M706K,-12.451497077941895
Y681N:M706I,-8.90447998046875
Y681N:L705P,-9.339312553405762
Y681N:L705H,-11.079219818115234
Y681N:L688S,-2.5391674041748047
Y681N:L688M,-2.328876495361328
Y681N:L688F,1.3453041315078735
Y681N:K699N,-4.289065837860107
Y681N:K699I,-6.01481819152832
Y681N:K699E,-9.761402130126953
Y681N:K687R,-5.177065372467041
Y681N:K687N,-1.653971791267395
Y681N:K687I,-7.668140888214111
Y681N:K687E,-6.450854778289795
Y681N:I712V,-8.245427131652832
Y681N:I712T,-11.059414863586426
Y681N:Q686K,-6.040964126586914
Y681N:I712M,-7.588065147399902
Y681N:Q686L,-3.2269883155822754
Y681N:S697P,-6.336002349853516
Y681S:M706V,-9.036201477050781
Y681S:F691L,-5.093029975891113
Y681N:V711D,-13.013607025146484
Y681N:V711A,-9.896028518676758
Y681N:V707M,-6.012951850891113
Y681N:V707E,-12.377577781677246
Y681N:V707A,-9.210647583007812
Y681N:V695M,-2.956841468811035
Y681N:V695G,-1.581433892250061
Y681N:V695E,-7.094920635223389
Y681N:V689M,-3.870388984680176
Y681N:V689E,-5.370392799377441
Y681N:V689A,-5.583749771118164
Y681N:S697T,-3.665294647216797
Y681N:I712L,-7.972380638122559
Y681N:I712K,-12.866151809692383
Y681N:I703V,-7.802518844604492
Y681N:F691S,-4.665394306182861
Y681N:F691L,-4.010786056518555
Y681N:F691I,0.4870518445968628
Y681N:F690Y,-5.3869829177856445
Y681N:F690S,-6.821691989898682
Y681N:E693K,-1.6459051370620728
Y681N:E693G,3.1917662620544434
Y681N:E693D,-2.36898136138916
Y681N:E682V,-3.0336556434631348
Y681N:E682G,-0.8086874485015869
Y681N:E682A,-3.725736141204834
Y681N:D694V,-9.192564964294434
Y681N:D694G,-0.27959930896759033
Y681N:A713V,-1.4238401651382446
Y681N:A713T,-0.8317395448684692
Y681N:A713S,-5.0164384841918945
Y681N:A713G,-6.890325546264648
Y681N:A713E,-9.828347206115723
Y681N:A701V,0.967516303062439
Y681N:A701T,0.39687907695770264
Y681N:F691V,-2.9637317657470703
Y681N:F691Y,-4.2781195640563965
Y681N:G696C,-5.995853900909424
Y681N:G696D,-8.418122291564941
Y681N:I703T,-10.5484619140625
Y681N:I703N,-11.140108108520508
Y681N:I703F,-11.13748836517334
Y681N:I702V,-6.717984676361084
Y681N:I702T,-7.11369514465332
Y681N:I702N,-8.586404800415039
Y681N:I702F,-9.134117126464844
Y681N:H685R,-5.087804794311523
Y681N:H685N,-3.882385730743408
Y681N:H685L,-4.970030784606934
Y681N:A701P,-5.492649555206299
Y681N:G708D,-10.947933197021484
Y681N:G708C,-6.229344844818115
Y681N:G704V,-9.806768417358398
Y681N:G704R,-9.772326469421387
Y681N:G700D,-10.373603820800781
Y681N:G696S,-2.7863736152648926
Y681N:A692V,-0.918380618095398
Y681S:V689E,-6.45263671875
Y681C:N698Y,-3.0994014739990234
Y681C:N698S,-8.206220626831055
Y681C:N698I,-3.640685558319092
Y681C:M706V,-9.085212707519531
Y681C:M706T,-12.185558319091797
Y681C:M706L,-10.712905883789062
Y681C:M706K,-13.582752227783203
Y681C:M706I,-10.035735130310059
Y681C:L705P,-10.47056770324707
Y681C:L705H,-12.21047592163086
Y681C:L688S,-3.6704230308532715
Y681C:L688M,-3.460132122039795
Y681C:L688F,0.2140486240386963
Y681C:K699N,-5.420321464538574
Y681C:K699I,-7.146073818206787
Y681C:K699E,-10.892658233642578
Y681C:K687R,-6.308320999145508
Y681C:K687N,-2.7852272987365723
Y681C:K687I,-8.799396514892578
Y681C:K687E,-7.582110404968262
Y681C:I712V,-9.37668228149414
Y681C:I712T,-12.190670013427734
Y681C:I712M,-8.719320297241211
Y681C:I712L,-9.103635787963867
Y681C:Q686H,-4.974863052368164
Y681C:I712K,-13.997407913208008
Y681C:Q686K,-7.172219753265381
Y681D:F691I,-0.5088834762573242
Y681C:V711D,-14.14486312866211
Y681C:V711A,-11.027284622192383
Y681C:V707M,-7.14420747756958
Y681C:V707E,-13.508832931518555
Y681C:V707A,-10.341902732849121
Y681C:V695M,-4.088097095489502
Y681C:V695G,-2.7126893997192383
Y681C:V695E,-8.226176261901855
Y681C:V689M,-5.001644611358643
Y681C:V689E,-6.501648426055908
Y681C:V689A,-6.715005397796631
Y681C:S697T,-4.7965497970581055
Y681C:S697P,-7.467257976531982
Y681C:S697L,-5.000693321228027
Y681C:Q686L,-4.358243942260742
Y681C:I703V,-8.933774948120117
Y681C:I703T,-11.679718017578125
Y681C:I703N,-12.271364212036133
Y681C:F690S,-7.952947616577148
Y681S:N698Y,-3.0503897666931152
Y681C:E693G,2.0605106353759766
Y681C:E693D,-3.500236988067627
Y681C:E682V,-4.164911270141602
Y681C:E682G,-1.9399429559707642
Y681C:D694V,-10.323820114135742
Y681C:D694G,-1.4108548164367676
Y681C:A713V,-2.555095672607422
Y681C:A713T,-1.9629950523376465
Y681C:A701V,-0.16373920440673828
Y681C:A701T,-0.7343764305114746
Y681C:A692V,-2.049636125564575
Y681C:A692T,-5.883885383605957
Y681C:A692S,-6.470546722412109
Y681C:A692E,-7.755430698394775
Y681C:F690Y,-6.518238544464111
Y681C:F691I,-0.6442036628723145
Y681C:F691L,-5.1420416831970215
Y681C:F691S,-5.796649932861328
Y681C:I703F,-12.268743515014648
Y681C:I702V,-7.849240303039551
Y681C:I702T,-8.244951248168945
Y681C:I702N,-9.717659950256348
Y681C:I702F,-10.265373229980469
Y681C:H685R,-6.21906042098999
Y681C:H685L,-6.1012864112854
Y681D:I702V,-7.7139201164245605
Y681C:G708D,-12.07918930053711
Y681C:G708C,-7.360600471496582
Y681C:G704R,-10.903581619262695
Y681C:G704E,-11.149900436401367
Y681C:G704A,-10.987905502319336
Y681C:G700D,-11.504859924316406
Y681C:G696S,-3.9176292419433594
Y681C:G696C,-7.127109527587891
Y681C:F691Y,-5.409375190734863
Y681D:N698I,-3.5053653717041016
Y681D:V711D,-14.009542465209961
Y681D:Q686H,-4.839542865753174
E682V:A692E,-6.139260768890381
E682V:A692T,-4.2677154541015625
E682G:G696S,-0.07649099826812744
E682G:G696R,-1.1685978174209595
E682G:G696D,-5.708239555358887
E682G:G696C,-3.285971164703369
E682G:F691Y,-1.5682369470596313
E682G:F691V,-0.2538491487503052
E682G:F691S,-1.9555116891860962
E682G:G696V,-0.3727341890335083
E682G:F691L,-1.3009034395217896
E682G:F691C,-3.6581473350524902
E682G:F690Y,-2.67710018157959
E682G:F690V,0.8770209550857544
E682G:F690S,-4.111809253692627
E682G:F691I,3.196934700012207
E682G:E693K,1.063977599143982
E682G:G700D,-7.663721084594727
E682G:G708R,-8.105753898620605
E682G:G708D,-8.23805046081543
E682G:G708C,-3.5194621086120605
E682G:G704V,-7.096885681152344
E682G:G704R,-7.062443733215332
E682G:G704E,-7.308762550354004
E682G:E693G,5.901648998260498
E682G:E693D,0.340901255607605
E682G:D694Y,-6.504789352416992
E682G:D694V,-6.482682228088379
E682G:D694G,2.430283546447754
E682G:A713V,1.28604257106781
E682G:A713T,1.8781431913375854
E682G:A713S,-2.30655574798584
E682G:A713E,-7.118464469909668
E682G:A701V,3.677399158477783
E682G:A701T,3.106761932373047
E682G:A692V,1.7915021181106567
E682G:A692T,-2.0427470207214355
E682G:A692S,-2.629408836364746
E682G:A692G,0.37907564640045166
E682G:A692E,-3.914292335510254
E682V:G708R,-10.33072280883789
E682V:G708D,-10.463018417358398
E682V:G708C,-5.7444305419921875
E682V:G708A,-8.471850395202637
E682V:G704V,-9.321853637695312
E682V:G704R,-9.287412643432617
E682V:G704E,-9.533731460571289
E682V:G700V,0.07641172409057617
E682V:H685L,-4.485116481781006
E682V:I712M,-7.103150844573975
E682V:I712L,-7.487466335296631
E682V:I712K,-12.381237030029297
E682V:I703V,-7.3176045417785645
E682V:I703T,-10.063547134399414
E682V:I703N,-10.655193328857422
E682V:I703F,-10.65257453918457
E682V:I702V,-6.233070373535156
E682V:I702N,-8.101490020751953
E682V:I702F,-8.649202346801758
E682V:H685R,-4.602890491485596
E682V:H685P,-1.2338740825653076
E682V:H685N,-3.3974714279174805
E682V:I702T,-6.628780841827393
E682V:G700D,-9.888689041137695
E682V:D694H,-3.434767723083496
E682V:D694G,0.20531511306762695
E682V:A713V,-0.9389257431030273
E682V:A713T,-0.34682512283325195
E682V:A713S,-4.531524181365967
E682V:A713P,-7.650068759918213
E682V:A713G,-6.405411243438721
E682V:A701V,1.4524307250976562
E682V:A701T,0.8817934989929199
E682V:A701P,-5.007735252380371
E682V:A692V,-0.43346619606018066
E682V:A713E,-9.343433380126953
E682V:D694V,-8.707651138305664
E682V:D694Y,-8.729757308959961
E682V:E693D,-1.8840670585632324
E682V:G696S,-2.301459312438965
E682V:G696R,-3.393566131591797
E682V:G696D,-7.933207988739014
E682V:G696C,-5.510939598083496
E682V:F691Y,-3.7932052612304688
E682V:F691V,-2.4788174629211426
E682V:F691S,-4.180480003356934
E682V:F691L,-3.525871753692627
E682V:F691I,0.9719662666320801
E682V:F690Y,-4.902068614959717
E682V:F690V,-1.347947359085083
E682V:F690S,-6.336777687072754
E682V:E693K,-1.1609907150268555
E682V:E693G,3.676680564880371
E682V:I712T,-10.574501037597656
E682V:I712V,-7.760512351989746
E682V:K687I,-7.183226585388184
E682V:V707M,-5.5280375480651855
E682V:V707L,-1.1369891166687012
E682V:V707G,-9.815994262695312
E682V:V707E,-11.892663955688477
E682V:V707A,-8.725732803344727
E682V:V695M,-2.4719271659851074
E682V:V695G,-1.0965194702148438
E682V:V689M,-3.385474681854248
E682V:V689E,-4.885478496551514
E682V:V689A,-5.098835468292236
E682V:V695E,-6.610006332397461
E682V:V711L,-8.648019790649414
E682V:V711F,-8.203866958618164
E682V:V711D,-12.528692245483398
E682V:V711A,-9.411113739013672
E682V:L705H,-10.594305038452148
E682V:L688W,-1.1042027473449707
E682V:L688S,-2.054253101348877
E682V:L688M,-1.8439621925354004
E682V:L688F,1.8302185535430908
E682V:K699N,-3.8041515350341797
E682V:K699I,-5.529903888702393
E682V:K699E,-9.276487350463867
E682V:K687T,-1.1354382038116455
E682V:K687R,-4.692151069641113
E682V:K687Q,-2.122959613800049
E682V:K687N,-1.1690573692321777
E682V:K699Q,-4.087013244628906
E682V:L705P,-8.854398727416992
E682V:L705V,1.103583812713623
E682V:M706I,-8.419565200805664
E682V:S697T,-3.18038010597229
E682V:S697P,-5.851088047027588
E682V:S697L,-3.3845231533050537
E682V:S697A,-4.065586090087891
E682V:Q686P,2.987250328063965
E682V:Q686L,-2.7420740127563477
E682V:Q686K,-5.556049823760986
E682V:Q686H,-3.3586931228637695
E682V:N698Y,-1.483231544494629
E682V:N698S,-6.590050220489502
E682V:N698I,-2.0245156288146973
E682V:M706V,-7.469042778015137
E682V:M706T,-10.569387435913086
E682V:M706L,-9.096736907958984
E682V:M706K,-11.966583251953125
E682V:K687E,-5.965940475463867
E682G:H685L,-2.260148048400879
E682A:A713G,-7.09749174118042
E682A:G696C,-6.203020095825195
E682A:I712V,-8.452592849731445
E682A:L688S,-2.746333599090576
E682Q:V695E,-6.878890037536621
E682Q:Q686H,-3.6275768280029297
E682Q:I712L,-7.756350040435791
E682Q:I702V,-6.501954078674316
E682Q:F691L,-3.794755458831787
E682A:L705H,-11.286386489868164
E682A:M706K,-12.658662796020508
E682A:M706V,-8.161123275756836
E682A:Q686H,-4.050773620605469
E682A:V707E,-12.58474349975586
E682A:V707M,-6.220118045806885
E682V:A692G,-1.8458926677703857
E682G:M706L,-6.871767997741699
E682G:M706K,-9.74161434173584
E682G:L705V,3.32855224609375
E682G:L705R,-8.328034400939941
E682G:L705P,-6.629429817199707
E682G:L705H,-8.36933708190918
E682G:L688W,1.1207655668258667
E682G:L688S,0.17071521282196045
E682G:L688M,0.381006121635437
E682G:L688F,4.055186748504639
E682G:K699T,-2.613234519958496
E682G:K699Q,-1.8620449304580688
E682G:K699N,-1.5791832208633423
E682G:K699I,-3.3049354553222656
E682G:K699E,-7.051519393920898
E682G:K687R,-2.4671826362609863
E682G:K687Q,0.10200870037078857
E682G:K687N,1.0559109449386597
E682G:K687I,-4.958258152008057
E682G:K687E,-3.7409720420837402
E682G:I712V,-5.535543918609619
E682G:I712T,-8.349532127380371
E682G:I712M,-4.878182411193848
E682G:I712L,-5.262497901916504
E682G:M706T,-8.344419479370117
E682G:I712K,-10.156269073486328
E682G:M706V,-5.24407434463501
E682G:N698H,-3.13218355178833
E682G:V695E,-4.385037899017334
E682G:V689M,-1.1605063676834106
E682G:V689L,-4.491340637207031
E682G:V689E,-2.6605100631713867
E682G:V689A,-2.8738670349121094
E682G:S697T,-0.9554117918014526
E682G:S697P,-3.626119613647461
E682G:S697L,-1.1595548391342163
E682G:Q686P,5.212218761444092
E682G:Q686L,-0.5171056985855103
E682G:Q686K,-3.3310813903808594
E682G:Q686H,-1.1337248086929321
E682G:N698Y,0.7417368292808533
E682G:N698S,-4.365081787109375
E682G:N698K,-6.10482120513916
E682G:N698I,0.2004527449607849
E682G:I703V,-5.0926361083984375
E682G:M706I,-6.194596767425537
E682G:I703N,-8.430225372314453
E682G:I703T,-7.838579177856445
E682G:I703F,-8.427605628967285
E682G:I702V,-4.008101940155029
E682G:I702T,-4.403812408447266
E682G:I702N,-5.876521587371826
E682G:H685R,-2.3779220581054688
E682G:H685N,-1.172503113746643
E682G:V695M,-0.24695885181427002
E682G:V707A,-6.5007643699646
E682G:V707E,-9.667695045471191
E682G:V707L,1.0879791975021362
E682G:V707M,-3.3030691146850586
E682G:I702F,-6.424234390258789
E682G:V711D,-10.30372428894043
E682G:V711A,-7.186145782470703
E682G:V711F,-5.978898525238037
H685R:A701T,-1.1723556518554688
H685R:A701V,-0.6017184257507324
H685R:A713E,-11.397582054138184
H685R:A713P,-9.704217910766602
H685R:D694Y,-10.783906936645508
H685R:A713T,-2.4009742736816406
H685R:A713V,-2.993074893951416
H685R:D694G,-1.8488340377807617
H685R:D694V,-10.761799812316895
H685R:E693D,-3.938216209411621
H685R:A713S,-6.5856733322143555
H685R:A692T,-6.321864128112793
H685R:E693G,1.6225314140319824
H685R:A692V,-2.4876153469085693
H685R:A692E,-8.19340991973877
H685R:A692P,-8.124933242797852
H685R:E693K,-3.215139865875244
H685R:G704E,-11.58788013458252
H685R:G708C,-7.798579692840576
H685R:G708D,-12.517168045043945
H685R:G704V,-11.37600326538086
H685R:I702F,-10.703351974487305
H685R:I702N,-10.1556396484375
H685R:I702T,-8.682929992675781
H685R:I702V,-8.287220001220703
H685R:I703F,-12.7067232131958
H685R:I703L,-12.603852272033691
H685R:G704R,-11.341561317443848
H685R:F690S,-8.390926361083984
H685R:F690V,-3.4020965099334717
H685R:F690Y,-6.9562177658081055
H685R:F691I,-1.0821828842163086
H685R:F691L,-5.580020904541016
H685R:F691S,-6.234629154205322
H685R:G696C,-7.565088748931885
H685R:G696D,-9.987357139587402
H685R:G696S,-4.3556084632873535
H685R:G696V,-4.651851654052734
H685R:G700D,-11.942838668823242
H685R:F691Y,-5.847354412078857
H685R:I703N,-12.709342956542969
H685R:L688M,-3.898111343383789
H685R:I703V,-9.371753692626953
H685R:I703T,-12.117696762084961
H685R:L705H,-12.648454666137695
H685R:L705P,-10.908547401428223
H685R:M706I,-10.473714828491211
H685R:M706K,-14.020731925964355
H685R:L688S,-4.108402252197266
H685R:M706L,-11.150885581970215
H685R:M706V,-9.523191452026367
H685R:N698I,-4.078664779663086
H685R:N698S,-8.64419937133789
H685R:N698Y,-3.5373806953430176
H685R:Q686H,-5.412842273712158
H685R:M706T,-12.623537063598633
H685R:Q686K,-7.610198974609375
H685R:I712K,-14.435386657714844
H685R:I712L,-9.54161548614502
H685R:I712M,-9.157299995422363
H685R:I712T,-12.628649711608887
H685R:I712V,-9.814661026000977
H685R:L688F,-0.22393059730529785
H685R:K687E,-8.020090103149414
H685R:K687N,-3.2232065200805664
H685R:K687Q,-4.1771087646484375
H685R:K687R,-6.746300220489502
H685R:K699E,-11.330636978149414
H685R:K699I,-7.584053039550781
H685R:K699N,-5.858300685882568
H685R:K687I,-9.237375259399414
H685R:Q686L,-4.796223163604736
H685R:V711A,-11.465263366699219
H685R:V711D,-14.582841873168945
H685R:Q686P,0.9331011772155762
H685R:V707L,-3.19113826751709
H685R:S697L,-5.438672065734863
H685R:S697P,-7.905237197875977
H685R:S697T,-5.234529495239258
H685R:V689A,-7.152984619140625
H685R:V689E,-6.939627647399902
H685R:V707M,-7.582186698913574
H685R:V689L,-8.770458221435547
H685R:V695E,-8.664155960083008
H685R:V695G,-3.1506686210632324
H685R:V695M,-4.526076316833496
H685R:V707A,-10.779882431030273
H685R:V707E,-13.946812629699707
H685R:V689M,-5.439623832702637
H685L:N698H,-7.293527126312256
H685L:M706V,-9.405418395996094
H685L:M706T,-12.505763053894043
H685L:M706L,-11.033111572265625
H685L:M706K,-13.902957916259766
H685L:M706I,-10.355939865112305
H685L:L705V,-0.8327913284301758
H685L:L705P,-10.790773391723633
H685L:L705H,-12.530680656433105
H685L:L688S,-3.990628242492676
H685L:L688M,-3.780337333679199
H685L:L688F,-0.10615658760070801
H685L:K699T,-6.774578094482422
H685L:I712L,-9.42384147644043
H685L:I712M,-9.039525985717773
H685L:I712T,-12.510875701904297
H685L:I712V,-9.696887969970703
H685L:K687E,-7.902315616607666
H685L:K687I,-9.11960220336914
H685L:N698I,-3.960890769958496
H685L:K687N,-3.1054325103759766
H685L:K687R,-6.628526210784912
H685L:K699E,-11.212862968444824
H685L:K699I,-7.466279029846191
H685L:K699N,-5.7405266761779785
H685L:K699Q,-6.023388385772705
H685L:K687Q,-4.059334754943848
H685L:N698K,-10.266164779663086
H685L:N698S,-8.5264253616333
H685L:N698Y,-3.4196066856384277
H685L:V707A,-10.662107467651367
H685L:V707E,-13.829038619995117
H685L:V707G,-11.752368927001953
H685L:V707L,-3.0733642578125
H685L:V707M,-7.464412689208984
H685L:V695M,-4.408302307128906
H685L:V711A,-11.347489356994629
H685L:V711D,-14.465067863464355
H685L:V711F,-10.140241622924805
H685L:I712K,-14.317612648010254
H685L:V695E,-8.546380996704102
H685L:Q686E,-8.195411682128906
H685L:Q686H,-5.295068264007568
H685L:Q686K,-7.492424964904785
H685L:Q686L,-4.6784491539001465
H685L:S697L,-5.320898056030273
H685L:V695G,-3.0328946113586426
H685L:S697P,-7.787463188171387
H685L:V689A,-7.035210609436035
H685L:V689E,-6.8218536376953125
H685L:V689L,-8.652684211730957
H685L:V689M,-5.321849822998047
H685L:S697T,-5.116755485534668
H685L:I703V,-9.253979682922363
H685L:I703T,-11.999922752380371
H685L:I703N,-12.591568946838379
H685L:A701P,-6.94411039352417
H685L:A701T,-1.054581642150879
H685L:A713E,-11.279808044433594
H685L:A692V,-2.3698413372039795
H685L:A713S,-6.467899322509766
H685L:A713V,-2.875300884246826
H685L:D694G,-1.7310600280761719
H685L:D694V,-10.644025802612305
H685L:D694Y,-10.666132926940918
H685L:A713T,-2.283200263977051
H685L:E693D,-3.8204421997070312
H685L:A692T,-6.204090118408203
H685L:A692G,-3.7822678089141846
H685L:A692S,-6.790752410888672
H685L:A692E,-8.07563591003418
H685L:E693G,1.7403054237365723
H685L:G704R,-11.223787307739258
H685L:G708C,-7.680805683135986
H685L:G708D,-12.399394035339355
H685L:G704E,-11.47010612487793
H685L:I702F,-10.585577964782715
H685L:I702N,-10.037864685058594
H685L:I702T,-8.565155982971191
H685L:I702V,-8.169445037841797
H685L:I703F,-12.588949203491211
H685L:E693K,-3.0973658561706543
H685L:G700D,-11.825064659118652
H685L:G696S,-4.237834453582764
H685L:F690S,-8.273153305053711
H685L:F690V,-3.284322500228882
H685L:F690Y,-6.838443756103516
H685L:F691C,-7.819490909576416
H685L:F691I,-0.9644088745117188
H685L:F691S,-6.116855144500732
H685L:F691V,-4.415192604064941
H685L:F691Y,-5.729580402374268
H685L:G696C,-7.447314739227295
H685L:G696D,-9.869583129882812
H685L:G696R,-5.329941272735596
H685L:F691L,-5.462246894836426
H685L:V711L,-10.584395408630371
H685N:A692E,-6.987990856170654
H685P:V695E,-5.295139312744141
H685P:V689E,-3.5706112384796143
H685P:N698Y,-0.16836422681808472
H685P:N698I,-0.7096483111381531
H685P:M706L,-7.781868934631348
H685P:L705H,-9.279438018798828
H685P:L688S,-0.7393858432769775
H685P:K687T,0.1794290542602539
H685P:K687R,-3.377283811569214
H685P:K687I,-5.868359565734863
H685P:I703T,-8.748680114746094
H685P:I702V,-4.918203353881836
H685P:I702T,-5.313913345336914
H685N:V711A,-10.259843826293945
H685N:V711D,-13.377422332763672
H685P:D694G,1.5201823711395264
H685P:E693D,-0.569199800491333
H685P:V711D,-11.213825225830078
H685P:F691I,2.2868335247039795
H685P:F691L,-2.2110044956207275
H685P:G696C,-4.196072578430176
H685N:V707M,-6.376767635345459
H685N:G696C,-6.3596696853637695
H685N:G696S,-3.1501893997192383
H685N:G708C,-6.593160629272461
H685N:F691Y,-4.641935348510742
H685N:I702F,-9.497932434082031
H685N:I702V,-7.08180046081543
H685N:I703F,-11.501304626464844
H685N:I703N,-11.503923416137695
H685N:I703T,-10.912277221679688
H685N:I703V,-8.16633415222168
H685N:I712K,-13.22996711730957
H685N:I702N,-8.950220108032227
H685N:I712L,-8.336196899414062
H685N:F691S,-5.029210090637207
H685N:F691I,0.12323617935180664
H685N:A692T,-5.116445541381836
H685N:A692V,-1.282196283340454
H685N:A701T,0.033063411712646484
H685N:A701V,0.6037006378173828
H685N:A713S,-5.38025426864624
H685N:F691L,-4.3746018409729
H685N:D694V,-9.556381225585938
H685N:E693G,2.8279504776000977
H685N:F690V,-2.1966774463653564
H685N:F690Y,-5.75079870223999
H685N:E693D,-2.732797145843506
H685N:I712M,-7.951880931854248
H685N:I712T,-11.42323112487793
H685N:I712V,-8.60924243927002
H685N:N698I,-2.8732457160949707
H685N:N698S,-7.438780307769775
H685N:N698Y,-2.3319616317749023
H685N:Q686H,-4.207423210144043
H685N:Q686L,-3.590804100036621
H685N:S697P,-6.699818134307861
H685N:V689A,-5.94756555557251
H685N:V689E,-5.734208583831787
H685N:V695E,-7.458736419677734
H685N:V695M,-3.320657253265381
H685N:V707E,-12.74139404296875
H685N:S697T,-4.029109954833984
H685N:M706V,-8.31777286529541
H685N:M706T,-11.41811752319336
H685N:M706L,-9.945466995239258
H685N:K687E,-6.814670562744141
H685N:K687I,-8.031956672668457
H685N:K687N,-2.017787456512451
H685N:K699E,-10.12521743774414
H685N:K699I,-6.378633975982666
H685N:K699N,-4.652881622314453
H685N:L688M,-2.692692279815674
H685N:L688S,-2.9029831886291504
H685N:L705H,-11.443035125732422
H685N:L705P,-9.703128814697266
H685N:M706K,-12.815313339233398
H685N:L688F,0.9814884662628174
H685L:A701V,-0.4839444160461426
Q686K:L688S,-5.061561584472656
Q686K:L688M,-4.85127067565918
Q686L:M706I,-8.612897872924805
Q686P:I712K,-6.845245838165283
Q686P:I703T,-4.5275559425354
Q686P:I702V,-0.6970787048339844
Q686P:I702F,-3.113211154937744
Q686P:G708D,-4.927027225494385
Q686P:G696C,0.02505207061767578
Q686P:F691S,1.3555116653442383
Q686P:F691L,2.010119915008545
Q686P:F691I,6.507957935333252
Q686P:F690Y,0.6339230537414551
Q686P:I712L,-1.951474666595459
Q686P:E693D,3.6519246101379395
Q686P:A713V,4.5970659255981445
Q686P:A713T,5.18916654586792
Q686P:A701V,6.988422393798828
Q686L:V711L,-8.841352462768555
Q686L:V711F,-8.397199630737305
Q686L:V711D,-12.722024917602539
Q686L:V711A,-9.604446411132812
Q686P:I712M,-1.5671591758728027
Q686P:I712T,-5.038508892059326
Q686P:I712V,-2.224520683288574
Q686P:V711A,-3.875122547149658
Q686P:V707M,0.007954120635986328
Q686P:V707E,-6.3566718101501465
Q686P:V695E,-1.074014663696289
Q686P:V689E,0.6505131721496582
Q686P:V689A,0.43715620040893555
Q686P:S697T,2.355611562728882
Q686P:S697P,-0.315096378326416
Q686P:S697L,2.151468515396118
Q686P:N698Y,4.052760124206543
Q686P:N698I,3.5114760398864746
Q686P:M706V,-1.9330511093139648
Q686P:M706T,-5.033396244049072
Q686P:M706I,-2.883573532104492
Q686P:L705P,-3.318406581878662
Q686P:L705H,-5.058313846588135
Q686P:L688S,3.481738567352295
Q686P:L688F,7.366209983825684
Q686P:K699I,0.006087779998779297
Q686P:K699E,-3.7404961585998535
Q686P:K687E,-0.4299488067626953
Q686E:A692V,-4.14376163482666
Q686H:F691I,0.16201448440551758
Q686H:F691L,-4.3358235359191895
Q686H:F691S,-4.990431785583496
Q686H:F691Y,-4.603157043457031
Q686H:G696C,-6.320891380310059
Q686H:G696D,-8.743160247802734
Q686H:G696S,-3.1114110946655273
Q686H:G700D,-10.698640823364258
Q686H:G700R,-10.603614807128906
Q686H:G700V,-0.7335400581359863
Q686H:G704A,-10.181686401367188
Q686H:G704E,-10.343683242797852
Q686H:G704R,-10.09736442565918
Q686H:G704V,-10.131805419921875
Q686H:G708A,-9.2818021774292
Q686H:G708C,-6.55438232421875
Q686H:G708D,-11.272970199584961
Q686H:I702F,-9.45915412902832
Q686H:I702N,-8.911441802978516
Q686H:F691C,-6.69306755065918
Q686H:F690Y,-5.712020397186279
Q686H:F690S,-7.146729469299316
Q686E:A701T,-2.8285017013549805
Q686E:K687R,-8.402446746826172
Q686H:A692E,-6.949212551116943
Q686H:A692S,-5.664328575134277
Q686H:A692T,-5.077667236328125
Q686H:A692V,-1.2434179782867432
Q686H:A701P,-5.817687034606934
Q686H:A701T,0.07184171676635742
Q686H:A701V,0.6424789428710938
Q686H:A713E,-10.153385162353516
Q686H:A713G,-7.215363025665283
Q686H:A713S,-5.341475963592529
Q686H:A713T,-1.1567769050598145
Q686H:A713V,-1.7488775253295898
Q686H:D694G,-0.6046366691589355
Q686H:D694V,-9.517602920532227
Q686H:D694Y,-9.539709091186523
Q686H:E693D,-2.694018840789795
Q686H:E693G,2.8667287826538086
Q686H:F690V,-2.1578991413116455
Q686K:K699N,-6.811460018157959
Q686K:K699I,-8.537212371826172
Q686K:K699E,-12.283796310424805
Q686K:K687N,-4.176365852355957
Q686K:K687I,-10.190534591674805
Q686K:K687E,-8.973249435424805
Q686K:I712V,-10.767820358276367
Q686K:I712T,-13.581809043884277
Q686K:I712M,-10.110459327697754
Q686K:I712L,-10.49477481842041
Q686K:I712K,-15.388545989990234
Q686K:I703V,-10.324913024902344
Q686H:I702T,-7.438732624053955
Q686K:K699Q,-7.0943217277526855
Q686H:I702V,-7.043022155761719
Q686H:I703M,-11.308305740356445
Q686K:M706V,-10.476350784301758
Q686K:M706L,-12.104044914245605
Q686K:M706K,-14.973891258239746
Q686K:M706I,-11.426874160766602
Q686K:L705P,-11.861706733703613
Q686K:L705H,-13.601613998413086
Q686K:L688W,-4.11151123046875
Q686H:L705H,-11.404256820678711
Q686H:L705P,-9.664350509643555
Q686H:L705R,-11.362955093383789
Q686K:N698H,-8.364459991455078
Q686H:L705V,0.29363203048706055
Q686H:M706K,-12.776535034179688
Q686H:M706L,-9.906688690185547
Q686H:M706T,-11.379339218139648
Q686H:M706V,-8.2789945602417
Q686H:N698H,-6.1671037673950195
Q686H:N698I,-2.8344674110412598
Q686H:N698K,-9.139741897583008
Q686H:N698S,-7.4000020027160645
Q686H:N698Y,-2.2931833267211914
Q686H:S697A,-4.875537872314453
Q686H:S697L,-4.194475173950195
Q686H:M706I,-9.229516983032227
Q686K:N698I,-5.031824111938477
Q686K:N698S,-9.597358703613281
Q686K:N698Y,-4.490540027618408
Q686L:A713V,-1.132258415222168
Q686L:A713T,-0.5401577949523926
Q686L:A713S,-4.724856853485107
Q686L:A713G,-6.598743915557861
Q686L:A713E,-9.536766052246094
Q686L:A701V,1.2590980529785156
Q686L:A701T,0.6884608268737793
Q686L:A692V,-0.6267988681793213
Q686L:A692T,-4.461048126220703
Q686L:A692E,-6.3325934410095215
Q686K:V711D,-15.536001205444336
Q686K:V707M,-8.535346031188965
Q686K:V707E,-14.899971961975098
Q686K:V707A,-11.733041763305664
Q686K:V695M,-5.479235649108887
Q686K:V695E,-9.617315292358398
Q686K:V689M,-6.392783164978027
Q686K:V689E,-7.892786979675293
Q686K:S697T,-6.187688827514648
Q686K:S697P,-8.858396530151367
Q686K:S697A,-7.072894096374512
Q686H:S697P,-6.66103982925415
Q686H:S697T,-3.9903318881988525
Q686H:V689A,-5.908787250518799
Q686H:V689E,-5.695430278778076
Q686K:D694G,-2.8019933700561523
Q686K:D694V,-11.714959144592285
Q686K:E693D,-4.891375541687012
Q686K:E693G,0.6693720817565918
Q686K:F690Y,-7.909377098083496
Q686K:F691C,-8.890424728393555
Q686K:F691I,-2.035342216491699
Q686K:F691L,-6.533180236816406
Q686K:F691S,-7.187788486480713
Q686K:F691Y,-6.800513744354248
Q686K:G696C,-8.518247604370117
Q686K:G696D,-10.940516471862793
Q686K:G696S,-5.308767795562744
Q686K:G700D,-12.895998001098633
Q686K:G704E,-12.54103946685791
Q686K:G708C,-8.751739501953125
Q686K:I702F,-11.656511306762695
Q686K:I702N,-11.10879898071289
Q686K:I702T,-9.636089324951172
Q686K:I702V,-9.240379333496094
Q686K:A713V,-3.9462342262268066
Q686K:A713S,-7.538832664489746
Q686H:V689L,-7.526260852813721
Q686H:V689M,-4.1954264640808105
Q686H:V695E,-7.419958114624023
Q686H:V695G,-1.9064712524414062
Q686H:V695M,-3.28187894821167
Q686H:V707A,-9.535684585571289
Q686H:V707E,-12.702615737915039
Q686H:V707G,-10.625946044921875
Q686H:V707M,-6.337989330291748
Q686H:V711A,-10.221065521240234
Q686H:V711D,-13.338644027709961
Q686H:V711L,-9.457971572875977
Q686K:A692E,-9.14656925201416
Q686K:A692T,-7.275023460388184
Q686K:A692V,-3.44077467918396
Q686K:A701V,-1.554877758026123
Q686K:A713E,-12.350741386413574
Q686K:A713T,-3.3541336059570312
Q686L:D694G,0.011982440948486328
Q686L:D694V,-8.900983810424805
Q686L:V695G,-1.2898521423339844
Q686L:V695E,-6.803339004516602
Q686L:V689M,-3.5788073539733887
Q686L:V689L,-6.909641742706299
Q686L:V689E,-5.078811168670654
Q686L:V689A,-5.292168140411377
Q686L:S697T,-3.3737127780914307
Q686L:S697P,-6.0444207191467285
Q686L:S697L,-3.5778558254241943
Q686L:N698Y,-1.6765642166137695
Q686L:N698S,-6.783382892608643
Q686L:N698I,-2.217848300933838
Q686L:N698H,-5.550484657287598
Q686L:M706V,-7.662375450134277
Q686L:M706T,-10.762720108032227
Q686L:M706L,-9.290069580078125
Q686L:M706K,-12.159915924072266
Q686K:I703T,-13.070856094360352
Q686L:L705V,0.9102511405944824
Q686L:L705R,-10.746335983276367
Q686L:L705P,-9.047731399536133
Q686L:L705H,-10.787637710571289
Q686L:L688S,-2.2475857734680176
Q686L:V695M,-2.665259838104248
Q686L:L688M,-2.037294864654541
Q686L:V707A,-8.919065475463867
Q686L:V707G,-10.009326934814453
Q686H:I703N,-11.465145111083984
Q686H:I703T,-10.873498916625977
Q686H:I703V,-8.127555847167969
Q686H:I712K,-13.19118881225586
Q686H:I712L,-8.297418594360352
Q686H:I712M,-7.913102626800537
Q686H:I712T,-11.384452819824219
Q686H:I712V,-8.570464134216309
Q686H:K687E,-6.77589225769043
Q686H:K687I,-7.993178367614746
Q686H:K687N,-1.9790091514587402
Q686H:K687Q,-2.9329113960266113
Q686H:K687R,-5.502102851867676
Q686H:K687T,-1.945389986038208
Q686H:K699E,-10.08643913269043
Q686H:K699I,-6.339855670928955
Q686H:K699N,-4.614103317260742
Q686H:K699T,-5.6481547355651855
Q686H:L688F,1.0202667713165283
Q686H:L688M,-2.653913974761963
Q686H:L688S,-2.8642048835754395
Q686L:V707M,-5.721370220184326
Q686L:V707L,-1.3303217887878418
Q686L:V707E,-12.085996627807617
Q686H:I703F,-11.462526321411133
Q686L:L688F,1.6368858814239502
Q686L:G704R,-9.480745315551758
Q686L:G704E,-9.72706413269043
Q686L:G704A,-9.565067291259766
Q686L:G700D,-10.082021713256836
Q686L:G696V,-2.7910351753234863
Q686L:G696S,-2.4947919845581055
Q686L:G696D,-8.126541137695312
Q686L:G696C,-5.704272270202637
Q686L:G696A,-4.007672309875488
Q686L:F691Y,-3.9865379333496094
Q686L:F691V,-2.672150135040283
Q686L:F691S,-4.373812675476074
Q686L:F691L,-3.7192044258117676
Q686L:F691I,0.7786335945129395
Q686L:F691C,-6.076448440551758
Q686L:F690Y,-5.095401287078857
Q686L:F690V,-1.5412800312042236
Q686L:F690S,-6.5301103591918945
Q686L:E693K,-1.354323387145996
Q686L:E693G,3.4833478927612305
Q686L:E693D,-2.077399730682373
Q686L:D694Y,-8.923089981079102
Q686L:G704V,-9.515186309814453
Q686L:K699T,-5.031535625457764
Q686L:G708C,-5.937763214111328
Q686L:G708R,-10.524055480957031
Q686L:K699N,-3.9974842071533203
Q686L:K699I,-5.723236560821533
Q686L:K699E,-9.469820022583008
Q686L:K687T,-1.3287708759307861
Q686L:K687R,-4.885483741760254
Q686L:K687N,-1.3623900413513184
Q686L:K687I,-7.376559257507324
Q686L:K687E,-6.159273147583008
Q686L:I712V,-7.953845024108887
Q686L:I712T,-10.767833709716797
Q686L:I712M,-7.296483516693115
Q686L:I712L,-7.6807990074157715
Q686L:I712K,-12.574569702148438
Q686L:I703V,-7.510937213897705
Q686L:I703T,-10.256879806518555
Q686L:I703N,-10.848526000976562
Q686L:I703F,-10.845907211303711
Q686L:I702V,-6.426403045654297
Q686L:I702T,-6.822113513946533
Q686L:I702N,-8.294822692871094
Q686L:I702F,-8.842535018920898
Q686L:G708D,-10.656351089477539
Q686K:I703F,-13.659882545471191
Q686K:I703N,-13.66250228881836
Q686K:L688F,-1.1770899295806885
K687T:V711A,-7.997811317443848
K687E:K699E,-12.693687438964844
K687E:I712V,-11.177711486816406
K687E:I712T,-13.99169921875
K687E:I712M,-10.520349502563477
K687E:I712L,-10.904664993286133
K687E:I712K,-15.798437118530273
K687E:I703V,-10.734804153442383
K687E:I703T,-13.48074722290039
K687E:I703N,-14.072393417358398
K687E:I703F,-14.069772720336914
K687E:I702V,-9.650269508361816
K687E:I702T,-10.045980453491211
K687E:I702N,-11.518689155578613
K687E:I702M,-12.25344181060791
K687E:I702F,-12.066402435302734
K687E:G708D,-13.880218505859375
K687E:G708C,-9.161629676818848
K687E:G704V,-12.739053726196289
K687E:G704R,-12.704610824584961
K687E:G704E,-12.950929641723633
K687E:G700D,-13.305889129638672
K687E:K699I,-8.947103500366211
K687E:K699N,-7.22135066986084
K687E:K699T,-8.255401611328125
K687E:V695E,-10.027205467224121
K687E:V689M,-6.802673816680908
K687E:V689E,-8.302677154541016
K687E:V689A,-8.516035079956055
K687E:S697T,-6.597579002380371
K687E:S697P,-9.268287658691406
K687E:S697L,-6.801722526550293
K687E:S697A,-7.482785224914551
K687E:N698Y,-4.900430679321289
K687E:N698S,-10.00724983215332
K687E:N698K,-11.746988296508789
K687E:N698I,-5.441714763641357
K687E:M706V,-10.886241912841797
K687E:M706T,-13.986587524414062
K687E:M706R,-16.318323135375977
K687E:M706L,-12.513935089111328
K687E:M706K,-15.383781433105469
K687E:M706I,-11.836764335632324
K687E:L705P,-12.271596908569336
K687E:L705H,-14.011505126953125
K687E:L688S,-5.471452236175537
K687E:L688M,-5.2611613273620605
K687E:L688F,-1.5869805812835693
K687E:V695G,-4.513718605041504
K687E:G696V,-6.014901638031006
K687E:G696D,-11.350406646728516
K687E:A692T,-7.684914588928223
K687E:A692S,-8.271575927734375
K687E:A692E,-9.556459426879883
K687N:A701P,-3.628051280975342
K687N:A701T,2.261477470397949
K687N:A701V,2.8321146965026855
K687N:A713E,-7.963748931884766
K687N:A713S,-3.1518402099609375
K687N:A713T,1.0328588485717773
K687N:A713V,0.44075822830200195
K687N:D694G,1.5849990844726562
K687N:D694V,-7.327966690063477
K687N:E693D,-0.5043830871582031
K687N:E693G,5.0563645362854
K687N:F690S,-4.957093715667725
K687N:F690Y,-3.5223846435546875
K687N:F691C,-4.503431797027588
K687N:F691I,2.3516502380371094
K687N:F691L,-2.1461877822875977
K687N:F691S,-2.8007960319519043
K687N:F691Y,-2.4135212898254395
K687N:G696A,-2.4346556663513184
K687E:A692V,-3.850665330886841
K687E:G696S,-5.718658447265625
K687E:G696C,-8.928138732910156
K687E:G696A,-7.231538772583008
K687E:F691Y,-7.210404396057129
K687E:F691V,-5.896016597747803
K687E:F691S,-7.597679138183594
K687E:F691L,-6.943070888519287
K687E:F691I,-2.44523286819458
K687E:F691C,-9.300314903259277
K687E:F690Y,-8.319267272949219
K687E:F690S,-9.753976821899414
K687E:E693K,-4.578189849853516
K687E:E693G,0.25948143005371094
K687E:E693D,-5.301266193389893
K687E:D694Y,-12.146957397460938
K687E:D694V,-12.124849319458008
K687E:D694G,-3.211884021759033
K687E:A713V,-4.3561248779296875
K687E:A713T,-3.764024257659912
K687E:A713S,-7.948723316192627
K687E:A713G,-9.822610855102539
K687E:A713E,-12.760631561279297
K687E:A701V,-1.964768409729004
K687E:A701T,-2.5354056358337402
K687E:A701P,-8.424934387207031
K687E:V695M,-5.889126300811768
K687E:V707A,-12.142931938171387
K687I:M706V,-12.103528022766113
K687I:M706T,-15.203872680664062
K687I:M706R,-17.53561019897461
K687I:M706L,-13.731222152709961
K687I:M706I,-13.05405044555664
K687I:L705V,-3.5309014320373535
K687I:L705P,-13.488883972167969
K687I:L705H,-15.228790283203125
K687I:L688S,-6.6887383460998535
K687I:L688M,-6.478447437286377
K687I:L688F,-2.8042666912078857
K687I:K699N,-8.438636779785156
K687I:K699I,-10.164388656616211
K687I:K699E,-13.910972595214844
K687I:I712V,-12.394997596740723
K687I:I712T,-15.208986282348633
K687I:I712M,-11.73763656616211
K687I:I712L,-12.121952056884766
K687I:I712K,-17.015722274780273
K687I:I703V,-11.952089309692383
K687I:I703T,-14.69803237915039
K687I:I703N,-15.289678573608398
K687I:I703F,-15.287059783935547
K687I:I702V,-10.867555618286133
K687I:I702T,-11.263265609741211
K687I:I702N,-12.73597526550293
K687I:N698I,-6.659000873565674
K687I:N698Y,-6.1177167892456055
K687N:A692G,-0.46620869636535645
K687N:A692E,-4.759576797485352
K687I:V711L,-13.28250503540039
K687I:V711D,-17.163177490234375
K687I:V711A,-14.045598983764648
K687I:V707M,-10.16252326965332
K687I:V707G,-14.450479507446289
K687I:V707E,-16.527149200439453
K687I:V707A,-13.360218048095703
K687I:V695M,-7.106412410736084
K687I:V695G,-5.73100471496582
K687I:V695E,-11.244491577148438
K687I:V689M,-8.019960403442383
K687I:V689E,-9.519964218139648
K687I:V689A,-9.733320236206055
K687I:S697T,-7.8148651123046875
K687I:S697P,-10.485572814941406
K687I:S697L,-8.01900863647461
K687I:N698S,-11.22453498840332
K687I:I702F,-13.283687591552734
K687I:A713V,-5.573410987854004
K687I:A713T,-4.9813103675842285
K687I:A713S,-9.166009902954102
K687I:A701V,-3.1820545196533203
K687I:A701T,-3.7526917457580566
K687I:A701P,-9.642220497131348
K687I:A692V,-5.067951202392578
K687I:A692T,-8.902200698852539
K687I:A692G,-6.480378150939941
K687I:A692E,-10.773746490478516
K687E:V711L,-12.06521987915039
K687E:V711F,-11.621066093444824
K687E:V711D,-15.945892333984375
K687E:V711A,-12.828313827514648
K687E:V707M,-8.945236206054688
K687E:V707L,-4.554188251495361
K687E:V707G,-13.233192443847656
K687E:V707E,-15.30986213684082
K687I:D694G,-4.42917013168335
K687I:D694V,-13.34213638305664
K687I:D694Y,-13.364242553710938
K687I:G708D,-15.097503662109375
K687I:G708C,-10.378915786743164
K687I:G704V,-13.956338882446289
K687I:G704R,-13.921897888183594
K687I:G704E,-14.168216705322266
K687I:G700D,-14.523174285888672
K687I:G696V,-7.232187747955322
K687I:G696S,-6.935944557189941
K687I:G696R,-8.028051376342773
K687I:G696D,-12.567693710327148
K687N:G696C,-4.131255626678467
K687I:G696C,-10.145424842834473
K687I:F691V,-7.113302707672119
K687I:F691S,-8.81496524810791
K687I:F691L,-8.160356521606445
K687I:F691I,-3.6625189781188965
K687I:F691C,-10.517601013183594
K687I:F690Y,-9.536554336547852
K687I:F690V,-5.9824323654174805
K687I:F690S,-10.97126293182373
K687I:E693G,-0.9578046798706055
K687I:E693D,-6.518552303314209
K687I:F691Y,-8.427690505981445
K687N:G696D,-6.553524017333984
K687N:G696S,-0.9217753410339355
K687R:I703N,-12.798603057861328
K687R:I703T,-12.20695686340332
K687R:I703V,-9.461013793945312
K687R:I712K,-14.524646759033203
K687R:I712L,-9.630876541137695
K687R:I712M,-9.246561050415039
K687R:I712T,-12.717910766601562
K687R:I712V,-9.903922080993652
K687R:K699E,-11.419897079467773
K687R:K699I,-7.673313617706299
K687R:K699N,-5.947561264038086
K687R:L688F,-0.31319117546081543
K687R:I703F,-12.795984268188477
K687R:L688M,-3.9873719215393066
K687R:L705H,-12.737714767456055
K687R:L705P,-10.997808456420898
K687R:M706I,-10.56297492980957
K687R:M706K,-14.109992980957031
K687R:M706L,-11.24014663696289
K687R:M706T,-12.712797164916992
K687R:M706V,-9.612452507019043
K687R:N698H,-7.500561714172363
K687R:N698I,-4.1679253578186035
K687R:N698S,-8.73345947265625
K687R:L688S,-4.197662830352783
K687R:I702V,-8.376480102539062
K687R:I702T,-8.77219009399414
K687R:I702N,-10.24489974975586
K687R:E693K,-3.3044004440307617
K687R:F690Y,-7.045478343963623
K687R:F691C,-8.026525497436523
K687R:F691I,-1.1714434623718262
K687R:F691L,-5.669281482696533
K687R:F691S,-6.32388973236084
K687R:F691Y,-5.936614990234375
K687R:G696C,-7.654349327087402
K687R:G696D,-10.076618194580078
K687R:G696R,-5.536975860595703
K687R:G696S,-4.444869041442871
K687R:G700D,-12.032098770141602
K687R:G704E,-11.677141189575195
K687R:G704R,-11.430822372436523
K687R:G704V,-11.465263366699219
K687R:G708C,-7.887840270996094
K687R:G708D,-12.606428146362305
K687R:I702F,-10.792612075805664
K687R:N698Y,-3.626641273498535
K687R:S697L,-5.527933120727539
K687R:S697P,-7.994497776031494
K687T:G708C,-4.331127166748047
K687T:I702F,-7.235899925231934
K687T:I702V,-4.819766998291016
K687T:I703T,-8.65024471282959
K687T:I712L,-6.074163436889648
K687T:I712T,-9.161197662353516
K687T:I712V,-6.3472089767456055
K687T:K699E,-7.863184928894043
K687T:K699I,-4.11660099029541
K687T:K699N,-2.390848398208618
K687T:L688W,0.3091003894805908
K687T:L705H,-9.181002616882324
K687T:L705P,-7.441095352172852
K687T:M706L,-7.683433532714844
K687T:M706V,-6.055739402770996
K687T:N698Y,-0.06992834806442261
K687T:S697T,-1.7670769691467285
K687T:V689L,-5.303006172180176
K687T:V695E,-5.19670295715332
K687T:V707A,-7.312429428100586
K687T:V707E,-10.479360580444336
K687R:E693G,1.5332708358764648
K687T:F691Y,-2.3799021244049072
K687T:F691L,-2.1125686168670654
K687R:S697T,-5.323789596557617
K687R:V689A,-7.242245197296143
K687R:V689E,-7.02888822555542
K687R:V689M,-5.528884410858154
K687R:V695E,-8.753416061401367
K687R:V695G,-3.23992919921875
K687R:V695M,-4.615336894989014
K687R:V707A,-10.869142532348633
K687R:V707E,-14.036073684692383
K687R:V707G,-11.959403991699219
K687R:V707L,-3.2803988456726074
K687R:V707M,-7.671447277069092
K687R:V711A,-11.554523468017578
K687R:V711D,-14.672101974487305
K687T:A692T,-2.854412078857422
K687T:A692V,0.9798369407653809
K687T:A701T,2.2950966358184814
K687T:A713V,0.4743773937225342
K687T:E693G,5.089983940124512
K687T:F691I,2.3852694034576416
K687T:F691S,-2.767176866531372
K687R:E693D,-4.027476787567139
K687R:E693A,-4.296113014221191
K687R:D694V,-10.85106086730957
K687N:L705H,-9.214621543884277
K687N:L705P,-7.474714279174805
K687N:M706I,-7.039881229400635
K687N:M706K,-10.586898803710938
K687N:M706L,-7.717052459716797
K687N:M706T,-9.189703941345215
K687N:M706V,-6.089358806610107
K687N:N698I,-0.6448315978050232
K687N:N698K,-6.950105667114258
K687N:N698S,-5.210366249084473
K687N:N698Y,-0.10354751348495483
K687N:S697L,-2.0048391819000244
K687N:S697P,-4.471404075622559
K687N:S697T,-1.8006961345672607
K687N:V689A,-3.719151496887207
K687N:V689E,-3.5057945251464844
K687N:V689M,-2.0057907104492188
K687N:V695E,-5.230322360992432
K687N:V695G,0.28316450119018555
K687N:V695M,-1.0922431945800781
K687N:V707A,-7.346048831939697
K687N:V707E,-10.512979507446289
K687N:V707G,-8.436309814453125
K687N:V707M,-4.148353576660156
K687N:L688S,-0.6745691299438477
K687N:L688F,3.20990252494812
K687N:G700D,-8.509005546569824
K687N:G700R,-8.413978576660156
K687N:G704E,-8.154047012329102
K687N:G704R,-7.90772819519043
K687N:G704V,-7.942170143127441
K687N:G708C,-4.364746570587158
K687N:G708D,-9.083334922790527
K687N:I702F,-7.269518852233887
K687N:I702N,-6.721806049346924
K687N:I702T,-5.249096870422363
K687N:I702V,-4.853386402130127
K687N:I703F,-9.272890090942383
K687N:I703N,-9.27550983428955
K687N:I703T,-8.683863639831543
K687N:I703V,-5.937920570373535
K687N:I712K,-11.001553535461426
K687N:I712L,-6.107782363891602
K687N:I712M,-5.723466873168945
K687N:I712T,-9.194816589355469
K687N:I712V,-6.380828380584717
K687N:K699E,-7.896803855895996
K687N:K699I,-4.150219917297363
K687N:K699N,-2.4244675636291504
K687N:L688M,-0.4642782211303711
K687T:V711D,-11.115389823913574
K687N:V711A,-8.0314302444458
K687Q:L705P,-8.428616523742676
K687Q:M706I,-7.993783473968506
K687Q:M706K,-11.540801048278809
K687Q:S697P,-5.42530632019043
K687Q:S697T,-2.754598379135132
K687Q:V689A,-4.673053741455078
K687Q:V695E,-6.184224605560303
K687Q:V707E,-11.46688175201416
K687Q:V711A,-8.985332489013672
K687Q:V711D,-12.102910995483398
K687R:A692E,-8.282670974731445
K687R:A692G,-3.989302396774292
K687R:A692T,-6.411125183105469
K687R:A692V,-2.576875925064087
K687R:A701T,-1.2616162300109863
K687R:A701V,-0.69097900390625
K687R:A713E,-11.48684310913086
K687R:A713G,-8.548820495605469
K687R:A713S,-6.674933910369873
K687R:A713T,-2.490234851837158
K687R:A713V,-3.0823354721069336
K687R:D694G,-1.9380946159362793
K687Q:L705H,-10.168523788452148
K687N:V711D,-11.149008750915527
K687Q:L688S,-1.6284713745117188
K687Q:A692V,-0.007684469223022461
K687Q:E693D,-1.4582853317260742
K687Q:F691I,1.3977479934692383
K687Q:F691L,-3.1000900268554688
K687Q:F691Y,-3.3674235343933105
K687Q:G696C,-5.085157871246338
K687Q:G696R,-2.9677844047546387
K687Q:G696V,-2.1719207763671875
K687Q:G704R,-8.8616304397583
K687Q:G708C,-5.318648815155029
K687Q:G708D,-10.037237167358398
K687Q:I702F,-8.223421096801758
K687Q:I702T,-6.202999114990234
K687Q:I703F,-10.226792335510254
K687Q:I703N,-10.229412078857422
K687Q:I703T,-9.637765884399414
K687Q:I712K,-11.955455780029297
K687Q:I712L,-7.061684608459473
K687Q:I712T,-10.14871883392334
K687Q:I712V,-7.334730625152588
K687Q:K699E,-8.850706100463867
K687Q:K699I,-5.104122161865234
K687Q:L688M,-1.4181804656982422
K687N:A692V,0.9462177753448486
K687N:A692T,-2.888031244277954
L688M:G704V,-8.617074966430664
L688M:G708C,-5.039651393890381
L688M:G708D,-9.75823974609375
L688M:I702F,-7.944423675537109
L688M:I702N,-7.3967108726501465
L688M:I702T,-5.924001693725586
L688M:I702V,-5.52829122543335
L688M:I703F,-9.947794914245605
L688M:I703N,-9.950414657592773
L688M:I703T,-9.358768463134766
L688M:I703V,-6.612825393676758
L688M:I712K,-11.676458358764648
L688M:I712L,-6.782687187194824
L688M:I712M,-6.398371696472168
L688M:I712T,-9.869721412658691
L688M:I712V,-7.0557332038879395
L688M:K699E,-8.571708679199219
L688M:K699I,-4.825124740600586
L688M:K699N,-3.099372386932373
L688M:G704R,-8.582633018493652
L688M:G704E,-8.828951835632324
L688M:G704A,-8.666955947875977
L688M:G700V,0.7811908721923828
L688M:A713S,-3.82674503326416
L688M:A713T,0.3579540252685547
L688M:A713V,-0.2341465950012207
L688M:D694G,0.9100942611694336
L688M:D694V,-8.0028715133667
L688M:D694Y,-8.024978637695312
L688M:E693D,-1.1792879104614258
L688M:E693G,4.381459712982178
L688M:F690Y,-4.19728946685791
L688M:F691I,1.6767454147338867
L688M:F691L,-2.8210926055908203
L688M:F691S,-3.475700855255127
L688M:F691V,-1.774038314819336
L688M:F691Y,-3.088426113128662
L688M:G696C,-4.8061604499816895
L688M:G696D,-7.228428840637207
L688M:G696S,-1.5966801643371582
L688M:G700D,-9.183910369873047
L688M:F690S,-5.631998538970947
L688M:L705H,-9.8895263671875
L688M:V711A,-8.706335067749023
L688M:V711D,-11.82391357421875
L688S:A692E,-5.644772529602051
L688S:A692T,-3.7732269763946533
L688S:A692V,0.061022043228149414
L688S:A701T,1.37628173828125
L688S:A701V,1.9469189643859863
L688S:A713E,-8.848944664001465
L688S:A713S,-4.037035942077637
L688S:A713T,0.14766311645507812
L688S:A713V,-0.44443750381469727
L688S:D694G,0.699803352355957
L688S:D694V,-8.213162422180176
L688S:D694Y,-8.235269546508789
L688S:E693D,-1.3895788192749023
L688S:E693G,4.171168804168701
L688S:E693K,-0.6665024757385254
L688M:V707M,-4.823258399963379
L688M:L705P,-8.149619102478027
L688M:L705R,-9.848223686218262
L688M:M706I,-7.714786052703857
L688M:M706K,-11.26180362701416
L688M:M706L,-8.39195728302002
L688M:M706T,-9.864608764648438
L688M:M706V,-6.76426362991333
L688M:N698H,-4.65237283706665
L688M:N698I,-1.3197364807128906
L688M:N698K,-7.6250104904174805
L688M:N698S,-5.885271072387695
L688M:A713G,-5.700632095336914
L688M:S697L,-2.679744005203247
L688M:S697P,-5.146308898925781
L688M:S697T,-2.4756009578704834
L688M:V689A,-4.39405632019043
L688M:V689E,-4.180699348449707
L688M:V689M,-2.6806955337524414
L688M:V695E,-5.905227184295654
L688M:V695M,-1.7671480178833008
L688M:V707A,-8.020954132080078
L688M:V707E,-11.187884330749512
L688M:N698Y,-0.7784523367881775
L688M:A713E,-8.638653755187988
L688M:A701V,2.157209873199463
L688M:A701T,1.5865726470947266
L688F:F691S,0.19847989082336426
L688F:F691Y,0.5857546329498291
L688F:G696C,-1.1319797039031982
L688F:G696R,0.985393762588501
L688F:G696S,2.077500581741333
L688F:G700D,-5.509729385375977
L688F:G704E,-5.154770851135254
L688F:G704R,-4.908452033996582
L688F:G708C,-1.3654706478118896
L688F:G708D,-6.08405876159668
L688F:I702F,-4.270242691040039
L688F:I702N,-3.7225301265716553
L688F:I702T,-2.2498209476470947
L688F:I702V,-1.8541104793548584
L688F:I703F,-6.273613929748535
L688F:I703N,-6.276233673095703
L688F:I703T,-5.684587478637695
L688F:I703V,-2.9386446475982666
L688F:F691L,0.8530881404876709
L688F:F691I,5.350926399230957
L688F:F690Y,-0.523108720779419
L688F:F690V,3.031012535095215
L688F:A692S,-0.4754171371459961
L688F:A692T,0.11124467849731445
L688F:A692V,3.945493698120117
L688F:A701P,-0.6287753582000732
L688F:A701T,5.260753631591797
L688F:A701V,5.831390380859375
L688F:A713E,-4.964472770690918
L688F:I712K,-8.002277374267578
L688F:A713S,-0.15256428718566895
L688F:A713V,3.4400341510772705
L688F:D694G,4.584275245666504
L688F:D694V,-4.328690528869629
L688F:D694Y,-4.350797653198242
L688F:E693D,2.4948928356170654
L688F:E693G,8.05564022064209
L688F:E693K,3.2179691791534424
L688F:F690S,-1.957817792892456
L688F:A713T,4.032135009765625
L688F:I712L,-3.108506441116333
L688F:I712T,-6.195540428161621
L688F:V695M,1.9070327281951904
L688F:V707A,-4.346773147583008
L688F:V707E,-7.513703346252441
L688F:V707G,-5.437033653259277
L688F:V707M,-1.1490776538848877
L688F:V711A,-5.032154083251953
L688F:V711D,-8.14973258972168
L688F:V711F,-3.824907064437866
L688M:A692E,-5.434481620788574
L688M:A692S,-4.149598121643066
L688M:A692T,-3.5629360675811768
L688M:A692V,0.271312952041626
L688M:A701P,-4.3029561042785645
L688F:V695G,3.282440423965454
L688F:V695E,-2.231046438217163
L688F:I712V,-3.3815524578094482
L688F:K699E,-4.897527694702148
L688F:K699I,-1.1509439945220947
L688F:K699N,0.5748083591461182
L688F:K699Q,0.2919466495513916
L688F:L705H,-6.21534538269043
L688F:L705P,-4.475438117980957
L688F:M706I,-4.040605545043945
L688F:M706K,-7.58762264251709
L688F:M706L,-4.717776298522949
L688F:I712M,-2.7241909503936768
L688F:M706T,-6.190427780151367
L688F:N698I,2.3544442653656006
L688F:N698K,-3.9508297443389893
L688F:N698S,-2.211090326309204
L688F:N698Y,2.895728349685669
L688F:S697L,0.9944367408752441
L688F:S697P,-1.47212815284729
L688F:S697T,1.1985797882080078
L688F:V689A,-0.7198755741119385
L688F:V689E,-0.5065186023712158
L688F:V689M,0.9934852123260498
L688F:M706V,-3.090082883834839
L688S:F690S,-5.842289447784424
L688S:V711L,-8.153532028198242
L688S:V695G,-0.6020312309265137
L688S:V695M,-1.9774389266967773
L688S:V707A,-8.231245040893555
L688S:V707E,-11.398175239562988
L688S:V707M,-5.0335493087768555
L688S:V711A,-8.9166259765625
L688S:V711D,-12.034204483032227
L688S:V695E,-6.115518093109131
L688W:K699N,-2.3596129417419434
L688W:L705H,-9.14976692199707
L688W:M706T,-9.124849319458008
L688W:N698I,-0.5799769759178162
L688W:N698Y,-0.0386928915977478
L688W:S697L,-1.9399845600128174
L688W:S697P,-4.406549453735352
L688W:S697T,-1.7358415126800537
L688W:V695E,-5.165467739105225
L688W:V711A,-7.966575622558594
L688W:K699I,-4.085365295410156
L688W:K699E,-7.831949234008789
L688W:I712V,-6.31597375869751
L688W:I712L,-6.0429277420043945
L688W:A701V,2.8969693183898926
L688W:F691I,2.4165048599243164
L688W:F691L,-2.0813331604003906
L688W:F691Y,-2.3486666679382324
L688W:G704R,-7.842873573303223
L688W:I703N,-9.210655212402344
L688S:V689L,-6.221820831298828
L688S:I703N,-10.16070556640625
L688S:I703F,-10.158085823059082
L688S:I702V,-5.738582134246826
L688S:I702T,-6.1342926025390625
L688S:I702N,-7.607001781463623
L688S:I702F,-8.154714584350586
L688S:G696C,-5.016451358795166
L688S:G708D,-9.968530654907227
L688S:G708C,-5.249942302703857
L688S:G704V,-8.82736587524414
L688S:G704R,-8.792923927307129
L688S:G704E,-9.0392427444458
L688S:G696D,-7.438719749450684
L688S:G696S,-1.8069710731506348
L688S:F691Y,-3.2987170219421387
L688S:F691V,-1.9843292236328125
L688S:F691S,-3.6859917640686035
L688S:I703T,-9.569059371948242
L688S:F691L,-3.031383514404297
L688S:F690Y,-4.407580375671387
L688S:G700D,-9.394201278686523
L688S:V689M,-2.890986442565918
L688S:G700R,-9.299174308776855
L688S:G700V,0.5708999633789062
L688S:F691I,1.4664545059204102
L688S:I703V,-6.823116302490234
L688S:I712L,-6.992978096008301
L688S:N698H,-4.862663745880127
L688S:N698I,-1.5300273895263672
L688S:N698K,-7.835301399230957
L688S:I712K,-11.886749267578125
L688S:N698S,-6.095561981201172
L688S:N698Y,-0.988743245601654
L688S:S697L,-2.8900349140167236
L688S:S697P,-5.356599807739258
L688S:S697T,-2.68589186668396
L688S:V689A,-4.604347229003906
L688S:V689E,-4.390990257263184
L688S:S697A,-3.5710976123809814
L688S:M706V,-6.974554538726807
L688S:G696A,-3.3198513984680176
L688S:M706L,-8.602248191833496
L688S:M706T,-10.074899673461914
L688S:K699N,-3.3096632957458496
L688S:L705H,-10.099817276000977
L688S:L705P,-8.359910011291504
L688S:F690V,-0.8534591197967529
L688S:K699E,-8.781999588012695
L688S:I712V,-7.266024112701416
L688S:I712T,-10.080012321472168
L688S:I712M,-6.6086626052856445
L688S:M706I,-7.925076961517334
L688S:M706K,-11.472094535827637
L688S:K699I,-5.0354156494140625
V689A:K699Q,-6.6371073722839355
V689A:L705H,-13.144399642944336
V689A:L705P,-11.404492378234863
V689A:M706K,-14.516676902770996
V689A:L705V,-1.4465103149414062
V689A:V695G,-3.646613597869873
V689A:V695E,-9.160100936889648
V689A:S697T,-5.730474472045898
V689A:S697P,-8.401182174682617
V689A:S697L,-5.934617042541504
V689A:L705R,-13.103096961975098
V689A:N698K,-10.879883766174316
V689A:N698I,-4.574609756469727
V689A:M706V,-10.019136428833008
V689A:M706L,-11.646830558776855
V689A:M706I,-10.969659805297852
V689A:N698S,-9.140144348144531
V689A:N698Y,-4.033325672149658
V689A:G708C,-8.294525146484375
V689A:K699I,-8.079998016357422
V689A:G696V,-5.147796630859375
V689A:V695M,-5.022021293640137
V689A:G700D,-12.438783645629883
V689A:G704E,-12.08382511138916
V689A:G704R,-11.837506294250488
V689A:G708D,-13.013113021850586
V689A:G708R,-12.880816459655762
V689A:I702F,-11.199296951293945
V689A:I702N,-10.65158462524414
V689A:I702T,-9.178874969482422
V689A:I702V,-8.783164978027344
V689A:I703F,-13.202668190002441
V689A:I703N,-13.20528793334961
V689A:I703T,-12.613641738891602
V689A:I703V,-9.867698669433594
V689A:I712K,-14.931331634521484
V689A:I712L,-10.03756046295166
V689A:I712M,-9.653244972229004
V689A:I712T,-13.124594688415527
V689A:I712V,-10.310606002807617
V689A:K699E,-11.826581954956055
V689A:K699N,-6.354245662689209
V689A:V707A,-11.275827407836914
V689E:G708D,-12.799756050109863
V689A:V707L,-3.6870832443237305
V689E:G696V,-4.934439659118652
V689E:G696S,-4.6381964683532715
V689E:G696R,-5.7303032875061035
V689E:G696D,-10.26994514465332
V689E:G696C,-7.847676753997803
V689E:G696A,-6.151076793670654
V689E:F691Y,-6.129942417144775
V689E:F691L,-5.862608909606934
V689E:F691I,-1.3647708892822266
V689E:F691C,-8.219852447509766
V689E:F690Y,-7.238805770874023
V689E:F690S,-8.673515319824219
V689E:F691S,-6.51721715927124
V689E:G700D,-12.22542667388916
V689E:G700V,-2.2603254318237305
V689E:I702N,-10.438226699829102
V689E:I702F,-10.985939979553223
V689A:G696S,-4.851553440093994
V689E:G708C,-8.081167221069336
V689E:G704V,-11.658591270446777
V689E:G704R,-11.624149322509766
V689E:G704E,-11.870468139648438
V689E:G704A,-11.70847225189209
V689E:E693K,-3.497727870941162
V689E:E693G,1.3399434089660645
V689E:A692S,-7.19111442565918
V689E:A692P,-8.40752124786377
V689E:A692G,-4.182629585266113
V689E:A692E,-8.475997924804688
V689E:A692T,-6.604452133178711
V689A:V711L,-11.198114395141602
V689A:V711D,-15.078786849975586
V689A:V711A,-11.96120834350586
V689A:V707M,-8.078131675720215
V689E:A692V,-2.7702033519744873
V689E:E693D,-4.220804214477539
V689E:E693A,-4.489440441131592
V689E:D694Y,-11.066494941711426
V689E:D694V,-11.044387817382812
V689E:D694G,-2.1314220428466797
V689E:A713V,-3.275662899017334
V689E:A713T,-2.6835622787475586
V689E:A713S,-6.868261337280273
V689E:A713G,-8.742148399353027
V689E:A713E,-11.680170059204102
V689E:A701V,-0.8843064308166504
V689E:A701T,-1.4549436569213867
V689A:V707E,-14.442757606506348
V689A:G696D,-10.483302116394043
V689E:M706T,-12.90612506866455
V689A:F691Y,-6.343299388885498
V689E:V711L,-10.984757423400879
V689E:V711F,-10.540603637695312
V689E:V711D,-14.865429878234863
V689E:V711A,-11.747851371765137
V689E:V707M,-7.864774703979492
V689E:V707L,-3.473726272583008
V689E:V707E,-14.229400634765625
V689E:V707A,-11.062469482421875
V689E:V695M,-4.808664321899414
V689E:V695G,-3.4332566261291504
V689E:V695E,-8.94674301147461
V689E:I702V,-8.569807052612305
V689E:S697T,-5.517117500305176
V689E:S697P,-8.187825202941895
V689A:A692P,-8.620878219604492
V689A:A692T,-6.817809104919434
V689A:A692V,-2.98356032371521
V689A:A701T,-1.6683006286621094
V689A:A701V,-1.097663402557373
V689A:A713E,-11.893527030944824
V689A:A713S,-7.081618309020996
V689A:A713T,-2.8969192504882812
V689A:A713V,-3.4890198707580566
V689A:D694G,-2.3447790145874023
V689A:D694V,-11.257744789123535
V689A:D694Y,-11.279851913452148
V689A:E693D,-4.434161186218262
V689A:E693G,1.1265864372253418
V689A:E693K,-3.7110848426818848
V689A:F690S,-8.886871337890625
V689A:F690Y,-7.452162742614746
V689A:F691C,-8.433210372924805
V689A:F691I,-1.5781278610229492
V689A:F691L,-6.075965881347656
V689A:F691S,-6.730574131011963
V689A:F691V,-5.028911590576172
V689A:A692G,-4.395986557006836
V689A:A692E,-8.68935489654541
V689E:I703F,-12.989311218261719
V689E:S697L,-5.721260070800781
V689E:N698Y,-3.8199687004089355
V689E:N698S,-8.926787376403809
V689E:N698K,-10.666526794433594
V689E:N698I,-4.361252784729004
V689E:M706V,-9.805780410766602
V689E:M706R,-15.237861633300781
V689E:M706L,-11.433473587036133
V689E:M706K,-14.303319931030273
V689E:M706I,-10.756301879882812
V689E:L705V,-1.2331533432006836
V689E:L705P,-11.19113540649414
V689A:G696C,-8.061033248901367
V689E:K699T,-7.17494010925293
V689E:K699N,-6.140888690948486
V689E:K699I,-7.866641044616699
V689E:K699E,-11.613224983215332
V689E:I712V,-10.097249984741211
V689E:I712T,-12.911237716674805
V689E:I712M,-9.439888000488281
V689E:I712L,-9.824203491210938
V689E:I712K,-14.717974662780762
V689E:I703V,-9.654341697692871
V689E:I703T,-12.400284767150879
V689E:I703N,-12.991930961608887
V689E:L705H,-12.931042671203613
V689E:I702T,-8.9655179977417
V689M:L705H,-11.431038856506348
V689M:K699N,-4.640884876251221
V689M:K699I,-6.366637229919434
V689M:K699E,-10.113221168518066
V689M:I712V,-8.597246170043945
V689M:I712T,-11.411233901977539
V689M:I712M,-7.939884185791016
V689M:I712L,-8.324199676513672
V689M:I712K,-13.217970848083496
V689M:I703V,-8.154337882995605
V689M:I703T,-10.900280952453613
V689M:I703N,-11.491927146911621
V689M:I703F,-11.489307403564453
V689M:I702V,-7.069803714752197
V689M:I702T,-7.465514183044434
V689M:I702N,-8.938222885131836
V689M:I702F,-9.485936164855957
V689M:G708D,-11.299752235412598
V689M:G708C,-6.5811638832092285
V689M:G704R,-10.1241455078125
V689M:G704E,-10.370464324951172
V689M:G704A,-10.208468437194824
V689M:G700D,-10.725422859191895
V689M:L705P,-9.691131591796875
V689M:M706K,-12.803316116333008
V689M:V711F,-9.040599822998047
V689M:V711D,-13.365426063537598
V689M:V711A,-10.247847557067871
V689M:V707M,-6.364770889282227
V689M:V707L,-1.9737224578857422
V689M:V707E,-12.72939682006836
V689M:V707A,-9.56246566772461
V689M:V695M,-3.3086605072021484
V689M:V695G,-1.9332528114318848
V689M:V695E,-7.446739673614502
V689M:S697T,-4.01711368560791
V689M:S697P,-6.687821388244629
V689M:S697L,-4.221256256103516
V689M:N698Y,-2.31996488571167
V689M:N698S,-7.426783561706543
V689M:N698I,-2.8612489700317383
V689M:N698H,-6.193885326385498
V689M:M706V,-8.305776596069336
V689M:M706T,-11.406121253967285
V689M:M706R,-13.737857818603516
V689M:M706L,-9.933469772338867
V689M:M706I,-9.256298065185547
V689M:G696R,-4.230299472808838
V689L:V711D,-16.696260452270508
V689L:V707M,-9.695605278015137
V689L:V707E,-16.060230255126953
V689L:V695E,-10.77757453918457
V689L:S697T,-7.34794807434082
V689L:N698Y,-5.65079927444458
V689L:N698I,-6.192083358764648
V689L:M706K,-16.134151458740234
V689L:M706I,-12.587133407592773
V689L:L705P,-13.021965980529785
V689L:L705H,-14.761873245239258
V689L:K699I,-9.697471618652344
V689L:G708C,-9.911998748779297
V689L:G704E,-13.701298713684082
V689L:G696S,-6.469027042388916
V689L:G696C,-9.678506851196289
V689L:F691S,-8.348047256469727
V689L:F691L,-7.693439483642578
V689L:E693D,-6.051634788513184
V689L:A701V,-2.715137004852295
V689M:G696S,-3.138192653656006
V689M:A692E,-6.975994110107422
V689M:A692G,-2.6826260089874268
V689L:F690Y,-9.069636344909668
V689M:A692V,-1.2701995372772217
V689M:G696D,-8.769941329956055
V689M:A692T,-5.104448318481445
V689M:G696C,-6.347672939300537
V689M:G696A,-4.651072978973389
V689M:F691V,-3.3155508041381836
V689M:F691S,-5.017213344573975
V689M:F691L,-4.362605094909668
V689M:F691I,0.13523292541503906
V689M:F690Y,-5.738801956176758
V689M:F690S,-7.173511028289795
V689M:E693K,-1.9977240562438965
V689M:E693G,2.83994722366333
V689M:F691Y,-4.62993860244751
V689M:E693A,-2.989436626434326
V689M:E693D,-2.7208003997802734
V689M:A701T,0.045060157775878906
V689M:A713E,-10.180166244506836
V689M:A713G,-7.242144584655762
V689M:A713S,-5.368257522583008
V689M:A701V,0.6156973838806152
V689M:A713V,-1.7756590843200684
V689M:D694Y,-9.56649112701416
V689M:D694V,-9.544384002685547
V689M:A713T,-1.183558464050293
V689M:D694G,-0.6314182281494141
F690V:A692G,-0.6450986862182617
F690S:V711D,-16.316728591918945
F690S:V711A,-13.199150085449219
F690V:A692T,-3.0669212341308594
F690S:V707M,-9.31607437133789
F690S:S697T,-6.968416213989258
F690S:V707A,-12.513769149780273
F690S:V695M,-6.259963512420654
F690S:V695E,-10.398042678833008
F690S:S697P,-9.639123916625977
F690S:N698Y,-5.271267890930176
F690S:N698S,-10.37808609008789
F690S:N698I,-5.812551975250244
F690S:M706V,-11.257079124450684
F690V:A692V,0.7673277854919434
F690S:M706T,-14.357423782348633
F690S:V707E,-15.680700302124023
F690V:A701T,2.082587480545044
F690S:M706L,-12.884773254394531
F690V:K699I,-4.329110145568848
F690V:K699E,-8.07569408416748
F690V:I712V,-6.559718132019043
F690V:I712L,-6.286672592163086
F690V:I712K,-11.18044376373291
F690V:I703V,-6.1168107986450195
F690V:I703T,-8.862753868103027
F690V:I703F,-9.451780319213867
F690V:I702V,-5.032276153564453
F690V:I702T,-5.427987098693848
F690V:I702F,-7.448409080505371
F690V:G708C,-4.543636322021484
F690V:G696D,-6.732414245605469
F690V:G696C,-4.310145378112793
F690V:F691Y,-2.5924112796783447
F690V:F691S,-2.9796860218048096
F690V:F691L,-2.325077772140503
F690V:F691I,2.172760248184204
F690V:E693G,4.877474784851074
F690V:E693D,-0.6832730770111084
F690V:A713V,0.2618682384490967
F690S:M706K,-15.754619598388672
F690S:L705P,-12.642435073852539
F690V:K699N,-2.6033575534820557
F690S:G704E,-13.321767807006836
F690S:G704R,-13.075448989868164
F690S:L705H,-14.382341384887695
F690S:K699N,-7.592187881469727
F690S:K699I,-9.317939758300781
F690S:K699E,-13.064523696899414
F690S:I712V,-11.548548698425293
F690S:I712T,-14.362537384033203
F690S:I712M,-10.89118766784668
F690S:I712L,-11.275503158569336
F690S:I712K,-16.169273376464844
F690S:I703V,-11.105640411376953
F690S:I703T,-13.851583480834961
F690S:I703N,-14.443229675292969
F690S:I703F,-14.440610885620117
F690S:I702V,-10.021106719970703
F690S:I702T,-10.416816711425781
F690S:I702N,-11.8895263671875
F690S:I702F,-12.437238693237305
F690S:G708D,-14.251054763793945
F690S:G708C,-9.532466888427734
F690S:M706I,-12.207601547241211
F690Y:D694G,-2.148012161254883
F690V:L705H,-9.393511772155762
F690Y:L705V,-1.2497434616088867
F690Y:L705P,-11.207725524902344
F690Y:L705H,-12.947632789611816
F690Y:K699N,-6.1574788093566895
F690Y:K699I,-7.883231163024902
F690Y:K699E,-11.629815101623535
F690Y:I712V,-10.113840103149414
F690Y:I712T,-12.927827835083008
F690Y:M706I,-10.772891998291016
F690Y:I712M,-9.456478118896484
F690Y:I712K,-14.734564781188965
F690Y:I703V,-9.670931816101074
F690Y:I703T,-12.416874885559082
F690Y:I703N,-13.00852108001709
F690Y:I703F,-13.005901336669922
F690Y:I702V,-8.586397171020508
F690Y:I702T,-8.982108116149902
F690Y:I702N,-10.454816818237305
F690Y:I702F,-11.002530097961426
F690Y:I712L,-9.84079360961914
F690Y:M706K,-14.319910049438477
F690Y:M706L,-11.450063705444336
F690Y:M706T,-12.922715187072754
F690Y:V711D,-14.882019996643066
F690Y:V711A,-11.76444149017334
F690Y:V707M,-7.881364822387695
F690Y:V707L,-3.490316390991211
F690Y:V707G,-12.169321060180664
F690Y:V707E,-14.245990753173828
F690Y:V707A,-11.079059600830078
F690Y:V695M,-4.825254440307617
F690Y:V695G,-3.4498467445373535
F690Y:V695E,-8.963333129882812
F690Y:S697T,-5.533707618713379
F690Y:S697P,-8.204415321350098
F690Y:S697L,-5.737850189208984
F690Y:N698Y,-3.8365588188171387
F690Y:N698S,-8.943377494812012
F690Y:N698I,-4.377842903137207
F690Y:M706V,-9.822370529174805
F690Y:A701V,-0.9008965492248535
F690Y:A701T,-1.4715337753295898
F690Y:A692V,-2.7867934703826904
F690Y:A692T,-6.621042251586914
F690Y:A692E,-8.49258804321289
F690V:V711D,-11.327898979187012
F690V:V707M,-4.327243804931641
F690V:V707A,-7.524938583374023
F690V:V695E,-5.409212112426758
F690V:S697T,-1.979586124420166
F690V:S697P,-4.650294303894043
F690V:S697A,-2.8647918701171875
F690V:N698Y,-0.2824375033378601
F690V:N698I,-0.8237215876579285
F690V:M706K,-10.765789031982422
F690V:M706I,-7.218770980834961
F690Y:A713E,-11.696760177612305
F690Y:A713S,-6.884851455688477
F690Y:A713V,-3.292253017425537
F690Y:G708D,-12.816346168518066
F690Y:G708C,-8.097757339477539
F690Y:G704R,-11.640739440917969
F690Y:G704E,-11.88705825805664
F690Y:G700V,-2.2769155502319336
F690Y:G700D,-12.242016792297363
F690Y:G696V,-4.9510297775268555
F690Y:G696S,-4.654786586761475
F690Y:G696D,-10.286535263061523
F690Y:G696C,-7.864266872406006
F690Y:F691Y,-6.1465325355529785
F690Y:F691S,-6.533807277679443
F690Y:F691L,-5.879199028015137
F690Y:F691I,-1.3813610076904297
F690Y:E693G,1.3233532905578613
F690Y:E693D,-4.237394332885742
F690Y:D694Y,-11.083085060119629
F690Y:D694V,-11.060977935791016
F690Y:A713T,-2.7001523971557617
F690S:G696S,-6.089495658874512
F690S:G696C,-9.298975944519043
F690S:F691Y,-7.581241607666016
F690S:F691S,-7.9685163497924805
F690S:F691L,-7.313908100128174
F690S:F691I,-2.816070079803467
F690S:E693G,-0.11135578155517578
F690S:E693D,-5.672103404998779
F690S:D694V,-12.495687484741211
F690S:D694G,-3.58272123336792
F690S:A713V,-4.726962089538574
F690S:A713S,-8.319561004638672
F690S:A713G,-10.19344711303711
F690S:A701V,-2.3356056213378906
F690S:A701T,-2.906242847442627
F690S:A692V,-4.221502304077148
F690S:A692T,-8.05575180053711
F690S:A692S,-8.642413139343262
F690S:G700D,-13.676725387573242
F691C:I702T,-9.963155746459961
F691C:I702F,-11.983577728271484
F691C:G708C,-9.078804969787598
F691C:A692V,-3.767840623855591
F691C:E693D,-5.218441486358643
F691C:A713V,-4.2733001708984375
F691C:A713T,-3.681199550628662
F691C:I703N,-13.989568710327148
F691C:G696C,-8.845314025878906
F691C:I703T,-13.39792251586914
F691I:A713V,2.5817818641662598
F691C:I712L,-10.821840286254883
F691L:K699E,-10.253618240356445
F691L:K699I,-6.5070343017578125
F691L:K699N,-4.7812819480896
F691L:L705H,-11.571435928344727
F691L:L705P,-9.831528663635254
F691L:L705R,-11.530133247375488
F691L:L705V,0.12645339965820312
F691L:M706I,-9.396696090698242
F691L:M706K,-12.943713188171387
F691L:M706L,-10.073866844177246
F691L:M706R,-13.878254890441895
F691L:M706T,-11.546518325805664
F691L:M706V,-8.446172714233398
F691L:N698H,-6.334282398223877
F691L:N698I,-3.001646041870117
F691L:N698K,-9.306920051574707
F691L:N698S,-7.567180633544922
F691L:N698Y,-2.460361957550049
F691L:S697A,-5.042716026306152
F691L:S697L,-4.3616533279418945
F691L:I712V,-8.737642288208008
F691L:I712T,-11.551630973815918
F691L:I712M,-8.080281257629395
F691L:I712L,-8.46459674835205
F691L:G704R,-10.264542579650879
F691L:G704V,-10.29898452758789
F691L:G708A,-9.448980331420898
F691L:G708C,-6.721560955047607
F691L:G708D,-11.440149307250977
F691L:G708R,-11.307852745056152
F691L:S697P,-6.828218460083008
F691L:I702F,-9.626333236694336
F691L:I702N,-9.078620910644531
F691L:I702T,-7.6059112548828125
F691L:I702V,-7.210200786590576
F691L:I703F,-11.629704475402832
F691L:I703L,-11.526833534240723
F691L:I703M,-11.475483894348145
F691L:I703N,-11.63232421875
F691L:I703T,-11.040678024291992
F691L:I703V,-8.294734954833984
F691L:I712K,-13.358367919921875
F691L:G704E,-10.51086139678955
F691L:S697T,-4.157510757446289
F691L:V695E,-7.587136745452881
F691S:A701T,-0.7499451637268066
F691S:A701V,-0.1793079376220703
F691S:A713E,-10.97517204284668
F691S:A713G,-8.037149429321289
F691S:A713S,-6.163262844085693
F691S:A713T,-1.9785637855529785
F691S:A713V,-2.570664405822754
F691S:D694G,-1.4264235496520996
F691S:D694H,-5.066506385803223
F691S:D694V,-10.33938980102539
F691S:E693D,-3.515805721282959
F691S:E693G,2.0449419021606445
F691S:E693K,-2.792729377746582
F691S:E693Q,-2.0974926948547363
F691S:G696A,-5.446078300476074
F691S:G696C,-7.142678260803223
F691S:G696D,-9.564947128295898
F691S:G696R,-5.025304794311523
F691S:G696S,-3.9331979751586914
F691S:G696V,-4.229441165924072
F691S:G700D,-11.520427703857422
F691S:A692V,-2.0652048587799072
F691L:V695G,-2.0736498832702637
F691L:V695K,-3.5518884658813477
F691L:V695M,-3.4490575790405273
F691L:V707A,-9.702863693237305
F691L:V707E,-12.869793891906738
F691L:V707G,-10.793124198913574
F691L:V707L,-2.114119529724121
F691L:V707M,-6.5051679611206055
F691L:V711D,-13.505823135375977
F691L:V711F,-9.180997848510742
F691L:V711L,-9.625150680541992
F691S:A692E,-7.770999431610107
F691S:A692S,-6.486115455627441
F691S:A692T,-5.899454116821289
F691L:V711A,-10.38824462890625
F691L:G700V,-0.9007186889648438
F691L:G700D,-10.865819931030273
F691I:I703T,-6.542840003967285
F691I:I703V,-3.7968969345092773
F691I:I712K,-8.860529899597168
F691I:I712L,-3.9667587280273438
F691I:I712M,-3.5824432373046875
F691I:I712T,-7.053792953491211
F691I:I712V,-4.239804744720459
F691I:K699E,-5.755780220031738
F691I:K699I,-2.0091962814331055
F691I:K699N,-0.2834439277648926
F691I:K699Q,-0.5663056373596191
F691I:K699T,-1.317495346069336
F691I:L705H,-7.0735979080200195
F691I:L705P,-5.333690643310547
F691I:L705R,-7.032295227050781
F691I:M706I,-4.898857593536377
F691I:M706K,-8.44587516784668
F691I:M706L,-5.576028823852539
F691I:M706R,-9.380416870117188
F691I:M706T,-7.048680305480957
F691I:M706V,-3.9483351707458496
F691I:I703N,-7.134486198425293
F691I:I703F,-7.131866455078125
F691I:I702V,-2.712362766265869
F691I:I702T,-3.1080732345581055
F691I:D694Y,-5.209050178527832
F691I:E693A,1.368004322052002
F691I:E693D,1.6366405487060547
F691I:E693G,7.197388172149658
F691I:E693K,2.3597168922424316
F691I:G696C,-1.990231990814209
F691I:G696D,-4.412500381469727
F691I:G696S,1.2192482948303223
F691I:G696V,0.9230051040649414
F691I:N698I,1.4961919784545898
F691I:G700D,-6.367981910705566
F691I:G704E,-6.013023376464844
F691I:G704R,-5.766704559326172
F691I:G708A,-4.95114278793335
F691I:G708C,-2.2237229347229004
F691I:G708D,-6.9423112869262695
F691I:I702F,-5.128495216369629
F691I:I702N,-4.580782413482666
F691I:N698S,-3.069342613220215
F691I:S697L,0.1361844539642334
F691L:A701T,-0.0953369140625
F691L:A701V,0.47530031204223633
F691L:A713E,-10.320563316345215
F691L:A713G,-7.382541656494141
F691L:A713S,-5.508654594421387
F691L:A713T,-1.3239555358886719
F691L:A713V,-1.9160561561584473
F691L:D694G,-0.771815299987793
F691L:D694V,-9.684781074523926
F691L:D694Y,-9.706888198852539
F691L:E693A,-3.129833698272705
F691L:E693D,-2.8611974716186523
F691L:E693G,2.699550151824951
F691L:E693K,-2.1381211280822754
F691L:G696A,-4.791470050811768
F691L:G696C,-6.488070011138916
F691L:G696D,-8.910338401794434
F691L:G696R,-4.370696544647217
F691L:G696S,-3.2785897254943848
F691L:G696V,-3.5748329162597656
F691L:A701P,-5.984865665435791
F691I:S697P,-2.330380439758301
F691I:S697T,0.34032750129699707
F691I:V695E,-3.089298725128174
F691I:V695G,2.4241881370544434
F691I:V695M,1.0487804412841797
F691I:V707A,-5.2050251960754395
F691I:V707E,-8.371955871582031
F691I:V707L,2.383718490600586
F691I:V707M,-2.0073299407958984
F691I:N698Y,2.037476062774658
F691I:V711D,-9.00798511505127
F691I:V711F,-4.683159351348877
F691I:V711L,-5.127312660217285
F691L:A692E,-7.116391181945801
F691L:A692G,-2.8230230808258057
F691L:A692P,-7.047914505004883
F691L:A692S,-5.831507682800293
F691L:A692T,-5.244845390319824
F691L:A692V,-1.4105966091156006
F691I:V711A,-5.890406608581543
F691S:G704E,-11.165470123291016
F691S:G704R,-10.919151306152344
F691S:G704V,-10.953592300415039
F691Y:I703V,-8.562068939208984
F691Y:I712K,-13.625701904296875
F691Y:I712L,-8.731929779052734
F691Y:I712M,-8.347614288330078
F691Y:I712T,-11.818964004516602
F691Y:I712V,-9.004976272583008
F691Y:K699E,-10.520952224731445
F691Y:K699I,-6.774367809295654
F691Y:K699N,-5.048615455627441
F691Y:K699Q,-5.331477165222168
F691Y:K699T,-6.082666873931885
F691Y:L705H,-11.838769912719727
F691Y:L705P,-10.098861694335938
F691Y:L705R,-11.797466278076172
F691Y:L705V,-0.14088010787963867
F691Y:M706I,-9.664029121398926
F691Y:M706K,-13.21104621887207
F691Y:M706L,-10.34119987487793
F691Y:M706R,-14.145587921142578
F691Y:M706V,-8.713506698608398
F691Y:N698I,-3.268979549407959
F691Y:I703T,-11.308012008666992
F691Y:I703N,-11.899658203125
F691Y:I703L,-11.794166564941406
F691Y:I703F,-11.897037506103516
F691Y:G696V,-3.8421664237976074
F691Y:G700D,-11.133153915405273
F691Y:G700R,-11.038125991821289
F691Y:G700V,-1.1680521965026855
F691Y:G704A,-10.616199493408203
F691Y:G704E,-10.778194427490234
F691Y:G704R,-10.531875610351562
F691Y:G704V,-10.56631851196289
F691Y:G708A,-9.716314315795898
F691Y:N698S,-7.834514141082764
F691Y:G708C,-6.988894462585449
F691Y:G708R,-11.575185775756836
F691Y:I702F,-9.893667221069336
F691Y:I702N,-9.345953941345215
F691Y:I702T,-7.873244762420654
F691Y:I702V,-7.477534294128418
F691Y:G708D,-11.707483291625977
F691Y:G696S,-3.5459232330322266
F691Y:S697A,-5.310050010681152
F691I:A701T,4.402501106262207
F691I:A701P,-1.487027645111084
F691I:A692V,3.0872414112091064
F691I:A692T,-0.7470076084136963
F691I:A692S,-1.3336694240570068
F691I:A692P,-2.550076484680176
F691I:A692E,-2.6185531616210938
F691C:V711D,-15.863067626953125
F691C:V695E,-9.944380760192871
F691C:S697T,-6.514754295349121
F691C:N698Y,-4.817605972290039
F691C:M706V,-10.803417205810547
F691C:L705P,-12.188772201538086
F691C:L705H,-13.928680419921875
F691C:K699N,-7.13852596282959
F691C:I712V,-11.094886779785156
F691I:A701V,4.973138332366943
F691I:A713E,-5.822725296020508
F691I:A713G,-2.8847036361694336
F691I:A713S,-1.0108165740966797
F691Y:S697L,-4.6289873123168945
F691Y:S697P,-7.09555196762085
F691Y:S697T,-4.424843788146973
F691Y:V695E,-7.854470252990723
F691Y:V695G,-2.3409833908081055
F691Y:V695M,-3.716391086578369
F691Y:V707A,-9.970196723937988
F691Y:V707E,-13.137126922607422
F691Y:V707G,-11.060457229614258
F691Y:V707L,-2.381453037261963
F691Y:N698Y,-2.7276954650878906
F691Y:V707M,-6.772501468658447
F691Y:V711A,-10.65557861328125
F691Y:V711D,-13.773157119750977
F691Y:V711F,-9.448330879211426
F691Y:V711L,-9.892484664916992
F691I:D694G,3.726022720336914
F691I:A713T,3.173882484436035
F691Y:G696R,-4.638030052185059
F691Y:G696D,-9.177671432495117
F691Y:G696C,-6.755403518676758
F691S:L705H,-12.226043701171875
F691S:L705P,-10.486137390136719
F691S:L705V,-0.5281548500061035
F691S:M706I,-10.05130386352539
F691S:M706K,-13.598321914672852
F691S:M706L,-10.728475570678711
F691S:M706T,-12.201126098632812
F691S:M706V,-9.100781440734863
F691S:N698H,-6.988890647888184
F691S:N698I,-3.656254291534424
F691S:N698K,-9.961528778076172
F691S:N698S,-8.22178840637207
F691S:N698Y,-3.1149702072143555
F691S:S697A,-5.697324752807617
F691S:S697L,-5.016262054443359
F691S:S697P,-7.4828267097473145
F691S:S697T,-4.8121185302734375
F691S:V695E,-8.241744995117188
F691S:V695G,-2.7282581329345703
F691S:V695M,-4.103665828704834
F691S:V707A,-10.357471466064453
F691S:K699T,-6.46994161605835
F691S:K699N,-5.435890197753906
F691S:G708C,-7.376169204711914
F691S:G708D,-12.094757080078125
F691S:G708R,-11.962461471557617
F691S:I702F,-10.280941009521484
F691S:V707E,-13.524402618408203
F691S:I702N,-9.73322868347168
F691S:I702V,-7.864809036254883
F691S:I703F,-12.284313201904297
F691S:I703N,-12.286931991577148
F691S:I703T,-11.69528579711914
F691S:I703V,-8.949342727661133
F691S:I712K,-14.012975692749023
F691S:I712L,-9.119205474853516
F691S:I712M,-8.73488998413086
F691S:I712T,-12.206239700317383
F691S:I712V,-9.392251014709473
F691S:K699E,-10.908226013183594
F691S:K699I,-7.161642551422119
F691S:I702T,-8.260519027709961
F691S:V707L,-2.7687277793884277
F691S:V707M,-7.159776210784912
F691V:V707A,-8.65580940246582
F691Y:A692E,-7.383724689483643
F691Y:A692G,-3.0903565883636475
F691Y:A692S,-6.098840713500977
F691Y:A692T,-5.512179374694824
F691Y:A692V,-1.6779301166534424
F691Y:A701T,-0.3626704216003418
F691Y:A701V,0.20796680450439453
F691Y:A713E,-10.587896347045898
F691V:V695E,-6.5400824546813965
F691Y:A713G,-7.649875164031982
F691Y:A713T,-1.5912890434265137
F691Y:A713V,-2.183389663696289
F691Y:D694G,-1.0391488075256348
F691Y:D694V,-9.95211410522461
F691Y:D694Y,-9.974222183227539
F691Y:E693D,-3.128530979156494
F691Y:E693G,2.4322166442871094
F691Y:E693K,-2.405454635620117
F691Y:G696A,-5.058803558349609
F691Y:A713S,-5.7759881019592285
F691C:I703V,-10.651979446411133
F691V:S697T,-3.1104562282562256
F691V:S697A,-3.995661973953247
F691S:V711A,-11.042852401733398
F691S:V711D,-14.160430908203125
F691V:A701V,1.5223546028137207
F691V:E693G,3.7466044425964355
F691V:G696C,-5.441015720367432
F691V:G696D,-7.863284111022949
F691V:S697L,-3.3145992755889893
F691V:G708C,-5.674506664276123
F691V:I703T,-9.993623733520508
F691V:I703V,-7.2476806640625
F691V:I712K,-12.31131362915039
F691V:I712M,-7.03322696685791
F691V:K699E,-9.206563949584961
F691V:K699N,-3.7342276573181152
F691V:L705H,-10.524381637573242
F691V:L705P,-8.78447437286377
F691V:M706L,-9.026812553405762
F691V:N698Y,-1.4133076667785645
F691V:G708D,-10.393095016479492
F691Y:M706T,-11.813852310180664
F691I:D694V,-5.186943054199219
A692T:D694G,-1.5136587619781494
A692T:I702F,-10.368176460266113
A692T:G708D,-12.181992530822754
A692T:G708C,-7.463404655456543
A692T:I702N,-9.820464134216309
A692T:G708A,-10.190824508666992
A692T:G704E,-11.252704620361328
A692T:G700D,-11.60766315460205
A692T:G696V,-4.316676139831543
A692T:G696S,-4.02043342590332
A692T:G696R,-5.112540245056152
A692T:G696D,-9.652181625366211
A692T:G696C,-7.229913711547852
A692T:G704R,-11.006385803222656
A692T:I702T,-8.34775447845459
A692T:I702V,-7.952044486999512
A692T:I703F,-12.37154769897461
A692T:M706L,-10.815710067749023
A692T:M706K,-13.685556411743164
A692T:M706I,-10.13853931427002
A692T:L705P,-10.573371887207031
A692T:L705H,-12.313279151916504
A692T:K699Q,-5.805987358093262
A692T:K699N,-5.523125648498535
A692T:K699I,-7.24887752532959
A692T:K699E,-10.995461463928223
A692T:I712V,-9.479486465454102
A692T:I712T,-12.293474197387695
A692T:I712M,-8.822124481201172
A692T:I712L,-9.206439971923828
A692T:I712K,-14.100211143493652
A692T:I703V,-9.036578178405762
A692T:I703T,-11.78252124786377
A692T:I703N,-12.374167442321777
A692T:I703M,-12.217327117919922
A692T:G696A,-5.533313751220703
A692T:M706T,-12.288361549377441
A692T:E693G,1.9577066898345947
A692S:M706I,-10.725200653076172
A692S:L705P,-11.1600341796875
A692S:L705H,-12.899941444396973
A692S:K699I,-7.835539817810059
A692S:I712T,-12.880136489868164
A692S:I712M,-9.40878677368164
A692S:I712L,-9.793102264404297
A692S:M706V,-9.774678230285645
A692S:I703V,-9.62324047088623
A692S:I702V,-8.538705825805664
A692S:G708C,-8.050065994262695
A692S:G700D,-12.19432544708252
A692S:G696S,-4.607094764709473
A692S:G696C,-7.816575050354004
A692S:E693G,1.3710448741912842
A692S:E693D,-4.189702987670898
A692S:I703T,-12.369183540344238
A692S:N698Y,-3.788867235183716
A692S:S697T,-5.486015796661377
A692T:E693D,-3.603040933609009
A692T:D694V,-10.426624298095703
A692T:A713V,-2.6578996181488037
A692T:A713T,-2.0657989978790283
A692T:A713S,-6.250497817993164
A692T:A713E,-11.062406539916992
A692T:A701V,-0.2665431499481201
A692T:A701T,-0.8371803760528564
A692S:V711A,-11.716750144958496
A692S:V707M,-7.833673477172852
A692S:V695G,-3.4021551609039307
A692S:V695E,-8.915641784667969
A692T:E693K,-2.879964590072632
A692T:M706V,-9.188016891479492
A692T:N698I,-3.7434895038604736
A692V:L705P,-6.739123344421387
A692V:L705H,-8.47903060913086
A692V:K699T,-2.7229278087615967
A692V:K699N,-1.6888763904571533
A692V:K699I,-3.414628744125366
A692V:K699E,-7.161212921142578
A692V:I712V,-5.645236968994141
A692V:M706I,-6.304289817810059
A692V:I712T,-8.45922565460205
A692V:I712L,-5.372191429138184
A692V:I712K,-10.265962600708008
A692V:I703V,-5.202329635620117
A692V:I703T,-7.948272705078125
A692V:I703N,-8.539918899536133
A692V:I703F,-8.537299156188965
A692V:I702V,-4.117794990539551
A692V:I702T,-4.513505935668945
A692V:I702N,-5.986214637756348
A692V:I712M,-4.987875938415527
A692V:M706K,-9.85130786895752
A692V:M706L,-6.981461524963379
A692V:M706T,-8.454113006591797
A692V:V711L,-6.532745361328125
A692V:V711D,-10.41341781616211
A692V:V711A,-7.295839309692383
A692V:V707M,-3.412762403488159
A692V:V707E,-9.777388572692871
A692V:V707A,-6.610457420349121
A692V:V695G,1.0187556743621826
A692V:V695E,-4.4947309494018555
A692V:S697T,-1.0651049613952637
A692V:S697P,-3.7358129024505615
A692V:S697L,-1.2692480087280273
A692V:N698Y,0.6320436596870422
A692V:N698S,-4.474775314331055
A692V:N698I,0.09075957536697388
A692V:M706V,-5.353767395019531
A692V:I702F,-6.533927917480469
A692T:V711D,-14.247666358947754
A692T:V711A,-11.130087852478027
A692T:V707M,-7.247011184692383
A692T:V707L,-2.8559629917144775
A692T:V707E,-13.611637115478516
A692T:V707A,-10.444706916809082
A692T:V695G,-2.81549334526062
A692T:V695E,-8.328980445861816
A692T:S697T,-4.899353981018066
A692T:S697P,-7.570061683654785
A692T:S697L,-5.10349702835083
A692T:N698Y,-3.2022054195404053
A692T:N698S,-8.3090238571167
A692T:V695M,-4.190900802612305
A692V:A701P,-2.8924601078033447
A692V:G708D,-8.34774398803711
A692V:G708C,-3.629155397415161
A692V:G704V,-7.206579208374023
A692V:G704R,-7.172137260437012
A692V:G700D,-7.773414611816406
A692V:G696S,-0.18618416786193848
A692V:G696D,-5.817933082580566
A692V:G696C,-3.3956644535064697
A692V:E693G,5.791955947875977
A692V:E693D,0.23120808601379395
A692V:D694V,-6.592375755310059
A692V:D694G,2.3205902576446533
A692V:A713V,1.176349401473999
A692V:A713T,1.7684500217437744
A692V:A713S,-2.4162490367889404
A692V:A701V,3.5677058696746826
A692V:A701T,2.9970686435699463
A692S:A701T,-1.423842191696167
A692S:A713V,-3.2445614337921143
A692E:G696S,-5.891978740692139
A692E:I703N,-14.245713233947754
A692E:I703T,-13.654067039489746
A692E:I703V,-10.908123970031738
A692E:I712K,-15.971756935119629
A692E:I712L,-11.077985763549805
A692E:I712M,-10.693670272827148
A692E:I712T,-14.165019989013672
A692E:I712V,-11.351032257080078
A692E:K699I,-9.120423316955566
A692E:K699N,-7.3946709632873535
A692E:L705H,-14.18482494354248
A692E:L705P,-12.444917678833008
A692E:M706K,-15.55710220336914
A692E:M706L,-12.687255859375
A692E:M706T,-14.159907341003418
A692E:M706V,-11.059562683105469
A692E:N698I,-5.615035057067871
A692E:N698S,-10.180569648742676
A692E:N698Y,-5.073750972747803
A692E:S697L,-6.975042343139648
A692E:S697P,-9.441607475280762
A692E:I703F,-14.243093490600586
A692E:S697T,-6.770899772644043
A692E:I702V,-9.823589324951172
A692E:I702F,-12.23972225189209
A692E:A701T,-2.708725929260254
A692E:A701V,-2.1380887031555176
A692E:A713S,-8.12204360961914
A692E:A713V,-4.529445171356201
A692E:D694G,-3.385204315185547
A692E:D694V,-12.29817008972168
A692E:E693D,-5.474586486816406
A692E:E693G,0.08616113662719727
A692E:E693Q,-4.056273460388184
A692E:G696C,-9.101459503173828
A692E:G696D,-11.523727416992188
A692E:G700D,-13.479208946228027
A692E:G704R,-12.877931594848633
A692E:G708C,-9.334949493408203
A692E:I702T,-10.219300270080566
A692E:K699E,-12.8670072555542
A692E:V695M,-6.062446594238281
A692G:N698I,-1.321666955947876
A692G:N698S,-5.887201309204102
A692G:N698Y,-0.7803828120231628
A692G:S697P,-5.1482391357421875
A692G:S697T,-2.4775314331054688
A692G:V695E,-5.907157897949219
A692G:V711A,-8.70826530456543
A692G:V711D,-11.825843811035156
A692G:L705H,-9.891456604003906
A692P:E693D,-5.406109809875488
A692P:G696C,-9.032981872558594
A692E:V695E,-10.200525283813477
A692P:I702V,-9.75511360168457
A692P:M706K,-15.488625526428223
A692P:N698I,-5.546558380126953
A692P:N698Y,-5.005274295806885
A692P:S697L,-6.9065656661987305
A692P:V695E,-10.132049560546875
A692P:V695M,-5.993969917297363
A692P:A701V,-2.0696120262145996
A692G:K699I,-4.827054977416992
A692G:K699N,-3.1013028621673584
A692E:V707A,-12.316251754760742
A692E:V707E,-15.483182907104492
A692E:V707M,-9.11855697631836
A692E:V711A,-13.001633644104004
A692E:V711D,-16.119213104248047
A692G:A713T,0.35602355003356934
A692G:E693D,-1.1812183856964111
A692G:E693G,4.379528999328613
A692G:I712L,-6.7846174240112305
A692G:I712K,-11.678388595581055
A692G:I703T,-9.360698699951172
A692G:I703N,-9.95234489440918
A692G:G708C,-5.041582107543945
A692G:G696S,-1.5986106395721436
A692G:G696C,-4.808091163635254
A692G:K699E,-8.573638916015625
E693D:K699Q,-3.4223389625549316
E693D:I712T,-9.909826278686523
E693D:K699N,-3.139477252960205
E693D:K699I,-4.865229606628418
E693D:K699E,-8.61181354522705
E693D:I712V,-7.0958380699157715
E693D:I703N,-9.990519523620605
E693D:I712K,-11.71656322479248
E693D:I703V,-6.65293025970459
E693D:I703T,-9.398873329162598
E693D:I703F,-9.987899780273438
E693D:I702V,-5.568396091461182
E693D:L705H,-9.929631233215332
E693D:I702N,-7.4368157386779785
E693D:I702T,-5.964106559753418
E693D:I712L,-6.822792053222656
E693D:L705R,-9.888328552246094
E693D:I702M,-8.171567916870117
E693A:V707E,-11.496625900268555
E693D:S697T,-2.5157058238983154
E693D:S697P,-5.186413764953613
E693D:S697L,-2.719848871231079
E693D:S697A,-3.400911569595337
E693D:N698Y,-0.8185572028160095
E693D:L705P,-8.18972396850586
E693D:N698S,-5.925375938415527
E693D:N698H,-4.692477703094482
E693D:M706V,-6.804368495941162
E693D:M706T,-9.90471363067627
E693D:M706L,-8.432062149047852
E693D:M706K,-11.301908493041992
E693D:M706I,-7.7548909187316895
E693D:L705V,1.7682580947875977
E693D:N698I,-1.3598413467407227
E693D:I702L,-8.994529724121094
E693A:V695E,-6.213968276977539
E693D:G696A,-3.149665355682373
E693D:D694Y,-8.065083503723145
E693D:D694V,-8.042976379394531
E693D:D694G,0.8699893951416016
E693D:D694A,-5.549036026000977
E693D:A713V,-0.27425146102905273
E693D:A713T,0.31784915924072266
E693D:A713S,-3.866849899291992
E693D:A713E,-8.67875862121582
E693D:A701V,2.117105007171631
E693D:A701T,1.5464677810668945
E693D:A701P,-4.3430609703063965
E693D:G696C,-4.8462653160095215
E693D:G696D,-7.268533706665039
E693D:G696S,-1.6367850303649902
E693D:G696V,-1.933028221130371
E693D:G708R,-9.666048049926758
E693D:G708D,-9.798344612121582
E693D:I702F,-7.984528541564941
E693D:G708C,-5.079756259918213
E693D:G704R,-8.622737884521484
E693D:G704E,-8.869056701660156
E693D:G700V,0.7410860061645508
E693D:G700R,-9.128988265991211
E693D:G700D,-9.224015235900879
E693D:G704V,-8.657179832458496
E693A:L705H,-10.198266983032227
E693A:K699E,-8.880449295043945
E693A:G696S,-1.905421257019043
E693A:K699I,-5.133865833282471
E693D:V695E,-5.945332050323486
E693D:I712M,-6.4384765625
E693G:I712M,-0.8777289390563965
E693G:I712L,-1.2620444297790527
E693G:I712K,-6.155815601348877
E693G:I703V,-1.0921826362609863
E693G:I703T,-3.838125705718994
E693G:I703N,-4.429771900177002
E693G:I703M,-4.2729315757751465
E693G:I703F,-4.427152156829834
E693G:I702V,-0.007648468017578125
E693G:I702T,-0.40335893630981445
E693G:I702F,-2.423780918121338
E693G:I712T,-4.34907865524292
E693G:G708D,-4.2375969886779785
E693G:I712V,-1.535090446472168
E693G:K699I,0.6955180168151855
E693G:N698S,-0.36462831497192383
E693G:N698I,4.200906276702881
E693G:N698H,0.8682699203491211
E693G:M706V,-1.2436208724975586
E693G:M706T,-4.343966007232666
E693G:M706L,-2.871314525604248
E693G:M706K,-5.741160869598389
E693G:M706I,-2.194143295288086
E693G:L705V,7.329005718231201
E693G:L705R,-4.32758092880249
E693G:L705P,-2.628976345062256
E693G:L705H,-4.3688836097717285
E693G:K699N,2.4212703704833984
E693G:K699E,-3.0510659217834473
E693G:G708C,0.4809913635253906
E693G:G704E,-3.3083090782165527
E693D:V711D,-11.864018440246582
E693D:V711A,-8.746439933776855
E693D:V707M,-4.863363265991211
E693D:V707L,-0.47231483459472656
E693D:V707G,-9.15131950378418
E693D:V707E,-11.227989196777344
E693D:V707A,-8.061058044433594
E693D:V695M,-1.8072528839111328
E693D:V695G,-0.43184518814086914
E693G:G704R,-3.061990261077881
E693G:A701V,7.677852630615234
E693G:G700D,-3.6632676124572754
E693G:G696S,3.9239625930786133
E693G:G696R,2.8318557739257812
E693G:G696D,-1.7077860832214355
E693G:G696C,0.714482307434082
E693G:D694Y,-2.504335880279541
E693G:D694V,-2.4822287559509277
E693G:D694G,6.430737018585205
E693G:A713V,5.286496162414551
E693G:A713T,5.878596782684326
E693G:A713S,1.6938977241516113
E693G:A713P,-1.4246468544006348
E693G:A713E,-3.118010997772217
E693G:A701T,7.107215404510498
E693G:N698Y,4.742190361022949
E693G:I702N,-1.876068115234375
E693Q:M706V,-5.3860554695129395
E693K:A701V,2.840181350708008
E693K:A713E,-7.955682277679443
E693K:A713V,0.4488248825073242
E693K:D694G,1.5930657386779785
E693K:G696C,-4.1231889724731445
E693K:G696D,-6.545457363128662
E693K:A701T,2.2695441246032715
E693K:G696S,-0.9137086868286133
E693K:G704R,-7.899661540985107
E693K:G708C,-4.356679916381836
E693K:I702F,-7.2614521980285645
E693K:I702N,-6.713739395141602
E693K:G700D,-8.500938415527344
E693K:I702T,-5.241030216217041
E693G:S697T,3.045041799545288
E693G:V695E,-0.3845844268798828
E693G:V695G,5.128902435302734
E693G:V695M,3.7534947395324707
E693G:V707E,-5.66724157333374
E693G:V707L,5.088432788848877
E693G:V711A,-3.185692310333252
E693G:V711D,-6.3032708168029785
E693G:V707M,0.6973843574523926
E693G:S697P,0.37433385848999023
E693K:I702V,-4.845319747924805
E693K:I703T,-8.675796508789062
E693K:V707E,-10.504913330078125
E693K:V711D,-11.140941619873047
E693K:V707A,-7.337982177734375
E693K:I703F,-9.264823913574219
E693K:V695E,-5.222255706787109
E693K:S697T,-1.7926294803619385
E693K:I703V,-5.929853916168213
E693K:I712K,-10.993486404418945
E693K:I712L,-6.099715709686279
E693K:I712T,-9.186750411987305
E693K:I712V,-6.3727617263793945
E693K:K699E,-7.888737201690674
E693K:K699I,-4.142153263092041
E693K:K699N,-2.416400909423828
E693K:L705H,-9.206554412841797
E693K:M706K,-10.578832626342773
E693K:M706L,-7.708985805511475
E693K:N698I,-0.6367649435997009
E693K:N698S,-5.20229959487915
E693K:N698Y,-0.09548085927963257
E693G:S697L,2.8408987522125244
E693G:V707A,-2.5003108978271484
D694G:A701P,-2.253678798675537
D694H:V707E,-12.778690338134766
D694H:S697T,-4.06640625
D694G:V711D,-9.774636268615723
D694G:V711A,-6.657057762145996
D694G:M706V,-4.714986324310303
D694G:A701V,4.20648717880249
D694G:K699E,-6.522431373596191
D694G:K699I,-2.7758474349975586
D694G:K699N,-1.0500950813293457
D694G:L705H,-7.840249061584473
D694G:L705P,-6.100341796875
D694G:L705R,-7.798946380615234
D694G:M706I,-5.66550874710083
D694G:M706K,-9.212526321411133
D694G:M706L,-6.342679977416992
D694G:I712V,-5.006455898284912
D694G:M706T,-7.81533145904541
D694G:V707G,-7.06193733215332
D694G:V707E,-9.138607025146484
D694G:V707A,-5.971676349639893
D694G:V695M,0.28212928771972656
D694G:V695G,1.6575369834899902
D694G:V695E,-3.855949878692627
D694G:S697T,-0.42632365226745605
D694G:S697P,-3.097031593322754
D694G:S697L,-0.6304666996002197
D694G:N698Y,1.270824909210205
D694G:N698S,-3.835993766784668
D694G:N698I,0.7295408844947815
D694G:V707L,1.6170673370361328
D694G:A701T,3.635849952697754
D694G:I712T,-7.820444107055664
D694G:I712L,-4.733409881591797
D694G:A713E,-6.589376449584961
D694G:A713S,-1.7774677276611328
D694G:A713T,2.407231330871582
D694G:A713V,1.8151307106018066
D694G:G696C,-2.756883144378662
D694G:G696D,-5.17915153503418
D694G:G696S,0.45259714126586914
D694G:G696V,0.15635395050048828
D694G:G700D,-7.1346330642700195
D694G:G704E,-6.779674530029297
D694G:G708C,-2.9903740882873535
D694G:I712M,-4.349094390869141
D694G:G708D,-7.708962440490723
D694G:I702F,-5.895146369934082
D694G:I702N,-5.347433567047119
D694G:I702V,-3.4790139198303223
D694G:I703F,-7.898517608642578
D694G:I703N,-7.901137351989746
D694G:I703T,-7.309491157531738
D694G:I703V,-4.5635480880737305
D694G:I712K,-9.627181053161621
D694G:V707M,-2.7739810943603516
D694Y:V707E,-18.073680877685547
D694V:V695M,-8.630836486816406
D694V:V695G,-7.255428791046143
D694V:V695E,-12.768915176391602
D694V:S697T,-9.339289665222168
D694V:S697P,-12.009997367858887
D694V:S697L,-9.543432235717773
D694V:N698Y,-7.642140865325928
D694V:N698S,-12.7489595413208
D694V:N698I,-8.183424949645996
D694V:M706V,-13.627952575683594
D694V:V707A,-14.884641647338867
D694V:M706T,-16.72829818725586
D694V:M706K,-18.125492095947266
D694V:M706I,-14.578474044799805
D694V:L705P,-15.013307571411133
D694V:L705H,-16.753215789794922
D694V:K699Q,-10.245922088623047
D694V:K699N,-9.96306037902832
D694V:K699I,-11.688813209533691
D694V:K699E,-15.435397148132324
D694V:I712V,-13.919422149658203
D694V:I712T,-16.733409881591797
D694V:I712M,-13.262060165405273
D694V:M706L,-15.255645751953125
D694V:V707E,-18.051572799682617
D694V:V707M,-11.686946868896484
D694Y:V707A,-14.906749725341797
D694Y:V695E,-12.791023254394531
D694Y:S697T,-9.361396789550781
D694Y:N698Y,-7.664247989654541
D694Y:N698I,-8.20553207397461
D694Y:M706V,-13.65005874633789
D694Y:M706L,-15.277752876281738
D694Y:L705P,-15.035414695739746
D694Y:L705H,-16.77532196044922
D694Y:K699N,-9.98516845703125
D694Y:K699E,-15.457504272460938
D694Y:I712L,-13.668482780456543
D694Y:I712K,-18.562253952026367
D694Y:I703T,-16.244564056396484
D694Y:I702V,-12.414087295532227
D694Y:G708C,-11.925447463989258
D694Y:G696C,-11.69195556640625
D694Y:A713V,-7.1199421882629395
D694Y:A713T,-6.527841567993164
D694Y:A701V,-4.728585720062256
D694V:V711L,-14.806929588317871
D694V:V711D,-18.687602996826172
D694V:I712L,-13.64637565612793
D694V:I712K,-18.540145874023438
D694V:I703T,-16.222457885742188
D694Y:V707M,-11.709053993225098
D694V:I703N,-16.814102172851562
D694V:I702V,-12.391979217529297
D694V:I702T,-12.787690162658691
D694V:I702N,-14.260398864746094
D694V:I702F,-14.808112144470215
D694V:G708D,-16.621929168701172
D694V:G708C,-11.903339385986328
D694V:G704E,-15.69264030456543
D694V:G700D,-16.04759979248047
D694V:G696S,-8.460369110107422
D694V:G696D,-14.092117309570312
D694V:G696C,-11.669849395751953
D694V:A713V,-7.097835063934326
D694V:A713T,-6.505734443664551
D694V:A713S,-10.690433502197266
D694V:A701V,-4.706478595733643
D694V:A701T,-5.277115821838379
D694Y:V711D,-18.70970916748047
D694V:I703V,-13.476513862609863
D694A:M706K,-15.631551742553711
D694A:L705H,-14.25927448272705
V695E:G708D,-14.524284362792969
V695E:G704E,-13.594995498657227
V695E:G708A,-12.53311538696289
V695E:G704V,-13.383119583129883
V695E:G704R,-13.348676681518555
V695E:G704A,-13.433000564575195
V695E:G700V,-3.9848532676696777
V695E:G708C,-9.805695533752441
V695E:I702F,-12.710468292236328
V695E:I712V,-11.82177734375
V695E:I702T,-10.690046310424805
V695E:G700R,-13.854927062988281
V695E:K699N,-7.865416526794434
V695E:K699I,-9.591169357299805
V695E:K699E,-13.337753295898438
V695E:I712T,-14.635765075683594
V695E:I712M,-11.16441535949707
V695E:I702N,-12.162755012512207
V695E:I712L,-11.548730850219727
V695E:I703V,-11.378870010375977
V695E:I703T,-14.124813079833984
V695E:I703N,-14.716459274291992
V695E:I703M,-14.55961799621582
V695E:I703F,-14.713838577270508
V695E:I702V,-10.29433536529541
V695E:I712K,-16.442502975463867
V695E:G700D,-13.949954986572266
V695E:G696V,-6.6589674949646
V695E:K699T,-8.899467468261719
V695E:G696S,-6.362724304199219
V695E:G696D,-11.99447250366211
V695E:G696C,-9.57220458984375
V695E:A713V,-5.000190734863281
V695E:A713T,-4.408090114593506
V695E:A713S,-8.592788696289062
V695E:A713P,-11.711334228515625
V695E:A713G,-10.466676712036133
V695E:A701V,-2.6088342666625977
V695E:A701T,-3.179471492767334
V695E:A701P,-9.069000244140625
V695E:A713E,-13.40469741821289
V695M:M706V,-7.392228603363037
V695M:M706T,-10.492573738098145
V695M:M706R,-12.824310302734375
V695M:M706L,-9.019922256469727
V695M:M706K,-11.889768600463867
V695M:M706I,-8.342750549316406
V695M:L705P,-8.777584075927734
V695M:L705H,-10.517491340637207
V695M:K699T,-4.761388778686523
V695M:K699N,-3.72733736038208
V695M:K699I,-5.453089714050293
V695M:K699E,-9.199673652648926
V695M:I712V,-7.6836981773376465
V695M:I712T,-10.497686386108398
V695M:I712M,-7.026336669921875
V695M:N698I,-1.9477014541625977
V695M:N698Y,-1.4064173698425293
V695M:V711D,-12.451878547668457
V695M:V711A,-9.33430004119873
V695M:N698S,-6.513236045837402
V695M:V707M,-5.451223373413086
V695M:V707E,-11.815849304199219
V695M:V707A,-8.648918151855469
V695M:S697T,-3.1035659313201904
V695M:S697P,-5.774273872375488
V695M:S697L,-3.307708978652954
V695E:L705H,-14.655570983886719
V695M:I712L,-7.410652160644531
V695M:I703V,-7.240790367126465
V695M:G696D,-7.856393814086914
V695M:G696C,-5.4341254234313965
V695M:A713V,-0.8621115684509277
V695M:A713T,-0.27001094818115234
V695M:A713S,-4.454710006713867
V695M:A713E,-9.266618728637695
V695M:A701V,1.5292448997497559
V695M:G696S,-2.2246451377868652
V695M:A701T,0.9586076736450195
V695E:M706T,-14.630653381347656
V695E:M706L,-13.158000946044922
V695E:M706K,-16.027847290039062
V695E:M706I,-12.480830192565918
V695E:L705V,-2.957681179046631
V695E:L705R,-14.614267349243164
V695E:L705P,-12.91566276550293
V695M:I712K,-12.304423332214355
V695M:I703T,-9.986733436584473
V695M:I703N,-10.57837963104248
V695M:I703F,-10.575759887695312
V695M:I702V,-6.156256198883057
V695M:I702T,-6.551966667175293
V695M:I702N,-8.024675369262695
V695M:I702F,-8.572388648986816
V695M:G700D,-9.811875343322754
V695M:G708D,-10.386204719543457
V695M:G708C,-5.667616367340088
V695M:G708A,-8.395036697387695
V695M:G704R,-9.21059799194336
V695M:G704E,-9.456916809082031
V695G:M706L,-7.644514560699463
V695G:M706K,-10.514360427856445
V695G:M706I,-6.967343330383301
V695G:L705H,-9.142084121704102
V695G:K699N,-2.3519296646118164
V695G:K699I,-4.077682018280029
V695G:M706V,-6.016820907592773
V695G:K699E,-7.824265956878662
V695G:I712T,-9.122278213500977
V695G:I712M,-5.650928974151611
V695G:I712L,-6.035244464874268
V695G:I712K,-10.92901611328125
V695G:I703V,-5.865382671356201
V695G:I703T,-8.611326217651367
V695G:I702V,-4.780848503112793
V695G:I712V,-6.308290481567383
V695G:N698K,-6.877567768096924
V695G:N698S,-5.137828350067139
V695G:V711D,-11.076471328735352
V695G:V711A,-7.958892345428467
V695G:V707M,-4.075815677642822
V695G:V707A,-7.273510932922363
V695G:S697T,-1.7281582355499268
V695G:S697P,-4.398866176605225
V695G:N698Y,-0.03100961446762085
V695G:I702F,-7.196980953216553
V695G:G708D,-9.010797500610352
V695E:V707L,-5.198254108428955
V695E:V707G,-13.87725830078125
V695E:V707E,-15.953927993774414
V695E:V707A,-12.78699779510498
V695E:S697T,-7.241644859313965
V695E:S697P,-9.912353515625
V695E:S697L,-7.445788383483887
V695E:V707M,-9.589302062988281
V695E:S697A,-8.126851081848145
V695E:N698S,-10.651315689086914
V695E:N698K,-12.391054153442383
V695E:N698I,-6.085780620574951
V695E:N698H,-9.418416976928711
V695E:M706V,-11.53030776977539
V695E:N698Y,-5.544496536254883
V695G:G700D,-8.436468124389648
V695G:G696D,-6.48098611831665
V695G:G696C,-4.058717727661133
V695G:A713V,0.5132961273193359
V695G:A701V,2.9046525955200195
V695G:A701T,2.334015369415283
V695E:V711F,-12.265131950378418
V695E:V711D,-16.58995819091797
V695E:V711A,-13.472379684448242
V695G:G708C,-4.292208671569824
V695M:A701P,-4.9309210777282715
G696S:L705P,-8.60711669921875
G696S:M706I,-8.172283172607422
G696S:L705H,-10.347023010253906
G696S:V707A,-8.478450775146484
G696S:M706K,-11.719301223754883
G696S:K699N,-3.5568695068359375
G696S:M706L,-8.849454879760742
G696S:S697P,-5.603806018829346
G696S:M706V,-7.2217607498168945
G696S:N698I,-1.777233600616455
G696S:N698S,-6.34276819229126
G696S:N698Y,-1.2359495162963867
G696S:K699I,-5.28262186050415
G696S:S697T,-2.933098077774048
G696S:M706T,-10.322105407714844
G696S:K699E,-9.029205322265625
G696S:G708C,-5.497148513793945
G696S:I712T,-10.327219009399414
G696S:V707E,-11.645381927490234
G696S:G704E,-9.286449432373047
G696S:G704R,-9.040130615234375
G696S:G708D,-10.215736389160156
G696S:I702F,-8.401920318603516
G696S:I702N,-7.854207992553711
G696S:I702T,-6.38149881362915
G696S:I702V,-5.985788345336914
G696S:I703F,-10.405292510986328
G696S:I703N,-10.40791130065918
G696S:I703T,-9.816265106201172
G696S:I703V,-7.070322513580322
G696S:I712K,-12.133955001831055
G696S:I712L,-7.240184307098389
G696S:I712M,-6.855868816375732
G696S:I712V,-7.513230323791504
G696S:V707L,-0.889707088470459
G696V:V707E,-11.941624641418457
G696V:I712V,-7.809473514556885
G696V:K699E,-9.325448989868164
G696V:K699I,-5.578865051269531
G696V:K699N,-3.8531126976013184
G696V:L705H,-10.643266677856445
G696V:M706I,-8.468526840209961
G696V:M706L,-9.145697593688965
G696V:I712M,-7.152112007141113
G696V:N698Y,-1.5321927070617676
G696V:S697P,-5.900049209594727
G696V:S697T,-3.2293412685394287
G696V:V707M,-5.576998710632324
G696V:N698S,-6.639011383056641
G696V:I712L,-7.5364274978637695
G696V:I712K,-12.430198669433594
G696V:I703V,-7.366565704345703
G696S:V711A,-9.16383171081543
G696S:V711D,-12.281410217285156
G696V:A701T,0.8328323364257812
G696V:G704R,-9.336373329162598
G696V:G708C,-5.793391704559326
G696V:G708D,-10.511980056762695
G696V:I702N,-8.15045166015625
G696V:I702V,-6.282031536102295
G696V:I703N,-10.704154968261719
G696S:V707M,-5.280755519866943
G696S:G700D,-9.641407012939453
G696R:I703T,-10.90837287902832
G696S:A713V,-0.6916437149047852
G696C:N698K,-11.291988372802734
G696C:N698I,-4.986713886260986
G696C:M706V,-10.431241035461426
G696C:M706T,-13.531585693359375
G696D:I703F,-16.03704071044922
G696C:M706L,-12.058935165405273
G696C:M706K,-14.928781509399414
G696C:M706I,-11.381763458251953
G696C:L705P,-11.816596984863281
G696C:L705H,-13.556503295898438
G696C:K699T,-7.800401210784912
G696C:K699N,-6.766349792480469
G696C:K699I,-8.492101669311523
G696C:K699E,-12.238685607910156
G696C:I712V,-10.722710609436035
G696C:N698S,-9.552248001098633
G696C:I712T,-13.536699295043945
G696C:S697L,-6.346721649169922
G696D:A713T,-5.731291770935059
G696D:A713S,-9.915990829467773
G696D:A713E,-14.727899551391602
G696D:A701V,-3.9320359230041504
G696D:A701T,-4.502673149108887
G696C:V711D,-15.490890502929688
G696C:V711A,-12.373311996459961
G696C:V707M,-8.490236282348633
G696C:V707E,-14.854862213134766
G696C:V707A,-11.687931060791016
G696C:S697T,-6.142578125
G696C:S697P,-8.813285827636719
G696C:N698Y,-4.445429801940918
G696D:A713V,-6.323392391204834
G696C:I712M,-10.065349578857422
G696C:G700D,-12.850887298583984
G696C:G704E,-12.495929718017578
G696C:G704R,-12.249610900878906
G696C:G708C,-8.706628799438477
G696C:G708D,-13.425216674804688
G696C:I702F,-11.611400604248047
G696C:I702N,-11.063688278198242
G696C:I702T,-9.590978622436523
G696C:I702V,-9.195268630981445
G696C:I703F,-13.61477279663086
G696C:I703N,-13.617391586303711
G696C:I703T,-13.025745391845703
G696C:A713V,-3.9011240005493164
G696C:I712L,-10.449665069580078
G696C:A713T,-3.309023380279541
G696C:A713G,-9.367609024047852
G696A:G708C,-7.010028839111328
G696A:I703T,-11.329145431518555
G696A:I712K,-13.646835327148438
G696A:K699E,-10.542085647583008
G696A:K699N,-5.06974983215332
G696A:L705H,-11.859903335571289
G696A:S697T,-4.445978164672852
G696A:V707E,-13.158262252807617
G696A:V711D,-13.794290542602539
G696C:A701P,-7.96993350982666
G696C:A701T,-2.080404758453369
G696C:A701V,-1.5097675323486328
G696C:A713E,-12.305631637573242
G696C:A713S,-7.493722438812256
G696D:G700D,-15.27315616607666
G696D:G704E,-14.918197631835938
G696R:I712L,-8.332290649414062
G696R:I712K,-13.226062774658203
G696D:I702V,-11.617536544799805
G696R:I703N,-11.500019073486328
G696R:I702V,-7.077895164489746
G696R:I702N,-8.946314811706543
G696R:G708C,-6.589255332946777
G696R:A701V,0.6076059341430664
G696R:A701T,0.03696870803833008
G696R:I712V,-8.605337142944336
G696R:K699E,-10.121313095092773
G696R:K699N,-4.6489763259887695
G696S:A713T,-0.09954309463500977
G696S:A713S,-4.284242153167725
G696S:A701V,1.6997127532958984
G696S:A701T,1.129075527191162
G696R:V707M,-6.372862339019775
G696R:V707E,-12.73748779296875
G696R:V707A,-9.570557594299316
G696R:S697T,-4.025204658508301
G696R:S697L,-4.229348182678223
G696R:N698Y,-2.3280563354492188
G696R:M706T,-11.414213180541992
G696R:M706L,-9.941560745239258
G696R:M706K,-12.811407089233398
G696R:L705H,-11.439130783081055
G696R:K699I,-6.374728679656982
G696D:V711D,-17.913158416748047
G696D:V711A,-14.795580863952637
G696D:K699I,-10.9143705368042
G696D:K699E,-14.660954475402832
G696D:I712V,-13.144979476928711
G696D:I712T,-15.958967208862305
G696D:I712M,-12.487617492675781
G696D:I712L,-12.871932983398438
G696D:I712K,-17.765705108642578
G696D:I703V,-12.702071189880371
G696D:I702T,-12.0132474899292
G696D:I703T,-15.448014259338379
G696D:I702N,-13.485956192016602
G696D:I702F,-14.033669471740723
G696D:G708D,-15.847485542297363
G696D:G708C,-11.128896713256836
G696D:K699N,-9.188617706298828
G696D:L705H,-15.978772163391113
G696D:V707M,-10.912504196166992
G696D:V707L,-6.521455764770508
G696D:V707E,-17.277130126953125
G696D:V707A,-14.110198974609375
G696D:S697T,-8.564846992492676
G696D:S697P,-11.235554695129395
G696C:I703V,-10.279802322387695
G696D:S697L,-8.768989562988281
G696D:N698S,-11.974516868591309
G696D:N698I,-7.408982276916504
G696D:M706V,-12.853509902954102
G696D:M706T,-15.95385456085205
G696D:M706L,-14.481203079223633
G696D:M706K,-17.351049423217773
G696D:M706I,-13.804031372070312
G696D:L705P,-14.23886489868164
G696D:N698Y,-6.8676981925964355
G696C:I712K,-15.343435287475586
S697A:A713V,-2.455770254135132
S697L:I702F,-9.484984397888184
S697L:I702N,-8.937272071838379
S697L:I702T,-7.46456241607666
S697L:I702V,-7.068852424621582
S697L:I703F,-11.48835563659668
S697L:I703N,-11.490975379943848
S697L:I703T,-10.89932918548584
S697L:I703V,-8.153386116027832
S697L:I712K,-13.217019081115723
S697L:I712L,-8.323247909545898
S697L:I712T,-11.410282135009766
S697L:I712V,-8.596294403076172
S697L:K699E,-10.112269401550293
S697L:K699I,-6.36568546295166
S697L:K699N,-4.6399335861206055
S697L:K699Q,-4.922795295715332
S697L:L705H,-11.430087089538574
S697L:L705P,-9.690179824829102
S697L:M706I,-9.25534725189209
S697L:I712M,-7.938932418823242
S697L:G708D,-11.298800468444824
S697L:G708C,-6.580212593078613
S697A:G708C,-7.261275291442871
S697A:I703T,-11.580391883850098
S697A:I712L,-9.004310607910156
S697A:I712M,-8.6199951171875
S697A:I712T,-12.091344833374023
S697A:K699N,-5.320996284484863
S697A:L705H,-12.111149787902832
S697A:L705V,-0.41326069831848145
S697A:N698Y,-3.0000760555267334
S697A:V707A,-10.24257755279541
S697A:V711D,-14.045536994934082
S697L:A701T,0.04601168632507324
S697L:A701V,0.6166489124298096
S697L:A713S,-5.367305755615234
S697L:A713T,-1.1826069355010986
S697L:A713V,-1.774707555770874
S697L:G700D,-10.724471092224121
S697L:G700V,-0.7593700885772705
S697L:G704R,-10.123193740844727
S697T:I712T,-11.20613956451416
S697P:I702F,-11.951549530029297
S697P:I702N,-11.403837203979492
S697P:I702T,-9.931127548217773
S697P:I702V,-9.535417556762695
S697P:I703F,-13.954920768737793
S697P:I703T,-13.365894317626953
S697P:I703V,-10.619951248168945
S697T:G700D,-10.520328521728516
S697P:I712K,-15.683584213256836
S697P:I712L,-10.789813041687012
S697P:I712M,-10.405497550964355
S697P:I712T,-13.876847267150879
S697P:I712V,-11.062858581542969
S697P:K699E,-12.578834533691406
S697P:K699I,-8.832250595092773
S697P:K699N,-7.1064982414245605
S697P:A701T,-2.420553207397461
S697P:A701V,-1.8499159812927246
S697P:A713E,-12.645779609680176
S697P:A713G,-9.707757949829102
S697P:A713S,-7.833870887756348
S697P:A713T,-3.649171829223633
S697P:A713V,-4.241272449493408
S697P:G700D,-13.191036224365234
S697T:G700R,-10.425301551818848
S697P:G704E,-12.836077690124512
S697P:G704R,-12.58975887298584
S697P:G708A,-11.77419662475586
S697P:G708C,-9.046777725219727
S697P:G708D,-13.765365600585938
S697P:L705H,-13.896652221679688
S697P:L705P,-12.156744956970215
S697T:A701P,-5.639373779296875
S697T:A713V,-1.5705645084381104
S697T:A713T,-0.978463888168335
S697T:A713S,-5.163163185119629
S697T:A713E,-9.975071907043457
S697T:A701V,0.8207919597625732
S697T:A701T,0.2501547336578369
S697L:M706K,-12.802364349365234
S697P:V711D,-15.831039428710938
S697P:V711A,-12.713460922241211
S697P:M706I,-11.721912384033203
S697P:M706K,-15.268929481506348
S697P:M706L,-12.399083137512207
S697P:M706T,-13.871734619140625
S697P:M706V,-10.77138900756836
S697P:N698I,-5.326862335205078
S697P:N698K,-11.632136344909668
S697P:N698S,-9.892396926879883
S697P:N698Y,-4.78557825088501
S697P:V707A,-12.028079986572266
S697P:V707E,-15.1950101852417
S697P:V707L,-4.439335823059082
S697P:V707M,-8.830384254455566
S697P:A701P,-8.310081481933594
S697T:M706T,-11.201026916503906
S697T:M706L,-9.728375434875488
S697T:M706K,-12.598221778869629
S697T:M706I,-9.051203727722168
S697T:L705R,-11.18464183807373
S697T:L705P,-9.486037254333496
S697T:L705H,-11.225944519042969
S697T:K699T,-5.469841957092285
S697T:K699Q,-4.71865177154541
S697T:K699N,-4.435790061950684
S697T:K699I,-6.161542892456055
S697T:K699E,-9.908126831054688
S697T:I712V,-8.39215087890625
S697T:I712M,-7.734789848327637
S697T:M706V,-8.10068130493164
S697T:I712L,-8.119105339050293
S697T:N698I,-2.6561543941497803
S697T:V711F,-8.835505485534668
S697T:V711D,-13.160331726074219
S697T:V711A,-10.042753219604492
S697T:V707M,-6.159676551818848
S697T:V707L,-1.7686278820037842
S697T:V707E,-12.52430248260498
S697T:V707A,-9.35737133026123
S697T:N698Y,-2.114870309829712
S697T:N698S,-7.221689224243164
S697T:N698K,-8.96142864227295
S697T:N698H,-5.988790512084961
S697T:I712K,-13.012876510620117
S697T:I703T,-10.695186614990234
S697T:G700V,-0.5552270412445068
S697L:M706T,-11.405169486999512
S697L:M706V,-8.304824829101562
S697L:N698I,-2.860297441482544
S697L:N698S,-7.4258317947387695
S697L:N698Y,-2.3190133571624756
S697L:V707A,-9.561514854431152
S697L:V707E,-12.728445053100586
S697L:V707M,-6.363819122314453
S697L:V711A,-10.246895790100098
S697L:V711D,-13.364474296569824
S697L:V711L,-9.48380184173584
S697T:G704A,-10.003374099731445
S697T:I703V,-7.949243545532227
S697T:G704E,-10.165369987487793
S697T:G704V,-9.953493118286133
S697T:I703N,-11.286832809448242
S697T:I703L,-11.181342124938965
S697T:I703F,-11.284213066101074
S697T:I702V,-6.86470890045166
S697T:I702T,-7.260419845581055
S697T:I702N,-8.733128547668457
S697T:I702F,-9.280841827392578
S697T:G708D,-11.094657897949219
S697T:G708C,-6.376069068908691
S697T:G708A,-9.10348892211914
S697T:G704R,-9.919051170349121
S697L:M706L,-9.932518005371094
N698Y:V711A,-8.345603942871094
N698I:I703V,-6.793378829956055
N698I:I703T,-9.539321899414062
N698I:I703N,-10.13096809387207
N698I:I703F,-10.128348350524902
N698I:I702V,-5.7088446617126465
N698I:I702T,-6.104555130004883
N698I:I702N,-7.577264308929443
N698I:I702M,-8.312016487121582
N698I:I702F,-8.124977111816406
N698I:I712K,-11.857011795043945
N698I:I712L,-6.963240623474121
N698I:I712M,-6.578925132751465
N698I:I712T,-10.050274848937988
N698I:V707A,-8.201506614685059
N698I:M706V,-6.944817066192627
N698I:M706T,-10.045162200927734
N698I:M706L,-8.572510719299316
N698I:M706K,-11.442357063293457
N698I:M706I,-7.895339488983154
N698I:L705R,-10.028777122497559
N698I:L705P,-8.330172538757324
N698I:L705H,-10.070079803466797
N698I:K699N,-3.27992582321167
N698I:K699I,-5.005678176879883
N698I:K699E,-8.752262115478516
N698I:I712V,-7.236286640167236
N698I:G708D,-9.938793182373047
N698I:G708C,-5.220204830169678
N698I:G704R,-8.76318645477295
N698H:I712V,-10.568922996520996
N698H:I712L,-10.295877456665039
N698H:I703V,-10.126014709472656
N698H:I703T,-12.871957778930664
N698H:I702N,-10.909900665283203
N698H:I702F,-11.457612991333008
N698H:A713V,-3.7473363876342773
N698I:V707E,-11.368437767028809
N698I:G704E,-9.009505271911621
N698I:G700V,0.6006374955177307
N698I:G700D,-9.364463806152344
N698I:A713V,-0.4146999716758728
N698H:V711D,-15.337102890014648
N698I:A713T,0.1774006485939026
N698I:A713G,-5.881185531616211
N698I:A713E,-8.819207191467285
N698I:A701V,1.976656436920166
N698I:A701T,1.4060192108154297
N698I:A713S,-4.007298469543457
N698I:V707L,-0.6127633452415466
N698S:K699E,-13.31779670715332
N698S:I712V,-11.801820755004883
N698S:I712T,-14.615809440612793
N698S:I712M,-11.14445972442627
N698S:I712L,-11.528775215148926
N698S:I712K,-16.42254638671875
N698S:I703V,-11.35891342163086
N698S:I703T,-14.104856491088867
N698S:I703N,-14.696502685546875
N698S:I703F,-14.693882942199707
N698S:I702V,-10.27437973022461
N698S:I702T,-10.670089721679688
N698S:I702N,-12.142799377441406
N698S:I702F,-12.690511703491211
N698S:K699I,-9.571212768554688
N698S:K699N,-7.845460414886475
N698S:V711D,-16.57000160217285
N698S:V711A,-13.452423095703125
N698S:V707M,-9.56934642791748
N698S:V707L,-5.178297996520996
N698S:V707E,-15.933972358703613
N698S:M706V,-11.510351181030273
N698S:M706L,-13.138045310974121
N698S:M706K,-16.007892608642578
N698S:M706I,-12.460874557495117
N698S:L705P,-12.895707130432129
N698S:L705H,-14.635614395141602
N698S:V707A,-12.76704216003418
N698K:K699Q,-9.868061065673828
N698K:K699N,-9.585199356079102
N698K:K699E,-15.057536125183105
N698K:I703T,-15.844595909118652
N698K:I702V,-12.014118194580078
N698K:G708C,-11.52547836303711
N698K:A701V,-4.328617572784424
N698I:V711D,-12.004467010498047
N698I:V711A,-8.88688850402832
N698I:V711L,-8.123794555664062
N698I:V707M,-5.003811836242676
N698K:L705H,-16.375354766845703
N698K:M706V,-13.250091552734375
N698S:G708D,-14.504327774047852
N698S:G708C,-9.78573989868164
N698S:G704R,-13.328721046447754
N698S:G704E,-13.575039863586426
N698S:G700D,-13.929998397827148
N698S:A713V,-4.980234622955322
N698K:M706L,-14.877784729003906
N698S:A713T,-4.388134002685547
N698S:A701V,-2.5888781547546387
N698S:A701T,-3.159515380859375
N698S:A713S,-8.572833061218262
N698Y:V711D,-11.46318244934082
N698Y:G700D,-8.823179244995117
N698Y:G704E,-8.468220710754395
N698Y:G704R,-8.221901893615723
N698Y:G704V,-8.256343841552734
N698Y:G708C,-4.678920745849609
N698Y:G708D,-9.39750862121582
N698Y:G708R,-9.265212059020996
N698Y:A713V,0.12658411264419556
N698Y:A713T,0.718684732913971
N698Y:A713S,-3.4660143852233887
N698Y:I702F,-7.583693027496338
N698Y:A701P,-3.942225456237793
N698Y:A701T,1.947303295135498
N698Y:A701V,2.5179405212402344
N698Y:A713E,-8.277922630310059
N698Y:I702N,-7.035980224609375
N698Y:I702T,-5.5632710456848145
N698Y:I702V,-5.167560577392578
N698Y:L705V,2.169093608856201
N698Y:M706I,-7.354055404663086
N698Y:M706K,-10.90107250213623
N698Y:M706L,-8.03122615814209
N698Y:M706T,-9.503877639770508
N698Y:M706V,-6.403532981872559
N698Y:V707A,-7.660223007202148
N698Y:L705R,-9.487492561340332
N698Y:V707E,-10.827153205871582
N698Y:V707M,-4.462527751922607
N698Y:V707G,-8.750483512878418
N698Y:L705P,-7.788888454437256
N698Y:L705H,-9.52879524230957
N698Y:I703F,-9.587063789367676
N698Y:I703M,-9.432843208312988
N698Y:I703N,-9.589683532714844
N698Y:I703T,-8.998037338256836
N698Y:I703V,-6.252094745635986
N698Y:I712K,-11.315727233886719
N698Y:I712L,-6.421956539154053
N698Y:I712M,-6.0376410484313965
N698Y:I712V,-6.695002555847168
N698Y:K699E,-8.210977554321289
N698Y:K699I,-4.4643940925598145
N698Y:K699N,-2.7386417388916016
N698Y:K699T,-3.772693157196045
N698Y:I712T,-9.508990287780762
N698Y:V711F,-7.138357162475586
K699N:G700D,-11.144100189208984
K699N:A713V,-2.1943359375
K699N:A713T,-1.6022353172302246
K699N:A713S,-5.7869343757629395
K699N:A713E,-10.59884262084961
K699N:A701V,0.1970205307006836
K699N:A701T,-0.37361669540405273
K699I:V711F,-11.185029983520508
K699I:V711D,-15.509855270385742
K699I:V711A,-12.392276763916016
K699I:V707M,-8.509200096130371
K699I:V707L,-4.118151664733887
K699N:G700V,-1.1789984703063965
K699N:G704R,-10.542821884155273
K699N:I712T,-11.829910278320312
K699N:I712M,-8.358560562133789
K699N:I712L,-8.742876052856445
K699N:I712K,-13.636648178100586
K699N:I703V,-8.573015213012695
K699N:I703T,-11.318958282470703
K699N:I703N,-11.910604476928711
K699N:I703F,-11.907983779907227
K699N:I702V,-7.488480567932129
K699N:I702T,-7.884191036224365
K699N:I702N,-9.356900215148926
K699N:I702F,-9.904613494873047
K699N:G708R,-11.586132049560547
K699N:G708D,-11.718429565429688
K699N:G708C,-6.99984073638916
K699N:G708A,-9.72726058959961
K699N:G704V,-10.577264785766602
K699N:G704E,-10.789140701293945
K699N:I712V,-9.015922546386719
K699I:V707E,-14.873826026916504
K699I:M706V,-10.450204849243164
K699I:G708R,-13.311884880065918
K699I:G708D,-13.444181442260742
K699I:G708C,-8.725593566894531
K699I:G704R,-12.268574714660645
K699I:G704E,-12.514893531799316
K699I:G700D,-12.869852066040039
K699I:A713V,-3.920088291168213
K699I:A713T,-3.3279876708984375
K699I:A713S,-7.512686729431152
K699I:A713E,-12.32459545135498
K699I:A701V,-1.5287318229675293
K699I:A701T,-2.0993690490722656
K699I:A701P,-7.988897800445557
K699I:V707A,-11.70689582824707
K699I:M706T,-13.55055046081543
K699I:M706L,-12.077898979187012
K699I:M706K,-14.947745323181152
K699I:M706I,-11.400728225708008
K699I:L705V,-1.8775787353515625
K699I:L705P,-11.83556079864502
K699I:L705H,-13.575468063354492
K699I:I712V,-10.741674423217773
K699I:I712T,-13.555663108825684
K699I:I712M,-10.08431339263916
K699I:I712L,-10.468628883361816
K699I:I712K,-15.36240005493164
K699I:I703V,-10.29876708984375
K699I:I703T,-13.044710159301758
K699I:I703N,-13.636356353759766
K699I:I703F,-13.633736610412598
K699I:I702V,-9.2142333984375
K699I:I702T,-9.609943389892578
K699I:I702S,-12.065719604492188
K699I:I702N,-11.082653045654297
K699I:I702F,-11.630365371704102
K699N:L705H,-11.849716186523438
K699Q:L705H,-12.132577896118164
K699Q:A713V,-2.4771976470947266
K699Q:A701T,-0.6564784049987793
K699N:V711L,-9.903430938720703
K699N:V711D,-13.784103393554688
K699N:V711A,-10.666524887084961
K699N:V707M,-6.783447742462158
K699N:V707G,-11.071403503417969
K699N:V707E,-13.148073196411133
K699N:V707A,-9.9811429977417
K699N:M706V,-8.72445297241211
K699N:M706T,-11.824798583984375
K699N:M706L,-10.35214614868164
K699N:M706K,-13.221992492675781
K699N:M706I,-9.674975395202637
K699N:L705V,-0.1518263816833496
K699N:L705P,-10.109807968139648
K699Q:G708C,-7.282702445983887
K699Q:I712L,-9.025737762451172
K699Q:I712V,-9.298784255981445
K699T:G700V,-2.21304988861084
K699T:G708C,-8.033891677856445
K699T:I712L,-9.776927947998047
K699T:M706I,-10.709026336669922
K699T:V707E,-14.182125091552734
K699E:V711D,-19.256439208984375
K699E:I702V,-12.960817337036133
K699E:I703F,-17.380321502685547
K699E:I703N,-17.3829402923584
K699E:I703T,-16.79129409790039
K699E:I703V,-14.045351028442383
K699E:I712K,-19.108983993530273
K699E:I712L,-14.21521282196045
K699E:I712M,-13.830897331237793
K699E:I712T,-17.30224609375
K699E:I712V,-14.488258361816406
K699E:I702T,-13.356527328491211
K699E:L705P,-15.582144737243652
K699E:L705V,-5.624162673950195
K699E:M706I,-15.14731216430664
K699E:M706K,-18.69432830810547
K699E:M706L,-15.824482917785645
K699E:M706T,-17.297134399414062
K699E:M706V,-14.196788787841797
K699E:V707A,-15.453479766845703
K699E:V707E,-18.620410919189453
K699E:L705H,-17.322052001953125
K699E:I702N,-14.82923698425293
K699E:I702L,-16.386951446533203
K699E:I702F,-15.376949310302734
K699E:A701T,-5.845952987670898
K699E:A701V,-5.275315761566162
K699E:A713G,-13.133157730102539
K699E:A713S,-11.259270668029785
K699E:A713T,-7.07457160949707
K699E:A713V,-7.666672229766846
K699E:G700D,-16.616436004638672
K699E:G704E,-16.261478424072266
K699E:G704R,-16.015159606933594
K699E:G704V,-16.04960060119629
K699E:G708C,-12.472177505493164
K699E:G708D,-17.190765380859375
K699E:V707L,-7.8647356033325195
K699Q:M706L,-10.635007858276367
K699E:V711A,-16.13886070251465
K699E:V707M,-12.255784034729004
G700R:I702N,-15.346410751342773
G700R:I702F,-15.894124031066895
G700R:I703N,-17.900115966796875
G700V:A713G,-3.7802581787109375
G700V:I702N,-5.47633695602417
G700V:I702V,-3.607917308807373
G700V:I703T,-7.438394546508789
G700V:I703V,-4.692451477050781
G700V:I712K,-9.756084442138672
G700V:I712L,-4.862313270568848
G700V:L705H,-7.969152450561523
G700V:M706V,-4.8438897132873535
G700V:V707E,-9.267510414123535
G700V:V711D,-9.903539657592773
G700R:G708C,-12.989351272583008
G700D:I712T,-17.914447784423828
G700D:I712M,-14.443099021911621
G700D:I712L,-14.827414512634277
G700D:I712K,-19.7211856842041
G700D:I703V,-14.657552719116211
G700D:I703T,-17.40349578857422
G700D:I703N,-17.995141983032227
G700D:I712V,-15.100460052490234
G700D:I703F,-17.992523193359375
G700D:I702T,-13.968729019165039
G700D:I702N,-15.441438674926758
G700D:I702F,-15.989151000976562
G700D:I702V,-13.573019027709961
G700D:L705H,-17.934253692626953
G700D:V711F,-15.543815612792969
G700D:V711D,-19.868640899658203
G700D:V711A,-16.751062393188477
G700D:V707M,-12.867985725402832
G700D:V707E,-19.23261260986328
G700D:V707A,-16.06568145751953
G700D:M706V,-14.808990478515625
G700D:M706L,-16.436683654785156
G700D:M706K,-19.306529998779297
G700D:M706I,-15.759513854980469
G700D:L705P,-16.194347381591797
G700D:G708C,-13.084379196166992
G700D:G704R,-16.627361297607422
G700D:A713V,-8.278873443603516
G700D:G704E,-16.873680114746094
G700D:A713T,-7.686773300170898
G700D:A713S,-11.871472358703613
G700D:A701V,-5.88751745223999
G700D:A701T,-6.458154678344727
A701V:L705P,-4.853226184844971
A701V:L705R,-6.551830768585205
A701V:M706I,-4.418393135070801
A701V:M706K,-7.9654107093811035
A701V:M706L,-5.095564365386963
A701V:M706T,-6.568215847015381
A701V:M706V,-3.4678707122802734
A701V:V707A,-4.724560737609863
A701V:V707E,-7.891491413116455
A701V:V707L,2.864182949066162
A701V:V711A,-5.409942150115967
A701V:V711D,-8.527521133422852
A701V:V711F,-4.202694892883301
A701V:V711L,-4.646848201751709
A701V:V707M,-1.5268654823303223
A701V:L705H,-6.593133449554443
A701V:I712V,-3.759340286254883
A701V:G708C,-1.7432584762573242
A701V:G708D,-6.461846828460693
A701V:I702F,-4.648030757904053
A701V:I702N,-4.10031795501709
A701V:I702T,-2.6276087760925293
A701V:I702V,-2.231898307800293
A701V:I703F,-6.651401996612549
A701V:I703L,-6.5485310554504395
A701V:I703N,-6.654021739959717
A701V:I703T,-6.062375545501709
A701V:I703V,-3.316432476043701
A701V:I712K,-8.38006591796875
A701V:I712L,-3.4862942695617676
A701V:I712M,-3.1019787788391113
A701V:I712T,-6.573328495025635
A701P:G708D,-12.922012329101562
A701V:G704R,-5.286240100860596
A701P:G708C,-8.203424453735352
A701V:G704E,-5.532558917999268
A701V:A713T,3.6543469429016113
A701T:A713E,-5.912898063659668
A701T:A713S,-1.1009893417358398
A701T:A713T,3.083709716796875
A701T:A713V,2.4916090965270996
A701P:I702F,-11.108196258544922
A701P:I702T,-9.087774276733398
A701V:A713V,3.062246322631836
A701P:I712L,-9.946460723876953
A701P:I712V,-10.21950626373291
A701P:L705P,-11.313392639160156
A701P:M706L,-11.555730819702148
A701P:V707A,-11.18472671508789
A701P:V707M,-7.98703145980835
A701P:V711A,-11.870107650756836
A701T:G704E,-6.103196144104004
A701T:G704R,-5.856877326965332
A701P:I703T,-12.522541046142578
A701T:G708C,-2.3138957023620605
A701T:L705V,4.53411865234375
A701T:M706I,-4.989030361175537
A701T:M706K,-8.53604793548584
A701T:M706L,-5.666201591491699
A701T:M706T,-7.138853073120117
A701T:M706V,-4.03850793838501
A701T:V707A,-5.2951979637146
A701T:V707E,-8.462128639221191
A701T:V707L,2.293545722961426
A701T:V707M,-2.0975027084350586
A701T:V711A,-5.980579376220703
A701T:V711D,-9.09815788269043
A701V:A713E,-5.342260837554932
A701T:G704V,-5.891319274902344
A701V:A713S,-0.5303521156311035
A701T:L705R,-7.122467994689941
A701T:L705P,-5.423863410949707
A701T:L705H,-7.16377067565918
A701T:G708D,-7.03248405456543
A701T:I702N,-4.670955181121826
A701T:I702T,-3.1982460021972656
A701T:I702V,-2.8025355339050293
A701T:I702F,-5.218667984008789
A701T:I703N,-7.224658966064453
A701T:I703T,-6.633012771606445
A701T:I703V,-3.8870697021484375
A701T:I712K,-8.950702667236328
A701T:I712L,-4.056931495666504
A701T:I712M,-3.6726160049438477
A701T:I712T,-7.143965721130371
A701T:I703F,-7.222039222717285
A701T:I712V,-4.329977512359619
I702T:M706K,-16.04662322998047
I702T:M706I,-12.499605178833008
I702T:L705H,-14.674345016479492
I702T:M706L,-13.176775932312012
I702T:L705P,-12.93443775177002
I702T:M706T,-14.64942741394043
I702T:V711D,-16.608732223510742
I702T:V707A,-12.80577278137207
I702T:V707G,-13.89603328704834
I702T:V707M,-9.608077049255371
I702T:V711A,-13.491153717041016
I702T:I712V,-11.840551376342773
I702T:M706V,-11.549081802368164
I702T:I712T,-14.654540061950684
I702T:I712L,-11.567505836486816
I702T:V711L,-12.728059768676758
I702T:A713E,-13.42347240447998
I702T:A713S,-8.611563682556152
I702T:A713T,-4.4268646240234375
I702T:A713V,-5.018965244293213
I702T:G704E,-13.613770484924316
I702T:G704R,-13.367451667785645
I702T:I712M,-11.18319034576416
I702T:G708C,-9.824470520019531
I702T:I703F,-14.732613563537598
I702T:I703N,-14.735233306884766
I702T:I703T,-14.143587112426758
I702T:I703V,-11.39764404296875
I702T:I712K,-16.46127700805664
I702T:G708D,-14.543058395385742
I702V:I712T,-14.258829116821289
I702V:A713S,-8.215852737426758
I702V:L705P,-12.538726806640625
I702V:M706I,-12.103894233703613
I702V:M706K,-15.650911331176758
I702V:M706L,-12.781064987182617
I702V:M706T,-14.253717422485352
I702V:M706V,-11.153371810913086
I702V:V707A,-12.410061836242676
I702V:V707E,-15.57699203491211
I702V:V707L,-4.82131814956665
I702V:V707M,-9.212366104125977
I702V:V711A,-13.095443725585938
I702V:V711D,-16.213022232055664
I702V:V711F,-11.888195991516113
I702V:A713E,-13.027761459350586
I702V:L705H,-14.278635025024414
I702V:I712V,-11.444841384887695
I702V:A713T,-4.031154155731201
I702V:A713V,-4.623254776000977
I702V:G704E,-13.218059539794922
I702V:G704R,-12.97174072265625
I702V:G708C,-9.428759574890137
I702V:G708D,-14.147348403930664
I702V:G708R,-14.015050888061523
I702V:I703F,-14.336902618408203
I702V:I703N,-14.339523315429688
I702V:I703T,-13.74787712097168
I702V:I703V,-11.001934051513672
I702V:I712K,-16.065567016601562
I702V:I712L,-11.171794891357422
I702V:I712M,-10.787479400634766
I702N:V711D,-18.08144187927246
I702F:I712T,-16.67496109008789
I702F:I712V,-13.860973358154297
I702F:L705H,-16.694766998291016
I702F:L705P,-14.954859733581543
I702F:M706I,-14.520027160644531
I702F:M706K,-18.06704330444336
I702F:M706L,-15.197197914123535
I702F:I712M,-13.203612327575684
I702F:M706T,-16.669849395751953
I702F:V707A,-14.826194763183594
I702F:V707E,-17.993125915527344
I702F:V707L,-7.23745059967041
I702F:V707M,-11.628499031066895
I702F:V711A,-15.511575698852539
I702F:M706V,-13.569503784179688
I702F:V711D,-18.629154205322266
I702F:I712L,-13.58792781829834
I702F:I703V,-13.418066024780273
I702V:V711L,-12.33234977722168
I702F:A713E,-15.443894386291504
I702F:A713S,-10.631985664367676
I702F:A713T,-6.447286605834961
I702F:A713V,-7.039387226104736
I702F:G704E,-15.63419246673584
I702F:G704R,-15.387873649597168
I702F:I712K,-18.481698989868164
I702F:G704V,-15.42231559753418
I702F:G708D,-16.563480377197266
I702F:I703N,-16.75565528869629
I702F:I703T,-16.16400909423828
I702F:G708C,-11.844892501831055
I702N:V711A,-14.963863372802734
I702N:I703V,-12.870353698730469
I702N:I712K,-17.93398666381836
I702N:I712L,-13.040214538574219
I702N:I712M,-12.655899047851562
I702N:I712V,-13.313261032104492
I702N:L705H,-16.14705467224121
I702N:L705P,-14.407146453857422
I702N:I703T,-15.616296768188477
I702N:M706I,-13.97231388092041
I702N:M706L,-14.649484634399414
I702N:M706T,-16.12213706970215
I702N:M706V,-13.021791458129883
I702N:V707A,-14.278481483459473
I702N:V707E,-17.445411682128906
I702N:V707L,-6.689737796783447
I702N:V707M,-11.080785751342773
I702N:M706K,-17.519330978393555
I702F:V711L,-14.748481750488281
I702N:I703N,-16.207942962646484
I702L:I712L,-14.597929000854492
I702L:V707L,-8.247451782226562
I702M:I712L,-13.774967193603516
I702M:I712V,-14.048013687133789
I702M:V711D,-18.816194534301758
I702N:A713S,-10.084272384643555
I702N:A713V,-6.491674423217773
I702N:G704E,-15.086479187011719
I702N:G704R,-14.840160369873047
I702N:G708C,-11.297179222106934
I702N:G708D,-16.01576805114746
I702N:A713T,-5.899573802947998
I702T:V707E,-15.972702980041504
I703T:M706R,-20.415931701660156
I703T:M706T,-18.08419418334961
I703T:M706V,-14.983848571777344
I703T:V707A,-16.24053955078125
I703T:V707E,-19.407470703125
I703T:V707G,-17.330799102783203
I703T:V707L,-8.651795387268066
I703T:V707M,-13.04284381866455
I703T:V711A,-16.925920486450195
I703T:V711D,-20.043498992919922
I703T:M706L,-16.611541748046875
I703V:A713P,-12.41893196105957
I703T:M706K,-19.481388092041016
I703T:L705P,-16.369205474853516
I703T:G704V,-16.836660385131836
I703T:G708C,-13.259237289428711
I703T:G708D,-17.977825164794922
I703T:G708R,-17.84552764892578
I703T:I712K,-19.89604377746582
I703T:I712L,-15.002272605895996
I703T:I712M,-14.61795711517334
I703T:I712T,-18.089305877685547
I703T:I712V,-15.275318145751953
I703T:L705H,-18.109111785888672
I703T:M706I,-15.934371948242188
I703T:G704R,-16.80221939086914
I703V:A713S,-9.300387382507324
I703V:A713V,-5.707788944244385
I703V:M706K,-16.73544692993164
I703V:M706L,-13.865599632263184
I703V:M706T,-15.338251113891602
I703V:M706V,-12.237905502319336
I703V:V707A,-13.494596481323242
I703V:V707E,-16.66152572631836
I703V:V707L,-5.905852317810059
I703V:V707M,-10.296900749206543
I703V:V711A,-14.179977416992188
I703V:V711D,-17.297555923461914
I703V:M706I,-13.18842887878418
I703V:A713T,-5.115688323974609
I703V:L705V,-3.6652793884277344
I703V:G704R,-14.056275367736816
I703V:G704V,-14.090717315673828
I703V:G708C,-10.513294219970703
I703V:G708D,-15.231882095336914
I703V:I712K,-17.150100708007812
I703V:I712L,-12.256329536437988
I703V:I712M,-11.872014045715332
I703V:I712T,-15.343363761901855
I703V:I712V,-12.529375076293945
I703V:L705H,-15.363168716430664
I703V:L705P,-13.623261451721191
I703T:G704E,-17.048538208007812
I703T:A713T,-7.861631393432617
I703F:M706V,-15.5728759765625
I703F:V707A,-16.829565048217773
I703F:V707E,-19.996496200561523
I703F:V707M,-13.63187026977539
I703F:V711A,-17.51494598388672
I703F:V711D,-20.632526397705078
I703M:I712L,-15.437078475952148
I703M:L705H,-18.54391860961914
I703M:V707E,-19.842275619506836
I703F:M706T,-18.673221588134766
I703F:M706L,-17.20056915283203
I703F:M706I,-16.52339744567871
I703T:A713V,-8.453731536865234
I703F:G708C,-13.848262786865234
I703F:A713V,-9.04275894165039
I703F:A713T,-8.450657844543457
I703F:A713S,-12.635356903076172
I703F:I712L,-15.591299057006836
I703F:I712M,-15.20698356628418
I703F:I712T,-18.678333282470703
I703F:I712V,-15.86434555053711
I703F:L705H,-18.698139190673828
I703F:M706K,-20.070415496826172
I703F:L705P,-16.95823097229004
I703N:A713T,-8.453277587890625
I703N:M706L,-17.203189849853516
I703N:M706T,-18.675840377807617
I703N:M706V,-15.575494766235352
I703N:V707A,-16.832185745239258
I703N:V707E,-19.999114990234375
I703N:V707L,-9.243441581726074
I703N:V707M,-13.634490013122559
I703N:V711A,-17.517566680908203
I703N:V711D,-20.63514518737793
I703T:A713E,-16.858238220214844
I703T:A713S,-12.046330451965332
I703N:A713S,-12.63797664642334
I703N:M706K,-20.073036193847656
I703N:M706I,-16.526018142700195
I703N:A713V,-9.045377731323242
I703N:L705P,-16.96084976196289
I703N:G704E,-17.640182495117188
I703N:G704V,-17.428306579589844
I703N:G708C,-13.850883483886719
I703N:G708D,-18.56947135925293
I703N:I712K,-20.487689971923828
I703N:I712L,-15.593918800354004
I703N:I712M,-15.209603309631348
I703N:I712T,-18.680953979492188
I703N:I712V,-15.866964340209961
I703N:L705H,-18.70075798034668
G704R:I712M,-13.841821670532227
G704R:I712T,-17.31317138671875
G704R:I712V,-14.499183654785156
G704R:M706I,-15.158235549926758
G704R:L705H,-17.332977294921875
G704R:M706K,-18.70525360107422
G704R:I712L,-14.226137161254883
G704R:M706L,-15.835407257080078
G704R:G708D,-17.201690673828125
G704R:G708C,-12.483100891113281
G704R:A713V,-7.677596569061279
G704R:A713T,-7.085495948791504
G704R:M706T,-17.308059692382812
G704E:V711D,-19.513683319091797
G704R:M706V,-14.207714080810547
G704V:M706L,-15.86984920501709
G704R:V707E,-18.63133430480957
G704E:V711A,-16.396102905273438
G704V:V711D,-19.30180549621582
G704V:L705P,-15.627511024475098
G704V:I712V,-14.533624649047852
G704V:I712T,-17.347614288330078
G704V:G708C,-12.51754379272461
G704V:A713V,-7.712038516998291
G704R:V711D,-19.267364501953125
G704R:V707M,-12.266708374023438
G704R:V707L,-7.875659942626953
G704R:V707A,-15.46440315246582
G704E:G708D,-17.448009490966797
G704E:G708C,-12.729419708251953
G704E:A713V,-7.923915386199951
G704E:A713T,-7.331814765930176
G704E:A713S,-11.51651382446289
G704A:V711D,-19.351686477661133
G704A:V707E,-18.715656280517578
G704A:G708C,-12.567424774169922
G704E:I712K,-19.366226196289062
G704E:V707M,-12.51302719116211
G704E:V707E,-18.877653121948242
G704E:V707A,-15.710721969604492
G704E:M706V,-14.454032897949219
G704E:M706T,-17.554378509521484
G704E:M706K,-18.95157241821289
G704E:M706I,-15.40455436706543
G704E:M706L,-16.08172607421875
G704E:L705P,-15.839387893676758
G704E:L705H,-17.579296112060547
G704E:I712V,-14.745502471923828
G704E:I712T,-17.559490203857422
G704E:I712M,-14.088140487670898
G704E:I712L,-14.472455978393555
L705P:A713S,-10.837181091308594
L705P:A713T,-6.652482032775879
L705H:V711A,-17.45667839050293
L705P:G708A,-14.777507781982422
L705P:G708C,-12.050086975097656
L705P:G708D,-16.7686767578125
L705P:A713V,-7.244582653045654
L705H:V711D,-20.574256896972656
L705H:V711F,-16.249431610107422
L705P:I712K,-18.686893463134766
L705P:I712L,-13.793123245239258
L705P:I712T,-16.880157470703125
L705R:M706I,-16.423826217651367
L705R:M706V,-15.473304748535156
L705R:V707E,-19.89692497253418
L705R:V707M,-13.532299041748047
L705R:V711D,-20.532955169677734
L705V:V707E,-8.240338325500488
L705V:M706L,-5.444411277770996
L705V:I712V,-4.108187198638916
L705V:I712M,-3.4508256912231445
L705V:I712L,-3.835141181945801
L705V:A713S,-0.8791990280151367
L705R:I712V,-15.764774322509766
L705P:I712M,-13.408807754516602
L705R:I712M,-15.107412338256836
L705P:I712V,-14.066169738769531
L705P:M706I,-14.725221633911133
L705P:M706K,-18.272239685058594
L705P:M706L,-15.402393341064453
L705P:M706T,-16.875045776367188
L705P:M706V,-13.774700164794922
L705P:V707A,-15.031389236450195
L705P:V707E,-18.198320388793945
L705P:V707L,-7.442646026611328
L705P:V707M,-11.833694458007812
L705V:V711D,-8.876367568969727
L705R:A713S,-12.535785675048828
L705R:A713T,-8.351086616516113
L705R:A713V,-8.943187713623047
L705R:I712K,-20.385498046875
L705P:V711D,-18.8343505859375
L705H:A713S,-12.577088356018066
L705H:A713E,-17.388996124267578
L705H:V707M,-13.573601722717285
L705H:V707L,-9.1825532913208
L705H:V707G,-17.861557006835938
L705H:V707E,-19.938228607177734
L705H:V707A,-16.771297454833984
L705H:M706V,-15.514606475830078
L705H:M706T,-18.614952087402344
L705H:M706L,-17.14229965209961
L705H:M706K,-20.01214599609375
L705H:M706I,-16.465129852294922
L705H:I712V,-15.806076049804688
L705H:I712M,-15.148715019226074
L705H:I712T,-18.62006378173828
L705H:A713T,-8.392389297485352
L705H:A713V,-8.984489440917969
L705H:G708C,-13.789995193481445
L705H:G708D,-18.508583068847656
L705H:G708R,-18.376285552978516
L705H:I712K,-20.426801681518555
L705H:I712L,-15.53303050994873
M706I:V711D,-18.399517059326172
M706I:V707M,-11.398860931396484
M706I:V711A,-15.281938552856445
M706K:A713S,-13.949365615844727
M706K:A713T,-9.764666557312012
M706K:A713V,-10.356767654418945
M706K:G708C,-15.162271499633789
M706K:G708D,-19.880859375
M706I:V707E,-17.763486862182617
M706I:V707A,-14.596556663513184
M706I:I712T,-16.445323944091797
M706I:A713E,-15.214256286621094
M706I:A713S,-10.402347564697266
M706I:A713T,-6.217648983001709
M706I:A713V,-6.809749603271484
M706I:G708C,-11.615254402160645
M706I:G708D,-16.333843231201172
M706I:I712K,-18.25206184387207
M706I:I712L,-13.35828971862793
M706I:I712M,-12.973974227905273
M706I:I712V,-13.631336212158203
M706K:I712L,-16.90530776977539
M706V:A713S,-9.451826095581055
M706V:A713G,-11.325712203979492
M706V:A713E,-14.263734817504883
M706T:V711D,-20.549339294433594
M706T:V711A,-17.431760787963867
M706V:A713T,-5.267126560211182
M706T:V707M,-13.548684120178223
M706T:V707A,-16.746379852294922
M706T:I712V,-15.781158447265625
M706T:I712T,-18.59514617919922
M706T:I712M,-15.123797416687012
M706T:I712L,-15.508112907409668
M706T:I712K,-20.401884078979492
M706T:V707E,-19.913311004638672
M706T:G708D,-18.483665466308594
M706V:A713V,-5.859227180480957
M706V:G708D,-15.383319854736328
M706V:V711D,-17.448993682861328
M706V:V711A,-14.331415176391602
M706V:V707M,-10.448339462280273
M706V:V707L,-6.057290554046631
M706V:G708C,-10.664731979370117
M706V:V707E,-16.812965393066406
M706V:I712V,-12.680813789367676
M706V:I712T,-15.494802474975586
M706V:I712M,-12.023452758789062
M706V:I712L,-12.407768249511719
M706V:I712K,-17.301538467407227
M706V:V707A,-13.646034240722656
M706T:G708C,-13.765077590942383
M706T:A713V,-8.959571838378906
M706T:A713T,-8.367471694946289
M706L:G708D,-17.01101303100586
M706L:G708C,-12.292425155639648
M706L:A713V,-7.4869208335876465
M706L:A713T,-6.894820213317871
M706L:A713S,-11.079519271850586
M706K:V711L,-18.065860748291016
M706K:V711F,-17.621707916259766
M706K:V711A,-18.828956604003906
M706K:V707M,-14.945878982543945
M706K:V707E,-21.310504913330078
M706K:V707A,-18.143573760986328
M706K:I712V,-17.178354263305664
M706K:I712T,-19.992341995239258
M706K:I712M,-16.520992279052734
M706K:V711D,-21.946533203125
M706T:A713S,-12.552170753479004
M706T:A713E,-17.364078521728516
M706L:V711D,-19.07668685913086
M706L:V711A,-15.95910930633545
M706L:V707M,-12.076032638549805
M706L:V707L,-7.68498420715332
M706L:V707E,-18.440658569335938
M706L:V707A,-15.273727416992188
M706L:I712V,-14.308507919311523
M706L:I712T,-17.122495651245117
M706L:I712M,-13.651145935058594
M706L:I712L,-14.03546142578125
M706L:I712K,-18.92923355102539
M706K:I712K,-21.79907989501953
V707E:A713V,-10.282848358154297
V707E:A713S,-13.875446319580078
V707E:A713T,-9.690747261047363
V707E:G708C,-15.08835220336914
V707E:G708D,-19.806941986083984
V707E:A713E,-18.687355041503906
V707E:I712K,-21.72515869140625
V707E:I712M,-16.447072982788086
V707E:I712T,-19.91842269897461
V707E:I712V,-17.104434967041016
V707E:V711A,-18.755035400390625
V707E:V711D,-21.872615814208984
V707E:V711F,-17.547788619995117
V707E:I712L,-16.831388473510742
V707A:A713E,-15.520423889160156
V707A:A713S,-10.708515167236328
V707A:A713T,-6.5238165855407715
V707A:A713V,-7.115917205810547
V707A:G708C,-11.921422004699707
V707A:G708D,-16.640010833740234
V707A:I712K,-18.558229446411133
V707A:I712L,-13.664457321166992
V707A:I712M,-13.280141830444336
V707A:I712T,-16.75149154663086
V707A:I712V,-13.937503814697266
V707A:V711D,-18.705684661865234
V707G:I712T,-17.841753005981445
V707M:G708D,-13.442315101623535
V707M:V711D,-15.507988929748535
V707M:V711A,-12.390410423278809
V707G:G708C,-13.011682510375977
V707M:I712V,-10.739809036254883
V707M:I712T,-13.553796768188477
V707M:I712M,-10.082447052001953
V707M:I712L,-10.46676254272461
V707M:I712K,-15.360533714294434
V707M:G708C,-8.723726272583008
V707M:A713V,-3.918221950531006
V707M:A713S,-7.510820388793945
V707M:A713T,-3.3261213302612305
V707G:I712V,-15.027765274047852
V707L:G708C,-4.332678318023682
V707L:G708D,-9.05126667022705
V707L:A713S,-3.119771957397461
V707L:I712L,-6.075714111328125
V707L:I712T,-9.162748336791992
V707L:I712V,-6.34876012802124
V707L:V711A,-7.999361991882324
V707L:V711D,-11.11694049835205
V707L:I712K,-10.96948528289795
V707M:A713E,-12.322729110717773
G708C:I712L,-10.683155059814453
G708C:I712M,-10.298839569091797
G708C:I712T,-13.77018928527832
G708C:I712V,-10.956201553344727
G708C:V711A,-12.606803894042969
G708C:I712K,-15.576927185058594
G708C:V711D,-15.724382400512695
G708C:A713V,-4.134614944458008
G708C:A713T,-3.5425143241882324
G708C:A713S,-7.727213382720947
G708C:A713P,-10.845758438110352
G708C:A713G,-9.60110092163086
G708C:A713E,-12.539121627807617
G708A:I712L,-13.410575866699219
G708C:V711L,-11.843709945678711
G708D:A713E,-17.257709503173828
G708D:I712L,-15.40174388885498
G708D:V711D,-20.442970275878906
G708D:V711A,-17.32539176940918
G708D:I712V,-15.674789428710938
G708D:I712M,-15.017428398132324
G708D:I712K,-20.295515060424805
G708D:A713V,-8.853202819824219
G708D:A713T,-8.261102676391602
G708D:I712T,-18.48877716064453
G708R:I712L,-15.269447326660156
G708R:I712T,-18.356481552124023
G708D:A713S,-12.445801734924316
V711A:A713T,-7.209197998046875
V711A:A713S,-11.39389705657959
V711A:A713V,-7.80129861831665
V711A:I712L,-14.349839210510254
V711L:I712L,-13.586745262145996
V711L:I712V,-13.859790802001953
V711A:I712K,-19.243610382080078
V711A:I712M,-13.965523719787598
V711A:I712V,-14.622884750366211
V711D:A713E,-19.323383331298828
V711D:A713S,-14.511475563049316
V711D:A713T,-10.326776504516602
V711D:A713V,-10.918876647949219
V711D:I712K,-22.361188888549805
V711A:I712T,-17.436874389648438
V711D:I712M,-17.08310317993164
V711D:I712T,-20.55445098876953
V711D:I712V,-17.740463256835938
V711D:I712L,-17.467418670654297
I712L:A713E,-14.282157897949219
I712L:A713G,-11.344136238098145
I712L:A713S,-9.47024917602539
I712L:A713T,-5.285550117492676
I712L:A713V,-5.877650737762451
I712M:A713T,-4.9012346267700195
I712M:A713S,-9.085933685302734
I712M:A713V,-5.493335247039795
I712K:A713V,-10.771421432495117
I712M:A713E,-13.897842407226562
I712K:A713T,-10.1793212890625
I712V:A713S,-9.743295669555664
I712K:A713E,-19.17593002319336
I712V:A713V,-6.150696754455566
I712V:A713T,-5.558596134185791
I712V:A713G,-11.617181777954102
I712V:A713E,-14.555204391479492
I712K:A713S,-14.364020347595215
I712T:A713T,-8.372584342956543
I712T:A713S,-12.557283401489258
I712T:A713E,-17.369192123413086
I712T:A713V,-8.964685440063477
