mutant,score,Tranception_L_no_retrieval,Tranception_L_retrieval,ESM1v_single,ESM1v_ensemble,DeepSequence_single,DeepSequence_ensemble,facebook/esm2_t33_650M_UR50D,AlphaMissense
D103A,1.5439323050000002,-0.045550168,-0.0420059258403303,0.1193823814392089,0.4038754940032958,-5.951409912109375,-6.000980224609375,-1.6534186601638794,-0.8161950706895168
D103A:F108N:K118D:S122Q:V135I:D139W,1.1580419,-0.26853502,-0.2013660037220586,-3.9325629472732544,-4.255897665023804,-23.559326171875,-22.362268066406248,-28.986424565315247,-0.9999999998618208
D103A:S104T:T105I:P106T:M107L:F108T:E109S:N112S:L113M:E114S:D115P:N116V:K118V:E119N:T121P:S122N:D125S:N126K:I128A:P129T:V130D:T131I:T132L:D133E:D134E:V135D:S136D:L137D:A138F:D139E:K140E:A141D:I142D:E143N:S144K,1.391234856,-0.40499765,-0.4009959265006395,-4.305647253990173,-5.452972793579102,-77.9249267578125,-72.8521240234375,-143.75370705127716,-1.0
D103A:S122A:V130Q:T132M:S144N,1.243839758,-0.12249252,-0.0884718165278859,-3.48598849773407,-3.419611406326294,-15.06005859375,-14.87171630859375,-22.396522164344788,-0.9999781034926392
D103A:S122E:S136P:K140S:A141R,1.678491794,-0.13321608,-0.0955733438403582,-1.385604739189148,-1.2369187116622924,-15.62359619140625,-15.733117675781251,-22.94045460224152,-0.9999999579698976
D103A:T105N:F108A:K118I:L137Y,1.3677002,-0.17561576,-0.1805202171895852,-1.611767292022705,-1.9990266561508176,-24.37628173828125,-23.18726806640625,-23.021368145942688,-0.9999999701222172
D103C:K118H:I128V:V130M:A138P,1.445209284,-0.15682763,-0.1206848578945174,-3.6605262756347656,-4.069816875457764,-16.42645263671875,-14.9066650390625,-21.35596752166748,-0.9999993960157147
D103C:P106D:S122Y:P129W:T132H:L137F,1.040563974,-0.41734058,-0.2667866228314057,-10.20878839492798,-10.71195707321167,-26.92108154296875,-27.094165039062503,-37.881003856658936,-0.9999999999952702
D103C:S104Q:Y110E:L113Y:T132P:S136C,1.494041306,-0.24290997,-0.1669070966727369,-8.03770387172699,-7.824540090560913,-16.70880126953125,-15.74852294921875,-28.945496559143063,-0.9999999908045556
D103C:Y110G:N112D:I128Y:S136T:L137Y,1.6695460969999998,-0.25327897,-0.165961811975228,-6.129242897033691,-5.845099210739136,-13.16510009765625,-10.61297607421875,-26.540738582611084,-0.9999997514065228
D103E,1.6103073140000002,-0.02127698,-0.0133982485299433,0.0014269351959228,-0.0733492374420165,-1.912109375,-1.875341796875,-3.385244846343994,-0.6878342653865239
D103E:D115E:D125E:D127E,1.772131306,-0.08185297,-0.0449030322960687,-0.8328046798706055,-0.8986501455307007,-8.30267333984375,-6.93896484375,-15.195082426071169,-0.9997312500952656
D103E:D115E:D125E:D127E:D133E,1.5754441869999998,-0.08822724,-0.0465671634334687,-0.4338393211364746,-0.467899751663208,-8.1322021484375,-6.71033935546875,-18.087552785873413,-0.9998383015784086
D103E:D115E:D125E:D127E:D133E:D134E,1.550436977,-0.11744943,-0.0612599111536644,-0.397153377532959,-0.4667559146881103,-11.74005126953125,-9.107287597656253,-21.54208517074585,-0.9999974481269776
D103E:D115E:D125E:D127E:D133E:D134E:D139E,1.495910427,-0.11633465,-0.0624382589211243,-0.2010097503662109,-0.198808479309082,-12.72119140625,-9.77486572265625,-24.462876081466675,-0.999999044566652
D103E:D115E:D125E:D127E:D133E:D139E,1.448904142,-0.08635014,-0.0474402811179381,-0.2376956939697265,-0.1999523162841797,-9.0426025390625,-7.394189453125,-21.00834369659424,-0.9999394533168618
D103E:D115E:D125E:D127E:D134E,1.329515611,-0.1092042,-0.0588464159982484,-0.7961187362670898,-0.897506308555603,-12.128662109375,-9.37742919921875,-18.649614810943604,-0.9999957582275498
D103E:D115E:D125E:D127E:D139E,1.4149111369999998,-0.0795553,-0.0456078688869273,-0.6366610527038574,-0.6307027101516723,-9.2476806640625,-7.5905517578125,-18.115873336791992,-0.9998993620030776
D103E:D115E:D125E:D133E:D134E:D139E,1.664978852,-0.087123394,-0.0489310810998665,0.1675944328308105,0.2234819650650024,-10.53277587890625,-8.44888916015625,-20.807807445526123,-0.9999439940794432
D103E:D115E:D127E,1.4768082619999998,-0.055568933,-0.0320644175030583,-0.7339129447937012,-0.7177193403244019,-5.57659912109375,-4.92667236328125,-10.637002229690552,-0.9951657543386884
D103E:D115E:D127E:D133E:D134E:D139E,1.564356634,-0.08187252,-0.046316832410059,-0.1021180152893066,-0.0178776741027832,-9.74530029296875,-7.87705078125,-19.90479588508606,-0.9999827351998828
D103E:D115E:D127E:D133E:D139E,1.572805855,-0.05656439,-0.0331958485667817,-0.1388039588928222,-0.0190215110778808,-6.3265380859375,-5.49254150390625,-16.450263500213623,-0.998907025669068
D103E:D115E:D127E:D134E,1.649725054,-0.08097458,-0.0452269964795096,-0.6972270011901855,-0.7165755033493042,-9.16229248046875,-7.4360107421874995,-14.091534614562988,-0.999923354940858
D103E:D115E:D127E:D139E,1.522705121,-0.054632246,-0.0333153123957407,-0.5377693176269531,-0.4497719049453735,-6.518310546875,-5.681530761718751,-13.557793140411375,-0.9981845479712632
D103E:D115E:D133E:D139E,1.750974591,-0.03302297,-0.0219638593680494,0.2298002243041992,0.4032689332962036,-4.4569091796875,-4.19866943359375,-12.795194864273071,-0.9397242292351418
D103E:D125E,1.688455211,-0.049328804,-0.0269477817087411,-0.0974647998809814,-0.2542800426483154,-4.42193603515625,-3.681494140625,-7.943325042724609,-0.9755003097982504
D103E:D125E:D127E,1.642050269,-0.07228142,-0.0379428524139513,-0.4660689830780029,-0.6765704870223999,-6.175048828125,-4.91851806640625,-11.59839367866516,-0.9995717575601544
D103E:D125E:D127E:D133E:D134E,1.748379303,-0.10805905,-0.0543730386211355,-0.0304176807403564,-0.2446762561798095,-9.60162353515625,-7.1599365234375,-17.945396423339844,-0.9999959330476944
D103E:D125E:D127E:D133E:D134E:D139E,1.361119341,-0.1075325,-0.0557878161664535,0.1657259464263916,0.0232711791992187,-10.5242919921875,-7.8072509765625,-20.86618733406067,-0.9999984773123484
D103E:D125E:D127E:D134E,1.582395067,-0.09991586,-0.0520002697710465,-0.4293830394744873,-0.6754266500473023,-9.88409423828125,-7.366577148437499,-15.052926063537598,-0.9999932398403896
D103E:D125E:D127E:D134E:D139E,1.748802916,-0.09893504,-0.0532333536928659,-0.2332394123077392,-0.4074792146682739,-10.72760009765625,-8.08741455078125,-17.973716974258423,-0.9999974689575551
D103E:D125E:D127E:D139E,1.415847752,-0.07006481,-0.0386802157473309,-0.2699253559112549,-0.4086230516433716,-7.21563720703125,-5.80126953125,-14.519184589385986,-0.9998396212913598
D103E:D125E:D133E:D134E:D139E,1.398864947,-0.07842404,-0.0423216361592249,0.5343301296234131,0.4455616235733032,-8.5802001953125,-6.590270996093749,-17.211118698120117,-0.9999107454888044
D103E:D125E:D133E:D139E,1.77230179,-0.0539217,-0.0295239105767627,0.4976441860198974,0.4444177865982056,-5.140380859375,-4.10003662109375,-13.75658631324768,-0.9943748396185628
D103E:D125E:D139E,1.81087231,-0.048097074,-0.0280802445055327,0.0986788272857666,0.0136673927307129,-5.4521484375,-4.396337890625,-10.864115953445436,-0.9906844358111712
D103E:D127E:D133E:D139E,1.469760568,-0.047072947,-0.0262675981080405,0.2279317378997802,0.2030581474304199,-4.30828857421875,-3.4209350585937504,-12.853574752807615,-0.9982592399543352
D103E:D127E:D139E,1.541431039,-0.04532516,-0.0264609666057328,-0.1710336208343505,-0.2276922464370727,-4.69219970703125,-3.818872070312501,-9.961104393005373,-0.997109801993204
D103E:E114L:T121H:I128V:V135D,1.412809084,-0.14655414,-0.113268054677074,-0.844355583190918,-1.9022677898406983,-15.856201171875,-14.27236328125,-20.55098247528076,-0.9999964424750696
D103E:F108C:Y110G:I128V:K140Q:E143N,1.430177628,-0.15741417,-0.1085706283189223,-3.798693895339966,-4.126395511627197,-15.50799560546875,-14.285693359375,-25.407708406448364,-0.9999997926394448
D103E:F108H:T121M:T132Q:S136L,1.372766571,-0.14624915,-0.1129804183579848,-2.4747390747070312,-3.3978607177734377,-14.45269775390625,-14.28907470703125,-23.93229722976685,-0.999982571638912
D103E:F108N:T121C:N126A:I128C:I142L,1.603128075,-0.24618015,-0.1776046481420986,-5.97796368598938,-5.978750801086425,-22.1131591796875,-20.48488769531249,-28.05063915252685,-0.999999999756848
D103E:M107D:N116S:T131R:S136R:K140H,1.801239417,-0.15988803,-0.1291470782188334,-2.727945327758789,-3.846060371398926,-14.42413330078125,-15.07684326171875,-27.54837679862976,-0.9999997987697684
D103E:N126R:K140C:A141E,1.610391039,-0.14502746,-0.1059775030061443,-4.512127161026001,-3.9529163360595705,-9.03814697265625,-9.664208984375,-20.816168308258057,-0.9999939859230476
D103E:S104D:T105E:P106D:M107D:F108E:E109D:Y110D:E111N:N112T:L113V:E114N:D115S:N116V:K118S:E119I:T121Y:S122M:D125T:N126S:D127L:I128E:P129I:V130E:T131L:T132A:D133K:D134T:V135A:S136D:L137P:A138N:D139T:K140S:A141D:I142P:E143F:S144K,1.3072905190000002,-0.43264014,-0.4706300891591137,-3.572819471359253,-5.356639218330384,-89.6353759765625,-81.7188720703125,-156.95654249191284,-1.0
D103E:S104N:E109A:Y110F:N112A:D115S:S117P:E119N:S122P:P129A:T132A:D133E:S136N:L137S:D139S:K140T,1.764673104,-0.30065823,-0.1401930296548321,-2.948340654373169,-2.381295371055603,-7.96734619140625,-7.188708496093751,-58.75527739524841,-0.999999900493306
D103E:S104T:L113C:D127V:L137E,1.7582537880000002,-0.2002731,-0.114861810758869,-4.962294578552246,-5.186727833747864,-11.1778564453125,-9.33011474609375,-22.73050880432129,-0.9999964959608908
D103E:S104V:T105E:P106G:M107V:F108L:E109Q:Y110E:E111L:N112A:L113T:E114G:D115S:N116S:S117D:K118V:E119D:W120F:T121G:S122I:L123A:F124V:N126S:D127V:I128P:P129E:V130F:T131P:T132V:D133S:D134E:V135I:S136P:L137A:A138P:D139V:K140S:A141D:I142F:E143V:S144L,1.7886348930000002,-0.359268,-0.4118237478453069,-7.976362347602844,-7.872756743431092,-98.34637451171876,-90.61156005859377,-186.89165091514587,-1.0
D103E:S117G:L137C:D139H,1.795710089,-0.14092153,-0.0912249147679882,-5.599948406219482,-5.827448558807373,-7.80535888671875,-7.62919921875,-19.610302448272705,-0.9936583660465388
D103E:T105A:T121R:K140D:I142N:E143L,1.6498516280000002,-0.16921893,-0.0929278173480594,-2.055214166641236,-2.41949782371521,-14.0157470703125,-13.82235107421875,-28.428317070007324,-0.99999824612043
D103E:Y110D:D127T:T131L:A138V,1.932183866,-0.2092515,-0.1131551070569673,1.7638890743255615,1.774462389945984,-5.15399169921875,-4.91375732421875,-15.953831911087036,-0.9999893266705276
D103E:Y110N:N116T:S122W:V130W:I142V,1.07420995,-0.30230194,-0.1818527818998832,-2.823061943054199,-3.1412920236587523,-14.58795166015625,-14.477185058593747,-28.9442355632782,-0.9999999937288364
D103E:Y110S:E119M:T131D:L137M,1.74980424,-0.1913842,-0.0912332772360154,-2.1450860500335693,-2.001362943649292,-6.04083251953125,-5.27220458984375,-21.89178776741028,-0.9999452817458122
D103E:Y110V:T132C:L137E:A141W:E143Q,1.329185108,-0.22048455,-0.1618769092491937,-6.189795970916748,-5.878374433517456,-10.17230224609375,-10.06763916015625,-28.349565744400024,-0.999998239662203
D103F:F108G:E114A:S117D:L137D,1.3735710419999998,-0.20055029,-0.1348375748060777,-2.202122926712036,-3.5007664918899537,-12.3111572265625,-12.41253662109375,-22.22064661979676,-0.9999999432988996
D103F:S104C:Y110T:V130R:S136P,1.5587393530000002,-0.24042207,-0.1534048603098587,-4.022467851638794,-4.902067852020264,-14.90179443359375,-13.49410400390625,-22.37504458427429,-0.9999999878057956
D103F:T105A:F108W:T132E:V135Q:S144G,1.286523242,-0.22749037,-0.1506832570792093,-5.694987058639526,-6.393649935722351,-17.92083740234375,-16.892468261718747,-31.153547286987305,-0.9999999968827528
D103G:F108S:N112D:T132H:D134C:K140A,1.808241614,-0.22245756,-0.1249651925843805,-5.423366069793701,-5.262495923042297,-16.1856689453125,-14.28009033203125,-29.138256311416622,-0.9999999934340196
D103G:F108S:P129Y:S136Y:L137W:K140A,1.255169155,-0.27200532,-0.184830526440169,-8.219424962997437,-7.735564303398132,-19.140380859375,-19.09666748046875,-31.982990026474,-0.9999999400709652
D103G:M107E:N112M:V130R:T131L:A141D,1.200198937,-0.19906104,-0.1736168912297042,-3.1652474403381348,-3.4754531383514404,-20.75579833984375,-20.540075683593752,-27.9280526638031,-0.9999999997800402
D103H:S104R:M107A:K118N:L137F:S144E,1.341255801,-0.20789862,-0.141059088113045,-3.443598985671997,-3.900141716003418,-14.43658447265625,-14.311071777343749,-26.547948122024536,-0.9999999923611051
D103H:T105G:E114A:S117N:K118E,1.332906227,-0.14875165,-0.1144762141000335,-2.2498533725738525,-3.2319023609161377,-12.30743408203125,-12.857165527343753,-23.580548524856567,-0.9999797627465886
D103I:M107Y:L113Q:K118G:S122E:D127G,1.495358982,-0.28392035,-0.1822554836069562,-4.513922691345215,-4.8764075756073,-19.6368408203125,-19.21695556640625,-30.844916582107544,-0.9999999999930134
D103I:S104H:M107N:Y110A:S144K,1.456975794,-0.15780479,-0.1157019129851535,0.0195913314819335,-1.0728556156158446,-14.0272216796875,-12.7717529296875,-18.40408611297608,-0.9999999990743568
D103I:T105Y:I128D:T132W,1.000844701,-0.23666191,-0.1629871626341471,-5.976685762405396,-5.710061359405517,-17.82733154296875,-16.615625,-24.197757720947266,-0.9999999955322674
D103K:D125E:N126A:I142S,1.345185414,-0.16028261,-0.0974565281986765,-1.3118321895599363,-1.1880003929138183,-12.4541015625,-11.36573486328125,-16.630455017089844,-0.9999925130358256
D103K:K118Q,1.613898258,-0.086042374,-0.0588746529032752,-0.5790939331054688,-1.099672555923462,-6.19708251953125,-6.5439086914062505,-8.923015594482422,-0.9838749710732524
D103K:S104I:T105M:M107A:F108L:E109Y:Y110D:E111S:N112T:L113T:E114V:N116S:S117T:K118S:E119K:T121L:S122E:N126S:D127E:I128E:P129E:V130D:T131S:T132E:D133N:D134V:V135F:S136N:L137I:A138T:D139P:K140D:A141D:I142D:E143A:S144N,1.307814344,-0.4010582,-0.4201060122018184,-5.196021437644959,-6.974203658103943,-77.36749267578125,-70.559326171875,-145.7287209033966,-1.0
D103K:S104T:T105E:P106S:M107I:F108T:E109T:Y110S:E111D:N112F:L113D:E114A:D115E:S117D:K118A:E119T:T121N:S122N:N126E:D127P:I128M:P129S:T131D:T132K:D133E:D134I:V135D:L137V:A138P:D139L:K140S:A141E:I142L:E143D:S144Y,1.337891618,-0.34721768,-0.4283626461368439,-5.49579644203186,-6.574667835235596,-84.43377685546875,-77.4478759765625,-145.69334888458252,-1.0
D103K:Y110D:K118A:N126M:I128M:V135S,1.693211385,-0.2109386,-0.1532284339551823,0.2690153121948242,-0.5136408805847168,-16.121337890625,-14.697839355468751,-23.026540279388428,-0.9999999879516565
D103L:F108R:N116K:D134H:S136Q:D139P,1.138131229,-0.2415446,-0.1947020941357595,-5.947450995445252,-6.065670108795166,-23.7452392578125,-22.48109130859375,-26.001771211624146,-0.999999999804885
D103L:I128M:D133P:L137P:K140D,1.411137001,-0.1601162,-0.1099714503169484,-1.0272941589355469,-1.3898938179016114,-10.1400146484375,-9.3416748046875,-16.550090312957764,-0.9999970685778352
D103L:M107A:F108Q:L113A:K118Q:T131P,1.712465786,-0.1972515,-0.1762270129872387,-0.0533503293991088,-1.0602762699127195,-21.370361328125,-21.031750488281247,-23.868802785873413,-0.999999999778376
D103L:M107A:K118R:T121D:V130A:I142M,1.252779577,-0.17294288,-0.1305810242785254,-0.2510502338409424,-0.4285807847976685,-16.6158447265625,-15.88157958984375,-25.90011429786682,-0.9999999738906769
D103L:S104D:T105I:P106T:F108P:E109D:Y110K:E111L:N112V:L113V:E114S:N116D:S117I:K118T:E119D:T121A:S122N:D125N:N126D:D127E:I128F:P129S:V130A:T131S:T132E:D133N:D134P:V135T:L137D:A138T:D139K:K140S:A141E:I142E:E143Y:S144E,1.507954569,-0.3858528,-0.4357618555903859,0.7153455018997192,-1.040055561065674,-81.10162353515625,-73.36934814453126,-144.38612365722656,-1.0
D103L:T105W:S117E:P129K:S144E,1.204526542,-0.27706414,-0.1886951813069951,-3.052717685699463,-4.245379018783569,-17.83563232421875,-18.11905517578125,-24.655956745147705,-0.9999999913770272
D103L:Y110L:D127W:V130E:V135E,1.014504353,-0.29914677,-0.153167724609375,-1.8973267078399656,-1.854101657867432,-12.7305908203125,-11.3076904296875,-21.762338399887085,-0.9999999999875784
D103M:M107N:L113D:N116I:D127E:V130L,1.362611728,-0.17494708,-0.1373873673299878,1.1609948873519895,0.89102885723114,-19.2681884765625,-18.764697265625,-23.19602870941162,-0.9999999999626616
D103M:Y110E:S117H:V130W:D139A,1.219536353,-0.27742928,-0.1587187200254393,-5.650834560394287,-4.895767736434936,-11.65985107421875,-10.2915771484375,-22.690220594406128,-0.9999999977257086
D103M:Y110W:S117G:T121N:S136Q,1.367807954,-0.20023999,-0.1342624107713802,-3.124911069869995,-3.611065673828125,-10.63116455078125,-10.5646728515625,-22.702224254608154,-0.9999861608380264
D103N,1.598294713,-0.02573511,-0.0145789855739825,-0.4869682788848877,-0.2490325450897216,-1.746337890625,-1.723779296875,-3.3171353340148926,-0.5070609359723245
D103N:D115N:D125N:D127N:E143Q,1.291404903,-0.16849938,-0.0884446113559275,-2.6989200115203857,-2.766314148902893,-10.37310791015625,-9.022497558593749,-21.2862069606781,-0.9981141835169428
D103N:D115N:D134N:E143Q,3.0954282980000003,-0.11484671,-0.0672923458004337,-2.225561141967773,-2.12599139213562,-8.08367919921875,-7.01866455078125,-14.863368034362791,-0.9832965391599144
D103N:D133N:D134N:D139N:E143Q,1.044962386,-0.12280917,-0.0811115957239768,-1.440877914428711,-1.982354021072388,-10.44146728515625,-9.2746337890625,-17.066959142684937,-0.9905444464881494
D103N:E109Q:D115N:D125N:D127N:D134N:D139N:E143Q,1.409376959,-0.26571238,-0.1469933452131061,-4.103490114212036,-4.504415965080261,-19.18548583984375,-15.82122802734375,-32.84706807136536,-0.9999923148010595
D103N:E109Q:D115N:D133N:E143Q,1.284493438,-0.13662526,-0.076876765892599,-2.592580795288086,-2.540315675735473,-7.92010498046875,-7.3494384765625,-19.35150647163391,-0.9745654159999424
D103N:E109Q:D125N:D134N:D139N,1.694028419,-0.14474452,-0.0847797325921653,-2.076310873031616,-2.542372512817382,-13.54339599609375,-10.9744384765625,-19.92817974090576,-0.9994392122114548
D103N:E109Q:D134N:D139N,1.294171565,-0.10454965,-0.0657429542405749,-1.891538381576538,-1.9871343612670893,-10.50567626953125,-8.71539306640625,-14.877996444702148,-0.9960612503366468
D103N:E109Q:D134N:E143Q,0.0,-0.10681474,-0.0679061726743216,-2.16273832321167,-2.384296703338623,-10.182861328125,-8.66982421875,-15.505358695983888,-0.996707191352444
D103N:E109Q:E111Q:D115N:D125N:D127N:D133N:D139N,1.3882080419999998,-0.26374924,-0.1542623390930828,-3.8412041664123535,-4.196331191062927,-18.49432373046875,-15.3715576171875,-33.034175634384155,-0.9999762125330556
D103N:E109Q:E111Q:E114Q:D115N:D127N:D133N:E143Q,1.255228737,-0.27160823,-0.1594968096641459,-4.756311655044556,-5.0898216485977175,-17.32647705078125,-15.07611083984375,-33.03175139427185,-0.9999507501154614
D103N:E109Q:E111Q:E114Q:D125N:D133N:D139N:E143Q,1.41645922,-0.24309033,-0.1545823935512122,-3.716330051422119,-4.588162469863891,-18.33740234375,-15.8336181640625,-32.31516361236572,-0.999835758623708
D103N:E109Q:E114Q:E119Q:D125N:D127N:D134N:E143Q,1.398841929,-0.28273976,-0.1502895694610487,-4.8607494831085205,-5.881486296653748,-19.34234619140625,-16.269519042968753,-35.20613241195679,-0.9999974033237994
D103N:E109Q:E119Q:D125N:D127N:D133N:D134N:D139N,1.400290085,-0.2642234,-0.1411705152844194,-3.604546546936035,-4.628279376029968,-18.95458984375,-15.5214111328125,-33.28672933578491,-0.9999946796343326
D103N:E109Q:E143Q,1.6146464880000002,-0.07091552,-0.0465136219173988,-1.8549308776855469,-1.7516430377960206,-6.17120361328125,-5.609619140625,-12.03600811958313,-0.9387897872030274
D103N:E111Q:D115N:E119Q:D127N:D133N:D139N:E143Q,1.515095532,-0.25737673,-0.1549832489991103,-4.45025897026062,-4.613437914848328,-15.22296142578125,-13.203979492187498,-32.43278646469116,-0.9997334253421872
D103N:E111Q:D125N:D134N,0.0,-0.12652612,-0.0859359795512678,-1.718205213546753,-2.2171257972717284,-12.458251953125,-9.997705078125,-16.25451111793518,-0.999056445166851
D103N:E114Q:D115N:D127N:E143Q,1.529343465,-0.1585179,-0.0852634524959686,-3.342827558517456,-3.26264226436615,-9.31103515625,-8.761962890625,-20.656420469284058,-0.9953395060145674
D103N:E114Q:D115N:E143Q,1.219504828,-0.116283715,-0.0646154872039035,-2.746433734893799,-2.5449039936065674,-6.1170654296875,-6.05596923828125,-15.814414262771606,-0.8945395827490409
D103N:E114Q:D127N:E143Q,1.538657323,-0.11236146,-0.0660469353835353,-2.448854684829712,-2.6694913148880004,-8.68109130859375,-8.13857421875,-16.46927809715271,-0.993007732979715
D103N:E119Q:D127N,1.823106954,-0.108667314,-0.0530041460464858,-2.171526908874512,-2.139417719841004,-5.785888671875,-5.175476074218749,-13.54732894897461,-0.9849175527674544
D103N:K118H:D125E:T131H:S144M,1.406952651,-0.16184816,-0.1150438301928102,-4.6968834400177,-5.764486980438233,-12.22021484375,-11.1398193359375,-24.73045825958252,-0.99970582239079
D103N:M107N:N112P:S136Q:K140L,1.128174931,-0.13809863,-0.0797067010954182,0.910775661468506,1.256587600708008,-8.296142578125,-8.71920166015625,-17.86187982559204,-0.9999988195586326
D103N:P106S:T131Q:S136H:K140G,1.309788888,-0.1296525,-0.0968680602375723,-2.4860637187957764,-3.381478524208069,-14.1571044921875,-14.26962890625,-24.07020711898804,-0.9999944965825408
D103N:Y110M:L113V:V135F:S144E,1.4495917719999998,-0.15216532,-0.1071278310755393,-0.791458249092102,-0.9162514448165894,-9.5958251953125,-8.91722412109375,-18.037311792373657,-0.999814203176018
D103P:E111D:N116L:I128Q:K140N,1.201891963,-0.2454119,-0.1379499333609041,2.99404239654541,2.7587820291519165,-13.73626708984375,-12.891809082031251,-17.789703130722046,-0.9999989783424884
D103P:F108C:N116K:S122E:D125C:K140E,1.213883186,-0.28643018,-0.2158195522756339,-8.628317952156067,-7.46074116230011,-26.6365966796875,-26.53955078125,-35.22119903564453,-0.9999999999953502
D103P:F108S:N116G:T121M:T132D,1.443743103,-0.16698456,-0.1264382358971864,-0.142932653427124,0.0559618949890136,-17.27081298828125,-17.097741699218748,-20.72637128829956,-0.9999999033529592
D103P:N126H:T131P:L137E:K140S:E143S,1.328623653,-0.16721326,-0.1040978482609542,-0.1699645519256591,0.2977492094039917,-10.10723876953125,-9.7843505859375,-20.848609447479248,-0.999998722794712
D103P:S104H:E109Q:S117H:E143P,1.222797682,-0.18877995,-0.1138662969514568,-4.8840062618255615,-4.8556907892227175,-15.99139404296875,-13.661950683593748,-21.660769939422607,-0.9999998188724226
D103P:S104K:T105K:P106V:M107T:F108I:E109V:Y110L:E111D:N112F:L113E:E114I:D115P:N116M:S117T:K118D:E119A:T121N:S122T:D125S:N126D:D127E:I128D:P129D:V130E:T131E:T132D:D134S:V135N:S136Y:L137A:A138S:D139T:K140E:A141S:I142L:E143S:S144N,1.098902406,-0.4721073,-0.5189434879615213,-6.034104704856873,-6.50566074848175,-88.703369140625,-81.60952148437501,-160.54753947257996,-1.0
D103P:S104L:T105F:P106E:M107F:F108E:E109T:Y110L:E111N:N112K:L113T:E114S:D115N:N116S:S117N:K118A:E119V:W120Q:T121G:S122K:L123D:F124A:D125S:N126S:D127S:I128D:V130I:T131A:T132N:D133S:D134A:V135S:S136H:L137E:A138W:D139T:K140S:A141L:I142F:E143D:S144N,1.544420673,-0.37217146,-0.5496035538534252,-13.594671964645386,-13.917094254493714,-113.75787353515624,-106.91317138671874,-195.0230967998505,-1.0
D103P:S104L:T105F:P106E:M107L:F108D:E109A:Y110V:N112S:L113D:E114P:D115Q:N116G:S117W:K118N:E119S:W120L:T121F:S122D:L123D:F124D:D125I:N126A:D127V:I128S:P129V:V130S:T131D:T132E:D133T:D134I:V135A:S136P:L137S:A138V:D139F:K140S:A141G:I142S:E143D:S144A,1.155738285,-0.32189095,-0.5000147700733987,-10.089109182357788,-10.782841897010805,-113.83355712890624,-105.1924072265625,-195.2542884349823,-1.0
D103P:S117A:E119D:T132L:I142D,1.251554226,-0.15561625,-0.0909189244606317,-0.1410825252532959,1.0636626482009888,-9.487548828125,-9.3144287109375,-18.82070899009705,-0.999968612397524
D103P:S117G:S136E:A141W,1.3322156040000002,-0.17342323,-0.1236205728877057,-4.88606858253479,-4.051580166816711,-12.5567626953125,-12.72650146484375,-18.2309627532959,-0.9999956975514528
D103Q:F108M:N112E:T131F,1.405822609,-0.16378966,-0.1192713835909697,-2.7588226795196533,-2.805948090553284,-13.95794677734375,-12.467724609375,-17.22294330596924,-0.99999715528476
D103Q:F108V:K140D:I142N:E143C,1.514415137,-0.17220795,-0.0985274128218138,-4.1512415409088135,-4.018385815620422,-14.70294189453125,-13.8265380859375,-23.49592638015747,-0.9999998256123792
D103Q:K118Q:D127H:S136E:A141S:S144F,1.263767066,-0.19080198,-0.1017707471745719,-3.844533562660217,-4.784530758857727,-13.832763671875,-12.62313232421875,-27.02520179748535,-0.9999988404028995
D103Q:M107E:S117H:K118G:S122A:P129K,1.453552875,-0.23104444,-0.1457619989469807,-2.614160180091858,-3.731449937820434,-19.71710205078125,-18.8543212890625,-29.282461881637573,-0.9999999927772998
D103Q:N112L:L113V:D125N:V130D:D133Q,1.301135189,-0.20515153,-0.1254876839308553,-2.7669867277145386,-3.441113686561585,-14.137451171875,-11.9917236328125,-25.23425436019897,-0.9999999267736824
D103Q:N116A:T132A:L137Q:K140Q,1.579085276,-0.14028469,-0.0789630930618884,-1.2948641777038574,-1.7401721477508545,-6.49078369140625,-6.2186767578125,-20.578893661499023,-0.996657766983712
D103Q:P106L:Y110D:S122M:A141G,1.599423585,-0.21381804,-0.1628161121517738,-2.866394281387329,-3.189063119888305,-20.15435791015625,-19.79139404296875,-27.61450839042664,-0.9999999968733362
D103Q:T105S:K118D:V130P:D133A,1.7520227169999998,-0.17885375,-0.0857566209026079,0.6264088153839111,0.3948862791061401,-7.51715087890625,-5.368957519531249,-18.569498538970947,-0.9999998309486736
D103R:D127A:I128T,1.769616008,-0.17533311,-0.1033406647923154,-2.955407857894897,-3.1990567445755005,-12.72979736328125,-11.031945800781251,-14.4420428276062,-0.9999974921840382
D103R:N126C:I128T:L137M:K140H,1.390874104,-0.20534539,-0.1402982121260565,-7.394121170043945,-7.271520328521729,-16.2357177734375,-15.0970458984375,-25.50737762451172,-0.999998722788472
D103R:S104E:K118V:V130T,1.310608527,-0.1403696,-0.1102590323342972,-1.6451563835144043,-1.9751479625701904,-14.427734375,-13.2233154296875,-18.121291160583496,-0.9999998563898432
D103R:S104P:T105S:P106S:M107I:F108S:E109G:Y110V:E111K:N112P:L113R:E114N:D115R:N116D:S117K:K118P:E119L:W120P:T121P:S122I:L123V:F124Y:N126T:D127S:I128D:T131A:T132A:D133K:D134R:V135A:S136R:L137N:A138T:D139E:K140A:I142R:E143K,1.481583835,-0.55450326,-0.5679091592700456,-25.823602437973022,-27.495038056373595,-104.3505859375,-97.7151123046875,-185.56803059577945,-1.0
D103R:T105P:M107Q:K118N:K140E:E143F,1.215134642,-0.18594474,-0.1680006251216359,-2.461656332015991,-2.3916413307189943,-20.41156005859375,-20.63701171875,-28.28671598434448,-0.9999999939538612
D103S:F108E:Y110V:T131G:T132N:I142V,1.207240389,-0.1868777,-0.1291501191162979,-0.1098742485046386,-0.438006067276001,-10.664306640625,-11.1050537109375,-22.88845443725586,-0.9999995001159656
D103S:S104D:T105L:P106S:M107I:F108N:E109D:Y110T:L113V:E114P:D115T:N116K:S117E:K118D:E119M:T121I:S122P:N126F:D127E:I128Y:P129S:V130E:T131S:T132N:D133L:D134T:V135A:S136D:L137V:A138K:D139A:K140S:A141E:I142D:E143T:S144D,1.304034249,-0.39290756,-0.352656517164563,-2.148443937301636,-3.751627039909363,-73.35980224609375,-66.69334716796875,-140.2004590034485,-1.0
D103S:Y110E:S117R:K118Q:S122A,1.380911213,-0.19266406,-0.0936431884765626,-0.865352988243103,-1.4986870765686036,-9.30426025390625,-9.78651123046875,-22.711429595947266,-0.9999672780194868
D103T:F108D:K118N:E119W:T131N:D139T,1.301416927,-0.25061905,-0.1581672315495718,-0.6572170257568359,0.4164781808853149,-17.19775390625,-16.318457031250002,-25.83058881759644,-0.9999999973479968
D103T:F108Q:N112C:K118V,1.836510427,-0.14743546,-0.1308831048605705,-2.5560121536254883,-2.630816864967346,-17.22979736328125,-16.86695556640625,-19.48496150970459,-0.9999992515416553
D103T:S104L:T105S:P106S:M107V:F108V:E109I:Y110I:E111Y:N112T:L113M:E114D:D115K:N116A:S117L:K118S:E119T:T121P:S122A:D125S:D127N:I128E:P129E:V130S:T131D:D133F:V135D:S136D:L137E:A138E:K140N:A141D:I142E:E143P:S144K,1.285415045,-0.4668911,-0.383976023392321,-6.432527899742127,-7.953508996963501,-75.2960205078125,-69.6021240234375,-151.3806278705597,-1.0
D103T:S104N:T105L:P106D:M107G:F108K:E109D:Y110A:E111M:N112L:L113D:E114H:D115T:N116P:S117M:K118F:E119D:W120E:T121L:S122D:L123F:F124I:D125V:N126D:D127G:P129N:T131N:T132S:D133K:V135D:S136W:L137V:D139L:K140F:A141G:I142E:E143G:S144D,0.99625188,-0.41909975,-0.6014666574281305,-9.285905957221985,-13.170546936988831,-119.26800537109376,-112.57745361328124,-186.35429644584656,-1.0
D103T:S104N:T105M:N116Q:T132D,1.158948579,-0.13903627,-0.1002374289298821,-1.598637580871582,-1.906919288635254,-16.56109619140625,-15.9826171875,-22.505457401275635,-0.999993730883428
D103T:S104R:K118P:T131D:S144G,1.355797821,-0.18983954,-0.111797835054771,-4.05886173248291,-4.654430818557739,-13.69439697265625,-12.75111083984375,-24.119473457336422,-0.9999995790422194
D103T:T105E:N112A:T132Q:I142M,1.287093463,-0.10120076,-0.0791433205383952,-2.4402151107788086,-2.7671181201934814,-14.0997314453125,-13.958935546875,-23.53705310821533,-0.9999965729301296
D103V:F108Q:S117A:S122D:A138G,1.3987657669999998,-0.16815591,-0.1490303121003392,-3.7303212881088257,-3.73670551776886,-23.56170654296875,-23.42421875,-27.358901500701904,-0.999999991101235
D103V:M107P:S122E:V135F,1.838127825,-0.17253146,-0.1456153842478036,-0.9197183847427368,-0.6802889347076416,-20.07965087890625,-19.686181640625,-21.0064115524292,-0.999999997049272
D103W:F108E:E119H:S122L:I142D,1.350828802,-0.32380837,-0.2081791344910755,-7.574384331703186,-8.353535580635072,-19.98577880859375,-20.6143798828125,-32.4717435836792,-0.9999999999876428
D103W:S104W:D115A:N116D:S136W:L137E,0.823607889,-0.34485054,-0.2054326610633062,-7.0615434646606445,-8.665735626220703,-13.16485595703125,-13.56834716796875,-34.269439935684204,-0.9999998138646988
D103W:S117Y:V130H:S136F:K140C:A141P,0.8662811159999999,-0.33698553,-0.2307058857004837,-7.90611457824707,-8.284233283996581,-20.66485595703125,-20.532238769531247,-34.00919342041016,-0.9999999999750416
D103W:T121A:S122P:V130M:T132D,1.177844939,-0.24049973,-0.1544823154435888,-6.132720947265625,-5.669638299942017,-14.64410400390625,-13.80635986328125,-25.40037965774536,-0.9999993755678536
D103Y:D115I:P129W:T131E:V135A:L137D,0.97227272,-0.3033582,-0.1741181505956684,-5.706502437591553,-6.424657797813415,-14.408447265625,-13.169287109375,-29.238199949264526,-0.9999999554291548
D103Y:F108I:Y110V:S117C:I128E:L137T,1.092230797,-0.2779786,-0.1694978327089358,-4.599189758300781,-4.813902544975281,-13.3277587890625,-12.59456787109375,-25.93244171142578,-0.9999999177785748
D103Y:K118W:T121F:I128D:D139H,1.009332368,-0.3540858,-0.1953963961889736,-4.654086589813232,-4.945270442962647,-14.1751708984375,-12.971325683593747,-24.01498508453369,-0.9999999806320264
D103Y:S122G:D134T:V135S:K140D,1.505031599,-0.20544526,-0.120857320222142,-3.020069360733032,-3.0779763221740724,-16.5186767578125,-15.1675537109375,-22.407950162887573,-0.9999997287500956
D103Y:T105Q:F108A:N116D,1.600104436,-0.17569518,-0.1428490906847753,-1.9620261192321773,-2.772058701515198,-17.343994140625,-18.289721679687503,-19.567327737808228,-0.9999998403326836
D115A:E119N:S122Q:T132Q:A138E:K140V,1.61394177,-0.17356604,-0.0972718479794539,-3.0131107568740845,-2.541294050216675,-7.436767578125,-7.311669921875,-28.811551094055176,-0.999991652767948
D115C:S117P:S122Q:N126H:K140E:E143N,1.337614998,-0.24314857,-0.1550267989949399,-7.242603421211243,-7.1294739723205565,-14.4361572265625,-14.752478027343749,-34.11869168281555,-0.9999847929127692
D115E:D125E,1.5254047469999998,-0.036747277,-0.0201591953264013,-0.4656274318695068,-0.4030104637145996,-4.66217041015625,-3.9065185546875,-8.154768943786621,-0.639847161201567
D115E:D125E:D127E,1.380018049,-0.059782922,-0.0311882046193838,-0.8342316150665283,-0.8253009080886841,-6.62945556640625,-5.09361572265625,-11.809837579727173,-0.9904895072066332
D115E:D125E:D127E:D133E,1.398377213,-0.06535676,-0.032532118393433,-0.4352662563323974,-0.3945505142211913,-6.57110595703125,-4.892590332031251,-14.70230793952942,-0.9942566852017336
D115E:D125E:D127E:D133E:D134E,1.2593214940000002,-0.092820495,-0.0465202467297319,-0.3985803127288818,-0.3934066772460937,-10.11236572265625,-7.407421875,-18.15684032440185,-0.9999088600730816
D115E:D125E:D127E:D133E:D134E:D139E,1.793019225,-0.09131497,-0.0475418253725534,-0.2024366855621338,-0.1254592418670654,-10.7454833984375,-7.972314453125,-21.07763123512268,-0.9999658748884012
D115E:D125E:D127E:D133E:D139E,1.750613591,-0.0632962,-0.033331548616131,-0.2391226291656494,-0.1266030788421631,-7.46881103515625,-5.543139648437499,-17.623098850250244,-0.9978419252164488
D115E:D125E:D127E:D134E,1.557765785,-0.08534777,-0.0444158370808775,-0.7975456714630127,-0.8241570711135864,-10.2193603515625,-7.58505859375,-15.26436996459961,-0.9998485143463288
D115E:D125E:D127E:D134E:D139E,1.641455809,-0.08384299,-0.0454383931550267,-0.6014020442962646,-0.5562096357345581,-11.15338134765625,-8.2690185546875,-18.185160875320435,-0.9999432777687206
D115E:D125E:D133E,1.696924619,-0.043204367,-0.0218584053881227,-0.0666620731353759,0.027739930152893,-4.45294189453125,-3.6130859375,-11.047239303588867,-0.7470341003057708
D115E:D125E:D139E,1.363662655,-0.035374224,-0.0212349671061776,-0.2694838047027588,-0.1350630283355712,-5.6278076171875,-4.5195556640625,-11.075559854507446,-0.8259397495519031
D115E:D127E:D133E:D134E:D139E,1.310074529,-0.056873947,-0.0314280554068895,-0.1035449504852294,0.0554715633392334,-8.1844482421875,-6.168640136718749,-16.519551038742065,-0.9993837039182236
D115E:D127E:D134E,1.375578044,-0.056778997,-0.03065957717624,-0.6986539363861084,-0.6432262659072876,-7.46368408203125,-5.663745117187499,-10.706289768218994,-0.9972696511165666
D115E:D133E:D134E,1.64110554,-0.03637758,-0.019791952655833,0.0689156055450439,0.2098145723342895,-5.52099609375,-4.28206787109375,-9.943691492080688,-0.91194711155539
D115E:D133E:D134E:D139E,1.4852841469999998,-0.03474158,-0.0207604784982484,0.265059232711792,0.4777620077133179,-6.263427734375,-4.892138671875,-12.864482402801514,-0.9651107410260706
D115E:D134E:D139E,1.405978409,-0.030228704,-0.0198446796457962,-0.1339061260223388,0.0470116138458252,-6.52386474609375,-5.12918701171875,-9.972012042999268,-0.9433159571520686
D115E:K118M:V130A:T131A:E143N,1.223156811,-0.092291296,-0.066118016361766,-0.179384708404541,-0.9621126651763916,-10.306396484375,-9.23759765625,-18.936104774475098,-0.9991130500734352
D115F:T131G:D133R:L137P:K140D,1.248066121,-0.20546275,-0.1094666070361155,-2.564805507659912,-3.59043927192688,-4.88800048828125,-4.7041259765625005,-22.39888834953308,-0.9997502430042065
D115G:D127Q:P129N:V130L:L137A,1.520403259,-0.1863975,-0.1056854139443395,-3.0980825424194336,-3.26008677482605,-7.971923828125,-6.76419677734375,-21.97716069221497,-0.9999797477896166
D115G:N116R:S117A:T132S:V135G,1.583914557,-0.16355589,-0.1181010181793539,-5.207594871520996,-5.29353175163269,-9.3236083984375,-9.42845458984375,-25.043535709381104,-0.985653975352326
D115G:S122G:V135T:L137H:K140F:E143S,1.5492479469999998,-0.15991572,-0.1033760152253392,-4.401259660720825,-3.8702289342880247,-11.79205322265625,-11.37548828125,-28.17212748527527,-0.9998877699725944
D115G:T121I:D127Q:I128V:D139E:K140D,1.6869170409999998,-0.19362709,-0.1131927381630895,-1.9042489528656008,-2.172764134407044,-13.02764892578125,-11.0126953125,-24.46816372871399,-0.9999723402084184
D115K:D125M:I128K:D134P,1.3725220809999998,-0.23591486,-0.1603563519135065,-4.843383312225342,-4.7545599937438965,-18.27960205078125,-15.17618408203125,-19.86060810089112,-0.9999999657394636
D115K:S117W:V135L:S136E:K140Y:S144Y,1.002452655,-0.3354349,-0.2246496668914035,-6.350116491317749,-6.145891284942627,-16.433349609375,-15.998583984375,-33.6857795715332,-0.9999659181112048
D115M:T121E:D134E:L137T:D139E:S144W,1.308937282,-0.21258786,-0.1291311135071452,-3.391307592391968,-3.616053771972656,-11.278076171875,-9.57921142578125,-28.74892473220825,-0.9999552134876444
D115N:D125N:D127N,1.350487548,-0.12344059,-0.0568420844570173,-1.6751391887664795,-1.866127371788025,-7.21435546875,-5.8380859375,-14.079331874847412,-0.9427317888407336
D115N:D125N:D127N:D133N:D134N:D139N:E143Q,1.08250501,-0.22957814,-0.12701540909628,-2.6290488243103027,-3.5994488477706907,-16.00897216796875,-13.077819824218752,-27.829155683517456,-0.999403862562442
D115N:D125N:E143Q,1.765654669,-0.09700316,-0.0518050007124388,-1.6155579090118408,-1.7995433330535888,-5.5177001953125,-4.5560302734375,-13.127065420150757,-0.5576497049908956
D115N:D127N:E143Q,1.308375186,-0.09002668,-0.0497973024633007,-2.02717924118042,-1.9620434522628785,-5.87164306640625,-5.00316162109375,-12.918888330459597,-0.8183125211508364
D115N:D133N:D134N,1.708225638,-0.090878725,-0.0474515758799488,-1.045457363128662,-1.4213263034820556,-6.08966064453125,-4.89873046875,-10.784848928451538,-0.7525762000015641
D115N:D133N:D134N:E143Q,1.7015795459999998,-0.11280331,-0.0655243897353203,-1.5822699069976809,-2.0724805355072022,-7.7166748046875,-6.493017578125,-14.674588680267334,-0.8543309469886979
D115N:D134N:E143Q,1.322097433,-0.08908203,-0.0527059208880116,-1.7385928630828855,-1.8769588470458984,-6.33172607421875,-5.2073486328125,-11.5462327003479,-0.7792680284202506
D115N:E119P:I128D:S136L:K140N,1.285759087,-0.19009116,-0.0881514905610543,-3.504156827926636,-1.9769571781158448,-5.83270263671875,-4.26536865234375,-22.02434206008911,-0.9998256724922674
D115P:K118Q:T121M:D133V:A141D,1.249813493,-0.1893642,-0.1055965219952458,-0.3999350070953369,-1.325561475753784,-9.3056640625,-10.284167480468753,-21.03004550933838,-0.9993789576482548
D115P:N126E:D139K:K140W:I142D,1.28001729,-0.1722031,-0.0952017570305548,-4.679712533950806,-3.5346593379974367,-7.27557373046875,-7.83681640625,-21.5324342250824,-0.9999991565060218
D115P:T132M:L137H:D139S:K140D,1.406432614,-0.12615222,-0.0588452756616993,-4.095004081726074,-3.245458984375,-3.0606689453125,-3.62318115234375,-22.129665851593018,-0.9834154801152328
D115Q:K118A:S122W:V135A:S136G:I142G,1.075308051,-0.2532227,-0.1699712352820562,-5.503594160079956,-7.310835218429565,-16.41485595703125,-15.126416015625,-33.076743841171265,-0.9999994294411468
D115Q:N116H:K118M:T121D:D125P,1.317361959,-0.1685442,-0.1327490755671708,-2.274851560592652,-2.881719732284546,-14.8345947265625,-12.20802001953125,-27.002820014953613,-0.9999656201635788
D115Q:N116Y:T132D:V135H:A138M:I142A,1.260079478,-0.19555596,-0.1411691034391682,-4.440668344497681,-4.386484527587891,-16.4427490234375,-15.835693359375,-28.85947132110596,-0.9999958598200184
D115Q:S117E:I128V:S136T:K140W,1.038900477,-0.14559454,-0.1260219587550045,-3.0565264225006104,-2.9660223960876464,-12.02777099609375,-11.0172119140625,-22.3799467086792,-0.9991664670368332
D115W:N116T:K118L:E119F:W120D:T121N:L123K:F124E,1.453368256,-0.22071844,-0.2166885973295708,-5.662712574005127,-5.085330939292907,-35.12359619140625,-34.935412597656246,-67.3936414718628,-1.0
D115W:S117R:V130P:T132E:A141D,1.319752818,-0.2566107,-0.1374441669504837,-5.274565935134888,-5.653101778030395,-12.723876953125,-12.42852783203125,-28.103780269622803,-0.9999999378035
D115Y:N116A:N126Q:T132Y:A141D,1.205355971,-0.2551214,-0.150806902142182,-3.171125888824463,-3.213278865814209,-9.1334228515625,-9.43695068359375,-24.34037399291992,-0.9999376463748768
D115Y:N116D:D139E:I142N,1.0625287209999998,-0.12137908,-0.0758417747198899,-0.9905233383178712,-1.15720796585083,-5.40582275390625,-6.29063720703125,-15.61663055419922,-0.9645750128303302
D125A:D127A:D133A:D134A,1.4649330111111112,-0.19525608,-0.093054829118939,-1.0725164413452148,-1.5920389890670776,-11.066192626953123,-8.83342529296875,-15.434611320495604,-0.9999668563735192
D125C:I128A:T131Q:T132Q:K140P,1.350130026,-0.20493191,-0.1136989932891736,-4.267577648162842,-4.69203896522522,-10.466552734375,-8.532031250000001,-23.88044500350952,-0.9999998702815563
D125E:A138M,1.620806371,-0.05379048,-0.0455701291773242,-1.1671390533447266,-0.973513412475586,-6.16778564453125,-5.4223876953125,-8.99168062210083,-0.9135594784659918
D125E:D127E,1.543761208,-0.050795436,-0.0244616308246218,-0.4674959182739258,-0.6032212495803833,-4.585693359375,-3.199255371093749,-8.213148832321167,-0.9849280882991406
D125E:D127E:D133E:D134E,1.7628303980000002,-0.08432776,-0.0399929603223699,-0.0318446159362793,-0.1713270187377929,-8.03265380859375,-5.52373046875,-14.56015157699585,-0.9998547567851692
D125E:D127E:D133E:D134E:D139E,1.6312888419999998,-0.08351177,-0.041291532143155,0.1642990112304687,0.0966204166412353,-8.90228271484375,-6.1672119140625,-17.480942487716675,-0.9999456153975812
D125E:D127E:D133E:D139E,1.719125999,-0.054123968,-0.0265311787561165,0.1276130676269531,0.0954765796661376,-5.13275146484375,-3.6297607421875,-14.026410102844238,-0.9965650448610676
D125E:D127E:D139E,1.246429638,-0.04849583,-0.0251660330015569,-0.2713522911071777,-0.335273814201355,-5.477783203125,-3.9885620117187495,-11.133939743041992,-0.9943033001125096
D125E:D134E,1.558784423,-0.0510844,-0.0257606370593305,-0.0622057914733886,-0.1797869682312011,-6.34356689453125,-4.52823486328125,-8.012612581253052,-0.9860427082928156
D125E:D134E:D139E,1.630957699,-0.04935631,-0.0266935952617605,0.1339378356933593,0.0881604671478271,-7.2564697265625,-5.12481689453125,-10.933403491973875,-0.9947283017244034
D125E:D139E,1.165309589,-0.027608812,-0.0149990638379949,0.0972518920898437,0.0870166301727295,-3.618896484375,-2.651953125,-7.47887110710144,-0.7485798653368843
D125E:P129E:V135W:E143F,1.060385334,-0.1663686,-0.1140710145129003,-3.961073398590088,-3.734765672683716,-13.01507568359375,-11.660046386718747,-19.33009505271912,-0.9999967054766576
D125G:I128H:V130E:T131F:S136L:I142M,1.374423299,-0.16718361,-0.1045610421068728,-4.6040637493133545,-5.261786460876465,-15.04644775390625,-13.13365478515625,-27.799087047576904,-0.9999997802682452
D125L:I128T:V130A:K140W:I142T,1.105733375,-0.21115184,-0.1415152227327069,-2.072625637054444,-1.647302222251892,-17.08935546875,-15.00213623046875,-22.692954778671265,-0.999999973968595
D125N:D133N:D134N:D139N,0.994898584,-0.11362746,-0.0668132958463079,-0.6018695831298828,-1.6374053955078125,-10.38140869140625,-8.3215576171875,-14.91026735305786,-0.9582673672607204
D125N:D134N:D139N:E143Q,1.568506715,-0.120161384,-0.0754115963321564,-1.2950050830841064,-2.093037939071656,-10.77886962890625,-8.71375732421875,-15.671651124954224,-0.963835746505164
D125Q:D133Q:S144T,1.736104053,-0.10729796,-0.0555268420019184,-1.4728128910064695,-1.8185843229293823,-6.26025390625,-5.61339111328125,-13.461174726486206,-0.953056274399236
D125Q:L137G:K140S,1.14569615,-0.13283703,-0.0596381353738044,-1.2370665073394775,-1.6163766145706178,-3.53472900390625,-3.160107421875,-13.875807762145996,-0.9904915418242484
D125Y:S136Y:K140N:I142A,1.265695962,-0.21041405,-0.1308869602841414,-4.030164957046509,-4.521278667449951,-10.1873779296875,-9.8060791015625,-21.000728130340576,-0.9981637662690324
D127C:I128P:V135W:S136M:K140Q,1.016480999,-0.21698287,-0.1434395678102759,-8.654640913009644,-8.621394538879395,-18.39105224609375,-16.15830078125,-29.12224102020264,-0.9999999978640552
D127E:D133E,1.324059213,-0.026617795,-0.0115738186547764,0.0303611755371093,0.0084599494934081,-1.74530029296875,-1.2424804687500002,-6.547538995742798,-0.8573698814168801
D127E:D133E:D134E,1.4363940080000002,-0.050815284,-0.0242516459943561,0.067047119140625,0.0096037864685058,-5.42193603515625,-3.5873046875,-10.002071380615234,-0.9973818853887454
D127E:D133E:D134E:D139E,1.532258796,-0.048590273,-0.02498455658502,0.263190746307373,0.2775512218475341,-6.35400390625,-4.26588134765625,-12.92286229133606,-0.9990181589128232
D127E:D133E:D139E,1.3458254180000002,-0.024898678,-0.0125107408842582,0.2265048027038574,0.2764073848724365,-2.76727294921875,-1.96455078125,-9.468329906463625,-0.941366934439178
D127E:D134E,1.273771998,-0.048161745,-0.0240815186415703,-0.3319182395935058,-0.4211466073989868,-5.65679931640625,-3.81534423828125,-7.109601020812988,-0.995655644279686
D127N:D139N:E143Q,1.6607422580000002,-0.07994333,-0.0530768017751891,-1.3988189697265625,-1.6228843927383425,-7.13226318359375,-6.178295898437501,-11.994123458862305,-0.8283159045749589
D133E:D134E:D139E,1.833653963,-0.026409656,-0.0142973767480816,0.6317949295043945,0.6998416662216187,-4.31976318359375,-2.9594604492187497,-9.267793655395508,-0.9455248754378268
D139E,1.664214576,0.00014808774,-0.0015674197376835,0.196143627166748,0.2679474353790283,-1.12359619140625,-0.8554443359375,-2.920790910720825,-0.1414590841857173
D139V:K140Q:I142L:S144N,1.338266856,-0.074682,-0.0448112080529915,-1.145094633102417,-1.053549075126648,-5.66778564453125,-5.644873046875,-14.768070697784424,-0.6590564721858563
E109A:E111A:E114A:D115A,1.4959924362,-0.20356807,-0.0919198684420874,-1.106072187423706,-1.3319159984588622,-4.818109130859375,-3.6076306152343753,-16.024729251861572,-0.9741311145065408
E109A:E111A:E114A:D115A:E119A,1.3945751711111112,-0.2681777,-0.1222176331218027,-1.768181085586548,-1.5453771114349366,-5.504803466796875,-4.140531005859375,-21.097936153411865,-0.9903203463013373
E109A:E111A:E114A:D115A:E119A:D125A:D127A:D133A:D134A,1.1369761161,-0.40513438,-0.1918656970258285,-2.8406975269317627,-3.1374161005020142,-16.52532958984375,-13.013038330078125,-36.53254747390747,-0.9999999800147764
E109A:K118Q:T131G:A141M,1.268910297,-0.12389535,-0.0809720945527969,-1.8783299922943115,-2.9974939823150635,-8.94830322265625,-8.16817626953125,-18.38827848434448,-0.9948372248714528
E109C:K118Y:I128W:V130L:D134E:A138G,1.00201554,-0.2662626,-0.1816942208178104,-6.0983726978302,-6.279857182502747,-23.12274169921875,-19.89129638671875,-31.88052749633789,-0.9999999997397836
E109C:L113T:K118G,1.4597818569999998,-0.1355733,-0.0864694398493105,-3.360507130622864,-3.860167860984802,-9.686767578125,-8.9045166015625,-15.209365844726562,-0.9983517824802004
E109C:V130M:T132W:V135T:K140Y,0.990545853,-0.2372323,-0.1839679975950846,-7.572242021560669,-7.197328042984009,-17.7374267578125,-16.12843017578125,-28.79324579238892,-0.9999996465631484
E109C:Y110E:E111Q:A138L:K140Q,1.262562055,-0.15550917,-0.1144235957135509,-1.8931114673614504,-1.6883674144744871,-11.68377685546875,-9.99854736328125,-21.395098447799683,-0.9999936425579546
E109D:E111D:E114D:E119D:E143D,1.49521781,-0.07492778,-0.0288354188097754,3.133421301841736,2.883529210090637,-2.85601806640625,-0.573095703125,-16.362887144088745,-0.915139293156465
E109D:E111D:E119D,1.20629942,-0.05008459,-0.0179757766452124,3.012076258659363,2.8653045892715454,-1.97247314453125,0.295947265625,-9.160603761672974,-0.6249028176489968
E109D:E111D:N112D:L113N:E114Q:D115L:N116A:S117G:K118N:E119T:W120V:T121S:S122G:L123S:F124S:D127P:I128E:P129N:V130W:T132S:D133L:D134F:V135D:S136D:L137D:A138V:D139E:K140I:A141K:I142V:S144D,1.141162256,-0.29623103,-0.3196412761864714,-12.598724246025084,-12.292937707901,-69.95550537109375,-63.33395996093751,-151.91248559951782,-1.0
E109D:E114D:E119D,1.4500503130000002,-0.04877922,-0.0170636703111098,3.2640682458877563,3.0433307886123657,-1.564453125,0.09388427734375,-9.308048009872437,-0.5806807642820146
E109D:E114D:E119D:E143D,1.4658020719999998,-0.05960059,-0.0222509526697342,2.7890394926071167,2.536733603477478,-2.6907958984375,-0.907373046875,-13.156564712524414,-0.8023592446963124
E109D:E119D,1.353133497,-0.036111504,-0.0119341650043094,2.667694449424744,2.5185089826583864,-1.83380126953125,-0.03525390625,-5.954281330108643,-0.3854334473011359
E109D:E119D:E143D,1.350465366,-0.046762228,-0.0170532986786866,2.192665696144104,2.0119117975234984,-2.818359375,-0.9209716796875,-9.80279803276062,-0.6477099443406501
E109D:S117G:K118E:E119C:T132E:A141T,1.510941359,-0.15980598,-0.0904116919032195,-2.0145825147628784,-2.070999908447265,-6.208251953125,-5.3470703125000005,-25.55716633796692,-0.9995654244447216
E109F:S122R:T131D:L137C:K140W,1.067836362,-0.30165088,-0.2078127063466137,-8.890401363372803,-9.286059522628785,-17.979248046875,-17.60015869140625,-33.458858489990234,-0.9999999976755364
E109G:S122V:V130F:A138D,0.910842813,-0.18068182,-0.1067452210124277,-3.0811569690704346,-2.6354283332824706,-11.90789794921875,-11.729638671875,-20.789942264556885,-0.9999895665658268
E109G:Y110P:N112Q:K118R:T121E:S122T,1.170802946,-0.14925152,-0.1112541117277858,-0.92408549785614,-1.5246115684509278,-9.7735595703125,-9.156298828125,-28.66715979576111,-0.9999972345895376
E109G:Y110V:V130P:T131R:K140E,1.352276363,-0.1843127,-0.1200421424947175,-0.8204326629638672,-1.259322738647461,-9.3262939453125,-8.3568603515625,-20.828670024871823,-0.9999805862504254
E109H:K118W:V130C:T132W,0.989269157,-0.29692084,-0.1855585498741937,-8.08643126487732,-7.851852035522461,-15.29547119140625,-14.09248046875,-27.152275562286377,-0.9999998106946654
E109H:L113D:D115L:S122A:V130F:S144E,1.305228368,-0.21542636,-0.1433228733700789,-3.6618727445602417,-3.109076189994812,-17.35064697265625,-17.4376220703125,-28.54149317741394,-0.9999996938773026
E109H:T121P:I142L,1.375940957,-0.08556095,-0.0679685653740825,-2.5160017013549805,-2.6075433015823366,-9.412353515625,-8.16944580078125,-15.071561813354492,-0.9926685194411584
E109H:Y110A:K140S:I142P,1.4344625030000002,-0.10225415,-0.0850482003968805,0.4681198596954345,0.3841129064559936,-7.74334716796875,-7.43515625,-14.128469467163086,-0.9999937773327318
E109I:E119Q:V130T:K140E,1.00935801,-0.18657449,-0.1047160735758174,-2.215430736541748,-2.2534642219543457,-9.3001708984375,-8.287548828125,-18.89332628250122,-0.9997614244662494
E109I:I128T:T131M:A141E,1.334748639,-0.18900132,-0.1104541384876836,-3.292330265045166,-3.5866076946258545,-13.07000732421875,-11.5867919921875,-19.126927375793457,-0.999978605082922
E109I:N116G:K118W:V135P:I142Q,1.021312242,-0.29438484,-0.1667477753662979,-4.494667530059815,-5.159487771987915,-11.65966796875,-10.21650390625,-26.363630771636963,-0.9999999397037236
E109I:V135N:K140T:A141I:I142T,0.997174466,-0.14053515,-0.0984447112711299,-1.27459979057312,-1.3423309803009031,-15.34625244140625,-14.039770507812502,-20.855647802352905,-0.999989115206068
E109K:Y110D:N116G:S117H:S136E:S144L,1.262730881,-0.1824213,-0.0998236496677602,-3.337931156158448,-3.4778472900390627,-4.33807373046875,-3.734497070312501,-26.357453107833862,-0.9999190386844188
E109L:N116E:E119P:I128H:D133C:I142P,1.176564954,-0.29821098,-0.1813035197953737,-6.913645505905151,-6.822343730926514,-20.533935546875,-19.17354736328125,-29.37768840789795,-0.9999999983244692
E109M:E119M:I128D:P129W:T131D,1.02107717,-0.28679508,-0.1673271749367493,-8.277916431427002,-7.607617616653442,-16.16070556640625,-14.160473632812502,-31.03723526000977,-0.9999999922184912
E109M:L113M:E114M:I128Q,1.3840190280000002,-0.19024274,-0.1133411448197009,-4.780519604682922,-5.761558222770691,-13.09100341796875,-11.4750244140625,-20.28519582748413,-0.9999841173412988
E109M:N112E:S122D:D133E:D134C:V135Q,1.300485463,-0.19048023,-0.1475086687298432,-7.375886559486389,-7.27525007724762,-20.5948486328125,-18.068115234375,-33.9224967956543,-0.99999999972668
E109M:N116P:S117N:D125E:I128V:T131R,1.418142653,-0.20460299,-0.1601997456940892,-4.368205547332764,-5.218593215942383,-20.245361328125,-18.1133056640625,-28.07572364807129,-0.9999877423407486
E109M:T121E:S122Q:N126P:A138P,1.179893968,-0.1890603,-0.1296449708768905,-3.774335741996765,-3.7469534397125246,-15.5130615234375,-14.24122314453125,-30.25207757949829,-0.9999999945999872
E109M:Y110K:K118A:T121V:V130K:A141H,1.180922967,-0.19826755,-0.1525607397547821,-2.8154544830322266,-4.059209585189819,-19.42559814453125,-16.817919921875,-25.66081714630127,-0.9999999996142755
E109N:S117D:T121W:N126W:T132W,0.949198685,-0.34166712,-0.2124507266007285,-4.734448790550232,-5.318408036231995,-16.327880859375,-15.075,-27.320297718048096,-0.9999999456253538
E109N:T131D,1.360039157,-0.07144523,-0.040016147165536,0.4203225374221802,-0.1871704339981079,-4.27459716796875,-3.29444580078125,-7.817103385925293,-0.9444855068344172
E109N:T132G:S136G:L137I,1.38573561,-0.07085174,-0.0439004049606595,-1.6391297578811646,-2.50535500049591,-4.98150634765625,-4.1911376953125,-17.363936185836792,-0.9307202039692016
E109P:L113V:N116E:S144Q,1.385849202,-0.14372247,-0.071907885134008,-1.267675757408142,-1.499595856666565,-7.43743896484375,-7.407482910156251,-15.65703821182251,-0.9987080702864946
E109P:N116Q:T131W:V135A:K140Q,1.002817744,-0.21297356,-0.127007046628253,-3.75505304336548,-4.299217462539673,-12.81005859375,-11.9314697265625,-23.919981718063354,-0.999993725336394
E109Q:D115N:D127N:D133N:E143Q,1.528037268,-0.155777,-0.0840160329146741,-2.7020063400268555,-3.0090214014053345,-9.700927734375,-8.31500244140625,-20.87637734413147,-0.983009791620989
E109Q:D115N:D127N:D134N,1.473940006,-0.14458215,-0.0739379013984653,-2.629324197769165,-2.7949991464614867,-11.0384521484375,-8.6620849609375,-17.327632188796997,-0.9972025992171436
E109Q:D115N:D133N,1.7039383030000002,-0.08753705,-0.0436552326025913,-1.5687999725341797,-1.6401288986206055,-4.82708740234375,-4.1401611328125,-12.144631385803224,-0.5437406880608936
E109Q:D115N:D134N,1.583333145,-0.09498271,-0.0503304369509008,-2.032930374145508,-2.077260875701904,-7.76898193359375,-5.89591064453125,-12.485625982284546,-0.9340278938141536
E109Q:D115N:E119Q,1.579599789,-0.099037856,-0.0464110459297153,-2.813287734985352,-2.617254114151001,-4.3052978515625,-3.45745849609375,-14.404462814331056,-0.6439677598138694
E109Q:D115N:E143Q,1.553364325,-0.08005452,-0.0466268953479481,-2.261935472488404,-2.095761442184448,-5.13189697265625,-4.3797119140625,-12.906015157699583,-0.5804004350967372
E109Q:D127N:D133N,1.321162811,-0.093488276,-0.0490501105149021,-1.2712209224700928,-1.7647162199020383,-7.4276123046875,-6.1939208984375,-12.799495220184326,-0.9522737645109988
E109Q:D127N:D133N:D134N,1.4803626019999998,-0.1273208,-0.0696142339197342,-1.5790283679962158,-2.397369885444641,-11.5196533203125,-9.113903808593747,-16.268845796585083,-0.9974669879230128
E109Q:D127N:E143Q,1.4026225140000002,-0.086013764,-0.0520250313646852,-1.9643564224243164,-2.220348763465881,-7.78704833984375,-6.483972167968751,-13.560878992080688,-0.958607324907474
E109Q:D127N:L137C:K140H:E143P,1.5378622519999998,-0.15533763,-0.0988124969591025,-4.849644184112549,-4.913453364372254,-10.96429443359375,-9.795715332031248,-24.09797763824463,-0.9999167133276816
E109Q:E111Q:D115N,1.523595716,-0.106422365,-0.0689528387212244,-2.463779926300049,-2.2248086452484133,-7.52166748046875,-5.785754394531249,-13.434117317199709,-0.8414960612932562
E109Q:E111Q:D115N:D125N:D127N:D133N:D134N:D139N,1.2780320509999998,-0.27799457,-0.1627188034329125,-3.662043333053589,-4.579952311515808,-21.29913330078125,-16.74163818359375,-33.18639087677002,-0.9999799021500048
E109Q:E111Q:D125N:D127N:D133N:D134N:D139N:E143Q,1.41257063,-0.26725733,-0.1669913729738935,-3.304883003234864,-4.637955594062805,-22.0457763671875,-17.56363525390625,-32.88898825645447,-0.9999843250432447
E109Q:L113V:N116P:S122P:T131D,1.227723359,-0.18543404,-0.0917865576693172,-4.17634642124176,-4.030157113075257,-9.39971923828125,-8.696630859375,-20.785902976989743,-0.9991993131943544
E109Q:Y110D:T131F:T132H:A138T,1.463898236,-0.16044486,-0.0914829566385397,-1.50508451461792,-1.766169500350952,-4.8253173828125,-4.3414306640625,-19.630231857299805,-0.9993294089509472
E109Q:Y110D:T132W,1.026213013,-0.17329264,-0.0898377225068116,-2.235894203186035,-1.7653202056884765,-2.75140380859375,-2.5530029296875,-14.27673363685608,-0.9963022291155168
E109Q:Y110M:N112V:N126D:P129N:I142K,1.5789684430000002,-0.19312614,-0.1424040336201624,-1.4987783432006836,-1.4702083826065064,-13.28900146484375,-12.4034912109375,-22.786580324172974,-0.999983633858844
E109R:Y110C:K118E:T121M,1.266393435,-0.16437888,-0.1093486636558885,-1.5144567489624023,-2.6737967014312742,-9.17657470703125,-8.980712890625,-20.347222328186035,-0.9946222512389428
E109R:Y110P:N112I:K140N:I142E,1.425371016,-0.12738678,-0.0972937315808496,-1.559436559677124,-1.8913342475891115,-9.9283447265625,-10.17159423828125,-22.484241247177124,-0.999998521603954
E109S:A138R:K140G,1.489106946,-0.07980266,-0.0475411737516682,-0.9583169221878052,-1.4513835906982422,-6.78216552734375,-6.03533935546875,-13.895978450775146,-0.9945415940942428
E109S:K118G:I128K:K140H,1.17048523,-0.16529894,-0.10151889570243,0.2770205736160278,-0.766240692138672,-11.0400390625,-9.6197265625,-15.827067136764526,-0.9997508719028834
E109S:Y110N:N116K:E119G:I142C,1.3702844159999998,-0.1781725,-0.1099599926497164,-2.6025010347366333,-2.427295112609863,-9.6053466796875,-8.898193359375,-20.42699837684632,-0.999742844275704
E109T:A138G:K140P:I142F,1.277090131,-0.08565885,-0.0497146009126169,-0.3968222141265869,-0.2795287132263183,-7.375732421875,-6.91143798828125,-15.426284313201904,-0.9992278894724396
E109T:L113W:N116D:S117W:N126F:A138Q,1.170514101,-0.3605426,-0.2058683239268238,-0.8666743040084839,-2.085489511489868,-16.25830078125,-16.70352783203125,-30.07183098793029,-0.999999643895001
E109T:N112Y:D127W:T132N:K140Y:I142D,0.955104184,-0.36734307,-0.2029858789410031,-5.341742992401123,-5.782469654083252,-16.0584716796875,-15.16829833984375,-32.38932275772095,-0.9999999928618288
E109T:T121H:K140Q,1.342400835,-0.08521435,-0.0673457244112822,-1.4942080974578855,-1.9044815063476563,-9.1051025390625,-8.432568359375,-14.669425010681152,-0.9648538369141654
E109V:Y110G:T121S:S122D:I142S,1.229187751,-0.14482102,-0.1123967832517793,-0.5045214891433716,-0.5809379339218139,-13.45306396484375,-12.45667724609375,-25.2308349609375,-0.999999380511937
E109W:T121E:V135T:S136Q:S144T,1.170915044,-0.19927663,-0.1161772161191894,-4.130072355270386,-4.50251076221466,-12.460693359375,-10.737548828125,-26.882753133773804,-0.99999530829972
E109W:Y110G:L113Q:T131P:K140P:S144M,1.365363073,-0.22329214,-0.1415826654943284,-6.592987656593323,-6.769018816947937,-10.6846923828125,-9.4648193359375,-29.91449451446533,-0.9999999896192512
E111A:I128E:D134S:V135I,1.644569708,-0.13577846,-0.067523454007729,0.1021327972412109,-0.5045408725738525,-11.5521240234375,-7.85487060546875,-14.384064197540283,-0.9999184774249292
E111D:E114D,1.515916339,-0.024326473,-0.0102405480218528,0.9407556056976318,0.8716174125671386,-0.2655029296875,0.3117919921875,-6.560089111328125,-0.2656967823407011
E111D:E114D:E143D,1.438202119,-0.03502962,-0.0153805878662978,0.4657268524169922,0.365020227432251,-1.3095703125,-0.6117919921875,-10.408605813980104,-0.5147383557538682
E111D:E114H:K118C:I128S:V130A,1.541356783,-0.19167593,-0.1228630636086243,-3.410733461380005,-3.7676432609558095,-12.180419921875,-9.9714599609375,-22.07891321182251,-0.9999994385569544
E111D:E119D,1.357939206,-0.032471508,-0.0116211154706962,1.250659465789795,1.626127982139587,-0.29364013671875,0.96060791015625,-6.789086818695068,-0.24987779187818
E111H:L113D:E114M:S122Y:K140W,0.995190257,-0.2988785,-0.2133701093680494,-7.142449975013733,-7.62959611415863,-20.0859375,-19.51270751953125,-29.15208148956299,-0.9999999835085602
E111H:N116S:E119T:I128A:D139E:S144E,1.4102922080000002,-0.1709157,-0.0994890966449344,-1.9473111629486084,-1.7732320785522462,-9.0340576171875,-7.197924804687499,-23.54308605194092,-0.9999846017078832
E111H:N126G:V130P:K140T,1.505342963,-0.15198988,-0.0934006769037756,-2.6199049949646,-1.9340477466583248,-10.24981689453125,-9.100891113281248,-18.003817319869995,-0.9999924394592248
E111I:T131P:K140P:S144N,1.17947168,-0.16738689,-0.0785389421673432,-0.0516271591186523,-0.5228781700134277,-5.59375,-4.82021484375,-16.662055015563965,-0.9999133691203164
E111N:E114N:K118D:T121P:D134H,1.611216124,-0.16911817,-0.106434832264096,-1.4142663478851318,-2.443387675285339,-11.1131591796875,-9.02369384765625,-21.44584560394287,-0.9999854390035638
E111N:N112G:N116D:T132G:S144G,1.655939689,-0.12024984,-0.06211261138373,-2.6702756881713867,-3.1908947467803954,-4.313232421875,-5.04671630859375,-20.72519588470459,-0.9851868535386696
E111P:I128G:T131A:K140G:I142F,1.3866293319999998,-0.16763422,-0.0879450353439168,-2.0106122493743896,-2.0016167879104616,-12.87554931640625,-11.02884521484375,-20.338960886001587,-0.9999983528593608
E111P:L113N:D115Y:N126T:L137V,1.689621605,-0.19131899,-0.1110820838140848,-1.8595317602157595,-1.6368707418441772,-10.30621337890625,-8.935693359375,-18.834702253341675,-0.9998387022137544
E111P:S117G:T121W:S122A:I128D,1.052821635,-0.26157072,-0.1426228696341193,-4.494883179664612,-3.910018038749695,-14.37030029296875,-12.3094970703125,-23.93724894523621,-0.9999997789655122
E111Q:D115N:D125N:D127N:D139N,1.670923834,-0.17368424,-0.106041470456378,-2.6794087886810303,-2.9003206968307493,-13.08819580078125,-10.2854248046875,-21.759551286697388,-0.994930412690788
E111Q:D115N:D127N:D133N,1.48793971,-0.13356769,-0.0823142163694117,-2.0727007389068604,-2.286612343788147,-9.27850341796875,-7.563024902343749,-16.57534646987915,-0.9663501025550212
E111Q:D115N:D127N:D134N,1.5572807709999998,-0.14554882,-0.0908108096954237,-2.5368311405181885,-2.7237443208694456,-12.0445556640625,-9.38076171875,-16.916341066360474,-0.997077471561068
E111Q:D125N:D127N:D133N:D134N,1.43683227,-0.16263065,-0.1031791714162589,-1.6713078022003174,-2.881353211402893,-15.64508056640625,-12.146984863281247,-20.907737970352173,-0.999623639853626
E111Q:D127N,1.751783963,-0.064534396,-0.05061557538993,-1.3350508213043213,-1.4979397058486938,-7.3062744140625,-5.794799804687499,-9.25984811782837,-0.919967967994302
E111Q:D133N:E143Q,1.55282895,-0.0723789,-0.0626365688771964,-1.1191465854644775,-1.6268773555755616,-6.92999267578125,-5.7425048828125,-11.435937643051147,-0.5938924325430435
E111Q:E114Q:D115N:D125N:D133N:D134N:D139N:E143Q,1.432461225,-0.26172078,-0.1609596442497498,-3.599992036819458,-4.71347827911377,-18.78125,-15.401147460937498,-31.825388193130493,-0.9992868728945744
E111Q:E114Q:D115N:E119Q:D125N:D133N:D134N:D139N,1.345985755,-0.28908485,-0.1641103941350645,-4.151344299316406,-5.234970951080323,-17.84967041015625,-14.391845703125002,-33.32383584976196,-0.9994545465266352
E111Q:E114Q:E119Q:D125N:D127N:D133N:D134N:D139N,1.302180768,-0.28425997,-0.1651848626730705,-3.8537652492523193,-5.359558272361755,-20.49310302734375,-16.4715087890625,-33.978699684143066,-0.9999674046267172
E111R:S117R:E119I:I128P:K140P,0.896618302,-0.324723,-0.167471997678492,-6.88448691368103,-6.055530548095703,-14.84344482421875,-13.35850830078125,-29.05790090560913,-0.9999999225879166
E111T:N112D:N116R:N126D:S136Y,1.4975604669999998,-0.14744577,-0.0993954261426823,-4.409030914306641,-3.5191388845443727,-8.1329345703125,-6.83114013671875,-22.37559413909912,-0.9904243686734217
E111W:N112E:L113N:E114L:D115F:N116L:S117E:K118D:E119N:W120S:T121K:S122E:L123T:F124S,1.453323226,-0.33603728,-0.3169663724525968,-5.663799285888672,-5.56860785484314,-46.78607177734375,-45.95965576171875,-89.41564846038818,-1.0
E111W:N112T:L113S:E114L:D115F:N116E:S117N:K118L:W120D:T121N:L123K:F124E,1.3954267580000002,-0.3440153,-0.3292847765722309,-6.210924029350281,-6.483063220977783,-45.8280029296875,-45.34827880859375,-80.14292502403259,-1.0
E111W:S117F:K118M:V130H:I142W,0.900908659,-0.3467039,-0.2457542555187944,-6.548812627792358,-6.925480604171753,-20.30499267578125,-19.24366455078125,-31.3158540725708,-0.999999998821502
E111W:T121F:D127E:I128E:P129S,1.003455561,-0.2846893,-0.1456304258299043,-2.426840305328369,-2.272417187690735,-13.57550048828125,-11.173864746093752,-22.4540376663208,-0.9999999945725776
E114D:D125E:N126W:L137G:A138L,1.080303375,-0.20197302,-0.1120282373394406,-1.3766639232635498,-1.64373140335083,-9.0379638671875,-7.797900390625,-22.49116611480713,-0.9999771376720492
E114D:E143D,1.303794172,-0.02111131,-0.0093625974824844,0.121345043182373,0.0182246208190917,-1.03515625,-0.90926513671875,-7.202283382415772,-0.2853677892224444
E114G:K118G:V130A:A138Q,1.467450972,-0.11071429,-0.0556648770261065,-0.5565805435180664,-1.4285420417785644,-4.30145263671875,-3.8127075195312496,-15.047579288482666,-0.9997642487886542
E114I:S117Y:T132I:L137H:A138D,0.986982526,-0.24367979,-0.1479022477445229,-2.834651231765747,-3.7446361541748048,-8.87646484375,-9.14224853515625,-24.422878742218018,-0.9989332021639502
E114K:D115E:N116W:S117T:K118S:E119L:W120F:T121D:S122N:L123E:F124D:D125N:N126S,1.004036997,-0.23761019,-0.2547342429381672,-5.057589173316956,-4.142806339263916,-48.2198486328125,-45.6170654296875,-84.70790576934814,-1.0
E114K:K118D:D125M:T132E:I142M,1.19630131,-0.1716767,-0.0922643586834131,-2.7235107421875,-3.607488560676576,-7.71990966796875,-6.03565673828125,-23.8626036643982,-0.999929225911682
E114L:S136G:L137D:A138I:K140Y:I142P,1.141848715,-0.15792027,-0.1121903823363823,-1.1787900924682615,-1.760889673233032,-9.13580322265625,-9.27410888671875,-24.24803638458252,-0.999995934286484
E114L:V130P,1.223976675,-0.09177306,-0.0616486030117048,0.7825212478637695,0.5713552474975586,-6.3426513671875,-6.05433349609375,-7.522889137268066,-0.9986344882072254
E114M:K118P:V130M:D134E:L137H,1.203430419,-0.13292632,-0.0875184951727925,-2.3841757774353027,-3.5574687480926515,-10.354248046875,-8.773645019531251,-22.45993447303772,-0.9999900486180888
E114N:T131G:D133A:K140E,1.741726408,-0.113095105,-0.0542957672444951,-0.4448995590209961,-1.1859444618225097,-2.785400390625,-2.61328125,-15.36148762702942,-0.927851952026376
E114P:D133E:D134L:V135R:L137M,1.732270999,-0.1285879,-0.0874988922444951,-4.079342365264893,-4.7210482358932495,-12.8292236328125,-10.787890625,-21.96213459968567,-0.999990977591039
E114P:E119D:D127Q:V135A:D139H,1.000175623,-0.16502458,-0.0811427649229871,-2.565512418746948,-2.9285367012023924,-10.71368408203125,-8.1739013671875,-21.58035683631897,-0.9999906193169176
E114P:N126E:T131G:T132C:A138M:I142H,1.495177184,-0.16972151,-0.1249015509445897,-7.497732162475586,-7.278338766098022,-13.99029541015625,-13.6328369140625,-28.526930809021,-0.9999993552224457
E114Q:D115N,1.232197774,-0.069483936,-0.0323114904220418,-1.7226529121398926,-1.6447172164916992,-2.9813232421875,-2.73505859375,-8.607539176940918,-0.2087465963049233
E114Q:D115N:D125N:D133N:D134N,1.887242212,-0.17283791,-0.0869802563215914,-2.0589098930358887,-3.0281307220458986,-11.1949462890625,-9.26348876953125,-20.25542902946472,-0.9838599292435544
E114Q:D115N:D133N:E143Q,1.303575785,-0.11529088,-0.0632665233679938,-2.103142499923706,-2.491393136978149,-5.9287109375,-5.47296142578125,-15.625634908676147,-0.458014106699962
E114Q:D125N:D127N:D139N,1.3458549919999998,-0.1339106,-0.0721004934073343,-1.8754589557647705,-2.5785345792770387,-10.48382568359375,-8.80091552734375,-17.574963808059692,-0.9804480687063714
E114Q:D125N:E143Q,1.8013000330000002,-0.09132886,-0.0525653336820228,-1.5502650737762451,-2.2579586505889893,-6.88128662109375,-6.02022705078125,-13.36031985282898,-0.7044787354817111
E114Q:D127N:D134N,1.531047787,-0.107227445,-0.0574526532264791,-1.7328813076019287,-2.401958203315735,-9.58819580078125,-7.85511474609375,-12.731753587722778,-0.9886587371097092
E114Q:D133N:E143Q,1.579752036,-0.07551873,-0.0466121252745497,-1.209169626235962,-1.8982421875,-4.98980712890625,-4.91927490234375,-11.4384925365448,-0.359768558135472
E114Q:S117Y:K118A:I142P,0.986853322,-0.16661465,-0.1166556687541704,-0.8830130100250244,-1.6521826744079593,-10.575439453125,-10.65706787109375,-17.773499011993408,-0.9985837423038808
E114S:N116T:S122Q:I142N:E143A,1.69319445,-0.1439119,-0.0974356220286087,-0.7379754781723022,-1.084510850906372,-12.06005859375,-13.021240234375,-22.101162672042847,-0.9998500436855652
E114S:S117C:K118D:I128D:A138T:E143T,1.384069002,-0.19095594,-0.0888840210395351,-2.037358045578003,-1.9228259801864624,-5.93988037109375,-5.30281982421875,-24.65316390991211,-0.9998973193703082
E114V:N126P:S136E:L137V,1.313345116,-0.15081716,-0.0868184371350924,-0.9107341766357422,-1.6028233289718627,-3.39288330078125,-3.22587890625,-16.528215408325195,-0.998159900404336
E114W:D134E:V135W:K140H:A141F,0.8984337840000001,-0.24729475,-0.156812783237878,-5.061521768569946,-5.201324224472046,-17.66619873046875,-16.16827392578125,-25.954994916915894,-0.9999999956300848
E114W:S122V:I128E:T131Y:S136W,0.942367761,-0.31122047,-0.2129240205703682,-8.623498916625977,-9.344446229934691,-20.90692138671875,-19.66466064453125,-32.560298442840576,-0.9999999721519636
E114Y:P129D:T132G:S136Y,1.235962554,-0.176375,-0.1170934493855649,-4.262032270431519,-4.700015687942505,-10.46429443359375,-10.3477294921875,-20.388494968414307,-0.9985316201108208
E119A:P129T:L137V:I142Q,1.7069870930000002,-0.12859106,-0.0630423114817337,-1.3924899101257324,-1.371359658241272,-2.9974365234375,-2.88297119140625,-16.363460302352905,-0.96310813443507
E119G:N126G:T132L:V135C:L137T:A141P,1.660631469,-0.19197786,-0.1126129584804549,-4.495169162750244,-3.620762419700623,-10.80450439453125,-9.581982421875,-25.81603145599365,-0.999995017745376
E119H:S136D:I142M,1.148845809,-0.10334021,-0.0528688804110598,-4.664001703262329,-4.933805084228515,-4.5079345703125,-4.27996826171875,-16.194960117340088,-0.8957574754657944
E119P:D125P:T131K:V135E:D139C,1.281957017,-0.20429313,-0.1127546317212523,-6.406951665878296,-6.14399025440216,-12.72601318359375,-8.90396728515625,-24.690934658050537,-0.9999998594081057
E119Q:D125N,1.506822593,-0.08460143,-0.0383008637886455,-1.272937297821045,-1.7278850555419922,-3.83917236328125,-2.8962524414062503,-10.43837070465088,-0.5229363985260974
E119Q:D125N:D127N:D134N,1.569426503,-0.16811848,-0.0825088338071341,-2.177138566970825,-3.078276991844177,-11.10174560546875,-8.60137939453125,-18.749727487564087,-0.9981674957506512
E119Q:D125N:D133N,1.183802665,-0.1051079,-0.0498303722232261,-1.1166143417358398,-1.923406744003296,-5.16778564453125,-4.15401611328125,-13.566726684570312,-0.6455157053802897
E119Q:E143Q,1.3619296319999998,-0.05579272,-0.0331054361689557,-1.6249773502349854,-1.8238011360168456,-2.72698974609375,-2.1886840820312496,-9.277927160263062,-0.2307165064140649
E119Q:N126L:I128V:T131E:L137G,1.333602892,-0.15993139,-0.0945943920637789,-1.4952915906906128,-2.1651124238967894,-9.94012451171875,-7.724645996093749,-21.38452959060669,-0.9993557133653412
F108A:E109D:Y110L:S117Q,1.498683493,-0.15260524,-0.0890988930264401,1.809592366218567,1.2060471773147583,-8.92999267578125,-8.247583007812501,-15.427581310272217,-0.9999742545802838
F108A:E109Q:S117T:T121D:T131L,1.596248841,-0.15291828,-0.1191439374061666,-0.7991065979003906,-0.9974947452545166,-16.1876220703125,-14.7390625,-24.76258397102356,-0.9999733430795748
F108A:K118N:T121A:V130P:D139P:S144G,1.548771928,-0.18110201,-0.1107714778587911,-0.2176374197006225,-0.4516497373580933,-12.3131103515625,-11.0966796875,-25.299697399139404,-0.9999999888244914
F108A:L113V:D125M:T132D:D134A:L137E,1.233037696,-0.21912518,-0.142197089687361,-4.078464388847351,-4.983627605438232,-18.0439453125,-15.83251953125,-28.6170620918274,-0.9999999921702126
F108A:N116T:K118M:I128N:D139H,1.61906275,-0.20459586,-0.145497223660615,-1.6465108394622805,-2.6502304792404177,-18.4443359375,-17.263098144531252,-22.560439586639404,-0.999996150405852
F108A:N126V:L137P,1.414840926,-0.14022669,-0.0847404724338302,-1.4652159214019775,-1.856496548652649,-8.10650634765625,-7.6481689453125,-12.799660444259644,-0.9999412103117604
F108A:P129C:V130D:I142Q:E143M:S144Y,1.305457407,-0.23873818,-0.1758811109006618,-9.650387287139893,-9.911246180534365,-22.566162109375,-21.9736572265625,-33.40108108520508,-0.9999999997722038
F108A:T121L:A141P,0.9816494,-0.10229421,-0.091167083414424,1.7333588600158691,0.9813141584396362,-13.78021240234375,-13.1924560546875,-12.281512260437012,-0.9999800974726728
F108C:E109Y:Y110Q:N126M:T131G:K140M,0.974294849,-0.24073309,-0.1905424722148855,-7.321572542190552,-7.924542379379273,-20.99151611328125,-19.853161621093754,-32.63254427909851,-0.9999999996648984
F108C:Y110G:D127G:A141D,0.886808174,-0.21187216,-0.1196891811818838,-4.862570762634277,-5.058790183067321,-12.2388916015625,-11.3582763671875,-21.00371265411377,-0.999999913018486
F108C:Y110H:T121M,1.685385781,-0.13954446,-0.103369390413006,-3.558366060256958,-4.003778648376465,-11.45428466796875,-11.261767578125,-16.353193521499634,-0.999864500798622
F108C:Y110N:S117D:D133G:S144F,1.317072742,-0.2150056,-0.1226973889985543,-4.914149761199951,-4.9922600269317625,-11.101806640625,-10.68477783203125,-23.3953025341034,-0.9999824159593674
F108C:Y110T:N116T:E119D:S136N,1.424278212,-0.14888701,-0.0938453538562056,-1.5688233375549316,-1.2728878259658811,-8.79498291015625,-8.5331298828125,-20.917762756347656,-0.9999456040259322
F108D:D127F:I128M:T132A:V135C,1.556659894,-0.25520104,-0.1923042378815892,-5.5336754322052,-5.591566991806031,-25.300048828125,-22.1690185546875,-26.310790061950684,-0.9999999982729192
F108D:E109V:N112A:I128S,1.6139607319999998,-0.17183432,-0.1195668936624221,-2.0623061656951904,-2.465774750709534,-14.33148193359375,-12.38682861328125,-18.81966590881348,-0.9999996832028808
F108D:E111V:N116P:S117F:D127E:V130Q,0.97155893,-0.21792018,-0.1488087609993605,-1.3852291107177734,-2.1654049873352053,-20.873046875,-19.42711181640625,-28.310158491134644,-0.9999999999604996
F108D:E114F:D115V:T121Q:V135S,1.299471705,-0.22387055,-0.1381477002995719,0.5425171852111816,-0.2065104961395263,-15.56854248046875,-13.7701416015625,-22.23088026046753,-0.9999999121634164
F108D:K118Q:D133W:V135I:S136G:S144C,1.075363898,-0.25878423,-0.1719159978140292,-7.746227264404297,-8.91097958087921,-17.79119873046875,-16.89888916015625,-33.508737564086914,-0.9999971851934408
F108D:N112V:E114W:V130G,1.196348079,-0.21113646,-0.1523037296172987,-3.939070463180542,-4.534663128852844,-17.5882568359375,-16.737585449218752,-22.044334411621094,-0.9999999820942116
F108D:S117A:N126T:A141M:S144W,1.152468942,-0.23234516,-0.1669375056473809,-6.950464963912964,-6.761283326148987,-17.2098388671875,-16.86727294921875,-26.464134693145752,-0.9999963875800412
F108D:Y110F:E119Y:N126C:T131S:I142Q,1.353408536,-0.28384364,-0.1799451074566281,-2.690380334854126,-1.9411784410476685,-14.9560546875,-14.90220947265625,-27.529725074768063,-0.9999999469334048
F108E:D115V:I128E:P129G:S136I:D139I,1.897006605,-0.26370442,-0.147037546829821,-4.256466388702393,-3.789042210578919,-15.3580322265625,-13.934228515625,-27.400740146636963,-0.9999999793335026
F108E:E109I:T121K:T131A:T132D,1.4362790559999998,-0.17092347,-0.1244628471836077,-3.802517890930176,-4.206565546989441,-15.6121826171875,-15.00616455078125,-26.60016393661499,-0.9999995585268368
F108E:E109K:K118A,1.694043045,-0.11545369,-0.1124049285128447,-0.3860487937927246,-0.8077291250228882,-11.08807373046875,-11.119348144531251,-14.215181350708008,-0.9999688943895306
F108E:T121A:S122A:N126M:A138Y,1.597683069,-0.22376487,-0.1519164496045095,-1.9455121755599976,-2.4154011487960814,-15.32281494140625,-15.5275146484375,-26.834513664245605,-0.9999998626281604
F108G:L113Q:N126V:P129M:S144F,1.4040010719999998,-0.29123187,-0.1634201104106428,-6.611513733863831,-6.7147682189941404,-18.67279052734375,-17.97921142578125,-26.14954423904419,-0.9999996409912244
F108G:L113V:S122E:N126A:T131C:S144R,1.343831801,-0.26255107,-0.1652280868584575,-8.086326599121094,-8.321395063400269,-20.06561279296875,-19.01571044921875,-35.13717842102051,-0.999999998776266
F108G:N112A:I128Y:T132L,1.1159073,-0.18316448,-0.1217607382777746,-3.489619016647339,-3.2777610778808595,-15.36126708984375,-13.822961425781251,-19.89576482772827,-0.9999942256036308
F108H:E111F:T121W:N126D:S136G:I142F,0.867419568,-0.2880445,-0.1852339883716082,-5.965562343597412,-5.52841022014618,-19.71856689453125,-18.10072021484375,-29.095941066741943,-0.999999994510952
F108H:E111W:T121I:I128N:K140L,1.630782224,-0.27679515,-0.1708441900613044,-4.237219333648682,-3.932122898101807,-20.70245361328125,-18.81630859375,-25.93160915374756,-0.9999999966737878
F108H:E114K:V130P:S136T:E143L:S144I,1.6457908630000002,-0.19202954,-0.1132367225728425,-5.093731880187988,-4.921666479110717,-16.75830078125,-15.092919921875,-27.760119438171387,-0.9999997636607808
F108H:P129A:K140A:A141Y,1.5143319569999998,-0.13435441,-0.1032718644871831,-3.4597256183624268,-3.4742444515228272,-13.57666015625,-13.40517578125,-20.09317779541016,-0.999983753036903
F108I:E111A:T131D,1.257251272,-0.1182293,-0.0599737201296987,-1.336219072341919,-1.641475796699524,-6.77294921875,-5.889514160156249,-13.44628405570984,-0.9989646987871944
F108I:N116D:D125N:P129L:D134S:L137D,1.356912495,-0.1922318,-0.0980995151071786,-1.022740602493286,-1.826824927330017,-11.71356201171875,-10.8967529296875,-24.634018421173096,-0.9999888777275626
F108I:N116R:I128M:D134C:A138R:K140G,1.776408985,-0.2042363,-0.1667261089718639,-9.539510250091553,-9.409812951087952,-24.04327392578125,-21.881323242187506,-33.877676486968994,-0.9999999856545456
F108I:Y110K:K118Q:P129M:S144F,0.875933774,-0.20728138,-0.1200973130630004,-2.8115174770355225,-3.6913044691085815,-11.469482421875,-11.52515869140625,-23.208196878433228,-0.999989995553249
F108K:E111H:K118E:D125L:P129Q,1.439450354,-0.2325756,-0.1637180097586744,-3.693516969680786,-4.489348030090332,-16.66668701171875,-15.12843017578125,-26.756446838378903,-0.999999974251906
F108K:K118Y:P129A:D134E:S136G,1.500411427,-0.17122528,-0.1190717703931273,-3.012492656707764,-3.982432103157044,-15.50042724609375,-14.03321533203125,-24.640365600585938,-0.999999610165756
F108K:N112I:T121G:I128L:T132H,1.233456231,-0.1693004,-0.1215619396060387,-3.5183048248291016,-4.251802396774292,-19.28790283203125,-17.58480224609375,-26.80733251571656,-0.9999986454727268
F108K:N116A:D127S:E143H,1.480021655,-0.19386679,-0.1317006718645741,-1.9363112449646,-2.137063837051392,-13.6837158203125,-13.19564208984375,-19.01818990707397,-0.9999969353406318
F108K:Y110S:K140C,0.0,-0.1571823,-0.1072507702158863,-2.186068296432495,-1.510962176322937,-9.14154052734375,-8.99522705078125,-14.580992937088013,-0.9999926013187924
F108L,1.6273571919999998,-0.033011347,-0.0193555295679492,0.0144109725952148,0.0826883792877197,-4.23553466796875,-3.95638427734375,-3.8931055068969727,-0.98407765022609
F108L:D134S:K140Y:I142P,1.34490854,-0.12585115,-0.0863176121830516,-0.4729452133178711,-0.412111234664917,-12.74462890625,-11.631396484375,-14.982361555099487,-0.9999997629939308
F108L:D139P:I142D:S144V,1.45834377,-0.10564929,-0.0529834027816392,0.0002940893173217,0.2879506587982177,-7.44891357421875,-6.7934326171875,-13.66179084777832,-0.9999979178761906
F108L:E111K:D125Q:S136V:L137T,1.447947585,-0.15965432,-0.0958995886968973,-2.298070907592773,-2.529268217086792,-13.1942138671875,-11.3404052734375,-21.367231369018555,-0.999993753146814
F108L:E111Q:K118F:I142Q,0.939822119,-0.14183733,-0.106539743226618,0.233464241027832,-0.1298357009887695,-12.00750732421875,-10.696875,-17.015729427337646,-0.9999988252522752
F108L:K118G:D127Q:I128T:I142V,1.367770261,-0.16861603,-0.088180596293928,-0.585521936416626,-0.9937280654907228,-12.8984375,-10.66796875,-19.125528573989868,-0.9999999521946256
F108L:Y110D:S122V:D133R:S144D,1.157454889,-0.2592259,-0.1375873063382729,-4.249732255935669,-4.745787715911865,-11.45697021484375,-11.74610595703125,-25.92259001731873,-0.9999998605221436
F108L:Y110N:N116T,1.10659315,-0.09874162,-0.054757006227758,1.9877936840057373,1.984611177444458,-4.520751953125,-4.30543212890625,-8.991878271102905,-0.999185121832274
F108M:D115K:K140D,1.854941825,-0.13158375,-0.0959801724797042,-3.2529971599578857,-2.638690638542175,-9.50189208984375,-9.482177734374998,-14.998618602752686,-0.9970610853640328
F108M:D127A:I128Y:K140P,1.5791422080000002,-0.18464452,-0.1250652163902635,-3.238312005996704,-3.01401424407959,-15.9107666015625,-14.205163574218748,-18.94724035263061,-0.9999999264379266
F108M:E111K:N112C:S122N:S136P,1.602641463,-0.17000276,-0.160467779084881,-6.883173108100891,-6.700187230110169,-23.55499267578125,-22.17969970703125,-27.60214710235596,-0.9999986308008992
F108M:I128C:S136A:A138W,1.467148884,-0.1882433,-0.1426405720015013,-6.801169395446777,-6.618095803260803,-16.8157958984375,-15.70654296875,-20.712660789489743,-0.9999989468580696
F108M:L113A:N116D:K118R:D125E:D127T,1.653896335,-0.22551972,-0.1497446514957741,-3.094061493873596,-3.762859463691712,-16.7279052734375,-16.22884521484375,-26.311752319335938,-0.9999990599576613
F108M:L113V:P129V:I142S,1.3431066980000002,-0.1408217,-0.093496139363462,-2.17169988155365,-2.2621009826660154,-13.84808349609375,-13.527368164062498,-16.175113677978516,-0.9997056453333504
F108M:N112K:L113G:D115F:P129E:I142V,1.7898962180000002,-0.20726123,-0.1406757721273076,-3.064765334129333,-3.0859660863876344,-17.24560546875,-16.8363525390625,-24.63535594940185,-0.9999987656154872
F108M:N126V:V130T:L137G:D139E:A141F,1.103805751,-0.1482963,-0.1042422365887734,-3.411449670791626,-3.0530368089675903,-16.4716796875,-15.30689697265625,-24.21659541130066,-0.9999999794555564
F108M:S117E:I128V:D133G,1.284460574,-0.128557,-0.1056453935616381,-2.005776643753052,-2.508547234535217,-14.9364013671875,-14.064599609375,-16.97080421447754,-0.9995772024661234
F108M:S117L:A138P:E143D,0.999101859,-0.12474024,-0.086360130445813,-1.15570867061615,-1.2748493909835816,-12.3515625,-12.3344482421875,-18.699786901474,-0.999649250201516
F108M:Y110A:D125E:T131F:I142S,1.6241338090000002,-0.19635123,-0.147635952009425,-0.4346511363983154,-0.9212703943252564,-14.96533203125,-13.9473876953125,-19.47048091888428,-0.9999993559382124
F108M:Y110C:N116G:V135G,1.292988038,-0.15599915,-0.0984616534141459,-4.408339262008667,-4.639418625831604,-11.9937744140625,-11.302575683593748,-19.49060773849488,-0.9999475478538286
F108M:Y110P:N112E:E119S,1.329723754,-0.13524592,-0.077991580623749,-1.3430120944976809,-0.7651859045028686,-5.7802734375,-5.63076171875,-16.683117151260376,-0.999990425433048
F108N:K118V:D125S:V135S:A141W:S144F,1.144565603,-0.24467981,-0.1766823873825346,-4.39532208442688,-4.654493165016175,-20.27020263671875,-18.66348876953125,-29.208192825317383,-0.999999997680244
F108N:L113G:S117A:D134M:K140G,1.476201116,-0.20614818,-0.1465230921409309,-5.0842262506484985,-5.422772359848023,-19.40570068359375,-18.16400146484375,-25.41987991333008,-0.999999952564702
F108P:E109L:K118F:S144P,0.970443143,-0.17857495,-0.1421767265346976,0.2733049392700195,0.1584783792495727,-16.02911376953125,-15.133630371093751,-19.79320764541626,-0.9999999796265984
F108P:E111V:I128D:T131L,1.730677443,-0.18731901,-0.1233826769628558,-1.5398187637329102,-1.2852535486221313,-14.49212646484375,-12.090710449218747,-18.615297079086304,-0.9999999767430782
F108P:E114C:K118M:I128H,1.688925239,-0.20305815,-0.1516618287436054,-4.384427309036255,-5.29943687915802,-18.9010009765625,-17.736474609375,-22.69013023376465,-0.9999999942458422
F108P:E114Q:K118Y:S122M:I142C,1.060094026,-0.2503636,-0.1782620250118161,-6.3132946491241455,-6.617443776130676,-21.49444580078125,-21.34420166015625,-31.65967464447021,-0.999999999005603
F108P:L113D:S122V:D127V:T132H:S144G,1.4545458080000002,-0.29095924,-0.1964805847385176,-8.304781794548035,-8.429819798469543,-23.92425537109375,-22.85050048828125,-35.448585987091064,-0.9999999999543292
F108P:N112A:V130L:A138Q:S144C,1.796269837,-0.16469887,-0.1192127920130394,-4.240601778030396,-3.791796922683716,-15.1075439453125,-14.4490966796875,-24.45744824409485,-0.9999998880710862
F108P:N112E:E119S:T121Q:N126A,1.244210177,-0.19512755,-0.1099343622282307,-1.5005638599395752,-0.6195485830307007,-11.9600830078125,-10.63555908203125,-24.041799068450928,-0.9999998565219672
F108P:N112G:T121H:S122A:V135I,1.163610723,-0.15019485,-0.1153107232470529,-3.095096707344055,-3.5709662675857543,-18.3385009765625,-17.1620849609375,-25.786098957061768,-0.999999068966538
F108P:S117I:T131G,1.160226647,-0.1662328,-0.1178243508118328,-1.533282995223999,-1.782455611228943,-12.354248046875,-12.1760986328125,-17.137696266174316,-0.999982402926068
F108P:S117P:S122K:N126F:T131G:K140P,1.561902497,-0.28115982,-0.17205935440878,-2.048309445381165,-2.287792682647705,-17.4676513671875,-17.41534423828125,-31.447380542755127,-0.9999999999991074
F108P:Y110P:K118R:D134Y:A138W:D139L,1.050826453,-0.34780473,-0.21533078230997,-5.119304418563843,-4.348068118095398,-18.9176025390625,-17.4156494140625,-27.626700401306152,-0.999999999977388
F108Q:P129I:D139H:K140P:S144H,1.516223121,-0.21154201,-0.1412369263129727,-5.403687238693237,-5.554326176643372,-15.72760009765625,-15.1916259765625,-25.305495738983154,-0.9999998520725584
F108Q:Y110G:N116E:S117F:D139P,0.923875187,-0.21847707,-0.1434016651954515,0.8959184885025024,0.8660171270370484,-12.35675048828125,-12.4291748046875,-20.10664439201355,-0.9999999038972076
F108Q:Y110Q:D115N:P129H:T131F:K140M,1.062807134,-0.2693479,-0.2141586249409197,-4.154499530792236,-4.6159744501113895,-16.51251220703125,-16.19305419921875,-28.623979330062863,-0.9999999266268238
F108Q:Y110V:D115W:S117M:S122A:I128D,1.319731561,-0.2749887,-0.1820530467186111,-3.961121439933777,-4.277630162239075,-17.51763916015625,-16.597082519531252,-34.1697039604187,-0.9999999995021124
F108R:K118P:D133E:A141F:S144A,1.664302119,-0.17608765,-0.103013388202708,-2.88175106048584,-2.848534369468689,-10.862548828125,-10.54217529296875,-23.3267605304718,-0.999995747789697
F108S:D115I:K118Q:I128W:P129Q,0.932549049,-0.19949034,-0.1199614501084297,-3.0580363273620605,-3.611111640930176,-16.5032958984375,-14.969470214843753,-26.212199687957764,-0.9999998643421224
F108S:D115P:K118F:I128R:K140W,1.163985028,-0.25448477,-0.1739899441864991,-3.952361822128296,-3.669130873680115,-17.446044921875,-17.0653076171875,-27.11511945724488,-0.9999999990753792
F108S:E114D:K118E:V130C:D139C:A141K,1.027013651,-0.19918126,-0.1351865720918594,-3.9024817943573,-4.253594708442688,-15.44403076171875,-14.6864990234375,-28.558002710342407,-0.9999999988934576
F108S:E114K:N116K:T121G:S136M:D139Q,1.378201211,-0.26535732,-0.1459574309108096,-4.932032823562622,-5.371613240242004,-16.50677490234375,-15.02344970703125,-30.40804386138916,-0.999997537066525
F108S:K118F:T131A:T132H:D139Q:I142F,1.166090047,-0.18284303,-0.1126342990644462,-1.574019193649292,-2.0745227098464967,-14.68218994140625,-13.93109130859375,-26.78757333755493,-0.9999996010486276
F108S:N112P:D133C:S136G:K140W,1.303765179,-0.22949171,-0.1468304399917982,-5.6160149574279785,-6.011588454246521,-14.149169921875,-14.113073730468752,-26.94757318496704,-0.999999785776404
F108S:P129F:T132R:K140A:I142H,1.627775234,-0.2020342,-0.1239096753537867,-3.9596431255340576,-4.434667706489563,-13.512451171875,-13.5494873046875,-25.20081782341004,-0.9999998388675372
F108S:Y110E:N112C:I128W:P129T:E143G,1.4374308409999998,-0.24457797,-0.1510714602215859,-6.092082977294922,-5.773301577568054,-17.30084228515625,-15.5581298828125,-29.93899703025818,-0.9999999982680612
F108S:Y110H:N126C:S136Q:A141V,1.112704956,-0.21237132,-0.1253312406166593,-3.910010576248169,-3.7855964422225954,-13.400390625,-12.81072998046875,-22.93615174293518,-0.9999997099911528
F108S:Y110S:T131F:D139V:I142D,1.3993127580000002,-0.19988325,-0.1133762237440225,-0.4005410671234131,-0.4185570001602173,-10.1951904296875,-9.136279296875,-18.88762259483337,-0.9999998806696532
F108T:D127A:P129G:K140P:I142G,1.969622336,-0.18978563,-0.1159616382096586,-2.8999228477478027,-2.9195889949798586,-12.76104736328125,-12.31058349609375,-24.02494001388549,-0.9999999979529806
F108T:E109P:K140G:A141V:I142A:S144Y,1.735843927,-0.14831212,-0.1209806937764124,-3.7154622077941895,-3.3321481466293337,-16.39935302734375,-15.889599609375,-28.300850868225098,-0.9999999132269556
F108T:E114N:S117C:N126H,1.559474644,-0.17421803,-0.1141341674370274,-5.402618408203125,-5.692014765739441,-13.11505126953125,-13.0197265625,-21.715975522994995,-0.9998597201748904
F108T:L113S:K118W:I128F:D133V:S136W,1.169549667,-0.3233372,-0.2239867512441614,-5.001106142997742,-5.425568556785583,-21.54229736328125,-20.03818359375,-31.928173542022705,-0.9999999718277716
F108T:N126V:I128Q:D133M:A138Y:S144A,1.127002732,-0.21699119,-0.1636581149389735,-4.282156944274902,-4.931034350395203,-17.9029541015625,-16.09537353515625,-28.048139333724976,-0.999999997333906
F108V:D115N:S117E:N126P:T131P,1.6155299090000002,-0.19478011,-0.1132159793079961,-2.703449010848999,-2.668320107460022,-8.68829345703125,-7.943225097656249,-23.39840173721313,-0.9999976248801962
F108V:E111L:L113D:S122G:T132V,1.58991825,-0.17666501,-0.1079735263810888,-3.320393681526184,-2.64064781665802,-16.22625732421875,-14.6587158203125,-25.59831285476685,-0.9999992099759784
F108V:E119D:T121S:I128V:L137A,1.3552823580000002,-0.10352206,-0.0526764350429549,1.072807788848877,1.160361409187317,-8.30487060546875,-6.2424072265625,-20.20483946800232,-0.9982018510426364
F108V:S117Y:T132A:A138P:I142V,0.933886394,-0.14968985,-0.0949417602973476,-1.9090325832366943,-2.063509511947632,-10.13970947265625,-10.059326171875,-22.70142269134521,-0.9992889839044624
F108V:V130Q:S136G:K140I:S144R,1.658075818,-0.15414104,-0.0818911515096753,-4.30158257484436,-4.577768397331238,-11.57086181640625,-11.201904296875,-23.97256898880005,-0.9999971954496716
F108W:D115G:N126T:I128V:S136H,1.493594052,-0.16555476,-0.1371238952853926,-5.780741930007935,-5.504757237434387,-16.81103515625,-15.318359375,-23.296427249908447,-0.9996864097395703
F108W:E109D:Y110Q:N126M,1.553638075,-0.17328635,-0.11602783203125,-0.4528406858444214,-0.7432595014572143,-12.87579345703125,-11.281298828125,-16.662143230438232,-0.9999966282320248
F108W:E109F:Y110E:E111L:N112F:L113Y:D115N:N116L:S117E:K118D:E119N:W120S:T121K:S122E:L123T:F124S,1.344809092,-0.35531342,-0.3421037341352035,-9.272766590118408,-8.458392691612243,-54.94805908203125,-52.71384277343751,-100.09816551208496,-1.0
F108W:E111T:K118Q,1.129237831,-0.10851839,-0.0719059302713522,-1.813854455947876,-1.7323045015335083,-10.5008544921875,-9.75533447265625,-13.67714548110962,-0.9977619084144164
F108W:L113D:E119L:T121A:D133E,1.290933242,-0.19034633,-0.1484492834776746,-2.2377864122390747,-0.5612730503082275,-16.904052734375,-16.22852783203125,-24.63379192352295,-0.9999790357120576
F108W:N116H:T121L:T132S,1.241918157,-0.13854316,-0.1239489898138623,-1.8360474109649656,-1.9648451566696168,-15.4083251953125,-15.3844970703125,-19.12064409255981,-0.9960205782829666
F108W:S117I:T131W,0.987032123,-0.2266514,-0.1587820901565281,-5.472689151763916,-4.953298497200012,-14.8935546875,-14.855700683593753,-19.883590698242188,-0.9997350061438112
F108W:Y110C:N112V:I128N,0.0,-0.20182562,-0.133135486752113,-5.397717714309692,-4.931287693977356,-14.94976806640625,-13.628552246093747,-20.31577587127685,-0.9999689784211958
F108W:Y110D:D115Q:K118N:D125G:S144F,1.051385842,-0.24351943,-0.1423325182280082,-2.8721938133239746,-2.5437893629074098,-9.2718505859375,-8.6538818359375,-26.778505325317383,-0.9999974515742848
F108W:Y110E:T131P:D134C,1.569770872,-0.22754568,-0.1361395676365102,-4.9032628536224365,-4.213395571708679,-13.364501953125,-11.43525390625,-19.60136270523072,-0.999999918368634
F108W:Y110G:N112S:L113C:S144G,1.3928709190000002,-0.18245587,-0.1236662949531528,-7.137637615203857,-6.493591666221619,-10.9267578125,-10.403161621093751,-24.187928676605225,-0.9999777122904492
F108W:Y110Q:K118T:E119G:A141C,1.310875366,-0.21282077,-0.1726328350895239,-4.749006748199463,-4.2484803915023805,-14.0048828125,-13.624475097656251,-23.26850771903992,-0.9999973756586492
F108W:Y110Q:V130A:S136V:S144A,1.462403087,-0.16546094,-0.1113682539861821,-2.229175329208374,-2.010581135749817,-10.69384765625,-10.0139892578125,-20.318869829177856,-0.9999973980086594
F108Y,0.0,-0.035052985,-0.0226523511350367,-1.8635196685791016,-1.8928237915039063,-4.1767578125,-3.715307617187501,-5.739512920379639,-0.7153307179505968
F108Y:D125C:V135T:K140P,1.452696436,-0.19538483,-0.114312494352619,-4.702438592910767,-4.545768976211548,-11.92327880859375,-10.42608642578125,-20.096973419189453,-0.999998745197132
F108Y:N112Q:D134G:K140N,1.6068863290000002,-0.11484042,-0.0833823859055271,-3.4670913219451904,-3.8805810451507567,-10.4306640625,-9.271130371093747,-18.529052734375,-0.9998942558693728
F124A,1.175348461142857,-0.10351598,-0.066150651707768,-2.6060965061187744,-2.627305698394776,-8.6131591796875,-8.399559326171875,-12.524452209472656,-0.9981801547872085
F124I,1.527067935,-0.080728084,-0.0569933148041315,-0.9477479457855223,-1.3774510383605958,-8.80084228515625,-8.37298583984375,-9.8855562210083,-0.9944436396901708
F124W,1.162099572,-0.09912506,-0.0643750933989936,-2.6402804851531982,-2.6724979639053346,-8.55865478515625,-8.351428222656251,-8.576814651489258,-0.9505942452475132
I128A,1.5927216240000002,-0.05285269,-0.0240807041154638,0.1851806640625,-0.1043210506439208,-3.59112548828125,-2.633642578125,-3.3003292083740234,-0.9439145282480784
I128A:T132V:A138P,1.5882483180000002,-0.07793486,-0.0381554980294984,-0.0966010093688964,-0.1624989986419677,-5.87347412109375,-4.886474609375,-10.522650718688965,-0.9988532640452572
I128G:T131P:L137G:K140T:E143I,1.541667542,-0.1370379,-0.0873289820986711,-2.255716562271118,-2.5805851459503173,-8.921630859375,-7.683520507812501,-20.604453802108765,-0.999982842564714
I128N:P129A:D134W:V135Y:S136V:K140P,1.071946895,-0.19064552,-0.1303725598969918,-5.2302446365356445,-5.49888596534729,-16.9527587890625,-14.346630859375,-26.919527769088745,-0.9999999981365983
I142A,1.317032637,-0.01548937,-0.0080803161838302,-0.0726208686828613,-0.1223932743072509,-0.67401123046875,-0.82593994140625,-3.497483253479004,-0.3633382826329967
I142S:E143M,0.0,-0.04415205,-0.0421748585548265,-1.44232177734375,-1.3907388210296632,-6.0697021484375,-6.0806884765625,-8.03618860244751,-0.8583678586452137
I142W,1.09132708,-0.053454876,-0.0427998172855038,-3.198150396347046,-3.095263195037842,-4.51458740234375,-4.51116943359375,-6.311638355255127,-0.8297378561166009
K118A:D134R:A138M:K140Q,1.582783558,-0.12138137,-0.1190913733214246,-2.1078782081604004,-3.0836864471435548,-14.16571044921875,-13.19454345703125,-18.233720779418945,-0.9996145506705284
K118A:D134R:L137P:K140P,1.5902275469999998,-0.121109545,-0.0900060579021631,-1.142416000366211,-2.3301379680633545,-6.89617919921875,-5.9667602539062505,-16.10787606239319,-0.9999807186209654
K118A:P129S:T131P:D134P:A141P:I142G,1.059844518,-0.14646968,-0.0954834201581962,0.2238595485687255,-0.754787015914917,-13.03704833984375,-11.66954345703125,-21.890739679336548,-0.9999999955277404
K118A:T131A:V135F:A138N:K140Q:S144H,1.224551074,-0.14029583,-0.1286671594368605,-0.8057773113250732,-1.970318603515625,-14.28717041015625,-13.37740478515625,-24.15731120109558,-0.999583249890328
K118C:I128W:V130P:S144K,1.167289095,-0.18255171,-0.1202841653518405,-4.733651399612427,-4.740636062622071,-13.72137451171875,-12.254138183593753,-21.356202602386475,-0.9999999300588602
K118C:P129N:V135H:A138H:E143V,1.38892793,-0.19059375,-0.1210148495711466,-5.1263298988342285,-5.873607397079468,-15.4508056640625,-14.803356933593747,-24.28337478637696,-0.9999996059265402
K118C:T121E:D127T:V130Q:D139H,1.406429877,-0.2030868,-0.1175944915445674,-3.856502771377564,-4.3796518564224245,-13.89471435546875,-12.30877685546875,-26.117372035980225,-0.9999999549476573
K118D,1.6621124369999998,-0.054228365,-0.0200960967040148,1.9143762588500977,1.407060933113098,1.3634033203125,1.5177490234375002,-3.002914905548096,-0.3625483499144185
K118D:D125C:N126L:I128T:I142H,1.331888882,-0.20823804,-0.1363168085172932,-1.938541293144226,-2.773029613494873,-14.17919921875,-12.23607177734375,-23.24331045150757,-0.9999999662243996
K118D:E119I:W120P:T121V:S122T:L123T:F124D:N126V:D127K:I128E:P129W:V130T:T131S:T132L:D133F:V135N,1.226797549,-0.23114204,-0.2772645237607041,-13.28296434879303,-12.670862865447996,-58.15155029296875,-53.582177734375,-97.6339418888092,-1.0
K118D:E119I:W120P:T121V:S122T:L123T:F124D:N126V:D127S:I128K:P129E:V130W:T132S:D133L:D134F:V135D:S136N,1.7413404259999998,-0.2491684,-0.2842972507680439,-13.568127512931824,-13.129868650436402,-60.6510009765625,-55.66630859375,-99.99851489067078,-1.0
K118D:E119K:W120E:T121W:S122T:L123S:F124L:D125F:N126D:D127N,1.322180468,-0.17744869,-0.2317666158981595,-8.408338904380798,-8.202692151069641,-41.96905517578125,-39.60343017578125,-68.42683458328247,-1.0
K118E:E119G:I128Q:D133S:S136W,1.346300884,-0.1973812,-0.1057712649959686,-2.8211991786956787,-4.025046825408936,-6.3292236328125,-5.8320556640625005,-22.210167407989506,-0.9985822513193436
K118E:N126C:V130A:T132E:D133K,1.376090043,-0.13961622,-0.0771093945486266,-1.612177848815918,-2.238712739944458,-5.49468994140625,-5.1716552734375,-20.2476806640625,-0.9999088186383602
K118E:T131K:D139P,1.616623898,-0.10714984,-0.0431879661261399,2.2936195135116577,1.9060157775878903,0.32537841796875,0.56561279296875,-7.872939348220825,-0.9613978092835576
K118F:N126C:I128C:L137R:A138H:S144F,0.998269127,-0.28539926,-0.1894202724470363,-8.551400184631348,-8.974405241012573,-19.05523681640625,-17.67548828125,-32.819886207580566,-0.9999999667099968
K118G:N126H:D127P:V130D:T131P:D139G,1.64716037,-0.17075273,-0.1167939209853203,-4.151537418365479,-4.732763409614563,-16.1488037109375,-14.059130859375,-26.819331884384155,-0.9999999990725752
K118G:T121S:N126Q:P129K:D139P:A141S,1.045356652,-0.15048257,-0.0782928466796876,1.9082655906677248,1.459561252593994,-9.17535400390625,-8.47225341796875,-21.14865064620972,-0.9999973179951244
K118H:D125M:I128M,1.1974329190000002,-0.1571174,-0.1099288234507063,-3.0691988468170166,-4.036293840408325,-13.49591064453125,-11.62431640625,-16.989686489105225,-0.9996937279747312
K118H:E119W:N126Q:T131W:V135I:L137M,0.8893569370000001,-0.32825613,-0.1838634667447454,-6.964742422103882,-6.585626649856567,-14.36065673828125,-12.90626220703125,-33.98586893081665,-0.9999992237593384
K118H:T121N:D133M:A141G,1.369877415,-0.11638734,-0.0952340665661143,-2.462285041809082,-3.67085747718811,-11.36505126953125,-11.141357421875,-21.02948522567749,-0.9963746378494848
K118H:T121V:D134P:S136N,1.400864644,-0.12355715,-0.0577381717776912,-2.109532594680786,-3.196643352508545,-8.06396484375,-5.9142089843750005,-15.887402772903442,-0.9997899132961956
K118I:I128W:S136G:L137W:D139W,1.001609636,-0.29145592,-0.1993985973643238,-10.278946161270142,-9.772731733322145,-16.50128173828125,-15.04390869140625,-29.83019113540649,-0.9999971474438744
K118L:E119T:V130P:I142S,1.091773915,-0.11886799,-0.0746737442831129,0.3293683528900146,0.8212446928024292,-8.73614501953125,-8.03321533203125,-16.759382247924805,-0.9999595968846536
K118L:V130T:L137F:I142M,1.067142924,-0.096757084,-0.070465956718472,-0.4915614128112793,-0.2161653757095337,-7.26104736328125,-6.86705322265625,-16.01850652694702,-0.9978005757311142
K118M:I128V:P129D:T131A:A141Q,1.228937594,-0.1376355,-0.086764461205099,0.0795133113861084,-0.6641025066375732,-12.446044921875,-11.0531982421875,-19.49929428100586,-0.999916104909199
K118M:S122G:D127E:D133Q:V135G,1.2882017890000002,-0.16958827,-0.1083110659996386,-3.582641839981079,-4.408357262611389,-15.21026611328125,-13.745849609375,-25.52990317344665,-0.9999892013531276
K118N:S122Y:T132H:D134F:V135M,1.063092586,-0.23396271,-0.1463361312486099,-5.407231092453003,-6.4303759098052975,-17.25030517578125,-14.87294921875,-26.87363219261169,-0.9999997890140068
K118N:T121P:S122T:V130D:T132W:K140I,1.002276417,-0.20150551,-0.1430910049384175,-3.915468811988831,-3.636443424224853,-14.206298828125,-13.801708984375,-31.18728280067444,-0.9999999381952204
K118P:D127P:S144Q,1.444686735,-0.14014831,-0.0815957500417038,-0.875309944152832,-1.5125044584274292,-6.5960693359375,-5.91732177734375,-13.912580490112305,-0.9999548812852258
K118P:E119Q:S122H,1.216511285,-0.13976127,-0.082947266059414,-3.103431701660156,-3.756636571884156,-8.04461669921875,-7.959716796875,-18.53467798233032,-0.9990918496087692
K118P:N126A:D134Q:L137G:S144Q,1.342634788,-0.16228914,-0.0779589995794873,-2.702326536178589,-3.763608026504517,-6.34796142578125,-4.8716552734375,-22.04085493087769,-0.9999961903941942
K118P:T121H:D127Q:T132A:V135Q:S144V,1.514223964,-0.17179084,-0.1039969013254838,-4.072289228439331,-5.084861874580383,-13.68914794921875,-11.5852783203125,-29.19470238685608,-0.9999995067289278
K118Q:D125I:L137G:I142N:S144C,1.151405963,-0.24178329,-0.1468534639297432,-6.479750633239746,-7.219736337661743,-12.8453369140625,-12.305224609375,-27.44225025177002,-0.9998815244889928
K118Q:D127C:I128C:V130D:T131N:S144V,1.431231056,-0.19858235,-0.1341988234333296,-7.45125675201416,-7.721483564376831,-18.50714111328125,-16.2406005859375,-30.879234075546265,-0.9999999993169504
K118R:K140R,1.622197528,-0.03751585,-0.0398575317817226,-2.479401111602783,-2.850084066390991,-3.9595947265625,-4.12491455078125,-10.892241477966309,-0.1611848035358598
K118R:N126P:E143D,1.183394651,-0.12460756,-0.0571800041877502,-2.611921548843384,-2.696430397033692,-3.76519775390625,-3.46339111328125,-14.895972490310667,-0.9813605238970996
K118T:S122M:N126P:V135K,1.306036565,-0.18627092,-0.1419306310470419,-2.965129852294922,-3.476711940765381,-12.81536865234375,-11.96898193359375,-22.2313494682312,-0.9999981308284412
K118T:T121A:S122W:T131M:I142R,1.059794676,-0.24413466,-0.1746492759188723,-3.4594621658325195,-5.288372611999511,-16.1690673828125,-15.97198486328125,-29.199089527130127,-0.999905120596448
K118W:D127S:T131A:T132K:A141E:S144T,1.086918668,-0.20116165,-0.116547879799405,-1.4135093688964844,-1.7872357368469238,-10.44781494140625,-9.8313720703125,-25.7321572303772,-0.9999907763287365
K118W:E119K:W120E:T121L:S122F:L123T:F124S,1.509442211,-0.21298403,-0.2441726630268572,-9.420591950416563,-9.42280707359314,-39.81805419921875,-39.0071044921875,-62.912187576293945,-1.0
K118W:P129F:I142K,1.323018925,-0.22188735,-0.1522981365380338,-1.6840853691101074,-1.9254913806915284,-9.570556640625,-9.65872802734375,-15.16337776184082,-0.9998734239378648
K118W:T131M:D134G:L137M:A138N:E143D,1.069282713,-0.20304707,-0.1226945110063112,-5.915345668792725,-6.57066421508789,-14.6552734375,-13.0451416015625,-29.46531105041504,-0.999978787687628
K118Y:S122A:D127T:L137D,1.08826786,-0.1846728,-0.1029998670693395,-1.7418149709701538,-2.8348076581954955,-7.5048828125,-7.1333251953125,-20.76624298095703,-0.9999339989729318
K140R,1.577989742,-0.010416448,-0.0245364586229426,-1.3360342979431152,-1.5070886611938477,-2.481689453125,-2.7046630859375,-5.469832420349121,-0.0978341422317227
K140S,1.311918215,-0.02633664,-0.0111287615901635,1.295087814331055,1.5250414609909058,0.079833984375,-0.24981689453125,-2.6917200088500977,-0.2629106694616881
L113A,1.6216774619999998,-0.04308176,-0.0396924001890569,-1.0097399950027466,-1.028110718727112,-3.8282304243607954,-3.540216619318182,-3.986203908920288,-0.3544920488076564
L113A:E114Y:N126H:I128E:S136A,1.40956318,-0.18553773,-0.1278492123206739,-4.117036700248718,-4.808032155036926,-12.78790283203125,-11.2846435546875,-22.216286420822144,-0.9999833811232548
L113A:K118P:D127W:T132G:A138T,1.12775658,-0.23315915,-0.1302628703813112,-4.20013153553009,-4.438812851905823,-11.4727783203125,-10.6449462890625,-25.653297901153564,-0.9999986616364588
L113A:K118S:D134N:S144H,1.714490052,-0.15148771,-0.1101586827179715,-1.5748058557510376,-2.528883385658264,-10.0443115234375,-8.69241943359375,-16.00856113433838,-0.9971837439315684
L113A:N116G:T131L:K140Q:E143G,1.528472263,-0.15398869,-0.1182270525189057,-2.1313456296920776,-2.2160139799118044,-10.330322265625,-10.23990478515625,-19.98693561553955,-0.9739406585982242
L113A:N116P:K118A:T121G:A138K,1.333167674,-0.14254332,-0.1113406687020407,-0.4415379762649536,-1.1313008069992063,-11.31146240234375,-11.184545898437502,-21.445277214050293,-0.9999783459111852
L113C:E114G:T131L:V135D:L137W:S144P,1.47864117,-0.18011487,-0.1438107202061554,-8.23933482170105,-8.360084772109985,-12.86309814453125,-12.23541259765625,-29.29452538490296,-0.9999817903563908
L113C:N126C:K140G:I142D,1.416771506,-0.18663925,-0.1243384418962689,-6.782474756240845,-6.607653379440308,-11.74102783203125,-11.51055908203125,-21.268423080444336,-0.9999821706018576
L113C:S122L:V130Q:S136M,1.681126904,-0.19667876,-0.1334002620384787,-7.53869354724884,-7.539258289337158,-15.80194091796875,-15.31751708984375,-25.088844299316406,-0.9999960300400536
L113E:D115E:S122K:D139M:K140G,1.680584376,-0.15104079,-0.1206085639492049,-4.946392297744751,-4.60459520816803,-17.45489501953125,-17.093603515625,-26.14045000076294,-0.9999992901230684
L113F,1.339101553,-0.026626825,-0.0114619570694785,-0.08564293384552,-0.2066569089889526,-1.810546875,-1.285595703125,-3.732625722885132,-0.314377713107844
L113F:D115P:D134E,1.692844541,-0.10409054,-0.0463266067233374,-1.5206047296524048,-1.2197009801864624,-5.84613037109375,-4.9286865234375,-11.744057655334473,-0.9978500507034176
L113F:D125P:D139A:I142S,1.695425575,-0.15054533,-0.0678349830926101,-1.565264105796814,-1.3582684993743896,-7.724853515625,-4.913586425781251,-15.011574745178224,-0.9998710862059424
L113G:D115L:N116P:T121E:I128M,1.340239568,-0.14839691,-0.0978920824587133,-0.6682243347167969,-0.9362455606460572,-14.7110595703125,-13.8873046875,-22.79729056358337,-0.9999422874631932
L113G:E114W:N116C:S117D:I128Y:S144F,1.053024634,-0.30295527,-0.202571828170179,-7.610485672950745,-7.515617537498474,-22.0050048828125,-21.439453125,-32.10891389846802,-0.9999998456626668
L113G:N126S,1.673048471,-0.08524147,-0.0467046554402524,-1.185944676399231,-1.036665725708008,-5.9886474609375,-5.56728515625,-7.771030426025391,-0.8282339909530436
L113G:T132W:V135H:I142C,1.108700369,-0.22957131,-0.1354108925816004,-8.426003336906433,-8.61855490207672,-16.26513671875,-15.2689453125,-24.45713233947754,-0.9999988078350156
L113H:E114P:S122G:K140D:E143M,1.461472675,-0.1484622,-0.1158297392821396,-6.846510887145996,-6.248176431655883,-15.92230224609375,-15.996789550781251,-26.27278733253479,-0.99995290384351
L113H:E114Q:E119Q:N126E:A138E:A141W,1.429258207,-0.18931648,-0.1283182164528192,-8.22925877571106,-7.557459211349487,-14.482421875,-13.868994140625,-28.97982215881348,-0.9999995747130672
L113H:E119M,1.429817846,-0.13335067,-0.0809062265416482,-3.923742055892944,-3.550053930282593,-7.64080810546875,-7.44918212890625,-12.388325691223145,-0.9335998914888368
L113I:K118W:E119N:L137A:A138I:I142Q,1.036590992,-0.18018761,-0.1015425712612599,-2.770903706550598,-2.977703070640564,-6.31640625,-6.133911132812499,-26.938419580459595,-0.999925144842002
L113K:P129Y:T132A:V135E,1.51407565,-0.16520974,-0.1122089535316115,-4.732098698616028,-5.010725426673889,-12.36566162109375,-11.2698486328125,-19.379093170166016,-0.9998928996399822
L113M:I128A:S136V,1.578476499,-0.085179955,-0.0424136776092638,-1.423829197883606,-1.787279486656189,-6.255615234375,-5.244311523437499,-11.787963390350342,-0.9887528547254324
L113M:K118R:K140R:I142V:S144Y,1.3897867119999998,-0.11345485,-0.0956191745092861,-6.370649933815002,-6.55040602684021,-10.2064208984375,-10.402648925781252,-25.18835687637329,-0.6361407451148862
L113M:S117P:N126L:D127E:S144K,1.36592847,-0.15042931,-0.0902004038311833,-1.4442965984344482,-1.88788812160492,-7.880615234375,-7.386340332031249,-20.92816662788391,-0.9997727772616088
L113N:N126F:V135Q:S136L:L137A:A141I,1.044335252,-0.18135092,-0.0957028534912979,-1.064181208610535,-1.5557939529418945,-12.5369873046875,-11.372412109375,-23.51453447341919,-0.9999995292069256
L113P:S117P:E119F:T132Q:A141I,1.021284022,-0.22831172,-0.1077912354384453,-3.014362931251526,-1.9820580720901488,-7.1683349609375,-7.6162353515625,-25.13918399810791,-0.9999028502723084
L113Q:T121G:K140A:E143Q,1.583805883,-0.1120418,-0.0634281796492716,-1.9474390745162964,-2.026167321205139,-6.765625,-6.49168701171875,-18.515772342681885,-0.9853855963661512
L113R:K118V:E119I:V135M:I142D:E143T,1.17825874,-0.21235117,-0.1714675740415091,-4.782233953475952,-4.389639186859131,-17.7237548828125,-16.4002197265625,-29.52632522583008,-0.9999959937244594
L113R:N126E:D133F:A138T:K140G,1.375283842,-0.14158392,-0.0918578558545095,-4.727604866027832,-4.04054627418518,-10.3323974609375,-10.232556152343747,-22.85530376434326,-0.9999311687761536
L113S:E114D:N116C:S117P,1.66203997,-0.12518835,-0.0782385449392515,-2.6909903287887573,-2.105900835990906,-5.8359375,-6.79063720703125,-18.838308811187744,-0.9351062185097851
L113S:I128G:P129N:D133A:K140P:S144F,1.402869095,-0.20392543,-0.1013088022686833,-3.437524676322937,-3.5232070207595827,-8.94158935546875,-8.10567626953125,-24.982728719711304,-0.9999998731092222
L113S:K118A:D134S:S136L,1.522181473,-0.1220597,-0.0817533336924488,1.1413394212722778,0.4260443449020386,-9.89605712890625,-8.68780517578125,-13.8010835647583,-0.99434493736006
L113S:N126H:T132P:D139C,1.7521668419999998,-0.16905314,-0.1026532047583963,-5.742504954338074,-5.56467912197113,-9.65386962890625,-8.9635009765625,-20.19648241996765,-0.9974085767638604
L113S:T131Q:D134Q:D139W:K140T,1.104569845,-0.1854262,-0.1130962439703348,-5.122106194496155,-5.16655433177948,-12.63623046875,-10.94630126953125,-22.203197479248047,-0.999995764629068
L113T:D115H:E119T,1.4132296219999998,-0.10885501,-0.0690959781090135,-4.412675499916077,-3.701826643943787,-5.67535400390625,-5.04158935546875,-15.462491273880005,-0.8247723507589183
L113T:N116A:D127E:I128A:S144A,1.5612593890000002,-0.1237241,-0.0669911340462355,-0.4932130575180053,-0.7657298088073731,-9.601806640625,-8.3563720703125,-18.438523054122925,-0.9999475586295066
L113V:S117G:T121N:S122I:N126W:L137P,1.190433211,-0.26999703,-0.1626099827450789,-6.196438193321228,-6.969799447059631,-13.984619140625,-13.34730224609375,-34.4250648021698,-0.9999990896421992
L113W,1.266812855,-0.09876859,-0.062040987388095,-1.9037913084030151,-2.234620976448059,-5.44232177734375,-5.173974609375,-6.844805717468262,-0.5085669216309722
L113W:D115E:K140A:A141M:I142G:S144C,1.113100289,-0.21300977,-0.156994259654415,-7.451664328575134,-7.35475594997406,-16.82232666015625,-16.86318359375,-31.12094044685364,-0.9999069969314568
L113W:E114L:D115E:N116L:S117F:K118D:E119N:W120S:T121K:S122E:L123T:F124S,1.206459359,-0.29431987,-0.2805796993160587,-4.533979177474976,-4.784059619903564,-45.33245849609375,-45.37098388671875,-81.46362352371216,-1.0
L113W:P129V:T131F:L137Y,1.04330569,-0.26795566,-0.1766693549648299,-4.677805304527283,-4.949072909355164,-13.10552978515625,-12.129736328125,-20.236696243286133,-0.9982682955379134
L113W:S122V:S136W:L137P:I142A,1.010754517,-0.2736411,-0.1773142967359875,-7.953343749046326,-8.858773970603943,-14.66351318359375,-14.61396484375,-30.632890939712524,-0.9999829722133924
L113Y:D115N:S117G:T132D:V135I,1.200253258,-0.12582138,-0.0843496628079125,-4.370375275611877,-4.150744771957397,-10.801513671875,-9.8939453125,-22.17359209060669,-0.9818673427379476
L113Y:D127N:K140A,1.484385363,-0.12408456,-0.0763005158230928,-1.811578869819641,-1.7124910593032834,-8.6796875,-8.0555419921875,-13.3602192401886,-0.9946176134291064
L113Y:N116I:I128S:S144A,1.115591586,-0.19871151,-0.112892992555883,0.3346067667007446,-0.3177708148956298,-11.1729736328125,-10.58167724609375,-17.431877374649048,-0.999051127346366
L113Y:S117D:I128T:S136V:D139C:I142H,1.341319942,-0.23536357,-0.1546740005873277,-6.509310603141785,-7.0257774829864506,-17.8060302734375,-16.837548828124998,-28.14542818069458,-0.9999996330345394
L113Y:S117Q:N126L:I128S,1.199908409,-0.15681142,-0.1161464813341025,-2.1882541179656982,-2.077968192100525,-14.1497802734375,-13.1624755859375,-17.965261936187744,-0.999985757503182
L123A,1.2324764398333334,-0.068601936,-0.0520653232560887,-2.691420555114746,-2.745782709121704,-6.505953702059659,-6.401835493607955,-11.305712699890137,-0.990625489715487
L123W:F124W,1.229022583,-0.20593789,-0.1317631731678158,-4.538014769554138,-5.137752628326416,-16.20904541015625,-16.14461669921875,-17.752819061279297,-0.9999876290167018
L137A,1.645363015,-0.028422773,-0.0098358371503837,-0.2950887680053711,-0.5012427806854248,0.9564208984375,0.9715576171875,-3.582061767578125,-0.1033870157628313
L137W,1.158584898,-0.068377376,-0.0462703501202458,-3.6996703147888175,-3.227480983734131,-2.1610107421875,-2.15966796875,-6.541900157928467,-0.1943652629817897
M107A,1.22296580725,-0.02555567,-0.0340021208087745,1.3069920539855957,1.3272293567657472,-4.027543501420454,-4.2582930131392045,-3.387711524963379,-0.9211204060557298
M107A:E109A:K118L:S122H:V135R:L137A,1.213138778,-0.2005971,-0.1722908970299989,-2.403400421142578,-3.806284213066101,-20.30731201171875,-19.203344726562506,-30.544675827026367,-0.9999999837027762
M107A:I142A,1.377814536,-0.04104054,-0.0420794503968806,1.2343711853027344,1.204836082458496,-4.86529541015625,-5.1405517578125,-6.885194778442383,-0.9908281977200192
M107A:L123A,1.175484701,-0.09338075,-0.0857526025738156,-1.3844285011291504,-1.418553352355957,-10.52252197265625,-10.5981689453125,-14.693424224853516,-0.999950010806544
M107A:N116P:I142A:S144G,1.485570275,-0.09269419,-0.0707253561325345,-0.1003761291503906,-0.5703958511352539,-6.66888427734375,-7.643249511718751,-16.244314670562744,-0.9995455508649392
M107A:V130A,1.5607224119999998,-0.048598617,-0.045253332823621,1.302370548248291,1.2708690166473389,-6.3614501953125,-6.1030517578125,-6.831582307815552,-0.9994414858563144
M107A:V135A,1.397830511,-0.042342216,-0.0422280742604537,0.9847793579101562,0.8085461616516113,-5.85589599609375,-5.376904296875,-7.274344205856323,-0.9960194334475418
M107A:Y110A:L113A,1.3859330637777778,-0.09434968,-0.1015960584755893,1.257405161857605,1.1201878786087036,-8.0340087890625,-8.156961669921875,-9.88980746269226,-0.9998081294156552
M107A:Y110A:L113A:W120A:L123A:F124A,1.195834763375,-0.3024425,-0.2587129857616492,-5.109691500663757,-5.004348731040954,-30.21494140625,-30.09454711914062,-45.37834620475769,-0.9999999999999948
M107A:Y110I:N112A:S117E:V130C:L137K,1.618644096,-0.16187876,-0.1189433467769962,-1.146884202957153,-1.2033403396606446,-10.13873291015625,-10.58604736328125,-25.04654240608216,-0.9999999654144766
M107A:Y110N:N116V:E119D:L137M:A138G,1.566174103,-0.1335414,-0.0922341126139902,2.6438868045806885,2.6592132329940794,-7.60479736328125,-7.65352783203125,-22.55144500732422,-0.9999074808667808
M107A:Y110R:N116A:T121C:K140T,1.828992518,-0.1790365,-0.1416174729099477,0.0574867725372314,0.0497999668121337,-10.8050537109375,-11.51304931640625,-20.796088933944706,-0.9999963774549356
M107C:F108C:L113V:L137C,1.339578683,-0.15140119,-0.129633187399216,-8.660866618156433,-8.343572974205017,-15.9864501953125,-15.71253662109375,-23.817838191986084,-0.999998161183403
M107C:L113F:K118F:P129K:I142A,1.00506116,-0.17711747,-0.1241724957774967,-0.2980314493179321,-0.8748576879501343,-14.27105712890625,-14.0328369140625,-21.56656289100647,-0.9999997743317692
M107C:N112Y:K140Y:A141K,1.358259113,-0.13888109,-0.1412159115394239,-3.475207567214966,-3.4056530952453614,-14.68682861328125,-14.89765625,-19.54406976699829,-0.9999980491038224
M107C:T121P:S122T,1.228571403,-0.11698392,-0.1032303236557496,-3.886957049369812,-3.630406856536865,-12.80242919921875,-12.58310546875,-18.11243295669556,-0.9998437151310192
M107C:Y110E:S117G:D134E:D139S,1.5598776840000002,-0.18567821,-0.1052807030728704,-1.3272080421447754,-0.8430346488952637,-8.70843505859375,-7.1886962890625,-18.184043645858765,-0.9999984087503672
M107D:D127W:D139G:K140S:I142T,1.331676488,-0.24851185,-0.1450491800002781,-1.505744695663452,-1.0088895082473754,-16.96624755859375,-16.5321533203125,-23.35948181152344,-0.9999999954716056
M107D:F108G:N112T:E119F,1.499512832,-0.20728374,-0.1378783093652692,-0.1530055999755859,0.4755205869674682,-16.0906982421875,-15.769201660156249,-21.26399564743042,-0.9999999884372576
M107D:Y110P:N126V:D133T:I142S,1.67050071,-0.1960274,-0.112985414118105,2.5079939365386963,2.7087775468826294,-9.8636474609375,-10.0194580078125,-16.68896746635437,-0.9999999928129352
M107E:D127A:T132P:D139E,1.539811406,-0.11459899,-0.0760611537512511,0.1421566009521484,0.268958592414856,-8.94732666015625,-8.34820556640625,-17.02458930015564,-0.9999882886322428
M107E:E114H:N126S:T132D:D133E:D139C,1.785951501,-0.17321676,-0.1423993093687444,-3.870077848434448,-3.492322254180908,-16.0511474609375,-15.775830078125002,-27.36005401611328,-0.9999983275128164
M107E:E114S:P129F:T132D:D139W,1.063153458,-0.21863872,-0.1589597654512344,-3.673020601272583,-3.1050445556640627,-13.45135498046875,-14.220495605468749,-23.75645613670349,-0.9999999413507912
M107E:E119S:T131L:L137A:I142L,1.271591313,-0.11898118,-0.0948259889867382,0.7346296310424805,1.133209776878357,-9.0185546875,-8.5746337890625,-19.073542833328247,-0.9996852922023418
M107E:F108A:D115E:D125C:S136W,1.5455509790000002,-0.25559282,-0.1961959350151524,-5.95157790184021,-6.145397114753723,-23.79364013671875,-22.808251953125,-29.27059841156006,-0.9999999957581382
M107E:L113D:D125L:N126I:T132R,1.366561034,-0.2920534,-0.2100287603738045,-2.830525517463684,-2.7194939136505125,-19.552001953125,-18.68782958984375,-26.15221357345581,-0.9999999923781951
M107E:N116G:S117P:E143P,1.610622755,-0.11826593,-0.0793377207691559,-0.0114748477935791,0.4864807605743408,-5.6693115234375,-6.76767578125,-16.25566816329956,-0.9999236970019968
M107E:N126W:P129N:D133F,1.024763013,-0.22253954,-0.1427953319617438,-1.464432954788208,-1.835156297683716,-13.74560546875,-13.70618896484375,-20.938459873199463,-0.999999970400286
M107E:P129Q:T132V:S136K:I142H,1.4509343680000002,-0.14861444,-0.1156106317594806,-2.3242456912994385,-3.0211307525634767,-13.6014404296875,-13.83604736328125,-22.038279056549072,-0.9999985230501292
M107E:S122V:D127M:I128C:S136Q,1.471369116,-0.25356382,-0.1977485846794373,-7.341522693634033,-7.40730094909668,-25.54815673828125,-24.360314941406248,-31.84230327606201,-0.9999999999874808
M107E:Y110P:E111Q:S117K:S122W:K140W,1.075232006,-0.31625688,-0.2204297700386455,-4.756920337677002,-4.954153299331665,-19.60595703125,-19.60457763671875,-33.029863595962524,-0.9999999999903668
M107E:Y110T:T131I:T132D:D139Y,1.243462112,-0.18045297,-0.1224765438202013,-0.8033256530761719,-0.583573532104492,-10.96624755859375,-10.779150390625,-20.75834631919861,-0.999997339379088
M107F:I128G,1.384584019,-0.10696158,-0.07252719648368,-0.2086689472198486,-0.5614992141723633,-7.75,-6.255053710937499,-8.237108707427979,-0.9998075060426072
M107F:L113D:D139A:S144N,1.3556457730000002,-0.12380332,-0.1000100675426768,-0.5469764471054077,-0.4985097646713257,-9.5880126953125,-8.82044677734375,-14.197134733200071,-0.9994247113125816
M107F:N112Y:T121P:D125N:T131E,1.648821172,-0.20724353,-0.1403252000910532,-1.7635314464569092,-2.461317205429077,-14.251220703125,-12.28087158203125,-24.09183359146118,-0.999952961800989
M107F:Y110G:S122E:D139P,1.803399676,-0.15396452,-0.0957599789222365,1.1197285652160645,1.5169386386871335,-7.3668212890625,-6.502941894531251,-16.242552042007446,-0.9999998327035724
M107G:D115P:K118C:T121Y:V130G,1.25564278,-0.23117164,-0.1491722025480982,-5.770581007003784,-5.231872081756592,-13.6357421875,-13.36776123046875,-25.36096477508545,-0.99999999799601
M107G:K118P:N126R:L137I,1.40549749,-0.1584023,-0.1114632820319451,-0.7576539516448975,-1.5212073802947998,-9.02032470703125,-8.87254638671875,-19.50059199333191,-0.9999952303712272
M107G:T131C:A138M,1.355298996,-0.11534876,-0.1126661198843416,-3.218208312988281,-3.073482084274292,-12.18951416015625,-12.12650146484375,-15.543850421905518,-0.9999172794704072
M107G:T131P:T132D:A138G:E143L,1.6027865819999998,-0.13434047,-0.0899740741770462,-0.4528417587280273,-0.6103700637817383,-10.5120849609375,-10.528271484375,-20.454349517822266,-0.9999973126498588
M107H:E111G:N112Q:I128P:P129F:K140S,1.107477466,-0.19334042,-0.1501735809434775,-2.405750036239624,-2.2272226572036744,-13.79339599609375,-12.849597167968753,-25.56114745140076,-0.999999999639648
M107H:K118S:S122P:T132Y:D139G:I142V,1.5957746030000002,-0.2095331,-0.1377730725923043,-4.0038673877716064,-3.662902045249939,-12.6015625,-12.386083984375,-24.706082344055176,-0.9999892623876228
M107H:P129M:V130W:T132L:I142L:S144C,0.744970261,-0.28082454,-0.1887832587299822,-8.214339971542358,-6.860007572174072,-18.76629638671875,-18.59548339843749,-32.34772062301636,-0.999999987943475
M107H:S117P:N126D:D134H:V135Y:I142L,1.58980647,-0.18687624,-0.144658424676101,-4.770935535430908,-4.5343811988830565,-16.13690185546875,-14.6461669921875,-26.168274402618408,-0.9999999417009324
M107I:E111D:T132A:S136P:L137P,1.281041297,-0.06812489,-0.034215689553909,0.194627046585083,-0.1941766262054443,-3.1868896484375,-2.40335693359375,-17.7020320892334,-0.9978054639177728
M107I:F108G:E109T:N112S:T131S:A141E,1.907446204,-0.13374993,-0.08992221601493,0.7531812191009521,0.5180111646652221,-13.53204345703125,-13.2694091796875,-23.40347051620484,-0.9999999427258216
M107I:F108P:N112Y:T132P:D133V:V135E,1.630499348,-0.16072485,-0.1187334705502113,-1.813526391983032,-2.25828959941864,-16.6646728515625,-15.677294921875,-27.21280670166016,-0.9999999958313844
M107I:I128F:T132W:D133E:A138F:S144P,1.000251585,-0.2035076,-0.1376493189258508,-0.5429987907409668,0.3217884063720704,-16.52874755859375,-15.628039550781253,-23.705596446990967,-0.999997484291362
M107I:N112Q:E119H:K140Q:A141S,1.3970211769999998,-0.10615754,-0.08015908889499,-0.971948504447937,-1.2775671243667603,-8.39739990234375,-8.8782470703125,-21.095543384552,-0.9997002537422118
M107I:N116Y:I128F:T132N,1.190567535,-0.11723518,-0.0827422769892682,1.0681095123291016,1.2192473649978637,-12.6334228515625,-12.415808105468749,-16.31363320350647,-0.99857606077737
M107I:N126G:I128M,1.428233156,-0.07700458,-0.0628435671117382,-0.6938533782958984,-0.4533079624176025,-11.22857666015625,-10.12999267578125,-12.64293098449707,-0.9981397243422112
M107I:N126M:V130D:T131S:I142V,1.571818327,-0.11625233,-0.0631270221968139,0.3276650905609131,0.5053017377853394,-9.33148193359375,-8.94224853515625,-18.565651893615723,-0.9999990950659764
M107I:Y110G:I128E:D134C,1.818910845,-0.17423847,-0.1009100645886622,-2.074279308319092,-1.9482887744903563,-11.00592041015625,-9.001782226562499,-16.7578182220459,-0.9999999142374376
M107I:Y110I:E119M:V130E,1.5748332980000002,-0.18540433,-0.0878419163388289,0.6202487945556641,1.0806368350982667,-7.45660400390625,-7.417053222656249,-17.17656946182251,-0.999997827863862
M107I:Y110L:E111D:L113Q:E114D:D115L:N116G:S117G:K118V:W120T:T121W:S122T:L123S:F124L:D125F:N126D:D127N:I128D:P129I:V130P:T131V:D133L:D134E:V135D:S136V:L137S:A138D:D139C:K140A:A141N:I142A:E143V:S144T,1.048995601,-0.26813918,-0.3530990763491158,-11.347878575325012,-9.565307664871217,-74.77716064453125,-69.71365966796876,-153.6553509235382,-1.0
M107K:N112C:K118A:K140D:I142H,1.445733828,-0.15303376,-0.131314152076151,-2.519485712051392,-2.8198544502258303,-13.39520263671875,-13.935009765625,-23.54427671432495,-0.99999714647395
M107K:S122F:I128S:P129D:V130Q,1.385687175,-0.21694508,-0.145142470390347,-2.25944721698761,-2.045330047607422,-19.288818359375,-18.05367431640625,-24.966781616210938,-0.9999999999638388
M107L:D125M:S136K:K140W:I142E,1.242064318,-0.21883884,-0.1557247935665036,-1.6737375259399414,-1.8190973281860352,-12.2554931640625,-12.4048583984375,-20.57438588142395,-0.99999969081526
M107L:Y110D:E143P,1.870797423,-0.09166953,-0.0398917418781973,3.361400604248047,3.81115665435791,1.99005126953125,1.055029296875,-5.063385963439941,-0.9939982690095156
M107L:Y110F:N112T:E114N:D115K:N116T:K118N:E119S:W120N:T121A:S122V:L123Q:F124G:D125K:N126D:D127A:I128S:P129S:V130S:T131D:T132P:D133I:D134A:V135N:L137A:A138S:D139H:K140E:A141W:I142T:E143S:S144L,1.264954133,-0.33262897,-0.3342115191802436,-15.295258283615112,-14.641257071495057,-65.98516845703125,-61.67666015625,-158.2336757183075,-1.0
M107L:Y110T:L113D:E114G:S144G,1.246831063,-0.113619626,-0.0751224938660755,0.2900813817977905,-0.1248308420181274,-4.259033203125,-4.41251220703125,-16.390818119049072,-0.999651178413056
M107N:E109Q:D115A:S136G,1.731063489,-0.11409414,-0.0598966116582796,-2.2920844554901123,-2.163148307800293,-6.22882080078125,-5.673449707031249,-18.2349500656128,-0.9995124692777584
M107N:E111P:K118V:S136V:S144Q,1.237398756,-0.15094128,-0.0950196289931328,1.3890502452850342,1.260720181465149,-8.47625732421875,-7.653076171875,-18.370561361312863,-0.9999987762743237
M107N:E119G:V130F:S136T:K140G,1.549315816,-0.16184735,-0.0887426193074399,-1.847827434539795,-1.0083106994628903,-8.118408203125,-8.5046875,-20.878872394561768,-0.9999863784897984
M107N:F108D:Y110I:D115M,1.893126943,-0.15429386,-0.1145327965135676,1.0327577590942385,0.8033756971359253,-12.9334716796875,-12.7342041015625,-17.380017280578613,-0.9999999757134952
M107N:Y110S:D139L:K140N:I142C,1.975585972,-0.15723252,-0.0824909685345307,-0.4431617259979248,0.1594902038574218,-6.39617919921875,-6.1945556640625,-19.14872694015503,-0.9999995910351998
M107P:E114Q:P129I:V130A:D133E,1.488042465,-0.120538324,-0.0839549977584243,-1.0103824138641355,-0.923790383338928,-13.32037353515625,-13.247070312499998,-20.70384240150452,-0.9999994703995988
M107P:F108E:L113V:E119C:T121S:N126C,1.5912730919999998,-0.26789302,-0.2009122040772354,-6.289723992347717,-5.014551949501038,-20.5802001953125,-20.61002197265625,-32.46949529647827,-0.9999999997305432
M107P:P129A:T132C:L137C:I142C,1.344852051,-0.18465295,-0.1447381396310609,-8.050382614135742,-7.5748693466186525,-15.66741943359375,-16.0644775390625,-29.095800638198853,-0.9999983527940292
M107Q:E114K:S117Q:K118V:K140S,1.385756245,-0.13561171,-0.1052575705314446,0.2566766738891601,0.0544419527053832,-12.67230224609375,-12.13929443359375,-21.02555274963379,-0.9999668312783064
M107Q:F108H:Y110V:D127C:K140H,1.930857434,-0.24773777,-0.1929695428054104,-5.295599222183228,-4.888284730911255,-19.6531982421875,-19.2806640625,-27.015177249908447,-0.9999999995366418
M107Q:K118S:E119C:I128M,1.416777384,-0.12976068,-0.118292974831795,-2.9940552711486816,-2.432681846618652,-15.58984375,-14.543493652343749,-19.73298692703247,-0.9999840530778414
M107Q:N112M:L113H:K118P:D134S:S144C,1.426233123,-0.21349493,-0.1778524269837078,-5.502716541290283,-5.959373474121094,-21.6024169921875,-20.33226318359375,-29.69961857795716,-0.9999997009813548
M107Q:T121C:K140V:I142S,1.590020746,-0.13575163,-0.1048527510564947,-0.5757646560668945,-0.3510976791381835,-12.2142333984375,-12.173620605468749,-16.588248014450073,-0.9999671888442028
M107Q:Y110H:S122V:T132C:D139Q,1.378068685,-0.20435813,-0.1532726355718973,-6.450049877166748,-5.937420606613159,-16.35028076171875,-16.24859619140625,-28.080034971237183,-0.9999995822724774
M107S:F108Q:E111M:N126W:E143P,1.152486315,-0.2626704,-0.1654178714412811,-0.6158707141876221,-1.3650266408920289,-20.1981201171875,-17.61251220703125,-24.45283317565918,-0.99999999998509
M107S:N116E:S117Q:D125Q:P129F:S136W,1.195385367,-0.2812026,-0.1807845037602868,-2.744208812713623,-3.536608362197876,-19.658447265625,-19.450012207031254,-30.03018283843994,-0.9999999758903771
M107S:S117A:E119K:N126W:L137P:K140P,1.603537811,-0.2507859,-0.1528674902865047,-2.2735259532928467,-2.338922119140625,-11.1376953125,-10.5843505859375,-27.98426508903504,-0.9999999616527532
M107T:E109P:K118W:T121Q:A138T,1.160563445,-0.18548909,-0.1304625378808942,0.0026338100433349,0.2814984321594238,-13.9864501953125,-13.34190673828125,-24.70062136650085,-0.9999996037265836
M107T:F108A:E109R:N112V:S144H,1.180284831,-0.1672898,-0.1761925856838023,-3.626320838928223,-4.239746928215027,-23.08087158203125,-22.41815185546875,-27.100632190704346,-0.9999999453275016
M107T:F108E:S122A:D127V,1.562316248,-0.20491868,-0.1393641678888179,-0.5770031213760376,-0.5981165409088135,-15.45465087890625,-15.729089355468751,-20.98721218109131,-0.9999999785987196
M107T:F108H:L113F:P129I:A138G:I142Y,1.23781824,-0.19931272,-0.1468858820687835,-4.787157654762268,-4.683393788337708,-23.21649169921875,-22.72890625,-29.7251660823822,-0.9999999986417968
M107T:F108T:N112G:P129M:S144P,1.972429819,-0.18170974,-0.1349394991728759,-1.2859082221984863,-1.602475905418396,-15.4451904296875,-15.67261962890625,-23.305561065673828,-0.9999999442782436
M107T:N112E:N116T:K118A:V135A:A138W,1.3993677969999998,-0.16907552,-0.1409748661136287,0.8468763828277588,0.9158639907836912,-13.76898193359375,-13.51739501953125,-23.54407525062561,-0.999999686003632
M107T:T131G:S136W:L137T,1.632437347,-0.12706974,-0.0991780562757173,-2.0650973320007324,-2.727427816390992,-9.58154296875,-9.42117919921875,-19.794782638549805,-0.9993648744645102
M107T:Y110H:E119I:S122H:N126A:V130T,1.264772251,-0.2436631,-0.1759956332712411,-2.4807136058807373,-1.544400978088379,-18.61669921875,-18.15880126953125,-29.92241787910461,-0.9999999997689366
M107V:E111T:D115E:K118G,1.390685665,-0.076989025,-0.0639292761100145,1.2324354648590088,1.2247517108917236,-8.72784423828125,-8.1260009765625,-13.723808526992798,-0.9857155791898712
M107V:N112A:E114Q:S136E:L137N:S144M,1.126206399,-0.116357654,-0.0982497680229648,-2.928766250610352,-3.7357866287231447,-10.06939697265625,-9.80614013671875,-26.244653701782227,-0.996254976055198
M107V:S122L:I128S:S136N,1.742445426,-0.15593305,-0.1158974535524633,-0.9515002965927124,-0.8844619750976562,-13.3990478515625,-12.810729980468748,-19.82962226867676,-0.9998007576605548
M107V:Y110E:L113V:D115M:N116I,2.123659712,-0.14727068,-0.1063426279088356,4.117143988609314,3.203886723518372,-9.3349609375,-9.73499755859375,-19.003437995910645,-0.9995904279515728
M107V:Y110T:E111P:N116D:K118I:D133H,1.43444043,-0.15626642,-0.132270025613045,3.509372472763061,3.1513774156570435,-10.33349609375,-11.2229248046875,-20.50778889656067,-0.9999935843351504
M107W:I128V:T132C:D139E,1.249280207,-0.12198293,-0.098075025022242,-3.4576478004455566,-3.582284688949585,-13.32977294921875,-12.38970947265625,-19.181598901748657,-0.9998782933457696
M107W:N112S:N116V:K118E:T121E:I142T,1.256469718,-0.21995202,-0.1253059903073565,3.3014156818389893,2.2407275676727294,-9.43408203125,-10.322412109375,-25.776373386383057,-0.9999849466464288
M107W:S117V:N126W:L137W,0.974910545,-0.33379143,-0.2030168309330516,-6.405613422393799,-6.554689884185791,-13.95599365234375,-14.05650634765625,-25.4616494178772,-0.9999981697980128
M107W:S136L:I142C,1.109506204,-0.13997754,-0.0893598671909754,-3.3150229454040527,-3.669212627410889,-9.76934814453125,-9.964599609375,-16.489612102508545,-0.9997599191583608
M107W:Y110R:E114T:K118D,1.416499638,-0.13789159,-0.097745684966498,0.1120164394378662,-1.3224601984024047,-6.50177001953125,-6.523681640625,-18.040446758270264,-0.9999962189608804
M107W:Y110T:D127P:L137I:K140L,1.6575858769999998,-0.20714772,-0.1361141001202458,0.9341719150543212,0.6789716958999634,-11.64501953125,-11.73956298828125,-19.79181241989136,-0.9999999762304174
M107Y:D127P:I128G:D139M,1.448168484,-0.22359505,-0.1475081800141793,-4.159211158752441,-4.380383038520813,-14.33819580078125,-12.58690185546875,-19.576647758483887,-0.999999999280492
M107Y:E114M:K118P:V130Y:T132A:A141W,0.975016194,-0.26024264,-0.1675084341463245,-5.089555025100708,-5.448150968551635,-14.97442626953125,-14.507714843749998,-30.386760234832764,-0.999999999804934
M107Y:F108C:S117G:P129N:A138Q,1.5556610430000002,-0.2099657,-0.1475788265784865,-6.229306936264038,-6.427161788940429,-14.34423828125,-14.3474365234375,-25.43376302719116,-0.9999999830824896
M107Y:F108M:E111T:S144T,1.24999756,-0.08946267,-0.0918444433246219,-1.6997363567352295,-1.6495396614074709,-14.521484375,-13.63775634765625,-16.69735074043274,-0.9999940754293112
M107Y:L113E:D125L:S136A,1.288511835,-0.22978523,-0.1594837772464412,-2.364562153816223,-2.236997890472412,-12.23876953125,-11.566650390625,-18.79507160186768,-0.9999929291534256
M107Y:S117R:K118A:A138Q:S144G,1.369301465,-0.16491145,-0.1261049318143906,-3.946346521377564,-5.078697919845581,-11.33599853515625,-11.598974609375,-25.164610862731934,-0.999994669979238
M107Y:Y110C:D115P:T132E:K140Q:E143K,1.251903457,-0.17071712,-0.1029216182613712,-3.882408142089844,-3.891878843307495,-6.9359130859375,-8.12161865234375,-25.74295711517334,-0.99999102684109
N112A:E119D:P129Y:T131C:V135H,1.259515805,-0.22473156,-0.1434338118257896,-6.152649164199829,-6.418220162391663,-16.09442138671875,-14.33974609375,-26.418177843093872,-0.9999968214323413
N112A:L113P:D115E:S117E:N126A:S144K,1.768251976,-0.15241793,-0.0987672093075789,-1.744670271873474,-2.0622449636459352,-10.82159423828125,-10.563073730468751,-23.213672637939453,-0.9999495995159804
N112A:N116C:P129W:V135N:A138W,1.002042632,-0.28607744,-0.1890427667475256,-7.461449146270752,-6.936713361740113,-17.61907958984375,-17.16751708984375,-27.90042543411255,-0.9999996966217094
N112A:T121E:S122K:N126S:D134S:I142S,1.508048317,-0.16531044,-0.1073955386558886,-0.0488501787185668,-0.3770102739334106,-16.99505615234375,-15.27265625,-28.041459798812863,-0.9999999480119712
N112C:D115H:S117T:V130E:D133P,1.440169735,-0.2038196,-0.1289269389631061,-6.121248960494995,-5.998335123062134,-9.7220458984375,-9.186242675781251,-23.83186268806457,-0.9999862206517888
N112C:D115Q:E119P:V130Q,1.343510868,-0.18705747,-0.1224770868376057,-6.576370477676392,-5.697991371154785,-11.67254638671875,-10.3031982421875,-21.39718341827393,-0.999974938185073
N112C:L113C:N116G:V130T:S144H,1.463315511,-0.20017093,-0.1495958104252391,-8.410366535186768,-8.15436406135559,-13.15643310546875,-12.806494140625,-25.34700393676757,-0.999988924014124
N112D:D125E:D127Y:I128V:K140Y:S144K,1.15882062,-0.22047275,-0.1359831243223143,-1.8750579357147217,-2.2436273097991943,-14.847900390625,-11.78155517578125,-26.288992404937744,-0.9999980913315076
N112D:E114A:T131L:A138W:I142H,1.051185018,-0.16733286,-0.1155449809552936,-3.5454471111297607,-3.706913614273071,-10.0977783203125,-9.2161865234375,-21.84062433242798,-0.9998585882171206
N112D:E114S:T121M:S122D:D133T:I142T,1.499364884,-0.13313761,-0.1054196612266459,0.6952744722366333,0.2998792886734008,-14.52569580078125,-14.1367919921875,-26.313040494918823,-0.999954310869275
N112D:K118P:D134H:D139Q:I142C,1.367067637,-0.17559853,-0.0993784839996664,-4.112481117248535,-4.788444662094117,-11.08685302734375,-8.879199218750001,-23.36382341384888,-0.9999935618401736
N112D:N116D,1.519705001,-0.06181431,-0.0218629124325789,0.7299280166625977,0.7554583549499512,2.16326904296875,1.6304809570312495,-6.540460824966431,-0.2293537437912595
N112D:N126D,1.335259427,-0.06157729,-0.0185323694846808,-0.1798367500305175,0.6165857553482056,1.728515625,2.7148559570312503,-6.168920516967773,-0.2588407589517471
N112D:S122T:S136P:D139A:S144A,1.13328487,-0.08790612,-0.0609653242117994,-1.9716542959213257,-1.7924940586090088,-7.2957763671875,-6.14532470703125,-20.89847040176392,-0.9823636434445652
N112E,1.5633394930000002,-0.016220033,-0.0048739613163089,-0.4010443687438965,-0.2692745685577392,0.3692626953125,0.4671875,-4.218518257141113,-0.3908390898194059
N112E:N116E,1.5735970190000002,-0.061104834,-0.0286950488107484,0.3492031097412109,0.2591526985168457,-2.26776123046875,-2.5429443359375004,-7.30241584777832,-0.8168216847699359
N112E:N116R:I128G:S136Y,1.582003017,-0.16773447,-0.1144870744481205,-6.096142053604126,-6.150367355346679,-10.24407958984375,-9.4439453125,-22.502647399902344,-0.9999049115124806
N112E:N126E,1.721160894,-0.057285577,-0.0216993555903859,-0.9412887096405028,-0.2048813819885254,0.04620361328125,0.35904541015625,-7.236189603805542,-0.9592458440655096
N112E:N126E:D134R,1.755713189,-0.112912536,-0.0665777348962967,-3.230304479598999,-3.197118902206421,-6.8916015625,-5.32103271484375,-13.495059251785278,-0.9998789476362118
N112E:S117Q:D127P,1.539562826,-0.12605837,-0.0791047663026858,-2.2706522941589355,-2.4033239126205443,-8.36212158203125,-8.0226806640625,-14.70437240600586,-0.9999216615055194
N112F:N116Q:S122T:L137A:A141P,1.320694575,-0.15442279,-0.115378111706934,-0.7729116678237915,-1.606389570236206,-10.9520263671875,-11.435632324218751,-21.63655996322632,-0.999966607941917
N112G:I128C:T131E:T132G:S136Y:D139H,1.338901354,-0.19107515,-0.1319972679708352,-8.571435689926147,-9.306435441970825,-17.07861328125,-15.3794189453125,-30.716384410858154,-0.999992580198642
N112G:S117H:K118G:D125Q:V130P,1.222765791,-0.19639549,-0.0972005497942616,-4.144729137420654,-5.098119401931763,-10.93695068359375,-9.1850341796875,-24.84463238716125,-0.9999990176163748
N112H:I128M:V130G:D133C:K140Q,1.464717642,-0.1640073,-0.136958274977063,-6.959489583969116,-7.524666547775267,-18.28436279296875,-17.12821044921875,-26.096200942993164,-0.9999558201832056
N112H:K118A:D133I:D134P:I142S:S144E,1.483528269,-0.19376203,-0.1263666119015515,-1.5087687969207764,-2.5074120998382567,-12.316162109375,-11.4253662109375,-24.12043571472168,-0.9999981504968644
N112H:K118N:E119D:I128P:D133T:S136M,1.439121848,-0.18185925,-0.0978803532827792,-1.572248935699463,-2.1881762981414794,-8.27044677734375,-6.50472412109375,-24.88302707672119,-0.9999500409309636
N112H:S117E:S122W:A141T:E143F,1.0387513590000002,-0.27147382,-0.1997357025689501,-4.435211658477783,-5.252208471298218,-17.21295166015625,-17.50147705078125,-26.799405336380005,-0.9999954432990716
N112H:T121G:P129W:L137A,1.252827738,-0.20888597,-0.1268275793761121,-5.382707118988037,-5.7549888610839846,-9.66192626953125,-9.21749267578125,-23.430912971496586,-0.999321648031391
N112I:K118P:S122P:D125N:N126S,1.5751189559999998,-0.19914305,-0.112462759866409,-2.229275941848755,-2.2181782007217405,-11.32952880859375,-10.03162841796875,-21.432673454284668,-0.999057599960376
N112I:L113F:I128E:V130F:D133W,1.058154708,-0.21262076,-0.1321922112190002,-5.048979878425598,-4.891748404502868,-14.072265625,-12.88201904296875,-25.05147767066956,-0.9999997512992834
N112K:L113C:K118G:S136G:A138P,0.958516643,-0.1550712,-0.0969908364726979,-5.130703449249268,-5.634448051452637,-9.9307861328125,-9.63743896484375,-22.122079133987427,-0.9998897646759164
N112M:K118C:E119F:V130S:L137Y:I142H,0.952002341,-0.29580265,-0.1918298035754003,-6.061310529708862,-5.818815040588379,-15.74639892578125,-14.5491455078125,-32.46312379837036,-0.9999999908068994
N112M:L113S:T121Q:T131P:A138V,1.514449275,-0.14797729,-0.0916787687145519,-1.4383381605148315,-1.5907948732376098,-10.171630859375,-9.49603271484375,-22.19809579849243,-0.9998251984232662
N112M:T121W:V130P:A138L:S144Y,0.873564655,-0.3017894,-0.1919297187778025,-5.249161243438721,-4.65790114402771,-15.5738525390625,-14.8196044921875,-24.40020251274109,-0.9999994466374624
N112P:E119L:K140M:I142N,1.21525718,-0.19107932,-0.1273493104982206,-0.4738698005676269,0.143265700340271,-10.77117919921875,-10.887646484375,-18.13813877105713,-0.9990839323166208
N112P:L113F:N116Y:D127G:L137W:S144D,1.040580545,-0.25454545,-0.1402106234187333,-5.436368823051453,-5.530715990066528,-12.89959716796875,-12.27957763671875,-29.77614903450012,-0.9999879648590664
N112P:L113G:N126S:P129C:I142P,1.405649785,-0.1885055,-0.1029512127099088,-3.861865401268005,-3.877088165283203,-13.53607177734375,-13.12598876953125,-21.086289882659912,-0.9999989392081872
N112P:L113V:S136R:D139H,1.4134336440000002,-0.12395477,-0.0658877226805771,-3.8339613676071167,-4.828381705284119,-6.95904541015625,-6.636975097656249,-17.79273796081543,-0.9930102644989756
N112P:N116Q:T121Q:L137V,2.024696967,-0.10624939,-0.0597347924717804,0.1874341964721679,-0.2991986989974975,-4.994873046875,-5.165612792968751,-17.019075870513916,-0.9908108231359938
N112P:S117M:V130Q:T131L,0.997865941,-0.14741856,-0.0943248925259954,-1.0245306491851809,-1.5418340682983398,-10.248046875,-9.834777832031248,-17.94212508201599,-0.9999435673270404
N112P:S122G:I128Q:T131I,1.764283116,-0.14810568,-0.0783161964280749,-3.116329431533813,-3.3205873012542724,-11.80029296875,-10.82432861328125,-19.696556568145752,-0.9999622979033844
N112P:S122I:I128S:D134P:A138D,1.760660235,-0.2029719,-0.1184207468270407,-3.142991542816162,-3.216444778442382,-14.45989990234375,-12.461242675781252,-24.17752313613892,-0.9999999995233264
N112P:T121A:N126W:V130H,1.232998417,-0.21071053,-0.137079476461716,-2.7582571506500244,-3.2901105880737305,-11.36865234375,-10.479895019531249,-21.906957626342773,-0.9999998726500324
N112P:T131P:S136P:A138C,1.118023074,-0.114687175,-0.0624973392147186,-2.493795156478882,-2.6922961711883544,-7.0458984375,-6.7026733398437495,-17.975287437438965,-0.999740801619172
N112Q:D125A:N126G:T131H:K140N,1.52812133,-0.17935374,-0.1263146451359542,-3.6994948387146,-3.894940328598023,-12.57281494140625,-11.6202880859375,-23.300395488739014,-0.999933612629755
N112Q:I128P:S136I,1.649839904,-0.11601496,-0.0735464401516626,-2.410043239593506,-2.6484360694885254,-6.739501953125,-5.9515625,-13.542239665985107,-0.9990930063264868
N112R:N116H:T121D:S144P,1.34576409,-0.15389416,-0.1105659457712411,-1.8991634845733645,-2.752403664588928,-10.95989990234375,-10.7494873046875,-22.2564435005188,-0.996270514437514
N112S:I128V:L137A:I142V,1.24566366,-0.057378083,-0.0262759062743273,0.603081226348877,0.454414439201355,-3.46368408203125,-2.267724609375,-12.35907506942749,-0.6414613280734746
N112S:K118I:S122D:T131G:V135K,1.1123972640000002,-0.17942846,-0.1411710040000834,-0.9310909509658812,-1.725402307510376,-15.3758544921875,-14.1855224609375,-25.27223396301269,-0.9999992598526346
N112S:V135G:A141T:S144V,1.997105364,-0.06793952,-0.0398259281687889,-0.6146841049194336,-0.675400686264038,-7.7537841796875,-6.763378906250001,-15.213693380355837,-0.9870627569160276
N112V:N116P:S122Q:V130A:V135P,1.044026401,-0.1893197,-0.1282770014318283,-2.44234311580658,-3.2163931846618654,-15.80462646484375,-15.00501708984375,-25.004292249679565,-0.9999999926719754
N112W:E119S:V130P:A141E:I142L:S144G,1.198851566,-0.24332064,-0.1288528713891514,-4.362022876739502,-4.179360508918762,-10.1522216796875,-9.88355712890625,-28.90195608139038,-0.9999996784851674
N116A:A138G,1.4662351340000002,-0.06417248,-0.0356778182168872,0.1498868465423584,0.1044289112091064,-2.693603515625,-3.10521240234375,-8.025189399719238,-0.5234536228909967
N116A:S117R:D133P:S136K:K140E,1.347763794,-0.2090902,-0.1210646985688668,-1.1780521869659424,-1.8682381153106689,-6.072509765625,-7.198986816406251,-20.54258227348328,-0.9995385536646612
N116C:I128P:V130P:D139V:S144E,1.150843719,-0.21327606,-0.1176815372344861,-5.142246723175049,-3.8957385063171386,-12.4095458984375,-11.41033935546875,-23.57652759552002,-0.9999998433435588
N116D,1.667267101,-0.030417383,-0.0129926688306272,0.7754232883453369,0.7139101982116699,1.27484130859375,0.0232421874999999,-2.6940958499908447,-0.1025697750775158
N116D:K118D:N126M:D127G:I128R:D139M,1.368320184,-0.26942885,-0.1450968026266403,-2.950874090194702,-3.9544930934906,-12.63153076171875,-11.66163330078125,-27.373305082321167,-0.9999999482105508
N116D:N126D,0.992787564,-0.06938958,-0.0261858739886844,0.6410818099975586,1.2889477968215943,2.0152587890625,0.98006591796875,-5.016651391983032,-0.19902817147442
N116D:S117V:T132E:D133R,1.266337151,-0.12771758,-0.0620321905061443,-1.799806833267212,-2.4676528453826903,-3.2447509765625,-4.9159301757812495,-18.31906771659851,-0.9380401847338108
N116D:T121L:D127K:V130S:K140P,1.485967339,-0.1755963,-0.1190489093604036,1.3446705341339111,1.1798896312713625,-10.23223876953125,-10.3552490234375,-19.304279088974,-0.9999998567735584
N116E,1.283787331,-0.038716167,-0.0213420501383174,0.7502474784851074,0.528427267074585,-2.6092529296875,-2.926806640625,-3.083897590637207,-0.3000843868249281
N116E:E119P:D127Y:I128T,1.866744277,-0.19695598,-0.1167836036546374,-2.608959436416626,-2.045038032531738,-12.80865478515625,-11.389538574218747,-18.00315809249878,-0.9999957825452578
N116E:N126E,1.429176356,-0.07708281,-0.0370835273715525,0.2100031375885009,0.5928204536437989,-2.70379638671875,-2.9817626953125003,-6.101568937301636,-0.94022209672344
N116E:T121M:I128L:D133F:V135G:A138W,1.19820317,-0.19496402,-0.1423451705335299,-1.90161681175232,-2.829831004142761,-22.25360107421875,-20.92724609375,-26.16504430770874,-0.9999991790313442
N116E:V130L:D134C:V135E:A138T:E143Q,1.422688921,-0.14081144,-0.1020343821243884,-3.264748334884644,-3.5601386785507203,-16.63446044921875,-14.878662109375002,-25.18430209159851,-0.9999995320056672
N116F:S117E:E119N:P129Q:T132Y,1.086778512,-0.24186063,-0.1665179160990325,-1.092090368270874,-1.347682762145996,-10.88604736328125,-11.239465332031251,-24.360251903533936,-0.9995892313552306
N116G:N126R:V135A,1.34788505,-0.12974161,-0.0767861362878113,-2.7187983989715576,-2.861220359802246,-5.27447509765625,-4.407177734375,-14.735990762710571,-0.9977414979691488
N116G:T132G:L137Y:K140H,1.023401361,-0.13259426,-0.0824898281979815,-4.327347040176392,-4.298706340789795,-4.46759033203125,-4.2011962890625,-19.67118787765503,-0.9665557174683372
N116G:V130H:V135C:S136H,1.250709069,-0.15996304,-0.1309901878927102,-7.400803565979004,-7.832399368286133,-13.46258544921875,-12.161328125,-22.55208396911621,-0.9999982894420846
N116H:S117T:I128W:T132L,1.077455573,-0.16235408,-0.1157401957121608,-4.34243106842041,-3.789373755455017,-12.414794921875,-11.97991943359375,-20.426830291748047,-0.994742014237214
N116I:S122A:V130P,1.208203085,-0.15317914,-0.0774384087939279,1.334863781929016,0.7098132610321045,-9.48394775390625,-9.741015625,-15.641115188598633,-0.9992314760166116
N116L:S117V:S122Q:I128E:V130C:L137I,1.001281012,-0.32805938,-0.1794762119279638,-2.201049447059632,-2.461208724975586,-19.76629638671875,-18.996337890625,-32.61096549034119,-0.9999999955771276
N116M:T132H:V135G:S136M:A138D:E143A,1.200368837,-0.19187504,-0.1145322534961632,-3.4910449981689453,-4.580126333236694,-11.4505615234375,-11.11416015625,-28.507227897644043,-0.9999421894361789
N116M:V135G:S136I:L137A:I142T,1.037735386,-0.15913326,-0.1040705344855149,-0.7502593994140625,-1.745720052719116,-12.716552734375,-12.170068359375,-21.583162784576416,-0.9974471558619976
N116P:D125P:S144D,1.4802153669999998,-0.14926094,-0.0693892618091081,-2.3026669025421143,-2.6813772439956667,-6.021240234375,-4.44351806640625,-14.20360517501831,-0.9992929943420458
N116P:K118V:S122M:V135Q:I142T:E143Q,1.861438771,-0.19598475,-0.149878559587689,-2.8786211013793945,-3.631987953186035,-17.43341064453125,-17.19554443359375,-29.266345739364624,-0.99999904238587
N116P:S117D:D133S:A141F:I142D:E143F,1.282001132,-0.1574043,-0.1027918371017293,-1.1801750659942627,-1.2986815452575684,-11.13372802734375,-12.1026123046875,-23.01448225975037,-0.9999990576224947
N116P:S122N:N126C:I128T:T132S,1.038848706,-0.15596294,-0.118028416752391,-2.7561792135238647,-2.686041069030762,-14.5164794921875,-13.71473388671875,-23.274269580841064,-0.999996922662948
N116P:T121A:S122M:V130Q,1.507729385,-0.14900136,-0.1008066197731316,-2.406787395477295,-2.5648155212402344,-14.11004638671875,-14.100769042968752,-23.242586612701416,-0.9999956739670596
N116P:T132A:V135I:D139E,0.941004629,-0.0594815,-0.032667384028859,0.2110548019409179,-0.043971300125122,-4.92547607421875,-4.26678466796875,-14.487779378890991,-0.8024144674812077
N116Q:D133Q,1.63879957,-0.06261635,-0.0360467985431495,-0.518834114074707,-1.0030806541442872,-2.43511962890625,-2.95299072265625,-8.22972583770752,-0.6397539381998849
N116Q:E119T:V130A:S144T,1.313662933,-0.08359957,-0.0469022051719584,-1.0806026458740234,-0.7656225442886353,-5.47613525390625,-5.06512451171875,-16.274605751037598,-0.9952569067744976
N116Q:N126H:T132I:K140T:A141E:S144N,1.174880875,-0.15354362,-0.0865860256860264,-2.221086502075196,-2.1720305919647216,-7.9815673828125,-8.884289550781249,-25.1993100643158,-0.9990665071312328
N116S:D125S:P129V:L137W:A138E,1.525238491,-0.16743863,-0.1071850108082184,-3.211046934127808,-2.630321931838989,-9.982421875,-9.82777099609375,-20.223562479019165,-0.9989916034086892
N116S:I128L:T131Q:A138M,1.196728444,-0.0780313,-0.0681522681619773,-0.2478024959564209,-0.1785094022750854,-10.02099609375,-9.12569580078125,-14.980083227157593,-0.9720943427399538
N116T:I128N:I142Y:S144C,1.51054807,-0.1595091,-0.104223882600506,-5.083787679672241,-4.980715751647949,-12.0189208984375,-11.636242675781247,-20.17953586578369,-0.9975415933181124
N116T:N126S:T131H:I142H,1.541221458,-0.113658726,-0.0869634770837967,-2.5585176944732666,-3.054074740409851,-11.97418212890625,-12.020397949218747,-17.535264492034912,-0.9905732306824592
N116T:S122H:T132G:V135F:A141C:I142V,1.512035424,-0.17071578,-0.1478518557293984,-5.232378005981445,-5.239449048042298,-18.83367919921875,-18.44720458984375,-30.324913501739506,-0.9999945354768534
N116V:I128P:L137W:D139G,1.332459056,-0.20571113,-0.11712271802366,-4.346953630447388,-4.224627923965454,-10.9119873046875,-10.3619873046875,-19.54420280456543,-0.9995999956710871
N116V:S117Q:D139N:K140N:S144G,0.969372726,-0.16656387,-0.0938395435699789,-1.1415081024169922,-1.773796796798706,-7.932373046875,-8.8927001953125,-21.964184999465942,-0.9697405539179637
N116V:T121Y:I142Q,1.421665131,-0.16426414,-0.0850448336889735,-0.4166088104248047,-0.8944960594177246,-6.22564697265625,-6.44144287109375,-12.864441871643066,-0.9941122154440286
N116W:I128N:T132F:S136F:S144H,0.945482388,-0.31973696,-0.180777661740992,-3.765565633773804,-3.5546193599700926,-11.5948486328125,-10.94490966796875,-26.71492052078247,-0.9999479513244814
N116W:T131H:L137C:A141W:I142C:S144I,0.976114628,-0.34788483,-0.2345430095849088,-10.928104639053345,-10.550434112548828,-21.15167236328125,-21.304724121093752,-38.35715961456299,-0.9999999172276506
N116W:V135K:K140C,1.133063282,-0.22950798,-0.1566760514554603,-3.009903907775879,-2.458872413635254,-11.15899658203125,-11.1646484375,-18.07453680038452,-0.9999360868049748
N126A:V130G:D134H,1.447832194,-0.120034724,-0.077213328079821,-3.5545248985290527,-3.7112730979919433,-10.85980224609375,-9.11331787109375,-14.456556797027588,-0.999982222945463
N126C:I128L:T132D:V135G:L137M:D139G,1.414664504,-0.14255038,-0.1007408060637233,-6.09337854385376,-6.208155846595764,-18.645751953125,-16.14515380859375,-27.86849021911621,-0.9999294420614524
N126D:D127Q:V135G:S136M:A138C,1.04840807,-0.13714102,-0.0744543652517515,-6.717205762863159,-6.442610502243042,-11.35986328125,-9.39776611328125,-25.412315845489506,-0.99998533107133
N126D:P129F:T131R,1.4146893669999998,-0.13443288,-0.0946326204890458,-2.499819278717041,-2.1190831422805787,-6.68402099609375,-6.2740478515625,-12.5887451171875,-0.9843622371919
N126E:D134W:L137N:A141Q,0.913793946,-0.10925266,-0.0719709294546542,-4.9577484130859375,-4.875341701507568,-10.10015869140625,-8.69478759765625,-18.670281171798703,-0.9999994593445628
N126E:T132G:A138I:I142Q:E143C,1.340814474,-0.16352397,-0.0804641017710188,-4.414712429046631,-3.73512659072876,-7.8504638671875,-7.7232421875,-21.788270711898804,-0.9999845910403709
N126H:T132W:S144W,0.97990737,-0.23391774,-0.142048357220307,-8.36224365234375,-7.964667558670044,-9.7406005859375,-9.4943115234375,-20.835938930511475,-0.9888795143072868
N126I:D127L:P129A:V130W:L137D:I142W,1.28269611,-0.34799248,-0.2282160965997554,-6.874529123306274,-6.511821722984314,-19.464599609375,-18.384533691406247,-32.843494176864624,-0.9999999998191568
N126L:A141H:I142F:S144T,1.076814698,-0.11092606,-0.0817784210965303,-0.8923732042312622,-0.8366843223571777,-11.21929931640625,-11.045202636718752,-16.328640699386597,-0.9992413314843058
N126L:V130H:T131H:A141V:S144W,1.027629229,-0.21677786,-0.1751762743098032,-6.876361012458801,-7.08327534198761,-17.321533203125,-16.132495117187503,-26.90196180343628,-0.9999996272797652
N126S:I128D:P129I:L137M,1.439127976,-0.11867556,-0.0649279937201123,-3.948774337768554,-2.963861870765686,-9.43115234375,-7.70535888671875,-18.25681781768799,-0.9996479460399093
N126V:V130A:V135A:I142L,1.0756725,-0.089214414,-0.0475702251828014,-0.1567573547363281,-0.2359939336776733,-8.58184814453125,-7.0583251953125,-14.03996992111206,-0.9999392753680006
N126W:P129M:V135S:I142M,0.979569344,-0.21740964,-0.1209729286275301,-4.160856008529663,-4.821593332290649,-11.41461181640625,-10.66123046875,-21.260210275650024,-0.999982515990964
N126W:P129Q:T131G:S144W,0.982591779,-0.27448165,-0.1600911422132174,-7.216679096221924,-8.23673119544983,-12.15509033203125,-11.25465087890625,-25.14699411392212,-0.9999573739685472
N126Y:I128E:T131K:S136E:E143G,1.290896626,-0.15477824,-0.0922214603084686,-2.6785647869110107,-3.4056390285491944,-11.05364990234375,-9.587756347656253,-21.141358852386475,-0.9999742615102388
P106A:F108D:D115Q:S117A:S136K:K140G,1.37511336,-0.16864619,-0.1653460302386844,-3.001424789428711,-3.7080456495285032,-19.61669921875,-19.20360107421875,-29.60356950759888,-0.9999999299551392
P106A:F108P:S122I:D125E:V130W,1.395933247,-0.27856755,-0.2088072970244383,-5.911767482757568,-5.6152508020401,-26.55859375,-25.28475341796875,-34.350770473480225,-0.9999999999998276
P106A:K118Q:T121E:N126P:D127K:A141S,1.402605994,-0.18694869,-0.1281827879121719,-0.2168048620223999,-1.2897345304489136,-14.57855224609375,-13.35396728515625,-31.28725862503052,-0.9999999902728872
P106A:N126F:D127G:V130G:I142D,1.420824038,-0.20123127,-0.1202128671666481,-1.946307182312012,-2.8993553161621093,-16.852294921875,-15.4501953125,-25.568556785583496,-0.9999999998673637
P106A:N126Y:I128W:L137I,0.825838643,-0.19322136,-0.1466970749172875,-3.2762269973754883,-3.715154218673706,-16.7008056640625,-15.11065673828125,-22.017200231552124,-0.999995341582858
P106A:S117E:V130T:D134G,1.7431536930000002,-0.13467875,-0.1137783824336911,-0.8781704902648926,-1.738333559036255,-14.75286865234375,-13.5791259765625,-18.16031503677368,-0.9999993853633444
P106A:Y110N:D125E:D127P:S136D,1.332619643,-0.18162552,-0.1251567148228981,-0.2326219081878662,-1.2155210733413695,-12.52215576171875,-10.7400390625,-22.44727396965027,-0.9999999586116068
P106C:S117P:V135L:A138I:I142T,1.069534373,-0.16967657,-0.1114437334053881,-2.843895196914673,-3.000881385803223,-15.42156982421875,-15.36341552734375,-25.26817226409912,-0.9999992245473308
P106C:S122M:I128F:P129Y:T132Q:V135A,1.052625257,-0.2954628,-0.2133421439717249,-8.979285717010498,-9.428305220603942,-27.6832275390625,-25.82593994140625,-38.96122884750366,-0.9999999999352012
P106C:Y110K:K118D:I128Q:D134A,1.27400154,-0.23918408,-0.1441708493487267,-1.397796869277954,-3.2874479055404664,-15.08074951171875,-12.944873046875,-23.91317391395569,-0.9999999998856042
P106D:E111C:N126W:I128Q,0.968247918,-0.27348107,-0.1802737958914869,-3.904665946960449,-5.425516033172608,-21.3157958984375,-19.23653564453125,-24.432641983032227,-0.9999999999223692
P106D:F108W:N116P:D127H:A138G,1.400599407,-0.23170385,-0.1586933611126557,-4.749837875366211,-5.342500853538513,-23.4139404296875,-23.05963134765625,-27.45797872543335,-0.9999999988540054
P106D:M107F:V130A:E143W,1.030431317,-0.16538578,-0.1373989336007006,-1.4044685363769531,-2.1983031749725344,-17.62786865234375,-16.89207763671875,-18.74897503852844,-0.9999999972415404
P106D:N116L:T131L:T132Q:V135R,1.065755367,-0.22110584,-0.1652108189049989,0.9422376155853271,-1.2078114032745362,-19.62554931640625,-19.14602050781249,-25.05900406837464,-0.9999996184669934
P106D:Y110F:K118A:S122H:V135T,1.31038512,-0.18834558,-0.1466401666933107,1.153520107269287,-0.3011882781982422,-16.848388671875,-16.759033203125,-23.77409267425537,-0.9999999611089874
P106D:Y110M:D127R:I128S:K140A,1.941250772,-0.24347067,-0.1659307513796986,-1.1468756198883057,-2.177327823638916,-18.01702880859375,-16.715405273437497,-24.267738819122314,-0.9999999992604875
P106E:E109T:I128S:K140N:E143A,1.265333994,-0.17192769,-0.1040441438396631,0.8678834438323975,0.280042839050293,-13.08612060546875,-11.74114990234375,-21.122977256774902,-0.9999996134989916
P106E:M107S:Y110L:N116T:T131P:D139R,1.595799688,-0.19670466,-0.1243620088516181,3.026499032974243,2.335176372528076,-14.26507568359375,-14.320788574218753,-24.07078433036804,-0.9999999956926628
P106F:N116E:I128P:E143S,1.274287448,-0.2080907,-0.1175950888637121,-0.4239764213562011,-0.7451317071914673,-14.18719482421875,-13.6928466796875,-18.468626022338867,-0.9999999670441608
P106F:P129G:T131K:S136D,1.102358546,-0.16141707,-0.0996337564814557,-1.7805211544036863,-2.5781856060028074,-12.90631103515625,-12.57684326171875,-20.561432361602783,-0.9999991142920632
P106F:Y110H:D134P:V135C:L137V:I142M,1.596872038,-0.18742967,-0.1323367081503004,-5.3128416538238525,-5.968389344215393,-17.21405029296875,-15.299072265625,-29.862210988998413,-0.9999999999419948
P106F:Y110P:L113C:T121A:I142P,1.6649257519999998,-0.16378805,-0.1225672277267293,-2.632622241973877,-2.3973220348358155,-14.8818359375,-15.0568603515625,-25.194767236709595,-0.9999999998536384
P106G:D127M:I128E,1.211908195,-0.15457526,-0.1111905243897353,-1.727128982543945,-2.451014518737793,-16.4066162109375,-14.78291015625,-17.535941123962402,-0.9999999802596564
P106G:F108P:V130H:D139M:K140M,1.308204115,-0.20218056,-0.1777082558628503,-5.00464391708374,-5.140304064750671,-23.322021484375,-22.267199707031253,-28.021167278289795,-0.9999999999972566
P106G:F108R:Y110P:T132C:K140G,1.343870859,-0.19425681,-0.1513650154303826,-5.389883995056152,-5.488734865188599,-18.3203125,-18.66778564453125,-29.12530303001404,-0.999999999628562
P106G:F108T:N126T,1.443090034,-0.14402416,-0.1096421102612044,-0.7130715847015381,-1.2245712995529174,-14.1260986328125,-13.66082763671875,-15.397779941558838,-0.9999986311847298
P106G:M107G:L113S:N116C,1.613369921,-0.1636712,-0.1407756873297098,-1.7235206365585327,-1.7000540018081665,-18.45849609375,-19.060302734375,-21.150906801223755,-0.9999998866893324
P106G:N112G:T121W:I128W:A141I,0.89101325,-0.31655014,-0.201087924509286,-4.8277764320373535,-5.057721281051636,-22.2275390625,-20.829443359375,-26.758087158203125,-0.9999999994926124
P106G:N112V:P129Q:V135G:K140Q:S144N,1.233513273,-0.21608043,-0.1519157436818839,-3.367616653442383,-5.167166042327881,-20.17938232421875,-19.421044921875,-29.95823097229004,-0.9999986252693096
P106G:N116Q:V135G:D139C:K140Q,1.503772177,-0.17249086,-0.1351740826915591,-4.523969650268555,-5.555271100997925,-18.7901611328125,-18.45386962890625,-26.947482585906982,-0.999998980985877
P106G:Y110R:K118D:D139N,1.31788406,-0.13773194,-0.1037888170561333,0.6743316650390625,-0.5677682161331177,-9.8662109375,-9.448291015625,-17.856828927993774,-0.9999935912924413
P106H:E109D:Y110A:T121S:I128S:P129A,1.443971776,-0.1677922,-0.1168113518440002,1.623848795890808,0.2484561681747436,-15.70208740234375,-13.3133544921875,-25.054584980010983,-0.9999999705027608
P106H:F108D:N126I:V130S:K140M:E143K,1.327818199,-0.20677626,-0.1781861111786866,-2.762563705444336,-3.491367745399475,-24.12139892578125,-23.558203125,-28.970199584960938,-0.9999999999783008
P106H:F108N:S117M:S136H:K140M:S144R,0.97760118,-0.22401091,-0.1867345083650746,-7.817020177841186,-9.251757740974426,-23.422119140625,-23.603308105468752,-36.29370975494385,-0.9999999951228028
P106H:F108V:Y110A:V130P:S136A,1.462266061,-0.17887968,-0.1245370233610432,-2.61250114440918,-3.2819888830184936,-14.109375,-13.710412597656248,-24.28670644760132,-0.9999999985579971
P106H:S117I:S122G:I128T:S136M,1.454576888,-0.2106494,-0.1481569229071675,-5.845140695571899,-6.290383815765381,-20.93072509765625,-20.1703125,-31.667890071868896,-0.9999996998837434
P106H:Y110E:E119C:D127G:K140N:S144N,1.636764436,-0.27155566,-0.1598039403080516,-6.624283313751221,-6.611805129051208,-14.02349853515625,-13.387976074218752,-32.24819898605347,-0.9999999983831858
P106I:S117I:I128V:T132C:V135N:I142Q,0.989573037,-0.25065958,-0.1808120890444284,-5.285078048706055,-6.262542343139648,-23.48260498046875,-22.126708984375,-34.1532769203186,-0.9999999898113244
P106I:S122N:T131F:I142W:E143D,0.977332809,-0.23312524,-0.1851381457997386,-6.086129307746887,-6.42581844329834,-21.3448486328125,-21.123669433593747,-29.928449869155884,-0.9999999835694292
P106I:S136N:L137P:D139L:K140P,1.397358643,-0.1441653,-0.0871254048737768,-2.4823787212371826,-2.821775770187378,-7.67718505859375,-7.41068115234375,-23.03457736968994,-0.9999994262685892
P106I:Y110N:N116V:I128G,1.525401199,-0.16792282,-0.1059666426580572,0.3848898410797119,-0.7539335250854492,-11.9139404296875,-11.09649658203125,-20.330697774887085,-0.9999999274172474
P106I:Y110V:K118Q:D127E:I128A:I142K,1.606257701,-0.2294879,-0.1608795491826068,0.1821458339691162,-1.4266720056533813,-17.62445068359375,-16.217822265625,-26.147873640060425,-0.9999999996014072
P106K:F108D:N116D:T121G:D125L,1.688942687,-0.24177971,-0.1717443500125112,-1.6496820449829102,-2.332685041427612,-20.32427978515625,-20.4201416015625,-28.00214171409607,-0.9999999996801968
P106K:F108G:A138M:D139M,1.400573814,-0.1822176,-0.1490776632179993,-4.863792419433594,-5.12051260471344,-20.18109130859375,-19.69244384765625,-22.500081539154053,-0.9999999882612062
P106K:K118W:V135G:L137S:A141G,1.034608304,-0.19595322,-0.1502500920957518,-3.435378313064575,-4.92097806930542,-17.43548583984375,-16.3762451171875,-27.17005443572998,-0.9999999228553044
P106K:T121S:K140A:I142T,1.055535141,-0.09974533,-0.0751737547090469,1.1460483074188232,0.8775284051895141,-12.78570556640625,-12.63883056640625,-17.850034952163696,-0.9999530256362852
P106L:D115G:S136Q:L137A:A141D,1.5013662769999998,-0.1812967,-0.121185682846558,-2.933688163757324,-3.862400436401367,-10.861572265625,-10.93231201171875,-25.05966281890869,-0.9999744477838692
P106M:L113A:E114D:P129G:V130G:T131M,1.532628959,-0.22306192,-0.1523315864101424,-5.486056685447693,-6.053141045570373,-20.29901123046875,-19.4942626953125,-31.42812871932984,-0.9999999884691084
P106M:L137Q:A138I:S144G,1.139461251,-0.12820345,-0.0837295369321341,-3.176230430603028,-4.153035068511963,-10.71002197265625,-10.634069824218749,-22.00324440002441,-0.9999098520092854
P106M:T121W:A141H:S144T,1.015598936,-0.20804587,-0.1414232898861488,-4.198526620864868,-4.895131754875183,-17.76776123046875,-17.370153808593752,-22.863250017166138,-0.9999998565328406
P106N:E109K:L113G:L137W:K140D,1.3051927559999998,-0.21290606,-0.1583728722406028,-5.28878915309906,-5.271555733680725,-18.67279052734375,-18.1708740234375,-26.49673748016357,-0.999999873387569
P106N:K118A:T132G:L137N:K140R:E143T,1.353143067,-0.15984154,-0.1332241071925045,-1.153609275817871,-2.5603716373443604,-13.8511962890625,-14.14384765625,-26.88930892944336,-0.9999907885999728
P106N:M107G:I128W:S144Q,1.029058042,-0.17660537,-0.1422358611300322,-2.5334794521331787,-3.113799047470093,-18.93585205078125,-18.16788330078125,-22.36162805557251,-0.999999999513374
P106N:N116S:N126D:V130I:D133G:I142N,1.294872413,-0.14205047,-0.0949551728272353,-0.3123855590820312,-0.2507708311080933,-14.3870849609375,-14.3091064453125,-23.221829175949097,-0.9999876090127944
P106N:N126G:A138M,0.0,-0.12798852,-0.1029435561645073,-1.4815280437469482,-1.5158259391784668,-13.34014892578125,-13.0212646484375,-15.553163051605225,-0.9999829870281908
P106N:Y110D:K140F:I142C,0.95208611,-0.17313313,-0.1002412300517127,-0.2536728382110595,-0.2759421348571777,-9.441650390625,-10.05035400390625,-17.80061435699463,-0.9999999260906572
P106Q:E109C:L113E:N116P:N126T,1.3884470290000002,-0.20919722,-0.1618742484639125,-4.265841364860535,-5.1271381139755245,-22.0008544921875,-21.3144775390625,-25.85379409790039,-0.999999975858172
P106Q:L113M:V130G:T132C:S136I,1.460158228,-0.16773564,-0.1244601863983263,-7.223679423332214,-7.43090341091156,-18.95758056640625,-18.25443115234375,-28.427314281463623,-0.9999989575451368
P106Q:M107L:N112P:K118V:V135R:S136D,1.382425135,-0.15840802,-0.1376981361905027,-0.7249791622161865,-2.3795118331909184,-17.51971435546875,-16.624316406250003,-25.706121683120728,-0.9999999829935716
P106Q:N116Q:S117W:K118C:I128H:D133Y,0.8111893259999999,-0.30695772,-0.2229205908724422,-7.444711446762085,-9.33615198135376,-25.3192138671875,-24.727624511718748,-38.36079216003418,-0.9999999985206232
P106Q:Y110Q:N116E:T132R:D133V,1.630594492,-0.22125804,-0.1445134933308774,-1.471863031387329,-3.090311622619629,-14.323974609375,-14.90458984375,-23.074622869491577,-0.9999988114510427
P106R:F108I:P129E:S136M,1.547959818,-0.17426124,-0.1075847259195674,-5.107689619064331,-5.6773563623428345,-13.6578369140625,-13.658349609375,-23.41825771331787,-0.999994926276209
P106R:K118L:N126P:I128Q,1.150192243,-0.20482484,-0.1326575228327958,-1.988516330718994,-3.0542781591415404,-15.79595947265625,-14.547937011718751,-22.341497898101807,-0.9999999692441138
P106S:F108D:E119G:D125Y:K140D,1.324326762,-0.29281676,-0.1768966620502947,-3.055509328842163,-3.548340320587158,-18.97003173828125,-18.074584960937504,-26.708879470825195,-0.9999999948007308
P106S:N116H:I128T:K140R,1.399490985,-0.10686219,-0.0999748800148743,-1.2802331447601318,-2.296078324317932,-15.2369384765625,-14.88538818359375,-19.551379203796387,-0.9999448410511638
P106S:S122T:V130P:S144L,1.219463619,-0.120256424,-0.0837774310671987,-1.1784807443618774,-1.5949382543563844,-12.9967041015625,-12.7174560546875,-20.90720558166504,-0.9999989078399624
P106T:F108V:D125L:T131E:S136H:A141Q,1.177537796,-0.2417494,-0.1787223951672321,-4.07622218132019,-4.969970941543579,-24.39068603515625,-22.81231689453125,-32.53692293167114,-0.9999999994580232
P106T:K118R:T131P:S136T,1.25216812,-0.11142823,-0.0776481764172321,-1.2125194072723389,-2.1049497604370115,-10.89788818359375,-10.53056640625,-19.47567749023437,-0.9996606854330194
P106T:N112P:S122N,1.642554539,-0.08482963,-0.0865281943324621,-0.6897929906845093,-0.981867218017578,-14.195556640625,-14.225402832031248,-16.608781814575195,-0.9999907080572952
P106T:Y110N:L137V,1.3477902430000002,-0.08393362,-0.0603720776975368,1.6878547668457031,1.074368596076965,-5.39471435546875,-4.8573486328125,-11.548083543777466,-0.9988844729496024
P106T:Y110R:E111D:N116P:K118H,1.291691985,-0.14387095,-0.1091078897387957,-0.4457569122314453,-1.9487759590148923,-12.564697265625,-12.38468017578125,-23.71372628211975,-0.999999176384068
P106V:F108S:N112P:E114L:L137A:K140A,1.368868742,-0.1719343,-0.1263812733714691,0.9825425148010254,-0.1299569845199585,-16.287353515625,-16.064587402343747,-26.86457133293152,-0.9999999962037652
P106V:M107D:Y110N:D125H:I128F:S136N,1.546323831,-0.20754004,-0.1791304727466082,-2.2651500701904297,-3.0447616815567016,-24.75048828125,-22.752673339843746,-30.36952018737793,-0.9999999999533172
P106V:M107I:Y110I:S122M:L137P:A138G,1.416676283,-0.28795522,-0.1734894993466416,-2.609532356262207,-3.108564615249634,-17.12860107421875,-17.54088134765625,-31.610912084579468,-0.9999999972239408
P106V:Y110A:E119D:T121G:D127E:V130N,1.217256919,-0.17659175,-0.122747672410198,-0.8152225017547607,-1.2308984279632569,-16.3673095703125,-14.46165771484375,-29.10813045501709,-0.9999999998083104
P106W:E114G:N116H:K118H:I128M:V130F,1.015233473,-0.282184,-0.1917802803881229,-5.358643293380737,-6.634854650497436,-22.1689453125,-21.84903564453125,-34.0436954498291,-0.9999999817151912
P106W:E114R:S117D:I128L:T132Y:K140S,1.0469713390000002,-0.2842803,-0.1881558564209853,-4.157622337341309,-4.913874244689941,-21.02783203125,-20.34271240234376,-32.87567758560181,-0.9999999780574096
P106W:K118P:S122W:S144K,0.797068792,-0.3319841,-0.1847101394816226,-3.04949688911438,-5.220949792861939,-16.02154541015625,-16.0989990234375,-28.444949626922607,-0.9999999977826348
P106W:M107S:N126A:I128E:D133A,1.248619049,-0.23339778,-0.131381051820368,-0.4965913295745849,-0.8218520641326904,-14.926025390625,-13.3642822265625,-24.583515644073486,-0.9999999999200752
P106W:N112A:V135P:I142F,1.087052059,-0.23008594,-0.1241936734562666,-3.6549346446990967,-4.324259662628174,-13.61395263671875,-12.777795410156251,-22.885497093200684,-0.9999999668800232
P106W:N112P:V130D:T132W:E143C,1.00076172,-0.3168881,-0.1860948338627391,-8.100926160812378,-7.948852586746216,-17.77490234375,-17.19573974609375,-32.50104522705078,-0.9999999999896448
P106Y:D115G:K118S:I142E,1.244569639,-0.17585993,-0.1167403251675101,-1.5457980632781982,-2.4555766105651857,-9.95404052734375,-10.3162841796875,-20.40310430526733,-0.9999973186128794
P106Y:E109W:S117H:P129Q:K140P,0.983514175,-0.37956113,-0.2097144619001613,-8.321881771087646,-9.347499990463255,-17.7425537109375,-16.7440185546875,-32.9912223815918,-0.9999999998273345
P106Y:F108P:E119N:N126E:T131M,1.162091271,-0.1837171,-0.1280146154220419,-4.957826137542725,-4.4363497495651245,-17.9366455078125,-16.94449462890625,-27.527089834213257,-0.9999999998035964
P106Y:M107F:N112V:V130P:S136H,1.108981256,-0.2592155,-0.1959471787422153,-3.7886884212493896,-4.618817281723023,-21.9178466796875,-20.9063232421875,-26.92000102996826,-0.9999999994611072
P106Y:T121A:T132A:S136N:L137A,1.17863603,-0.15372896,-0.0926733050906361,-2.670208692550659,-3.465220260620117,-9.4705810546875,-8.91737060546875,-26.09588623046875,-0.9999424071950136
P129A:K140R:S144Q,1.159094254,-0.076010615,-0.0545231829334409,-2.5580761432647705,-2.979937505722046,-4.02764892578125,-4.434814453125,-14.026442289352415,-0.6470552413908001
P129T:S136P,1.718559404,-0.06760371,-0.0338626196375946,-0.6418955326080322,-0.6928800106048584,-3.93292236328125,-3.7157836914062496,-7.8129565715789795,-0.6553025007941694
P129W:T131P:V135F:S144A,0.8157389490000001,-0.1942895,-0.124710897533919,-3.352987289428711,-3.5401370525360107,-10.99603271484375,-9.979846191406253,-19.74105381965637,-0.999916528150712
P129Y:V130W:T131G:I142C:S144V,1.00496265,-0.23513362,-0.1509405930271352,-8.745484352111816,-8.365262985229492,-17.46826171875,-16.8281494140625,-29.25979161262512,-0.9999999617302676
S101A:D103A:S104A:T105V:P106S:M107S:F108E:E109V:Y110N:E111Q:N112E:L113K:D115V:N116A:K118P:E119F:W120Q:T121I:S122H:L123S:F124S:D125V:N126L:D127E:I128S:P129V:V130F:T131S:D133N:D134L:V135D:S136G:L137K:A138D:D139A:K140L:A141L:I142D:E143H:S144T,1.185130858,-0.3945443,-0.5273530355976145,-15.636019706726074,-14.448253059387207,-115.8509521484375,-107.2129150390625,-195.17818009853363,-1.0
S101A:D103A:T105L:P106K:M107V:F108D:E109Y:Y110D:E111D:N112F:L113E:E114S:D115S:N116E:S117K:K118M:E119T:T121S:S122N:N126T:D127P:I128D:P129E:V130E:T131D:T132D:D133N:D134I:V135P:S136V:L137N:A138I:D139T:K140L:A141S:I142E:E143S:S144T,1.310004373,-0.39129132,-0.4664206725422598,-6.56413471698761,-6.623267245292664,-92.853759765625,-88.12579345703125,-155.965114235878,-1.0
S101A:D103S:S104A:T105S:P106T:M107S:F108S:E109L:Y110N:E111S:N112P:L113E:E114S:D115T:N116I:S117A:K118T:E119T:W120V:S122A:L123G:F124G:D125E:N126V:D127V:I128V:P129A:V130S:T131K:T132K:D133Q:D134F:V135Q:S136L:L137V:A138T:D139P:K140N:A141P:I142S:E143S:S144T,1.14340107,-0.41957092,-0.4559749182432996,-4.729447722434998,-5.761486840248108,-109.2840576171875,-100.42662353515624,-186.60036873817444,-1.0
S101A:D103S:S104R:T105S:P106T:M107T:F108K:E109H:Y110S:E111T:N112V:L113A:E114G:D115V:N116S:S117A:K118R:E119R:W120S:T121K:S122P:F124P:D125P:N126I:D127K:I128Y:P129D:V130E:T131S:T132D:D133P:D134V:V135A:S136A:L137K:A138R:D139A:K140R:A141N:I142T:S144A,1.188404484,-0.5665693,-0.615063596026329,-26.538066267967224,-26.27675852775574,-117.20745849609376,-105.1911865234375,-198.2791895866394,-1.0
S101A:D103S:T105D:P106N:M107N:F108E:Y110D:E111D:N112D:L113E:E114V:D115M:N116E:S117L:K118S:E119K:T121K:S122D:D125P:N126V:I128Y:P129E:V130T:T131D:T132S:D133L:D134P:V135S:S136I:L137I:A138T:D139A:K140S:A141N:I142F:E143T:S144T,1.528830325,-0.40167975,-0.4308499916592527,-4.133502840995789,-4.753709745407105,-88.09234619140625,-82.00657958984375,-154.61694025993347,-1.0
S101A:E111A:N126H:T132N:I142D,1.193416704,-0.14970934,-0.0810553934226256,-2.74292540550232,-3.527269434928894,-10.79669189453125,-9.906701660156251,-22.497791051864624,-0.9998408498728304
S101A:E119P:T121Q:V130C,1.227217953,-0.13656563,-0.074312909217916,-5.108568668365479,-3.965123629570008,-12.17034912109375,-11.214453125,-22.72364997863769,-0.9999724893489604
S101A:F108G:S122M:T131P:A138M,1.6484551369999998,-0.20022574,-0.1579259689168149,-5.388685941696167,-5.503264999389648,-21.20709228515625,-20.614062500000003,-29.424160957336422,-0.9999999317732596
S101A:L113A:S117D:D125C:I128Q:P129M,1.535877168,-0.26030362,-0.1698922805514624,-7.133427739143372,-7.909994173049927,-21.84326171875,-20.069958496093747,-30.527429819107056,-0.9999999660015526
S101A:L113E:D125H:N126M:A138V:I142C,1.806480782,-0.278023,-0.1748385174842917,-6.147973656654358,-6.295995855331421,-21.5596923828125,-20.408984375,-30.3376362323761,-0.9999997403528714
S101A:L113P:K118P:D127A:V130G,1.418314803,-0.17982385,-0.0922203199719194,-3.2969216108322144,-3.4615286111831667,-13.406982421875,-12.237353515625,-23.75176239013672,-0.9999997544888052
S101A:M107V:S122T:D133P:I142D,1.192121703,-0.13413572,-0.1090854631199955,-0.2999099493026733,-0.821707797050476,-13.57354736328125,-13.965576171875,-21.441202402114868,-0.999984721486278
S101A:N116Y:D134Q:L137R:K140E,1.131643111,-0.19044042,-0.0977709895775412,-2.403968095779419,-3.1203527212142945,-10.67626953125,-10.3788330078125,-24.539220333099365,-0.9992759250828211
S101A:P106Y:F108M:D133Q:I142A,1.049447114,-0.1877532,-0.1350884488468917,-4.026421070098877,-4.887876319885254,-19.87664794921875,-19.64378662109375,-26.58758974075317,-0.9999999707008114
S101A:S104H:F108E:E119R:D125N:N126V,1.2954187190000002,-0.27660596,-0.1698517171513568,-6.614139080047607,-7.400818967819214,-19.84417724609375,-17.765673828125,-33.15031814575195,-0.9999999912130344
S101A:S104K:T105S:P106N:M107I:E109A:Y110K:E111I:N112T:L113V:D115V:N116D:S117T:K118S:E119Y:T121S:S122M:D125P:N126T:D127L:I128S:P129S:V130S:T131E:T132E:D133N:V135T:S136D:L137D:A138D:D139E:K140D:A141L:I142N:E143P:S144E,1.118862973,-0.4660259,-0.3936893558162813,-5.777588725090027,-6.51680703163147,-74.71575927734375,-65.7853515625,-152.2120876312256,-1.0
S101A:S104T:T105E:P106D:M107E:F108D:E109N:Y110L:E111K:N112T:L113V:E114S:D115A:N116S:S117E:K118D:E119D:T121D:S122E:D125E:N126Y:D127F:I128P:P129S:V130N:T131S:T132I:D133S:V135T:S136I:L137K:A138T:D139S:K140P:A141M:I142N:E143V:S144L,1.585601043,-0.4025516,-0.43817013777872,-1.3288756608963013,-1.8624063968658449,-83.92437744140625,-77.15274658203126,-160.14915871620178,-1.0
S101A:S104T:T105S:P106S:M107L:F108E:Y110A:E111N:N112P:L113V:D115I:N116D:K118S:E119T:T121D:S122Y:N126D:D127S:I128T:P129L:V130D:T131F:T132E:D133I:D134M:V135T:S136P:L137N:A138V:D139N:A141K:I142D:E143S:S144E,1.02420612,-0.3738125,-0.3606871472558942,-2.954030156135559,-4.259349846839905,-66.5107421875,-59.419042968750006,-137.49459528923035,-1.0
S101A:T102A:D103G:S104A:T105V:P106Q:M107K:F108P:E109A:Y110A:E111K:N112V:L113D:E114H:D115L:N116G:S117V:K118V:E119S:W120Y:T121N:S122R:L123K:F124A:D125R:N126T:D127A:I128P:P129L:V130T:T131P:T132V:D133I:D134P:V135E:L137G:A138D:D139P:K140V:I142M:E143K:S144R,1.116690055,-0.49700487,-0.5829717561443507,-26.4887877702713,-28.104438829422,-124.23504638671876,-116.62540283203126,-211.02068543434143,-1.0
S101A:T102A:D103G:T105E:P106D:M107L:F108E:E109A:Y110A:E111P:N112S:L113P:E114A:D115P:N116R:S117R:E119S:W120G:T121N:L123P:F124T:D125S:N126S:D127T:I128G:P129R:V130H:T131S:T132S:D133V:D134S:V135G:S136V:L137N:D139R:K140R:A141R:I142D:E143K:S144P,1.163934516,-0.47260493,-0.5291851220181829,-26.528613448143005,-30.39428849220276,-111.1728515625,-106.0606689453125,-199.7097065448761,-1.0
S101A:T102A:D103L:S104I:T105D:P106L:M107P:F108E:E109N:Y110V:E111S:N112Y:L113S:E114K:D115K:N116T:K118M:E119S:T121N:S122P:D125T:N126T:D127F:I128V:P129E:V130D:D133E:D134I:V135D:S136D:L137D:A138E:K140S:A141E:I142N:E143S:S144D,1.296235225,-0.45120585,-0.4908737779936332,-11.344985961914062,-12.542830181121824,-94.92218017578124,-88.20767822265624,-157.89957237243652,-1.0
S101A:T102A:D103S:S104R:T105R:P106R:M107S:F108S:E109V:Y110M:E111K:N112S:L113E:E114K:D115Y:N116D:S117H:K118L:E119G:W120V:T121I:S122T:L123Y:F124N:D125R:N126K:D127Q:I128R:P129A:V130T:T131P:T132L:D133T:D134P:S136V:L137P:A138E:D139S:K140D:A141D:I142P:E143V:S144A,1.120325578,-0.51873964,-0.6228070785142349,-26.209033012390137,-28.43722679615021,-128.9744873046875,-120.0333251953125,-212.82370948791504,-1.0
S101A:T102A:S104A:T105E:P106S:M107L:F108V:E109A:Y110D:E111H:N112F:E114A:D115S:N116S:S117A:K118D:E119S:W120T:T121P:S122L:L123F:F124E:D125L:N126D:D127A:I128V:P129E:V130S:T131D:T132P:D133Q:D134G:V135W:S136N:L137S:A138L:D139F:K140D:A141D:I142D:E143I:S144A,0.971981352,-0.3298744,-0.4478768453903471,-13.931053280830383,-13.94561574459076,-98.590576171875,-91.13348388671876,-197.81878876686096,-1.0
S101A:T102D:D103E:S104D:T105S:P106E:M107N:F108K:E109T:Y110D:E111N:N112L:L113T:E114P:D115S:N116E:S117V:K118S:E119N:T121D:S122D:D125I:N126T:P129S:V130E:T132F:D133S:D134S:V135T:S136E:A138V:D139M:K140A:A141Y:I142K:E143D:S144P,1.135719359,-0.38582265,-0.423801462845446,-4.58751654624939,-5.444455909729004,-85.527099609375,-79.16237792968751,-158.3160319328308,-1.0
S101A:T102D:D103E:S104D:T105S:P106T:M107V:F108K:E109I:Y110E:E111S:N112I:L113T:E114D:N116A:S117E:K118D:E119D:S122T:D125V:N126P:D127S:I128S:P129E:V130E:T131D:T132S:D133N:D134S:V135F:S136L:L137T:A138M:D139K:K140N:A141P:I142N:E143Y:S144L,1.13240048,-0.39155424,-0.4882922732533086,-5.543703556060791,-7.39930830001831,-91.7957763671875,-82.67677001953125,-163.26919746398926,-1.0
S101A:T102D:D103T:S104D:T105P:P106K:M107N:F108V:E109M:Y110D:E111N:N112F:L113S:E114S:D115E:N116A:S117L:K118S:E119S:T121E:S122I:D125T:N126E:D127T:I128E:P129K:V130S:T131D:T132N:D133I:D134S:V135D:S136T:L137D:A138P:D139V:K140Y:A141T:I142L:S144D,1.501521567,-0.36748874,-0.4304489733061333,-9.386590719223022,-10.4302503824234,-94.93096923828124,-88.143017578125,-175.76484203338623,-1.0
S101A:T102D:D103T:S104K:T105S:P106S:M107N:F108E:E109T:Y110P:E111L:N112T:L113V:E114I:D115S:N116F:K118S:E119M:S122P:D125T:N126K:D127S:I128E:P129V:V130A:T131D:T132N:D134I:V135Y:S136D:L137D:A138D:D139E:K140E:A141N:I142E:E143L:S144D,1.13026504,-0.4185341,-0.433984125211994,-4.798306345939636,-6.3239891052246096,-88.173095703125,-79.73050537109376,-158.00284147262573,-1.0
S101A:T102D:T105N:P106D:M107E:F108T:E109T:Y110D:E111D:N112S:L113E:D115P:S117I:K118S:E119F:D125E:N126Y:D127S:I128A:P129K:V130E:T131N:T132V:D133S:D134K:V135L:S136D:L137D:A138L:D139P:K140M:A141V:E143T:S144T,1.031149244,-0.39797157,-0.4265710688146409,0.3009989261627197,-0.5333676099777221,-79.114990234375,-73.5989013671875,-137.96175694465637,-1.0
S101A:T102D:T105S:P106T:M107D:F108T:E109V:Y110D:E111A:N112E:L113P:E114T:S117K:K118Y:E119T:T121E:S122I:D125L:N126S:D127E:I128V:P129K:V130S:T131P:T132F:D133T:D134L:V135M:S136E:L137D:A138S:D139N:K140S:A141I:I142E:E143N:S144D,1.221179377,-0.41913903,-0.4478286797465803,-9.92403209209442,-11.090917205810548,-83.08489990234375,-75.48734130859376,-163.0521740913391,-1.0
S101A:T102E:D103A:S104Q:T105S:P106V:F108T:E109S:Y110V:N112V:L113D:E114M:D115N:N116T:S117G:K118F:E119L:W120P:S122P:L123V:F124I:D125E:D127M:I128D:P129L:V130S:T131D:T132D:D133E:D134N:V135I:S136L:L137A:A138L:D139S:K140S:A141S:I142A:E143L:S144A,1.263828969,-0.35970438,-0.4997856710304994,-8.847793459892273,-7.9696320533752445,-106.832275390625,-100.15399169921874,-178.73747050762177,-1.0
S101A:T102E:D103L:S104P:T105V:P106R:M107S:F108S:E109G:Y110K:E111V:N112G:L113K:E114K:D115T:N116D:S117R:K118L:E119G:W120V:T121V:L123Y:F124K:D125R:N126K:D127S:I128R:P129S:V130S:T131P:T132L:D133T:D134P:S136V:L137C:A138E:D139S:K140D:A141D:I142P:E143I:S144A,1.168034929,-0.5449983,-0.5792338958414425,-22.101991534233093,-23.581513047218323,-121.7183837890625,-113.03690185546876,-202.9727687835693,-1.0
S101A:T102E:D103Q:S104H:T105E:P106A:M107L:F108Q:E109S:Y110S:E111A:N112S:L113T:E114S:D115S:N116S:S117D:K118S:E119S:W120T:T121L:S122L:L123G:F124E:D125L:N126V:D127F:I128E:P129K:V130F:T131A:T132C:D133A:V135N:S136L:L137D:A138H:D139E:K140A:A141L:I142A:E143K:S144L,1.1265399109999998,-0.41238528,-0.5087203164966082,-13.881864428520204,-15.548374652862549,-110.69915771484376,-103.75006103515624,-206.73006939888,-1.0
S101A:T102E:D103V:S104P:P106L:M107E:F108T:E109S:Y110P:N112L:L113D:E114D:D115F:N116T:S117D:K118S:T121N:S122I:D125S:N126D:I128E:P129D:V130Y:T131N:T132D:D133K:D134S:V135T:S136V:L137N:A138K:D139M:K140T:A141S:E143S:S144A,1.214599185,-0.36154813,-0.4120562135961133,-3.4706212282180786,-4.286012887954712,-82.14166259765625,-76.87528076171876,-149.3135461807251,-1.0
S101A:T102F:D103V:T105G:P106A:M107G:F108E:E109D:Y110P:E111I:N112L:L113A:E114L:N116G:S117A:K118E:E119D:W120D:T121D:S122A:F124V:D125P:N126R:D127E:I128E:P129S:V130L:T131E:T132G:D133L:D134L:V135L:S136E:L137A:A138S:D139P:K140N:A141G:I142L:E143S,1.3843691340000002,-0.3892519,-0.4970501665542983,-3.461910963058472,-5.363482999801636,-97.04278564453124,-87.89171142578125,-181.8706588745117,-1.0
S101A:T102L:D103F:S104G:T105G:P106D:M107G:F108N:E109G:Y110D:N112G:L113D:E114A:D115M:N116F:S117P:K118T:E119A:W120E:T121G:S122E:L123G:F124E:D125G:N126E:D127F:I128G:V130I:T131L:T132S:D133L:V135D:S136G:L137A:A138T:D139A:K140G:I142A:E143V:S144C,1.753142432,-0.4211402,-0.5656745340476257,-16.772151231765747,-18.71218237876892,-104.7000732421875,-100.64140625,-206.9566354751587,-1.0
S101A:T102L:D103I:S104T:T105P:P106M:M107T:F108R:E109T:Y110A:E111S:N112S:L113P:E114G:D115A:N116S:S117P:K118R:E119N:W120S:T121R:L123S:F124T:D125R:N126P:D127S:I128S:P129I:V130S:T131G:T132V:D133K:D134P:V135R:S136N:L137R:A138D:D139K:K140P:A141L:I142P:E143P:S144I,1.1934076809999998,-0.48764503,-0.5281449721801325,-26.42968857288361,-26.05859174728393,-110.211181640625,-102.59412841796872,-212.98895168304443,-1.0
S101A:T102L:D103Q:S104H:T105G:P106R:M107V:F108S:E109G:Y110S:E111A:N112S:L113S:E114V:D115S:N116S:K118S:E119S:W120V:T121L:S122L:L123G:F124E:D125L:N126V:D127F:I128D:P129K:V130F:T132S:D133A:V135S:S136M:L137G:A138Q:D139Q:K140E:A141L:I142L:E143V:S144K,1.175707002,-0.459355,-0.5208274868459465,-13.195573329925535,-14.571242833137513,-109.2864990234375,-101.9573974609375,-199.18376684188843,-1.0
S101A:T102L:D103S:S104Q:T105P:P106E:M107T:F108K:E109P:Y110A:E111K:N112E:L113V:E114S:D115V:N116P:S117P:K118S:E119P:W120A:T121I:S122R:L123N:F124S:D125A:N126S:D127P:I128A:V130S:T131P:T132A:D133P:D134S:V135K:L137G:A138V:D139K:K140H:A141S:I142T:E143V:S144A,0.999344197,-0.4471699,-0.5438380665626391,-16.75750207901001,-17.010407590866087,-119.84527587890624,-112.28109130859374,-199.18235754966736,-1.0
S101A:T102M:D103E:S104A:T105D:P106T:M107N:F108S:E109D:Y110E:E111N:N112D:L113D:E114Y:D115T:N116D:S117E:K118D:E119T:T121E:D125E:D127I:I128D:P129F:V130T:T131K:T132S:D133V:D134K:V135L:L137I:A138L:D139V:K140T:A141S:I142P:E143S:S144P,1.639169533,-0.44227272,-0.4038748961750723,0.935235857963562,0.0047133684158324,-77.24224853515625,-68.55091552734375,-149.81092977523804,-1.0
S101A:T102N:D103I:T105P:P106N:M107S:F108A:E109Y:Y110Q:N112I:L113D:E114S:D115A:N116I:S117V:K118D:E119A:W120F:T121F:L123S:F124S:D125T:N126E:D127N:I128T:V130M:T131F:T132A:D133F:D134E:V135A:S136L:L137E:A138S:D139N:K140P:A141K:I142N:E143W:S144T,0.960263864,-0.4273258,-0.6066318389783977,-13.487390637397766,-14.547452521324155,-116.53118896484376,-111.31610107421876,-189.4830195903778,-1.0
S101A:T102N:D103N:S104D:T105V:P106T:M107E:F108E:E109I:Y110P:E111V:N112L:L113D:E114D:D115Y:N116D:K118D:E119S:D125S:N126I:D127K:I128M:P129A:V130D:T132E:D133S:D134N:V135T:S136T:A138P:D139E:A141F:I142D:E143S:S144E,1.320958475,-0.37688398,-0.4398297618716638,-6.551256537437439,-8.463769125938416,-82.618408203125,-76.95933837890624,-148.81809091567993,-1.0
S101A:T102N:D103S:S104A:T105S:P106H:M107E:F108W:E109T:Y110S:E111L:N112F:L113D:E114N:N116I:S117P:K118V:E119S:W120S:T121A:S122D:L123V:F124D:D125L:N126A:D127S:I128K:P129A:V130I:T131E:T132L:D133I:D134E:V135Q:S136D:L137P:A138Q:D139F:K140I:A141K:I142D:E143T:S144T,1.557380406,-0.37648588,-0.5348652469730037,-11.621243000030518,-12.284381651878356,-121.3544921875,-112.9330078125,-204.55014729499817,-1.0
S101A:T102P:D103E:S104P:T105Q:P106E:M107A:F108V:E109A:Y110A:E111A:L113P:E114S:D115T:N116V:S117I:K118D:E119A:W120N:T121S:S122F:F124P:D125T:N126P:D127V:P129E:V130D:T131V:T132K:D133I:D134S:V135A:L137C:A138N:D139K:A141K:I142S:E143P:S144A,1.141039403,-0.374816,-0.5036831241485488,-14.325632810592651,-15.368240928649902,-104.4095458984375,-100.32352294921876,-189.81983971595764,-1.0
S101A:T102P:P106E:F108E:E109Y:Y110E:E111D:N112T:L113D:E114N:N116D:K118S:E119S:T121N:S122T:D125K:N126I:D127S:I128D:P129A:V130N:T131L:T132V:D133T:D134K:V135T:L137I:A138P:D139E:K140L:A141D:I142F:E143V:S144E,1.512494765,-0.40243685,-0.3878608785065892,-6.988113880157471,-7.654047751426697,-73.05731201171875,-68.5275390625,-141.77155137062073,-1.0
S101A:T102S:D103A:S104G:T105R:P106V:M107A:F108K:E109A:Y110G:E111N:N112E:L113N:D115K:N116K:S117D:K118H:E119L:W120G:T121V:S122V:L123A:F124Y:D125H:N126R:D127K:I128S:P129R:V130C:T132P:D133L:D134T:V135P:S136V:L137I:A138P:D139H:K140S:A141G:I142D:E143P:S144V,1.060433711,-0.5409865,-0.6645092404185666,-33.93544805049896,-35.937708020210266,-136.64178466796875,-127.757275390625,-218.9583057165146,-1.0
S101A:T102S:D103A:S104P:T105P:P106S:M107T:F108S:E109F:Y110T:E111D:N112L:L113S:E114T:D115P:N116S:S117F:K118E:E119S:W120P:T121G:S122Y:L123F:F124S:D125Q:N126D:D127T:I128S:V130M:T131F:T132P:D133T:V135L:S136E:A138G:D139P:K140G:A141S:I142E:S144W,1.467357155,-0.39931744,-0.5396417909669707,-13.805925488471985,-13.101636838912963,-107.2449951171875,-102.55056152343752,-191.18494522571564,-1.0
S101A:T102S:D103A:S104T:T105S:P106D:M107R:F108T:E109L:Y110G:E111S:N112Q:L113M:E114L:D115A:N116M:S117K:K118A:E119S:W120E:T121N:L123E:F124E:D125L:D127S:I128H:P129L:V130P:T131P:T132V:D133I:D134E:V135A:S136M:L137G:A138G:D139I:K140G:A141G:I142D:E143F:S144D,1.213884718,-0.44585347,-0.5977059360924989,-23.57271564006805,-25.124026560783385,-124.24346923828124,-115.81343994140624,-212.9243179559708,-1.0
S101A:T102S:D103E:S104A:T105H:P106F:M107A:F108K:E109P:Y110V:E111V:N112G:L113E:E114L:D115V:N116F:S117D:E119F:W120A:T121P:S122R:L123D:F124A:D125P:N126R:I128D:P129V:V130I:T131V:T132K:D133Q:D134E:V135D:S136H:L137D:A138S:D139P:K140L:A141L:I142D:E143F,1.179110353,-0.436975,-0.596085897968333,-20.17735910415649,-20.05466215610504,-122.18878173828124,-114.566357421875,-210.22338914871216,-1.0
S101A:T102S:D103P:S104F:T105A:P106K:M107T:F108S:E109N:Y110T:E111S:N112K:L113V:E114P:D115Y:N116D:S117E:K118T:E119M:S122T:D125E:N126D:D127N:I128E:P129V:V130S:T131S:T132I:D133L:D134S:V135D:S136N:L137I:A138E:K140D:A141L:I142D:E143D:S144E,1.448282372,-0.41533488,-0.4401391731886677,-3.304723381996155,-4.811843395233154,-85.58685302734375,-80.0890869140625,-158.18781042099,-1.0
S101A:T102S:D103P:S104L:T105H:P106V:M107Q:F108S:E109S:Y110V:E111L:N112D:L113S:E114V:D115F:N116S:S117T:K118T:E119L:W120E:T121G:S122N:L123D:F124V:D125Q:N126D:D127H:I128T:V130M:T131F:T132D:D133E:D134L:V135D:S136L:L137I:A138M:K140G:I142K:E143V:S144N,1.116217964,-0.42727226,-0.6311520070792094,-12.802911400794985,-13.139953088760375,-123.1397705078125,-116.33795166015624,-202.62821769714355,-1.0
S101A:T102S:D103P:S104M:T105S:P106I:M107S:F108S:E109S:Y110I:E111S:N112S:L113P:E114A:D115L:N116P:S117G:K118A:E119T:W120S:T121A:L123A:F124A:D125S:N126R:D127R:I128R:P129S:V130S:T131V:T132M:D133K:D134S:V135E:S136K:L137Y:A138D:D139H:K140L:A141G:I142V:E143I:S144T,1.182438907,-0.46957046,-0.608509810369634,-16.703524947166443,-17.500383043289183,-125.48919677734376,-116.765283203125,-202.7413878440857,-1.0
S101A:T102V:D103K:S104D:T105S:P106V:M107A:F108G:E109A:Y110P:E111S:N112G:L113T:E114I:D115S:N116P:S117K:K118D:E119L:W120F:T121M:S122D:L123A:F124S:D125A:N126P:D127P:I128S:P129T:V130S:T131F:D134L:V135S:S136T:L137P:A138S:D139F:K140E:A141S:I142P:E143G:S144Y,1.5752420880000002,-0.3981964,-0.5621275986640905,-13.255274415016174,-14.138309526443482,-118.96929931640624,-111.830126953125,-198.32662725448608,-1.0
S101A:T102V:D103N:S104N:T105L:P106M:M107I:F108P:E109M:Y110D:E111L:N112G:E114F:D115N:N116S:S117N:K118P:E119T:W120T:T121S:S122N:L123T:F124G:D125S:D127S:I128T:P129D:V130I:T131K:T132L:D133E:V135T:S136P:A138F:D139S:K140F:I142N:E143L:S144P,1.361399936,-0.45594543,-0.5026593191343695,-6.438985705375671,-5.794383406639099,-108.2615966796875,-101.5137939453125,-181.4281542301178,-1.0
S101A:T102V:D103V:S104D:T105A:P106F:M107F:F108S:E109S:Y110S:E111T:N112D:L113S:E114T:D115P:N116M:S117F:K118D:E119Y:W120D:T121D:S122N:L123Q:F124L:D125A:N126G:D127N:I128T:P129V:V130S:T131G:T132S:D133S:V135N:S136P:L137E:A138N:D139W:K140T:A141S:I142L:E143F:S144D,0.972781635,-0.36256605,-0.5228762915125945,-9.259266138076782,-11.038540124893188,-121.108154296875,-113.08098144531247,-209.09778356552124,-1.0
S101A:T102V:S104H:E109D:Y110E:E111L:N112D:L113F:E114M:D115L:N116E:K118S:E119N:W120K:T121E:S122D:L123W:F124V:D125S:N126L:D127F:I128D:P129A:V130N:T131N:T132E:D133I:V135N:L137F:A138N:D139F:K140T:A141K:I142V:E143V,1.044923776,-0.375903,-0.3733679611911977,-7.448623180389404,-8.808036637306213,-84.9998779296875,-75.75498046874999,-162.9198703765869,-1.0
S101A:T102V:T105V:M107E:E109P:Y110V:E111S:N112E:L113I:E114P:D115A:N116P:S117V:K118S:E119D:W120F:T121V:S122L:L123P:F124T:D125P:N126Q:D127P:I128D:V130K:T131P:T132R:D133S:D134R:V135A:L137R:A138V:D139S:A141V:I142D:E143K:S144L,1.087334138,-0.38199568,-0.4154606069110043,-16.339142560958862,-17.48150215148926,-92.5966796875,-82.29329833984374,-176.3051311969757,-1.0
S101A:T105G:N126A:A138E:D139G,1.5586831980000002,-0.13955107,-0.0964288677609265,-2.133245944976806,-2.510326313972473,-15.63970947265625,-14.75849609375,-23.8874409198761,-0.9999854809549028
S101A:Y110C:N126E:D127Q:S136E:E143V,1.7271063569999998,-0.19315812,-0.0970173357220307,-4.25807523727417,-3.695357608795166,-11.2977294921875,-10.43389892578125,-25.67157244682312,-0.9999973220748508
S101A:Y110K:V130P:V135L:K140L,1.85314886,-0.16012439,-0.1012597134953292,0.982649564743042,1.3158628702163695,-12.7232666015625,-11.935449218749998,-18.83904480934143,-0.9999997072737729
S101C:D125E:L137T,1.354007561,-0.10208359,-0.0660297217318172,-2.8156955242156982,-3.080124044418335,-7.39520263671875,-6.457153320312499,-15.472232341766356,-0.9717532060137272
S101C:E114G:P129T:V130E,1.449135812,-0.14595562,-0.0892863969361654,-3.741086483001709,-4.157170629501342,-10.0760498046875,-9.5413818359375,-19.62252163887024,-0.999840438184972
S101C:F108H:L113W:S122A:T132N,1.469282033,-0.23764941,-0.1715815533946841,-8.015917301177979,-8.779624581336975,-21.4381103515625,-21.096154785156248,-32.030921459198,-0.9999968556921004
S101C:M107N:E109L:Y110D:I128A:T132P,1.273677107,-0.19542402,-0.1319054980294985,-1.6029632091522217,-1.8774675369262688,-13.48358154296875,-12.4317138671875,-26.838891744613647,-0.9999999992325156
S101C:M107P:L113G:N126V:V135C:L137M,1.656753367,-0.25582558,-0.1871974850040314,-8.362802624702454,-8.21527931690216,-23.68212890625,-22.702392578125,-33.1209716796875,-0.9999999980025268
S101C:N116M:S117W:S122H:I128W,1.019979396,-0.4233575,-0.2838860236877225,-7.8453049659729,-8.552982664108276,-26.5146484375,-26.073291015625,-37.889071464538574,-0.9999999630864512
S101C:P106W:M107T,1.044507636,-0.25695154,-0.1744157241332573,-3.2567617893218994,-3.53133020401001,-17.36871337890625,-17.663977050781252,-21.990619659423828,-0.9999999144846812
S101C:S117P:I128P:T132A,1.596170488,-0.17362922,-0.0955453241422932,-5.504647493362427,-5.575949954986572,-7.50567626953125,-7.138720703124999,-22.092618465423584,-0.9994850444004788
S101C:T102V:E109H:Y110D:I142P,1.460249704,-0.15268669,-0.1111780892911755,-3.158722400665283,-3.363264226913452,-10.59417724609375,-10.70810546875,-21.706130504608154,-0.9999991453108056
S101C:T105I:Y110D:I128K:P129T,1.3778857619999998,-0.22506166,-0.1581353021261955,-2.3986194133758545,-2.807358503341675,-16.50946044921875,-15.691455078125,-23.68658399581909,-0.9999998782246248
S101C:T105Q:I128V:D133A:A138L:I142P,1.501475279,-0.15528414,-0.1239639227924822,-2.338491678237915,-2.35943922996521,-19.42694091796875,-18.153466796875,-26.64251923561096,-0.9999997133506292
S101D,1.589923273,-0.038198233,-0.0192223817004003,-0.3669300079345703,-0.5813674211502076,-2.23321533203125,-2.21470947265625,-4.545228481292725,-0.8809875219607053
S101D:D103A:S104E:P106V:M107E:F108S:E109M:Y110D:E111Y:N112V:L113N:E114S:D115E:N116E:K118F:T121S:S122D:D125P:D127P:I128N:P129T:V130K:T131D:T132S:V135I:S136L:L137S:D139L:K140D:A141K:E143T:S144T,1.392688825,-0.35102832,-0.4306912676719584,-5.823274612426758,-6.653535914421082,-87.90240478515625,-81.06480712890624,-138.46191155910492,-1.0
S101D:D103E:S104N:T105I:P106E:M107D:F108E:E109A:Y110E:E111D:N112A:L113E:E114V:N116S:S117D:E119F:T121S:S122N:D125S:N126S:I128S:P129L:V130N:T131K:D133S:D134Y:V135P:S136T:L137D:A138T:D139L:K140V:A141M:E143P:S144T,1.407057801,-0.39392364,-0.4425687416592527,-4.198822498321533,-5.1023109436035154,-84.14111328125,-77.65463867187499,-145.40402960777283,-1.0
S101D:D103L:S104D:T105M:P106S:M107T:Y110N:E111P:N112V:L113N:E114D:D115K:N116E:K118S:E119T:T121S:S122D:D125A:D127Y:I128D:P129T:V130D:T131S:T132V:D133E:D134T:V135L:S136P:L137S:A138I:D139E:K140A:A141K:I142D:E143I:S144E,1.4373125,-0.36683035,-0.4184472026349811,-2.6086130142211914,-2.323272466659546,-84.52734375,-76.86000976562501,-146.1628017425537,-1.0
S101D:D103N:S104L:T105N:P106V:M107P:F108S:Y110S:E111K:N112I:L113E:E114T:D115L:N116S:S117N:K118F:E119M:T121K:D125T:N126A:I128E:P129D:V130D:T131E:T132D:D134Y:V135T:S136E:L137S:A138S:D139T:K140A:A141I:I142V:E143D:S144P,1.393799267,-0.39617842,-0.4641195819895464,-7.817986011505127,-8.005663394927979,-90.4290771484375,-83.28878173828123,-153.9935963153839,-1.0
S101D:D103P:T132V:L137V:I142G,1.211490815,-0.12834641,-0.0834232208143349,-1.6339128017425537,-1.438713812828064,-10.35760498046875,-10.4824951171875,-18.712080478668213,-0.9999986035167424
S101D:D103S:T105F:P106D:M107L:F108D:E109I:Y110A:E111S:N112D:L113A:D115E:N116D:S117E:K118M:E119D:T121S:S122D:D125E:N126S:D127E:I128V:P129V:V130P:D133K:D134L:V135N:S136T:L137N:A138I:D139S:A141P:I142Y:E143T:S144N,1.44432238,-0.4244761,-0.4503373658529804,-1.0861332416534424,-3.0126288175582885,-88.4344482421875,-80.7656982421875,-141.11593961715698,-1.0
S101D:F108A:N112D:D127W:D133I:V135E,1.5332771790000002,-0.30055493,-0.1568367846071509,-5.082782983779907,-5.828047752380371,-17.388916015625,-14.881372070312498,-32.40035390853882,-0.99999999999002
S101D:F108I:S122C:A138Q:D139Q:I142W,1.344255129,-0.22805956,-0.1401861333337968,-9.807277917861938,-9.85702438354492,-18.8323974609375,-18.2834716796875,-31.063490867614743,-0.999999987014638
S101D:N116M:I128P:D133W,0.949098485,-0.23364592,-0.1430847059365269,-4.178247690200806,-4.961983704566956,-13.42181396484375,-13.05992431640625,-23.02534532546997,-0.9999998819319538
S101D:P106G:Y110P:T132S:D134H,1.47896056,-0.19046879,-0.1277153042287589,-1.0968263149261477,-2.190285325050354,-15.04052734375,-14.180090332031249,-22.48725438117981,-0.9999999987849424
S101D:S104C:N126F:I128W:A138Y:E143W,0.934947594,-0.35220516,-0.2216582383125278,-8.919587135314941,-9.21200385093689,-23.70556640625,-20.944787597656248,-32.848350524902344,-0.9999999999642148
S101D:S104D:S144D,1.271476507,-0.108364224,-0.0525179282626223,-1.4180846214294434,-2.037041020393372,-6.2076416015625,-5.47232666015625,-14.327431678771973,-0.9996291026545232
S101D:S104K:T105P:P106E:M107V:F108S:E109N:Y110M:E111P:N112T:L113N:E114D:D115N:N116E:S117T:K118S:E119V:T121S:S122E:D125A:N126T:D127E:I128L:P129K:V130D:T131E:T132I:D134Y:V135F:A138D:D139S:K140A:A141T:I142S:E143I:S144D,1.163702787,-0.3587255,-0.4468079156298654,-5.31339156627655,-5.594070529937744,-100.5386962890625,-91.34879150390624,-151.61464715003967,-1.0
S101D:S104N:M107S:F108A:E109I:Y110D:E111T:N112Y:L113S:E114M:D115L:N116S:S117E:K118L:E119V:T121N:S122E:D125E:N126K:D127T:I128D:P129V:V130I:T131E:T132S:D133A:D134S:V135K:S136E:L137D:A138F:D139P:K140D:A141S:I142T:E143N:S144D,0.982455588,-0.43481094,-0.4374613914625501,-5.140780329704285,-6.241348361968994,-82.925048828125,-73.61998291015625,-154.69445705413818,-1.0
S101D:S104N:T105L:P106S:M107P:F108M:E109D:Y110N:E111Y:L113V:E114T:D115T:N116S:K118E:E119T:T121E:S122V:D125L:N126E:D127F:I128T:P129I:V130S:T131A:T132A:D133I:V135S:S136D:L137P:A138D:D139K:K140D:A141S:I142E:S144K,1.185329919,-0.41387755,-0.3851285778330739,-4.242468953132629,-6.291933870315551,-74.46600341796875,-66.35833740234375,-148.0789442062378,-1.0
S101D:T102A:D103E:M107K:F108D:E109L:Y110T:E111M:N112I:L113S:E114D:D115E:N116P:S117K:K118E:E119V:S122D:D125S:N126E:D127S:I128N:P129V:V130D:T131A:T132F:D133E:D134N:V135S:S136T:L137S:A138Y:K140N:A141L:E143T:S144D,1.105519332,-0.3672766,-0.3786029747796653,-8.95429539680481,-8.995421886444092,-71.24951171875,-64.13472900390626,-144.61496090888977,-1.0
S101D:T102A:D103E:S104E:T105K:P106N:M107P:E109V:Y110E:E111T:N112T:L113E:E114S:D115T:N116M:S117Y:K118D:E119L:T121E:S122A:D125S:N126V:I128S:P129N:V130I:T132N:D133L:D134S:V135I:S136K:L137D:A138S:K140S:A141T:I142P:E143D:S144D,1.189854397,-0.41600215,-0.4378315121253614,-1.304896354675293,-3.86632764339447,-82.1859130859375,-76.52158203125,-157.6271092891693,-1.0
S101D:T102A:D103K:S104E:T105I:P106T:M107E:F108N:E109L:Y110N:E111S:N112S:L113D:E114P:D115V:N116T:S117D:K118Y:E119S:S122D:N126A:D127T:I128S:P129E:V130T:T131S:T132M:D133N:D134K:V135E:S136D:L137V:A138L:D139E:K140S:A141I:I142F:E143P:S144D,1.087872238,-0.3349343,-0.4284331840976701,-6.197733640670776,-6.897393798828125,-93.90057373046876,-86.77525634765625,-162.62900829315186,-1.0
S101D:T102A:D103P:S104R:T105D:P106D:M107V:F108I:E109V:Y110K:E111Q:N112E:L113D:E114H:N116S:S117P:K118L:E119L:W120D:T121F:L123H:F124Q:D125L:N126T:D127P:I128G:P129S:V130A:T131R:T132A:D133G:D134S:V135D:S136P:A138V:D139A:K140E:A141Q:I142F:E143F:S144A,1.2094459,-0.38648605,-0.6226652966699567,-21.89381515979767,-22.850284576416016,-125.32220458984376,-118.12122802734376,-205.20755887031555,-1.0
S101D:T102A:D103S:S104I:T105N:P106T:M107K:F108V:E109T:Y110P:E111F:N112S:E114N:D115A:N116M:S117E:K118D:E119K:T121I:S122T:D125S:N126V:D127S:I128E:P129S:V130E:T131Y:T132E:V135D:S136E:L137D:A138D:D139P:K140T:A141N:I142S:E143L:S144T,1.49120621,-0.37658393,-0.4420469019336633,-3.2394938468933105,-5.206103157997132,-88.74322509765625,-83.24298095703124,-155.4713146686554,-1.0
S101D:T102A:D103S:S104M:T105D:P106T:M107D:F108E:E109A:Y110N:E111D:N112L:L113T:E114F:D115N:N116P:S117D:K118S:E119I:T121S:S122I:D125S:N126E:D127T:I128N:P129V:V130S:T131D:T132V:D133Y:D134E:V135S:S136K:L137T:A138D:D139T:K140P:A141E:I142K:E143L:S144E,1.357730504,-0.3904183,-0.4860394026461021,-5.228799700737,-6.572400760650635,-95.5335693359375,-88.78553466796875,-168.99949669837952,-1.0
S101D:T102A:D103S:T105S:P106D:M107P:F108I:E109A:Y110N:E111S:N112A:L113S:E114H:D115E:N116W:S117T:K118S:E119L:W120F:T121D:S122N:L123D:F124I:D125P:N126V:D127S:I128S:P129A:V130D:T131V:T132D:D133L:D134A:V135S:S136K:L137A:A138I:D139E:K140L:A141I:I142E:E143Q:S144D,1.455573672,-0.31633228,-0.4616413591595307,-6.785639762878418,-7.310436296463012,-108.92657470703124,-99.72216796875,-197.7522611618042,-1.0
S101D:T102A:D103T:S104D:T105E:P106S:M107E:F108T:Y110M:E111F:N112D:E114D:D115V:N116S:S117D:E119I:T121P:D125Y:N126L:D127N:I128E:P129N:V130D:T131I:D133P:D134V:V135K:S136N:L137A:A138T:K140T:A141S:I142S:E143S:S144E,1.23580283,-0.38548946,-0.4215210069540981,-2.141733407974243,-3.332473635673523,-79.61932373046875,-71.17849121093751,-146.86889362335205,-1.0
S101D:T102A:D103V:S104E:T105K:M107D:F108L:E109A:Y110N:E111T:N112S:L113I:D115P:N116T:S117N:K118I:E119M:T121S:S122E:D125T:N126D:D127S:I128T:P129V:V130N:T131S:T132D:D133E:D134F:V135S:L137K:A138D:D139L:K140E:A141T:I142D:E143D:S144Y,1.246283061,-0.34582424,-0.3865423236453236,-7.22075891494751,-6.634834909439087,-84.89794921875,-76.72447509765625,-158.81505298614502,-1.0
S101D:T102A:S104N:T105S:Y110S:E111P:N112E:L113S:N116P:S117N:K118N:E119W:W120V:T121S:S122L:L123F:F124A:N126E:D127T:I128T:P129L:V130A:D133P:D134A:L137R:D139P:K140A:I142S:E143A,1.49771008,-0.3236618,-0.321505183426935,-5.538794636726379,-4.427224183082581,-68.52484130859375,-61.02673339843749,-131.7380120754242,-1.0
S101D:T102A:S104T:T105S:P106L:M107T:F108Y:E109D:Y110S:E111D:N112I:L113S:E114V:D115S:N116M:S117A:K118N:T121D:S122F:D125T:N126E:I128K:P129D:V130P:T131E:T132N:D133T:D134S:S136I:L137N:A138E:D139L:K140T:A141S:I142P:S144K,1.366959695,-0.34580427,-0.3813288135460688,1.5094430446624756,-1.2652634382247925,-78.41217041015625,-69.14591064453126,-145.4234058856964,-1.0
S101D:T102D:D103E:S104E:P106D:M107K:F108L:E109S:Y110S:E111D:N112A:L113N:E114I:D115V:S117D:K118S:E119D:T121M:S122T:D125L:N126E:D127T:I128F:P129E:V130S:T132V:D133I:D134S:V135E:S136A:L137S:A138P:A141N:I142P:E143T:S144Y,1.542467444,-0.42701942,-0.4373716849873499,-0.5564309358596802,-3.1635508060455324,-82.1689453125,-73.82908935546875,-144.08073949813843,-1.0
S101D:T102D:D103E:S104T:T105L:P106E:M107S:F108N:E109T:Y110A:E111D:N112T:L113A:E114L:D115V:N116E:K118S:E119T:T121D:S122N:D125P:N126I:I128N:P129D:V130P:T131V:T132M:D133S:D134I:V135S:S136E:L137D:A138Y:D139K:K140E:A141F:I142T:E143K,1.533534037,-0.36254597,-0.4476662089391959,-3.613614559173584,-5.68401780128479,-92.28997802734376,-83.02119140625,-159.34164929389954,-1.0
S101D:T102D:D103E:S104V:T105L:P106N:M107N:F108I:E109S:Y110S:E111D:N112V:L113P:E114T:D115E:N116L:S117D:K118T:E119A:S122A:D125K:N126P:D127S:I128D:P129E:V130I:T131S:D134K:V135D:S136E:L137F:A138S:D139Y:K140E:A141S:I142N:E143T:S144M,1.525189448,-0.36582208,-0.4016171384112267,-6.173635959625244,-8.718113374710082,-84.893798828125,-78.2022705078125,-161.99148297309875,-1.0
S101D:T102D:D103F:S104E:T105L:P106S:M107T:F108E:E109P:Y110T:E111M:N112L:L113S:E114P:D115N:N116Q:S117I:K118P:E119T:W120G:T121L:S122M:L123A:F124V:D125K:N126D:D127S:I128V:P129A:V130G:T131A:T132P:D133S:D134G:V135T:S136I:L137S:A138P:D139K:K140D:A141L:I142F:E143M:S144D,1.299433188,-0.42110056,-0.560814799787311,-14.58170998096466,-16.818711519241333,-121.34527587890624,-113.70726318359377,-212.7076830863953,-1.0
S101D:T102D:D103H:S104D:T105G:P106L:M107T:F108P:E109M:Y110F:E111D:N112S:L113D:E114P:D115A:N116L:K118A:E119V:W120S:T121G:S122E:L123E:F124S:D125K:N126W:D127G:I128S:P129L:V130F:T131D:T132D:D133E:D134I:V135P:S136I:L137N:A138P:D139A:K140D:A141V:I142F:E143N:S144F,1.034835517,-0.3479274,-0.5305225195833796,-19.51304602622986,-19.02716886997223,-125.24114990234376,-119.123486328125,-223.43464040756223,-1.0
S101D:T102D:D103I:S104D:T105D:P106E:M107E:F108E:E109D:Y110S:E111D:N112D:E114A:D115A:N116K:S117T:K118S:E119P:S122M:D125E:N126Y:D127I:I128E:P129N:V130L:T131N:D133S:D134V:V135N:S136T:L137S:A138T:D139F:K140P:A141S:I142S:E143K:S144V,1.676280999,-0.4362206,-0.4470790985216025,-5.443810224533081,-7.04969699382782,-85.93609619140625,-77.46258544921875,-158.69140553474426,-1.0
S101D:T102D:D103I:S104E:T105E:P106N:M107K:E109N:Y110S:E111T:N112K:L113S:E114S:D115E:N116S:S117A:K118D:E119L:T121M:S122D:N126S:D127A:I128E:P129D:V130T:T131P:T132D:D133T:D134V:V135S:S136L:L137N:A138I:D139T:K140E:A141P:I142T:E143Y:S144V,1.315231391,-0.38338596,-0.4548876887962911,2.3044923543930054,0.9672408103942872,-95.73876953125,-89.4779052734375,-156.36063694953918,-1.0
S101D:T102D:D103I:S104K:T105D:P106D:M107S:E109S:Y110E:E111S:N112S:L113A:E114L:D115S:N116D:S117L:K118P:E119M:T121D:S122T:D125K:N126E:D127N:I128N:V130T:T131E:T132S:D133N:D134V:V135T:S136E:L137I:D139T:K140Y:A141E:I142D:E143V:S144T,1.625549789,-0.33527333,-0.4008412751438779,-1.6461763381958008,-3.296935725212097,-87.34808349609375,-80.1368896484375,-157.6591465473175,-1.0
S101D:T102D:D103I:S104N:T105N:P106K:M107T:F108T:E109V:Y110S:E111T:N112D:L113S:E114Y:D115P:N116F:S117D:K118M:E119P:T121E:S122E:D125S:N126I:D127E:I128N:P129S:V130L:T131S:T132D:D133T:D134A:V135D:S136L:L137A:A138E:D139T:A141D:I142V,0.978839144,-0.345832,-0.454069795981845,-3.7840747833251953,-5.364757323265076,-93.5689697265625,-85.4484375,-160.69980716705322,-1.0
S101D:T102D:D103K:S104D:T105K:P106V:M107A:F108E:Y110L:E111I:L113E:E114V:D115S:N116M:S117D:K118A:E119T:T121E:S122T:D125L:N126E:D127N:I128Y:P129T:V130P:T131I:T132S:D133T:D134N:V135D:L137S:A138T:D139S:K140F:A141D:I142S:E143P:S144D,1.0388259009999998,-0.4120866,-0.5159397328875668,-4.71070122718811,-6.566167449951172,-93.73077392578124,-87.87769775390623,-164.9357569217682,-1.0
S101D:T102D:D103K:S104I:T105S:P106E:M107T:F108T:E109V:Y110E:E111T:N112F:L113E:E114N:D115S:N116S:S117P:K118V:T121E:S122D:N126L:D127N:I128Y:P129K:V130T:T131P:T132S:D133N:V135I:S136M:A138S:D139T:K140D:I142S:E143D:S144A,1.305308805,-0.35273218,-0.4662645550385065,-4.235661864280701,-6.156425213813781,-86.09527587890625,-79.74993896484375,-154.02793431282043,-1.0
S101D:T102D:D103K:T105S:P106V:M107T:F108E:E109L:Y110S:N112A:L113V:E114D:D115T:N116I:S117M:K118T:E119D:N126K:I128E:V130F:T131D:T132Y:D133A:D134T:V135E:S136N:A138S:D139S:K140I:A141P:I142E:E143N:S144N,0.899227311,-0.3858778,-0.4122704882638734,-2.094419836997986,-4.283150148391724,-72.22967529296875,-68.90549316406249,-137.75301814079285,-1.0
S101D:T102D:D103L:T105S:M107E:F108S:E109N:Y110M:E111L:N112S:L113P:E114Q:D115I:S117T:K118S:E119F:W120F:T121S:S122P:L123M:F124G:D125E:N126V:D127A:I128P:V130G:T132V:D133S:D134P:V135K:S136D:A138F:D139F:K140D:I142S:E143A:S144P,1.103536791,-0.3661061,-0.4059795230308886,-8.908917903900146,-7.661314463615417,-95.53778076171876,-87.05472412109376,-165.3081512451172,-1.0
S101D:T102D:D103M:S104K:T105A:P106I:M107I:F108S:E109V:Y110T:E111D:N112L:L113E:E114N:D115Y:N116L:S117D:K118F:E119T:T121E:S122T:D125S:D127S:I128S:P129D:V130T:T131E:T132N:D133P:D134S:V135E:S136V:L137T:A138D:D139P:K140A:A141D:I142K,1.260265632,-0.4722454,-0.5105939980503503,-1.2220221757888794,-4.069123935699463,-90.8924560546875,-83.1347412109375,-159.26849460601807,-1.0
S101D:T102D:D103N:S104D:T105K:P106L:M107T:F108E:E109P:Y110E:E111S:N112K:L113I:D115E:N116T:S117F:K118S:E119N:S122V:D125E:N126S:D127P:I128N:P129T:V130D:T131Y:T132A:D133M:D134S:V135S:S136A:L137D:A138L:D139T:K140I:A141S:I142D:E143V:S144D,1.032987616,-0.39318794,-0.4694206807961243,-7.669021844863892,-8.344222354888917,-92.90399169921876,-85.7392333984375,-166.1701431274414,-1.0
S101D:T102D:D103N:S104I:T105E:P106E:M107D:F108D:E109D:Y110E:N112E:L113P:E114P:D115T:N116F:K118L:E119M:T121S:S122V:D125A:N126I:D127V:I128S:P129A:V130N:T131S:T132K:D133L:D134S:V135T:S136K:L137N:A138T:D139Y:K140S:A141T:I142D:E143D:S144T,1.029127837,-0.4534542,-0.5126999281479371,-3.977598428726196,-6.628248310089111,-101.87945556640624,-94.57022705078124,-167.55063724517822,-1.0
S101D:T102D:D103N:S104T:T105D:P106A:M107E:F108E:E109D:Y110E:N112D:L113E:E114D:D115S:N116S:S117V:K118T:E119P:S122L:D125S:N126S:D127I:I128V:P129I:V130D:T132L:D133P:D134S:V135M:S136N:L137S:A138N:D139F:K140A:A141Y:I142K:E143K:S144T,1.384563399,-0.43233746,-0.4961985523590414,-7.7300742864608765,-7.577246785163879,-90.93255615234376,-83.24299316406251,-158.07676887512207,-1.0
S101D:T102D:D103S:S104A:T105S:P106N:M107S:F108S:E109T:Y110P:E111F:N112D:L113N:E114N:D115T:N116L:S117T:K118E:E119V:T121M:S122D:D125L:N126D:D127T:P129S:V130E:T131K:D133E:D134V:V135Y:S136E:L137I:A138S:D139A:K140E:A141K:I142D:E143D:S144P,1.145297706,-0.42671806,-0.4536683975165425,1.4367609024047852,-0.3669555902481079,-88.78253173828125,-81.1722900390625,-160.24629664421082,-1.0
S101D:T102D:D103S:S104K:T105D:P106T:M107E:F108A:E109P:Y110E:E111N:N112T:L113S:E114N:D115Y:N116D:S117I:K118L:E119T:T121D:S122D:D125N:N126L:D127S:P129K:V130S:T131E:T132P:D133V:D134M:V135T:S136E:L137S:A138F:D139A:K140S:A141E:I142V:E143T:S144D,1.236292127,-0.3996356,-0.4834652829424766,-2.765047192573548,-3.266431260108948,-99.8511962890625,-93.22078857421874,-171.89337968826294,-1.0
S101D:T102D:D103S:S104V:T105D:P106D:M107D:Y110D:N112E:L113I:E114K:D115I:N116S:S117T:K118S:E119T:T121P:D125E:N126Y:D127P:I128A:P129K:V130D:T131N:T132E:D133T:D134N:S136M:L137T:D139S:K140L:A141L:I142S:E143N:S144T,1.621996962,-0.42487955,-0.3750142813577346,-2.5665313005447388,-4.313663935661316,-72.89129638671875,-66.17110595703124,-141.567551612854,-1.0
S101D:T102D:D103T:S104A:T105K:P106E:M107D:E109I:Y110S:N112A:L113T:D115K:N116I:S117L:K118S:E119S:T121D:S122V:D125S:I128S:P129T:V130S:T131D:T132Y:D133L:D134P:S136D:L137N:A138E:D139N:K140T:A141M:I142T:E143P:S144E,1.552704525,-0.3913468,-0.4488648655575791,-5.49858021736145,-7.09129159450531,-90.170654296875,-85.38786621093749,-154.57956671714783,-1.0
S101D:T102D:D103T:S104E:P106D:M107N:F108S:Y110T:E111I:N112K:L113T:D115P:N116D:S117N:K118M:E119A:S122N:D125Y:N126L:D127K:I128D:P129F:V130I:T131E:T132L:D133S:D134V:V135E:L137S:A138D:D139S:K140V:A141P:I142D:E143A,1.338629201,-0.3921014,-0.4400584808023799,-3.715323805809021,-4.982213091850281,-84.35455322265625,-78.67349853515626,-146.47486114501953,-1.0
S101D:T102D:D103T:S104E:T105S:P106Y:M107P:F108S:E109D:Y110S:N112S:L113S:E114T:D115I:S117F:K118E:E119N:T121N:S122D:N126L:D127T:I128T:P129M:V130E:T132I:D133V:D134S:V135E:S136K:L137K:A138D:D139L:K140P:A141V:I142A:E143A:S144D,1.497310273,-0.37854445,-0.3919175986293371,-1.7870638370513916,-3.2568225860595703,-81.04815673828125,-73.74127197265624,-156.39287948608398,-1.0
S101D:T102D:D103T:S104T:P106E:M107K:F108I:E109T:Y110K:E111N:N112D:L113D:E114S:D115F:N116V:S117D:K118P:E119N:T121A:S122A:D125T:N126E:I128V:P129Y:V130P:T131I:T132D:D133N:D134S:V135S:S136E:A138E:D139M:K140L:A141S:I142E:E143S,1.431377984,-0.36933655,-0.4172114036261399,-1.762328028678894,-2.744227576255798,-85.25274658203125,-79.26291503906249,-149.27856993675232,-1.0
S101D:T102D:D103T:S104T:T105V:P106E:M107P:F108E:E109K:Y110V:E111D:N112S:L113S:E114D:D115A:N116I:S117Y:K118T:E119D:T121S:D125L:N126E:D127S:P129T:V130F:T131P:T132D:D133L:D134M:V135T:S136E:L137A:A138N:D139N:K140S:A141E:I142D:E143K:S144N,0.972365292,-0.36558366,-0.4484938217651801,-2.628930926322937,-3.725001668930054,-83.915283203125,-78.43852539062499,-163.74429607391355,-1.0
S101D:T102D:D103T:T105N:P106E:M107T:F108E:E109N:Y110S:E111T:N112L:L113Y:E114S:D115M:N116T:S117K:K118E:E119T:T121S:S122D:D125V:N126D:D127A:I128S:P129D:V130K:T131D:T132A:D133E:D134I:V135I:S136E:L137P:A138N:D139F:K140P:A141L:I142V:E143S:S144D,1.23889105,-0.37581205,-0.4504754551789091,-6.655063509941101,-6.652469444274902,-90.71209716796876,-85.15120849609376,-165.3708324432373,-1.0
S101D:T102D:D103V:S104E:T105I:P106K:M107V:F108E:E109D:Y110V:E111F:N112G:L113A:E114D:D115A:N116A:S117G:K118A:E119S:W120I:S122Q:L123F:F124E:D125Q:N126Q:D127K:I128P:P129E:V130P:T131V:T132I:D133A:D134I:V135K:S136Q:L137E:A138E:D139N:K140S:A141M:I142G:E143H:S144N,1.272779596,-0.43136376,-0.6493000831468249,-15.966375946998596,-19.374418544769288,-124.02545166015624,-117.14765625,-208.05972170829773,-1.0
S101D:T102D:D103V:T105L:P106A:M107D:F108K:E109A:Y110I:N112S:L113T:D115E:N116A:K118L:E119V:W120P:T121F:S122N:F124E:D125V:N126S:D127T:P129S:V130F:T131L:T132P:D133T:D134P:S136L:L137E:A138D:D139A:A141L:I142S:E143Q:S144T,1.079250889,-0.21652657,-0.4612837278970195,-6.737653017044067,-5.276385688781739,-100.11785888671876,-96.76993408203126,-164.87834787368774,-1.0
S101D:T102D:D103V:T105L:P106A:M107D:F108K:E109A:Y110I:N112S:L113T:D115E:N116V:K118L:E119A:W120P:T121S:S122N:F124E:D125V:N126S:D127T:I128T:P129S:V130F:T131L:T132P:D133T:D134P:S136L:L137E:A138D:D139A:A141L:I142S:E143Q:S144V,1.135113679,-0.18120939,-0.4352912224060276,-4.985579252243042,-4.08869481086731,-103.88226318359376,-99.16375732421876,-169.54957103729248,-1.0
S101D:T102D:D103V:T105L:P106A:M107D:F108K:E109A:Y110I:N112S:L113T:D115E:N116V:K118L:E119V:W120P:T121S:S122N:F124E:D125V:N126S:D127T:I128T:P129S:V130F:T131L:T132P:D133T:D134P:S136L:L137E:A138D:D139A:A141L:I142T:E143Q:S144T,1.221012036,-0.15181658,-0.4455221590198233,-5.569222927093506,-4.242938828468323,-106.3372802734375,-101.60822753906253,-169.78610610961914,-1.0
S101D:T102D:D103V:T105L:P106N:M107D:F108K:E109A:Y110I:N112L:L113T:E114H:N116V:S117A:K118V:E119N:W120D:T121N:S122D:L123V:F124N:D125F:N126M:D127Q:I128N:P129Q:V130C:T131F:T132L:D133P:D134T:V135P:S136V:L137I:A138E:K140A:A141K:I142L:E143M:S144I,1.3870025330000002,-0.3670665,-0.6090072143120274,-15.171985864639282,-17.53125238418579,-130.0087890625,-125.28157958984376,-200.5755259990692,-1.0
S101D:T102D:S104E:P106L:M107F:F108N:Y110D:E111V:N112S:L113P:E114S:D115E:N116T:K118S:E119N:T121P:S122E:D125K:N126T:D127L:I128A:P129K:V130T:T132Y:D134S:V135N:S136I:L137D:A138M:D139A:K140E:A141I:I142D:E143V,1.547042683,-0.40061963,-0.4052793563897076,-6.236363410949707,-8.040216827392578,-80.078857421875,-74.0379638671875,-147.35910272598267,-1.0
S101D:T102D:S104E:T105E:P106D:M107E:F108E:E109V:Y110I:E111I:N112V:E114A:D115Y:N116D:S117E:K118M:E119N:T121S:S122D:D125N:N126T:D127S:I128F:P129L:V130S:T131S:T132A:D133T:D134T:V135S:S136T:L137K:A138D:D139P:K140T:A141K:I142N:E143P,1.067482059,-0.44842178,-0.5303146525209909,0.95416522026062,-2.267112970352173,-93.57318115234376,-87.78526611328125,-159.00065636634827,-1.0
S101D:T102D:S144D,1.241808632,-0.102535725,-0.0669371581162422,-1.0300369262695312,-1.7399230241775512,-5.66595458984375,-5.949951171875,-13.726484298706056,-0.9991439578635892
S101D:T102E:D103E:S104K:P106F:M107N:F108S:E109S:Y110P:E111V:N112T:L113T:E114N:D115I:N116A:S117D:K118N:E119S:T121E:S122K:D125P:N126L:D127I:I128S:P129D:V130D:T131D:D133E:D134A:V135Y:L137T:A138L:D139V:K140D:A141S:I142D:E143M:S144E,1.000808427,-0.39668065,-0.407268537745357,-5.157639384269714,-6.05154402256012,-86.6021728515625,-77.33880615234375,-163.58959126472473,-1.0
S101D:T102E:D103E:S104N:P106S:M107L:F108D:E109Y:Y110P:E111T:N112I:L113A:E114D:N116F:S117D:K118N:E119S:T121D:S122V:N126S:D127I:I128A:P129S:V130S:T131E:D133N:D134S:V135T:S136L:L137K:A138E:D139V:K140P:A141K:I142M:E143T:S144E,1.1303657459999998,-0.3933159,-0.4201800254740325,-0.932573676109314,-3.1472859621047973,-84.0693359375,-75.98448486328125,-149.72373938560486,-1.0
S101D:T102E:D103E:S104N:T105E:P106D:M107T:F108S:E109S:Y110N:E111I:N112A:L113E:E114V:D115K:N116T:S117P:K118L:E119Y:T121K:S122N:D125V:N126S:D127T:I128D:P129M:V130D:T132S:D133T:D134S:V135D:S136L:L137A:A138I:D139E:K140S:A141F:I142D:E143P:S144D,1.962974392,-0.4274006,-0.4981938155096197,-7.159199833869934,-8.391047096252441,-101.64129638671876,-93.99478759765626,-173.33079981803894,-1.0
S101D:T102E:D103E:S104P:T105A:P106M:M107F:F108S:E109T:Y110E:E111G:N112E:L113G:D115G:N116E:S117C:K118G:E119N:W120E:T121G:S122G:L123E:D125G:N126P:D127I:I128L:P129S:V130L:T131D:T132D:D133A:D134G:V135I:S136H:L137G:D139N:K140G:A141T:I142D:E143G:S144A,1.327889283,-0.43263477,-0.4537185180229649,-22.229764103889465,-24.652478313446046,-105.82366943359376,-97.25450439453128,-206.14848232269287,-1.0
S101D:T102E:D103I:S104I:T105S:P106L:M107A:E109T:Y110N:E111Y:N112V:L113S:E114V:N116T:K118A:E119K:T121D:S122T:D125T:N126S:D127E:I128D:P129D:V130E:T131D:T132D:D133S:D134S:V135E:S136P:A138T:D139P:K140N:A141K:I142N:E143M:S144E,1.240922297,-0.46619952,-0.5288324322140514,-5.084233641624451,-8.211208033561707,-96.90264892578124,-87.51492919921876,-154.5138454437256,-1.0
S101D:T102E:D103I:S104T:T105E:P106E:M107V:F108Y:E109T:Y110I:E111L:N112M:L113P:E114A:D115T:S117D:K118S:E119S:T121K:S122N:N126V:I128D:P129K:V130S:T131E:T132L:D133A:D134S:V135S:S136N:L137D:A138T:D139T:K140P:A141S:I142F:E143D:S144E,1.4566603319999998,-0.3937558,-0.3837943297688223,-5.613100171089172,-7.353566479682922,-80.38543701171875,-72.49285888671875,-157.05034971237183,-1.0
S101D:T102E:D103K:T105L:P106T:M107V:F108N:E109P:Y110N:E111I:N112I:L113E:E114K:D115E:N116D:S117D:K118A:E119T:T121S:S122A:N126P:D127S:I128M:P129S:V130D:T132S:D133E:D134V:V135D:S136D:L137F:A138L:D139N:K140Y:A141S:I142T:S144T,0.913394961,-0.36118305,-0.4549189665987823,-5.903953671455383,-6.657206892967224,-94.45196533203124,-87.885986328125,-155.83624410629272,-1.0
S101D:T102E:D103N:S104I:T105Y:P106S:M107F:F108S:Y110K:E111T:N112S:L113D:E114T:D115V:N116E:S117P:K118I:E119T:T121E:S122D:D125S:N126P:D127V:I128D:P129M:V130N:T132D:D133E:D134L:V135N:S136T:L137K:D139S:K140A:A141D:I142L:E143S:S144D,1.197154174,-0.37954122,-0.3885471439022187,-7.522055149078369,-9.454828882217408,-86.81414794921875,-79.693310546875,-166.3973126411438,-1.0
S101D:T102E:D103N:S104K:T105D:P106A:M107I:F108E:E109L:Y110S:E111V:N112D:L113S:E114T:D115E:N116V:S117T:K118S:E119N:T121D:S122D:D125E:N126A:D127T:I128E:P129T:V130I:T131Y:T132S:D134K:V135P:S136N:L137S:A138T:D139S:K140D:A141F:I142L:E143M:S144P,1.306343377,-0.3539002,-0.3907587994884343,-7.667262077331543,-9.147743082046508,-85.34356689453125,-76.84088134765625,-171.94156646728516,-1.0
S101D:T102E:D103N:S104M:T105L:P106L:M107D:F108S:E109D:Y110K:E111F:L113E:E114T:D115T:N116S:S117E:K118S:E119P:S122E:D125A:N126T:D127V:I128E:P129S:V130Y:T131S:T132V:D133A:D134T:V135D:S136N:L137D:A138K:D139I:K140I:A141P:I142D:E143D,1.301414401,-0.36054403,-0.4202216749089469,-7.416519284248352,-8.865422415733338,-94.24627685546876,-86.55361328125,-160.87188577651978,-1.0
S101D:T102E:D103S:S104D:T105S:P106S:M107E:F108I:E109A:Y110E:E111N:N112T:L113A:E114K:D115E:N116D:S117Y:K118N:E119D:T121K:S122I:N126T:D127L:I128D:P129T:V130S:T132S:D133T:D134V:V135E:S136D:L137V:A138F:D139S:K140L:A141N:I142P:E143P:S144M,1.194612323,-0.41837072,-0.4001648926650077,-3.2161844968795776,-3.495131826400757,-85.82086181640625,-76.15340576171874,-158.72435021400452,-1.0
S101D:T102E:D103T:S104K:T105N:P106D:M107S:F108S:E109P:Y110T:E111D:N112L:L113D:E114S:D115A:N116D:S117N:K118P:E119V:T121I:S122D:D125Y:N126S:D127E:I128N:P129I:V130F:T131S:T132E:D133L:D134A:V135D:S136T:L137V:A138K:D139M:K140T:A141S:I142T:S144E,1.210422253,-0.3970014,-0.4633950881686499,-8.274138808250427,-8.366842579841613,-93.89788818359376,-88.74791259765625,-168.01630854606628,-1.0
S101D:T102E:D103T:S104T:T105S:P106S:M107V:F108L:E109N:Y110D:E111V:N112A:L113E:E114I:D115P:N116T:S117D:K118T:E119L:T121S:S122D:D125F:N126P:D127N:I128T:P129A:V130S:T131I:T132S:D133Y:V135S:S136D:L137K:A138E:D139N:A141E:I142D:S144M,1.369203379,-0.36735266,-0.434557605892738,-2.895133137702942,-5.329256987571716,-84.4085693359375,-77.86925048828125,-160.88871097564697,-1.0
S101D:T102E:D103Y:S104T:T105S:P106E:M107S:F108D:E109N:Y110F:E111L:N112M:L113S:D115I:S117T:K118N:E119T:T121S:S122P:D125K:N126E:I128T:P129A:T131A:T132D:D133P:D134I:V135D:S136E:L137K:A138V:D139S:K140T:A141D:I142D:E143L,1.392589923,-0.37267554,-0.3237405145719806,-3.32530164718628,-4.73920624256134,-69.3271484375,-60.62415771484375,-143.99796438217163,-1.0
S101D:T102E:S104D:T105S:P106V:M107L:F108S:E109N:Y110T:E111S:N112E:L113T:E114S:D115L:N116F:S117P:K118E:E119M:S122N:D125K:N126E:I128V:P129A:V130S:T131A:T132K:D133P:V135D:S136I:L137Y:A138I:D139T:K140S:A141D:I142T:S144N,1.4092759780000002,-0.38037378,-0.339170734229037,-0.8775031566619873,-1.810015654563904,-67.35687255859375,-62.20419921875,-146.845299243927,-1.0
S101D:T102E:S104K:T105A:P106T:M107D:F108T:E109N:Y110S:L113D:E114K:D115T:N116F:S117D:K118T:E119V:T121S:S122D:D125T:N126Y:D127S:I128S:P129E:V130N:T131I:T132D:D133S:D134M:V135I:S136E:L137V:A138P:D139L:K140E:I142L:E143P,1.04597005,-0.36296105,-0.484483114765208,-4.428032040596008,-5.26924319267273,-92.35076904296876,-84.86478271484376,-155.38225841522217,-1.0
S101D:T102E:T105I:P106V:M107P:F108H:E109D:Y110E:E111V:N112L:L113E:E114A:D115L:N116L:S117I:K118E:E119P:W120S:T121P:S122N:L123G:F124L:D125S:N126D:I128T:P129I:V130S:T131A:T132A:D133T:D134T:V135S:S136A:L137S:A138S:D139P:K140D:A141L:E143S:S144T,1.117358356,-0.37584168,-0.471814953135426,-3.644047617912293,-3.721006417274475,-99.375,-92.21136474609376,-183.41411876678467,-1.0
S101D:T102F:D103E:S104I:T105E:P106K:M107T:F108A:E109N:Y110L:N112S:L113S:E114S:N116M:S117D:K118T:E119T:T121L:D125P:N126D:I128V:P129T:V130A:T131I:D133K:D134S:V135E:S136Y:L137D:A138E:K140V:A141P:I142N:E143S:S144N,1.714962321,-0.37455118,-0.4034495506422375,1.7431659698486328,-2.302841877937317,-77.76629638671875,-70.967724609375,-138.5574975013733,-1.0
S101D:T102F:D103E:S104T:T105M:P106K:M107D:F108L:E109L:Y110E:E111N:N112T:L113S:E114A:D115P:N116Y:S117D:K118N:T121P:D125S:N126D:D127T:I128S:P129I:V130S:T132S:D134A:S136N:L137T:A138D:D139E:K140I:A141K:I142V:E143D:S144E,1.575578132,-0.39935935,-0.3662100686721531,-3.196489691734314,-4.092653870582581,-74.502685546875,-67.09514160156249,-141.474365234375,-1.0
S101D:T102F:D103S:S104I:T105Y:P106D:M107E:F108T:E109S:Y110S:E111N:N112T:E114T:D115S:N116D:S117D:K118N:E119V:T121E:S122P:D125P:N126L:D127T:I128V:P129A:V130E:T132K:D133S:D134I:V135S:S136M:L137N:A138D:K140E:A141K:I142E:E143A:S144D,1.353647296,-0.38979304,-0.3999911813973532,-1.814647912979126,-5.434912753105164,-81.7811279296875,-73.31446533203125,-153.9556181430817,-1.0
S101D:T102F:D103S:S104L:T105D:P106L:M107F:F108D:E109L:Y110P:E111T:N112Q:L113S:E114P:D115L:N116L:S117D:K118D:E119L:W120T:T121S:S122P:L123T:F124S:D125S:N126M:D127M:I128A:P129S:V130P:T131L:T132P:D134S:V135F:S136G:L137Y:A138M:D139T:K140T:A141S:I142S:E143V:S144P,1.145179996,-0.39306605,-0.5756579090267738,-6.67481791973114,-6.688589549064636,-129.51226806640625,-120.14074707031251,-199.75922894477844,-1.0
S101D:T102F:S104N:T105S:P106Y:M107S:F108V:E109I:Y110A:E111S:N112T:L113S:E114L:D115E:N116S:S117T:K118N:E119S:T121L:S122P:D125P:N126E:D127K:I128T:P129T:V130I:T131D:T132M:D133K:D134V:V135D:S136N:L137T:A138D:K140E:A141E:I142D:S144A,1.246376078,-0.40337116,-0.3789747244946897,-8.85181438922882,-10.248194026947022,-78.6715087890625,-67.58902587890626,-155.08099699020386,-1.0
S101D:T102G:D103T:S104N:T105D:P106I:M107D:F108H:E109T:Y110P:E111M:N112F:L113D:D115L:N116D:S117F:K118I:E119L:W120D:T121G:S122A:L123K:F124V:D125N:N126S:D127K:I128E:P129D:V130W:T131V:T132A:D133L:D134F:V135E:S136E:L137G:A138E:D139L:K140E:A141S:I142G:E143A:S144G,0.961613361,-0.3994351,-0.5434886891646743,-19.720632791519165,-20.42055199146271,-125.4671630859375,-117.13493652343747,-222.5133023262024,-1.0
S101D:T102I:D103E:S104E:T105D:P106D:M107E:F108D:E109D:Y110E:E111P:N112A:L113D:E114N:D115S:S117T:K118P:E119F:T121N:S122V:D125S:N126S:D127K:I128Y:P129S:V130S:T131I:T132E:D134T:V135L:S136T:L137T:A138T:D139L:K140A:A141M:I142S:E143V:S144K,1.231538416,-0.43129474,-0.4456779507131339,-4.373704433441162,-4.970370507240295,-98.364501953125,-89.05788574218751,-162.83469080924988,-1.0
S101D:T102I:D103P:S104V:T105S:P106S:M107A:F108D:E109V:Y110D:E111L:N112A:L113S:E114K:D115A:N116I:S117E:K118L:E119I:W120E:T121Q:S122D:L123P:F124Q:D125F:N126I:D127K:I128D:P129T:V130T:T132N:D133T:D134S:V135T:L137I:A138P:D139T:K140S:A141F:I142T:E143A:S144T,1.088638372,-0.36621112,-0.5513240501973978,-8.705309629440308,-8.089257526397706,-124.74237060546876,-114.97279052734376,-201.75826144218445,-1.0
S101D:T102I:S104H:E109D:Y110E:E111L:N112D:E114I:D115M:N116D:S117G:K118A:E119K:W120V:T121N:L123S:F124E:N126W:D127V:I128A:P129L:V130F:T131G:T132D:D134N:V135D:S136D:L137G:A138V:D139A:K140I:I142G:E143A:S144T,1.050457561,-0.41045058,-0.3975535219674433,-12.70161783695221,-15.352259540557862,-78.42724609375,-70.08477783203125,-166.64651012420654,-1.0
S101D:T102I:S104H:E109D:Y110E:E111L:N112D:E114I:D115M:N116D:S117G:K118C:E119K:W120V:T121N:L123S:F124D:N126W:D127V:I128A:P129L:V130F:T131G:T132D:D134H:V135D:S136I:L137V:A138G:D139E:K140E:A141P:E143L,1.00240533,-0.39242548,-0.4081714670853259,-13.585471987724304,-16.428175830841063,-81.94708251953125,-73.4026611328125,-164.99912667274475,-1.0
S101D:T102I:S104H:E109D:Y110E:E111L:N112D:L113F:E114I:D115L:N116D:S117G:K118A:E119K:W120V:T121N:L123K:F124E:N126W:D127V:I128A:P129L:V130F:T131E:T132E:D133G:D134E:V135L:S136E:L137S:A138G:D139A:K140G:I142F:E143V,0.948864916,-0.4002831,-0.3762296629121719,-11.1394761800766,-13.300574207305909,-81.4488525390625,-72.39276123046875,-169.61773109436035,-1.0
S101D:T102K:D103E:S104D:T105N:P106L:M107K:F108D:E109N:Y110L:E111T:N112T:L113D:E114N:D115V:N116P:S117I:K118S:T121S:N126P:D127S:I128E:P129S:V130M:T131Y:T132A:D133F:D134S:S136I:L137E:D139E:K140T:A141T:I142T:E143D:S144D,1.020739545,-0.3741849,-0.4309061939606039,-3.463186264038086,-5.5233808040618895,-84.48876953125,-78.17253417968749,-149.95858931541443,-1.0
S101D:T102K:D103I:S104N:T105A:P106S:M107L:F108T:Y110E:E111D:N112V:L113T:E114I:D115M:N116T:K118S:E119V:T121S:S122Y:D125S:N126K:D127F:I128N:P129A:V130D:T131D:D133N:V135D:S136E:L137E:A138P:D139L:K140D:A141E:I142S:E143P:S144T,1.288018902,-0.47204274,-0.494781982856289,-5.8916016817092896,-8.330786633491517,-87.01959228515625,-81.23614501953125,-156.37030863761902,-1.0
S101D:T102K:D103L:S104T:M107P:F108A:E109V:Y110D:N112E:L113E:E114D:N116D:S117Y:K118S:E119T:T121N:D125S:N126T:I128A:P129V:V130K:T131S:T132I:D133N:D134E:V135L:S136N:L137F:A138T:D139S:K140I:A141D:I142S:E143M:S144E,1.393333364,-0.40497422,-0.4096180111487989,-5.199515461921692,-5.413553214073181,-74.11376953125,-68.343994140625,-137.3645544052124,-1.0
S101D:T102K:D103T:S104I:T105E:P106S:M107L:F108D:E109S:Y110N:E111T:N112I:L113S:E114T:D115L:N116T:S117D:K118S:E119S:T121P:S122V:N126D:D127N:I128E:P129D:V130F:T131E:T132M:D133A:D134E:V135T:L137V:A138P:D139A:A141Y:I142D:S144N,1.210051619,-0.34961528,-0.3829112748658531,-5.392417311668396,-6.323805737495422,-86.85595703125,-79.55855712890624,-152.94022035598755,-1.0
S101D:T102L:D103K:S104V:T105D:P106T:M107Y:F108T:E109F:Y110N:E111M:N112T:L113A:D115E:N116E:S117I:K118D:E119T:T121N:S122P:D125K:D127S:I128E:P129S:V130D:T131A:T132D:D133S:D134S:V135S:S136E:L137T:A138I:D139L:K140D:A141D:I142S:E143V:S144P,1.315109294,-0.39573872,-0.4069709099060276,-8.213049530982971,-9.632739663124084,-86.24786376953125,-77.23983154296876,-165.15932178497314,-1.0
S101D:T102L:D103S:S104M:T105E:P106E:M107D:F108K:E109K:Y110D:E111D:N112E:L113A:E114T:D115S:N116S:S117I:K118D:E119V:T121N:S122A:N126E:D127E:I128P:P129S:V130S:D133Y:D134N:V135D:S136F:L137N:A138T:D139V:K140S:A141I:I142P:E143T:S144L,1.14540551,-0.36119562,-0.4219996224943005,-6.483634471893311,-6.668388366699219,-78.64837646484375,-73.14598388671875,-159.53184366226196,-1.0
S101D:T102L:D103S:S104T:T105P:P106S:M107F:F108E:E109S:Y110P:E111G:N112Y:L113F:E114S:D115Q:N116D:S117T:K118S:E119P:W120M:T121F:S122A:L123T:F124D:D125M:N126E:D127L:I128G:V130G:T131V:T132E:D133E:D134W:V135G:A138F:D139P:K140S:A141Q:I142D:E143D:S144F,0.889004855,-0.36894667,-0.4850799451943395,-15.695053815841677,-15.643431067466736,-107.68798828125,-99.745703125,-197.0226981639862,-1.0
S101D:T102L:D103S:S104V:T105I:F108T:E109K:Y110K:E111I:N112T:L113V:E114S:D115A:N116D:S117Y:K118S:E119N:T121N:D125T:N126T:D127S:I128P:P129T:V130D:T131A:T132S:D133L:V135E:S136E:L137D:A138E:D139E:K140E:A141D:I142F:E143N:S144D,1.249665404,-0.44268465,-0.3802292033022408,-8.474926114082336,-10.874579048156738,-70.039794921875,-64.5256103515625,-154.7286398410797,-1.0
S101D:T102L:S104D:T105N:P106I:M107S:F108N:Y110T:E111Y:N112T:L113A:E114S:D115E:N116K:S117D:K118P:E119S:T121D:S122V:D125T:N126E:D127V:I128M:P129A:V130S:T131F:D133L:D134E:V135D:L137S:A138D:D139I:K140P:A141T:I142E:E143N:S144K,1.463627766,-0.3738652,-0.4465425973260954,-7.894394755363464,-9.342720437049866,-92.330078125,-85.16737060546876,-159.6149866580963,-1.0
S101D:T102M:D103P:S104E:T105E:P106S:M107T:F108T:E109I:Y110F:E111L:N112E:L113N:E114L:D115K:K118V:E119S:T121S:D125A:N126T:D127V:I128D:P129E:V130N:T131D:T132A:D133E:V135D:S136I:L137D:A138T:D139T:K140P:A141Y:I142S:E143K:S144D,1.333602229,-0.41773635,-0.4381894148965748,-7.401402115821838,-7.956745839118957,-85.77032470703125,-79.20703125000001,-157.55474042892456,-1.0
S101D:T102M:D103P:S104E:T105V:P106T:M107N:F108L:Y110N:E111I:N112Y:L113N:E114D:N116S:K118T:E119D:T121K:S122A:D125P:N126K:I128S:P129T:V130S:T131E:D134S:V135E:S136F:L137V:A138S:K140I:I142L:S144T,1.322911078,-0.31916934,-0.3366383725638068,-0.5216310024261475,-2.025263261795044,-80.0242919921875,-70.97147216796876,-131.84731149673462,-1.0
S101D:T102M:D103S:S104E:T105N:P106D:M107S:F108L:Y110T:E111L:N112V:L113S:E114P:D115I:N116K:K118S:E119T:T121E:S122K:D125Y:N126I:I128D:P129T:V130A:T131F:T132E:D133T:D134V:V135P:S136D:L137S:A138T:K140N:A141D:I142A:S144N,1.804410292,-0.38256747,-0.3989564074316059,-4.239267349243164,-6.850267148017883,-83.811767578125,-75.7639404296875,-154.95730352401733,-1.0
S101D:T102M:D103T:S104P:T105D:P106V:M107F:F108E:E109T:Y110L:E111T:N112S:L113E:E114K:N116I:S117E:K118D:E119N:T121S:S122D:D125S:N126S:D127S:I128T:P129L:V130Y:T131P:T132V:D133E:D134T:V135S:S136I:L137A:D139E:K140D:A141K:I142N:E143D:S144N,1.293999047,-0.3556903,-0.4056445355941392,-1.3431193828582764,-3.402916097640991,-92.848876953125,-85.43421630859376,-161.95306992530823,-1.0
S101D:T102N:D103K:S104T:T105L:P106M:M107E:F108K:E109Y:Y110E:E111S:N112A:L113D:E114D:D115T:N116S:K118D:E119I:T121V:N126T:D127P:I128D:P129T:V130L:T131F:T132S:D133E:V135I:S136N:L137A:A138S:D139P:K140N:A141E:I142V:E143T:S144E,0.97572659,-0.38988245,-0.4196213148666872,-5.596173048019409,-5.031377148628235,-74.9288330078125,-67.41829833984374,-148.7497262954712,-1.0
S101D:T102N:D103M:S104E:T105D:P106S:M107E:F108D:Y110D:E111D:N112D:L113N:E114P:D115A:N116F:S117Y:K118D:E119A:D125S:N126E:D127S:I128N:P129K:V130L:T131S:D133E:D134P:V135L:S136K:L137T:A138I:D139V:K140V:A141T:I142T:E143S:S144I,1.252860809,-0.437912,-0.4092639638011566,0.8610767126083374,0.8799281358718872,-80.07989501953125,-73.092041015625,-143.30368518829346,-1.0
S101D:T102N:D103S:S104E:P106S:M107D:F108D:E109A:Y110D:E111D:N112D:L113T:N116E:S117E:K118E:E119S:T121V:S122P:D125L:N126A:D127V:I128T:P129S:V130I:T131L:T132I:D133K:D134M:V135S:S136Y:L137N:A138S:D139F:K140P:A141T:I142K:E143N:S144T,1.098102799,-0.48214495,-0.4511041607296764,-7.184012532234192,-7.35888020992279,-83.451416015625,-75.3802001953125,-151.68630075454712,-1.0
S101D:T102N:D103S:S104T:T105L:P106D:M107V:F108D:E109F:Y110N:E111S:N112S:L113S:E114S:D115E:N116P:S117V:K118S:E119D:T121A:S122Y:D125K:N126D:D127T:I128T:P129L:V130A:T131I:T132I:D133E:D134E:V135T:S136T:L137N:A138D:D139E:A141M:I142E:E143D:S144P,1.46581508,-0.37576395,-0.3989997945222143,-3.661507725715637,-4.892490482330322,-88.328857421875,-80.27933349609376,-163.77293276786804,-1.0
S101D:T102N:D103S:T105N:P106I:M107S:F108N:E109Y:Y110K:E111T:N112L:L113D:E114L:D115A:N116F:K118S:E119A:T121S:S122T:D125V:N126T:D127K:I128M:P129E:V130P:T132D:D133E:V135D:S136E:L137P:A138D:K140E:A141T:E143V:S144E,1.188054378,-0.41135788,-0.509200615390764,-6.884447813034058,-8.151592421531678,-92.96966552734376,-88.30633544921875,-152.9947226047516,-1.0
S101D:T102N:D103Y:S104L:T105A:P106T:M107S:F108P:E109K:Y110M:E111V:N112L:L113T:E114S:D115T:S117E:K118D:E119I:T121S:S122T:D125S:N126I:D127S:I128T:P129V:V130A:T131F:T132D:D133E:V135E:S136D:L137E:A138E:K140S:A141N:I142D:E143P:S144K,1.3323143709999998,-0.43736202,-0.4989700045874111,-1.4176504611968994,-4.861655759811401,-92.7906494140625,-86.3837646484375,-158.10804963111875,-1.0
S101D:T102N:S104I:T105P:P106I:M107I:F108T:Y110E:E111D:N112V:L113V:E114L:D115T:N116D:S117K:K118A:E119V:W120E:T121L:S122T:L123H:F124D:D125Q:N126V:D127S:I128S:P129S:V130L:T131L:T132N:D133T:D134E:V135N:S136F:L137T:A138I:D139Q:A141H:I142E:E143Q:S144Q,1.195074472,-0.38415182,-0.5337909413402191,-14.027761697769163,-17.43415298461914,-111.4903564453125,-104.899951171875,-198.2927532196045,-1.0
S101D:T102P:D103E:S104N:T105F:P106T:M107S:F108E:Y110M:E111S:N112E:L113N:E114L:D115T:N116V:S117T:K118D:E119K:T121D:S122D:D125S:N126E:D127V:I128T:P129A:V130S:T131D:T132D:D133S:D134N:V135T:S136A:L137I:A138K:D139Y:K140P:A141D:E143S:S144L,1.32004139,-0.36580592,-0.4163739621851368,-3.367713451385498,-5.169774460792541,-86.40496826171875,-78.632177734375,-163.42035174369812,-1.0
S101D:T102P:D103E:T105S:P106T:M107N:F108L:E109A:Y110E:E111S:N112T:L113E:E114T:D115Y:N116A:S117D:K118D:E119K:T121D:N126I:D127F:I128V:P129T:V130E:T131I:T132M:D133S:D134N:V135E:S136K:L137V:A138D:D139L:K140T:A141P:I142S:E143N:S144D,1.009681866,-0.42395675,-0.414668996138929,-2.0021907091140747,-3.887641096115112,-78.057373046875,-69.9137451171875,-152.42156052589417,-1.0
S101D:T102P:D103I:S104M:P106I:M107E:F108S:E109S:Y110K:E111D:N112E:L113S:E114L:D115T:N116S:S117N:K118D:E119V:S122E:D125F:N126E:D127S:I128V:P129D:V130N:T131A:T132K:D133A:D134L:V135D:S136D:L137S:A138N:K140T:A141Y:I142P:S144T,1.373612041,-0.41085243,-0.4712461967060999,-6.976883292198181,-8.063516187667847,-88.102783203125,-81.540576171875,-156.8257701396942,-1.0
S101D:T102P:D103P:S104E:T105E:P106I:M107N:F108D:E109K:Y110S:N112T:L113A:E114I:D115T:N116F:K118L:E119D:S122T:D125S:N126S:D127E:I128S:P129D:V130D:T131K:T132V:D133E:D134N:V135T:S136N:L137V:D139S:K140D:A141Y:I142M:E143D:S144L,1.294464524,-0.3712529,-0.4685332817539201,-4.253668546676636,-4.667706441879273,-89.733642578125,-82.1273681640625,-154.8825056552887,-1.0
S101D:T102P:D103S:S104L:T105E:P106D:M107F:F108A:Y110I:E111S:N112E:L113K:E114Y:D115N:N116T:S117V:E119T:S122D:D125P:N126M:D127S:I128S:P129S:V130L:T131D:T132S:D133T:V135D:S136E:L137V:A138N:D139N:K140D:S144T,1.557339854,-0.39639103,-0.40703971021116,-5.407563447952271,-6.296616053581237,-83.40985107421875,-76.21730957031251,-144.72325539588928,-1.0
S101D:T102P:D103T:T105V:P106E:M107N:F108D:E109S:Y110T:E111D:N112V:L113S:E114D:D115A:N116T:S117I:K118S:T121A:S122T:D125I:N126S:D127E:I128E:P129E:V130N:T131P:T132N:D133T:D134K:V135F:S136Y:L137M:A138S:D139L:K140D:A141K:I142L:E143D:S144D,1.470193281,-0.38308942,-0.4572516064626891,-6.494632363319397,-8.080608534812928,-93.96209716796876,-86.902294921875,-164.57828664779663,-1.0
S101D:T102P:T105I:P106T:F108P:E109D:Y110N:E111L:N112D:L113V:E114K:D115T:N116S:S117Y:K118E:E119S:T121S:S122I:D125E:D127T:I128K:P129V:V130S:T131F:T132E:D134T:V135E:S136D:L137A:K140E:A141L:I142T:E143S:S144N,1.520768691,-0.42116517,-0.3825887768294039,-4.1051177978515625,-5.921500396728516,-73.1243896484375,-63.075439453125,-144.69690489768982,-1.0
S101D:T102S:D103A:S104E:P106T:F108T:E109S:Y110E:E111P:N112V:L113I:E114N:D115Y:N116D:S117L:K118P:E119F:T121E:S122N:D125N:N126S:D127I:I128D:P129S:V130D:T131L:T132A:D133S:D134T:V135T:S136E:L137V:A138S:A141D:I142E:E143D:S144K,1.067745976,-0.37074882,-0.4084873403094418,-1.317542314529419,-2.6278424978256227,-84.3743896484375,-77.2411376953125,-155.58777987957,-1.0
S101D:T102S:D103E:S104T:T105E:P106Y:M107D:F108N:E109I:Y110S:E111T:N112P:L113N:E114S:D115K:N116M:K118V:T121E:S122D:D125S:N126A:D127K:I128S:P129V:V130E:T131D:T132L:D133L:D134I:V135T:S136N:L137P:A138D:D139T:K140D:A141T:I142D:E143F:S144A,1.599117802,-0.4187231,-0.4978005623053826,-10.615870714187622,-11.664595413208009,-100.47039794921876,-92.34569091796874,-172.461754322052,-1.0
S101D:T102S:D103K:S104A:T105L:M107S:F108T:Y110V:E111D:N112V:L113T:E114D:D115N:N116S:K118P:E119T:T121E:S122T:D125Y:N126E:D127N:I128T:P129L:V130A:T131M:T132S:D133N:V135I:S136I:L137S:A138E:D139F:K140D:A141K:I142D:E143D:S144E,1.490173411,-0.3985275,-0.4106748316211632,-6.37636137008667,-7.52660300731659,-77.082763671875,-70.17563476562499,-154.24201655387878,-1.0
S101D:T102S:D103P:S104E:T105A:P106K:M107L:F108T:E109D:E111D:N112I:L113S:E114S:D115K:N116E:S117A:K118S:T121P:S122T:I128T:P129T:V130I:T131S:T132N:D133E:V135N:A138T:K140V:A141F:I142E:E143M:S144V,1.61581726,-0.35192668,-0.3732636475478204,-3.2645212411880493,-4.224987149238586,-74.4449462890625,-70.3114013671875,-129.180419921875,-1.0
S101D:T102S:D103S:S104A:T105S:P106E:M107T:F108T:E109V:Y110E:E111I:N112S:L113V:D115F:N116S:S117N:K118N:E119D:T121A:S122E:D125I:N126S:D127L:I128P:P129M:V130P:T131D:T132E:D133K:D134L:V135D:S136T:L137D:A138T:D139N:K140T:A141D:I142K:E143Y:S144D,1.198694208,-0.41117454,-0.4759125624687221,-8.242590427398682,-9.38597936630249,-92.9688720703125,-84.27603759765626,-174.86915969848633,-1.0
S101D:T102S:D103S:S104D:T105S:P106D:M107E:F108E:E109T:Y110D:N112T:L113K:E114I:D115K:S117A:K118M:E119D:T121L:S122V:D125E:N126L:D127P:I128E:P129N:V130P:T131A:D133S:D134I:V135S:S136Y:L137F:A138V:K140T:A141S:I142D:E143T:S144N,1.26957928,-0.45965302,-0.5054244723608486,-1.993531584739685,-3.873761677742004,-90.71759033203124,-83.56561279296875,-154.45544052124023,-1.0
S101D:T102S:D103S:S104E:T105N:P106E:M107D:F108E:Y110D:N112S:L113D:E114L:D115S:N116D:S117D:K118F:E119T:T121Y:S122L:D125T:N126V:D127T:P129K:V130K:T131S:T132M:D133T:S136A:L137S:A138P:D139T:K140N:A141I:I142P:E143N:S144A,1.380036047,-0.43959165,-0.4529912548133064,-2.9685466289520264,-3.5339922666549684,-78.424072265625,-76.46719970703126,-145.93219828605652,-1.0
S101D:T102S:D103T:S104D:T105D:P106D:M107S:F108I:E109A:Y110D:E111T:N112K:L113S:E114L:D115E:N116D:S117P:K118N:E119V:S122F:D125N:N126D:D127E:I128E:P129M:V130T:T131Y:T132V:D133E:D134A:V135E:S136L:L137S:A138S:D139N:K140S:A141P:I142K:E143I:S144T,1.375164513,-0.41747272,-0.4214222320882451,-1.7056708335876465,-3.1716252326965333,-86.0989990234375,-79.987646484375,-157.4373323917389,-1.0
S101D:T102S:D103T:S104D:T105P:P106E:M107D:F108T:E109A:Y110V:N112T:L113S:D115V:N116A:K118S:E119L:T121L:S122T:D125N:N126M:I128D:P129S:V130P:T131K:T132N:D133Y:V135I:S136E:L137D:A138T:D139K:K140N:A141I:I142E:E143F,1.329966579,-0.39408326,-0.4471145575581072,-4.805949687957764,-5.781137561798095,-86.9991455078125,-81.7565673828125,-150.97127079963684,-1.0
S101D:T102S:D103V:S104F:T105S:P106S:M107N:F108M:E109D:Y110G:E111S:L113E:E114V:N116H:S117T:K118P:E119M:W120F:T121D:S122E:F124D:D125F:N126I:D127M:I128D:P129G:V130A:T131K:T132V:D133N:D134S:V135K:S136E:L137D:A138W:D139I:K140S:A141L:I142F:E143G:S144V,0.970001662,-0.3987056,-0.5475476899605206,-10.50330364704132,-12.74034914970398,-120.71575927734376,-111.16766357421876,-192.04317784309387,-1.0
S101D:T102S:D103Y:S104L:T105N:P106K:M107I:F108A:E109N:Y110N:E111T:N112T:L113V:E114A:D115S:N116I:S117F:K118E:E119V:T121E:S122E:D125P:N126S:D127K:I128T:P129S:V130S:T131D:T132D:D133L:D134T:V135M:S136E:L137E:A138D:K140D:A141D:I142S:E143T:S144P,1.393457917,-0.45623147,-0.4637432709283252,-4.061496615409851,-7.031806087493896,-91.98358154296876,-83.2349365234375,-171.27032017707825,-1.0
S101D:T102S:S104A:T105Y:P106T:M107L:F108V:E109T:Y110S:N112I:L113N:E114F:D115S:N116E:S117D:K118P:E119K:T121E:S122T:D125I:N126S:D127M:I128E:P129D:V130K:T131D:T132P:D133L:D134T:V135D:S136T:L137D:A138N:D139S:K140V:A141S:I142E:E143A:S144N,1.548188013,-0.40729183,-0.4289969447668762,-6.180687785148621,-9.403139352798462,-87.37176513671875,-80.65867919921875,-164.8659312725067,-1.0
S101D:T102V:D103Q:S104D:T105H:P106T:M107P:F108M:E109F:Y110D:N112L:L113D:E114L:D115I:N116M:S117D:K118G:E119A:W120K:T121V:S122N:L123S:F124S:N126D:D127W:I128V:P129A:V130L:T131F:T132G:D134E:V135S:S136E:L137E:A138T:D139S:K140V:A141P:I142E:E143S,0.997919315,-0.36734295,-0.5402204846147964,-14.378130912780762,-14.793715214729309,-112.32318115234376,-105.60300292968748,-194.87887382507324,-1.0
S101D:T102V:D103T:S104P:T105A:P106S:M107P:F108M:E109I:Y110R:E111T:N112T:L113S:E114S:D115R:N116A:S117T:K118S:E119P:W120S:T121A:S122R:L123S:F124V:D125T:N126K:D127P:I128S:P129H:T131A:T132G:D133V:D134N:V135A:S136R:L137Q:A138R:D139K:K140P:A141L:I142P:E143P:S144I,1.3661189319999998,-0.46156454,-0.5961300995850478,-25.049073100090027,-26.022989225387573,-125.370361328125,-117.98400878906251,-216.1197459697724,-1.0
S101D:T102Y:D103T:S104D:T105S:P106K:M107D:F108K:E109S:Y110N:E111A:N112E:L113D:N116L:S117E:K118A:E119N:T121I:D125N:N126S:D127P:I128V:P129E:V130S:T131I:D133P:D134S:V135F:S136T:L137D:A138D:D139V:K140L:A141T:I142T:E143M:S144E,1.160774113,-0.40086436,-0.452383726941309,0.518496036529541,-1.6188114881515503,-91.12847900390624,-82.10201416015624,-144.87896871566772,-1.0
S101D:T105G:T131P:D134V,1.524688021,-0.15477991,-0.0961650156041481,-1.4028301239013672,-2.2734591722488404,-14.68084716796875,-12.9063720703125,-19.75969696044922,-0.9999997074975951
S101D:T105N:P106S:M107S:F108E:E109T:Y110P:E111M:N112A:L113E:E114T:D115V:N116F:K118L:E119K:T121D:S122E:D125N:N126T:D127E:I128T:P129L:V130D:T131S:T132I:D133K:V135E:S136I:L137N:A138S:D139P:K140D:A141V:I142D:E143Y:S144A,1.3782993,-0.38040048,-0.3912627739414203,-2.5955244302749634,-4.182589745521545,-83.88018798828125,-76.0833740234375,-156.83292245864868,-1.0
S101D:Y110A:N112S:E119W:L137P,1.24071318,-0.25741985,-0.1435391029004949,-1.3271663188934326,-0.5122133970260621,-4.75311279296875,-4.5013427734375,-21.55467677116394,-0.9999991685717116
S101E:D103E:S104L:P106K:M107I:F108E:E109S:Y110S:N112A:L113T:E114S:D115A:N116D:S117D:K118V:E119M:T121S:S122D:D125N:N126P:D127F:I128D:P129S:V130L:T131P:T132Y:D133T:D134T:V135N:S136I:L137S:A138K:K140D:A141V:I142E:E143N:S144D,1.27645816,-0.39941847,-0.4091721938598198,-5.44793975353241,-7.158277153968811,-81.56158447265625,-76.79332275390625,-158.6556167602539,-1.0
S101E:D103I:M107F:F108Q:E109I:Y110H:E111S:N112S:L113V:E114L:D115E:N116S:S117V:K118F:E119S:W120T:T121N:S122L:L123H:F124G:D125V:P129D:V130H:T132P:D133M:D134F:V135D:S136E:A138D:D139L:K140I:A141M:I142D:E143G:S144C,1.057946625,-0.472656,-0.6023335304124501,-24.535669326782227,-24.260678744316102,-107.3759765625,-102.43575439453124,-183.5389630794525,-1.0
S101E:D103I:S104A:T105Y:P106E:M107L:F108D:E109K:Y110E:E111L:L113P:E114D:D115P:N116M:S117T:K118S:E119D:T121S:S122D:D125V:N126I:D127S:I128D:P129N:V130T:T131S:T132E:D133S:D134F:V135S:S136K:L137T:D139N:K140V:A141D:I142E:E143T:S144D,1.353466379,-0.386616,-0.4584240896421819,-3.790510654449463,-4.884512591361999,-91.4390869140625,-82.48446044921874,-159.18330812454224,-1.0
S101E:D103N:S104A:T105K:P106I:M107S:F108E:E109T:Y110S:E111S:N112T:L113D:E114S:D115M:N116E:S117F:K118I:E119D:T121Y:S122E:N126K:D127L:I128P:P129V:V130D:T131L:T132A:D134T:L137D:A138T:K140S:A141E:I142N:E143P:S144N,1.37035704,-0.4180711,-0.4942981543490047,-4.798124551773071,-6.061756706237793,-90.56707763671876,-84.73106689453127,-155.73965048789978,-1.0
S101E:D103P:S104T:T105I:P106D:M107V:F108K:E109P:Y110V:E111I:N112Y:L113K:E114D:D115E:N116S:S117D:K118D:T121S:S122D:D125N:N126A:D127T:I128S:P129E:V130D:T131F:T132A:D134E:V135S:S136N:L137S:A138N:D139M:K140T:A141L:I142T:E143S:S144L,1.344616495,-0.39401126,-0.4816938515659753,-3.663339376449585,-4.467360281944275,-93.94268798828124,-85.27696533203124,-157.7506079673767,-1.0
S101E:D103S:S104T:T105P:P106I:M107T:F108I:E109D:Y110L:E111V:N112K:L113D:E114D:D115E:N116D:S117K:K118L:E119A:T121D:D125E:D127M:I128D:P129T:V130S:T131N:T132D:D133A:D134T:V135E:S136P:L137Y:A138S:D139N:K140V:A141E:I142F:E143S,1.210591404,-0.38568634,-0.4102371052915091,-3.772939682006836,-4.318501138687134,-83.7357177734375,-75.20484619140625,-154.44106435775757,-1.0
S101E:D103T:S104T:T105E:P106D:M107S:F108E:E109T:Y110E:E111A:L113D:E114I:D115E:N116D:K118S:E119L:T121S:S122K:D125V:N126T:D127K:I128N:V130D:T131I:T132A:D134F:V135L:S136D:L137N:A138S:K140V:A141S:I142M:E143Y:S144P,1.4421311630000002,-0.37287688,-0.4712902354175934,-5.61354410648346,-7.16729154586792,-92.07489013671876,-83.49039306640626,-152.37782096862793,-1.0
S101E:D103T:S104V:T105P:P106F:M107S:F108N:E109S:Y110T:E111L:N112T:L113D:N116V:S117D:K118E:E119M:T121K:S122N:D125S:N126I:D127K:I128S:V130D:T131D:T132E:V135S:S136Y:L137S:A138T:D139L:K140A:A141E:E143A:S144N,1.305208325,-0.39511025,-0.4376250569082239,-4.104825377464294,-5.777033519744873,-85.06298828125,-77.94251708984376,-150.510808467865,-1.0
S101E:D103V:S104M:T105S:M107P:F108S:E109K:Y110N:E111Y:N112I:L113S:E114S:D115T:N116A:S117N:K118S:E119F:S122T:D125I:N126D:D127E:I128L:P129D:V130D:T131D:T132E:D133E:V135D:S136V:L137K:A138L:D139T:K140S:A141D:I142E:E143A:S144N,1.3618426119999998,-0.40929538,-0.4492935234965803,-7.027864217758179,-6.085834407806397,-78.83074951171875,-72.06890869140625,-152.69254660606384,-1.0
S101E:D103V:S104V:T105D:P106N:M107A:F108S:E109D:Y110S:E111D:N112L:L113T:E114D:D115S:N116T:S117A:K118I:E119S:T121M:S122N:N126T:D127E:I128L:P129N:V130F:T131P:T132S:D133S:D134I:V135P:S136T:L137Y:A138D:A141K:I142E:S144E,1.2495806740000002,-0.38360035,-0.4495613396804104,-0.2666724920272827,-3.190678811073304,-87.53265380859375,-80.016796875,-145.6589949131012,-1.0
S101E:D103W:S104E:T105P:P106L:M107F:F108G:E109T:Y110G:N112D:L113A:E114N:D115V:N116E:K118S:E119T:W120G:T121V:S122G:L123S:F124T:D125E:N126V:D127E:I128G:P129V:V130L:T131Q:T132E:D133L:D134A:V135T:S136G:L137S:A138S:K140V:A141D:I142F:E143G:S144I,1.196620002,-0.4045117,-0.4854983401043984,-21.14786660671234,-22.683028435707094,-111.05859375,-101.18742675781252,-199.88651061058044,-1.0
S101E:D115H:T121A:D133E,1.3705458519999998,-0.10691807,-0.0896208956572509,-2.2419474124908447,-2.0780497074127195,-7.71246337890625,-7.3856201171875,-19.738370895385746,-0.9974170052608348
S101E:F108E:E114G:D125I:N126V,1.348127957,-0.27557185,-0.1870307243591527,-3.817653179168701,-4.169173288345337,-16.58746337890625,-16.06124267578125,-25.80959129333496,-0.9999999989341346
S101E:L113S:D125M:P129T:T132H,1.244276082,-0.23629528,-0.1496412066802436,-5.202399849891663,-5.564724540710449,-15.49676513671875,-14.715185546875002,-25.621947288513184,-0.9999996665802818
S101E:M107C:T121Y:T131P:A141W:E143L,0.920499217,-0.262972,-0.1880956900925824,-6.732586145401001,-6.091462922096253,-19.84454345703125,-18.89991455078125,-29.508866786956787,-0.9999999999059092
S101E:M107S:K118S:N126S:D139K,1.77494739,-0.1498712,-0.0996796957538646,2.5460262298583984,2.395013856887817,-11.4112548828125,-10.487878417968751,-17.450674533843994,-0.9999978878315736
S101E:P106D:N112T:E114Q:T131R:I142H,1.210076302,-0.22576529,-0.1713848181890848,-4.209479093551636,-6.279132866859436,-23.254150390625,-23.057568359375004,-30.473308086395264,-0.9999999906043788
S101E:P106N:M107N:F108E:E109S:Y110D:E111N:N112D:L113E:E114S:N116D:K118A:E119K:S122E:D125S:N126M:D127I:I128K:P129T:T131S:T132I:D133E:D134P:V135T:S136Y:L137D:A138V:D139P:K140F:I142L:E143L:S144D,1.375843198,-0.44261467,-0.4364234679958575,-3.445850133895874,-4.298592948913575,-72.83331298828125,-68.333740234375,-131.1621949672699,-1.0
S101E:S104L:K118W:D125W:V130R,0.970252933,-0.32401896,-0.2233324695736488,-6.754355430603027,-7.515679287910461,-20.8345947265625,-19.12305908203125,-32.075812339782715,-0.9999999999707176
S101E:S117P:A138I:D139T:S144A,1.209813378,-0.13721406,-0.0856884722183608,-1.3900222778320312,-1.0203689336776731,-5.745361328125,-6.377209472656251,-19.884881019592285,-0.9990473555644832
S101E:T102A:D103R:S104T:T105E:P106S:M107G:F108D:E109V:Y110K:E111H:N112G:L113I:E114F:D115E:N116D:K118M:E119L:W120E:T121A:S122L:F124A:D125E:N126P:D127S:I128P:P129N:V130G:T131L:T132S:D134E:V135T:S136I:L137S:D139A:K140T:A141T:I142S:E143A,1.168922092,-0.39847147,-0.5651006732546987,-9.672889232635498,-11.98541729450226,-112.423583984375,-104.60178222656248,-186.0763597488404,-1.0
S101E:T102A:D103Y:S104E:T105K:P106D:M107P:F108T:E109D:Y110F:E111I:N112T:L113D:E114S:D115E:N116L:S117M:K118A:E119S:S122D:D125N:N126S:I128S:P129T:V130I:T131P:T132S:D133V:V135L:S136N:L137E:A138S:D139K:K140D:A141E:I142V:E143N:S144T,1.14279673,-0.36768997,-0.4331716625715914,1.0270847082138062,-2.121060276031494,-88.04339599609375,-83.89912109375001,-160.23292207717896,-1.0
S101E:T102A:M107V:F108I:E109F:Y110E:E111T:N112M:L113D:E114S:D115T:N116S:S117K:K118E:E119D:T121L:S122T:D125I:N126D:D127S:I128N:V130E:T131Y:T132D:D133A:D134L:V135S:S136K:L137T:A138N:D139E:K140D:A141S:I142N:E143V:S144D,1.054573367,-0.385364,-0.4291753802859487,-7.685186266899109,-8.5836656332016,-71.73077392578125,-65.7860595703125,-144.37057065963745,-1.0
S101E:T102D:D103A:S104D:T105N:P106E:M107I:F108L:E109V:Y110F:E111K:N112D:L113V:E114D:D115N:N116T:S117P:K118T:E119L:S122M:D125S:N126T:I128S:P129E:V130K:T131N:T132D:D133Y:D134E:V135S:S136T:L137I:A138P:D139E:K140D:A141S:I142A:E143S,1.209825152,-0.44205385,-0.4856127538714969,-4.107004165649414,-5.05589644908905,-87.221923828125,-81.4184326171875,-156.18359768390656,-1.0
S101E:T102D:D103A:S104V:T105K:P106V:F108N:E109P:Y110I:E111A:L113N:E114S:D115K:N116D:S117F:K118T:E119T:D125L:N126Y:I128E:P129D:V130D:T131D:T132E:D133S:D134L:V135S:S136E:L137S:A138I:K140T:A141S:I142E:E143P:S144T,1.376888624,-0.3906198,-0.461576251372748,-5.900249242782593,-6.736035919189453,-81.8385009765625,-76.96879882812499,-147.10012066364288,-1.0
S101E:T102D:D103E:T105V:P106E:M107D:F108S:E109A:Y110S:E111M:N112T:L113E:E114L:D115K:N116P:S117N:K118T:E119S:T121I:S122L:D125S:N126E:I128D:P129T:V130Y:T131K:T132P:D134S:V135T:S136I:L137D:D139N:K140T:A141D:I142F:E143N:S144V,1.240854057,-0.41340703,-0.4905859244675823,-7.66203498840332,-9.556230664253237,-97.892578125,-91.47218017578123,-156.946284532547,-1.0
S101E:T102D:D103I:S104P:T105N:P106A:M107D:F108M:E109V:Y110S:E111V:N112L:L113F:E114S:D115S:N116Y:S117T:K118N:E119P:T121A:S122E:D125S:N126K:I128D:P129T:V130D:T131S:T132E:D133E:D134I:V135D:S136D:L137T:A138E:D139L:K140S:A141T:I142N:E143T:S144K,1.290421345,-0.4352185,-0.4809851052498054,-6.56022572517395,-7.690656208992005,-90.94940185546876,-84.17578125000001,-170.19882655143738,-1.0
S101E:T102D:D103L:S104G:T105S:P106S:M107S:F108H:E109S:Y110S:E111L:N112L:L113D:E114Q:N116Q:S117L:K118D:E119Q:W120L:T121I:S122N:L123F:F124N:D125S:N126V:D127A:I128E:P129Q:V130M:T131P:T132A:D133Q:D134T:L137P:A138K:K140L:A141M:I142M:E143D,1.1298519809999998,-0.3530929,-0.4904043394475645,-7.394376993179321,-10.260986971855164,-108.5108642578125,-100.03807373046877,-180.80756258964536,-1.0
S101E:T102D:D103L:T105I:M107F:F108E:E109K:Y110E:E111V:N112S:L113A:E114S:D115P:N116D:S117K:K118E:E119F:W120V:T121D:S122L:L123G:F124R:D125Y:N126D:D127R:I128K:P129R:V130A:T131F:T132S:D133Q:D134M:V135L:S136T:L137P:A138S:D139T:K140S:A141S:I142T:E143L,1.366808186,-0.41588408,-0.6016220690092582,-18.647886395454407,-19.614730429649352,-112.08160400390624,-107.3369384765625,-201.27177596092224,-1.0
S101E:T102D:D103S:S104F:T105V:P106T:M107T:F108N:E109D:Y110S:N112S:L113M:E114T:D115A:N116S:S117D:K118I:E119T:T121E:D125T:N126P:I128Y:P129E:V130N:T131L:T132E:D134I:S136P:L137D:A138K:D139K:K140D:I142S:E143L:S144N,1.185054578,-0.37060058,-0.4356309340941948,-4.425806999206543,-5.713092160224915,-81.94873046875,-76.407177734375,-147.5324161052704,-1.0
S101E:T102D:D103S:S104M:T105I:P106N:M107I:F108V:E109A:Y110E:E111T:N112E:L113F:E114D:D115L:N116P:S117A:E119D:T121P:D125Y:N126T:D127N:I128S:P129L:V130K:T131D:T132S:D133S:D134T:V135D:S136V:L137S:A138D:D139T:K140D:A141T:I142E:S144N,1.617120741,-0.3824132,-0.3739080463015737,-2.547854423522949,-5.006349682807922,-81.75927734375,-73.2788818359375,-154.72812390327454,-1.0
S101E:T102D:D103S:S104N:T105K:P106I:M107D:F108E:E109L:Y110A:E111T:N112T:L113S:D115S:K118N:E119M:T121A:S122F:D125K:N126D:I128E:V130T:T131L:T132S:D133V:D134E:V135D:S136Y:L137D:A138V:D139P:K140D:A141I:I142T:E143S:S144T,1.186202294,-0.3717323,-0.4560953595035866,-6.470423102378845,-6.616273355484009,-87.0198974609375,-81.011279296875,-155.99534034729004,-1.0
S101E:T102D:D103S:T105S:P106D:M107Y:F108D:E109T:Y110P:E111S:L113D:E114F:D115P:N116T:S117K:K118T:E119T:S122N:D125S:N126L:D127E:I128E:P129D:V130S:T131I:T132L:D133A:D134V:V135N:S136D:L137I:D139M:K140E:A141V:I142K:S144D,5.008590409,-0.41441458,-0.4864377602139401,-4.492772936820984,-5.640697455406189,-87.58294677734375,-82.192822265625,-144.45235657691956,-1.0
S101E:T102D:D103T:S104D:T105M:P106E:M107E:F108Y:E109T:Y110F:E111L:N112V:E114N:D115S:N116A:K118P:E119T:T121S:S122V:D125E:N126I:D127S:I128A:V130K:T132K:D133N:D134E:V135D:S136D:L137D:A138S:K140D:A141T:E143S:S144N,1.057350758,-0.4448635,-0.4313131312034308,-2.518499851226806,-5.05912549495697,-81.92120361328125,-75.39815673828124,-151.2492492198944,-1.0
S101E:T102D:D103T:S104L:T105N:M107T:F108D:E109N:Y110E:E111S:N112I:L113T:D115N:N116V:S117M:K118S:E119D:S122A:D125E:N126K:D127E:I128A:P129D:V130Y:T131S:T132I:D133L:D134V:V135S:S136D:L137S:A138T:D139S:A141D:I142F:E143P:S144D,1.167012939,-0.3856631,-0.4073180609326347,-0.7290202379226685,-2.628609800338745,-87.57952880859375,-80.18984375,-150.24452090263367,-1.0
S101E:T102D:D103T:S104M:T105I:P106K:M107P:F108N:E109T:Y110S:E111S:N112E:L113F:E114S:D115Y:N116E:S117T:K118D:E119T:T121A:S122T:N126V:D127P:I128S:P129A:V130S:T131V:T132L:D134N:V135E:S136K:L137D:A138L:D139E:K140I:A141N:I142S:E143D:S144D,1.369026403,-0.379143,-0.4838245975589412,-2.6433560848236084,-4.848837995529175,-94.958984375,-88.92364501953125,-160.21924352645874,-1.0
S101E:T102D:D103T:S104Y:T105S:P106V:M107N:F108S:E109D:Y110L:N112D:L113K:D115P:N116T:S117L:K118E:E119A:T121P:S122E:D125T:N126S:D127N:I128V:P129D:V130F:T131S:T132I:D133N:D134T:V135D:S136K:L137S:A138M:K140S:A141T:I142A:E143I:S144D,1.366371286,-0.36961567,-0.4231267637205295,-4.04948353767395,-3.8304054737091056,-85.394775390625,-79.7859130859375,-159.39278888702393,-1.0
S101E:T102D:D103V:S104E:T105E:P106A:M107L:F108K:E109Q:Y110V:E111A:N112S:L113P:E114D:D115G:N116S:K118A:E119S:W120E:T121S:S122V:L123Q:F124S:D125V:N126T:D127P:I128L:P129F:V130A:T131E:T132P:D133L:D134Q:S136P:A138P:D139T:K140P:A141S:I142M:S144E,1.300019293,-0.38000017,-0.5819101028170873,-14.097266674041748,-14.733586049079896,-111.46759033203124,-105.508544921875,-195.19452953338623,-1.0
S101E:T102D:D103V:S104M:T105D:P106A:M107T:F108Y:Y110S:E111S:N112P:L113I:D115P:N116L:K118D:E119V:T121K:S122T:N126T:D127F:I128N:P129D:V130L:T131A:T132S:D133E:D134T:V135S:S136I:L137N:A138N:K140T:A141S:I142K:E143D:S144E,1.194856109,-0.42747307,-0.4760128577833074,-1.3897448778152466,-3.225067973136902,-89.0987548828125,-83.79852294921875,-147.26720070838928,-1.0
S101E:T102D:D103W:S104V:T105A:P106L:M107F:F108G:E109D:Y110D:E111N:N112D:L113D:E114G:D115V:N116A:S117I:K118A:E119G:W120A:L123K:F124E:D125P:N126M:D127L:I128S:P129L:V130N:T131E:T132D:D133N:D134E:V135N:S136N:L137D:A138D:K140A:A141D:I142D:E143A:S144D,1.4351611430000002,-0.47874516,-0.5578932032466359,-16.28110384941101,-20.67255651950836,-111.753662109375,-101.2089599609375,-206.9214107990265,-1.0
S101E:T102D:N112M:L113N:D115V:S144K,1.477729756,-0.17922413,-0.1396702667996552,-2.353546977043152,-3.320051383972168,-14.20147705078125,-13.765625,-26.198580741882324,-0.9999996488409428
S101E:T102D:S104P:T105N:P106S:M107A:F108D:E109S:Y110T:E111V:N112P:L113I:E114V:D115S:N116I:S117E:K118S:E119T:T121E:S122D:D125L:N126T:I128F:P129S:V130Y:T131N:T132M:D133T:D134A:V135N:S136D:L137D:A138S:D139E:A141T:I142E:E143L:S144K,0.950722316,-0.39326978,-0.4704061487815558,0.4008363485336303,-3.264623188972473,-92.02020263671876,-85.74830322265625,-160.25278544425964,-1.0
S101E:T102D:S104T:T105D:P106S:M107S:F108Y:E109N:Y110E:E111P:N112E:L113V:E114M:D115P:N116A:S117V:E119T:T121D:S122T:D125K:N126E:D127S:I128N:P129N:V130I:T131D:T132L:D133L:D134S:V135T:L137S:A138I:D139E:K140F:I142T:E143D:S144D,1.326253179,-0.4251504,-0.3573007278170875,-4.626840710639954,-4.916222620010376,-76.29754638671875,-67.39453125,-155.957745552063,-1.0
S101E:T102D:T105A:P106D:M107E:F108S:E109T:Y110D:E111T:N112S:L113K:E114M:D115P:N116E:S117F:K118V:E119S:T121D:S122K:D125T:N126T:D127V:I128N:P129D:V130I:T131I:T132D:D133L:D134E:V135P:S136A:L137E:A138S:D139N:K140Y:A141S:I142T:E143L:S144N,1.1323551040000002,-0.43139374,-0.4851751361453236,-4.709396481513977,-6.473151922225952,-91.0133056640625,-85.09486083984376,-168.22916460037231,-1.0
S101E:T102E:D103A:S104T:T105M:M107V:F108D:E109L:Y110V:E111T:L113D:D115N:N116L:S117K:K118S:T121P:D125E:N126S:D127S:I128D:P129K:V130I:T131N:T132D:D133T:D134A:V135T:L137D:A138S:D139Y:K140T:A141D:I142F:E143D:S144I,1.785658685,-0.330306,-0.4171768677192227,-6.718446850776672,-8.06573257446289,-87.74945068359375,-79.25098876953125,-144.1245812177658,-1.0
S101E:T102E:D103K:T105E:P106T:M107T:F108A:E109D:Y110N:E111D:N112K:L113P:E114I:D115S:N116M:S117F:K118S:E119D:T121A:D125T:N126L:D127N:I128D:P129T:V130P:T131V:T132S:D134Y:V135E:S136N:L137D:A138I:D139S:K140E:A141T:I142L:E143V:S144D,1.570619583,-0.37461185,-0.4775639869988601,-0.3675364255905151,-2.080417799949646,-90.516357421875,-82.56330566406251,-158.94598627090454,-1.0
S101E:T102E:D103K:T105L:M107D:F108T:E109K:Y110S:E111Y:N112I:L113D:E114I:D115T:S117L:K118T:E119F:T121E:S122D:D125V:N126S:D127E:I128T:P129D:V130N:T131A:D133M:V135E:S136D:L137P:D139S:K140N:A141D:I142S:E143S:S144V,1.146159655,-0.39600152,-0.522738582298849,-7.133004546165466,-7.45796754360199,-92.482177734375,-85.8043701171875,-156.5969729423523,-1.0
S101E:T102E:D103L:S104N:T105S:P106H:M107L:F108P:E109P:Y110V:E111I:N112E:L113A:E114M:D115G:N116G:S117I:K118G:E119G:W120D:T121F:S122D:L123A:F124S:D125P:N126L:D127H:I128V:P129Q:V130S:T131S:T132V:D133L:V135S:S136V:L137F:A138S:D139T:K140T:A141L:I142E:E143G:S144N,1.485211785,-0.41771436,-0.5459338965365047,-15.80123245716095,-15.993096351623535,-108.4488525390625,-100.78843994140624,-201.7573659420013,-1.0
S101E:T102E:D103N:T105P:P106L:M107D:F108E:E109D:Y110T:E111K:N112Y:L113S:E114D:D115L:N116F:S117V:K118S:E119S:T121E:S122T:D125S:N126D:D127N:I128S:V130M:T131A:T132N:D134K:V135T:S136D:L137I:A138T:D139I:K140V:A141D:I142E:E143A:S144T,1.712005342,-0.3654588,-0.4429025344577125,-3.29166316986084,-3.822749662399292,-87.75860595703125,-81.50826416015626,-159.5808024406433,-1.0
S101E:T102E:D103T:S104G:T105A:P106T:M107T:F108T:E109G:Y110D:E111A:N112S:L113D:E114P:D115I:N116L:S117C:K118L:E119D:W120D:T121D:S122D:L123A:F124L:D125V:N126P:D127K:I128D:P129E:V130P:T131C:T132L:D133G:D134A:V135L:S136L:L137I:A138E:D139P:K140S:A141P:I142N:E143G:S144L,1.151363582,-0.37772232,-0.5439662186700679,-9.913159489631653,-9.73152334690094,-124.0010986328125,-116.26851806640624,-214.6055529117584,-1.0
S101E:T102E:D103Y:S104E:T105D:P106S:M107N:F108T:E109P:Y110T:E111K:N112L:L113I:E114D:D115S:N116V:S117D:K118E:E119D:T121K:N126T:D127V:I128F:P129L:V130S:T132D:D133T:D134E:V135I:S136A:L137A:A138M:K140S:A141N:I142N:E143P,1.162006937,-0.39062136,-0.4069033042391848,-0.0560952425003051,-1.407100605964661,-82.87115478515625,-76.47369384765625,-144.69025254249573,-1.0
S101E:T102E:S104T:T105D:P106L:M107V:F108T:E109K:Y110T:E111D:N112P:L113S:E114I:D115S:S117D:K118L:E119P:S122Y:D125T:N126F:D127E:I128S:P129D:V130K:T131I:T132M:D133N:D134S:V135N:S136A:L137S:A138D:D139E:K140V:A141D:I142E:E143S:S144A,1.170509697,-0.39976364,-0.4432579936506061,-4.542738080024719,-6.355787682533264,-85.2862548828125,-76.27508544921875,-157.36426711082458,-1.0
S101E:T102F:D103S:S104D:T105D:P106V:M107I:F108I:E109K:Y110T:E111Y:L113S:E114T:D115S:N116L:S117P:K118S:E119D:T121D:S122A:D125E:N126E:D127E:I128T:P129K:V130T:T131M:T132S:D134E:V135S:S136V:L137A:A138L:D139T:K140N:A141D:I142D:E143N:S144P,1.18959801,-0.39624363,-0.3554799361585299,0.3723633289337158,-1.211888837814331,-81.4683837890625,-72.66298828125001,-160.79233312606812,-1.0
S101E:T102F:D103T:S104V:T105D:P106T:M107D:F108S:E109I:Y110N:E111S:N112S:L113A:E114A:D115E:N116D:S117D:K118E:E119S:T121L:D125I:N126P:D127K:I128L:P129K:V130E:T131Y:T132D:D134N:S136M:L137N:A138S:D139T:K140E:A141D:I142T:E143T:S144P,1.173081743,-0.3991382,-0.458190049140903,-6.127200245857239,-8.533131504058838,-95.72479248046876,-88.173193359375,-159.2930073738098,-1.0
S101E:T102F:T105K:Y110N:K118W:E143N,0.900228142,-0.21290192,-0.1570529598358263,-0.7466456890106201,-1.7178208589553834,-12.96685791015625,-11.93380126953125,-28.167784452438354,-0.9999999990157888
S101E:T102G:D103E:S104G:T105E:P106C:M107G:F108N:Y110G:E111G:N112E:L113F:E114G:D115P:N116I:S117L:K118S:E119L:W120D:T121D:S122A:L123G:F124I:D125H:N126G:D127A:I128N:P129G:V130T:T131D:T132G:D133A:D134V:V135D:S136D:L137D:A138S:D139I:K140V:A141P:I142H:E143D:S144E,1.083753763,-0.42765945,-0.5121531639234876,-19.11093032360077,-22.422940015792847,-115.59234619140624,-108.86533203125,-221.7375631332397,-1.0
S101E:T102G:D103S:S104A:T105A:P106A:M107A:F108A:E109V:Y110I:E111A:N112A:L113S:E114S:D115T:N116A:K118M:E119F:W120A:T121G:S122E:L123G:F124V:D125S:N126A:I128A:P129V:V130C:T132N:D133G:D134P:V135I:S136I:L137D:A138L:D139G:K140C:A141S:I142V:E143S:S144A,1.209328858,-0.4367597,-0.5144374752384064,-14.681596875190737,-14.77920389175415,-112.5633544921875,-106.889208984375,-200.6862962245941,-1.0
S101E:T102H:D103A:S104A:T105S:P106A:M107P:F108S:E109V:Y110P:N112Q:L113D:N116L:S117H:K118N:E119L:W120F:T121A:S122E:L123E:D125E:N126D:D127T:I128F:P129Q:V130F:T131A:T132P:D133V:D134K:V135S:L137K:A138P:D139Q:K140Q:A141P:I142V:E143K:S144Q,2.320729284,-0.4144196,-0.5266644352271465,-8.757152557373047,-10.358922219276428,-101.50146484375,-94.80338134765626,-181.3434475660324,-1.0
S101E:T102H:D103P:S104H:T105L:P106Q:M107Q:F108S:E109V:Y110S:E111N:N112G:L113S:E114P:D115S:N116G:S117G:K118D:E119A:W120D:T121D:S122I:L123S:F124P:D125K:N126L:D127F:I128N:P129M:V130N:T131S:T132A:D134P:V135T:S136I:L137T:A138S:D139N:K140E:A141I:I142S:E143T:S144T,1.18519256,-0.43687594,-0.5729795842832518,-19.57536602020264,-19.21214256286621,-120.76007080078124,-111.16136474609377,-213.87814235687256,-1.0
S101E:T102I:D103E:S104D:T105K:M107N:F108T:E109Y:Y110D:N112P:L113T:E114L:D115T:N116E:S117M:K118V:E119D:T121D:S122K:D125S:I128S:P129A:V130A:T131F:T132E:D133N:D134T:V135S:L137S:A138I:K140L:A141S:I142T:E143V:S144D,1.194158683,-0.36799335,-0.4082847948176157,1.6023675203323364,-0.7426060676574707,-79.155029296875,-73.79923095703124,-144.49581503868103,-1.0
S101E:T102I:D103K:S104P:T105S:P106T:M107T:F108T:E109D:Y110E:E111I:N112D:L113D:E114S:N116L:K118E:E119N:T121E:S122F:D125T:N126K:I128D:P129N:V130M:T132E:D133N:D134Y:L137S:A138L:D139P:K140A:A141V:I142D:E143A,1.33670469,-0.36651915,-0.4367376578660198,-0.675553560256958,-1.531893515586853,-78.648681640625,-71.29923095703124,-145.43149542808533,-1.0
S101E:T102I:S104E:T105D:P106D:M107D:F108E:E109D:Y110T:E111V:N112D:L113N:E114I:D115V:N116K:S117T:K118S:T121Y:S122N:D125E:N126S:D127L:I128S:P129A:V130T:T131S:T132M:D133A:D134L:V135P:S136T:L137F:A138N:K140T:A141K:I142P:E143S,1.325489369,-0.41716975,-0.4528195527100479,-2.3113938570022583,-3.9872989654541016,-87.85565185546875,-79.371337890625,-151.68937802314758,-1.0
S101E:T102K:D103S:S104Y:T105K:P106S:M107N:F108S:E109N:Y110N:E111S:N112L:L113I:E114L:D115T:N116F:S117T:K118D:E119A:T121V:S122T:D125E:N126V:D127M:V130A:T131P:T132D:D133T:D134E:V135E:S136D:L137D:A138D:K140S:A141D:I142E:E143S:S144T,1.143458643,-0.50403666,-0.4826194790334465,1.9633139371871948,-1.6567463874816897,-86.84539794921875,-79.3353759765625,-155.6045274734497,-1.0
S101E:T102K:D103S:T105D:P106A:M107D:F108V:E109K:Y110E:E111S:N112L:L113T:E114D:D115P:N116A:S117M:K118S:E119T:S122T:D125S:N126E:D127I:I128E:P129T:V130D:T131I:T132Y:D133S:D134E:V135N:S136L:L137N:A138P:D139N:K140V:A141F:I142D:E143D:S144D,1.058586052,-0.43352538,-0.4693857647770241,-9.10406732559204,-9.53598756790161,-89.44244384765625,-83.34937744140625,-166.51459622383118,-1.0
S101E:T102K:D103T:T105S:P106N:M107D:F108S:E109F:Y110N:E111D:N112T:L113P:E114L:D115N:N116E:S117I:K118A:E119S:T121S:S122E:D125T:N126S:D127I:I128T:P129K:T131L:T132Y:D133T:D134M:V135E:S136D:L137D:A138D:D139E:K140D:A141D:I142V:E143A:S144P,1.627201876,-0.4135248,-0.5302937463509232,-5.316895246505737,-7.21569504737854,-99.55316162109376,-92.63302001953124,-167.85057020187378,-1.0
S101E:T102K:S104I:P106T:M107D:F108K:E109N:Y110S:N112L:L113E:E114L:D115T:N116I:S117M:K118D:E119T:T121V:S122A:D125A:N126P:D127Y:I128E:V130N:T131D:T132S:D133V:D134S:V135F:S136D:L137S:A138S:D139E:K140D:A141N:I142T:E143S:S144D,1.806300409,-0.44170356,-0.4833953966025356,-2.8128467798233032,-6.65685544013977,-91.44805908203124,-83.93791503906249,-155.80746817588806,-1.0
S101E:T102L:D103N:S104A:T105S:P106I:M107V:F108E:E109T:Y110F:E111F:N112D:L113A:E114A:D115S:N116S:S117T:K118D:E119S:W120T:T121P:S122I:L123F:F124E:D125L:N126D:D127N:I128Q:P129D:V130L:T131G:T132G:D133V:D134E:V135T:S136W:L137T:A138S:D139L:K140F:A141D:I142N:E143D:S144I,0.879272779,-0.35004568,-0.4979099260106207,-14.256670117378237,-14.034552335739136,-104.331298828125,-96.199658203125,-209.97261095047,-1.0
S101E:T102L:D103S:S104E:T105S:P106F:M107D:F108S:E109D:Y110D:N112P:L113M:E114I:D115N:N116D:K118S:E119A:S122E:D125T:D127S:I128D:P129A:V130P:T131I:T132E:D133Y:D134N:V135T:S136V:A138K:K140T:A141V:I142D:E143K:S144T,1.296777494,-0.38685995,-0.3703809310532975,-2.3161715269088745,-3.6295067071914673,-74.56060791015625,-68.45321044921874,-145.7214994430542,-1.0
S101E:T102L:D103S:S104V:T105E:P106A:M107Y:F108D:E109F:Y110K:E111T:N112S:L113S:E114M:D115P:N116T:K118D:E119I:T121E:D125A:N126T:D127E:I128N:P129S:V130I:T131N:T132D:D133T:V135T:S136L:L137N:A138V:A141D:I142D:E143P:S144E,1.261106325,-0.3964544,-0.4159862477584242,-3.9942418336868286,-6.399290370941162,-79.38922119140625,-73.56171875,-149.83147311210632,-1.0
S101E:T102L:D103T:S104P:T105S:P106V:M107G:F108T:E109I:Y110S:E111P:N112L:L113E:E114I:D115H:N116T:K118V:E119L:W120D:T121S:S122V:F124S:D125T:N126D:D127F:I128T:P129D:V130A:T131D:T132N:D133S:D134P:V135M:S136F:L137E:A138S:D139P:K140E:A141S:I142E:E143D:S144P,1.350636198,-0.36842275,-0.5856082142459965,-10.243165373802183,-9.237357306480408,-115.0546875,-105.73787841796872,-193.75166416168213,-1.0
S101E:T102L:D103V:S104L:T105D:P106N:M107F:F108V:E109K:Y110Q:N112S:L113P:E114A:D115L:N116A:S117E:K118L:E119A:W120L:T121C:S122N:L123A:F124N:D125I:N126S:D127P:I128N:P129S:V130A:T131Y:T132Q:D133E:D134I:V135D:L137A:A138I:D139V:K140D:I142F:E143F,0.83612871,-0.48176408,-0.6325495166710687,-14.68739640712738,-14.74260573387146,-120.5072021484375,-114.6074462890625,-191.88037872314453,-1.0
S101E:T102L:D103V:S104M:P106F:M107S:F108A:E109T:Y110N:E111V:N112D:L113P:E114T:D115A:N116I:S117Y:K118P:E119S:T121I:D125S:N126D:D127K:I128S:P129N:V130T:T131S:T132K:D133T:D134E:V135D:S136L:L137D:A138E:K140E:A141D:I142E:E143D:S144N,1.17479795,-0.46313488,-0.4269902782508062,-3.133696675300598,-6.574298214912415,-83.54150390625,-75.4074951171875,-156.39496326446533,-1.0
S101E:T102M:D103E:S104I:T105F:P106T:M107V:F108N:Y110T:E111D:N112E:L113K:E114S:D115S:N116L:K118S:E119T:T121V:S122D:D125T:N126I:D127N:I128D:P129S:V130N:T131D:T132A:D133Y:D134A:V135P:S136D:A138T:D139P:A141E:I142S:E143D:S144D,1.451119029,-0.38675284,-0.4400205238858152,-7.838277220726013,-9.973565483093262,-87.5208740234375,-79.75517578125,-158.42656302452087,-1.0
S101E:T102M:D103N:T105S:P106T:M107V:F108T:Y110N:E111V:N112L:L113D:E114F:N116D:S117K:K118E:E119T:T121E:S122I:D125Y:N126S:I128P:P129A:V130P:T131S:T132I:D133E:D134L:V135D:S136K:L137S:A138D:D139N:K140A:A141D:I142S:E143T:S144T,1.175471203,-0.3788603,-0.4380729919650801,-6.144420742988586,-7.324357724189758,-74.7781982421875,-70.60343017578126,-155.00513434410095,-1.0
S101E:T102M:D103S:S104D:P106E:M107F:F108S:Y110I:E111S:N112V:L113T:E114P:N116T:S117E:K118N:E119P:T121K:S122D:D125I:N126L:D127N:I128Y:P129D:V130A:T131E:T132D:D134K:S136N:L137T:A138S:D139S:K140D:A141T:I142L:E143A,1.552756658,-0.34987432,-0.4290078594167038,-4.55840528011322,-5.402078104019165,-89.348876953125,-82.8211669921875,-147.04388785362244,-1.0
S101E:T102M:D103S:S104I:T105S:P106K:M107L:F108P:E109S:Y110I:E111T:N112S:L113T:E114N:D115T:S117A:K118V:E119Y:T121S:S122K:N126D:D127L:I128V:P129D:V130T:T131E:T132N:D133A:D134T:V135P:S136E:L137D:A138F:K140D:A141D:I142E,1.3908299219999998,-0.4374525,-0.4164288069429771,-2.412476420402527,-2.767932415008545,-84.5919189453125,-77.32152099609375,-147.010112285614,-1.0
S101E:T102N:D103A:S104E:T105N:P106D:M107T:F108S:E109S:Y110K:E111A:N112V:L113T:N116D:S117E:K118N:E119F:T121M:S122K:D125S:N126V:D127T:I128S:P129I:V130S:T131S:T132P:D133L:D134L:V135T:S136D:L137E:A138D:K140Y:A141D:I142T:E143I:S144P,1.281773592,-0.38200915,-0.5224009883785586,-1.3618465662002563,-4.24325852394104,-106.12158203125,-101.150537109375,-159.42451798915863,-1.0
S101E:T102N:D103I:S104D:T105S:P106S:M107D:F108D:Y110D:E111N:N112E:L113D:E114L:D115V:N116D:S117V:K118T:E119A:T121P:D125N:N126T:D127S:I128S:P129T:V130M:T131E:T132F:D133E:D134Y:V135D:S136T:L137K:D139L:K140T:A141K:I142S:E143P:S144I,1.272261562,-0.38330972,-0.4520161041585576,-3.726889967918396,-4.498884630203247,-80.44268798828125,-73.423828125,-152.55251169204712,-1.0
S101E:T102N:D103I:S104T:T105Y:P106D:M107V:E109N:Y110N:N112A:L113T:E114K:D115S:N116T:E119T:T121L:S122L:D125M:N126A:D127P:I128S:P129S:V130D:T131E:T132I:D134V:V135T:L137E:A138S:K140P:A141D:I142E:E143D:S144D,1.184091667,-0.47092092,-0.4651981774598254,-7.501336216926575,-9.86784529685974,-85.85614013671875,-77.88070068359376,-145.73497986793518,-1.0
S101E:T102N:D103L:S104E:T105D:P106N:M107S:F108K:Y110W:E111T:N112S:E114F:S117D:K118I:E119P:W120V:S122T:L123D:F124D:D125V:N126S:D127L:I128A:P129D:V130K:T131A:T132I:D133E:D134S:V135T:S136E:L137E:A138I:D139S:K140L:A141V:I142P:E143S:S144N,1.16750398,-0.18692762,-0.4591113867708797,-6.965955376625061,-7.272670340538025,-121.1083984375,-112.51497802734376,-183.7185070514679,-1.0
S101E:T102N:D103L:S104E:T105D:P106N:M107S:F108K:Y110W:E111T:N112S:E114F:S117D:K118I:E119P:W120V:S122T:L123D:F124D:D125V:N126S:D127L:I128A:P129D:V130K:T131A:T132I:D133E:D134S:V135T:S136E:L137E:A138V:D139S:K140L:A141V:I142P:E143S:S144N,1.564749664,-0.17999643,-0.4548504921040925,-6.839480519294739,-7.206373381614685,-120.04925537109376,-111.53564453125,-183.40069007873527,-1.0
S101E:T102N:D103L:S104E:T105D:P106N:M107S:F108K:Y110W:E111T:N112S:E114F:S117D:K118I:E119P:W120V:S122T:L123D:F124D:D125V:N126S:D127L:I128A:P129D:V130K:T131A:T132I:D133E:D134S:V135T:S136E:L137E:A138V:D139S:K140L:I142P:E143S:S144N,1.4105070380000002,-0.18183121,-0.4504749664632451,-7.099215149879456,-7.679396653175354,-117.489501953125,-109.076318359375,-180.08787631988525,-1.0
S101E:T102N:D103L:S104E:T105E:P106N:M107S:F108K:Y110W:E111T:N112S:E114F:S117D:K118I:E119P:W120V:S122T:L123D:F124D:D125V:N126S:D127L:I128A:P129D:V130K:T131A:T132I:D133E:D134S:V135T:S136E:L137E:D139S:K140L:A141V:I142P:E143F:S144N,1.507102271,-0.21018577,-0.4997210519593805,-8.588169932365417,-9.296893978118897,-123.16748046875,-114.7148193359375,-182.4361886978149,-1.0
S101E:T102N:D103P:S104D:T105F:P106S:M107S:F108D:E109N:Y110E:E111Y:N112V:L113T:E114A:D115E:N116E:K118D:E119S:S122D:D125T:N126D:D127L:I128V:P129S:V130I:T131S:D133A:D134N:V135M:S136D:L137I:A138L:D139P:A141T:I142E:E143D:S144K,1.262358762,-0.35449946,-0.4477578702770518,1.308652400970459,-0.2785241365432739,-95.73736572265624,-87.690185546875,-146.02894520759585,-1.0
S101E:T102N:D103T:S104N:T105S:P106D:M107S:F108T:E109D:Y110E:E111K:N112M:L113D:E114I:D115E:N116A:S117P:K118A:E119S:T121K:S122F:D125S:N126D:D127Y:I128S:P129T:V130T:T131D:T132E:D133I:D134S:S136T:L137V:A138P:K140E:A141N:I142L:E143L:S144D,1.480231241,-0.3920434,-0.4576993786143238,-3.636757493019104,-5.927841281890869,-90.13861083984376,-81.7521728515625,-160.07841563224792,-1.0
S101E:T102N:D103T:S104T:T105L:P106T:M107D:F108A:E109K:Y110S:E111D:N112V:L113N:E114D:D115T:N116A:S117Y:K118T:E119N:T121D:D125E:N126S:D127I:I128D:P129S:V130D:T131S:T132E:D133V:D134I:V135F:S136P:L137E:A138K:D139P:K140D:A141E:I142S:E143M:S144L,1.4664103830000002,-0.3486392,-0.4741790880087857,-5.678450584411621,-5.325873970985413,-95.91400146484376,-87.13394775390626,-168.0917284488678,-1.0
S101E:T102N:P106V:M107H:K140G,1.4001758359999998,-0.118748575,-0.1252930664931328,-2.91397476196289,-3.5857568979263306,-17.70086669921875,-18.66966552734375,-26.805015325546265,-0.9999999989860118
S101E:T102N:S104D:T105V:P106A:F108L:E109S:Y110T:E111D:N112E:L113D:E114Y:N116S:K118T:E119P:S122E:D125P:N126L:D127E:I128A:P129D:V130S:T131N:D133K:S136T:L137N:A138F:D139S:A141I:I142S:S144I,1.335293531,-0.3755787,-0.3609091327707964,-1.708643674850464,-2.9449543237686155,-67.96807861328125,-60.08267822265624,-126.42306971549988,-1.0
S101E:T102P:D103T:S104V:T105S:P106S:M107P:F108T:E109V:Y110K:E111P:N112V:L113S:E114S:D115P:N116A:S117R:K118S:E119P:W120T:T121A:S122T:L123S:F124R:D125S:N126T:D127T:I128K:P129H:V130S:T132V:D133A:D134G:L137A:A138R:D139R:K140S:A141K:I142P:E143L:S144P,1.382318608,-0.41668147,-0.5702988159614102,-19.644012212753296,-20.01962015628815,-118.46514892578124,-112.2578369140625,-200.01804995536804,-1.0
S101E:T102Q:D103A:S104I:T105N:P106N:M107N:F108N:E109N:Y110V:N112S:L113T:E114Q:D115T:N116D:S117D:K118S:W120Q:T121G:S122P:L123S:F124L:D125V:N126I:D127P:I128N:P129T:V130S:T131F:T132L:D133P:D134T:V135P:S136V:L137I:A138E:K140A:A141K:I142L:E143N,1.067063824,-0.32461178,-0.5333648898847587,-9.081186294555664,-11.753987097740174,-114.18829345703124,-108.49586181640623,-178.9211469888687,-1.0
S101E:T102R:D103S:S104V:T105P:P106I:M107F:F108S:Y110S:E111K:N112R:L113S:E114T:N116L:S117D:K118S:E119A:W120V:T121E:S122N:L123F:D125G:N126S:D127S:I128S:P129D:V130S:T132P:D133L:D134F:V135E:S136F:L137E:A138G:D139L:K140G:A141K:I142T:E143T:S144D,1.621375573,-0.39112067,-0.5044460636016738,-8.433531999588013,-10.22124502658844,-108.76190185546876,-100.55144042968747,-184.4159162044525,-1.0
S101E:T102S:D103A:S104D:T105D:P106E:M107D:F108D:Y110V:E111S:N112A:L113K:E114D:D115S:N116I:S117T:K118T:E119F:T121N:S122T:D125K:N126S:D127Y:I128D:P129S:T131I:D133S:D134P:V135E:S136L:L137D:A138N:D139P:K140E:A141T:I142L:E143N:S144M,1.369817894,-0.4719419,-0.5111259922014013,-4.684863209724426,-5.454949307441711,-94.1513671875,-87.34298095703126,-160.79870736598969,-1.0
S101E:T102S:D103A:S104N:P106S:M107T:F108S:E109K:Y110D:E111N:N112L:L113I:D115N:N116P:S117F:K118P:E119T:T121E:S122V:D125T:N126D:D127K:I128A:P129Y:V130D:T132S:D133L:V135E:S136I:L137D:A138S:D139M:K140D:A141D:I142S:S144V,1.248199117,-0.369646,-0.446623887031528,-10.069674372673036,-10.150561022758485,-86.88543701171875,-81.01893310546876,-158.5099140405655,-1.0
S101E:T102S:D103A:S104T:T105D:P106S:M107N:F108D:E109S:Y110I:E111L:N112L:L113S:E114P:D115T:N116M:S117D:E119N:T121E:S122T:N126D:D127E:I128S:P129T:V130T:T131N:T132K:D133V:D134V:V135A:S136Y:L137E:A138D:D139E:K140D:A141P:I142S:E143I:S144F,1.17292021,-0.34133714,-0.4097844459832351,-2.38960349559784,-3.8270610570907593,-88.9644775390625,-80.90130615234376,-157.6464725732803,-1.0
S101E:T102S:D103E:S104E:T105E:P106D:M107D:F108D:E109D:Y110D:E111P:N112M:L113Y:E114K:D115P:N116A:S117T:E119I:T121D:D125F:N126T:D127A:I128L:P129N:V130I:T131S:T132N:D133E:D134V:V135S:S136T:L137S:A138V:D139S:K140T:A141D:I142T:E143N:S144L,1.594071335,-0.43000412,-0.4460009917669874,-1.7676732540130615,-3.4218127489089967,-91.28436279296876,-82.698583984375,-161.6572780609131,-1.0
S101E:T102S:D103E:S104V:P106T:M107Y:F108S:E109N:Y110T:E111P:N112M:L113N:E114I:D115F:N116D:S117L:K118T:E119T:T121S:S122K:D125E:N126S:D127K:I128E:P129A:V130L:T131I:T132V:D133A:V135S:S136D:L137D:A138N:K140D:A141D:I142E:E143P,1.17830806,-0.40919566,-0.4459100906534976,-2.3342885971069336,-4.6502152442932125,-78.1234130859375,-73.48439941406251,-154.362717628479,-1.0
S101E:T102S:D103F:S104G:T105L:P106H:M107G:F108C:E109G:Y110H:E111S:N112M:L113I:E114G:D115A:N116T:S117P:K118A:W120Q:T121H:S122E:L123A:F124L:D125Q:N126H:D127G:I128R:P129V:V130S:T131G:T132S:D133A:D134S:V135S:S136V:L137S:A138S:D139S:K140S:A141S:I142V:E143L:S144L,1.296565642,-0.46675718,-0.5731716495391737,-17.668013215065002,-21.80146105289459,-114.17559814453124,-106.60404052734374,-206.24267482757568,-1.0
S101E:T102S:D103K:S104W:T105G:P106S:M107L:E109D:Y110D:N112I:L113P:E114I:D115N:N116P:S117A:K118D:E119V:W120F:T121N:S122F:L123T:F124P:D125Q:N126A:D127E:I128E:P129E:T131E:T132V:D133V:D134V:V135P:L137P:D139K:K140D:A141R:I142N:E143V,1.574772284,-0.4049415,-0.4843676149633007,-13.1325124502182,-16.1653835773468,-102.7427978515625,-96.20909423828124,-186.3434400558472,-1.0
S101E:T102S:D103L:S104F:T105N:P106D:M107D:F108A:E109A:Y110A:E111P:N112Q:L113A:E114S:D115P:N116A:S117P:K118Q:E119V:W120A:T121P:S122V:L123A:F124V:D125K:N126A:D127E:I128P:P129D:V130A:T131E:T132L:D133M:D134P:V135F:S136P:L137M:D139F:K140T:A141Q:I142N:E143I:S144D,1.083169767,-0.40202868,-0.6414988779088356,-22.469929575920105,-23.15174322128296,-129.89569091796875,-125.1251708984375,-211.32183861732483,-1.0
S101E:T102S:D103P:S104E:T105D:P106M:M107E:F108P:E109A:Y110K:E111I:N112T:L113D:E114T:N116D:S117E:K118N:E119V:T121S:S122D:D125Y:D127T:I128T:P129D:V130S:T131E:T132F:D133N:V135K:S136V:L137A:A138L:D139L:K140S:A141S:E143S:S144T,1.059800424,-0.376468,-0.4953453091115714,-1.5692654848098757,-2.116853666305542,-95.39654541015624,-90.28927001953124,-156.28421664237976,-1.0
S101E:T102S:D103S:S104E:T105D:P106L:M107A:F108D:E109D:Y110D:E111I:L113T:E114V:D115S:S117K:K118L:E119T:T121S:D125K:N126T:D127P:I128S:P129N:V130E:T131D:T132D:D133E:V135A:S136E:L137F:A138T:D139I:K140Y:A141P:I142V:E143T:S144M,1.545004017,-0.39177436,-0.4299721497233653,-6.125677347183228,-6.957231950759888,-86.254638671875,-80.24636230468751,-155.83729243278503,-1.0
S101E:T102S:D103S:S104K:T105M:P106N:M107E:F108T:E109A:Y110L:E111V:N112D:E114D:N116E:K118T:E119V:T121Y:S122P:D125A:I128E:P129D:V130E:T131S:T132D:D133S:D134K:V135T:S136I:L137P:A138F:K140T:A141N:I142T:E143I,1.335400782,-0.37793678,-0.4325736918059109,-3.791692018508911,-4.162327671051026,-85.44854736328125,-78.69140625,-135.4143476486206,-1.0
S101E:T102S:D103T:S104D:T105V:P106E:M107Y:F108N:E109I:Y110T:E111P:N112E:L113T:E114D:D115A:N116E:K118S:E119P:S122D:D125L:N126A:I128L:P129N:V130D:T131S:T132K:D133F:D134I:V135S:S136D:L137D:A138M:D139K:K140N:A141T:I142E:E143V,1.197833088,-0.35978806,-0.4244833298001002,-8.856441259384155,-9.06140947341919,-94.9595947265625,-88.46185302734375,-158.0688078403473,-1.0
S101E:T102S:D103V:S104L:T105S:P106E:M107S:F108Y:E109D:Y110I:E111F:N112D:L113T:E114K:D115A:N116I:S117E:K118N:E119N:T121D:S122D:D125S:N126A:D127M:I128N:P129V:V130S:T131E:T132L:D133P:D134P:V135T:S136T:L137S:A138T:K140D:A141T:I142D:E143K:S144E,1.1989601559999998,-0.38896555,-0.4080704115463746,0.2663508653640747,-2.76956205368042,-90.923095703125,-79.94932861328125,-166.73900389671326,-1.0
S101E:T102S:D103V:S104P:T105D:P106S:M107Y:F108N:E109K:Y110M:E111I:N112S:L113F:E114L:N116T:S117T:K118E:E119N:T121L:S122D:D125A:N126D:D127S:I128E:P129V:V130T:T131E:T132E:D133A:D134S:V135I:S136P:L137D:A138N:D139S:K140T:A141D:I142D:E143K:S144T,0.990737044,-0.3947047,-0.4566847505942782,-1.3023748397827148,-3.826811623573304,-96.6004638671875,-89.45799560546875,-161.0903012752533,-1.0
S101E:T102S:D103Y:S104P:T105S:P106E:M107D:F108M:E109A:Y110N:E111P:N112D:L113T:E114S:D115V:S117V:K118S:E119T:T121S:S122T:D125K:N126I:D127I:I128K:P129D:V130D:T131F:T132E:D133T:D134L:V135E:S136A:L137S:A138D:K140E:A141D:I142L:E143T:S144N,1.259189685,-0.45110637,-0.4722823825170985,-7.894974231719971,-9.27242136001587,-90.37237548828124,-81.60609130859375,-164.82552218437195,-1.0
S101E:T102S:S104T:T105S:P106K:M107S:F108E:E109D:Y110D:E111P:N112V:L113E:E114S:D115P:N116T:S117V:K118E:E119D:T121Y:S122D:D125S:N126E:D127T:I128F:P129D:V130D:T131A:T132L:D133A:D134M:V135K:S136I:L137N:A138S:D139T:K140I:A141L:I142N:E143T:S144N,1.217708076,-0.4384104,-0.4643502014811778,-4.717259764671326,-3.774555850028992,-87.8585205078125,-79.90867919921875,-159.5670039653778,-1.0
S101E:T102V:D103A:P106S:M107D:F108Y:E109S:Y110N:E111T:N112D:L113P:E114V:D115L:N116S:S117T:K118T:E119F:T121P:S122D:D125E:N126T:D127A:I128D:P129N:V130S:T131M:T132L:D133N:V135K:S136I:L137I:A138S:D139E:A141D:I142E:S144D,0.94796859,-0.37377983,-0.4150790285809609,-3.2370498180389404,-4.085913872718811,-81.64190673828125,-75.3156005859375,-148.20981347560885,-1.0
S101E:T102V:D103N:S104E:T105K:P106N:M107N:F108I:E109S:E111D:N112V:L113F:E114P:D115T:N116D:S117A:K118D:E119D:T121S:S122T:D125E:N126I:D127S:I128L:P129E:V130D:T131K:T132A:D133M:V135P:L137T:A138E:D139S:K140D:A141T:I142L:E143T,1.774830013,-0.34722978,-0.375148841070535,0.2463232278823852,-1.736080861091614,-76.42120361328125,-70.22911376953124,-150.7079541683197,-1.0
S101E:T102V:D103S:S104E:T105A:P106T:M107E:F108S:E109S:Y110D:E111T:N112A:L113I:E114P:N116T:S117L:K118I:E119S:T121E:S122K:N126T:D127E:I128N:P129V:V130S:T131N:T132K:D134N:V135L:S136D:L137Y:A138F:D139S:K140D:A141M:I142P:E143D:S144T,1.142007945,-0.3517236,-0.4209930854335799,-1.649421215057373,-2.740216422080993,-94.6568603515625,-87.71136474609375,-158.6170506477356,-1.0
S101E:T102V:D103T:S104K:T105D:P106N:M107E:E109L:Y110I:E111T:L113S:E114T:N116D:S117N:K118S:E119A:T121E:S122Y:D125S:N126P:D127T:I128P:P129D:V130M:T131K:T132E:D133I:V135T:S136A:L137S:A138L:D139V:K140S:A141D:I142D:E143S:S144E,1.193305185,-0.38509202,-0.4177259126167705,-6.634429335594177,-7.150051617622376,-82.30657958984375,-78.282421875,-157.3484752178192,-1.0
S101E:T102V:D103T:S104N:T105S:P106V:M107L:F108M:E109T:Y110S:N112D:L113I:E114L:D115E:N116K:S117N:K118S:E119I:T121E:S122D:D125A:N126T:I128P:P129S:V130T:T131D:T132E:D133F:D134T:V135D:S136N:L137K:D139Y:K140D:A141S:I142P:E143D,1.184111758,-0.34855646,-0.416555221394712,-6.650526404380798,-7.500244283676148,-88.92376708984375,-81.34764404296875,-154.23328614234924,-1.0
S101E:T102V:S104D:P106K:M107F:F108E:E109S:Y110D:N112S:L113S:E114L:D115I:N116P:S117L:E119V:T121S:S122D:N126E:I128D:P129T:V130E:T131N:T132Y:D133I:D134T:V135A:S136P:L137T:A138S:D139S:K140N:A141T:I142M:E143N:S144A,1.077097094,-0.35430378,-0.3934632433691059,-3.90724778175354,-4.424815249443054,-71.64111328125,-67.25523681640625,-146.94429469108582,-1.0
S101E:T102V:S104H:E109D:Y110E:E111L:N112D:L113F:E114I:D115M:N116D:S117G:K118A:E119K:W120V:T121N:L123K:F124E:N126W:D127I:I128S:P129L:V130F:T131G:T132V:D133E:D134E:V135T:S136G:L137A:A138T:D139T:K140T:A141G:I142D:E143A,1.028121934,-0.40459293,-0.4405782027600924,-12.310192346572876,-14.898660683631896,-83.76434326171875,-74.59722900390625,-174.69425106048584,-1.0
S101E:T102V:S104P:T105M:P106T:M107D:F108I:E109S:Y110V:E111P:N112A:L113T:E114S:D115L:N116E:S117D:E119I:T121A:S122F:D125S:N126D:I128S:P129K:V130N:T131D:T132E:D133L:D134T:V135S:S136T:L137D:A138E:D139N:K140T:A141Y:I142N:E143S:S144E,1.255813391,-0.39110905,-0.4442234785955572,-4.300114870071411,-5.612409830093384,-93.2127685546875,-89.02687988281251,-159.4210147857666,-1.0
S101E:T102Y:D103E:S104N:T105L:P106E:M107D:F108N:E109S:Y110K:N112W:L113T:E114S:D115L:N116F:S117D:K118N:E119D:W120I:T121P:S122V:L123T:F124T:N126D:D127V:I128S:P129L:V130A:T131D:T132K:D133A:D134I:V135E:L137T:A138E:D139E:K140A:A141S:I142L:E143V:S144P,1.127081438,-0.15685967,-0.4186141804868216,-6.3135740756988525,-8.513527178764344,-113.2542724609375,-106.83145751953126,-193.4357802867889,-1.0
S101E:T102Y:D103N:S104D:T105D:P106E:M107V:F108T:E109S:Y110T:E111D:N112L:L113A:E114L:D115P:N116S:S117E:K118S:E119D:T121S:D125M:N126D:D127V:I128K:P129T:V130F:T131S:T132P:D133E:D134T:V135A:S136K:L137I:A138D:D139N:K140T:A141E:I142N:E143D:S144I,1.433541247,-0.38610518,-0.4742603234124778,-0.305060863494873,-1.5651782989501952,-82.37115478515625,-76.26876220703126,-157.89559960365295,-1.0
S101E:T102Y:D103P:S104F:T105F:P106Q:M107E:F108D:E109S:Y110P:E111A:N112V:L113I:E114A:D115A:N116A:S117A:K118D:E119L:W120P:T121S:S122L:L123K:F124P:D125P:N126V:D127V:I128G:P129E:V130C:T131I:T132F:D133G:D134K:V135F:S136I:L137K:A138E:D139E:K140E:A141E:I142K:S144P,1.071249932,-0.48464787,-0.621654524073482,-17.71130383014679,-18.93961284160614,-128.94287109375,-120.51627197265624,-215.99606919288635,-1.0
S101E:T102Y:D103T:T105N:P106S:M107K:F108D:E109T:Y110D:E111I:N112S:L113T:E114M:D115E:N116P:S117I:K118A:T121D:D125L:D127E:I128F:P129N:V130D:T131A:T132D:D133T:D134L:S136V:L137D:A138D:D139P:K140S:A141K:I142S:S144T,1.081317035,-0.35991037,-0.4352926885530195,1.7268726825714111,0.0013636350631713,-85.4427490234375,-79.93387451171874,-141.64845514297485,-1.0
S101E:T105F:M107D:E109G:E111W,1.152129799,-0.19610697,-0.1725471469431162,-1.169572830200195,-1.8842808961868287,-23.19696044921875,-22.039416503906253,-27.585908889770508,-0.9999999999971704
S101E:T105S:K118Q:T131K:T132S:S136V,1.574045965,-0.12051433,-0.0756836480517405,1.1162211894989014,-0.2068930387496947,-7.8485107421875,-6.7821411132812495,-23.032516956329346,-0.99991799285413
S101E:T105Y:D115P,1.27703463,-0.13669956,-0.1021363607929271,-3.654787063598633,-3.8685030698776246,-10.84478759765625,-11.55107421875,-17.982624530792236,-0.9999944869772376
S101E:Y110I:E114P:T121S:L137C:S144L,1.165457262,-0.18461168,-0.1219097965552713,-1.99643874168396,-2.285380506515503,-8.28509521484375,-7.973132324218749,-27.611652135849,-0.9999952501154374
S101E:Y110P:S117M:T121P:D133P,2.014334977,-0.1915344,-0.1143765704063334,-1.2226262092590332,-1.515949511528015,-7.52716064453125,-7.88990478515625,-22.91342306137085,-0.9999998898889484
S101F:F108D:E119Y,1.353076992,-0.24540824,-0.1659437837974032,-1.8699193000793457,-1.910572481155396,-16.4989013671875,-16.225341796875,-17.44912099838257,-0.9999978399362456
S101F:P106G:I128W:V130A:T132F,1.10736468,-0.24722362,-0.172444625257173,-2.9020793437957764,-3.40100839138031,-22.86865234375,-21.4646484375,-26.352507829666138,-0.9999999998112176
S101F:P129A:V135L:I142H,1.006629194,-0.14067644,-0.0954103300155694,-1.343909502029419,-2.577797865867615,-14.35400390625,-13.802001953125,-17.755078554153442,-0.9999343134783484
S101F:S104W:E119I:V135D:A138W,0.989296639,-0.3938141,-0.247957928749166,-4.480046272277832,-5.200202679634094,-21.549560546875,-20.493310546875,-30.019721508026123,-0.9999999914061772
S101F:T102A:D103S:S104P:T105A:P106N:M107Q:F108T:E109Y:Y110D:E111L:N112S:L113S:E114S:D115V:N116P:K118S:E119V:W120S:T121N:S122M:L123G:F124T:D125V:N126S:D127P:I128Q:P129E:V130L:T131L:T132L:D133H:D134E:V135P:S136Y:A138S:D139A:K140P:A141S:I142S:E143T:S144A,1.545520222,-0.40825492,-0.5608924512761344,-16.495089769363403,-15.68918035030365,-117.21405029296876,-109.668603515625,-204.8771870136261,-1.0
S101F:T102D:D103A:T105P:P106I:M107F:F108G:E109D:Y110A:E111D:N112L:L113G:E114D:D115C:S117N:K118W:W120S:T121L:S122F:L123N:F124D:N126A:D127A:I128A:V130Q:T131A:T132S:D133P:D134A:V135P:S136Q:L137V:D139P:K140V:I142V:E143K:S144A,1.188964383,-0.38716662,-0.5747510699614936,-11.84969449043274,-15.501894617080689,-108.7760009765625,-101.3321044921875,-180.4580005407333,-1.0
S101F:T102D:D103F:S104A:T105L:M107H:F108T:E109A:Y110T:E111V:N112S:L113D:E114T:D115K:N116A:S117A:K118L:E119P:W120I:T121P:S122E:F124D:D125A:N126A:D127V:I128V:P129E:V130S:T131F:T132F:D133S:D134S:V135S:S136T:L137D:A138S:D139T:K140P:A141M:I142F:S144Y,1.245607587,-0.29359186,-0.51629513777872,-11.790448904037476,-12.147989416122437,-108.33447265625,-101.12855224609376,-189.827128648758,-1.0
S101F:T102D:D103F:S104A:T105L:M107Q:F108T:E109A:Y110T:E111A:N112P:L113D:E114A:D115K:N116T:S117V:K118L:E119P:W120I:T121P:S122E:F124D:N126A:D127V:I128V:P129E:V130S:T131F:T132F:D133S:D134S:V135S:S136T:L137D:A138S:D139T:K140P:A141M:I142F:S144Y,1.0858585859999998,-0.21256006,-0.4874824170964469,-9.969958543777466,-10.28256287574768,-107.4483642578125,-101.29786376953126,-184.72770190238955,-1.0
S101F:T102D:D103F:S104T:T105L:M107Q:F108T:E109V:Y110T:E111A:N112S:L113N:E114T:D115E:N116A:S117V:K118L:E119P:W120I:T121P:S122E:F124D:D125A:N126A:D127V:I128V:P129E:V130S:T131F:T132F:D133S:D134S:V135S:S136T:L137D:A138S:D139T:K140P:A141M:I142F:S144Y,0.793728856,-0.27653307,-0.4981971279157864,-9.3968186378479,-9.84718689918518,-109.1929931640625,-101.20985107421876,-188.23715353012085,-1.0
S101F:T102D:D103K:S104F:T105I:P106K:M107T:F108E:Y110D:E111P:N112I:L113I:E114K:D115Q:N116D:S117T:K118P:E119S:W120N:T121L:S122D:L123F:F124D:D125F:N126A:D127L:I128P:P129Q:V130T:T131A:D133A:D134P:V135D:S136A:L137K:A138T:D139V:K140L:A141P:E143P:S144E,1.302651408,-0.23391688,-0.5356201497685443,-8.835421323776245,-11.047659945487975,-119.4705810546875,-113.09737548828124,-195.75146293640137,-1.0
S101F:T102D:D103K:S104F:T105I:P106K:M107T:F108E:Y110D:E111P:N112I:L113I:E114K:D115Q:N116D:S117T:K118S:E119S:W120N:T121L:S122D:L123F:F124D:D125F:N126A:D127L:I128P:P129H:V130T:T131A:D133V:D134S:V135D:S136T:L137K:D139A:K140L:A141P:E143P:S144E,0.994836496,-0.32084817,-0.5904469880345029,-8.019874811172485,-10.39878580570221,-121.002197265625,-114.50147705078123,-192.06969094276428,-1.0
S101F:T102D:D103S:S104P:T105G:P106Y:M107F:F108S:E109Q:Y110D:E111T:N112S:L113P:E114V:D115F:N116G:S117A:K118D:E119L:W120D:T121L:S122A:L123P:F124G:D125H:N126E:D127E:I128W:P129A:V130P:T131L:T132F:D133P:D134S:V135N:S136D:L137G:A138M:D139S:K140M:A141P:I142F:E143D:S144P,1.194650887,-0.4126106,-0.6258887565857152,-17.11800718307495,-17.8016086101532,-126.060791015625,-118.08365478515626,-212.6768751144409,-1.0
S101F:T102E:D103L:S104D:T105A:P106V:M107E:F108S:E109D:Y110P:E111Q:N112G:L113W:E114N:D115S:N116L:S117F:K118D:E119D:W120D:T121I:S122A:L123V:F124S:D125V:N126S:I128E:P129T:V130I:T131A:T132P:D133S:D134V:V135F:L137G:A138S:K140A:A141I:I142S:S144G,1.279030371,-0.36130083,-0.4913140565050879,-5.5583189725875854,-8.119052290916443,-110.889404296875,-102.55562744140624,-190.357162475586,-1.0
S101F:T102E:D103L:S104D:T105N:P106Q:M107D:F108L:E109G:Y110G:E111V:N112E:L113T:E114W:D115T:N116S:S117L:K118F:E119D:W120N:T121D:S122I:L123P:F124V:D125T:N126L:D127E:I128D:P129V:V130S:T131D:T132C:D133A:D134N:V135A:S136V:L137T:A138L:D139E:K140L:A141E:I142S:E143T:S144H,0.999614382,-0.40738404,-0.5805318160413424,-11.584377646446228,-11.848996639251707,-121.8206787109375,-113.2805419921875,-209.33850860595703,-1.0
S101F:T102E:D103Q:S104Q:T105K:M107E:F108P:E109V:Y110I:E111A:N112I:L113K:E114Q:D115E:N116E:S117N:K118S:E119M:W120G:T121H:S122N:F124I:D125I:N126P:D127K:I128T:P129S:V130F:T131L:T132P:D133T:D134P:S136I:L137E:A138D:D139G:A141L:I142D:E143S,1.197067523,-0.39562422,-0.5795831103341861,-17.77410078048706,-18.9366102218628,-119.70379638671876,-112.08370361328124,-188.4046618938446,-1.0
S101F:T102E:D103S:S104D:T105E:P106N:M107N:F108A:E109D:E111S:N112K:L113I:E114D:D115A:N116S:S117T:K118L:E119D:S122T:D125S:N126V:D127S:I128P:P129L:V130T:T131E:T132E:V135D:S136P:L137I:A138M:D139K:K140E:A141N:I142S:E143V:S144T,1.120315206,-0.34498453,-0.3998642239282141,-0.1789559125900268,-1.9223317861557008,-93.6651611328125,-86.59625244140625,-149.41541147232056,-1.0
S101F:T102E:D103T:T105D:P106I:F108I:Y110L:E111T:L113P:E114Y:D115T:N116E:S117T:K118D:E119V:T121S:N126D:D127N:I128N:P129A:T131K:T132K:D133L:V135D:S136D:L137A:A138E:D139S:K140P:A141T:I142E:E143S,1.325609489,-0.37975508,-0.3228933531194394,-2.80968701839447,-3.934803533554077,-59.7479248046875,-57.53231201171875,-128.37664985656738,-1.0
S101F:T102F:D103G:T105S:P106S:M107D:F108S:E109T:Y110P:E111L:N112F:L113E:E114F:D115E:N116G:S117L:K118G:E119K:W120T:S122D:L123P:F124K:D125T:N126W:D127S:I128S:P129L:V130F:T131D:T132D:D134I:V135P:S136V:L137T:A138L:D139E:K140D:A141V:I142S:E143S:S144V,1.043349801,-0.40271443,-0.52463952332629,-9.135176301002502,-8.639890193939209,-120.09259033203124,-112.05928955078124,-196.6507608890533,-1.0
S101F:T102G:D103K:S104T:T105G:P106H:M107A:F108H:E109A:Y110Q:E111T:N112A:L113A:E114P:D115Q:N116Q:S117P:K118Q:E119Q:W120I:T121D:S122P:F124V:D125A:N126S:D127L:I128T:V130A:T132G:D133T:D134I:V135S:S136P:L137Q:A138E:D139L:K140M:A141G:I142H:E143S:S144F,1.042000089,-0.4631309,-0.5910156358603482,-18.74934232234955,-22.33033492565155,-122.161376953125,-114.99112548828124,-195.41698503494263,-1.0
S101F:T102L:D103P:S104T:T105P:P106I:M107F:F108E:Y110A:E111P:N112L:L113T:E114T:D115P:N116A:S117T:E119K:W120R:T121V:S122G:L123K:F124V:N126H:D127L:I128G:P129V:T131A:T132Y:D133N:D134R:V135K:S136N:L137R:A138S:D139A:K140P:A141L:I142S:E143P:S144V,1.11536481,-0.46705234,-0.6292274447946786,-25.38120210170746,-25.93699977397919,-122.8782958984375,-117.39512939453124,-198.57933521270752,-1.0
S101F:T102M:D103S:S104N:P106T:M107I:F108A:E109S:Y110D:E111S:N112Y:L113K:E114N:D115P:N116S:S117N:K118T:E119V:T121L:S122D:D125L:N126K:D127T:I128S:P129V:V130D:T131E:T132A:D134I:V135E:S136D:L137E:A138D:D139E:K140E:A141T:I142P:E143D,1.282039737,-0.4684899,-0.5271198639241825,-6.204089760780335,-7.886549878120422,-96.61767578125,-89.34365234375,-159.7047278881073,-1.0
S101F:T102N:D103L:S104M:T105E:P106K:M107I:F108S:E109T:Y110P:E111S:N112I:L113T:D115L:N116S:S117T:K118V:E119N:S122D:N126S:D127T:I128E:P129D:V130D:T131S:T132V:D133S:V135Y:S136A:L137D:A138E:D139A:K140N:A141P:I142E:E143D:S144K,1.320934237,-0.43439406,-0.4525284410795708,-3.3015695810318,-5.34324152469635,-85.4530029296875,-80.86378173828125,-150.7786464691162,-1.0
S101F:T102N:D103S:S104V:T105A:P106E:M107Q:F108M:E109P:Y110A:E111Q:N112T:L113V:E114S:D115P:N116K:S117D:K118L:E119M:W120M:T121D:L123S:F124A:D125P:N126P:D127S:I128T:P129S:V130F:T132D:D133M:D134S:V135T:S136P:L137S:A138F:D139E:K140S:A141P:I142G:E143Y:S144F,1.133635677,-0.42981035,-0.5596394386155751,-14.666716694831848,-15.21575403213501,-123.0545654296875,-115.51218261718752,-202.51455211639404,-1.0
S101F:T102P:S104P:T105E:P106I:M107T:F108T:E109V:Y110K:E111D:N112E:L113D:E114N:D115A:N116M:S117A:K118N:E119D:T121S:S122T:D125T:N126E:D127N:P129S:V130E:T131V:T132L:D133L:D134S:V135T:S136Y:L137E:A138K:K140D:A141S:I142S:E143D,1.303757507,-0.39707774,-0.4872500599491214,-6.610604405403137,-7.89648666381836,-89.12548828125,-82.53682861328124,-162.1070065498352,-1.0
S101F:T102S:D103Q:S104D:P106S:M107P:F108M:E109F:Y110P:E111T:N112D:D115L:N116G:S117P:K118G:E119S:W120E:T121E:S122W:L123G:F124P:D125L:N126F:D127P:I128A:P129Q:V130D:T131D:T132F:D133S:D134A:V135F:S136D:L137S:D139A:K140L:A141D:I142V:E143A:S144L,0.967918484,-0.3665539,-0.4738708170283308,-13.591488003730774,-15.038802886009217,-105.3675537109375,-96.77314453125,-199.8975093364716,-1.0
S101F:T102S:D103Q:S104D:P106S:M107P:F108M:E109F:Y110P:E111T:N112D:D115L:N116G:S117P:K118G:E119S:W120E:T121E:S122W:L123G:F124P:D125L:N126F:D127P:I128A:P129Q:V130D:T131D:T132F:D133S:D134T:V135A:S136F:L137D:A138S:D139A:K140A:A141L:I142D:E143A:S144A,1.114897673,-0.36983764,-0.4585000577770518,-14.724326729774477,-16.275734210014342,-104.3880615234375,-95.98743896484376,-204.8318955898285,-1.0
S101F:T102S:S104T:T105E:P106E:M107D:F108D:E109D:Y110E:E111V:N112I:L113Y:E114S:D115T:N116K:S117E:K118S:E119M:T121D:S122N:D125P:N126S:I128D:P129A:V130L:T132I:D133E:D134A:S136K:L137S:A138L:D139T:K140P:A141N:I142N:E143S:S144T,1.352099655,-0.42947763,-0.4789037195388957,-2.777380585670471,-3.3812031984329223,-88.7425537109375,-80.017724609375,-154.0399489402771,-1.0
S101F:T102V:D103G:S104N:T105D:P106L:M107E:F108S:E109A:Y110G:N112S:L113A:E114W:D115F:N116P:S117L:K118F:E119P:W120Q:T121E:S122N:L123T:F124N:D125V:N126A:D127A:I128P:P129Q:V130L:T131P:T132Q:D133E:D134L:V135A:S136A:L137P:A138T:D139Q:K140Q:A141Q:I142Q:E143S:S144P,1.289402164,-0.45531565,-0.55978952862614,-17.55643665790558,-19.59423062801361,-119.2464599609375,-111.6271484375,-217.10751485824585,-1.0
S101F:T102V:D103M:T105D:P106D:M107Y:F108N:E109S:Y110D:E111N:N112K:L113T:E114L:D115S:N116A:S117T:K118N:E119P:S122K:D125E:N126A:D127E:I128L:P129S:V130S:T131I:T132V:D133I:D134T:V135T:L137E:A138D:D139P:K140D:A141E:I142D:S144D,1.49561612,-0.4549058,-0.4318077114553214,-3.1488285064697266,-5.4093276262283325,-83.27032470703125,-77.0723876953125,-148.44141840934753,-1.0
S101F:Y110Q:N112D:K118G:I128K:D139S,1.25636904,-0.23730683,-0.1590622871371776,1.178238868713379,-0.0943336248397827,-13.03338623046875,-11.1410400390625,-21.485499382019043,-0.9999997827670014
S101G:D103V:T105P:P106Q:M107E:F108L:E109L:Y110L:E111H:N112E:L113P:E114Y:D115L:N116S:S117A:K118P:E119S:W120S:S122A:F124T:D125A:N126L:D127T:I128S:V130S:T131L:T132F:D134G:V135S:S136P:L137D:A138F:K140T:A141F:I142D:E143I,0.986708004,-0.37573153,-0.5014558839628281,-10.097690343856812,-9.06546096801758,-106.1845703125,-100.72552490234374,-166.93053793907166,-1.0
S101G:D127F:T132N:I142E,1.042344781,-0.20897731,-0.116024845435526,-1.8806755542755127,-2.407587432861328,-10.9259033203125,-10.9443115234375,-18.20402717590332,-0.9999803993766084
S101G:E111A:L113D:K118Q:D133S,1.7076676830000002,-0.15581393,-0.094595641003809,-0.2931424379348755,-1.636979579925537,-9.5999755859375,-9.34259033203125,-19.606870889663696,-0.999339594820572
S101G:F108M:S122K:T132S:S136L,1.294322747,-0.17038134,-0.1250826472489435,-3.2720504999160767,-4.087341451644898,-16.615966796875,-16.80701904296875,-26.545274257659912,-0.9999986676571808
S101G:F108R:K118G:T132V,1.156703653,-0.17766023,-0.1025506830724534,-3.778621673583984,-4.338885045051574,-9.9490966796875,-9.99405517578125,-20.34587073326111,-0.999893159790444
S101G:I128P:V135L:S144L,1.144624803,-0.15721229,-0.0754094785642794,-2.4387922286987305,-2.8953967332839965,-8.109619140625,-6.656799316406249,-18.11261320114136,-0.9999315136220488
S101G:K118E:D127S:T131S:D139A,1.496175222,-0.15167856,-0.0687184181077624,0.7240324020385742,0.1264260768890381,-4.3800048828125,-4.07628173828125,-18.220159769058228,-0.9971099005510292
S101G:L113Q:D134W:K140H,0.865330293,-0.19022381,-0.1146592109653025,-6.847503304481506,-7.354810905456543,-13.5369873046875,-12.91640625,-22.19911527633667,-0.999988914898816
S101G:N112G:N126Q:I128A,1.5391495080000002,-0.15192515,-0.0735591467589246,-1.681450128555298,-2.680908799171448,-8.45037841796875,-7.3563720703125,-16.88066816329956,-0.9999739054682634
S101G:N116Q:T121L:V135P:S136M:L137A,1.143738224,-0.15230435,-0.0972539827068506,-2.1511716842651367,-3.860008406639099,-10.324951171875,-9.482861328125,-27.17784881591797,-0.9999680783987608
S101G:N126S,1.499794219,-0.060655147,-0.0345925979342749,-0.7043211460113525,-0.7997583866119384,-4.3572998046875,-4.13907470703125,-8.222240924835205,-0.5140213619452302
S101G:S104C:T105W:P106Q,1.018824294,-0.23311993,-0.1533628850645018,-6.67748498916626,-8.422184252738953,-21.1766357421875,-20.1190673828125,-28.185359954833984,-0.9999999444137644
S101G:S104N:E114V:K118M:N126A:I142P,0.988842441,-0.18280432,-0.1284859002272854,-0.3114769458770752,-1.78437340259552,-14.58087158203125,-13.57509765625,-23.720606803894043,-0.9999980662742036
S101G:S104Q:D115S:K140Q,1.54215253,-0.12779287,-0.0669307505108708,-2.6357388496398926,-2.9340590715408323,-7.6109619140625,-7.37637939453125,-18.110275983810425,-0.9958249064220408
S101G:S117C:I128S:T131A,1.03292632,-0.16313726,-0.0814869836556105,-3.992513656616211,-4.4345791101455685,-9.67938232421875,-8.85595703125,-19.46677255630493,-0.9964166368950106
S101G:S122P:D125I:N126Q:I142E,0.0,-0.24488524,-0.1337459469180939,-6.251096963882446,-6.010582423210144,-12.91937255859375,-12.3067626953125,-24.634459018707275,-0.9999994813512106
S101G:T102A:D103A:S104A:T105A:P106A:M107A:F108P:E109C:Y110N:E111P:N112S:L113V:E114G:D115A:N116Y:S117H:K118M:E119G:W120V:S122P:L123A:F124E:D125Q:N126H:D127E:I128A:P129L:V130Q:T131S:T132S:D133A:D134S:V135T:L137S:A138S:K140S:A141S:I142T:E143L:S144L,1.095056108,-0.42914706,-0.4771095900348922,-14.568993330001833,-16.4297856092453,-104.37860107421876,-95.38858642578126,-189.70820462703705,-1.0
S101G:T102A:D103G:S104G:T105A:P106S:M107A:F108P:E109K:Y110K:E111G:N112S:L113V:E114V:D115S:N116K:S117K:K118S:E119S:W120L:T121K:S122K:L123R:F124A:D125S:N126S:D127S:I128S:P129G:V130S:T131V:T132K:D133Y:V135H:S136L:L137G:A138V:D139I:K140S:A141Y:I142N:E143R:S144K,1.303661146,-0.5180155,-0.576917383594445,-20.193904161453247,-23.098194694519044,-123.00946044921876,-116.11480712890624,-209.9472599029541,-1.0
S101G:T102A:D103V:S104Q:T105K:M107C:F108K:E109L:Y110D:E111H:N112L:L113G:E114V:D115V:N116T:S117Y:K118N:E119R:W120K:T121S:S122R:L123A:F124A:D125P:N126L:D127T:I128P:P129V:T131P:T132E:D133S:V135D:S136P:L137V:D139M:A141R:I142A:E143K:S144N,1.274560955,-0.5465012,-0.6274566650390625,-27.16434073448181,-30.666708517074586,-113.47125244140624,-106.31925048828126,-203.28963565826416,-1.0
S101G:T102A:D103V:S104V:T105A:M107C:F108S:E109A:Y110H:E111V:N112A:L113A:E114Y:D115H:N116M:S117G:K118V:E119T:W120P:T121A:S122E:L123Q:F124H:D125E:N126A:D127L:I128Q:P129S:V130S:T131S:T132S:D133T:D134S:V135S:L137D:A138S:D139S:K140I:A141L:I142L:E143G:S144E,1.265086635,-0.4600215,-0.5278539691531361,-18.402086973190308,-20.429954504966737,-109.41717529296876,-100.75518798828124,-206.60715198516849,-1.0
S101G:T102C:D103V:S104T:T105Y:P106S:M107K:F108K:E109Q:Y110R:E111S:N112Q:L113P:E114L:D115Q:N116P:S117I:K118V:E119V:W120D:T121D:S122I:L123S:F124D:D125P:N126V:D127A:I128L:P129K:V130R:T131A:T132K:D133N:D134T:V135E:S136A:L137A:A138R:D139R:K140S:A141R:I142A:E143R:S144K,1.092824751,-0.6193723,-0.7219186694596587,-26.45983636379242,-30.650250411033632,-135.7232666015625,-125.67161865234374,-230.65473532676697,-1.0
S101G:T102E:D103G:S104E:T105F:P106G:M107P:F108I:E109L:Y110S:E111L:N112D:L113D:E114G:D115A:N116T:S117A:K118G:E119A:W120A:T121V:S122C:L123D:F124E:N126S:D127I:I128V:V130H:T131D:T132E:D133V:D134L:V135E:S136A:A138L:D139I:K140E:A141P:I142S:E143P:S144N,1.528006157,-0.4049477,-0.4972889856087356,-18.963523030281067,-19.448323583602907,-114.857177734375,-106.14448242187498,-201.84581661224365,-1.0
S101G:T102E:D103L:S104V:T105F:P106D:M107K:E109T:Y110S:E111A:N112D:L113S:E114M:D115G:N116Q:S117Q:K118E:E119L:W120L:T121V:S122K:L123S:F124E:D125Q:N126E:D127T:I128P:V130L:T131F:T132S:D133G:V135A:S136N:L137T:A138V:D139E:K140L:A141S:I142S:E143H:S144V,1.232039255,-0.44588846,-0.5087401366318673,-9.78529441356659,-12.004597783088684,-103.9854736328125,-97.10179443359374,-193.2186069488525,-1.0
S101G:T102E:D103L:S104V:T105F:P106E:M107K:E109A:Y110C:E111A:N112D:L113N:E114L:N116H:S117E:K118A:E119L:W120A:T121K:S122L:L123E:F124R:D125S:N126V:D127P:P129F:V130S:T131E:T132S:D133K:D134R:V135S:S136T:L137D:A138L:K140S:I142V:S144N,1.162597343,-0.4685384,-0.6187569832038201,-15.732940673828123,-18.980790758132933,-117.87408447265624,-112.59714355468748,-192.09443736076355,-1.0
S101G:T102G:D103A:S104A:T105S:P106T:M107I:F108A:E109T:Y110S:E111V:N112T:L113S:E114G:D115K:N116R:S117K:K118F:E119S:W120E:T121V:S122E:L123K:F124S:D125F:N126A:D127F:I128G:P129G:V130S:T131D:T132L:D133S:D134K:V135Q:S136Q:L137S:A138Q:D139L:K140F:A141T:I142P:E143N:S144P,1.308659331,-0.41597694,-0.5250306587626501,-21.804970026016235,-22.10633141994476,-121.3018798828125,-111.40899658203124,-215.267075419426,-1.0
S101G:T102G:D103E:S104V:T105V:P106V:M107A:F108S:E109K:Y110K:E111Q:N112F:L113Q:E114L:D115V:N116T:S117P:K118N:E119P:W120S:T121S:S122T:F124P:D125T:N126P:D127L:I128L:P129D:V130S:T131K:T132N:D133S:D134K:V135K:S136R:L137V:A138K:D139V:K140D:A141H:I142L:E143G:S144C,1.187432984,-0.45751673,-0.593522421405833,-17.888134241104126,-20.67663793563843,-120.73785400390624,-112.557568359375,-206.05053758621216,-1.0
S101G:T102G:F108Y:N112T,1.5253484590000002,-0.108392894,-0.0618728691997053,-3.172128438949585,-3.7612159967422487,-8.30078125,-8.9269287109375,-18.04612374305725,-0.9965191889666948
S101G:T102G:M107Y:Y110A:E114D:D127H,1.115883412,-0.2026056,-0.1368811122039035,-2.5026943683624268,-3.532337212562561,-11.0391845703125,-11.4482666015625,-25.879498958587646,-0.9999999826469572
S101G:T102I:D103H:S104G:T105A:P106N:M107G:F108T:E109D:Y110G:E111A:N112V:L113D:E114D:N116S:S117I:K118V:E119P:W120H:T121D:S122E:L123V:F124L:D125E:N126A:D127L:I128L:P129I:V130E:T131A:T132S:D133P:D134N:V135G:S136L:L137S:A138D:K140T:A141I:I142S:E143A:S144A,1.00291379,-0.41877592,-0.5210671747282307,-7.331811547279358,-10.24987781047821,-115.9866943359375,-106.775390625,-196.1872968673706,-1.0
S101G:T102K:D103R:S104E:T105E:P106T:M107N:F108V:E109S:Y110M:E111N:N112A:L113P:E114T:D115K:N116R:K118Y:E119S:W120E:T121V:S122D:L123T:D125E:N126T:D127I:I128E:P129E:V130S:T131I:T132E:D133P:D134E:V135L:S136E:L137P:A138T:D139A:K140P:A141K:I142Q:E143L:S144F,1.405510628,-0.42740673,-0.5462464030527137,-19.01079213619232,-19.989511442184448,-113.32818603515624,-105.32803955078126,-198.82886695861816,-1.0
S101G:T102K:D103S:S104A:T105S:M107A:F108P:E109S:Y110P:E111A:N112P:L113S:E114K:D115S:N116G:S117V:E119H:W120S:S122V:L123A:F124G:D125V:D127A:I128R:P129Q:V130R:T131K:T132P:D133L:D134P:V135P:S136I:L137K:A138V:K140P:A141N:I142D:E143P:S144V,1.145841604,-0.44089413,-0.4934095606685109,-22.66953158378601,-23.636815881729127,-103.6431884765625,-96.2842529296875,-191.97576308250427,-1.0
S101G:T102L:N112G:L113Q:D115I:A141E,1.394321853,-0.20520046,-0.0984221217471086,-2.392551064491272,-2.741356492042541,-8.356689453125,-8.908935546875,-25.122430324554443,-0.9999654648655356
S101G:T102M:D103S:S104M:T105P:P106F:M107D:F108P:E109T:Y110G:E111L:N112E:L113I:E114A:D115A:N116P:S117V:K118P:E119A:W120V:T121K:S122A:L123E:F124P:D125T:N126V:D127S:I128S:V130T:T131V:T132K:D133P:D134V:V135S:L137P:D139R:K140S:A141P:I142T:E143A:S144T,1.049438506,-0.43228745,-0.4949333761086244,-12.40953254699707,-13.191611933708192,-115.2532958984375,-107.19353027343747,-197.3324477672577,-1.0
S101G:T102P:D103L:S104F:T105P:P106A:M107Q:F108D:E109D:Y110F:E111S:N112A:L113F:E114D:D115S:N116A:S117A:K118L:E119D:W120V:T121A:S122L:L123A:F124L:D125S:N126Q:D127P:I128E:P129T:V130K:T131P:T132A:D133K:D134E:L137V:A138P:D139P:K140S:A141P:I142A:E143I:S144R,1.456930132,-0.39416856,-0.5270612723462522,-2.3871078491210938,-3.571681928634644,-108.9700927734375,-100.6991943359375,-187.3157033920288,-1.0
S101G:T102P:D103L:S104F:T105P:P106A:M107Q:F108D:E109D:Y110F:E111S:N112T:L113A:E114F:N116S:S117A:K118A:E119L:W120D:T121A:S122A:L123I:F124A:D125L:N126S:D127Q:I128P:P129E:V130T:T131I:T132P:D133A:D134K:V135E:S136I:L137S:A138V:D139P:K140P:A141S:I142P:E143A:S144V,1.531059603,-0.38313222,-0.5381777617430773,-3.7681515216827393,-4.515568780899048,-111.58465576171876,-104.50098876953126,-191.0923879146576,-1.0
S101G:T102Q:S104P:M107L:E111D:E119D,1.115306565,-0.13786584,-0.0690302187013456,0.4460067749023437,0.4059743404388428,-8.94769287109375,-7.221960449218749,-22.141037702560425,-0.9999442818782304
S101G:T102Q:Y110S:L113G:P129L:T132W,0.950408047,-0.27889198,-0.1491029678290425,-4.672197937965393,-4.958549833297729,-13.8973388671875,-13.4303466796875,-28.124855756759644,-0.9999982873342166
S101G:T102S:D103S:T105D:P106S:M107T:F108P:E109L:Y110F:N112F:L113E:E114G:D115L:N116G:S117K:K118T:E119A:W120D:T121P:S122K:L123T:F124W:D125S:N126S:D127L:I128F:P129D:V130D:T131D:T132I:D133P:D134V:V135T:S136L:L137E:A138D:D139V:K140G:I142V:S144P,1.169659016,-0.29765922,-0.4979115550628337,-12.233192801475523,-11.483846259117126,-116.11920166015624,-110.76068115234376,-190.9367711544037,-1.0
S101G:T102V:D103S:S104A:T105D:P106A:M107V:F108C:E109T:Y110N:E111G:N112P:L113I:E114I:N116L:S117G:K118C:E119S:W120V:T121S:S122A:L123E:F124A:D125R:N126T:D127E:I128S:P129G:V130D:T131V:T132K:D133H:D134G:V135I:S136F:L137E:A138D:D139S:K140M:A141L:I142E:E143A:S144L,1.395193949,-0.428806,-0.5270892377425769,-17.46759843826294,-19.901075148582457,-111.7845458984375,-104.50093994140624,-211.07104206085205,-1.0
S101G:T102V:D103V:T105Y:P106N:M107R:F108K:E109N:Y110R:E111N:N112A:L113P:E114L:D115T:N116P:S117V:K118L:E119C:W120E:T121S:S122D:L123D:F124P:D125V:N126A:D127M:I128K:P129R:V130A:T131R:T132N:D133T:D134E:V135A:S136A:L137R:A138R:D139S:K140R:I142R:E143K:S144L,1.160861383,-0.58590573,-0.7370041273666872,-30.7091943025589,-34.451809763908386,-138.50634765625,-132.36190185546877,-226.32449889183044,-1.0
S101H:E109A:K140S:I142Y:S144G,1.405797625,-0.13368914,-0.089680953382173,-4.640970468521118,-5.26405770778656,-10.89654541015625,-10.6436279296875,-24.95448398590088,-0.9999450354125908
S101H:E109G:K118G:V135P:S136F,1.169581519,-0.18986213,-0.1080456390923877,-2.8487887382507324,-4.183597421646118,-9.71514892578125,-8.13912353515625,-23.09439730644226,-0.9999971341523108
S101H:E119P:S136W:K140T:I142Q,1.223024108,-0.19336674,-0.1302887180097587,-6.198896169662476,-6.188981771469116,-11.76727294921875,-11.51351318359375,-26.65100932121277,-0.999983690413025
S101H:F108A:V135A:S144V,1.81131898,-0.121296406,-0.0995046269426991,-3.45591402053833,-4.062607884407044,-14.9400634765625,-13.787255859375,-20.18068790435791,-0.9999974401012572
S101H:F108G:N126F:A138V:S144P,1.184129499,-0.20853952,-0.142698077544623,-2.055410623550415,-2.73660831451416,-16.91656494140625,-16.4435546875,-23.742217302322388,-0.9999999900446076
S101H:F108M:E111C:L113S:E119T:T132G,1.150915358,-0.22383481,-0.1646487415897465,-8.970921397209167,-8.859975576400757,-20.3544921875,-19.24434814453125,-33.03353714942932,-0.999999988563012
S101H:F108Q:T121F:T132A,1.326531197,-0.18227345,-0.1230177149653859,-3.3215091228485107,-4.075762438774109,-13.124267578125,-12.73717041015625,-20.603163242340088,-0.999998595617925
S101H:S136E:D139F:K140A:I142N,1.158909177,-0.11793673,-0.0834251213752502,-4.3117356300354,-4.407859373092651,-11.31097412109375,-11.248754882812502,-22.72350001335144,-0.9999888140526344
S101H:T102D:D103G:S104L:E109D:Y110S:E111D:N112P:L113A:E114L:D115S:N116A:S117V:K118S:E119G:W120E:T121E:L123K:F124W:D125G:N126S:D127L:I128F:P129D:V130D:T131E:T132I:D133P:D134I:V135N:S136P:L137A:A138D:D139V:K140F:A141N:I142F:E143T:S144P,0.949533332,-0.35378772,-0.4330825534155361,-9.963839054107666,-10.773823523521424,-93.00457763671876,-85.04154052734374,-176.66580200195312,-1.0
S101H:T102G:D103V:S104N:T105D:P106I:M107D:F108H:E109T:Y110P:E111M:N112F:L113D:D115L:N116D:S117L:K118I:E119M:W120D:T121G:S122C:L123K:F124V:D125N:N126S:D127S:I128D:P129D:V130W:T131V:T132A:D133L:D134F:V135G:S136D:L137D:A138H:K140I:A141V:I142G:S144E,0.989005496,-0.458659,-0.5627212795922765,-26.905157923698425,-27.74631769657135,-130.2066650390625,-122.14539794921876,-219.8555588722229,-1.0
S101H:T102H:D103Q:T105Q:P106L:M107F:F108T:E109P:Y110N:E111P:N112S:L113S:E114T:D115L:N116P:S117T:K118P:E119Q:W120L:T121D:S122M:L123K:F124K:D125P:N126S:D127S:I128T:P129S:V130S:T131S:T132K:D133K:D134V:V135K:S136V:L137D:A138H:D139L:K140G:A141C:I142V:E143T:S144Y,1.202277436,-0.48380172,-0.5723295924502336,-21.571602821350098,-22.712590289115905,-117.33056640625,-107.79677734375,-215.17499351501465,-1.0
S101H:T102I:D103S:S104G:T105E:P106D:M107F:F108D:E109M:Y110T:E111L:N112A:L113T:E114F:D115A:N116Q:S117E:E119S:W120G:T121K:S122P:L123R:F124P:D125S:N126T:D127A:I128S:P129M:V130S:T131A:T132A:D133S:D134P:V135E:L137Y:A138T:K140G:A141D:I142T:E143S,1.158980385,-0.41706848,-0.5359562775418428,-20.45746958255768,-22.286237955093384,-118.36199951171876,-109.35072021484376,-196.90033984184265,-1.0
S101H:T102K:D103R:S104P:T105F:P106G:M107E:F108V:E109D:Y110S:E111V:N112G:L113T:E114A:D115T:N116G:S117A:K118G:E119A:W120A:T121K:S122R:L123H:F124H:D125Q:N126S:D127Q:I128L:P129F:V130T:T131P:T132N:D133P:D134S:V135S:S136T:A138P:D139T:K140P:A141Q:I142L:E143D:S144M,0.999665151,-0.46375036,-0.566565299797737,-23.106627941131592,-26.15058045387268,-123.35467529296876,-113.5994140625,-211.6897096633911,-1.0
S101H:T102Q:D103L:S104T:T105P:P106G:M107S:F108A:E109R:Y110A:E111G:N112S:L113D:E114P:D115L:N116V:S117A:K118E:E119Q:W120F:T121F:S122A:L123S:F124S:D125T:N126D:D127S:I128T:V130M:T131F:T132E:D133L:D134E:V135A:S136V:L137E:A138S:K140P:A141Q:I142G:E143W:S144T,1.463054575,-0.40316415,-0.5727488018863991,-15.828423142433168,-17.281227159500123,-114.8033447265625,-108.34754638671876,-197.8350985050201,-1.0
S101H:T102V:D103H:S104E:T105R:P106E:M107V:F108A:E109S:Y110P:E111F:N112Q:L113I:E114H:D115S:N116S:S117V:K118L:E119D:W120S:T121V:S122F:L123S:F124T:D125T:D127L:I128D:P129G:V130K:T131D:T132A:D133M:D134L:V135D:S136H:L137T:A138P:D139M:K140F:A141D:I142E:E143L:S144D,1.276750485,-0.42188537,-0.6374255957552547,-23.756802201271057,-24.80688502788544,-132.97015380859375,-124.8296630859375,-219.7236199378968,-1.0
S101H:T105E:E111K:N116D:S122G:S136Q,1.4854855219999998,-0.19086826,-0.1571148638199233,-6.638233661651611,-7.006038427352905,-21.839599609375,-22.162487792968754,-34.03547787666321,-0.9999999547664642
S101H:Y110T:E111L:K140G,1.339308561,-0.14468518,-0.0859478716324233,-0.2918083667755127,-0.6874180555343627,-7.57891845703125,-6.18848876953125,-17.802669286727905,-0.999995032661808
S101I:D103G:S104C:T105A:P106T:M107A:F108S:E109G:Y110K:E111R:N112Q:L113F:E114Q:D115L:N116E:S117T:K118P:E119N:W120P:T121S:L123T:F124L:D125P:N126T:D127P:I128L:P129L:V130D:T131S:T132K:D133K:D134R:V135I:S136K:L137V:A138D:D139H:K140L:A141G:I142C:E143V:S144T,1.115560772,-0.49007803,-0.5604495662811388,-17.719184160232544,-20.97068703174591,-128.07855224609375,-118.932763671875,-199.2560405731201,-1.0
S101I:D103S:S104A:T105K:P106V:M107S:F108S:E109A:Y110E:N112L:L113D:E114D:N116D:S117E:K118N:E119D:T121V:S122N:D125T:N126S:I128S:P129L:V130E:T131S:D133K:D134F:V135M:S136E:L137T:A138D:D139I:K140T:A141P:I142N:E143P:S144Y,1.08688504,-0.41071224,-0.4467055025474032,-4.34006404876709,-5.671821093559265,-91.09027099609376,-83.26536865234374,-147.02448773384094,-1.0
S101I:S104Q:L113F:I128F:P129G:S136H,1.088201442,-0.19196877,-0.1416721547625667,-4.510466456413269,-5.380735993385315,-24.349853515625,-21.8950927734375,-28.43759250640869,-0.9999999115081378
S101I:T102A:D103E:S104T:P106Y:M107D:F108V:Y110S:E111L:L113N:E114S:D115S:N116P:S117D:K118S:E119I:T121D:D125A:N126V:D127F:I128K:P129N:V130T:T131M:T132L:D133E:V135E:S136P:L137K:A138T:K140D:A141E:I142T:E143S:S144D,1.685968839,-0.47642612,-0.3934172497949567,-3.2589038610458374,-4.197982621192932,-77.76190185546875,-71.59691162109375,-146.41727423667908,-1.0
S101I:T102A:D103L:T105Q:M107E:F108T:E109I:Y110P:E111A:N112K:L113E:E114I:D115S:N116V:S117P:K118P:E119S:W120P:T121A:S122V:L123G:F124K:D125S:N126A:D127S:I128P:P129A:V130P:T131S:T132P:D133A:D134P:V135S:S136K:L137S:A138G:D139V:A141H:I142S:E143T:S144V,1.174391129,-0.42712504,-0.5285895948308219,-18.32868635654449,-19.222023010253903,-109.70916748046876,-104.2922119140625,-199.5671103000641,-1.0
S101I:T102A:D103P:S104V:P106S:M107Y:F108S:E109N:Y110N:E111T:N112K:L113V:E114K:D115S:N116L:K118D:E119M:T121S:S122T:D125F:N126P:D127T:P129E:V130D:T131D:T132D:D133E:D134N:V135L:S136E:L137D:A138S:K140E:I142E:E143D:S144T,1.254533607,-0.45338362,-0.3811365310831851,-3.0658918619155884,-5.933152556419373,-77.1065673828125,-69.9017822265625,-151.26489353179932,-1.0
S101I:T102D:D103S:S104T:T105P:P106S:M107N:F108D:Y110D:E111D:N112D:L113E:E114D:D115E:N116S:S117V:K118N:E119T:T121S:D125K:N126L:D127M:I128E:P129F:V130S:T131I:T132E:D133T:D134L:V135A:S136Y:L137A:A138T:D139P:A141D:I142N:E143T:S144V,1.7083244430000002,-0.45736283,-0.4371529575768739,-2.172558426856994,-2.7290334939956664,-80.77093505859375,-72.75856933593751,-153.75638794898987,-1.0
S101I:T102D:D103S:T105Y:P106E:M107D:F108S:E109D:Y110E:E111L:N112T:L113T:E114K:D115V:N116D:S117D:K118D:T121N:S122L:D125S:N126T:D127E:I128V:P129N:V130F:T132D:D133P:D134E:V135I:S136P:L137K:D139A:K140M:A141S:I142T:E143N,1.497742205,-0.4139179,-0.3825768847482486,0.2694988250732422,-2.252123761177063,-87.2039794921875,-78.88177490234375,-147.02081680297852,-1.0
S101I:T102E:D103E:S104T:T105L:P106N:M107F:F108I:E109D:Y110S:E111D:N112D:L113D:D115S:N116T:S117L:K118N:E119V:T121K:S122Y:D125P:N126D:D127V:I128N:P129S:V130T:T131P:T132A:D133T:D134A:V135S:S136E:L137K:A138S:K140S:A141M:I142T:S144D,1.318950162,-0.46346474,-0.4259722292211132,-3.1495920419693,-5.042797780036926,-80.76336669921875,-69.00432128906249,-155.37362837791443,-1.0
S101I:T102E:D103E:T105S:M107S:F108L:E109N:Y110T:E111V:N112I:L113S:E114F:D115S:N116K:S117D:K118N:E119T:T121M:S122D:N126A:D127E:I128D:P129A:V130T:T131V:T132P:D133N:D134K:V135T:S136D:L137S:A138D:D139Y:K140E:A141D:I142E:E143T:S144L,1.5104736419999998,-0.39219815,-0.3756801292989602,-2.68237841129303,-5.7678691148757935,-73.1661376953125,-65.50313720703124,-152.02085041999817,-1.0
S101I:T102E:D103M:S104K:T105D:P106A:M107D:F108Y:E109P:Y110S:E111N:N112D:L113V:E114S:D115K:N116T:S117E:K118D:T121I:S122T:D125S:N126S:D127S:I128D:V130E:T131D:T132L:D133T:D134N:V135T:S136A:L137F:A138N:D139T:K140E:A141V:I142D:E143L,1.172139496,-0.37435097,-0.4106405129212078,-8.084062576293945,-8.364078736305236,-87.50164794921875,-79.8073974609375,-154.2766630649567,-1.0
S101I:T102E:D103N:T105E:P106K:M107S:F108Y:Y110N:E111V:N112E:L113D:E114A:N116D:S117F:K118T:E119K:T121D:D125S:N126P:D127L:I128S:P129D:V130P:T131E:D133I:D134T:V135M:S136D:L137T:D139S:K140V:A141L:I142D:E143N:S144T,1.315194447,-0.35789084,-0.4022701711417094,-5.484505295753479,-7.1681074619293215,-81.69561767578125,-74.76107177734376,-151.48898816108704,-1.0
S101I:T102I:D103P:S104M:T105K:P106H:M107E:F108S:E109M:Y110E:N112L:L113S:E114S:D115H:N116L:S117P:K118L:E119D:W120D:T121Q:S122L:L123N:F124N:N126L:D127Q:I128K:P129T:V130S:T131P:T132F:D133N:D134I:V135H:L137S:A138V:D139L:K140D:A141S:I142V:E143F,1.5700001959999998,-0.4105783,-0.5988455124172878,-13.56384015083313,-14.30400938987732,-125.37396240234376,-119.22707519531252,-203.3955738544464,-1.0
S101I:T102K:D103K:S104A:T105N:P106R:M107V:F108T:E109K:Y110K:E111S:N112T:L113V:E114G:D115S:N116P:S117V:K118S:E119P:W120C:T121L:L123S:F124V:D125K:N126K:I128E:P129K:T131D:T132H:D133L:D134G:S136V:L137V:A138Y:D139N:K140R:A141K:I142K:E143R,1.001327032,-0.5695276,-0.6829445726930883,-22.53623902797699,-26.43887581825256,-121.88665771484376,-115.7970703125,-194.66027522087097,-1.0
S101I:T102K:D103S:S104E:T105E:P106Q:M107E:F108D:E109D:Y110Q:E111F:N112M:L113T:E114I:D115P:N116P:S117L:K118N:W120L:T121D:L123N:F124V:D125V:N126D:D127A:I128F:P129F:V130S:T131S:T132S:D133T:V135S:S136T:L137P:A138M:D139F:K140E:A141F:I142E:E143S:S144L,1.126235155,-0.36778438,-0.5506358842408531,-6.67744767665863,-8.22489399909973,-116.17010498046876,-111.06961669921876,-193.5391628742218,-1.0
S101I:T102L:S104G:T105A:P106K:M107V:F108N:E109S:Y110K:N112D:L113W:E114V:D115A:N116L:S117F:K118E:W120G:T121E:S122L:L123E:F124S:D125G:N126A:D127G:I128A:P129F:T131S:T132G:D133A:D134G:V135E:S136D:L137P:A138I:D139L:K140A:A141L:I142D:E143G:S144A,0.0,-0.4449442,-0.5197374880101758,-12.808895468711851,-15.898071789741516,-104.24139404296876,-97.84154052734377,-203.21415972709656,-1.0
S101I:T102M:D103L:S104D:T105A:P106N:M107E:F108S:E109D:Y110F:E111T:N112Y:L113V:E114S:D115T:N116D:K118I:E119T:T121V:S122D:D125S:N126L:I128A:P129E:V130D:T131E:T132D:D133N:D134T:V135K:L137E:A138N:D139P:K140P:A141K:I142E:E143S:S144T,1.190733977,-0.4122762,-0.4409258425023632,0.0635031461715698,-2.2958233833312987,-88.33343505859375,-81.7380859375,-150.99665307998657,-1.0
S101I:T102N:D103L:S104P:T105N:P106A:M107S:F108S:E109V:Y110A:E111A:N112D:L113D:E114V:D115A:N116A:S117A:K118S:E119T:W120Q:T121V:S122K:L123M:F124E:D125P:N126S:D127Q:I128N:P129S:V130T:T131M:T132G:D133E:D134L:V135I:S136F:L137D:A138K:D139F:K140I:A141N:I142H:E143A:S144V,1.208803943,-0.4528913,-0.5327585023493105,-19.429866552352905,-20.55996654033661,-121.741455078125,-111.11334228515624,-208.11032676696777,-1.0
S101I:T102N:D103T:S104L:T105E:M107E:F108T:E109S:Y110K:E111I:N112D:L113S:E114V:D115P:N116K:S117D:K118D:E119A:T121M:S122T:D125A:N126S:D127N:I128E:P129D:V130S:T131E:T132F:D133L:D134T:V135E:L137S:A138V:D139N:K140D:A141Y:I142T:E143D:S144D,1.249725247,-0.40419245,-0.463017039451735,-4.491986155509949,-6.847453165054321,-98.102783203125,-90.303857421875,-162.60081338882446,-1.0
S101I:T102N:S104V:P106D:M107V:F108L:E109T:Y110P:E111K:N112L:L113Y:E114T:D115N:N116T:S117E:K118S:E119M:T121A:S122P:D125E:N126E:D127S:I128E:P129E:V130D:T131D:T132D:D133F:V135N:S136I:L137S:A138T:D139A:K140S:A141K:I142S:E143S:S144D,1.275667107,-0.43818718,-0.4293289999096419,-5.956138968467712,-7.140418148040771,-80.42718505859375,-74.2512451171875,-153.52476811408997,-1.0
S101I:T102P:D103S:S104I:P106N:M107F:F108P:E109D:Y110L:E111K:N112T:L113D:E114S:D115E:N116D:S117N:K118S:E119K:T121S:S122D:D125A:N126L:D127S:I128V:P129V:V130E:T132A:D134S:V135D:S136E:L137T:A138T:D139E:K140M:A141D:I142Y:S144N,1.223634846,-0.38670403,-0.4633194458442227,-2.941812038421631,-4.846811819076538,-95.08428955078124,-88.556640625,-152.18267226219177,-1.0
S101I:T102S:D103A:S104A:T105A:P106G:M107T:F108E:E109S:Y110C:E111F:N112L:L113P:E114T:D115P:N116I:S117I:K118E:E119D:W120A:T121V:S122L:L123K:F124P:D125P:N126K:D127R:I128S:P129L:V130T:T131K:T132R:D134A:V135D:L137V:A138P:D139A:K140S:A141K:I142S:E143A,1.154522986,-0.43961453,-0.5752258843798654,-13.362177968025208,-15.854306435585022,-124.145751953125,-116.908203125,-204.46601259708405,-1.0
S101I:T102S:D103E:S104E:T105K:P106S:F108T:E109Y:Y110T:E111D:N112A:L113K:E114D:K118P:E119S:T121D:S122F:D125N:N126E:D127N:I128A:P129D:V130P:T131E:T132L:D133L:D134T:S136I:L137D:A138T:D139S:K140S:A141V:I142E:E143D:S144T,1.128297372,-0.36405116,-0.3500440604321898,-4.363536834716797,-5.805064272880554,-82.34149169921875,-74.42542724609375,-154.30550718307495,-1.0
S101I:T102S:D103E:S104F:T105S:P106L:M107S:F108D:E109S:Y110K:E111A:N112P:L113T:E114M:N116S:S117Y:K118N:E119N:S122T:D125A:N126E:D127E:I128L:P129K:V130P:T131I:D133E:V135D:S136V:L137N:A138D:K140T:A141S:I142V:E143D:S144E,1.339674476,-0.38891512,-0.3850197571452403,0.9571707248687744,-3.0650382041931152,-82.510498046875,-76.27347412109376,-144.07886838912964,-1.0
S101I:T102S:D103S:S104N:T105Y:P106N:M107E:F108L:E109D:Y110S:E111A:N112V:L113V:E114D:D115A:N116F:S117F:K118S:E119S:W120S:T121A:S122D:L123S:F124T:D125P:N126I:D127F:I128E:P129F:V130E:T131S:D134S:V135N:S136K:L137S:A138S:D139E:K140W:A141T:I142S:E143L:S144F,0.858475623,-0.3709761,-0.5603284190982262,-5.713326811790466,-6.506494379043579,-123.09698486328124,-113.08477783203124,-199.415331363678,-1.0
S101I:T102S:D103Y:S104T:T105D:P106V:M107S:F108T:Y110T:E111M:N112I:L113S:E114S:D115P:N116K:S117L:K118D:T121N:S122T:D125A:N126P:D127S:I128N:P129E:V130D:T131K:T132V:D133S:D134L:V135D:S136D:L137T:K140D:A141F:I142E:E143N:S144E,1.406579525,-0.41513026,-0.4060685778852035,-9.866580367088318,-11.825489020347597,-89.40277099609375,-83.46551513671875,-162.01517128944397,-1.0
S101I:T102S:S104T:T105E:P106A:M107E:F108K:E109T:Y110M:E111S:N112S:L113V:E114L:D115T:N116K:S117A:K118T:E119L:T121V:S122D:D127S:I128T:P129N:V130D:T131S:T132D:D134I:V135D:S136P:L137E:A138E:D139Y:K140N:A141F:I142P:E143S:S144E,1.119536745,-0.4444483,-0.4998022873630727,-6.463706254959106,-7.289841651916504,-94.57708740234376,-86.96822509765626,-157.10984563827515,-1.0
S101I:T102V:D103E:S104L:T105A:P106S:M107Y:F108V:E109T:Y110N:E111A:N112L:L113T:E114S:D115K:N116T:S117P:K118S:E119T:T121I:S122E:D125T:N126D:D127S:I128K:P129F:V130S:T131S:T132P:D134E:V135E:S136D:L137N:A138D:K140D:A141D:I142E:E143N:S144M,1.192553916,-0.543974,-0.4771256633500612,-7.222109317779541,-10.113296365737916,-82.37603759765625,-75.7509765625,-164.85175919532776,-1.0
S101I:T105P:N112F:L113W:T131H:S136Q,1.079020794,-0.31667954,-0.2244251834964412,-6.576341986656189,-7.907760953903198,-26.34698486328125,-25.61990966796875,-33.57970857620239,-0.9999998815530292
S101I:Y110M:I128S:T131S:L137P:S144A,1.871330307,-0.19571224,-0.1063298669998332,-0.310495376586914,-1.1213013410568238,-8.70135498046875,-7.6579833984375,-21.783190488815308,-0.9999958748624488
S101K:D103A:S104D:T105P:P106K:M107T:F108W:E109S:Y110S:E111L:N112F:L113D:E114D:N116I:S117P:K118V:E119T:W120L:T121E:S122D:L123V:F124G:D125A:N126V:D127E:I128P:P129I:V130S:T131A:T132A:D133A:D134G:V135T:S136E:L137S:A138C:D139F:K140L:A141P:I142T:E143P:S144I,1.241776582,-0.3687486,-0.5234495006846364,-11.052467465400696,-10.502298665046691,-125.7542724609375,-117.41571044921874,-198.5373967885971,-1.0
S101K:D103E:S104E:T105L:P106Y:M107P:F108I:E109T:Y110S:E111N:N112A:L113D:E114D:D115S:N116L:S117E:K118D:T121D:S122D:D125S:D127I:I128F:P129S:V130D:T131P:D133T:S136M:L137E:A138V:D139K:K140S:A141T:I142A:E143N,1.079997603,-0.38739085,-0.4386265982088245,-0.4178929328918457,-2.0841369152069094,-87.30340576171875,-81.4336669921875,-148.62245678901672,-1.0
S101K:D103E:S104I:T105E:P106D:M107D:F108S:E109D:Y110T:E111T:N112S:L113D:E114D:D115E:N116D:K118E:E119A:T121E:S122L:D125K:N126Y:D127M:I128S:P129N:V130D:T131V:T132I:D133T:D134V:V135T:S136A:L137S:A138F:D139N:K140L:A141P:I142S:E143P:S144N,1.464234289,-0.51218426,-0.4858574918156417,-0.442686915397644,-2.799119234085083,-93.60205078125,-85.254150390625,-161.9249005317688,-1.0
S101K:D103E:S104N:T105L:P106D:M107N:F108T:E109Y:Y110A:E111S:N112T:L113S:E114D:D115E:N116D:S117V:K118D:S122I:D125N:N126T:D127S:I128L:P129K:V130D:T131E:T132S:D133S:S136D:L137P:A138F:D139M:K140S:A141I:I142E:E143A:S144P,1.398858374,-0.3729409,-0.3962823725255784,-3.750548005104065,-6.795827579498291,-84.0284423828125,-78.53719482421874,-149.77981972694397,-1.0
S101K:D103I:S104P:T105A:P106Y:M107S:F108T:E109N:Y110D:E111V:N112D:L113E:E114I:D115N:N116E:S117M:K118S:E119T:T121S:S122T:D125N:N126E:D127L:I128T:P129D:V130E:T131P:T132S:D133K:V135D:S136F:L137D:A138E:D139L:K140S:A141V:I142A:E143D,1.189288716,-0.40104175,-0.4197522906646186,-4.271117091178894,-6.66902596950531,-84.57427978515625,-76.86806640625001,-163.21499395370483,-1.0
S101K:D103N:S104D:T105S:P106S:M107E:F108K:E109L:Y110I:E111F:N112M:L113E:E114T:N116D:S117T:K118D:E119S:T121P:S122A:D125V:D127A:P129T:T131D:T132E:D133L:V135E:S136Y:L137S:A138P:D139E:K140N:A141T:I142S:E143S:S144D,1.5001927919999998,-0.43115026,-0.4440459119043316,-7.644156694412231,-9.474875283241271,-78.36810302734375,-74.30626220703125,-153.08560633659363,-1.0
S101K:D103P:S104T:T105S:P106V:M107S:F108M:E109S:Y110N:E111A:N112F:L113P:E114T:D115S:N116I:S117D:K118D:E119T:T121E:S122N:D125N:N126D:D127E:I128E:P129D:V130D:T131E:T132V:D134T:V135D:S136Y:L137E:A138I:D139A:K140L:A141K:I142S:E143S:S144L,1.365382551,-0.3894843,-0.4084582345765681,-2.1720463037490845,-2.973736953735352,-85.0062255859375,-74.56060791015625,-159.722886800766,-1.0
S101K:D103S:S104L:P106D:M107N:F108S:E109I:Y110M:E111D:N112Y:L113A:E114V:N116S:S117D:T121D:D125V:N126I:D127A:I128E:P129N:V130F:T131S:D133P:D134T:V135E:S136L:L137E:A138T:K140N:A141E:I142P:E143D,1.486979464,-0.3826717,-0.426330077690586,-4.032683491706848,-6.507939028739929,-82.425537109375,-75.78646240234374,-133.92639136314392,-1.0
S101K:D103S:S104N:T105L:P106T:M107E:F108D:Y110D:E111S:N112M:L113E:E114T:N116V:S117K:K118E:E119A:T121D:S122T:D125E:N126L:D127A:I128S:P129N:V130S:T131V:T132I:D133N:D134F:V135I:S136P:L137Y:A138P:K140D:A141T:I142S:E143S:S144D,1.3770638869999998,-0.4564706,-0.4853860984069172,-2.5137544870376587,-3.8713279724121095,-96.74456787109376,-88.801123046875,-156.01095986366272,-1.0
S101K:D103S:T105S:P106L:M107P:F108T:E109P:Y110V:E111L:N112D:L113N:D115T:N116L:S117K:K118P:E119S:W120R:T121S:L123T:F124K:D125V:N126D:D127H:I128L:P129G:V130C:T131V:D133Y:D134S:V135K:S136K:L137Q:A138R:D139S:K140Q:A141P:I142L:E143P:S144P,1.065964922,-0.48892748,-0.5631927273027415,-19.46575129032135,-19.81774015426636,-117.52294921875,-108.127587890625,-193.6388747692108,-1.0
S101K:D103T:S104D:T105P:P106K:M107T:F108W:E109S:Y110S:E111L:N112F:L113D:E114D:N116I:S117P:K118V:E119T:W120L:T121E:S122D:L123V:F124S:D125S:N126V:D127E:I128S:P129I:V130T:T132A:D133A:D134G:V135T:S136E:L137S:A138C:D139F:K140L:A141P:I142T:E143P:S144V,1.934746194,-0.36335498,-0.505087584363184,-7.831849455833435,-6.713611817359924,-121.73590087890624,-113.44733886718748,-192.10946488380432,-1.0
S101K:E109S:K118C:V135D:S136G,1.09711334,-0.17735961,-0.1231301195680882,-3.986166119575501,-5.237225270271301,-14.78125,-14.031530761718749,-25.239251613616943,-0.9999997408482978
S101K:F108V:N112R:V130S:D139C:K140H,1.786032839,-0.20909023,-0.1633501697689613,-7.237716436386108,-7.774828910827637,-21.1180419921875,-20.34964599609375,-31.722151279449463,-0.9999999996679554
S101K:L113F:D115N:T132G:K140P,1.11142172,-0.16402763,-0.0932196892029025,-3.04019582271576,-2.8660028934478765,-8.47930908203125,-8.12884521484375,-21.88212513923645,-0.9999915618988108
S101K:M107I:D127Q:V130E:K140S:S144V,1.732758428,-0.17480418,-0.1093558314856261,-0.8138670921325684,-0.9615729093551636,-16.97833251953125,-16.21888427734375,-25.197768926620483,-0.9999999998263204
S101K:S117L:K118W:I128W:E143D,0.946371155,-0.25665656,-0.1748097375618605,-4.71806275844574,-4.87154347896576,-18.302001953125,-17.3935546875,-29.564525365829468,-0.9999999542894416
S101K:T102A:D103E:S104P:P106V:M107S:F108S:E109P:Y110T:E111V:N112K:L113P:E114V:D115S:N116S:S117P:K118A:E119R:W120S:T121P:S122T:L123A:F124T:D125S:N126R:D127S:I128T:P129T:V130K:T131H:T132S:D133T:D134V:V135A:S136G:L137V:A138S:D139A:K140R:A141R:I142S:E143K:S144P,0.955663557,-0.4279058,-0.5517950091921987,-21.23870301246643,-24.25502061843872,-115.21429443359376,-106.910205078125,-207.20537281036377,-1.0
S101K:T102A:D103K:S104V:T105D:P106H:M107L:F108G:E109C:Y110I:E111S:N112Y:L113S:E114K:D115K:N116Q:S117R:K118S:W120S:T121L:S122V:L123P:F124V:D125V:N126T:D127E:I128T:P129G:V130D:T131P:T132M:D133S:D134M:V135K:S136R:L137A:A138R:D139N:K140T:A141E:I142A:E143A:S144R,1.207637149,-0.61316675,-0.6786066238566226,-33.39722406864166,-36.44947257041931,-131.5142822265625,-121.717236328125,-218.640864610672,-1.0
S101K:T102A:D103R:S104V:T105D:P106H:M107L:F108G:E109C:Y110V:E111A:N112Y:L113S:E114K:D115K:N116Q:S117R:K118S:E119Q:W120T:T121L:S122E:L123P:F124I:N126F:D127S:I128G:P129I:V130E:T131D:T132V:D133S:D134A:V135L:S136K:L137R:D139K:K140N:A141T:I142E:E143A:S144A,1.161273635,-0.61467326,-0.6337841210416203,-24.69635558128357,-29.017494130134583,-125.8128662109375,-117.94376220703126,-209.1737518310547,-1.0
S101K:T102D:D103N:S104E:T105S:P106E:M107E:F108D:Y110D:E111D:N112E:L113V:E114D:N116I:S117N:K118M:E119S:T121Y:S122T:D125A:N126D:D127P:I128S:P129F:V130I:T132A:D133L:D134V:V135N:L137T:A138S:D139K:K140S:A141T:I142P:E143L:S144T,1.768169574,-0.457295,-0.4790614117931216,-2.072962045669556,-2.750887942314148,-84.59722900390625,-77.89727783203125,-148.63451027870178,-1.0
S101K:T102D:D103T:S104E:T105E:P106D:M107S:F108T:E109F:Y110I:E111A:N112P:L113D:E114V:D115S:S117Y:K118E:E119N:T121L:S122N:D125P:N126L:D127S:I128T:P129S:V130S:T131M:T132A:D133V:V135E:S136K:L137D:A138I:K140E:A141D:I142T:E143T,1.341348351,-0.3645625,-0.503595589742966,-3.271612048149109,-6.37390398979187,-97.15386962890624,-90.35316162109376,-158.38277316093445,-1.0
S101K:T102D:S104D:T105E:P106K:M107A:F108L:E109T:Y110S:E111Y:N112P:L113D:E114L:D115N:N116D:S117T:K118D:E119T:T121I:D125F:D127E:I128T:P129S:V130A:T131S:T132I:D133S:D134E:V135M:S136E:L137T:A138V:K140P:A141V:I142N,1.049075678,-0.3978607,-0.4426837527454961,-1.101105570793152,-3.639188528060913,-83.4599609375,-77.45634765624999,-141.53382754325867,-1.0
S101K:T102E:D103T:S104K:T105I:P106N:M107P:F108N:E109L:Y110D:E111Y:N112D:L113V:E114T:D115S:N116F:S117I:K118N:E119T:T121L:D125V:N126M:D127T:I128P:P129S:V130A:T131S:D133E:D134E:V135E:S136E:L137S:A138D:K140S:A141D:I142D:E143D:S144A,1.124726961,-0.45007926,-0.4914762558037701,-4.58626663684845,-7.069812822341919,-93.80499267578124,-85.93564453124999,-163.35031604766846,-1.0
S101K:T102E:D103V:S104T:T105N:P106S:M107D:F108A:E109T:Y110L:E111S:N112D:L113T:E114L:D115A:N116D:S117D:K118S:E119T:T121P:S122D:N126K:D127E:I128S:P129E:T131I:T132F:D133E:D134M:V135Y:S136N:L137P:A138T:K140I:A141N:I142S,1.356911294,-0.35867178,-0.4365822462848922,-4.257522821426392,-5.501977872848511,-86.1019287109375,-80.00335693359375,-150.50239610671997,-1.0
S101K:T102E:S104L:T105S:P106T:M107E:F108E:E109S:Y110E:E111D:N112P:L113D:E114F:N116E:S117V:K118D:E119T:T121A:S122V:D125I:N126D:D127P:I128Y:P129T:V130A:T131D:T132L:D133T:D134S:V135K:S136M:L137I:A138N:D139S:K140N:A141N:I142T:E143S,1.533564729,-0.42828608,-0.494777258604871,-3.944093942642212,-5.702400827407837,-94.71905517578124,-86.942578125,-158.55996108055115,-1.0
S101K:T102E:S104W:T105V:P106A:M107L:E109G:Y110G:E111T:N112D:L113E:D115P:N116A:S117M:K118F:E119S:W120T:T121E:S122G:L123E:F124G:D125E:N126G:D127E:I128C:P129G:V130N:T131E:T132G:D133G:D134E:V135F:S136G:L137P:A138I:D139L:K140S:A141L:I142D:E143D:S144A,3.357816915,-0.43695498,-0.488924236908502,-20.825036644935608,-21.2308571100235,-106.5379638671875,-97.8248046875,-209.6338098049164,-1.0
S101K:T102H:S104A:T105A:P106E:M107L:F108E:E109L:Y110I:E111A:N112A:E114P:D115Q:N116L:S117E:W120T:T121Q:L123K:F124K:D125V:N126P:D127A:I128P:P129F:V130E:T131I:T132H:D133S:S136L:L137D:A138S:D139I:K140F:A141S:I142T:E143N:S144L,1.6212158680000002,-0.4052592,-0.513395587744662,-18.71523129940033,-20.11119909286499,-102.86358642578124,-98.89080810546876,-191.16784000396729,-1.0
S101K:T102I:D103S:S104F:T105K:P106K:M107D:F108H:E109L:Y110G:E111V:N112V:L113G:E114Y:D115T:N116R:S117R:K118Q:E119R:W120S:T121S:S122P:F124A:D125P:N126I:D127V:I128V:P129K:V130D:T131D:T132D:D133P:D134V:V135S:S136M:L137K:A138R:D139A:K140R:A141N:I142T:S144A,0.929712206,-0.6573219,-0.6937169519607708,-28.411646485328674,-31.980766558647154,-133.01910400390625,-123.0231689453125,-211.7581512928009,-1.0
S101K:T102I:D103S:S104L:T105A:P106T:M107Y:F108S:E109N:Y110N:E111F:N112S:L113S:E114V:D115N:N116E:K118P:E119V:T121D:S122K:D125E:N126E:D127A:I128S:P129T:V130T:T131L:T132E:D133T:V135I:S136D:L137D:A138D:D139E:K140D:A141M:I142T:E143D:S144P,1.186913184,-0.4282756,-0.4661526934532085,-2.7990306615829468,-4.735479187965393,-89.6259765625,-82.01215820312501,-164.26605010032654,-1.0
S101K:T102I:D103T:S104T:T105G:P106R:M107V:F108S:E109K:Y110K:E111V:N112S:L113N:E114P:D115K:N116V:S117D:K118H:E119L:W120G:T121V:S122V:L123S:F124Y:D125N:N126R:D127K:I128A:P129R:V130A:T131A:T132P:D133L:D134T:V135P:S136V:L137I:K140P:A141S:I142D:E143P:S144V,1.22924053,-0.5248984,-0.6116906977208908,-21.460245370864868,-24.697660756111144,-127.01806640625,-118.04962158203124,-209.85534763336184,-1.0
S101K:T102I:M107Y:T132A:S136D,1.298815799,-0.14361152,-0.1076064466157418,-2.741841554641724,-3.3651955842971804,-10.57733154296875,-10.992297363281253,-22.082364559173584,-0.9999995363166706
S101K:T102K:D103A:S104K:T105K:M107N:F108S:E109I:Y110A:E111K:L113F:E114H:D115Q:N116H:S117H:K118G:E119N:W120D:T121D:S122E:L123S:F124R:D125L:N126D:D127H:I128L:P129G:T131V:T132A:D133Y:D134N:V135R:S136K:L137Q:A138R:D139S:K140I:A141P:I142L:E143S:S144P,1.137384844,-0.3507411,-0.6205549138296543,-30.126906394958496,-31.64093053340912,-132.02899169921875,-121.962744140625,-216.57982766628265,-1.0
S101K:T102K:D103T:S104E:T105P:P106Y:M107N:F108V:E109I:Y110D:N112M:L113D:E114S:D115E:N116E:S117D:K118D:E119S:T121S:S122N:D125F:N126S:D127T:I128D:P129D:V130I:T131P:T132L:D133S:D134L:V135T:L137V:A138N:K140A:I142E:E143T:S144T,1.193660548,-0.40527767,-0.4520950588891514,-7.877428531646728,-7.524482870101929,-91.67144775390624,-85.77530517578124,-159.81641030311584,-1.0
S101K:T102K:D103V:S104K:T105K:P106L:M107N:F108S:E109V:Y110V:E111K:N112K:L113S:E114H:D115H:N116D:S117M:E119D:W120D:T121K:L123R:F124L:N126H:D127L:I128G:P129V:T131A:T132Y:D133N:D134R:V135K:S136Q:L137R:A138S:D139I:K140P:A141L:I142S:E143P:S144I,1.24659159,-0.31205606,-0.6139259202624555,-28.223519682884216,-30.146386194229127,-133.37884521484375,-126.51343994140626,-208.9025630950928,-1.0
S101K:T102K:D103V:S104P:T105A:M107F:F108E:E109I:Y110H:E111S:N112D:L113V:E114L:N116S:S117I:K118F:E119S:W120T:T121N:S122L:L123D:F124G:D125T:P129D:V130H:T132P:D133M:D134F:V135D:S136E:A138D:D139F:K140I:A141L:I142D:E143G:S144A,0.973291929,-0.44289458,-0.5952909204883509,-21.614369869232178,-21.072978353500368,-110.1695556640625,-104.81461181640624,-192.6334607601165,-1.0
S101K:T102K:D103V:S104P:T105S:P106T:M107S:F108Y:E109S:Y110F:E111N:N112A:L113D:E114S:N116D:S117A:K118E:E119D:T121L:S122T:D125T:N126V:D127I:I128N:P129D:V130T:T132N:D133S:D134M:V135E:S136E:L137I:A138E:K140E:A141D:I142L:E143P,1.0243688990000002,-0.43892193,-0.4808191591310332,-2.8729394674301147,-4.817086672782898,-92.832763671875,-86.66231689453124,-150.0493655204773,-1.0
S101K:T102L:D103E:S104E:T105S:M107K:F108S:E109D:Y110D:E111I:N112S:L113N:E114D:D115P:N116E:S117N:K118S:E119V:T121L:S122N:D125E:N126M:D127T:I128A:P129F:T131S:T132S:D133Y:D134E:V135T:S136I:L137T:A138D:D139A:K140T:A141D:I142D:E143T:S144D,1.494040586,-0.44320565,-0.4320574994613267,-0.9232124090194702,-2.921160268783569,-81.80731201171875,-74.0704345703125,-155.1883087158203,-1.0
S101K:T102M:D103P:S104T:P106S:M107P:F108N:E109T:Y110S:E111V:L113K:E114V:D115A:N116S:S117E:K118D:E119D:T121D:S122E:D125I:N126S:D127L:P129F:V130S:D133A:D134S:V135Y:S136E:A138D:K140E:A141D:I142D:E143N:S144E,1.685246791,-0.43096125,-0.4833284968583184,-3.286429643630981,-4.568930721282959,-85.40576171875,-78.60181884765625,-146.47673201560974,-1.0
S101K:T102M:D103T:S104E:T105I:P106A:M107D:F108T:E109D:Y110S:E111S:N112D:L113F:E114P:D115T:N116I:S117L:K118P:E119A:S122E:D125S:N126K:I128D:P129S:V130Y:T131S:T132N:D133V:D134L:V135S:S136D:L137N:A138E:K140E:A141T:I142E:E143N:S144V,1.351146554,-0.3965128,-0.4005255648249833,-1.909947156906128,-4.234974598884582,-89.923095703125,-82.32156982421874,-164.03510236740112,-1.0
S101K:T102N:D103A:S104P:P106D:M107E:F108I:E109P:Y110T:E111M:N112I:L113K:D115V:N116S:S117D:K118Y:E119A:S122L:D125N:N126E:D127T:I128S:P129S:V130E:T131D:T132D:D134L:V135N:S136V:L137S:A138D:D139S:K140E:A141D:I142F:E143S:S144T,1.53188628,-0.42323172,-0.4396401944958019,-7.342445850372314,-7.997192001342773,-91.8736572265625,-83.1299560546875,-153.78938114643097,-1.0
S101K:T102N:D103E:T105P:P106V:M107L:F108S:Y110L:N112L:L113V:E114S:D115T:N116T:K118E:E119F:W120T:S122G:L123I:F124S:D125S:D127Y:I128N:P129E:V130L:T131D:T132S:D133A:D134V:S136D:L137A:A138F:D139F:K140S:A141S:I142S:E143A:S144D,1.524174901,-0.370108,-0.4029378110403693,-9.9582701921463,-8.459736895561218,-90.2178955078125,-87.28409423828124,-168.97873711586,-1.0
S101K:T102N:D103N:S104Y:P106A:M107D:F108L:E109D:Y110E:E111D:N112E:L113F:E114D:N116D:S117E:K118E:E119S:S122D:D125T:N126M:D127E:P129N:V130P:T131K:T132S:D133I:D134T:V135T:S136V:L137P:A138V:D139L:K140S:A141S:I142A:E143S,1.4178852,-0.42128032,-0.3598005627397965,1.6347486972808838,-0.7085939407348633,-62.193115234375,-56.268115234375,-139.656334400177,-1.0
S101K:T102N:D103P:T105S:P106M:M107T:F108S:E109T:Y110S:E111F:N112D:L113V:E114K:D115I:N116S:S117T:K118T:E119V:T121I:S122L:D125T:N126D:I128D:P129E:V130E:T131D:T132E:D134A:V135E:S136A:L137Y:A138N:D139S:K140D:A141L:I142P:S144N,1.156264878,-0.42420095,-0.4489696679166203,-8.949299335479736,-8.23760769367218,-82.7803955078125,-73.86434326171874,-155.25538873672485,-1.0
S101K:T102N:D103T:T105D:P106D:M107P:F108S:E109K:Y110I:E111V:N112E:L113T:E114N:N116S:S117M:K118D:E119D:T121V:S122T:D125E:N126E:D127S:I128D:P129T:V130T:T131S:T132I:D134F:V135E:D139N:K140P:A141E:I142Y:E143A:S144L,0.97587527,-0.38214707,-0.353303250893155,-6.273416996002197,-5.951918172836304,-81.28240966796875,-72.8348388671875,-147.15133213996887,-1.0
S101K:T102N:S104D:T105S:P106T:M107V:F108V:E109S:Y110L:E111A:N112Y:L113T:E114L:S117N:E119T:T121P:D125E:N126A:D127S:I128D:V130D:T131I:T132E:V135E:S136E:L137E:A138I:D139F:K140S:A141S:I142M:E143T:S144T,1.5229910290000002,-0.42538947,-0.3817870659336076,-6.060914158821106,-6.1888491868972775,-66.336669921875,-59.05472412109375,-137.32972502708435,-1.0
S101K:T102P:D103P:S104K:T105R:P106S:M107L:F108T:E109K:Y110R:E111D:N112A:L113D:E114S:D115V:N116P:S117A:K118S:E119K:W120S:T121A:L123P:F124V:D125S:N126I:D127S:I128S:P129N:V130I:T131S:T132S:D133P:D134A:V135L:S136N:L137G:A138C:D139T:K140S:I142S:E143A:S144T,1.080185343,-0.49828452,-0.5794621803582352,-14.39655601978302,-14.659898614883422,-110.9063720703125,-103.692724609375,-192.06380343437195,-1.0
S101K:T102P:D103P:S104V:T105V:P106G:M107E:F108C:E109I:Y110F:E111G:N112K:L113F:E114I:D115K:N116E:S117E:K118E:W120K:T121E:S122P:F124P:D125S:N126L:D127E:I128F:P129D:V130F:T131P:T132G:D133E:D134G:V135D:S136A:L137S:A138P:D139E:K140V:A141S:I142A:E143A:S144L,1.286783616,-0.4509567,-0.5465017841379838,-14.508111834526062,-14.413605976104735,-107.75360107421876,-100.64857177734376,-193.15078330039967,-1.0
S101K:T102P:D103Q:S104V:P106S:M107F:F108L:E109P:Y110T:E111P:N112V:L113I:N116A:S117P:K118L:E119M:W120P:T121K:S122K:L123A:F124S:D125A:N126G:D127R:I128V:P129A:V130K:T131A:T132G:D133N:D134E:V135N:S136E:L137K:A138K:K140H:A141L:I142G:E143V:S144V,1.117257881,-0.4510709,-0.5182371309219307,-19.50681447982788,-20.550310611724854,-120.97747802734376,-112.3269287109375,-198.1108899116516,-1.0
S101K:T102P:D103R:S104K:T105R:P106S:M107K:F108V:E109D:Y110H:E111L:N112G:L113C:E114V:D115T:N116Y:E119K:W120Q:T121R:L123Q:F124P:D125L:N126Q:D127P:P129V:T131S:T132G:D133I:D134E:V135D:S136P:L137V:D139L:A141R:I142A:E143K:S144N,1.113533081,-0.6288914,-0.6308340160872166,-28.90630233287812,-31.609397959709167,-115.7510986328125,-109.35603027343753,-200.18570852279663,-1.0
S101K:T102P:D103T:P106S:M107L:F108N:E109S:Y110K:E111V:N112D:L113H:E114L:D115G:N116I:S117V:K118S:E119Y:W120N:T121R:S122K:L123Q:F124R:D125A:N126A:D127P:I128L:P129T:V130P:T131I:T132I:D133P:D134E:V135S:S136D:L137D:A138P:D139V:K140S:A141V:I142K:E143R:S144A,1.169526748,-0.47161585,-0.5738351082038202,-15.676898002624512,-17.739598560333253,-121.81317138671876,-114.50767822265628,-206.4695060253144,-1.0
S101K:T102P:D103T:S104V:T105E:P106N:M107A:F108S:E109D:Y110D:E111D:N112D:L113T:E114F:N116E:S117N:K118Y:T121S:S122V:D125T:N126I:D127S:I128A:P129S:V130L:T131E:T132M:D133E:D134T:V135I:S136L:L137S:A138S:D139K:K140T:A141P:I142D:E143N:S144D,1.153284934,-0.45394945,-0.4857554588453626,-0.2775163650512695,-3.4880878925323486,-96.45147705078124,-88.0749755859375,-159.3507571220398,-1.0
S101K:T102S:D103F:S104A:T105F:P106G:M107G:F108S:E109D:Y110L:E111S:N112K:L113Q:E114Q:D115S:N116Q:S117L:K118F:E119T:W120P:T121N:S122P:L123S:F124S:D125T:N126L:D127P:I128T:V130M:T131L:T132D:D133A:D134K:V135P:S136R:L137K:A138K:D139S:A141V:I142D:E143H:S144L,1.156915691,-0.42499167,-0.5865524672104372,-15.878394603729248,-17.911225056648256,-116.84027099609376,-109.16729736328124,-201.8222358226776,-1.0
S101K:T102S:S104E:T105E:P106D:M107A:F108P:E109T:Y110E:E111D:N112A:L113S:E114K:D115L:N116S:K118Y:E119F:T121N:S122N:D125E:N126P:D127I:I128T:P129V:V130T:T131L:D133M:V135S:S136E:L137S:A138D:K140T:A141I:I142V:E143D:S144N,1.926888801,-0.42510247,-0.4642004915827958,-2.557309508323669,-3.913305115699768,-89.33538818359375,-82.4154541015625,-156.7742474079132,-1.0
S101K:T102V:D103M:P106T:M107Y:E109I:Y110L:E111S:N112I:L113D:D115T:N116S:S117P:K118P:E119A:T121K:S122V:D125S:N126T:D127L:I128D:P129E:V130D:T131A:T132E:D134S:V135D:S136E:L137D:A138E:K140N:A141S:I142N:E143T:S144N,1.123471212,-0.5422189,-0.4930797318971029,-13.27557635307312,-14.098078870773316,-76.90374755859375,-72.30294189453124,-152.6959261894226,-1.0
S101K:T102V:D103N:T105K:P106D:M107D:F108W:E109V:Y110S:E111L:N112F:L113K:E114D:D115E:N116P:S117I:K118P:W120H:T121A:S122A:L123S:F124A:D125P:N126S:D127V:I128P:P129E:V130Q:T131D:T132E:D134L:V135H:S136N:A138F:D139A:K140E:A141E:I142F:S144D,1.183553333,-0.42472708,-0.5383204667169429,-20.022799253463745,-21.13425395488739,-123.2879638671875,-115.8342041015625,-198.88242936134336,-1.0
S101K:T102V:S104F:P106D:M107T:F108N:E109D:Y110L:E111V:N112I:L113M:E114S:D115S:N116S:S117E:K118S:T121A:S122N:D125L:N126K:D127P:I128N:P129D:V130T:T131S:T132A:D133S:D134Y:V135P:S136T:L137T:A138I:K140E:A141D:I142E:E143D:S144E,1.074441391,-0.42992836,-0.489841882020129,-2.278668522834778,-5.487066102027893,-83.81988525390625,-77.4489013671875,-154.85016226768494,-1.0
S101K:T102V:S104T:T105L:P106D:M107N:F108E:E109T:Y110F:E111S:N112D:L113E:E114D:D115E:N116E:S117D:K118E:E119D:T121D:S122L:D125S:N126I:D127T:I128A:P129N:V130N:T131M:D133Y:D134K:V135S:S136P:L137V:A138S:D139I:K140T:A141S:I142A:E143S:S144P,1.5212073730000002,-0.41280138,-0.4418085172931495,0.9673076868057252,-2.392945098876953,-91.8455810546875,-83.80450439453125,-160.08509612083435,-1.0
S101K:T102Y:D103N:S104D:T105V:P106E:M107E:E109D:Y110S:E111K:N112L:L113I:E114A:D115S:N116I:S117L:K118P:E119D:T121E:S122D:D125T:N126S:D127M:I128S:P129V:V130D:T131S:D133E:D134T:V135T:S136N:L137P:A138T:D139N:K140A:A141S:I142D:E143D:S144E,1.027070869,-0.4254315,-0.433426337734236,-0.5341144800186157,-3.0866385459899903,-87.6077880859375,-78.23477783203124,-165.48773312568665,-1.0
S101K:Y110W:E111Q:T131P:S144A,1.308334041,-0.18555018,-0.1388315221168816,-2.2477803230285645,-2.986271071434021,-12.87469482421875,-11.455383300781248,-22.52927803993225,-0.999996938778381
S101L:D103A:S104L:P106S:M107P:F108S:E109L:Y110F:E111D:N112G:L113S:E114P:N116F:S117D:K118T:E119F:W120D:T121I:L123P:F124N:D125F:N126G:D127H:I128S:P129D:V130L:T131E:T132N:D133P:V135T:S136W:L137F:A138S:D139L:K140F:A141P:I142D:E143A:S144T,0.96913952,-0.4213271,-0.5191821984124778,-8.316059708595276,-8.70044503211975,-111.0760498046875,-105.27354736328124,-185.9355396032333,-1.0
S101L:D103P:M107G:T121D:P129E,1.469765587,-0.23262355,-0.1690454992111044,1.5250678062438965,1.7534773111343385,-20.24334716796875,-20.17861328125,-21.65551233291626,-0.9999999958774556
S101L:D103P:S104T:T105S:P106S:M107N:F108I:E109F:Y110S:E111A:N112M:L113I:E114S:D115S:N116K:S117V:E119V:T121L:S122N:D125T:N126E:D127N:I128P:P129E:V130D:T131E:T132D:D134T:V135D:S136Y:L137E:A138D:D139E:K140T:A141D:I142A:E143S:S144D,1.227998834,-0.52775705,-0.5157232318484486,-11.202528953552246,-11.354999566078186,-91.0887451171875,-82.47806396484376,-162.1935257911682,-1.0
S101L:D103P:T105K:P106N:M107N:F108T:E109K:Y110V:E111Y:N112D:L113S:E114S:N116M:S117T:K118S:E119T:T121S:S122F:D125T:N126L:D127A:I128P:P129I:V130D:T131D:T132E:D133E:V135E:S136D:L137A:A138D:D139V:K140N:A141E:E143S:S144E,0.874266685,-0.41775107,-0.4877199329091136,-6.984716296195984,-8.195651936531068,-87.10845947265625,-81.58887939453125,-158.48760843276978,-1.0
S101L:D103T:T105M:P106V:M107S:F108A:E109N:Y110N:E111L:N112Y:L113E:E114N:N116P:K118S:E119K:T121D:S122D:D125V:N126T:D127I:I128S:P129F:V130K:T131S:D133E:D134P:V135D:S136D:L137E:A138E:D139I:K140E:I142D:E143D:S144T,1.206402529,-0.44335282,-0.4996968333831462,-6.3534287214279175,-8.379680180549622,-99.56304931640624,-90.91401367187498,-155.38418889045715,-1.0
S101L:E111L:N126Q:I128P:V130D:S144G,1.095740613,-0.28897423,-0.150433849185387,-3.461716651916504,-3.987790012359619,-16.42230224609375,-13.487023925781248,-28.57616376876831,-0.9999999999298724
S101L:I128T:S136P,1.298100446,-0.11516976,-0.0777486346370386,0.2370734214782714,-0.3064312219619751,-11.56109619140625,-10.536572265625,-11.650036811828612,-0.9984448041516684
S101L:N112A:L113Y:I128W,1.047314486,-0.19703716,-0.1476801536261399,-4.329307198524475,-4.4284823179245,-18.82110595703125,-17.618310546874998,-20.31131076812744,-0.9999870906549586
S101L:S104R:S117G:S122N:K140W,0.99496071,-0.26227126,-0.2004177867305661,-6.301783442497253,-6.373635506629944,-21.00201416015625,-20.62276611328125,-29.05234718322754,-0.9999997081933626
S101L:S104T:I128M:L137G:A138T:K140W,0.993161393,-0.16087791,-0.1364991537616771,-3.499094009399414,-4.057426857948303,-18.51226806640625,-16.320275878906248,-26.900059461593628,-0.9999495918318247
S101L:T102A:D103E:S104P:T105S:M107N:F108G:E109L:Y110S:E111D:N112E:L113T:E114I:D115S:N116A:S117A:K118T:E119T:W120S:T121A:L123S:F124P:D125E:N126V:I128A:P129S:V130T:T131V:T132C:D133T:D134S:S136A:L137P:A138S:D139T:K140S:A141S:I142A:E143N:S144G,1.175314777,-0.41032374,-0.4490391741443783,-9.246248960494995,-9.105579710006714,-84.9903564453125,-77.03514404296875,-178.78904342651367,-1.0
S101L:T102D:D103A:S104A:T105V:P106V:M107E:F108S:E109F:Y110F:E111S:N112S:L113S:E114A:N116S:S117T:K118P:E119M:W120F:T121E:S122Y:L123E:F124N:D125L:N126E:I128N:P129S:V130K:T131E:T132W:D133T:D134S:V135L:S136F:L137D:A138N:K140I:A141P:I142V:E143T:S144T,0.94158011,-0.1438809,-0.4344060497351814,-10.686368823051453,-10.980519771575928,-118.769775390625,-112.13197021484376,-197.71945202350616,-1.0
S101L:T102D:D103A:S104K:T105L:P106E:M107S:F108P:E109T:Y110N:E111V:N112S:L113T:N116T:S117Y:K118F:E119N:T121D:S122D:D125T:N126S:D127I:I128T:P129D:V130A:T131N:T132E:D134M:V135S:S136K:L137I:A138S:D139P:K140S:A141V:I142E:E143D:S144E,0.971221359,-0.3959819,-0.5381216137434666,0.4747363328933716,-0.6950417995452881,-106.568359375,-97.64460449218753,-159.84311592578888,-1.0
S101L:T102D:D103F:S104A:T105L:M107Q:F108T:E109V:Y110T:E111T:N112S:L113D:E114A:D115K:N116T:S117V:K118L:E119P:W120I:T121P:S122E:F124D:D125A:N126A:D127V:I128V:P129E:V130S:T131F:T132F:D133S:D134S:V135S:S136A:L137D:A138S:D139T:K140P:A141M:I142F:S144Y,1.133799842,-0.25400138,-0.5218197425489324,-11.17502737045288,-10.765880632400512,-112.12335205078124,-104.6508544921875,-188.9029803276062,-1.0
S101L:T102D:D103F:S104D:T105F:P106A:M107L:F108P:E109Q:Y110T:E111A:N112T:L113A:E114S:D115N:N116A:S117E:K118T:E119A:W120L:T121P:S122I:L123S:F124E:D125L:N126D:D127A:I128A:P129V:T131E:T132S:D133F:D134F:V135S:L137S:A138T:K140S:A141T:I142P:E143M:S144F,1.016403515,-0.2781003,-0.511714134352063,-9.930221915245056,-10.599692821502686,-109.29156494140624,-102.317919921875,-195.6091992855072,-1.0
S101L:T102D:D103F:S104I:T105M:P106D:M107G:F108A:E109K:Y110V:E111N:N112S:L113K:N116W:S117I:K118S:E119L:W120F:T121G:S122V:L123E:F124E:D125T:N126G:D127A:I128T:P129T:V130T:T131G:T132D:D133A:D134S:V135D:S136P:L137I:A138L:D139C:K140L:A141D:I142D:E143D:S144D,1.330505308,-0.4764853,-0.7021048332024299,-15.16024911403656,-16.971699476242065,-139.49639892578125,-132.4854248046875,-213.26974964141849,-1.0
S101L:T102D:D103G:S104T:T105K:P106V:M107N:F108S:E109K:Y110D:E111D:N112W:L113V:E114S:D115L:N116F:S117K:K118D:W120P:T121I:S122P:L123E:F124H:D125A:N126A:D127S:I128A:V130S:T131V:T132P:D133E:D134Q:V135D:S136E:L137D:A138L:D139H:K140N:A141L:I142F:E143A:S144E,1.327065063,-0.42630845,-0.4939185308816169,-15.403565883636476,-16.64459059238434,-108.08135986328124,-101.59632568359372,-200.9255440235138,-1.0
S101L:T102D:D103Q:S104A:T105V:P106V:M107D:F108E:E109F:Y110F:E111V:L113D:E114D:D115A:N116P:S117M:K118F:W120L:T121D:S122D:L123G:F124A:D125S:N126G:D127A:I128W:V130S:T131L:T132E:D133P:D134L:V135F:S136G:L137E:A138D:D139E:K140E:A141R:I142V:E143A:S144V,1.036747483,-0.41250253,-0.5678862439355817,-12.296403884887695,-13.97944004535675,-119.522705078125,-112.8358154296875,-207.54952764511108,-1.0
S101L:T102D:T105Y:P106D:M107S:F108N:E109F:Y110S:E111I:N112K:L113T:E114I:D115S:N116A:S117T:K118V:E119N:T121M:S122K:N126D:D127E:I128E:P129E:V130S:T131D:T132A:D133T:D134T:V135P:S136E:L137D:A138E:D139T:K140N:A141V:I142L:E143P,1.482209505,-0.4047656,-0.4527073653143072,-3.1780788898468018,-6.02122814655304,-84.97381591796875,-77.85269775390626,-153.07257461547852,-1.0
S101L:T102E:D103I:S104V:P106K:M107P:F108M:E109T:Y110S:E111S:N112D:L113Y:D115I:N116T:S117N:K118D:E119D:T121S:S122T:N126E:D127V:I128K:P129D:V130N:T131P:T132N:D133F:D134L:V135S:S136D:L137D:A138S:D139A:K140T:A141E:I142S:S144A,1.349169059,-0.41006333,-0.4387419351055105,-3.633312940597534,-5.178951144218445,-87.35205078125,-79.37806396484375,-150.25964403152466,-1.0
S101L:T102E:D103T:S104N:T105D:P106S:M107S:F108I:E109D:Y110D:E111F:N112D:L113S:E114K:N116D:S117E:K118T:E119V:T121A:S122Y:N126T:D127M:I128S:P129S:V130P:T131E:T132A:D133P:D134K:S136E:L137N:A138I:D139E:K140N:A141L:I142S:E143T:S144T,1.329244006,-0.39978528,-0.4050747474317449,-0.7763197422027588,-2.306201934814453,-83.6756591796875,-75.6427001953125,-154.2017936706543,-1.0
S101L:T102E:D103T:S104P:T105S:P106T:M107P:F108A:E109L:Y110S:E111T:N112P:L113V:E114I:D115R:N116D:S117T:K118L:E119A:W120V:T121D:L123A:F124N:D125R:N126V:D127S:I128K:P129K:V130A:T131K:T132V:D134H:V135L:S136G:L137C:A138V:D139S:K140Y:A141S:I142K:E143K:S144Q,1.039700039,-0.48476464,-0.6327789958261512,-15.521814346313477,-17.60607507228851,-129.418701171875,-121.31796875,-203.8542633056641,-1.0
S101L:T102E:D103T:S104V:T105E:P106A:M107A:F108K:E109I:Y110E:E111D:N112D:L113E:E114D:D115L:N116D:K118I:E119S:T121D:S122T:D125P:N126T:D127T:I128N:P129F:V130D:T131N:D133E:D134S:V135Y:L137V:A138P:D139S:K140S:A141N:I142K:E143M:S144D,1.013440717,-0.3930809,-0.5088661709714191,-4.782673001289368,-6.910745930671692,-98.312255859375,-88.49251708984374,-160.6020863056183,-1.0
S101L:T102E:D103V:P106I:M107S:E109L:Y110P:E111T:N112P:L113V:E114L:D115E:N116D:S117A:E119L:W120S:T121Q:S122T:L123K:F124K:D125A:N126K:D127K:I128P:P129N:V130S:T131I:T132A:D133K:D134N:V135F:S136H:L137Q:A138H:D139H:K140G:A141N:I142D:E143D:S144E,1.223833517,-0.31175774,-0.5294621694978869,-21.16008973121643,-23.71353566646576,-124.91986083984376,-118.84737548828124,-204.5244238376617,-1.0
S101L:T102E:D103V:P106T:M107S:E109L:Y110P:E111T:N112P:L113V:E114L:D115E:N116D:S117A:E119L:W120G:T121Q:S122A:L123R:F124K:D125V:N126K:D127K:I128S:P129N:V130A:T131V:T132V:D133K:D134K:V135S:S136N:L137H:A138H:D139G:K140G:A141K:I142D:E143D:S144E,1.069952033,-0.29007965,-0.4943418129483152,-20.059451818466187,-22.595647740364075,-119.38330078125,-113.70224609375,-201.70219326019287,-1.0
S101L:T102E:D103V:P106T:M107S:E109L:Y110P:E111T:N112P:L113V:E114L:D115E:N116D:S117A:E119L:W120S:T121Q:S122V:L123K:F124K:D125V:N126K:D127K:I128L:P129N:V130S:T131V:T132V:D133K:D134K:V135S:S136H:L137H:A138D:D139M:A141D:I142D:E143K,1.105687899,-0.26522678,-0.4967580774924933,-19.592697978019714,-21.149416971206666,-121.45867919921876,-115.52186279296876,-193.29941987991333,-1.0
S101L:T102G:D103E:S104L:T105V:P106F:M107G:F108K:E109F:Y110A:N112M:L113P:D115G:N116M:S117A:K118A:E119P:W120F:T121G:S122M:L123I:F124E:D125A:N126S:I128D:P129T:V130N:T131G:T132E:D133A:V135P:S136V:L137S:A138G:D139P:K140A:A141S:I142V:E143P:S144E,1.100577463,-0.51707256,-0.5875265318303772,-13.908724308013916,-15.640837717056275,-109.15765380859376,-104.29659423828126,-192.03168201446533,-1.0
S101L:T102G:D103G:S104M:T105D:P106V:M107N:F108P:E109L:Y110K:E111R:N112P:L113R:E114D:D115G:N116S:S117E:K118S:E119P:W120S:T121F:S122E:L123N:F124K:D125K:N126D:D127Q:I128H:P129G:V130L:T132A:D133Y:D134N:V135R:S136K:L137P:A138R:D139Q:K140A:A141P:I142L:E143S:S144P,1.095872649,-0.5209678,-0.6431424829883507,-29.29224717617035,-31.23628499507904,-127.25677490234376,-118.41005859375,-221.7559413909912,-1.0
S101L:T102G:D103T:S104P:T105Q:P106S:M107A:E109D:Y110S:E111P:N112A:L113D:E114L:D115S:N116F:S117G:K118Q:E119F:W120T:T121S:S122P:L123V:F124Y:D125V:N126A:I128G:P129D:V130L:T131P:T132A:D134S:V135N:S136D:L137W:A138S:D139S:K140L:A141F:I142P:E143D,1.1062122840000002,-0.39968014,-0.5071383438924878,-8.714365243911743,-7.428622460365295,-113.34075927734376,-104.78033447265624,-177.52677178382874,-1.0
S101L:T102I:S104A:T105K:P106L:M107A:F108T:E109F:Y110I:E111S:N112Y:L113N:E114N:D115S:N116D:S117T:K118T:T121V:D125N:N126P:D127T:I128K:P129T:V130P:T131S:T132E:D133V:D134M:V135D:S136D:L137S:A138D:D139E:K140E:A141E:I142D:E143D,1.297836448,-0.52575576,-0.4924447273444451,-8.431785464286804,-11.88299493789673,-84.2696533203125,-77.84552001953125,-156.94786858558655,-1.0
S101L:T102I:S104H:E109D:Y110E:E111L:N112D:L113F:E114I:D115M:N116D:S117G:K118A:E119K:W120V:T121N:L123K:F124E:N126W:D127V:I128A:P129L:V130F:T131G:T132G:D133T:V135E:S136E:L137P:D139M:K140F:A141S:I142T:S144G,0.910522034,-0.4670822,-0.4368417543024355,-13.614024758338928,-17.14606647491455,-82.2545166015625,-74.06082763671874,-169.15039896965027,-1.0
S101L:T102K:D103E:S104D:T105S:P106S:M107Y:F108S:E109D:Y110L:L113T:D115F:N116S:S117P:K118T:T121N:S122A:N126A:D127K:I128D:P129V:V130D:T131I:T132N:D133S:D134M:V135T:S136T:L137T:A138E:D139I:K140V:A141S:I142P:E143D:S144D,1.814657498,-0.36263222,-0.387477073805188,-3.61589288711548,-5.284310221672058,-74.4837646484375,-67.68104248046875,-147.36501622200012,-1.0
S101L:T102K:S104I:T105D:P106A:M107T:F108L:E109T:Y110T:N112T:L113S:E114S:D115E:N116D:K118N:E119T:T121E:S122N:D125P:N126M:D127E:I128S:P129S:V130N:T131A:T132D:D133Y:D134I:V135F:L137P:A138V:D139V:K140E:A141K:I142D:E143D:S144D,1.405229963,-0.39609712,-0.4197719478946564,-5.544068574905396,-8.093552350997925,-85.29168701171875,-77.52510986328124,-155.6584434509277,-1.0
S101L:T102L:D103E:S104N:T105N:P106I:M107E:F108D:E109Y:Y110K:E111V:N112S:L113I:E114S:D115E:N116M:K118D:E119N:T121V:S122D:N126F:I128K:P129S:V130E:T132A:D133P:V135D:L137T:A138E:D139P:K140T:A141T:I142T:E143S:S144A,0.998885157,-0.466828,-0.4619271492194451,-0.1559528112411499,-2.4465545654296874,-86.34613037109375,-80.28887939453124,-142.69375610351562,-1.0
S101L:T102L:D103G:S104N:E109D:Y110E:E111L:N112D:L113F:E114T:D115L:N116D:S117G:K118T:E119K:W120V:T121N:L123K:F124D:N126W:D127V:I128S:P129L:V130F:T131K:T132D:D133E:D134P:V135I:S136P:L137E:A138H:D139A:K140A:A141S:I142A:E143P,1.214465399,-0.44667995,-0.3928139574587134,-7.073651075363159,-8.742540073394775,-80.71148681640625,-71.96773681640624,-169.96017265319824,-1.0
S101L:T102L:D103N:S104T:P106I:M107Y:F108D:E109A:Y110S:E111S:N112S:L113S:E114T:N116E:S117T:K118E:T121N:S122D:D125K:N126S:D127A:I128K:P129F:V130S:T131D:T132I:D133T:D134E:V135D:S136N:L137V:A138E:D139M:K140V:A141D:I142P:E143D:S144P,1.3176030090000002,-0.43467283,-0.4200852689369717,-5.536226034164429,-7.560022187232971,-82.49761962890625,-75.76016845703126,-157.086594581604,-1.0
S101L:T102L:S104H:E109D:Y110E:E111L:N112D:L113F:E114I:D115M:N116D:S117G:K118A:E119K:W120V:T121N:L123K:F124E:N126W:D127V:I128A:P129L:V130F:T131G:T132G:D134G:V135N:S136G:L137D:A138E:D139G:K140D:I142M:E143F:S144P,0.96641426,-0.45689893,-0.4552487410684498,-16.910804986953735,-20.8158052444458,-87.0889892578125,-77.31783447265626,-177.46008133888245,-1.0
S101L:T102N:D103E:S104D:T105N:P106E:M107N:F108N:E109D:Y110D:E111D:N112A:L113D:E114D:D115A:N116D:S117D:K118D:E119D:W120D:T121A:S122L:L123V:F124P:D125R:N126E:I128T:P129I:V130E:T131A:T132L:D133L:D134L:V135E:S136P:L137S:A138P:D139N:K140R:A141T:E143S:S144A,1.228756165,-0.41807604,-0.4840432706676769,-8.50450575351715,-9.380330181121826,-102.281494140625,-94.89962158203124,-194.7692699432373,-1.0
S101L:T102N:D103S:S104V:T105A:P106E:M107A:F108N:E109S:Y110T:E111I:N112M:L113T:E114L:N116S:S117D:K118E:E119D:T121S:S122P:D125S:N126I:D127E:I128T:P129K:V130N:T131E:T132D:D134T:V135F:S136D:L137D:A138Y:D139P:K140T:A141E:I142S:E143V:S144K,1.345865034,-0.40581858,-0.4602036662797487,2.6848868131637573,-1.2267468452453614,-97.1021728515625,-88.98654785156249,-152.86631608009338,-1.0
S101L:T102N:T105G:E109K:L137G:K140T,1.541178544,-0.18679991,-0.1483103796256395,-1.942009449005127,-2.7096793413162232,-18.677978515625,-18.416552734375,-28.29026937484741,-0.9999969651996578
S101L:T102P:D103A:S104M:T105E:P106K:M107S:F108I:E109N:Y110R:E111A:N112P:L113S:E114P:D115F:N116Q:S117I:K118H:E119S:W120S:T121V:S122L:L123D:F124S:D125V:N126F:D127S:I128S:P129N:V130M:T131D:T132G:D133S:D134N:V135E:S136V:L137D:A138H:D139T:K140P:A141M:I142F:E143D:S144E,1.136239328,-0.4225682,-0.6108646596453792,-19.21567714214325,-21.48543944358825,-128.1641845703125,-119.5649658203125,-215.82631480693817,-1.0
S101L:T102P:D103S:S104L:T105E:P106F:M107D:E109P:Y110G:N112G:L113D:E114A:D115S:N116P:S117E:K118V:E119S:W120A:T121A:S122L:L123V:F124D:D125A:N126F:D127F:I128S:P129S:V130S:T131A:T132D:D133S:D134T:V135P:S136M:L137F:A138E:D139Y:K140D:A141N:I142V:S144D,0.852462125,-0.39778197,-0.5481078124131171,-11.814258813858032,-12.699661254882812,-119.507080078125,-112.776171875,-196.3784589767456,-1.0
S101L:T102P:D103T:S104P:T105L:P106L:M107D:F108S:E109K:Y110N:E111S:N112K:L113K:E114R:D115V:N116K:S117V:K118D:E119H:W120L:T121G:S122C:L123V:F124T:D125Y:N126S:D127K:I128K:P129H:V130R:T131S:T132Q:D133P:D134L:V135Q:S136P:L137I:A138V:D139V:K140D:A141D:E143K:S144D,1.114757587,-0.534146,-0.6549796107825011,-25.79583299160004,-27.15556402206421,-138.0595703125,-129.18856201171874,-214.0860748291016,-1.0
S101L:T102P:D103T:S104Y:T105S:P106S:M107S:F108S:E109I:Y110A:E111D:N112D:L113V:D115E:N116E:S117T:K118F:E119A:T121K:S122K:D125N:N126S:I128E:P129E:V130T:T131D:T132L:D133V:D134S:V135N:S136M:L137T:A138D:D139N:K140D:A141P:I142T:E143I:S144D,1.302930167,-0.39088327,-0.418438840166954,-4.443857192993164,-5.783639240264892,-94.42486572265624,-84.9911865234375,-162.53702330589294,-1.0
S101L:T102Q:S104H:E109D:Y110E:E111L:N112D:L113V:E114I:D115M:N116D:S117E:K118G:E119K:W120A:T121S:L123K:F124D:N126W:D127V:I128S:P129L:V130F:T131G:T132G:D133N:V135D:L137G:A138K:D139R:K140E:A141E:I142T:E143N:S144V,1.331294382,-0.40498888,-0.4189329317031807,-16.299710035324097,-19.64771792888641,-84.25042724609375,-77.0355224609375,-176.23742008209229,-1.0
S101L:T102S:D103N:S104P:T105V:P106T:M107S:F108T:E109K:Y110A:E111S:N112T:L113S:E114K:D115L:N116S:S117M:K118A:E119F:T121D:S122V:D125T:N126D:D127S:I128P:P129N:V130I:T131I:D133E:D134E:V135Y:S136D:L137D:A138D:D139E:K140E:A141E:I142D:E143D:S144N,1.176002679,-0.50283206,-0.4862152316816337,-6.8662073612213135,-7.292333674430847,-95.48175048828124,-87.0876953125,-173.35240960121155,-1.0
S101L:T102S:D103T:S104D:T105F:P106T:M107D:F108A:E109D:Y110N:E111S:N112P:L113M:E114F:D115E:N116S:S117P:K118E:E119S:W120E:T121D:S122P:L123N:F124N:D125W:N126V:D127S:I128L:P129F:V130A:T131D:T132E:D133T:D134T:V135L:S136A:L137T:A138T:D139P:K140A:A141V:I142S:E143R:S144A,1.222589853,-0.37660778,-0.4935312508688279,-6.78306257724762,-8.01920132637024,-113.1065673828125,-104.21845703125,-201.5652976036072,-1.0
S101L:T102S:D103V:S104N:T105L:P106T:M107S:F108S:E109N:Y110N:E111M:N112K:L113D:E114V:D115E:N116T:S117Y:K118I:E119A:S122F:D125E:N126K:D127T:I128D:P129D:V130I:T131S:T132E:D133P:D134S:V135D:S136D:L137A:A138E:K140E:A141S:I142P:E143D:S144T,1.099949633,-0.4900337,-0.5129781159641904,-1.7364046573638916,-4.802570867538452,-102.066650390625,-92.43436279296876,-161.62325596809387,-1.0
S101L:T102S:D103V:S104N:T105Q:P106D:M107S:F108S:E109P:Y110I:E111I:N112V:L113H:E114S:D115E:N116V:S117L:K118D:E119S:W120V:T121F:L123T:F124N:D125L:N126D:I128N:P129D:V130Q:T131L:T132L:D133G:D134N:V135T:S136P:L137M:A138F:K140E:A141L:I142D:E143F:S144T,0.97847474,-0.38233966,-0.5319686835346696,-9.23049771785736,-9.313049840927125,-126.882568359375,-120.15462646484376,-193.9516417980194,-1.0
S101L:T102S:S104D:T105A:P106S:M107D:F108D:E109S:Y110I:E111M:N112S:L113I:E114N:D115V:N116S:K118P:E119N:S122T:D125V:N126E:D127T:I128N:P129T:V130A:T131L:T132K:D133P:D134K:V135T:S136E:L137E:A138F:K140E:A141E:I142D:E143D:S144Y,1.356243838,-0.417395,-0.4125465583122498,-5.0334285497665405,-7.864962792396545,-85.452880859375,-76.82667236328125,-153.49306631088257,-1.0
S101L:T102V:D103A:T105L:P106T:M107P:F108A:E109T:Y110G:E111T:N112I:L113S:E114P:D115Q:N116E:S117L:K118M:E119G:W120H:T121S:S122F:L123G:F124N:N126D:D127F:I128D:P129A:V130S:T131P:T132I:D133F:D134G:V135D:S136A:L137D:A138L:D139G:K140D:A141C:I142N:E143N:S144W,1.073473956,-0.4652599,-0.6357746056390402,-24.37155592441559,-24.79750006198883,-134.44317626953125,-127.59273681640626,-213.7749301195145,-1.0
S101L:T102V:D103E:S104T:T105F:P106F:M107S:F108S:E109S:Y110V:E111D:N112S:L113T:E114P:D115M:N116F:S117D:K118L:E119D:W120E:T121S:S122L:L123Q:F124T:D125S:N126T:D127S:I128S:P129D:V130P:T131N:D133W:D134T:V135S:S136L:L137F:A138D:K140D:A141I:I142P:E143V:S144V,0.932245823,-0.35613173,-0.5124563848420819,-4.507509350776672,-5.321221852302552,-120.28656005859376,-111.49608154296877,-200.54898977279663,-1.0
S101L:T102V:D103F:S104E:T105K:P106F:M107A:F108C:E109A:Y110D:E111N:N112L:L113D:E114H:D115E:N116A:S117L:K118A:E119K:W120L:T121E:S122R:L123S:F124M:D125P:N126M:D127F:I128S:P129E:V130S:T131K:T132S:D133S:D134T:V135D:S136L:L137D:A138S:D139A:K140V:A141E:I142N:E143F:S144F,1.257724794,-0.48950368,-0.6419513200101479,-14.61694359779358,-17.07913911342621,-128.69384765625,-121.14930419921872,-213.6778399944305,-1.0
S101L:T102V:D103K:S104T:T105E:P106E:M107S:F108T:E109P:Y110L:E111L:L113F:E114D:D115L:N116Q:S117L:K118A:E119V:W120D:S122A:L123R:F124S:D125S:N126E:D127Q:I128L:P129N:V130S:T131A:T132V:D133V:V135T:S136F:L137F:A138S:D139S:K140S:A141T:I142D:E143S,1.005072633,-0.4016422,-0.4821354333192005,-4.9004807472229,-4.68395299911499,-107.1065673828125,-99.84281005859374,-189.94643020629883,-1.0
S101L:T102V:D103P:S104R:T105E:P106E:M107S:F108L:Y110G:E111L:N112L:D115A:N116S:S117P:K118N:E119G:W120L:T121S:L123N:F124D:D125E:N126T:D127I:I128S:P129A:V130P:D133N:D134A:V135S:L137S:D139S:K140S:A141P:I142E:E143L:S144C,1.061758466,-0.42641705,-0.4714396195055327,-5.412369251251221,-6.392810797691345,-96.1607666015625,-88.97774658203124,-169.1071183681488,-1.0
S101L:T102V:D103P:S104R:T105E:P106E:M107T:F108T:E109I:Y110E:E111G:N112L:E114L:D115E:N116P:K118P:E119N:W120R:S122I:L123S:F124A:D125S:N126T:D127S:I128A:P129S:V130T:T131S:T132S:D133S:D134N:V135S:S136P:L137E:A138S:D139T:K140V:I142T:E143T:S144V,0.941695208,-0.4215631,-0.5636210594313001,-10.447632789611816,-12.111872100830078,-117.82379150390624,-110.6329833984375,-186.6479206085205,-1.0
S101L:T102V:D103S:S104D:T105E:P106D:M107S:F108D:E109N:Y110S:E111S:N112T:L113I:E114D:D115T:N116Y:S117V:K118D:E119D:T121P:S122T:D125L:N126T:D127E:I128T:P129F:V130S:T131A:T132K:D133N:D134E:V135I:S136A:L137N:A138K:D139S:K140E:A141D:I142E:E143P:S144M,1.457169699,-0.42106545,-0.4559530889436444,1.4137636423110962,-0.9203537940979004,-92.8709716796875,-83.4959228515625,-164.6652271747589,-1.0
S101L:T102V:D103V:S104D:T105D:P106D:M107D:F108I:E109Y:Y110S:E111S:N112S:L113N:E114I:D115S:S117L:K118T:E119T:T121M:D125T:N126K:D127T:I128E:P129E:V130E:T131K:T132A:D133F:D134N:V135S:S136T:L137D:A138D:K140A:A141E:I142P:S144P,1.384822458,-0.4538436,-0.4810990846029804,-3.904449701309204,-7.340380525588989,-91.06805419921876,-83.21607666015626,-154.08865404129028,-1.0
S101L:T102Y:D103E:S104T:T105A:P106L:M107E:F108V:E109S:Y110T:E111T:N112P:L113V:E114I:D115S:N116T:S117F:K118N:E119P:T121D:S122D:N126E:I128D:P129E:V130A:T131S:T132K:D133I:D134M:V135S:L137K:A138S:D139N:K140N:A141T:I142D:E143D:S144E,1.425454676,-0.45265043,-0.4283976164576847,-2.5005749464035034,-4.240910816192627,-78.473388671875,-70.8892822265625,-160.8929340839386,-1.0
S101L:T102Y:F108A:Y110G:V130F,1.810411713,-0.23703283,-0.1505021064731151,-1.428551197052002,-1.5731897830963135,-14.5650634765625,-14.62200927734375,-21.16949892044068,-0.9999999796161372
S101L:T105N:Y110Q:N116F:L137P,1.294343971,-0.2390497,-0.1813458751529137,2.5957016944885254,1.4137551546096805,-15.6719970703125,-15.806604003906251,-20.68333101272583,-0.9999993480856908
S101L:Y110E:K118T:D125R:L137T,1.511926209,-0.24022728,-0.141224871326596,-0.3070182800292969,-1.2255202531814575,-9.76922607421875,-8.644799804687501,-21.250996112823486,-0.9999762457742613
S101M:D103S:S104E:T105S:P106A:M107S:F108T:E109D:Y110P:E111T:N112I:L113T:E114A:D115F:N116L:S117P:K118D:E119D:T121V:S122N:D125E:N126K:I128E:P129S:V130L:T131S:T132Y:D134N:V135D:L137N:A138I:D139E:A141D:I142E:E143V:S144T,1.226594469,-0.38244134,-0.4052317337633453,2.846950650215149,0.9423499822616576,-83.40814208984375,-74.94768066406249,-146.99449753761292,-1.0
S101M:D103T:S104T:T105P:P106L:M107P:F108S:E109L:Y110F:E111D:N112I:L113T:E114S:D115L:N116D:S117M:K118G:E119R:W120A:T121E:S122L:F124Q:D125Q:N126P:D127H:I128Q:P129E:V130A:T131S:T132A:D133L:D134H:V135F:L137G:A138P:D139V:K140V:A141G:I142E:E143L:S144V,1.664259238,-0.42846388,-0.5484748921784641,-19.062474846839905,-20.161622643470764,-118.55078125,-113.67634277343753,-206.2205240726471,-1.0
S101M:M107V:E109L:V130W:V135D,1.033459394,-0.24915963,-0.1937785844361654,-4.261184215545654,-4.204126620292664,-22.2301025390625,-21.32349853515625,-26.803529739379883,-0.9999999972263688
S101M:T102A:D103E:S104E:T105K:P106T:M107S:F108S:E109T:Y110F:E111D:N112L:L113S:E114N:D115S:N116V:S117N:K118V:E119D:T121L:S122I:D125P:N126I:D127T:I128A:P129D:V130S:T131D:D134K:V135Y:L137E:A138T:D139P:K140E:A141D:I142E:E143D:S144N,1.122569281,-0.4051116,-0.4596331178929883,-2.137733459472656,-5.329225015640259,-90.587646484375,-81.7989013671875,-161.13891077041626,-1.0
S101M:T102A:D103L:S104P:T105D:P106E:M107Y:F108S:E109K:Y110D:E111S:N112K:L113V:E114I:D115T:N116L:S117E:K118E:E119F:T121I:N126E:D127N:I128V:P129N:V130A:T131N:T132D:D133T:V135T:S136D:L137D:A138E:D139T:K140T:A141S:I142S:E143P,1.606084556,-0.49712825,-0.4496335609951901,0.1740317344665527,-1.7702274322509766,-78.631103515625,-73.16229248046875,-145.51217555999756,-1.0
S101M:T102A:D103N:S104E:T105V:P106S:M107D:F108S:E109L:Y110D:E111T:L113D:E114T:D115K:N116S:S117Y:K118S:E119T:T121L:S122D:D125I:N126A:D127V:I128S:P129D:V130K:T131N:T132F:D133E:D134T:V135E:S136I:L137E:A138S:D139P:K140D:A141T:I142P:S144D,1.242069671,-0.48201424,-0.4836652762525022,-6.654159903526306,-7.37025671005249,-96.58026123046876,-88.2024658203125,-168.78927040100098,-1.0
S101M:T102A:D103V:P106F:M107K:F108V:E109I:Y110L:E111N:N112L:L113D:E114A:D115T:N116E:S117P:K118D:E119D:T121E:S122D:D125S:N126T:D127S:I128N:P129S:V130T:T131K:D133E:D134I:V135N:L137Y:A138S:K140D:A141D:I142E:E143P:S144E,1.263929791,-0.50475186,-0.4765476213231205,-4.238987922668457,-5.439625382423401,-80.17059326171875,-74.70306396484375,-149.82652831077576,-1.0
S101M:T102E:D103E:S104N:T105D:P106E:M107D:F108D:E109D:Y110D:E111S:N112L:L113T:D115N:N116T:S117V:K118D:E119S:S122K:D125L:N126A:D127P:P129I:V130K:T132S:D133S:D134N:V135S:L137Y:A138V:D139A:K140D:A141P:I142T:E143F:S144E,1.7166042119999998,-0.42458236,-0.4735415312743272,-3.411415219306946,-5.186451816558838,-90.770751953125,-83.6984375,-151.27243900299072,-1.0
S101M:T102E:D103P:T105Q:P106N:M107S:F108T:E109M:Y110G:N112L:L113I:E114F:N116K:S117F:K118I:E119N:W120H:T121A:S122V:L123E:F124H:D125P:N126H:D127L:I128Q:P129Q:V130S:T131V:T132S:D133N:D134G:V135S:S136P:L137S:A138G:D139G:K140D:I142D:E143D:S144I,1.075778438,-0.48335242,-0.6428326372574235,-21.31969892978668,-24.818852257728576,-128.72027587890625,-120.60535888671872,-208.8343062400818,-1.0
S101M:T102F:D103E:S104Y:T105D:P106N:M107V:F108E:E109D:Y110Q:E111N:N112P:L113E:E114K:D115Q:N116W:S117T:K118S:E119L:W120F:T121D:S122N:L123D:F124I:D125P:N126V:D127V:I128T:P129E:V130E:T131D:T132V:D133M:D134F:V135T:S136D:L137K:D139V:K140V:A141E:I142T:E143A:S144V,1.306052656,-0.4195512,-0.5695608010071452,-12.849700808525084,-13.721830415725709,-125.3487548828125,-113.8427001953125,-205.6264374256134,-1.0
S101M:T102F:D103S:S104E:T105L:P106D:M107L:F108L:E109D:Y110F:E111A:N112T:L113F:E114D:D115G:N116G:S117A:K118T:E119T:W120E:T121A:S122A:L123F:F124A:D125S:N126P:D127A:I128N:P129Q:V130T:T131Y:T132D:D133L:D134S:V135S:L137V:A138P:D139S:K140S:A141V:I142S:E143N:S144M,1.023034162,-0.44562995,-0.5082379541363157,-2.6006966829299927,-5.069405126571655,-106.42144775390624,-98.08084716796874,-189.3351640701294,-1.0
S101M:T102F:D103T:S104N:P106A:M107T:F108E:Y110S:E111N:N112L:E114L:D115L:S117M:K118N:E119T:W120R:S122N:L123M:F124N:D125T:N126K:D127S:I128A:P129A:V130A:T132L:D133K:D134K:V135S:S136L:L137K:A138K:D139H:K140Q:A141Q:I142V:E143V:S144G,1.26247261,-0.50922096,-0.5388004941023966,-11.996992349624634,-14.52817313671112,-104.86737060546876,-99.0068115234375,-177.2997486591339,-1.0
S101M:T102F:S104E:T105L:P106D:M107F:F108I:E109M:Y110D:E111G:N112A:L113K:E114V:D115N:N116S:S117K:K118E:E119D:T121I:D125G:N126V:D127E:I128E:P129T:V130G:T131A:D133T:D134T:V135G:S136D:L137A:A138S:K140P:A141I:I142L:E143C:S144L,0.812869724,-0.48625398,-0.4236288919143406,-7.613986611366272,-9.913846397399904,-75.97528076171875,-68.91260986328125,-150.63268661499023,-1.0
S101M:T102G:D103E:S104V:T105A:M107P:F108G:E109T:Y110V:E111S:N112P:L113K:E114D:D115L:N116F:S117F:K118D:E119A:W120S:T121A:S122P:L123P:F124S:D125T:N126T:D127F:I128T:P129D:V130L:T131S:D133P:D134P:V135L:S136D:L137T:A138P:D139G:K140F:A141F:I142S:E143Q:S144N,1.169902476,-0.41916293,-0.5498630075692281,-9.87517237663269,-8.89556713104248,-113.8511962890625,-105.68768310546876,-190.6727907657624,-1.0
S101M:T102K:D103M:S104N:T105M:P106N:F108N:E109M:Y110N:E111L:N112E:L113M:E114S:D115V:S117P:K118L:E119Q:W120Q:T121Q:S122F:L123I:F124N:D125L:N126P:D127N:I128A:P129S:V130S:T131V:T132A:D133A:V135D:S136V:L137A:D139A:K140S:A141T:I142Q:E143V:S144K,1.450717917,-0.464819,-0.516485845491131,-17.159792065620422,-19.10600612163544,-104.60888671875,-96.770556640625,-195.4794011116028,-1.0
S101M:T102K:D103M:S104Y:T105V:P106A:M107Q:F108S:E109N:Y110E:E111N:N112V:L113T:E114K:D115A:N116G:S117V:K118P:W120F:S122N:L123D:F124K:D125K:N126V:D127V:I128V:P129G:V130E:T131L:T132V:D133F:D134G:V135K:S136F:L137N:A138Q:K140Q:A141Q:I142A:E143I:S144L,1.012327901,-0.5754998,-0.6339751545644741,-23.08993089199066,-25.29181852340698,-125.9700927734375,-118.7893310546875,-207.2460100650788,-1.0
S101M:T102K:D103N:S104F:T105D:P106A:M107E:F108T:E109S:E111T:N112S:L113N:E114P:N116E:S117T:K118S:E119D:T121S:S122D:D125E:N126L:D127I:I128P:P129S:V130D:T131L:T132E:D133T:V135S:S136I:L137K:D139V:K140D:A141N:I142T:S144V,1.2879499209999998,-0.39776462,-0.4697055477264513,-2.069774866104126,-3.5146766185760496,-93.78289794921876,-87.23245849609376,-153.16346621513367,-1.0
S101M:T102L:D103S:S104P:T105H:P106Q:F108T:E109A:Y110G:E111V:N112M:L113A:E114G:D115P:N116D:K118L:E119A:W120D:T121L:S122P:L123S:F124G:D125T:N126I:D127S:I128P:P129K:V130D:T131L:T132F:D133M:V135A:L137A:A138P:D139P:K140S:I142S:E143F:S144T,1.082723693,-0.46723914,-0.6078858833720252,-17.674431324005127,-17.8152854681015,-109.2178955078125,-103.97965087890624,-190.77004599571228,-1.0
S101M:T102L:S104H:E109D:Y110E:E111L:N112D:L113F:E114I:D115V:N116D:S117G:K118I:E119N:W120V:T121N:L123K:F124D:N126W:D127V:I128A:P129L:V130F:T131G:T132E:D133G:V135E:S136G:L137S:D139A:K140A:I142A:E143V:S144I,1.032393442,-0.4361897,-0.3641611011002836,-11.531322002410889,-13.934553050994872,-69.3807373046875,-60.8744384765625,-167.35250687599182,-1.0
S101M:T102L:Y110S:I128G:I142C,1.329033698,-0.25339988,-0.1342606188139457,-3.01772141456604,-3.496077275276184,-10.5496826171875,-9.68341064453125,-21.99334168434143,-0.9999999262450672
S101M:T102N:D103N:S104T:T105S:P106D:M107L:F108G:E109L:Y110D:E111D:N112F:L113T:E114A:D115F:N116G:S117G:K118G:E119A:W120S:T121A:S122F:L123P:F124S:D125P:N126A:D127M:I128P:P129G:T131F:T132D:D133I:D134A:V135S:S136T:L137T:D139S:K140T:A141M:I142G:E143T:S144V,1.688746424,-0.41411138,-0.5386302038443894,-17.78014039993286,-18.33292760848999,-107.3526611328125,-98.83154296875,-198.9654560089112,-1.0
S101M:T102N:D103T:S104K:T105S:P106A:M107A:F108A:E109T:Y110L:E111K:N112K:L113S:E114L:D115K:N116K:S117H:K118Q:E119Q:W120V:T121V:S122G:L123E:F124L:D125V:N126L:I128N:P129F:T131K:T132Q:D133E:D134S:V135P:S136A:D139E:K140L:I142L:E143C:S144N,1.216251928,-0.56154174,-0.6313232747685443,-16.889631032943726,-17.90166187286377,-118.15594482421876,-111.384423828125,-186.95564079284668,-1.0
S101M:T102P:D103A:S104N:T105D:P106L:M107N:F108S:E109A:Y110I:E111S:N112M:L113F:D115M:S117A:K118G:E119T:W120P:T121G:S122A:L123G:F124A:D125A:N126V:D127A:I128P:P129C:V130S:T131A:T132P:D133V:D134A:V135A:S136Y:L137H:A138M:D139G:K140V:A141T:I142P:E143A:S144E,1.245239539,-0.48509538,-0.5339361441941447,-23.49057245254517,-24.75596690177917,-122.47149658203124,-114.41756591796874,-209.74553310871124,-1.0
S101M:T102P:D103A:S104N:T105D:P106L:M107N:F108S:E109A:Y110I:E111S:N112M:L113F:D115M:S117A:K118G:E119T:W120T:T121G:S122A:L123G:F124A:D125V:N126V:D127A:I128P:P129C:V130S:T131A:T132H:D133V:D134A:V135A:S136Y:L137H:A138M:D139G:K140V:A141T:I142P:E143A:S144E,1.205632913,-0.50769496,-0.5605693016188001,-25.67382550239563,-26.847297954559327,-125.59686279296876,-117.13093261718753,-212.6412612199784,-1.0
S101M:T102P:D103A:S104T:M107I:F108I:E109Y:Y110E:E111D:N112S:E114F:D115E:N116S:S117Q:K118D:E119L:W120F:T121A:L123P:F124V:D125K:N126Q:D127Q:I128H:P129Q:V130K:T131V:T132D:D133T:D134V:V135A:S136T:L137K:A138N:D139E:K140I:A141G:I142L:S144L,1.239726904,-0.40588123,-0.458584659888651,-11.437260150909424,-13.012496542930602,-98.60675048828124,-91.0278564453125,-175.38325345516205,-1.0
S101M:T102P:D103S:S104L:T105F:P106D:M107T:F108S:E109V:Y110P:E111C:N112E:L113P:E114S:D115I:N116K:K118V:E119S:W120G:T121S:S122H:L123E:F124Y:D125P:N126F:D127F:I128Q:P129E:V130D:T131S:T132P:D133A:D134V:V135I:S136A:L137A:D139A:K140D:A141L:I142P:E143S:S144L,1.460742056,-0.43699336,-0.5459814648611265,-18.39110767841339,-18.187202739715577,-115.8258056640625,-107.43658447265624,-204.58482575416565,-1.0
S101M:T102P:D103T:S104N:T105D:P106L:M107N:F108S:E109A:Y110I:E111S:N112M:L113F:D115M:S117V:K118N:E119T:W120P:T121G:S122A:L123G:F124A:D125A:N126A:D127A:I128A:P129A:V130P:T131C:T132N:D133P:D134S:S136G:L137A:A138Y:D139H:K140M:A141G:I142V:E143T:S144P,1.165316248,-0.4706545,-0.5405959811499111,-20.543534517288208,-22.76245715618133,-120.61688232421876,-111.965283203125,-206.0389311313629,-1.0
S101M:T102P:P106W:I128F,1.133982845,-0.25833362,-0.1777967676997609,-3.950838565826416,-4.254010581970215,-20.164794921875,-19.51251220703125,-24.38926911354065,-0.9999999474696388
S101M:T102S:D103A:P106Y:M107S:E109D:Y110Q:E111A:N112M:L113D:E114F:N116I:S117V:K118Q:E119S:W120V:L123T:F124Q:N126H:D127I:I128P:P129M:T131L:T132G:D133E:D134S:S136L:L137R:A138S:D139F:K140V:A141G:I142N:E143D:S144A,1.524432046,-0.471515,-0.5545893767550323,-13.091532230377195,-16.68254420757294,-106.31158447265624,-102.06484374999997,-173.27034270763397,-1.0
S101M:T102S:D103A:S104A:P106N:M107T:F108A:E109T:Y110T:E111P:N112I:L113D:E114F:D115E:N116D:K118L:E119F:W120E:T121S:S122H:L123E:F124M:D125I:D127E:I128T:P129M:V130I:T131E:T132P:D133R:D134K:V135N:S136E:L137V:D139A:K140A:I142A:E143A:S144P,1.192823738,-0.4150455,-0.5623062513901246,-11.543270707130432,-14.044240880012511,-118.94854736328124,-112.35076904296876,-188.83356249332428,-1.0
S101M:T102S:D103A:S104A:P106T:M107T:F108T:E109I:Y110T:E111M:N112Q:L113N:E114N:D115Q:N116G:K118L:E119I:W120E:T121S:S122A:L123Y:F124R:D125A:N126A:D127P:I128T:P129E:V130M:T132S:D134V:V135N:S136C:L137A:A138E:D139A:K140E:A141L:I142Q:E143R:S144E,1.088452802,-0.47564995,-0.6213581451741826,-20.31970357894897,-21.20681321620941,-120.86236572265624,-112.92001953125,-197.4415153265,-1.0
S101M:T102S:D103A:S104A:P106T:M107T:F108T:E109P:Y110V:E111D:N112F:L113E:E114D:D115S:N116L:S117F:K118E:E119S:W120H:T121E:S122M:L123I:F124N:D125E:N126K:D127M:P129E:V130P:T131R:T132K:D133N:D134V:V135T:S136P:L137A:A138T:D139A:K140A:I142T:E143A:S144T,1.327741109,-0.4142959,-0.5770254440579127,-10.193220376968384,-11.106532788276672,-117.612060546875,-112.40349121093747,-193.6445268392563,-1.0
S101M:T102S:D103A:S104A:T105N:F108I:E109L:Y110T:E111G:N112D:L113S:E114F:D115E:N116S:S117A:K118D:E119V:W120F:T121N:L123A:F124S:D125A:N126T:D127S:I128D:P129R:V130T:T131L:T132G:D133S:D134Q:V135M:S136L:L137A:A138M:D139K:K140A:A141S:I142E:E143N,1.12253305,-0.4159788,-0.5218520520844917,-11.6033833026886,-12.938205766677855,-104.115478515625,-95.54024658203126,-178.49273335933685,-1.0
S101M:T102S:D103A:S104P:T105I:P106I:M107Y:F108N:E109D:Y110S:E111M:N112L:L113E:E114S:D115E:N116L:S117P:K118T:E119A:W120S:T121P:S122H:L123V:F124K:D125L:N126E:D127T:P129D:V130E:T131L:T132S:D133C:D134H:V135L:S136P:L137T:A138T:D139G:K140M:A141K:I142D:E143S,1.27362831,-0.4327351,-0.6732618121489936,-17.004985809326172,-19.028999352455138,-130.00634765625,-122.87222900390626,-204.78425300121307,-1.0
S101M:T102S:D103A:S104T:M107Q:F108S:E109V:Y110I:E111F:N112E:L113K:E114D:D115S:N116L:S117T:K118E:E119S:W120Q:T121V:S122V:L123K:F124H:N126A:D127A:I128E:P129L:V130E:T131L:T132I:D133A:D134A:V135L:S136P:L137Q:A138L:D139E:A141E:I142T:E143Q,1.186604483,-0.41364324,-0.5049089316371498,-14.979042410850523,-14.815318536758422,-106.89654541015624,-99.50799560546876,-186.18480503559115,-1.0
S101M:T102S:D103A:S104T:P106N:M107T:F108T:E109N:Y110R:E111A:N112S:L113G:E114T:D115N:N116P:S117L:K118I:E119L:W120C:T121G:S122D:L123S:F124M:D125F:N126E:D127S:I128S:P129D:V130M:T131F:T132S:D133H:D134P:V135Q:S136G:L137P:A138D:D139S:K140V:A141L:I142E:E143N:S144D,1.13173552,-0.45766115,-0.6228227717172209,-16.488362550735474,-17.758551669120788,-119.97454833984376,-112.27314453125,-206.4167224168777,-1.0
S101M:T102S:D103E:S104Y:T105Q:M107S:F108L:E109F:Y110A:E111L:L113P:E114M:D115G:N116F:K118P:E119L:W120D:T121G:L123K:F124P:D125T:D127E:I128N:P129M:V130S:T131A:T132S:D133T:D134S:V135A:S136T:L137K:A138P:D139V:K140V:A141G:I142Q:E143L:S144I,1.205089726,-0.23214775,-0.4517748958275412,-13.116844534873962,-15.12913475036621,-110.41009521484376,-101.883447265625,-192.5863032341004,-1.0
S101M:T102S:D103E:S104Y:T105Q:M107S:F108L:E109F:Y110A:E111L:L113P:E114M:D115G:N116F:K118P:E119L:W120D:T121G:L123K:F124S:D125T:D127E:I128N:P129V:V130S:T131A:T132S:D133T:D134S:V135T:S136A:L137K:A138P:D139M:K140V:A141G:I142Q:E143L:S144I,1.334180168,-0.17509389,-0.4329141637184441,-12.231478571891785,-14.028979396820068,-110.141357421875,-101.5814208984375,-190.835607290268,-1.0
S101M:T102S:D103E:S104Y:T105Q:M107S:F108L:E109F:Y110A:E111L:L113P:E114M:D115G:N116F:K118P:E119L:W120D:T121G:L123K:F124T:D125T:D127E:I128N:P129T:V130S:T132L:D133A:D134S:V135S:L137I:A138S:D139K:K140P:A141V:I142V:E143G:S144Q,1.292163757,-0.26662308,-0.4369248359653026,-10.455274224281313,-11.500622344017028,-101.169189453125,-93.546533203125,-181.11248803138733,-1.0
S101M:T102S:D103E:S104Y:T105Q:M107S:F108L:E109F:Y110A:E111L:L113P:E114V:D115S:N116F:K118P:E119L:W120G:T121G:L123K:F124P:D125T:D127E:I128N:P129T:V130S:T132S:D133T:D134S:V135T:S136A:L137R:A138P:D139V:K140V:A141G:I142Q:E143L:S144I,1.5007815290000002,-0.28835046,-0.4664325103216749,-13.202775835990906,-14.671020555496217,-107.80047607421876,-99.12999267578124,-186.40029668807983,-1.0
S101M:T102S:D103E:S104Y:T105Q:P106R:M107S:F108L:E109F:Y110A:E111L:L113P:E114M:D115G:N116F:K118P:E119L:W120D:T121G:L123K:F124P:D125T:D127E:I128S:P129T:V130S:T131A:T132S:D133T:D134T:V135T:S136A:L137K:A138P:D139V:K140V:A141G:I142Q:E143L:S144V,1.237394932,-0.30533427,-0.4957274304590192,-12.534467577934263,-14.592068195343018,-114.5811767578125,-105.84522705078123,-197.4721074104309,-1.0
S101M:T102S:D103I:S104T:T105D:P106N:M107I:F108D:E109S:E111D:N112E:L113D:E114K:D115V:N116E:S117L:K118V:E119P:T121N:S122A:D125E:N126A:D127T:I128S:P129N:V130E:T131S:T132D:D133S:D134F:V135D:S136K:L137D:A138L:D139E:K140T:A141P:I142T:E143T,0.955080028,-0.40189588,-0.416616256550962,-2.7180001735687256,-4.095556354522705,-93.58740234375,-83.67935791015626,-158.7302587032318,-1.0
S101M:T102S:D103I:S104Y:T105H:P106D:M107Y:F108K:E109R:Y110F:E111S:N112K:L113H:D115S:N116A:S117F:K118G:E119G:W120F:T121A:S122A:L123S:F124M:D125S:N126G:D127N:I128Q:P129M:V130P:T131F:T132S:D133P:D134M:V135L:S136T:L137P:A138K:D139H:K140E:I142V:E143G:S144E,1.237803519,-0.54175794,-0.6318420735966694,-22.40891993045807,-25.362123084068298,-123.06585693359376,-116.99223632812502,-204.23202252388,-1.0
S101M:T102S:D103K:S104M:T105F:P106S:M107P:F108V:E109I:Y110L:E111N:N112D:L113T:E114F:D115I:N116G:K118N:E119P:W120V:T121E:S122G:L123S:F124N:D125E:N126K:D127E:I128M:P129N:V130K:T131V:T132P:D133K:D134L:V135A:S136T:L137D:A138E:D139S:K140A:A141P:I142G:E143L,1.066260425,-0.47178495,-0.556906432019434,-14.115507006645204,-16.13293855190277,-119.08856201171876,-109.697216796875,-204.7662618160248,-1.0
S101M:T102S:D103L:S104T:T105E:P106I:M107T:F108P:E109N:E111K:N112S:L113A:E114T:D115K:N116S:K118I:E119D:T121N:S122P:D125L:N126D:D127N:I128D:P129E:V130D:T131F:T132D:D133E:D134E:V135D:S136V:L137D:A138E:D139V:K140S:A141S:I142T:E143T:S144A,1.302934967,-0.43976516,-0.5062553975929994,-8.75005829334259,-7.231882166862488,-91.28619384765624,-83.08795166015625,-161.19229912757874,-1.0
S101M:T102S:D103Q:S104Y:T105Q:P106S:M107L:E109T:Y110P:E111A:N112I:L113A:E114A:D115K:N116Q:S117P:K118V:E119S:W120P:T121M:S122E:L123T:F124P:D125S:N126I:D127S:I128N:P129S:V130T:T131S:D133T:D134S:V135S:L137G:A138E:D139L:K140I:A141F:I142D:E143K:S144F,1.316192967,-0.4257766,-0.5308650006603093,-14.458847999572754,-16.312389159202574,-113.86676025390624,-106.31376953125,-195.35050773620603,-1.0
S101M:T102S:D103S:T105H:P106I:M107P:F108Q:E109V:Y110S:E111Q:N112I:L113D:E114A:D115N:N116D:S117Y:K118S:E119F:W120P:T121F:S122T:L123D:D125S:N126L:I128L:P129F:V130D:T131L:T132P:D133T:D134Q:V135S:S136P:A138L:K140D:A141L:I142T:E143S:S144P,0.928323794,-0.43104488,-0.6084451912985155,-9.810092329978945,-9.999068212509156,-114.52587890625,-110.09440917968747,-185.09929895401,-1.0
S101M:T102S:D103T:S104I:T105N:P106N:M107N:F108I:E109H:Y110H:E111Q:N112Q:L113S:E114I:D115F:N116D:S117I:K118T:E119S:W120F:T121E:S122P:L123Q:F124M:D125S:N126M:D127E:I128F:P129M:V130P:T131S:T132A:D133S:D134T:V135T:S136A:L137E:A138Q:D139Q:K140E:I142V:E143N:S144Y,1.448474525,-0.47096682,-0.6138976290556883,-15.14367973804474,-18.294835114479064,-118.5706787109375,-111.015625,-200.2911915779113,-1.0
S101M:T102S:D103T:S104P:T105N:P106I:M107A:F108Q:E109D:Y110F:E111P:N112E:E114F:N116L:S117Q:K118S:E119N:W120R:T121F:S122G:L123D:F124D:D125L:N126S:D127S:I128P:P129E:V130S:T131N:T132M:D133L:D134S:V135P:S136Q:L137I:A138N:D139T:K140S:A141F:I142F:E143S:S144P,1.010127015,-0.39605612,-0.5017908713995775,-11.336434721946716,-11.752128767967225,-120.34979248046876,-115.3071044921875,-201.6861991882324,-1.0
S101M:T102S:D103T:S104P:T105N:P106I:M107A:F108Q:E109D:Y110M:E111P:N112D:L113F:E114F:D115G:N116L:S117P:K118S:E119N:W120D:T121F:S122G:L123D:F124D:D125F:N126E:D127L:I128S:P129T:V130E:T131P:D133M:D134L:V135S:S136P:L137N:A138Q:D139I:K140P:A141T:I142G:E143L:S144M,1.160085897,-0.4234305,-0.5899556115852981,-13.975715160369871,-15.077998685836793,-127.54425048828124,-119.07435302734372,-214.1208817958832,-1.0
S101M:T102S:D103T:S104P:T105N:P106I:M107P:F108H:E109Q:Y110E:E111F:N112F:L113D:E114F:D115T:N116E:S117G:K118F:E119G:W120E:T121D:S122F:L123T:F124D:D125P:N126T:D127M:I128L:P129S:V130P:T131H:T132L:D133V:D134P:V135T:S136G:L137I:A138M:D139A:K140S:A141K:I142D:E143S:S144L,1.239037422,-0.43071467,-0.6502838134765624,-18.636244297027588,-19.61146805286408,-138.8155517578125,-130.3638916015625,-219.90087151527405,-1.0
S101M:T102S:D103T:S104P:T105N:P106I:M107P:F108H:E109Q:Y110G:N112F:L113G:E114C:D115P:N116G:K118F:E119W:W120L:T121G:S122L:L123R:F124T:D125N:N126L:I128D:V130E:T131F:T132F:D134F:V135T:S136E:L137G:A138F:D139G:K140E:A141D:I142F:E143T:S144D,0.924509553,-0.5129424,-0.6082365640117606,-25.38064181804657,-23.739176797866826,-126.63226318359376,-120.3980712890625,-208.646644115448,-1.0
S101M:T102S:D103T:S104T:T105P:P106L:M107P:F108S:E109L:Y110F:E111D:N112I:L113T:E114S:D115L:N116D:S117P:K118Q:E119M:W120P:T121S:S122G:L123A:F124S:D125E:N126A:D127H:I128F:P129A:V130K:T131P:T132V:D133V:D134G:V135E:S136L:L137V:A138F:A141F:I142A:E143P:S144R,1.386310118,-0.43843037,-0.5201410042433553,-16.80757451057434,-16.321090126037596,-122.29937744140624,-117.44088134765624,-206.53717684745789,-1.0
S101M:T102S:D103T:S104Y:T105Q:P106S:M107Q:F108P:E109N:Y110L:E111F:N112P:L113K:E114A:D115I:N116S:K118S:E119S:W120T:T121N:S122A:L123T:F124A:D125A:N126S:D127S:I128G:P129A:V130D:T131S:T132I:D133L:D134S:V135M:S136D:A138K:D139I:K140N:A141M:I142N:E143P:S144D,1.236988371,-0.44879866,-0.5587858695576624,-13.411771178245544,-14.518623781204225,-125.924072265625,-119.165966796875,-200.9578268527985,-1.0
S101M:T102S:D103T:T105N:P106L:M107P:F108L:E109G:Y110M:E111V:N112S:E114S:D115A:N116S:S117A:K118V:E119R:W120L:T121V:S122A:L123N:F124Q:D125R:N126P:P129G:V130T:T131L:T132L:D134L:V135S:S136T:L137D:A138Q:D139Y:K140V:A141E:I142D:E143L:S144G,1.303329917,-0.5036492,-0.5331427414646351,-18.390604853630062,-18.98908030986786,-102.402099609375,-98.60051269531247,-195.92185401916504,-1.0
S101M:T102S:D103V:S104F:T105M:P106N:M107Q:F108N:E109I:Y110T:E111C:N112T:L113A:D115T:N116D:S117T:K118E:E119P:W120F:T121F:S122G:L123S:F124L:N126A:D127F:I128V:P129K:V130K:T131E:T132D:D134G:V135Q:S136V:L137P:A138M:K140L:A141L:I142V:E143H:S144H,1.166893575,-0.5152788,-0.6676407131860265,-17.771499276161194,-19.545263791084288,-128.20880126953125,-122.9147705078125,-190.9686472415924,-1.0
S101M:T102S:T131A:V135S,1.32804001,-0.07975727,-0.0596015360007506,-0.5260488986968994,-1.3166320085525514,-9.1524658203125,-8.70001220703125,-15.58545446395874,-0.9976993593421636
S101M:Y110C:I128S:P129L:I142A,1.427412049,-0.17867914,-0.1064786537686277,-3.0279018878936768,-3.152310490608216,-12.43658447265625,-11.65030517578125,-21.99455976486206,-0.9999923645354056
S101N:D103E:S104A:T105I:P106M:M107Y:F108D:Y110S:E111L:N112S:L113F:E114I:N116A:S117T:K118S:E119P:T121E:S122T:D125V:D127S:I128V:P129D:V130D:T131P:T132K:D134T:V135S:S136L:L137D:A138E:D139K:K140S:A141T:I142D:S144N,1.194719535,-0.38916618,-0.3923739504559609,-3.497645616531372,-6.117254829406738,-79.044921875,-70.22342529296874,-147.58827567100525,-1.0
S101N:D103K:S104L:T105D:P106D:M107T:F108D:E109S:Y110E:E111S:N112E:L113T:D115A:N116L:S117M:K118T:E119S:T121P:S122D:D125S:N126V:D127S:I128P:P129N:V130K:T131I:T132V:D133S:D134Y:V135D:S136F:L137A:A138E:K140I:A141D:I142N:S144T,1.380786716,-0.37934476,-0.4212329905228259,-4.93600070476532,-7.188616871833801,-98.41766357421876,-91.25791015625002,-161.60531949996948,-1.0
S101N:D103M:T105D:P106F:M107D:F108E:E109D:Y110T:E111A:N112I:L113E:E114V:N116T:S117T:K118L:E119I:T121K:S122N:N126A:D127E:I128D:P129S:V130S:T131L:T132S:D133Y:D134S:V135E:S136T:L137K:A138S:D139E:K140P:A141D:I142N:E143V:S144P,1.201664944,-0.38830477,-0.4977397986578348,-4.661062836647034,-6.122422909736633,-93.7215576171875,-87.7555419921875,-155.65469932556152,-1.0
S101N:D103M:Y110D:T132Q:S144A,1.47404333,-0.17103708,-0.0924825430764847,-2.0901873111724854,-2.1503581285476683,-3.95965576171875,-4.58265380859375,-18.763633251190186,-0.9999962224140604
S101N:D103P:S104M:T105F:P106A:M107F:F108E:E109A:Y110L:N112S:L113N:E114P:D115K:S117W:K118T:E119P:W120L:T121F:S122D:L123N:F124D:D125I:N126A:D127V:I128T:P129A:V130E:T131D:T132V:D133N:D134S:V135A:L137T:D139I:K140E:A141S:E143A:S144D,1.903690084,-0.38886762,-0.522818188650328,-13.187143683433533,-14.346087861061095,-108.74609375,-101.57613525390626,-187.72310948371887,-1.0
S101N:D103S:S104T:T105N:P106S:M107S:F108S:E109A:Y110T:E111S:N112K:L113N:E114T:D115A:N116P:S117L:K118E:E119K:T121D:N126D:D127E:I128E:P129D:V130D:T131Y:T132E:D133I:D134L:V135M:S136P:L137V:A138D:D139V:K140D:A141E:E143F:S144T,1.555882543,-0.38644332,-0.3678368945138734,-6.076558589935303,-5.9938791513443,-80.05743408203125,-71.78349609375,-153.23744010925293,-1.0
S101N:D103T:S104A:T105N:P106I:M107S:F108K:E109M:Y110S:E111T:L113E:E114V:N116S:S117E:K118P:E119L:T121S:S122K:N126D:D127A:I128S:P129I:V130D:T132V:D133S:D134F:V135P:S136E:L137T:A138D:D139E:K140D:A141E:I142Y:E143D:S144L,1.4167515869999998,-0.38252753,-0.4293405661803549,-9.51545000076294,-9.174847531318663,-88.9468994140625,-81.89090576171876,-157.10619831085205,-1.0
S101N:D103T:S104D:T105Y:P106D:M107N:F108I:Y110E:E111S:N112S:L113E:E114V:D115S:N116A:S117T:K118S:E119M:S122L:D125K:N126K:D127I:I128F:V130A:T131L:T132S:D134N:V135T:S136D:L137P:A138D:D139V:K140D:A141E:I142E:E143S:S144D,1.17663037,-0.45848936,-0.4583923774257674,-6.683728218078613,-8.120274543762207,-85.39093017578125,-78.3653564453125,-153.62341451644895,-1.0
S101N:D103T:S104I:T105D:P106D:M107S:F108D:E109Y:Y110E:N112A:L113D:E114L:D115S:N116P:S117M:K118S:S122L:N126E:I128E:P129D:V130S:T131N:T132S:D133F:D134K:V135T:L137N:D139V:K140V:A141K:I142T:E143I:S144P,1.490179089,-0.3846919,-0.4180928294768962,-4.29957389831543,-6.398914408683777,-88.58685302734375,-82.85338134765625,-137.22574830055237,-1.0
S101N:D103Y:S104D:T105K:P106E:M107D:F108L:E109P:Y110S:E111F:N112E:L113E:E114S:D115E:N116T:S117D:K118P:E119V:T121S:N126A:D127E:I128L:P129T:V130D:T131I:T132M:D133S:D134N:V135S:S136D:L137T:D139T:K140N:A141V:I142K:E143I:S144D,1.293133793,-0.39944834,-0.4426572534961633,-5.15989887714386,-6.004243111610412,-90.0081787109375,-82.822509765625,-151.4156620502472,-1.0
S101N:M107G:N116P:S122Q:T131F,1.199589179,-0.1980871,-0.1564651434956072,-1.418720841407776,-2.0383407354354857,-17.821044921875,-18.34891357421875,-25.354473114013672,-0.9999999943076614
S101N:M107P:D125V:T132H,1.6271871569999998,-0.22635153,-0.1417959084290203,-4.017226219177246,-3.960088086128235,-15.01776123046875,-14.523974609375,-21.72904586791992,-0.9999993452036396
S101N:N112D:E119A:N126A:V130G:I142G,1.1871326,-0.19756752,-0.0927668669894073,-4.582453489303589,-4.128325057029724,-9.2991943359375,-7.785510253906249,-27.999694347381592,-0.9999997095233308
S101N:P106H:E111W:N112A:P129W:S144D,0.993566122,-0.40384066,-0.2357989002377113,-8.859852313995361,-9.633748412132263,-22.59759521484375,-21.7434814453125,-37.62210273742676,-0.9999999999593672
S101N:P129Q:S136L:K140R:I142V:S144P,1.413904518,-0.12449446,-0.0869122162408252,-2.664808511734009,-3.415045213699341,-10.10552978515625,-10.349548339843752,-25.820393085479736,-0.996932867140833
S101N:S104E:T105D:P106L:M107E:F108D:E109D:Y110E:E111D:N112E:L113Y:E114D:D115A:N116P:S117M:K118S:E119I:T121S:D125V:N126D:D127K:I128T:P129N:V130F:T131I:T132P:D133V:D134T:V135T:S136T:A138S:D139S:K140N:A141S:I142E:E143K:S144A,1.3410235659999998,-0.4212082,-0.3950661764450345,-4.102857947349548,-4.195461440086365,-80.73126220703125,-72.5909912109375,-155.7224667072296,-1.0
S101N:S104L:S117W:T131G:V135L:S136H,0.973460867,-0.26441756,-0.1692479360994495,-3.74966025352478,-5.554247641563416,-19.524169921875,-17.85201416015625,-31.84727191925049,-0.9999980042139688
S101N:S104N:T105K:P106V:M107P:F108E:E109D:Y110T:E111D:N112D:L113P:E114M:D115A:N116S:S117K:K118T:E119S:T121I:D125S:N126S:D127T:I128E:P129F:V130D:T131L:T132E:D133E:D134L:V135D:S136D:L137Y:A138N:D139A:K140V:A141I:I142S:S144T,1.056072933,-0.3825224,-0.4128093787359598,-7.8044352531433105,-8.726357674598693,-77.8271484375,-69.259326171875,-152.2775959968567,-1.0
S101N:T102A:D103E:S104I:T105S:M107L:F108S:E109P:Y110E:E111F:N112T:L113D:E114K:D115T:N116Y:S117E:K118N:E119T:T121D:S122A:D125V:N126D:D127S:I128E:P129T:V130K:T131E:T132S:D133M:D134I:V135D:S136D:L137T:A138N:K140V:A141S:I142D:E143S:S144L,1.503254258,-0.35332674,-0.3323311042106873,-6.047312617301941,-6.9955267906188965,-74.42950439453125,-63.36998291015625,-159.56663537025452,-1.0
S101N:T102A:D103E:S104N:T105E:P106D:M107S:F108D:E109T:Y110N:E111S:N112S:L113E:E114K:D115M:N116T:K118E:E119F:T121A:D125I:N126S:D127V:I128D:P129L:V130T:T131I:T132Y:D133P:V135P:S136E:L137D:A138L:D139K:K140V:A141D:I142D:E143T:S144T,1.259387794,-0.39790517,-0.4051468601430439,-4.517116189002991,-5.184463405609131,-85.85198974609375,-77.07303466796876,-157.71538519859314,-1.0
S101N:T102A:D103E:S104Y:T105N:P106E:M107S:F108M:E109S:Y110T:E111L:N112P:L113D:E114N:D115T:N116E:S117V:K118T:E119S:T121V:S122D:D125T:N126D:I128L:P129S:V130S:T131I:T132I:D133E:D134K:V135D:S136A:L137D:A138S:D139K:K140E:A141D:I142T:E143P:S144F,0.960375963,-0.37909114,-0.4028836722051546,-4.903912663459778,-6.541981339454651,-90.78515625,-82.92960205078126,-160.1555507183075,-1.0
S101N:T102A:D103N:S104I:T105S:P106S:M107S:F108D:E109D:Y110V:E111D:N112D:L113D:D115E:N116I:S117E:K118N:E119L:T121D:S122D:D125P:N126T:D127Y:I128E:P129M:V130K:T131F:T132A:D133K:D134S:V135L:L137T:A138P:D139E:K140S:A141T:I142T:E143T:S144V,1.411231875,-0.4334203,-0.4472816440134286,2.8832889795303345,0.982216739654541,-91.8128662109375,-78.87546386718752,-158.78923344612122,-1.0
S101N:T102D:D103E:S104T:T105I:P106S:M107A:F108P:E109T:Y110T:E111N:N112A:L113S:E114S:D115S:N116A:K118S:E119P:W120E:T121L:S122C:L123G:F124G:D125A:N126A:D127S:I128T:P129I:V130A:T132S:D133V:D134T:V135S:S136G:L137K:A138R:D139K:K140F:A141S:I142E:E143V:S144E,1.059505584,-0.402861,-0.461239309073343,-12.88327145576477,-13.857713794708252,-111.29425048828124,-103.4438720703125,-194.96023201942444,-1.0
S101N:T102D:D103I:S104D:P106V:M107A:F108P:E109D:Y110S:E111N:N112S:L113S:E114V:D115E:N116L:S117A:K118Y:T121D:S122N:D125E:N126I:D127M:I128T:P129T:V130S:T132D:D133S:D134F:V135S:S136D:L137K:A138L:D139T:K140P:A141K:I142E:E143D:S144E,1.073428201,-0.38287252,-0.470628134296458,1.8516403436660769,-0.4373219013214111,-93.97698974609376,-85.7928955078125,-156.0667700767517,-1.0
S101N:T102D:D103I:S104K:T105V:P106T:M107L:F108V:E109D:Y110F:E111D:N112A:L113E:E114A:D115S:N116T:S117D:K118S:E119K:T121N:D125Y:N126P:D127L:I128E:V130D:T131E:T132E:D134I:V135M:S136E:L137S:A138D:D139S:K140S:A141N:I142T:E143T:S144T,1.6833349080000002,-0.44585377,-0.4570497668934886,-4.485103130340576,-6.216553926467896,-85.6038818359375,-77.836962890625,-156.41797971725464,-1.0
S101N:T102D:D103P:S104T:T105L:P106E:M107D:F108T:E109A:Y110N:E111Y:N112I:L113D:E114M:D115T:N116E:S117A:K118D:E119S:T121E:S122D:D125F:N126V:D127K:I128D:P129S:V130S:T131D:D133T:D134I:V135N:S136P:L137V:A138E:D139S:K140L:A141E:I142S:E143K,1.202199435,-0.36517048,-0.4954674337258119,-4.255605459213257,-5.828082799911499,-103.37237548828124,-95.48482666015626,-167.3222634792328,-1.0
S101N:T102D:D103S:S104L:T105E:P106D:M107E:F108D:E109T:Y110D:L113S:E114A:D115Y:N116E:S117L:K118F:E119S:T121K:S122V:D125S:N126I:D127A:I128T:V130D:T131M:T132K:D133V:D134S:V135D:S136T:L137I:A138N:D139T:K140S:A141D:I142P:S144T,1.7489326369999998,-0.4332685,-0.4822201440342805,-3.7358860969543457,-6.026974439620972,-99.214599609375,-94.23525390625,-159.531268119812,-1.0
S101N:T102D:D103V:S104E:P106T:M107E:F108M:E109K:Y110S:E111P:N112E:L113S:E114S:D115T:S117L:K118Y:T121I:S122N:N126S:D127A:I128P:P129V:V130D:T131I:T132A:D133F:D134T:V135S:S136E:L137S:A138T:A141D:I142L:E143D:S144D,1.208278105,-0.39270037,-0.4159920037429104,-9.017379641532898,-10.045972418785096,-88.1962890625,-81.95944824218749,-149.23221135139465,-1.0
S101N:T102D:S104E:T105K:P106S:M107T:F108A:Y110S:E111T:N112P:L113E:E114L:D115N:N116Y:S117V:K118N:E119D:T121A:D125L:N126I:I128K:P129T:V130I:T131D:T132E:D133T:D134F:V135P:S136V:L137S:A138D:D139M:K140S:A141S:I142E:E143T:S144D,1.573951135,-0.4038626,-0.4319232112572286,0.802140474319458,-1.074044394493103,-84.245849609375,-77.25147705078126,-152.71605443954468,-1.0
S101N:T102D:T105K:P106D:M107T:F108D:Y110P:E111M:N112T:L113N:E114L:D115T:N116D:K118N:E119T:T121D:S122I:D125S:N126T:D127L:I128P:P129D:V130Y:T131V:T132S:D133E:D134V:V135I:S136E:L137A:A138S:D139A:K140E:A141F:I142S:E143K:S144E,1.187616581,-0.42727137,-0.4276958207642906,-4.406800627708435,-6.107605743408203,-85.45538330078125,-80.07037353515625,-158.50203323364258,-1.0
S101N:T102E:D103I:S104E:P106N:M107A:F108E:E109F:Y110I:E111S:N112S:L113D:E114V:D115Y:N116P:S117A:K118V:E119D:T121L:D125T:N126T:I128E:P129S:V130L:T131M:T132P:D133K:V135S:S136D:L137T:A138T:D139S:K140E:A141K:I142D:E143D:S144N,1.116212949,-0.37054253,-0.469480792822787,-2.851248860359192,-5.868693375587464,-80.0916748046875,-75.88851318359374,-149.83352255821228,-1.0
S101N:T102E:D103K:S104K:T105E:P106I:M107P:F108D:E109F:Y110D:E111I:N112L:L113S:E114S:D115E:S117D:K118D:E119S:T121D:S122T:D125M:N126V:D127Y:I128P:P129D:D133N:V135S:A138E:D139A:K140S:A141E:I142A:E143T:S144T,1.066121722,-0.35894728,-0.4457791691573065,-8.689892053604126,-9.796282362937928,-89.341552734375,-84.47430419921875,-154.45581936836243,-1.0
S101N:T102E:D103N:S104D:T105S:P106F:M107S:F108T:Y110T:E111Y:N112T:L113A:E114L:D115L:N116P:S117E:K118I:E119V:S122D:N126T:D127N:I128V:P129I:V130S:T131S:T132D:D133E:D134K:V135A:S136D:L137P:A138D:D139K:K140M:A141S:I142D,1.000681705,-0.36404437,-0.4375686917016516,-3.903032779693604,-5.7763043403625485,-84.57647705078125,-78.63813476562501,-150.81353735923767,-1.0
S101N:T102E:D103S:S104I:T105L:P106D:M107S:F108E:E109D:Y110D:E111D:N112D:L113E:E114D:D115V:N116S:S117I:K118T:E119T:S122N:D125A:N126M:D127S:I128L:V130P:T131F:D133T:D134S:V135K:S136A:L137K:A138V:D139Y:K140E:A141E:I142D:E143S:S144N,2.8916449230000003,-0.40656865,-0.4496759163527302,0.9082688093185424,-1.810525941848755,-84.367431640625,-76.420703125,-153.2270121574402,-1.0
S101N:T102E:D103T:S104D:T105S:P106S:M107P:F108D:E109S:Y110K:E111T:N112T:L113S:E114V:D115I:N116L:K118I:T121Y:S122E:D125L:N126D:D127M:I128T:P129N:T132D:D133S:D134N:V135F:S136A:L137E:A138D:D139A:A141D:I142D:E143P:S144E,1.53929611,-0.468359,-0.4600155107491381,-0.24319589138031,-2.696314549446106,-89.45465087890625,-81.013427734375,-151.76402759552002,-1.0
S101N:T102E:D103T:S104Y:T105S:P106M:M107D:F108E:E109P:Y110A:E111N:L113S:E114D:D115L:N116S:S117E:K118F:E119T:T121D:S122T:N126D:D127L:I128T:P129S:V130D:T131P:T132I:D133K:D134E:V135A:S136D:L137K:A138S:D139V:K140V:A141E:E143S:S144T,0.945854016,-0.35408956,-0.4044084650765959,-2.890348792076111,-2.222190618515014,-81.37677001953125,-74.27779541015624,-157.49923014640808,-1.0
S101N:T102E:S104V:T105K:P106I:M107S:F108Y:E109P:Y110N:E111S:N112S:L113F:E114A:D115L:N116P:S117I:K118S:E119T:S122T:D125A:N126T:D127N:I128D:P129V:V130T:T131L:T132D:D133E:V135D:S136E:L137D:A138E:D139E:K140S:A141D:I142S:E143K:S144M,1.348783946,-0.40472478,-0.389495360893711,-6.597596287727356,-8.571593689918519,-79.9705810546875,-72.55347900390625,-160.76154160499573,-1.0
S101N:T102F:D103T:S104D:T105N:P106S:M107K:F108T:E109S:Y110A:E111L:N112K:L113S:E114T:D115T:N116S:S117D:K118P:E119S:T121A:S122L:D125V:D127P:I128T:P129I:V130D:T131E:T132I:D133E:D134M:V135D:S136D:L137V:A138E:D139E:K140D:A141E:I142D:E143Y,1.35833334,-0.42262387,-0.4638517658057163,-7.30674135684967,-8.278302812576294,-94.07049560546876,-86.94669189453126,-166.93680596351624,-1.0
S101N:T102F:S104M:P106V:M107D:F108I:E109S:Y110E:E111T:N112L:L113S:E114A:D115N:S117E:K118D:E119S:S122K:N126T:D127Y:I128P:P129V:V130E:T131D:T132E:D133S:D134S:V135K:S136D:L137I:A138E:D139A:K140D:A141P:I142L:E143S:S144T,1.245059381,-0.39199317,-0.4032679113204794,-5.021403670310974,-7.249780392646789,-76.26416015625,-68.62430419921876,-146.89222717285156,-1.0
S101N:T102I:D103E:S104E:T105L:P106D:M107S:F108D:E109S:Y110E:E111D:N112D:L113T:E114D:N116D:S117A:K118T:E119I:S122N:D125Y:D127P:I128T:P129V:V130M:T131S:T132K:D133T:D134L:V135S:S136F:L137E:D139E:K140V:A141P:I142S:E143S:S144K,1.276246086,-0.43296725,-0.4535810803179215,2.021963715553284,-0.6107017755508422,-86.92498779296875,-79.88795166015625,-149.0147409439087,-1.0
S101N:T102I:D103P:S104E:T105S:P106D:M107S:F108T:E109V:Y110T:E111L:N112P:L113E:E114T:D115K:N116K:S117N:K118L:E119D:T121E:S122T:D125A:N126D:D127I:I128T:P129D:V130A:T131D:T132D:D133V:D134N:V135E:S136D:L137S:A138M:D139E:K140S:A141Y:I142S:E143F,1.118691381,-0.38296145,-0.5273586829786199,-5.8307740688323975,-5.720994520187378,-104.49859619140624,-94.86163330078124,-166.7378568649292,-1.0
S101N:T102I:D103T:S104K:T105S:P106I:M107T:F108E:E109Y:Y110T:E111P:N112L:L113S:E114V:D115K:S117N:K118S:E119P:S122D:D125A:N126S:D127A:I128D:P129D:V130L:T131D:T132E:D134F:V135E:S136D:L137D:A138E:D139E:K140V:A141M:I142S:E143T,1.276817465,-0.40824813,-0.4775032776530528,-13.409507989883425,-11.816679787635804,-92.9010009765625,-84.66171875,-160.1434361934662,-1.0
S101N:T102K:D103A:S104P:T105A:P106I:M107K:F108Q:N112A:E114P:D115L:S117A:K118Q:E119I:W120V:T121N:S122P:L123E:F124L:D125T:N126P:D127S:I128V:P129G:V130T:T131I:T132S:D133P:D134L:V135E:S136I:L137H:A138T:D139S:K140V:A141L:I142D:E143S:S144V,1.280104044,-0.41863543,-0.4901167031284753,-14.1785649061203,-14.240423464775086,-111.703369140625,-105.4806396484375,-186.4230328798294,-1.0
S101N:T102K:D103K:S104D:T105Q:P106H:M107G:F108L:E109T:Y110A:E111Y:L113R:E114K:D115P:N116R:S117Q:K118A:E119P:W120L:T121S:S122P:L123I:F124V:D125V:N126E:D127E:I128G:P129A:V130D:T131S:T132V:D133A:D134V:V135K:S136R:L137A:A138R:D139N:K140T:A141E:I142A:E143A:S144R,1.266327047,-0.5871109,-0.6186049383305996,-29.617719054222107,-30.411833214759827,-119.5191650390625,-110.82674560546874,-208.06237626075745,-1.0
S101N:T102K:D103N:S104T:T105M:P106D:M107E:F108A:E109D:Y110D:E111T:N112V:L113K:E114A:N116S:K118E:E119L:T121S:N126P:D127S:I128T:P129T:V130I:T131E:T132E:D133N:D134F:V135L:S136D:L137T:A138S:D139Y:K140V:A141D:I142P:S144I,1.009504346,-0.37137288,-0.4118066427970696,-3.2390658855438232,-4.603032493591309,-81.5323486328125,-72.90625,-147.09566283226013,-1.0
S101N:T102K:D103S:S104A:T105E:P106M:M107E:F108D:E109F:Y110E:E111D:N112D:L113E:E114D:D115S:N116T:S117P:K118D:E119N:T121V:S122T:D125E:N126L:D127K:I128S:P129D:V130D:T131S:T132P:D133L:D134Y:V135T:S136T:L137I:A138S:D139S:K140I:A141T:I142N:E143V:S144A,1.575535292,-0.4013675,-0.4686051229565169,-8.174467206001282,-8.543592286109924,-91.88555908203124,-83.63447265625,-172.16524004936218,-1.0
S101N:T102K:D103V:T105A:P106F:M107A:F108N:E109T:Y110L:E111S:N112E:L113S:E114N:D115I:N116E:S117D:K118E:E119T:T121S:N126D:I128D:P129T:V130D:T131E:T132P:D133L:D134E:V135M:S136D:L137I:A138K:D139T:K140Y:A141S:I142V:E143T:S144P,1.704239144,-0.39295602,-0.3829454849623276,-4.604669809341431,-4.377931070327759,-68.37603759765625,-63.16872558593749,-150.2244610786438,-1.0
S101N:T102L:D103E:S104T:T105M:P106V:M107F:F108S:E109D:Y110A:E111A:N112P:L113E:E114T:D115S:N116T:S117V:K118T:E119D:T121S:S122D:D125P:N126I:D127E:I128E:P129K:V130D:T131D:T132I:D133K:D134L:V135S:S136D:L137N:A138S:D139S:K140E:A141T:I142Y:E143N:S144D,1.4651139380000002,-0.3845327,-0.4251249048633508,-5.537681698799133,-8.132702374458313,-90.77984619140624,-79.99837646484374,-172.08722186088562,-1.0
S101N:T102L:D103G:S104L:T105P:P106E:F108Q:E109K:Y110A:E111S:N112E:L113T:E114V:D115S:N116T:S117P:K118F:E119Q:W120I:T121H:L123S:F124V:D125L:N126E:D127S:I128G:P129F:V130S:T132N:D133L:V135G:S136V:L137N:A138D:D139I:K140D:A141H:I142T:E143P:S144M,1.234697749,-0.41010803,-0.5605762522415759,-18.03322803974152,-19.20662443637848,-110.156982421875,-103.92010498046876,-194.7919852733612,-1.0
S101N:T102M:D103L:S104E:T105D:P106A:M107D:F108S:E109S:Y110F:N112D:E114K:D115Y:N116A:S117N:K118E:E119V:T121D:S122E:D125T:N126D:D127T:I128S:P129D:V130S:T132N:D133T:D134I:V135I:S136K:L137E:A138P:K140S:A141T:I142S:E143P:S144V,0.644308344,-0.36936873,-0.4047270533877336,-0.3942828178405761,-0.8460342645645141,-79.7540283203125,-72.54096679687501,-154.04116654396057,-1.0
S101N:T102N:D103E:S104L:T105D:P106S:M107A:F108V:E109V:Y110D:E111A:N112F:L113F:E114S:D115S:N116T:K118D:E119S:W120T:T121P:S122M:L123F:F124E:D125F:N126E:D127S:I128L:P129D:V130G:T132N:D133N:V135N:S136D:L137P:A138K:D139Q:K140W:A141T:I142S:E143L:S144F,0.913386691,-0.36026812,-0.4522189754608262,-13.326825737953186,-14.685191750526428,-103.12939453125,-97.07003173828124,-195.3238608837128,-1.0
S101N:T102N:D103E:T105S:P106T:M107D:F108D:E109T:Y110N:E111P:N112P:L113K:E114T:N116I:S117E:K118L:E119T:T121E:D125S:N126A:I128V:P129D:V130A:T131D:T132E:D133L:D134I:V135D:S136Y:L137S:A138K:D139T:K140V:A141M:I142S:E143F:S144E,0.8251439290000001,-0.40008634,-0.4386462011371219,-2.128076195716858,-3.5374738931655885,-84.5703125,-77.60500488281251,-150.54104590415955,-1.0
S101N:T102N:D103F:S104D:T105S:P106D:M107E:F108S:E109S:Y110K:E111D:N112M:L113K:E114V:D115N:N116T:S117V:K118Y:E119T:T121P:S122E:D125L:N126D:D127S:I128D:P129I:V130P:T131A:D133I:D134S:V135E:L137T:A138E:D139T:K140A:A141D:I142D:E143L:S144E,1.435552813,-0.39441603,-0.4424538934782307,-8.112817406654358,-9.209216499328614,-89.88714599609375,-81.80672607421874,-168.68127131462097,-1.0
S101N:T102N:D103L:S104P:T105I:P106M:M107D:F108T:Y110E:E111Y:N112D:L113E:E114N:D115V:N116T:S117V:K118D:E119T:T121A:S122P:D125L:N126D:D127S:I128D:P129K:V130K:T131S:T132D:D133T:D134A:V135T:S136I:L137E:A138D:D139S:K140S:A141S:I142S:E143F:S144E,1.260865314,-0.39525115,-0.4354687347955127,-6.904216527938843,-6.642144298553466,-89.33087158203125,-80.29653320312501,-164.15331435203552,-1.0
S101N:T102N:D103N:S104D:T105E:M107I:F108D:E109P:Y110S:N112E:L113A:E114I:D115V:N116T:S117D:K118E:E119A:S122F:D125V:N126T:D127K:I128L:P129D:V130L:T131D:T132S:D134S:V135S:S136D:L137S:A138Y:D139S:K140T:A141E:I142T:E143K:S144M,1.203637538,-0.39423418,-0.4282133706523855,-7.341246128082275,-8.939126563072204,-80.64459228515625,-78.19390869140625,-153.29282975196838,-1.0
S101N:T102N:D103N:S104D:T105S:P106Y:M107E:F108D:E109I:Y110L:N112E:L113D:E114V:N116D:S117A:K118S:E119V:T121K:S122P:D125T:N126E:D127T:I128P:P129T:V130S:T131I:T132A:D133T:D134S:V135M:S136K:L137E:A138L:D139S:K140D:A141D:I142S:E143F:S144T,1.396298134,-0.36785412,-0.4572310804048043,-10.368326544761658,-9.542002296447754,-84.6966552734375,-77.66545410156249,-158.66678404808044,-1.0
S101N:T102N:D103W:S104V:T105S:P106L:M107F:F108A:E109D:Y110E:E111T:N112T:E114A:D115T:N116T:S117P:K118A:E119V:W120S:T121R:S122A:L123P:F124A:D125A:N126S:D127A:I128S:T131V:T132P:D133S:D134L:V135K:S136T:L137T:A138S:D139G:K140D:A141E:I142Q:E143Q:S144L,1.101024083,-0.42338842,-0.4875712547438001,-14.474457502365112,-16.70348505973816,-100.89996337890624,-92.65137939453123,-192.95295214653007,-1.0
S101N:T102N:S104L:T105Q:P106K:M107T:F108S:E109P:Y110F:E111N:N112I:L113H:E114S:D115S:N116V:S117L:K118D:E119S:W120V:T121F:L123S:F124T:D125M:N126D:D127E:I128N:P129D:V130Q:T131L:T132Q:D134H:V135T:S136P:L137M:A138F:K140E:A141L:I142D:E143V:S144I,1.378032645,-0.38849914,-0.4979293117319562,-13.308686137199402,-13.38875846862793,-112.61004638671876,-106.5288818359375,-193.6280353069305,-1.0
S101N:T102P:D103M:T105F:P106N:M107V:F108L:E109S:Y110A:E111S:N112T:L113S:E114N:D115K:N116Y:S117K:K118A:E119T:T121D:S122T:D125S:N126T:P129V:V130E:T131L:T132P:D133T:D134E:V135D:S136E:L137E:A138D:D139E:K140D:A141D:E143D,1.2624147140000002,-0.442846,-0.4578440927525856,-5.19160521030426,-6.648934412002563,-82.5843505859375,-77.78492431640626,-149.64180731773376,-1.0
S101N:T102P:D103S:S104Y:T105L:P106N:M107K:F108T:E109T:Y110I:E111M:N112S:L113S:E114V:D115N:N116I:S117A:K118T:E119K:T121S:S122T:D125T:N126D:D127S:I128E:P129D:V130E:T131D:T132E:D134L:V135S:S136A:L137P:A138V:K140D:A141E:I142D:S144F,0.956753394,-0.45371467,-0.4585111896338413,-5.046939373016357,-7.070396542549133,-89.20782470703125,-81.79715576171876,-162.3269400596619,-1.0
S101N:T102P:D103T:S104I:T105D:P106A:M107D:F108S:Y110M:E111I:N112K:L113S:E114A:D115V:N116S:S117F:K118L:E119S:T121N:S122T:D125V:N126S:D127K:I128E:P129D:V130D:T131E:T132N:D134E:V135T:S136T:A138Y:D139T:K140S:A141P:I142D:S144D,1.226787085,-0.43795782,-0.47910979464385,-6.731870651245117,-7.518766927719116,-98.77154541015624,-89.89500732421874,-162.16342306137085,-1.0
S101N:T102Q:D103R:S104P:T105D:P106I:M107G:F108T:E109L:Y110L:E111D:N112L:L113S:E114T:N116Q:S117Y:K118V:W120D:T121L:S122G:L123S:F124S:D125S:N126H:D127G:I128S:P129L:V130L:T131D:T132Q:D134Q:V135L:S136D:L137Q:A138L:D139I:K140N:A141F:I142N:E143S:S144V,1.043668069,-0.44007486,-0.570974058103731,-20.698901295661926,-21.42898383140564,-125.56817626953124,-118.43531494140623,-210.53188109397888,-1.0
S101N:T102S:D103A:T105P:P106A:M107P:F108S:E109P:Y110A:E111P:N112S:L113K:E114S:D115G:N116V:S117K:K118H:E119S:W120T:T121V:S122A:L123G:F124V:D125N:N126A:D127R:I128Q:P129R:V130K:T131P:T132L:D133P:D134P:V135I:S136K:L137V:A138D:D139P:K140S:A141D:I142P:E143V:S144A,1.355530465,-0.4339258,-0.5398434133292094,-16.745957016944885,-18.220052313804626,-117.2735595703125,-110.13809814453126,-198.6142247915268,-1.0
S101N:T102S:D103E:S104D:T105A:P106N:M107P:F108V:E109S:Y110D:E111T:N112L:L113T:D115N:N116D:S117E:K118S:E119D:T121V:S122F:D125E:N126D:I128D:V130T:T131S:T132K:D133M:D134I:V135I:S136L:L137K:D139T:K140S:A141Y:I142S:E143T:S144E,1.391826011,-0.43967444,-0.4019675475422598,-1.6973849534988403,-2.195672369003296,-74.60260009765625,-67.88814697265624,-148.07186245918274,-1.0
S101N:T102S:D103E:S104L:T105E:P106S:M107S:F108S:Y110K:E111A:N112P:L113D:E114N:N116D:S117F:K118T:E119S:T121D:S122T:D125I:N126E:D127M:I128P:P129I:V130D:T132K:D133V:D134T:V135E:A138T:K140A:A141D:I142Y:E143N:S144V,1.2437393840000002,-0.37609875,-0.4314899376702903,-7.132424592971802,-9.542092633247377,-93.7996826171875,-87.83258056640625,-155.09665322303772,-1.0
S101N:T102S:D103F:S104L:T105P:P106T:M107P:F108V:E109L:Y110E:E111D:N112A:L113K:E114I:D115P:N116T:K118G:E119K:W120K:L123A:F124A:D125G:N126A:D127V:I128Q:P129K:V130P:T131A:T132A:D133K:D134V:V135D:S136H:A138G:D139V:K140V:A141S:I142Y:E143N:S144R,1.093526255,-0.43398792,-0.5334134356407085,-22.981184005737305,-25.440772557258605,-117.720703125,-111.37663574218752,-197.2374587059021,-1.0
S101N:T102S:D103K:S104D:T105P:P106E:M107A:F108I:E109Y:Y110D:N112D:L113D:E114S:D115L:N116E:S117T:K118D:E119D:S122I:D125S:N126T:D127V:I128S:P129V:V130F:T131N:D133L:D134K:V135E:S136T:L137M:A138D:D139E:K140S:A141S:I142N:E143A:S144P,1.822049041,-0.42181885,-0.4170438284551546,-8.168453812599182,-8.923217344284058,-85.114990234375,-79.81872558593749,-160.80555844306946,-1.0
S101N:T102S:D103M:S104A:T105V:P106F:M107S:F108I:E109L:Y110N:E111K:E114Y:D115P:N116S:S117T:K118P:E119S:S122E:D125A:N126T:D127T:I128K:P129D:V130D:T131I:T132D:D133E:D134V:V135D:S136D:L137T:A138S:K140S:A141D:I142E:S144E,1.307409445,-0.50267625,-0.4349010644009954,-9.586515545845032,-10.665648007392884,-85.30401611328125,-78.89122314453125,-154.36063051223755,-1.0
S101N:T102S:D103M:S104K:T105D:P106F:M107T:F108P:E109V:Y110N:E111V:N112A:E114I:D115S:N116S:S117L:E119T:T121S:D125S:N126D:D127I:I128P:P129A:V130D:T131D:T132E:D133E:D134T:V135E:S136D:L137D:A138D:D139E:K140T:A141N:I142Y:E143T:S144E,1.202479535,-0.46517128,-0.4419603992611488,-9.436810851097109,-9.86533327102661,-83.46160888671875,-75.7427490234375,-162.5201392173767,-1.0
S101N:T102S:D103P:S104M:T105F:P106E:M107S:F108P:Y110S:N112D:L113P:E114N:D115N:N116W:S117V:K118S:E119L:W120F:T121A:S122D:L123E:F124T:D125T:N126L:D127A:I128T:P129T:V130P:T131A:T132V:D133S:D134R:V135A:S136P:L137A:D139S:K140A:A141S:I142P:E143V:S144V,1.201335789,-0.3408671,-0.5249300919393628,-7.41168737411499,-6.503782820701599,-121.0137939453125,-113.75162353515626,-194.1660482883453,-1.0
S101N:T102S:D103P:S104T:T105Y:P106D:M107D:F108E:Y110E:E111S:N112D:L113E:N116A:K118M:E119D:T121L:S122T:D125T:N126P:D127L:I128N:P129A:V130I:T131V:T132F:D133S:D134I:V135S:S136D:L137S:A138V:A141T:I142T:E143N:S144K,1.594193411,-0.43194133,-0.476453136294762,-0.4183189868927002,-2.4187085151672365,-89.65283203125,-80.84217529296876,-143.84065866470337,-1.0
S101N:T102S:D103R:T105S:P106T:M107R:F108P:E109S:Y110S:E111I:N112S:L113G:E114V:D115K:N116P:S117R:K118N:E119R:W120D:T121K:S122P:F124P:D125P:N126I:D127V:I128Y:P129D:V130T:T131S:T132D:D133P:D134V:V135A:S136A:L137K:A138R:D139A:K140R:A141N:I142T:S144A,1.171584292,-0.59123254,-0.5981779268203682,-23.748735904693604,-24.60764138698578,-114.59906005859376,-104.8201904296875,-197.6823072433472,-1.0
S101N:T102S:D103S:S104P:T105V:P106I:M107E:F108D:E109Y:Y110P:E111A:N112D:L113D:N116E:S117D:K118D:E119S:T121L:S122T:D125N:N126V:D127M:I128T:P129E:V130S:T132F:D133K:V135S:S136K:L137I:D139L:K140N:A141S:I142E:E143T:S144T,1.326811327,-0.3870144,-0.4367433595487656,-3.6906658411026,-5.362081861495971,-90.11138916015624,-84.09483642578125,-150.9640417098999,-1.0
S101N:T102S:D103S:S104P:T105V:P106T:M107N:E109D:Y110D:E111I:N112V:L113E:E114S:D115M:N116T:S117D:K118I:T121S:S122D:N126T:D127S:I128L:P129L:V130A:T131D:T132P:D133S:D134K:V135T:S136E:L137E:A138D:D139K:K140Y:I142E:E143N:S144T,0.958419784,-0.35234195,-0.3915714793357986,-0.3437889814376831,-3.2769935607910154,-90.02325439453125,-83.463671875,-151.5232675075531,-1.0
S101N:T102S:D103T:S104D:T105E:P106S:M107Y:F108L:E109P:Y110D:E111L:N112K:L113F:E114T:D115M:N116A:S117I:K118P:E119T:T121S:S122N:D125K:N126S:D127V:I128S:P129D:V130E:T131S:T132D:D133V:V135E:S136D:L137E:A138E:D139T:K140D:A141N:I142A:E143T:S144I,1.253597129,-0.4222312,-0.3801176675273855,-3.4944770336151123,-4.397102999687195,-82.6544189453125,-75.74613037109376,-169.67952752113342,-1.0
S101N:T102S:D103T:S104D:T105F:P106D:M107D:F108E:E109T:Y110V:E111D:N112D:L113D:D115V:N116S:S117E:K118P:E119L:T121N:S122M:D125E:N126D:D127A:I128A:P129K:V130L:T131S:T132S:D133S:D134I:V135T:S136Y:L137S:A138E:D139K:K140T:A141N:I142T:E143I:S144P,1.525480959,-0.38894343,-0.4795877042614268,-0.8855735063552856,-2.200189566612244,-96.89056396484376,-88.669873046875,-165.25516080856323,-1.0
S101N:T102S:D103T:S104L:T105K:P106Y:M107S:F108N:E109D:Y110D:E111F:N112D:L113P:E114D:D115I:N116D:S117D:K118E:E119S:T121N:S122A:D125L:N126S:D127T:P129A:V130K:D133V:D134E:V135D:S136E:L137V:A138E:D139T:K140S:A141E:I142S:E143M:S144P,1.301103218,-0.37280983,-0.3736471807405194,-0.2982877492904663,-2.334428000450134,-80.1990966796875,-74.1123046875,-157.43548464775083,-1.0
S101N:T102S:S104T:T105P:P106S:M107S:F108L:E109D:Y110M:E111D:N112L:L113F:E114S:D115P:N116D:S117K:K118I:E119D:S122E:D125S:N126E:D127T:I128A:P129T:V130N:T131D:T132V:D133N:D134V:V135E:S136E:L137K:A138T:D139E:K140Y:E143S:S144D,1.018962331,-0.36875713,-0.3374421469257396,-2.934725880622864,-4.47019248008728,-73.23785400390625,-65.0200927734375,-148.8751997947693,-1.0
S101N:T102V:D103E:S104P:T105N:P106E:M107S:F108S:E109V:Y110D:N112L:L113A:E114S:N116D:S117Y:K118D:S122P:N126T:D127I:I128D:P129M:V130E:T131S:T132L:D133I:D134S:V135D:S136T:L137K:A138K:D139S:K140F:I142T:E143T:S144N,1.038582311,-0.40946597,-0.4055038397846697,-7.305565476417541,-8.119585609436035,-75.39739990234375,-71.45557861328125,-143.66830849647522,-1.0
S101N:T102V:D103S:S104V:T105Q:P106H:M107P:F108S:E109V:Y110V:E111D:N112D:E114V:D115A:N116P:S117P:K118T:E119N:W120T:T121M:S122A:F124K:D125Q:D127Q:I128F:P129L:V130P:T132P:D133M:D134L:V135E:S136D:L137D:A138L:D139Q:K140L:A141P:I142S:E143K:S144P,1.281452263,-0.3960573,-0.5145588939300212,-13.942596793174744,-15.68190312385559,-107.29730224609376,-101.17467041015624,-192.09847497940063,-1.0
S101N:T102V:D103V:S104D:T105A:P106F:M107F:F108S:E109S:Y110S:E111T:N112D:L113S:E114T:D115P:N116M:S117F:K118E:E119F:W120E:T121S:S122L:L123D:F124E:D125S:I128P:P129K:V130N:T131W:D133S:D134L:V135F:S136E:L137N:A138D:D139L:K140P:A141I:E143T:S144E,0.988216579,-0.3382874,-0.4808143805778748,-10.962809205055237,-11.6669424533844,-113.579345703125,-106.82677001953124,-201.98723483085632,-1.0
S101N:T102V:M107Y:T121W,0.957781671,-0.17015657,-0.1205828249242382,-2.7914414405822754,-3.03870575428009,-11.1884765625,-11.48875732421875,-17.89383101463318,-0.9999991031567091
S101N:T102V:S104K:T105S:P106M:M107D:F108I:E109D:Y110T:E111S:N112T:L113K:D115S:S117I:K118L:E119D:T121P:D125T:N126A:D127T:I128E:P129V:V130F:T131A:T132N:D133P:D134T:V135L:S136D:L137Y:A138S:D139E:K140E:A141D:I142D,1.210011844,-0.36048216,-0.3930534281340359,-5.46717381477356,-5.72929573059082,-79.9833984375,-69.50521240234374,-144.5575556755066,-1.0
S101N:T105D:E111F:N116H:I128F,0.896665554,-0.18658653,-0.1512238309052491,-2.152898073196411,-2.3721737384796144,-23.11175537109375,-21.549597167968752,-25.399011373519897,-0.9999999782101658
S101N:T105M:Y110W:L113N:D115N:K140C,1.3948727980000002,-0.20216319,-0.1530928968110543,-5.558131814002991,-5.098464870452881,-17.20489501953125,-16.8910888671875,-30.75369453430176,-0.9999994655767016
S101N:T105R:E109G:N112G:K118N,1.54924177,-0.16785204,-0.0992204116332574,-1.2091383934020996,-3.104112982749939,-11.2906494140625,-10.5279052734375,-23.842126607894897,-0.9999965526857146
S101N:T131K:T132M:A138T:K140G,1.441141,-0.10134798,-0.0551794194666093,-2.1411468982696533,-2.309837555885315,-7.2333984375,-7.29561767578125,-21.527899026870728,-0.9964415101670546
S101N:Y110D:P129C:V130D:D133V,1.583896552,-0.2092905,-0.099139393436527,-3.6778085231781006,-3.748492932319641,-7.54278564453125,-7.6064697265625,-22.378666162490845,-0.9999999597499748
S101N:Y110N:S117F:N126G:V130W:V135H,0.8729116170000001,-0.23571637,-0.1585204100693673,-4.75317645072937,-4.399120020866394,-17.701171875,-16.13189697265625,-31.042107343673703,-0.9999999998405792
S101P:D103E:S104F:T105D:P106S:M107S:F108K:E109V:Y110N:E111T:N112E:E114N:D115I:N116L:S117V:K118D:E119S:T121N:S122I:D125E:N126D:D127S:I128D:P129S:V130S:T131A:T132E:D133M:D134Y:V135E:S136K:L137A:A138T:D139T:K140D:A141D:I142T:E143D:S144P,1.225605136,-0.41481262,-0.4180377132103536,-4.47773551940918,-6.23571240901947,-86.2791748046875,-76.52507324218749,-167.33705377578735,-1.0
S101P:D103E:T105E:P106E:M107V:F108L:E109S:Y110T:E111L:N112Y:L113F:E114S:N116M:S117E:E119A:T121K:S122N:D125I:D127E:I128D:P129D:V130D:T131D:T132D:D134A:V135N:S136P:L137V:A138T:D139T:K140S:A141S:E143T,1.251398477,-0.3978666,-0.4154560455648076,-3.490115165710449,-4.486796164512635,-81.2861328125,-73.75899658203124,-141.66688203811646,-1.0
S101P:D103K:S104T:T105N:P106E:M107D:F108D:E109D:Y110D:E111T:N112L:L113N:E114D:D115A:N116S:S117F:K118E:T121S:S122I:D125N:N126D:D127Y:I128S:P129S:V130L:T131E:T132V:D133T:D134K:V135I:S136A:L137E:A138P:D139T:K140M:A141S:I142D:E143S:S144V,1.351840866,-0.38436365,-0.4369753908856484,-2.659758687019348,-3.5094045877456663,-88.22662353515625,-79.2494384765625,-160.42449712753296,-1.0
S101P:D103M:S104L:T105S:M107H:F108L:E109V:Y110P:E111T:N112G:L113I:E114M:D115A:N116S:S117K:K118D:E119S:W120L:T121G:S122D:L123V:F124P:D125A:N126G:D127T:I128V:P129S:V130P:T131S:T132D:D133L:D134F:V135M:S136D:L137A:A138S:D139A:K140P:A141P:I142S:E143T,1.621795296,-0.46414268,-0.4583588732519184,-13.53969955444336,-12.824413776397703,-99.29107666015624,-90.21525878906247,-184.5137362480164,-1.0
S101P:D103M:S104N:N116A:E119R:I128S,1.681740264,-0.26797554,-0.1680344551059275,-4.275995969772339,-4.276763892173767,-18.0458984375,-16.68441162109375,-26.84802293777465,-0.9999999899845295
S101P:D103P:S104Q:T105L:P106D:M107V:F108K:E109K:Y110S:E111S:N112S:E114S:D115S:N116S:K118S:E119S:W120S:T121N:S122K:L123K:F124A:D125R:N126V:I128H:P129L:V130G:T131C:T132V:D133A:D134Y:V135S:S136K:L137K:A138Q:D139R:K140S:A141Q:I142T:E143L:S144E,0.941498673,-0.49504328,-0.5784064459206795,-20.32501304149628,-20.611934208869933,-119.77960205078124,-113.00091552734376,-198.16435766220093,-1.0
S101P:D103P:S104Q:T105P:P106D:M107P:F108K:E109P:Y110R:E111S:N112R:L113A:E114S:D115R:N116V:E119V:W120D:T121K:S122L:L123G:F124V:D125V:N126S:D127Y:I128N:P129R:V130K:T131N:T132R:D133N:D134A:V135P:S136L:L137T:A138P:D139V:K140L:A141C:I142E:E143S:S144D,1.147469832,-0.5212759,-0.686531637062806,-30.158589601516724,-30.63063259124756,-141.9456787109375,-133.9203125,-215.93568468093872,-1.0
S101P:D103S:P106G:M107R:F108H:E109S:Y110S:E111V:N112S:L113G:E114V:D115N:N116A:S117R:K118R:E119R:W120D:T121K:S122P:F124P:D125P:N126I:D127V:I128V:P129E:V130D:T131P:T132S:D134T:S136A:L137M:A138K:D139R:K140A:A141R:I142N:E143T:S144L,1.209671628,-0.5403955,-0.5045771480030861,-24.448764324188232,-25.122621774673465,-103.46356201171876,-95.1544677734375,-186.96275973320007,-1.0
S101P:D103S:S104D:T105A:P106F:M107T:F108S:E109K:Y110S:E111V:N112D:L113N:D115L:N116K:S117I:K118D:E119Y:T121E:S122P:N126M:D127N:I128S:P129D:V130N:D133E:D134A:V135S:S136I:L137T:A138D:D139S:K140D:A141E:I142E:E143L:S144V,1.209816273,-0.36863297,-0.3674678055841304,-2.6797196865081787,-1.9628961563110352,-84.46514892578125,-77.04293212890626,-152.0962257385254,-1.0
S101P:D103S:S104T:P106N:M107L:F108E:Y110E:E111D:N112D:L113N:E114D:N116D:S117E:K118Y:E119I:T121A:S122N:D125M:N126K:D127A:I128S:P129V:V130D:T131V:T132D:D133P:D134T:V135L:S136E:L137S:A138S:D139F:K140S:A141T:I142K:E143I,1.570558368,-0.40056872,-0.4540559490380338,-2.987318515777588,-2.852987217903137,-81.3843994140625,-74.7428955078125,-146.1043028831482,-1.0
S101P:D103Y:D115P:V130Q:D133V:L137A,1.300401818,-0.2767009,-0.1491016645872721,-4.367124557495117,-4.678324723243714,-14.25567626953125,-14.59267578125,-24.08065891265869,-0.9999999561675558
S101P:E109L:L113R:K118Q:N126D,1.340200395,-0.18156299,-0.1217858256818561,-3.8808109760284415,-3.620678424835205,-14.89434814453125,-14.065368652343748,-22.767926692962646,-0.9999019222146244
S101P:F108D:Y110I:D134S:A141W,1.594817649,-0.24191916,-0.1561942321125723,-2.7811119556427,-2.680178022384644,-20.3194580078125,-18.79490966796876,-22.80496048927307,-0.9999999993644166
S101P:L113A:T131L:L137G:A138V,1.304633214,-0.12397185,-0.1026588521394017,-2.1184734106063843,-2.3082513332366945,-11.4638671875,-10.97708740234375,-19.50686287879944,-0.9989258496174428
S101P:L113H:T121G:T131A:V135F:A141V,1.331720534,-0.16080433,-0.1238232812847531,-3.260655403137207,-3.376213765144348,-20.21722412109375,-18.6556640625,-26.701997756958008,-0.9999951628702746
S101P:N112D:D127R:V130M:K140A,1.513102951,-0.18385085,-0.1213783997233652,-4.045475482940674,-3.932581353187561,-13.04150390625,-11.248657226562502,-24.13123393058777,-0.9999950135940324
S101P:N112D:T121L:D125S:I128Q,1.112898121,-0.1636931,-0.1005615017168038,0.4486689567565918,-0.457108998298645,-15.68475341796875,-12.944641113281248,-19.837146997451782,-0.9999899245055772
S101P:N116R:N126V:V130P:K140L,1.308152447,-0.19477284,-0.1197846436415702,-2.318944215774536,-1.2074506044387818,-14.43365478515625,-14.69423828125,-21.97796201705933,-0.9999995836087192
S101P:S104F:T105F:P106G:M107S:F108T:E109I:Y110D:E111Q:N112H:L113F:E114T:D115N:N116D:S117N:K118N:E119D:W120I:T121D:S122A:L123A:F124V:D125V:N126D:D127A:I128F:P129F:V130S:T131S:T132S:D133T:V135S:S136T:L137P:A138M:D139F:K140D:A141Y:I142D:E143D:S144N,0.963845293,-0.3992349,-0.5634697204807052,-11.112391710281372,-12.886428189277648,-109.03094482421876,-101.4627685546875,-194.0672962665558,-1.0
S101P:S104I:T105D:P106A:M107E:F108N:E109I:Y110S:E111S:N112A:L113S:E114L:D115T:N116D:S117E:E119T:T121N:S122L:D125S:N126M:D127P:I128T:P129D:V130D:T131V:T132N:D133Y:V135S:S136E:L137E:A138E:D139K:K140F:A141S:I142D:E143V:S144T,1.331656441,-0.39295006,-0.453641681060248,-7.290404438972473,-9.29965419769287,-92.3658447265625,-86.56019287109375,-158.62381601333618,-1.0
S101P:S104Y:N116G:S117H:V135T,1.011267521,-0.18321872,-0.0990218301684832,-4.132503509521484,-5.01190025806427,-15.32659912109375,-13.2663330078125,-23.637179374694824,-0.9999821746824418
S101P:T102A:D103A:T105A:P106S:M107P:F108V:E109V:Y110P:E111S:N112L:L113K:E114T:D115T:N116S:S117G:K118D:W120Q:T121Q:S122L:L123T:F124V:D125K:N126Q:D127F:I128V:P129E:V130Y:T131P:T132S:D133A:D134K:V135D:S136K:A138S:D139P:A141S:I142V:S144K,1.350194558,-0.42185557,-0.5111375584721141,-12.06811809539795,-14.06007080078125,-105.90228271484376,-99.840625,-183.93697845935824,-1.0
S101P:T102A:D103P:S104R:T105Q:P106T:M107E:F108A:E109S:Y110L:E111A:N112E:L113K:E114D:D115V:N116E:S117L:K118E:E119L:W120I:T121S:S122A:F124P:D125A:N126M:D127E:I128K:P129S:V130I:T131N:T132R:D133A:D134P:V135S:S136P:L137F:A138Q:D139I:K140H:A141S:I142S:E143V:S144L,1.131918127,-0.42917025,-0.5102403851166315,-9.727101922035216,-10.29619379043579,-117.08807373046876,-109.54788818359376,-198.1012806892395,-1.0
S101P:T102A:S104L:T105S:P106F:M107G:F108Q:E109F:Y110T:E111S:N112P:L113V:E114Y:D115V:N116A:S117D:K118G:E119D:W120L:T121P:S122A:L123D:F124S:D125N:N126D:D127W:I128S:P129S:V130L:T131F:T132P:D134S:V135H:S136I:L137S:A138G:D139E:K140D:A141F:I142D:E143M:S144T,1.018469598,-0.3982401,-0.4739174622233653,-15.190179824829102,-15.687795495986938,-108.364990234375,-98.34423828125,-204.4174432754517,-1.0
S101P:T102D:D103E:S104D:T105A:P106S:M107E:E109P:Y110T:E111K:N112E:L113I:E114S:D115M:N116Y:S117N:K118T:E119T:T121S:S122V:N126D:D127T:I128S:P129L:V130D:T132N:D133E:D134K:V135I:S136D:L137V:D139E:K140S:A141N:I142D:E143L,1.326728404,-0.36702752,-0.3854599813549544,-4.111758351325989,-4.868697953224182,-78.2845458984375,-71.77486572265624,-150.56987857818604,-1.0
S101P:T102D:D103K:S104P:T105D:P106F:M107A:F108K:E109D:Y110A:E111L:N112E:L113S:E114T:D115V:N116T:S117E:K118I:E119D:T121S:S122Y:D125T:N126D:D127T:I128T:P129S:V130E:T131D:T132D:D133S:D134N:V135M:S136E:L137S:A138I:D139S:K140V:A141E:I142L:E143N:S144N,1.06671908,-0.39419925,-0.477409770056022,-3.500699996948242,-5.0969411611557005,-97.44866943359376,-87.98011474609376,-170.54294753074646,-1.0
S101P:T102D:D103S:S104T:T105F:P106I:F108D:E109Y:Y110T:E111N:N112L:L113D:D115E:N116I:K118S:E119T:T121V:D125A:N126D:I128E:P129K:V130A:T131N:T132V:D133T:D134N:V135K:S136E:L137T:A138E:D139S:K140D:A141D:I142P:E143S:S144L,1.316469931,-0.38926196,-0.4023262105378392,-3.335213303565979,-5.800476455688477,-84.11370849609375,-75.2849853515625,-143.3577766418457,-1.0
S101P:T102D:D103T:S104K:T105I:P106S:M107Y:F108N:Y110N:E111V:N112E:L113D:N116L:S117A:E119V:T121E:S122T:D125N:N126S:D127I:I128S:P129E:V130S:T131L:T132F:D133A:D134T:V135T:L137S:A138D:D139P:K140M:A141D:I142D:E143D:S144T,1.234971652,-0.45891017,-0.5087394307092417,-2.8473037481307983,-3.064049172401428,-92.59027099609376,-84.79465332031249,-151.7699568271637,-1.0
S101P:T102D:S104A:T105L:P106I:M107S:F108E:E109F:Y110N:E111T:N112D:L113M:E114D:D115T:S117L:K118E:E119S:T121P:D125N:N126D:D127I:I128A:P129S:V130Y:T132D:D133E:V135S:S136K:L137K:A138T:D139V:K140E:A141T:I142V,1.044674899,-0.33220094,-0.3610976684135899,-4.311923742294312,-4.919879341125489,-69.88482666015625,-62.67423095703125,-144.34824895858765,-1.0
S101P:T102E:D103E:S104T:T105D:P106D:M107I:F108D:E109V:Y110A:E111S:N112T:L113S:E114D:D115N:N116P:S117A:K118N:E119N:T121S:D125K:N126K:D127T:I128M:P129F:V130I:T131V:T132L:D133Y:D134E:V135D:S136D:L137S:A138D:D139E:K140L:A141T:I142T,1.282012205,-0.38406533,-0.4192855129038313,-4.864134669303894,-6.571938848495483,-87.7349853515625,-79.66928710937499,-157.82164788246155,-1.0
S101P:T102E:D103N:S104V:T105A:P106T:M107D:F108Y:E109S:Y110S:E111D:N112S:L113P:D115S:N116E:S117E:K118T:E119V:T121E:S122I:N126T:D127L:I128D:P129D:V130F:T131D:T132I:D133T:D134N:V135K:S136L:L137S:A138D:D139K:K140A:A141S:I142M:E143T:S144N,1.6199135919999998,-0.42714238,-0.4380199391646742,-6.947184681892395,-6.891637349128724,-81.18426513671875,-74.5253662109375,-164.02704453468323,-1.0
S101P:T102E:D103S:T105E:P106K:M107P:F108L:E109D:Y110A:E111L:N112F:L113D:E114A:D115S:N116S:S117T:K118E:E119D:T121V:S122I:D125N:N126S:D127I:I128K:P129N:V130D:T131S:T132D:D133V:D134E:V135T:S136D:L137D:A138Y:D139T:K140E:A141T:I142M:E143T:S144N,1.436429231,-0.39482158,-0.4537387725721475,-5.289827346801758,-7.130922937393189,-92.8057861328125,-83.99495849609376,-167.1097068786621,-1.0
S101P:T102E:D103T:S104T:T105D:P106D:M107E:F108S:E109S:Y110N:E111K:N112D:L113Y:E114N:N116E:S117A:K118E:E119T:T121D:S122E:D125K:N126P:D127T:I128T:P129I:V130L:T131D:T132D:D133S:D134S:V135F:S136N:L137A:A138V:D139V:K140M:A141I:I142S:E143S:S144L,1.3465984519999998,-0.4070403,-0.4041217518870941,-5.208486199378967,-6.0386340618133545,-93.77838134765624,-84.18131103515624,-171.43748879432678,-1.0
S101P:T102E:D103V:S104D:T105F:P106S:M107L:F108D:E109I:Y110E:E111N:N112Y:L113E:E114T:D115K:N116D:S117A:K118T:E119S:S122V:D125S:N126S:D127P:I128N:P129M:V130D:T131I:T132A:D133S:V135E:S136K:L137D:A138L:D139S:K140N:A141T:I142T:S144D,1.527768831,-0.41121352,-0.4983620423014903,-10.436545014381409,-12.028222608566283,-96.0511474609375,-89.89578857421874,-158.69015336036682,-1.0
S101P:T102E:T105D:P106D:M107S:F108D:E109I:Y110D:N112E:L113D:N116V:S117N:K118N:E119S:S122A:D125K:N126S:D127K:I128L:P129V:V130S:T131A:T132L:D133F:D134E:V135P:S136T:L137T:A138N:D139I:K140T:A141S:I142Y:E143M:S144T,1.905173523,-0.47755694,-0.4424015466004504,-7.576752305030823,-8.407563591003418,-88.26220703125,-82.47615966796874,-149.41471242904663,-1.0
S101P:T102F:D103Q:S104I:T105H:P106S:M107S:F108V:E109L:Y110E:E111S:N112V:L113F:E114S:D115T:S117L:K118D:E119G:W120N:T121D:S122A:F124I:N126H:D127T:I128P:P129M:V130F:T131D:T132E:D133L:V135F:S136I:L137M:A138D:D139G:K140A:A141K:I142V:E143N,0.883596336,-0.45055163,-0.4621250247615937,-11.014049172401428,-13.034207820892334,-102.54888916015624,-94.24006347656253,-183.37629342079163,-1.0
S101P:T102F:S104D:P106D:M107E:F108N:E109L:Y110E:E111I:N112D:L113P:E114M:D115E:N116I:S117A:K118D:T121L:S122T:D125T:N126V:D127S:I128S:P129T:V130N:T131E:T132K:D133Y:D134S:V135K:S136N:L137S:A138T:D139S:K140D:A141D:I142V:E143A,1.176199718,-0.3765223,-0.4339039758431106,-0.3646359443664551,-4.941495513916015,-92.28790283203124,-82.85766601562499,-152.580796957016,-1.0
S101P:T102I:D103F:S104E:T105L:P106D:M107N:F108Q:E109D:Y110L:E111G:N112G:L113V:D115T:N116W:S117T:K118S:E119L:W120F:T121D:S122N:L123D:F124I:D125P:N126V:D127T:I128L:P129E:V130D:T131V:T132S:D134C:V135A:S136N:L137A:A138V:D139T:K140L:A141E:I142L,0.860672143,-0.3656695,-0.4866216259070562,-5.011632084846497,-5.758522534370423,-113.04486083984376,-103.6871337890625,-187.98213529586792,-1.0
S101P:T102I:D103K:S104D:T105M:P106S:M107N:F108V:E109S:Y110A:E111T:N112D:L113T:E114T:D115L:K118A:E119D:T121D:D125E:N126D:D127T:I128S:P129Y:V130K:T131F:T132P:D133I:D134E:V135E:L137E:A138D:D139E:K140V:A141D:I142T:E143N:S144L,1.574761134,-0.36277592,-0.3696175028845084,-1.3682764768600464,-3.52006425857544,-81.973876953125,-71.3004638671875,-152.3271930217743,-1.0
S101P:T102I:D103L:T105L:P106K:M107N:F108D:E109N:Y110D:E111N:N112E:L113V:E114D:D115V:N116D:S117V:K118D:E119D:W120D:T121D:S122A:F124V:D125P:N126R:D127E:I128E:P129T:V130T:T131I:T132E:D133G:D134L:V135L:S136L:L137E:A138P:D139S:K140P:A141N:I142R:E143T:S144I,1.164801599,-0.41270757,-0.4435513859541815,-4.881272912025452,-6.059912633895874,-94.8035888671875,-86.06743164062502,-186.66694617271423,-1.0
S101P:T102K:D103T:S104W:T105S:P106S:M107L:E109D:Y110D:E111D:N112I:L113P:E114V:D115T:N116L:S117E:K118D:E119V:W120S:T121S:S122V:L123E:F124S:D125I:N126T:D127T:I128A:P129A:V130G:T132E:D133S:D134C:V135F:S136L:L137P:A138T:D139P:K140V:A141I:I142E:E143D:S144A,1.42368987,-0.35666865,-0.5036245868723589,-9.893093466758728,-10.661360216140746,-104.5390625,-96.2688232421875,-196.5419700145721,-1.0
S101P:T102L:D103E:S104D:T105I:P106E:M107N:F108D:E109I:Y110T:N112D:L113Y:E114S:D115S:N116T:K118T:E119V:T121F:S122D:D125V:N126A:D127L:I128T:P129E:V130M:T132N:D133A:D134S:V135S:L137N:A138K:K140E:A141K:I142P:E143D:S144D,1.418977229,-0.42817783,-0.5017379272026524,-7.256717443466186,-8.528032088279724,-90.2481689453125,-83.32573242187499,-154.5263478755951,-1.0
S101P:T102L:D103F:S104D:T105N:P106D:M107I:F108A:E109V:Y110T:E111A:N112E:L113D:E114V:D115N:N116S:S117A:K118S:E119T:W120A:T121I:S122E:L123S:F124I:D125A:N126D:D127S:I128Q:P129E:V130S:T131L:T132I:D133N:D134N:S136A:L137A:A138I:D139V:K140M:A141P:I142T:E143A:S144T,1.452580072,-0.41156542,-0.5288872769718916,-7.993984460830688,-8.894442558288574,-110.5301513671875,-103.1333984375,-191.76444053649905,-1.0
S101P:T102L:D103L:S104G:T105L:P106D:M107G:F108V:E109D:Y110H:E111S:N112S:L113N:E114H:D115K:N116E:S117W:K118S:E119S:W120L:T121F:S122D:L123D:F124D:D125I:N126P:D127V:I128T:P129I:V130E:T131D:T132V:D133A:D134E:V135A:S136Q:L137S:A138V:D139M:K140T:A141S:I142V:S144V,1.444705132,-0.35558945,-0.4833224693651301,-12.44764757156372,-13.602009820938113,-117.50067138671876,-108.82210693359376,-206.60826230049133,-1.0
S101P:T102M:D103F:S104A:P106D:F108E:E109L:Y110G:E111P:N112G:L113V:D115E:N116W:S117G:K118S:E119L:W120F:T121P:L123Q:F124D:N126F:D127S:I128L:P129G:V130L:T131D:D133T:D134A:V135L:S136D:L137I:D139A:K140A:A141L:I142S:E143Q:S144P,0.983659615,-0.4077654,-0.4776988725221031,-7.389324069023132,-8.499829959869384,-103.30035400390624,-96.413330078125,-172.66235446929932,-1.0
S101P:T102M:D103F:S104D:T105E:P106L:M107D:E109I:Y110M:E111D:N112G:L113A:E114K:D115V:W120D:T121W:S122V:L123A:F124L:D125F:N126G:D127G:I128D:P129G:V130N:T131G:T132D:D133E:D134G:V135D:S136A:L137M:A138F:D139P:K140T:I142E:E143G:S144E,0.940705854,-0.44577998,-0.5493946550579683,-22.70355725288391,-23.961173868179323,-117.86639404296876,-108.98751220703124,-194.8410816192627,-1.0
S101P:T102M:D103F:S104D:T105E:P106L:M107D:F108L:E109I:Y110M:E111D:N112G:L113A:E114K:D115V:K118S:E119D:W120D:T121W:S122V:L123A:F124L:D125F:N126G:I128E:P129S:V130E:T131E:D133S:D134V:V135P:S136E:L137S:A138S:D139L:K140V:A141T:I142H:S144D,1.093124705,-0.4024818,-0.5182089483186444,-15.085591912269592,-17.37835314273834,-115.0015869140625,-104.7326171875,-192.18625164031985,-1.0
S101P:T102M:D103F:S104D:T105S:P106D:M107P:F108A:E109L:Y110S:E111A:N112V:L113S:E114G:D115E:N116E:E119W:W120G:T121S:S122L:L123F:F124D:N126E:D127I:I128P:P129I:V130N:T131P:T132A:D134V:V135F:S136N:L137F:A138T:D139P:K140Q:I142E:S144E,1.091488936,-0.36128587,-0.5185996493410809,-14.162967324256895,-14.10284788608551,-118.02166748046876,-110.15485839843753,-185.19922971725464,-1.0
S101P:T102M:D103F:S104E:T105F:P106E:M107N:F108L:Y110S:E111D:N112P:L113K:E114S:D115W:N116G:K118L:E119F:W120D:T121N:S122D:L123I:F124P:D125V:N126T:D127V:I128N:P129D:V130A:T131S:T132L:D133A:D134T:V135S:S136A:L137I:A138E:D139V:K140P:A141T:I142E:E143D,1.479813976,-0.33972818,-0.4561881611779915,-8.22905433177948,-7.904911231994629,-111.41717529296876,-104.3064453125,-191.3178100585937,-1.0
S101P:T102N:D103F:S104G:T105H:P106S:M107D:F108L:Y110N:E111P:N112D:L113T:E114W:D115F:N116S:S117L:K118F:E119P:W120D:T121A:S122T:L123P:F124L:D125P:N126Q:D127A:I128Q:P129A:V130Q:T131V:T132Q:D133T:D134Q:V135P:S136Q:L137T:A138Q:D139T:K140Q:A141T:I142E:E143Q:S144Q,1.384867108,-0.38496125,-0.5072026914549044,-13.812275767326357,-16.546080136299132,-115.78680419921876,-106.436279296875,-203.5150361061096,-1.0
S101P:T102N:D103I:S104D:T105E:P106D:M107D:F108E:E109D:Y110E:E111N:N112E:L113Y:E114V:D115E:N116D:S117D:K118S:E119T:T121L:S122M:D125T:N126D:D127K:I128L:V130S:T131F:T132S:D133T:D134A:V135T:L137S:A138S:D139T:K140I:A141K:I142A:E143V:S144N,1.3644792609999998,-0.41440988,-0.5111801853383564,0.060631513595581,-2.379551386833191,-95.916748046875,-88.10874023437499,-153.1467809677124,-1.0
S101P:T102N:D103P:T105S:P106T:M107L:F108P:E109T:Y110P:E111Q:N112L:L113D:E114M:D115K:N116K:S117P:K118G:E119S:W120T:T121K:S122K:L123V:F124K:D125V:N126D:D127H:I128L:P129G:V130C:T131V:D133Y:D134S:V135K:S136K:L137Q:A138R:D139S:K140Q:A141T:I142L:S144P,1.198172863,-0.5208243,-0.657828823103175,-23.457074880599976,-23.130023145675658,-128.120849609375,-120.46033935546876,-198.57866978645325,-1.0
S101P:T102N:D103S:S104E:T105D:P106D:M107D:F108D:Y110D:E111N:N112D:L113A:E114D:D115E:N116I:S117T:K118E:E119K:T121K:S122M:D125T:N126S:D127S:I128Y:P129T:V130T:T132N:D133P:D134V:V135L:S136E:L137S:A138F:D139L:K140I:I142S:E143V,1.1932831659999998,-0.44074482,-0.4569637529366381,-2.570926547050476,-3.107387375831604,-97.4849853515625,-90.51475830078124,-151.545996427536,-1.0
S101P:T102N:D103S:S104N:T105I:P106D:M107A:F108D:E109D:Y110D:N112E:L113D:N116T:S117Y:K118N:E119K:T121S:D125L:N126A:D127S:I128V:P129T:V130I:T131F:D133M:D134E:V135T:S136L:L137P:A138D:D139K:K140E:A141T:I142V:E143S,1.297173499,-0.41344732,-0.4515916274535698,0.3661868572235107,-1.4842761516571046,-86.19305419921875,-78.75860595703125,-139.04004168510437,-1.0
S101P:T102N:D103T:S104V:T105S:P106N:M107Y:F108A:E109I:Y110D:E111V:N112T:L113S:E114S:N116K:S117F:E119S:T121I:S122L:D125E:N126D:D127S:I128E:P129S:V130N:T131E:T132D:D134E:V135L:S136E:L137T:A138M:D139A:K140P:A141T:I142T:E143D:S144D,1.245814312,-0.44324756,-0.4442825588891516,-8.628396272659302,-8.399377751350404,-93.116455078125,-85.063818359375,-158.0422101020813,-1.0
S101P:T102N:S104K:T105E:P106S:M107K:E109Y:Y110N:E111D:N112D:L113E:E114V:N116L:S117M:K118S:E119T:S122A:D125E:N126I:D127L:I128E:P129D:V130D:T131D:T132I:D133T:D134S:S136A:L137N:A138T:D139S:K140S:A141T:I142P,1.163603888,-0.38815022,-0.4021210585624722,-0.747321367263794,-2.1915778160095214,-78.0599365234375,-70.66104736328126,-142.67006850242615,-1.0
S101P:T102N:S104L:T105S:P106K:M107D:F108D:E109D:Y110D:N112D:L113E:E114I:D115S:N116S:S117V:K118T:E119V:T121P:S122M:D125S:N126Y:D127K:I128T:P129T:V130F:T131E:T132S:D133L:D134S:V135T:S136A:L137T:K140N:A141E:I142N:S144I,1.283800206,-0.3957321,-0.4565728347072398,-6.33529806137085,-7.8535155057907104,-84.98583984375,-77.1669921875,-153.35714530944824,-1.0
S101P:T102N:T105A:M107K:F108D:E109T:Y110D:N112I:L113E:E114K:D115T:N116D:S117I:K118Y:E119S:T121N:D125M:N126T:I128V:P129V:V130T:T131S:T132D:D133A:D134E:V135F:S136L:L137D:A138S:D139L:K140S:A141E:I142N:S144T,1.308673106,-0.3679387,-0.3896819959755894,-4.354810118675232,-4.826552557945251,-71.98187255859375,-67.52510986328124,-138.4772789478302,-1.0
S101P:T102S:D103I:S104M:P106D:M107S:F108K:E111N:N112D:L113V:E114N:D115N:N116L:S117E:K118S:E119S:T121D:S122T:D125E:N126A:D127S:I128D:P129D:V130T:T131D:D133V:D134T:V135A:S136E:L137P:A138F:D139L:K140D:A141S:E143K:S144E,1.421663364,-0.36482704,-0.3692382052275634,-1.0212851762771606,-2.811344909667969,-83.597900390625,-74.72686767578125,-145.2213613986969,-1.0
S101P:T102S:D103N:T105E:P106F:M107S:F108A:E109V:Y110T:E111T:N112E:L113S:E114L:D115A:N116D:S117K:K118D:T121D:S122Y:N126I:D127N:I128V:P129T:V130E:T131L:T132E:D133T:D134K:V135D:S136M:L137N:A138S:D139T:K140D:A141S:E143P:S144D,1.327353364,-0.36818582,-0.4011625242402969,-4.73738694190979,-7.391457509994507,-81.8009033203125,-75.82550048828125,-156.2673945426941,-1.0
S101P:T102S:D103P:S104A:T105M:M107G:F108V:E109F:Y110D:E111I:N112A:L113S:E114T:D115T:N116A:K118T:E119M:W120G:S122V:L123S:F124P:D125Q:N126D:D127L:I128F:P129L:V130S:T131D:T132N:D133F:D134M:V135S:S136A:L137P:A138N:D139S:K140T:I142L:E143T:S144T,1.124639837,-0.40409487,-0.5157344723087188,-16.69540274143219,-15.45990722179413,-107.73260498046876,-101.1566650390625,-192.376460313797,-1.0
S101P:T102S:D103S:S104K:T105N:P106D:M107V:F108D:E109T:Y110D:E111D:N112E:L113E:E114D:D115L:N116Y:S117M:K118A:E119S:T121S:S122N:D125P:N126I:D127V:I128N:P129S:V130E:T131F:D133S:D134I:V135D:S136A:L137T:A138L:D139K:K140D:A141E:I142T:S144T,1.035016374,-0.36671185,-0.4568926719584075,-2.1841498613357544,-2.2003698110580445,-98.1204833984375,-90.3053466796875,-160.78713274002075,-1.0
S101P:T102S:D103T:S104T:T105F:P106T:M107D:F108L:E109S:Y110T:E111P:N112P:E114D:D115T:N116P:S117G:K118F:E119F:W120S:T121Q:S122N:L123T:F124S:D125P:N126M:D127I:I128N:P129T:V130E:T131M:T132D:D133L:D134N:V135A:S136V:L137P:A138E:D139E:K140W:A141E:I142S:E143L:S144F,0.926771883,-0.39690173,-0.5090988539291872,-12.02372932434082,-11.274473810195923,-121.9571533203125,-113.10440673828126,-204.35030508041385,-1.0
S101P:T102S:D103V:S104T:T105N:P106S:M107T:F108I:E109S:Y110V:E111N:N112L:L113S:E114N:D115S:N116K:S117T:K118A:E119Y:T121L:S122T:D125P:N126D:D127E:I128M:P129F:V130A:T131K:T132D:D133S:D134E:V135T:S136E:L137E:A138D:K140D:A141D:I142D:S144I,1.081615468,-0.4309222,-0.5127452701012012,-4.22033154964447,-5.684384989738464,-96.5758056640625,-87.3818603515625,-158.0741605758667,-1.0
S101P:T102V:D103F:S104G:T105A:P106D:M107L:F108D:E109L:Y110A:E111P:N112G:L113H:D115E:N116W:S117A:K118P:E119L:W120F:T121P:L123N:F124D:D125G:N126M:D127S:I128M:V130F:T131D:T132P:D133T:D134G:V135L:S136E:L137I:D139A:K140P:A141V:I142P:E143A:S144V,1.23089637,-0.40357345,-0.5310765059393072,-11.912100315093994,-12.350179171562194,-117.973388671875,-110.99935302734374,-190.3771705627441,-1.0
S101P:T102V:D103K:S104Q:T105Q:P106H:M107Q:F108K:E109V:Y110D:E111T:N112V:L113A:E114T:D115K:S117E:K118I:E119G:W120L:T121E:S122L:L123N:F124L:D125G:N126L:D127P:I128E:P129M:V130Q:T131K:T132A:D133S:D134E:V135T:S136V:L137S:A138T:D139P:K140F:A141Q:E143H,1.378047345,-0.44323337,-0.6256131209512623,-15.24233102798462,-17.437477016448973,-124.00238037109376,-116.24283447265628,-199.4424974918365,-1.0
S101P:T102V:D103S:S104L:P106K:M107D:F108T:E109T:Y110S:E111D:N112S:E114T:D115N:N116D:S117N:K118D:T121S:S122V:D125E:D127E:I128D:P129Y:V130S:T131S:T132A:D134I:V135M:S136P:L137I:A138K:D139F:K140E:A141D:I142A:E143T:S144E,1.197987585,-0.37809032,-0.3834648268078571,-6.323596000671387,-6.901480364799499,-76.99505615234375,-70.6828125,-147.86004900932312,-1.0
S101P:T102V:D103T:S104L:T105E:P106D:M107V:F108S:E109D:Y110C:E111A:L113A:E114V:D115T:N116L:S117E:K118L:W120S:S122H:L123N:F124V:D125S:N126V:D127Q:I128H:V130S:T131V:T132V:V135L:S136V:L137A:A138P:D139P:K140T:A141N:I142T:E143M:S144A,1.314488137,-0.41885716,-0.5515538008611821,-7.228715300559998,-9.73529417514801,-118.9599609375,-112.78673095703124,-177.23131942749023,-1.0
S101P:T102W:D103I:S104G:T105Y:P106E:M107D:F108I:E109D:Y110S:E111A:N112T:L113V:E114D:D115A:N116F:S117F:K118S:E119S:W120S:S122D:L123S:F124T:D125P:N126L:D127F:I128E:P129F:V130E:T132L:D133N:D134K:V135T:L137N:A138S:D139N:K140A:A141V:I142Q:E143G:S144K,1.253731953,-0.43326265,-0.5679124173744717,-10.125616550445557,-11.578725171089172,-119.6221923828125,-109.90628662109376,-199.2713143825531,-1.0
S101P:T102Y:D103E:S104N:T105V:P106D:M107D:F108S:E109L:Y110D:N112D:L113E:E114D:N116E:S117I:K118D:E119V:T121S:S122E:D125A:D127T:P129S:V130F:T132S:D133A:D134N:V135K:S136L:L137S:A138T:D139T:K140T:A141M:I142P:E143S:S144K,1.692537895,-0.42956233,-0.4339943339391959,-0.7891707420349121,-2.163991951942444,-80.867919921875,-75.49992675781249,-148.60491681098938,-1.0
S101P:T102Y:D103L:S104I:T105D:P106I:M107F:F108S:E109A:Y110D:E111K:N112T:L113T:E114A:D115T:N116S:S117V:K118D:E119L:T121N:S122T:D125S:N126V:D127S:I128M:P129S:V130T:T131K:T132P:D134E:V135E:S136D:L137D:A138N:D139N:K140E:A141D:I142S:S144E,1.4217832190000002,-0.4844249,-0.4668389045470974,-6.033173322677612,-8.314184093475342,-93.6512451171875,-86.15749511718751,-163.37380051612854,-1.0
S101P:T105E:P106D:M107D:F108D:Y110T:E111S:N112I:L113D:E114L:S117T:K118S:E119D:T121A:D125V:N126F:D127L:I128N:P129K:T131S:T132N:D133M:D134E:V135K:S136P:L137A:A138S:D139T:K140I:A141E:I142Y:E143T:S144E,2.687545104,-0.42114973,-0.4787327233582629,-0.7682324647903442,-2.9312565326690674,-90.3594970703125,-83.78885498046874,-136.9589645862579,-1.0
S101P:T105G:F108Q:E119L:T131R:A141I,1.596526067,-0.2662803,-0.2057604263685776,-3.99094033241272,-3.9559159517288207,-28.41595458984375,-27.385864257812496,-34.060853004455566,-0.9999999994435252
S101P:T105N:M107N:N116H:V130C:L137F,1.668921046,-0.16574141,-0.1349655097065447,-4.69853138923645,-4.488052916526795,-22.13714599609375,-22.0812744140625,-29.622554302215576,-0.9999999984125408
S101P:T105R:N116H:K118Y:S122F:L137A,1.023966413,-0.31120676,-0.2192046141709297,-5.488829731941223,-7.1480258226394655,-22.5360107421875,-22.79849853515625,-36.028334617614746,-0.9999999884638704
S101Q:L113V:K118M:D125A,1.045767862,-0.15095693,-0.1118412221453792,-1.304160714149475,-2.340633916854858,-13.6929931640625,-12.8732666015625,-18.467182159423828,-0.999759937412844
S101Q:P106A:S117G:L137G:A138C,1.5378088680000002,-0.17731231,-0.1324444971050655,-5.838390350341797,-6.731227135658264,-13.20867919921875,-13.429626464843748,-28.460264205932617,-0.9999956078216398
S101Q:P106W:N116G:E119D:N126H:D133E,1.0772506240000002,-0.2995953,-0.1768154266466025,-3.6412317752838135,-3.830623173713684,-15.8314208984375,-15.1354736328125,-32.0384042263031,-0.999999986697964
S101Q:S104E:D134C,1.485328442,-0.1423195,-0.1079431174064446,-4.46909236907959,-4.769166588783264,-15.6925048828125,-14.0453857421875,-17.86631679534912,-0.999999030631408
S101Q:T102E:D103E:S104T:T105A:P106S:M107F:F108L:E109P:Y110T:E111P:N112A:L113I:D115Q:N116E:S117T:K118L:E119S:W120K:T121A:S122T:L123K:F124I:D125T:N126T:D127G:I128R:P129V:V130S:T131K:T132K:D133V:D134S:V135N:S136P:L137K:A138V:K140H:A141L:I142G:E143V:S144V,1.099257177,-0.45304257,-0.5374906818213412,-13.77672004699707,-16.005625367164612,-121.63739013671876,-112.66392822265628,-198.10581016540527,-1.0
S101Q:T102I:S104A:I142T,1.276640258,-0.08636817,-0.0716140041147687,-1.1743223667144775,-1.6301195859909057,-12.0274658203125,-11.844152832031249,-16.58201313018799,-0.9995463235580914
S101Q:T102L:D103A:S104G:T105N:P106T:M107V:F108S:E109G:Y110S:E111S:N112D:L113N:E114P:D115E:S117W:K118T:E119S:W120L:T121F:S122D:L123D:F124D:D125V:N126E:D127I:I128K:P129V:V130E:T131D:T132V:D133F:D134G:V135A:S136D:L137A:D139G:K140A:A141S:E143T:S144Q,1.337779602,-0.37475008,-0.5245257611800769,-13.833829045295715,-14.54527826309204,-121.51007080078124,-111.83197021484374,-198.5010846853256,-1.0
S101Q:T102M:D103S:S104M:T105E:P106F:F108P:E109S:Y110A:E111S:N112T:L113T:E114A:D115E:N116Q:S117Q:K118E:E119A:W120V:T121N:S122Y:L123R:F124K:D125P:N126I:D127M:I128G:P129E:V130L:T131V:T132F:D134K:V135F:S136I:L137Q:A138K:K140T:A141I:I142D:E143G:S144P,1.182869965,-0.4986561,-0.597390551584047,-22.01436996459961,-24.63816020488739,-127.49688720703124,-120.10614013671874,-213.81185364723208,-1.0
S101Q:T102N:D103P:S104E:T105K:P106Q:M107W:F108T:E109S:Y110L:E111F:N112D:L113N:E114D:D115I:N116P:S117V:K118V:E119T:W120E:T121E:S122D:L123V:F124M:D125F:N126T:I128K:P129A:T131V:T132E:D133T:D134A:S136L:L137E:A138E:D139E:K140Q:A141V:I142E:E143D:S144E,1.142476491,-0.37302345,-0.5379646274118662,-8.509578824043274,-11.250062680244444,-114.40966796875,-109.01053466796876,-198.0821611881256,-1.0
S101Q:T102P:D103H:K118P:A141V,1.301716572,-0.15700105,-0.1057185380060053,-2.705336332321167,-2.855093312263489,-13.96575927734375,-14.2684326171875,-22.498310089111328,-0.9999997201493466
S101Q:T102P:D125C:D133M:I142D,1.399210091,-0.24750614,-0.1705799034906028,-6.980602741241455,-7.3679990530014035,-15.64105224609375,-15.19815673828125,-28.07231903076172,-0.999999977260542
S101Q:T102S:D103V:S104T:T105P:P106L:M107F:F108A:Y110P:E111L:N112Q:L113V:E114P:D115L:N116P:S117T:K118P:E119S:W120M:T121E:S122E:L123A:F124E:D125L:N126P:D127V:I128R:P129S:V130S:T131G:T132K:D133V:D134G:V135K:S136K:L137T:A138D:D139R:K140L:A141G:I142V:E143V,1.16850406,-0.39330786,-0.5855237750396186,-16.071733593940735,-18.11502883434296,-123.5467529296875,-115.3714599609375,-207.55488109588623,-1.0
S101Q:T102S:Y110H:K118V:D134M:V135N,1.57591117,-0.18147776,-0.1485116761774355,-2.86253309249878,-3.9983080625534058,-16.7550048828125,-15.124694824218752,-26.64616632461548,-0.9999999962411564
S101Q:T105F:P106C:D125Y:L137E,1.140693492,-0.31315595,-0.2188742966838579,-6.484653234481812,-8.235126757621765,-23.78857421875,-22.96326904296875,-34.23215866088867,-0.9999999999498907
S101Q:Y110H:N126M:V130M:T131Y,1.095514757,-0.20905158,-0.1567353489560164,-4.8097686767578125,-5.307927060127258,-15.6507568359375,-14.7722412109375,-24.300200700759888,-0.9999998212886968
S101R:K118V:V130P:S136I,1.315019463,-0.14748281,-0.1109147801518016,-2.654914379119873,-3.250960731506348,-12.9510498046875,-12.4875244140625,-20.41002988815308,-0.9999983720008312
S101R:N116Q:K118P:T121S:N126Q:D134E,1.4481417630000002,-0.19239491,-0.116760634018433,-1.626603126525879,-2.790680193901062,-14.412353515625,-13.4443115234375,-29.2039315700531,-0.9999999873279304
S101R:T102A:D103S:T105S:P106S:M107G:F108S:E109V:Y110K:E111Y:N112D:L113H:E114L:D115G:N116V:S117I:K118S:E119Y:W120N:T121R:S122K:L123Q:F124R:D125A:N126G:D127S:I128L:P129T:V130P:T131V:T132V:D133P:D134E:V135S:S136D:L137D:A138P:D139V:K140A:A141L:I142K:E143R:S144A,1.323513198,-0.50002104,-0.6180255387601479,-21.18672478199005,-22.86023228168488,-124.30316162109376,-116.54591064453126,-218.96565747261047,-1.0
S101R:T102K:D103Q:S104R:T105A:P106T:M107P:F108L:E109T:Y110P:E111V:N112V:L113P:D115S:N116D:S117D:K118P:E119V:W120A:T121L:S122K:L123R:F124A:D125R:D127T:I128E:P129A:V130A:T131R:T132R:D133S:D134R:V135A:S136R:L137K:A138L:D139E:K140R:A141M:I142N:E143Q:S144L,0.995327684,-0.4853664,-0.6424750602966526,-31.247703313827515,-35.98171319961548,-130.22235107421875,-122.93487548828122,-225.50008821487427,-1.0
S101R:T102K:D103R:T105F:P106K:M107E:F108V:Y110Q:E111T:N112Q:E114F:D115T:N116P:S117N:K118P:E119S:W120S:S122L:L123P:F124T:D125P:N126Q:D127L:I128D:P129V:V130K:T131K:T132S:D133S:D134S:V135L:L137S:A138S:D139S:K140S:A141S:I142S:E143N:S144K,1.0832635,-0.44037443,-0.5846027089183442,-13.270439386367798,-15.833344745635989,-113.79376220703124,-106.156884765625,-187.21959710121155,-1.0
S101R:T102K:D103V:S104K:T105K:M107N:F108S:E109V:Y110V:E111K:N112K:L113S:E114H:D115H:N116V:S117G:E119D:W120D:T121E:L123R:F124L:N126H:D127L:I128G:P129V:T131A:T132Y:D133N:D134R:V135K:S136Q:L137R:A138S:D139I:K140P:A141L:I142S:E143P:S144I,1.152069084,-0.17627099,-0.5372936208052993,-27.45150530338288,-29.208564162254333,-124.45379638671876,-117.17950439453126,-202.70837235450745,-1.0
S101R:T102S:D103S:S104E:T105Q:P106L:M107N:F108S:E109A:Y110V:E111V:N112D:L113T:E114F:D115F:N116S:K118S:E119T:W120D:T121S:L123P:F124M:D125F:N126E:D127F:I128E:P129N:V130L:T131E:T132S:D134P:V135K:L137W:A138G:D139S:K140L:A141F:I142D:E143N:S144D,1.104057132,-0.33594763,-0.5105308994279639,-12.970028042793274,-13.742881965637206,-114.78399658203124,-105.42489013671874,-193.7748157978058,-1.0
S101R:T105M:N126M:V130M:S144E,1.00774959,-0.19455633,-0.1524234106532196,-5.370614528656006,-6.090352725982666,-17.606201171875,-17.02501220703125,-28.35618305206299,-0.9999999224111094
S101R:T105M:T121M:S122E:P129Y,1.664470311,-0.25558767,-0.1997779493230094,-6.12764036655426,-7.264838075637817,-24.86212158203125,-24.61387939453125,-34.8570990562439,-0.9999999983704724
S101R:T121W:N126D:L137P,0.831919055,-0.22251347,-0.1299081714127835,-5.053440093994141,-5.203519320487976,-8.3509521484375,-7.703369140625,-18.951090097427368,-0.9999928085804746
S101T:D103E:S104D:T105D:P106S:M107I:F108D:E109D:Y110D:E111D:N112E:L113I:D115T:N116Y:S117P:K118N:E119T:T121A:S122E:D125L:D127S:I128E:P129S:V130S:T131N:T132A:D133V:D134S:V135S:S136F:L137V:A138P:D139L:A141K:I142T:E143M:S144D,1.2024644759999998,-0.43091,-0.3620039644614657,-1.7844473123550415,-3.486299157142639,-73.09320068359375,-71.1477294921875,-154.4139120578766,-1.0
S101T:D103I:S104K:T105N:P106E:M107P:F108G:E109L:Y110E:E111L:N112S:E114N:D115L:N116P:S117E:K118M:E119Q:W120K:T121A:L123E:F124T:D125I:N126S:D127T:I128P:P129F:V130Q:T131I:T132H:D133S:D134S:S136L:L137E:A138S:D139V:K140F:A141S:I142T:E143N:S144L,1.188894329,-0.4066028,-0.5551386388595418,-16.3327054977417,-17.401828813552857,-119.86468505859376,-112.58167724609372,-197.1729278564453,-1.0
S101T:D103N:S104E:T105S:P106E:M107S:F108D:Y110V:E111Y:N112D:L113E:E114D:D115A:N116P:S117D:K118D:E119I:T121K:S122N:D125S:N126S:I128L:P129I:V130E:T131P:T132A:D133S:D134V:V135M:S136F:L137K:A138D:D139T:K140S:A141N:I142L:E143T:S144T,1.304586847,-0.40403128,-0.4254543535225756,-2.7620742321014404,-2.846493887901306,-88.4261474609375,-79.652392578125,-154.66258835792542,-1.0
S101T:D103S:S104A:T105S:P106S:M107P:F108D:E109L:Y110I:E111S:N112T:L113V:E114A:D115T:N116S:S117V:K118A:E119A:W120S:L123H:F124K:D125R:N126P:D127F:I128G:P129E:T131D:T132S:D133V:D134G:V135T:S136A:L137T:A138G:D139A:K140G:I142A:E143K:S144R,1.0512346890000002,-0.40809697,-0.450375431373026,-19.61426031589508,-20.15701744556427,-101.402587890625,-93.81845703125,-191.60305666923523,-1.0
S101T:D103S:S104N:T105E:P106L:M107A:F108N:E109S:Y110T:E111S:N112K:L113S:E114D:D115I:N116M:S117E:K118V:E119A:T121P:S122T:D125N:N126F:D127S:I128S:P129K:V130D:T131D:T132P:D133V:V135D:S136L:L137E:A138D:D139E:K140D:A141Y:I142E:E143T:S144I,1.605230442,-0.3830434,-0.4568321798195619,-2.5141645669937134,-5.353120040893555,-94.55108642578124,-87.94664306640624,-166.9092116355896,-1.0
S101T:D103V:S104C:D127E:T131Q:V135D,1.329926603,-0.19170883,-0.1203307019433942,-5.300880193710327,-5.994967651367188,-19.04901123046875,-16.775378417968753,-26.43033242225647,-0.9999998636528676
S101T:E111Q:S117A:T131S:A141G,1.171622354,-0.08920702,-0.0860925314689446,-2.0543367862701416,-2.233545517921448,-13.6197509765625,-12.78675537109375,-20.50859022140503,-0.9778148978612492
S101T:F108D:Y110T:E114C,0.0,-0.1367664,-0.1031798773388846,-2.1534385681152344,-2.4388849258422853,-12.54681396484375,-12.231640625,-18.01946234703064,-0.9999992222741548
S101T:F108M:N126A:T132R:K140N,1.29267276,-0.16100669,-0.1009160920818506,-3.664061546325684,-3.912698984146118,-12.927490234375,-12.6306396484375,-22.964107990264893,-0.9999149516727608
S101T:I128Y:V130G:I142A:S144W,1.082913596,-0.18093804,-0.1215541744571564,-7.865925788879394,-7.565923905372619,-16.00067138671875,-14.516943359375,-26.15330696105957,-0.9999981190444176
S101T:K118D:D133A:I142Y,1.286869337,-0.1263997,-0.0578128909725311,-0.0239231586456298,-0.6774398803710937,-4.206298828125,-4.16983642578125,-15.403445720672607,-0.9899364650216496
S101T:S104D:T105V:P106S:M107L:F108A:E109D:Y110K:E111A:N112I:L113E:E114S:D115T:N116E:S117E:K118A:E119S:W120L:T121V:S122P:L123S:F124N:D125L:N126E:D127V:I128S:P129T:V130T:T131S:T132F:D133L:D134P:V135T:S136P:L137I:A138L:D139E:K140D:I142K:E143L,1.160535997,-0.19347543,-0.3889773222899523,-6.065927982330322,-5.380051350593567,-102.69256591796876,-93.353173828125,-175.68610882759094,-1.0
S101T:S104E:T105A:P106D:M107S:F108T:E109V:Y110V:E111L:L113A:E114K:D115N:N116S:S117M:K118T:E119Y:T121S:S122I:D125S:N126E:I128D:P129D:V130D:T131E:D133S:D134N:V135L:L137F:A138E:D139I:K140E:A141P:I142P:E143K:S144D,1.5234963419999998,-0.41907084,-0.4323890115866882,-7.45715320110321,-7.869745230674743,-85.53094482421875,-76.37810058593749,-153.4977478981018,-1.0
S101T:S104E:T105E:P106E:M107D:F108Y:E109K:Y110A:E111S:N112A:L113P:E114S:N116D:S117N:K118N:E119V:T121N:S122D:D125T:N126S:D127T:I128E:P129L:V130D:T131K:T132V:D133I:D134E:V135S:S136L:L137P:A138S:K140F:A141S:I142M:E143T:S144I,1.148104521,-0.38083762,-0.4354658025015292,-6.488085150718689,-7.19933135509491,-86.48248291015625,-81.263720703125,-157.3019118309021,-1.0
S101T:S104N:E111F:N116A:I128N:I142D,0.987280204,-0.26074564,-0.1429229953535087,-0.7288563251495361,-1.3425285577774049,-16.14752197265625,-13.9837158203125,-24.880860805511475,-0.9999999533695754
S101T:S117D:T121P:E143V,1.787684807,-0.10962197,-0.0623101068136955,-1.2485132217407229,-0.9976332426071168,-7.73980712890625,-7.797216796875,-16.478850841522217,-0.970476670822066
S101T:T102A:D103F:S104L:T105P:P106T:M107P:F108A:E109I:Y110E:E111D:N112S:L113K:E114I:D115S:N116T:K118L:E119N:W120K:T121V:L123K:F124P:D125T:N126S:D127T:I128S:P129L:V130N:T131S:T132K:D133V:V135H:S136L:L137G:A138I:D139V:K140S:A141Y:I142N:E143R:S144K,1.364121685,-0.4658411,-0.5845232654720862,-19.400341629981995,-20.49052474498749,-122.96337890625,-115.43060302734376,-198.8222613334656,-1.0
S101T:T102A:D103N:S104N:T105V:P106K:M107A:F108L:Y110T:E111L:N112P:L113K:E114I:D115M:N116D:S117E:K118I:E119Y:S122D:N126S:D127P:I128T:P129S:V130S:T131F:T132S:D133V:D134T:V135D:S136D:L137E:A138D:K140N:A141E:I142E:E143S,1.5593901330000002,-0.42515534,-0.4794147532181384,-1.5376417636871338,-3.569669485092163,-85.5,-80.75606689453126,-147.3031280040741,-1.0
S101T:T102A:D103P:T105P:P106V:M107I:F108A:E109A:Y110S:E111N:N112V:L113E:E114K:D115K:N116S:S117F:K118L:E119P:W120T:T121P:S122V:L123I:F124E:N126A:D127K:I128L:V130I:T131V:T132G:D133K:D134K:V135S:S136F:L137S:A138S:D139N:A141K:I142S:E143G:S144A,1.142318233,-0.35424703,-0.5453853946563612,-18.15050745010376,-17.898213839530946,-122.6795654296875,-114.564892578125,-192.17560577392567,-1.0
S101T:T102A:D103P:T105S:P106N:M107T:F108E:E109I:Y110D:N112D:L113E:E114D:D115E:N116E:S117L:K118D:E119D:S122Y:D125N:N126K:D127T:I128N:P129D:V130T:T131M:T132I:D133K:D134L:V135A:S136D:L137V:A138V:D139S:K140P:A141S:I142S:E143F,1.193651,-0.41184807,-0.4323919981824122,-2.8694406747818,-3.0408439874649047,-82.01776123046875,-75.51005859374999,-149.81960034370422,-1.0
S101T:T102A:T105E:P106D:M107D:F108E:E109N:Y110P:E111T:N112S:N116D:S117V:K118E:T121V:S122T:D125S:N126S:D127T:I128D:P129S:V130P:T131Y:T132A:D133N:D134T:V135I:S136F:L137N:A138L:D139K:K140I:A141M:I142K:E143D,1.632380571,-0.43570328,-0.4303562259334688,-3.961891651153565,-5.460556960105896,-80.98382568359375,-75.40985107421875,-137.44541192054749,-1.0
S101T:T102D:D103E:S104K:T105D:P106L:M107A:F108S:E109T:Y110D:E111I:N112D:L113A:E114K:D115E:N116V:S117M:K118N:E119F:T121D:D125I:N126P:D127T:I128D:P129S:V130Y:T131E:T132L:D133T:D134S:V135P:S136T:L137E:A138S:D139V:K140E:A141N:I142S:E143N:S144D,1.185305002,-0.3989876,-0.4035706978251502,-6.815461754798889,-8.23378608226776,-92.34075927734376,-82.48764648437502,-177.5688440799713,-1.0
S101T:T102D:D103E:T105D:P106M:M107E:F108K:E109D:Y110T:E111S:N112S:L113K:E114S:D115N:N116L:S117D:K118E:E119D:T121D:S122E:D125S:N126P:D127V:I128A:P129I:V130I:T131N:T132F:D133T:D134N:V135T:S136T:L137S:K140Y:A141E:I142V:E143L:S144P,1.485765999,-0.40227497,-0.3872638851722365,0.6423772573471069,-0.9320266246795654,-83.4091796875,-76.26033935546874,-160.77936220169067,-1.0
S101T:T102D:D103K:S104D:T105D:P106I:M107S:F108S:E109N:Y110I:E111F:N112Y:L113T:E114D:D115T:N116S:S117A:K118L:E119V:T121P:S122D:D125M:N126E:D127K:I128E:P129T:V130S:T131D:T132S:D133V:V135N:S136P:L137A:A138L:D139E:K140T:A141N:I142S:S144E,1.3160925490000002,-0.38130075,-0.4816566005720363,-6.9288753271102905,-6.714253497123718,-98.52655029296876,-91.34622802734376,-172.6880145072937,-1.0
S101T:T102D:D103K:S104I:T105S:P106K:M107F:F108E:E109I:Y110T:E111S:N112S:L113D:E114V:D115Y:N116E:S117A:K118S:T121P:D125T:N126P:D127V:I128L:P129M:V130N:T132L:D134E:V135D:S136N:L137D:A138E:K140S:A141N:I142D:E143A:S144T,1.704393991,-0.40439332,-0.4684691513984653,-8.163115620613098,-10.595205736160278,-89.4747314453125,-83.06163330078124,-152.18459558486938,-1.0
S101T:T102D:D103K:S104L:T105K:P106N:M107S:F108T:E109I:Y110L:N112T:L113Y:E114S:D115N:N116E:S117E:K118D:E119D:T121P:S122V:D125S:N126S:I128E:P129E:V130I:T131S:T132D:D133V:D134F:V135T:S136T:L137P:K140A:A141M:I142D:E143S:S144N,1.444792401,-0.41618216,-0.4640822766938668,-7.557630658149719,-8.998985719680785,-87.01708984375,-81.82178955078126,-158.44333600997925,-1.0
S101T:T102D:D103L:S104N:T105S:M107D:F108A:E109S:Y110A:E111Y:L113K:D115E:N116I:S117F:K118P:E119I:T121D:D125E:N126K:I128T:P129D:V130S:T131V:T132M:D134T:S136L:L137D:A138N:D139S:K140E:A141S:I142T:S144T,1.2933880290000002,-0.34782517,-0.4295965445847698,2.0080095529556274,1.1819191932678224,-87.37255859375,-80.17196044921874,-135.90326404571533,-1.0
S101T:T102D:D103M:S104E:T105L:P106G:M107P:F108G:E109V:Y110E:N112W:L113G:E114S:D115L:N116F:S117P:K118S:E119Q:W120D:T121D:S122F:L123S:F124L:D125G:N126L:I128T:P129T:V130A:T131L:T132D:D133I:D134A:V135A:S136A:A138S:D139Q:K140P:A141K:I142V:E143K:S144A,0.91586456,-0.37056106,-0.5605725597232262,-6.58462929725647,-9.659950804710387,-111.76025390625,-107.46961669921872,-199.50902366638184,-1.0
S101T:T102D:D103M:S104E:T105P:P106E:M107D:F108E:Y110D:E111T:N112D:L113V:E114S:D115S:N116A:S117N:K118T:E119T:T121V:N126S:I128Y:P129F:V130P:T131N:T132I:D133I:D134L:V135T:S136D:L137S:A138E:D139S:A141K:I142L:E143A:S144N,1.385765654,-0.4232275,-0.4644866074531528,-7.124524474143982,-7.273533034324646,-75.3011474609375,-70.57115478515625,-143.95982146263125,-1.0
S101T:T102D:D103N:S104F:T105Y:M107I:F108S:E109D:Y110L:E111P:L113V:E114T:D115S:N116E:K118M:E119K:T121I:S122E:D125K:N126T:D127V:I128S:P129S:V130S:T131A:T132D:D133T:D134E:V135L:S136E:L137D:A138D:D139T:K140D:I142N:E143D:S144E,1.398360644,-0.44057256,-0.3711177513692727,-3.687170624732971,-5.923961305618287,-75.64874267578125,-68.3366455078125,-151.41435956954956,-1.0
S101T:T102D:D103P:S104A:T105E:P106T:M107V:F108E:E109D:Y110A:E111D:N112V:L113D:E114M:D115S:N116L:S117I:K118T:E119D:T121S:S122L:D125K:N126K:D127N:I128E:P129D:V130T:T131S:T132F:D133P:D134S:V135D:L137E:A138Y:D139N:K140I:A141N:I142T,1.283631261,-0.36186928,-0.5248603142029027,0.991733193397522,-1.1130472898483277,-99.8997802734375,-93.12974853515624,-160.3886158466339,-1.0
S101T:T102D:D103S:T105E:P106K:M107N:F108S:E109D:Y110D:E111I:N112L:L113S:E114A:D115E:N116A:S117N:K118T:E119S:T121I:S122E:D125V:N126T:D127P:I128L:P129D:T132S:D133Y:D134E:V135N:S136D:L137P:A138T:D139F:K140D:A141K:I142M:E143D:S144E,1.90850708,-0.39331722,-0.4627467253878448,-6.159265398979187,-8.868946528434753,-90.18939208984376,-83.51123046875,-160.07810735702515,-1.0
S101T:T102D:D103T:S104E:T105N:P106S:M107S:F108V:E109Y:Y110D:E111P:N112L:L113V:D115N:N116T:S117T:K118I:E119D:T121E:S122D:D125S:N126S:I128K:P129M:V130T:T131L:T132I:D133S:D134K:V135E:S136E:L137S:A138N:D139F:K140A:I142P:E143D:S144D,1.104525607,-0.3351789,-0.412604389665814,-3.214444875717163,-4.027438282966614,-93.39007568359376,-86.451025390625,-157.6397705078125,-1.0
S101T:T102D:D103T:S104V:T105M:P106T:M107V:F108D:E109I:Y110S:E111N:N112K:L113P:E114T:D115L:N116S:S117K:K118F:E119S:T121Y:D125I:N126L:D127N:I128T:P129E:V130E:T131D:T132E:D134E:V135A:S136D:L137E:A138D:K140P:A141N:I142S:E143S:S144A,1.153491786,-0.43890363,-0.4668801195680884,-7.602094531059265,-8.288691520690918,-92.11279296875,-84.18740234375001,-157.32585310935974,-1.0
S101T:T102D:D103V:S104D:T105M:P106K:M107E:F108N:E109S:Y110L:E111Y:N112P:L113D:E114D:D115K:N116F:S117T:K118I:S122N:D125E:N126A:D127A:I128S:P129S:V130S:T131E:T132V:D133T:V135S:L137I:A138L:D139E:K140T:A141D:I142P:E143N:S144D,1.227901614,-0.38823992,-0.4906863826873888,0.0112711191177368,-0.8708236455917359,-93.9805908203125,-87.98984375,-152.14481949806213,-1.0
S101T:T102D:F108T:D133W,1.292615785,-0.15592262,-0.1294770698954627,-3.842904090881348,-4.321098327636719,-13.2342529296875,-13.658532714843751,-21.527846813201904,-0.9999986265634094
S101T:T102D:S104D:T105D:P106E:M107E:F108E:E109T:Y110P:E111V:N112M:L113N:E114N:D115T:N116D:S117L:K118I:E119S:T121L:S122E:D125N:N126K:D127T:I128A:P129I:V130S:T131D:T132D:D133P:D134A:V135Y:L137K:A138S:D139V:K140F:A141T:I142S:E143S:S144E,1.438827417,-0.4365124,-0.4657813781521075,-2.8071802854537964,-5.246839880943298,-95.11456298828124,-89.03909912109376,-167.18891167640686,-1.0
S101T:T102D:S104I:T105S:P106S:M107K:F108K:E109L:Y110D:N112V:L113V:E114N:N116E:K118L:T121Y:D125N:N126T:D127P:P129D:V130S:T131D:T132A:D133S:D134F:V135M:S136P:L137E:A138T:K140A:A141N:I142T:E143T:S144E,1.084358444,-0.34440136,-0.3893044902760788,-3.359943985939026,-5.665650463104248,-78.85577392578125,-71.84459228515625,-132.5490026473999,-1.0
S101T:T102E:D103A:S104E:P106N:M107T:F108T:E109F:Y110T:E111K:N112I:L113K:E114L:D115N:N116S:S117D:K118N:E119A:T121Y:D125L:N126P:I128M:P129S:V130P:T131V:T132D:D133E:D134S:V135D:S136D:L137D:A138E:K140E:A141V:I142S:E143I,1.278219388,-0.4141459,-0.5034491922507507,-6.465761542320252,-7.4072096109390255,-91.83575439453124,-86.171484375,-149.14961540699005,-1.0
S101T:T102E:D103A:T105D:P106Y:M107E:F108S:Y110S:E111I:N112P:L113M:E114T:D115P:N116S:S117T:K118L:E119V:T121N:S122T:D127I:I128D:P129T:V130D:T131E:T132N:D133F:D134K:V135D:S136D:L137S:A138E:D139L:K140S:A141D:I142A:E143K:S144V,1.558614,-0.35949373,-0.3979463950594973,-10.163015604019163,-10.99119062423706,-86.83209228515625,-82.54999999999998,-161.2467747926712,-1.0
S101T:T102E:D103E:S104D:T105V:P106T:M107N:F108N:E109D:Y110D:E111A:N112I:L113K:E114I:D115T:N116D:S117D:K118V:E119A:W120Q:T121V:S122K:L123Q:F124E:D125E:N126T:D127A:I128S:P129F:V130L:T131P:D133P:D134A:V135I:S136E:L137Q:A138E:D139T:K140L:A141S:I142K:E143A:S144T,1.151503614,-0.37521338,-0.504506501438779,-8.551136255264282,-11.325301909446717,-109.65887451171876,-100.8943359375,-199.0729856491089,-1.0
S101T:T102E:D103I:S104P:P106D:M107E:F108K:E109S:Y110K:E111S:N112I:L113A:E114V:D115A:N116L:S117D:K118D:E119M:T121V:S122N:D125S:D127Y:I128N:P129E:V130D:T131S:T132F:D133E:V135D:S136T:L137E:A138T:D139S:K140L:A141T:I142D:E143P,1.340070359,-0.43752462,-0.4785989781715692,-2.467704176902771,-4.122270703315735,-89.7376708984375,-84.28262939453126,-152.05141854286194,-1.0
S101T:T102E:D103N:S104D:T105S:P106T:M107T:F108N:E109V:Y110T:N112V:L113T:E114D:D115S:N116P:S117L:K118F:E119D:T121D:S122Y:D125A:N126K:D127M:I128P:P129S:V130S:T131I:T132E:D133N:D134L:V135E:L137S:A141I:I142D:S144D,1.150183124,-0.35855788,-0.4113422000111211,-5.456009864807129,-7.312137150764466,-87.2181396484375,-79.3888916015625,-157.58351039886475,-1.0
S101T:T102E:D103S:S104D:T105S:M107E:F108I:E109A:Y110D:E111Y:L113S:E114D:D115A:N116L:S117I:K118L:E119T:T121N:S122D:D125S:N126P:D127V:I128T:P129S:V130K:T131V:T132F:D133N:V135E:S136K:L137E:A138T:D139T:K140D:A141E:I142M:E143S:S144D,1.2530823,-0.37410986,-0.3734301909857374,-2.859025239944458,-3.0564960479736327,-76.0611572265625,-69.1207275390625,-161.04509568214417,-1.0
S101T:T102E:D103S:S104E:T105D:P106A:M107D:F108N:Y110D:L113D:E114S:D115S:N116S:S117Y:K118S:E119I:T121A:S122F:N126K:D127N:V130E:T131L:T132L:D133P:D134T:V135D:S136V:L137K:A138T:D139T:K140V:A141D:I142M:E143T,1.536597875,-0.39800107,-0.4245324185734542,-2.929805278778076,-2.989750552177429,-75.43218994140625,-72.86854248046875,-145.02973747253418,-1.0
S101T:T102E:D103T:S104D:T105D:P106E:M107D:F108P:E109D:Y110D:E111A:N112V:L113D:E114S:D115S:N116V:S117T:K118S:E119P:T121S:S122N:D125N:N126M:D127S:P129K:V130S:T131E:T132I:D133E:D134L:V135E:S136D:L137T:A138T:D139K:K140L:A141Y:I142A:E143N:S144F,1.4520826480000002,-0.41765696,-0.4257369940815447,-3.0564690828323364,-4.426186561584473,-95.1844482421875,-88.55380859375,-166.71041989326477,-1.0
S101T:T102E:D103T:S104P:T105I:P106T:M107S:F108P:E109I:Y110T:E111S:N112V:L113T:E114D:D115E:N116E:K118D:E119D:T121A:S122N:D125V:N126D:I128S:P129D:V130L:T131A:T132D:D133M:D134Y:V135N:L137K:A138E:D139L:K140E:A141K:I142F:E143S:S144N,1.380909189,-0.38455606,-0.4586654065766793,-4.346451044082642,-4.057401180267334,-97.0208740234375,-88.58031005859374,-156.8737769126892,-1.0
S101T:T102E:D103Y:S104N:T105N:P106A:M107P:F108E:E109V:Y110D:E111M:N112S:E114D:N116V:S117D:K118T:E119D:T121K:S122L:D125S:N126E:D127N:I128F:P129D:V130S:T131I:T132P:D133S:D134T:V135S:S136K:L137S:D139T:K140D:A141T:I142E:S144I,1.111078458,-0.36962402,-0.4359381733415814,-0.799934983253479,-2.82542622089386,-84.076416015625,-76.7560302734375,-150.2307643890381,-1.0
S101T:T102E:S104D:T105E:P106I:M107D:F108D:Y110M:E111S:N112A:E114N:D115S:S117T:K118L:E119S:T121E:S122V:N126T:D127N:I128S:P129S:V130E:T131Y:T132F:D133T:D134K:V135D:L137P:A138I:D139A:K140T:A141P:I142K:E143D:S144V,1.360446775,-0.4055813,-0.4226326721843028,-6.392035961151123,-7.688317131996155,-84.279052734375,-77.6502685546875,-150.05803418159485,-1.0
S101T:T102E:S104E:T105N:P106E:M107I:F108E:E109T:Y110L:E111N:N112K:L113D:E114S:D115T:N116K:K118L:E119S:T121P:S122V:D125T:N126D:D127S:I128D:P129E:V130A:T131D:T132D:D134V:V135T:S136A:L137S:A138I:D139Y:K140M:A141N:I142S:E143F:S144P,1.5015892169999998,-0.40240747,-0.4818178224393906,-11.512932896614076,-10.786013984680176,-92.25634765625,-86.0654052734375,-162.4640519618988,-1.0
S101T:T102F:S104I:T105S:M107N:E109G:Y110H:E111S:N112D:D115N:N116P:S117D:K118T:E119W:W120F:T121S:S122L:L123F:F124P:N126A:D127T:I128P:P129L:V130P:T131Q:T132A:D133Q:D134A:V135Q:S136V:L137Q:A138T:D139Q:K140P:A141Q:I142T:E143Q:S144T,1.118543489,-0.38076842,-0.4002178911636733,-9.899619698524477,-10.185491061210632,-87.62115478515625,-78.46878662109376,-172.66104388237,-1.0
S101T:T102I:D103A:S104A:T105E:P106S:M107N:F108V:Y110D:E111F:N112T:L113T:E114S:D115N:N116D:K118T:E119S:T121P:S122P:D125Y:N126D:D127M:I128D:P129S:V130E:T131D:T132D:D133I:D134V:V135S:S136K:L137T:A138L:D139E:K140E:A141K:I142L:E143N:S144D,1.183997396,-0.36598015,-0.4129418749826234,-7.431263566017151,-7.706830787658691,-82.919189453125,-77.97283935546874,-157.14337193965912,-1.0
S101T:T102I:D103E:S104E:T105V:P106E:M107S:F108S:E109A:Y110T:E111D:N112Y:L113K:E114S:D115F:N116K:K118L:E119S:T121L:N126D:D127E:I128T:P129E:V130D:T131I:T132A:D133P:D134T:V135M:S136N:L137D:A138D:D139P:K140N:A141N:I142V:E143D:S144T,1.551812047,-0.3833992,-0.4110451151891959,-2.81462025642395,-3.837322473526001,-81.743896484375,-74.4571044921875,-150.04806470870972,-1.0
S101T:T102I:D103S:S104A:T105D:P106S:M107N:F108Y:E109D:Y110K:N112D:L113M:E114K:N116D:K118N:E119T:T121A:S122I:D125E:N126T:D127V:I128L:P129T:V130D:T131D:T132L:D133V:D134N:V135F:S136T:L137E:A138S:D139S:K140E:A141S:I142P:E143P:S144E,1.325846834,-0.39965838,-0.3334058985591359,-3.1737722158432007,-4.818598008155822,-76.8514404296875,-67.6869384765625,-153.8498637676239,-1.0
S101T:T102I:D103S:S104N:T105D:P106F:M107D:F108E:Y110S:E111S:N112Y:L113T:E114S:D115N:N116V:S117K:K118N:S122K:N126L:I128A:P129S:V130L:T131V:T132E:D134E:V135D:S136D:L137M:D139T:K140I:A141T:I142S:E143P:S144P,1.472773237,-0.39146173,-0.3854304412081573,-2.218183159828186,-2.8646049737930297,-81.30450439453125,-77.53460693359375,-138.82698249816897,-1.0
S101T:T102I:D103S:T105A:P106S:M107H:F108A:E109S:Y110K:E111I:N112V:L113K:E114G:D115E:N116K:S117I:K118D:E119H:W120L:T121G:S122I:L123I:F124S:D125Y:D127R:I128K:P129Q:V130R:T131Q:T132A:D133P:D134L:V135K:S136P:L137V:A138V:D139A:K140E:A141S:I142N:E143D:S144P,1.109951661,-0.526522,-0.6269471518085521,-17.89784812927246,-22.183493494987488,-129.157958984375,-122.3845703125,-207.30853629112244,-1.0
S101T:T102K:D103A:S104T:T105L:P106D:M107S:F108D:E109Y:Y110F:N112M:L113I:E114D:D115S:N116S:S117N:K118E:E119S:T121S:S122T:D127N:I128T:P129V:V130E:T131K:T132D:D133T:D134P:V135L:L137E:D139V:K140D:A141E:E143D:S144P,1.341653197,-0.37653297,-0.4186936782348198,-3.1807186603546143,-4.46485059261322,-79.4837646484375,-73.77460937500001,-142.34157598018646,-1.0
S101T:T102K:D103E:S104D:T105S:M107A:F108P:E109L:Y110T:E111S:N112E:L113T:E114K:D115N:N116L:K118I:E119D:T121E:S122T:D125E:N126F:D127Y:P129V:V130D:T131N:T132S:D134N:V135A:L137V:A138E:D139M:K140S:A141D:I142T:E143D:S144D,1.853669249,-0.43562984,-0.4142244820917204,-2.735190868377685,-3.8130975008010863,-82.560791015625,-72.95032958984375,-150.64820837974548,-1.0
S101T:T102K:D103L:S104E:T105I:P106V:M107T:F108S:E109A:Y110K:E111V:N112T:L113E:E114D:D115E:N116D:S117D:K118D:E119D:T121D:S122F:D125I:N126D:D127S:I128P:P129E:V130N:T132Y:D133N:D134L:V135E:L137A:A138T:D139N:K140M:A141S:I142S:E143S:S144P,1.301888053,-0.4187271,-0.4874818740790425,-5.972718834877014,-7.424434518814087,-98.69708251953124,-91.25810546875,-167.2831048965454,-1.0
S101T:T102K:D103N:S104D:T105S:P106V:M107E:F108E:E109S:Y110T:E111N:N112I:L113K:E114D:D115P:N116A:K118D:E119A:S122I:D125S:N126L:D127N:I128V:P129F:V130D:T131E:T132D:D133Y:D134E:V135S:S136M:L137T:A138D:D139S:K140D:A141P:I142E:E143L:S144T,1.448996671,-0.41701508,-0.4726565758104426,-7.342122912406921,-7.85323736667633,-88.85638427734375,-82.21640625,-165.73465180397034,-1.0
S101T:T102K:D103N:S104V:T105E:M107L:F108A:E109L:E111S:N112D:L113D:E114D:D115P:N116E:S117T:K118V:E119A:T121D:S122M:D125T:N126I:D127F:I128T:P129K:V130E:T131D:T132E:D133S:D134S:V135I:S136D:L137S:A138T:D139N:K140E:A141D:I142S:E143N,1.440008531,-0.44203085,-0.4763587055681439,-7.375059962272644,-9.092082524299622,-92.886962890625,-83.924951171875,-160.86364650726318,-1.0
S101T:T102K:D103N:T105S:P106E:M107S:F108T:Y110N:E111K:N112I:L113D:E114I:D115E:N116F:K118M:E119A:T121S:S122P:D125N:N126T:D127T:I128A:P129V:V130D:T131D:D133V:D134E:V135P:S136Y:A138D:K140D:A141D:I142L:E143S:S144E,1.508158567,-0.39530492,-0.450771291060804,-6.1679054498672485,-7.23574378490448,-86.10260009765625,-77.9185546875,-146.51561450958252,-1.0
S101T:T102K:D103T:S104T:T105K:P106S:M107Y:F108T:E109S:Y110S:E111I:N112A:L113E:E114V:D115P:N116F:S117D:K118E:E119N:T121S:S122T:D125S:N126L:D127N:I128V:P129I:V130D:T131M:T132S:V135D:S136E:L137E:A138E:K140D:I142N:E143L:S144P,1.360121224,-0.41967726,-0.4639426126174655,-2.929454803466797,-5.472220873832702,-90.49365234375,-85.9068359375,-156.99873089790344,-1.0
S101T:T102K:D103V:S104D:T105H:P106L:M107G:F108C:E109V:Y110T:E111Y:N112S:L113K:E114K:D115Q:N116R:K118Q:E119P:W120L:T121P:S122P:L123V:F124A:D125T:N126E:D127S:I128T:P129D:V130P:T131I:T132S:D133L:D134K:V135R:S136A:L137K:A138N:D139T:K140E:I142A:E143R:S144R,1.208355062,-0.5570557,-0.6321009299933275,-31.69184696674347,-32.18321802616119,-121.64300537109376,-111.59122314453124,-207.8635623455048,-1.0
S101T:T102K:S104I:T105N:P106D:M107S:F108Y:E109M:Y110D:E111V:N112T:L113D:D115N:N116L:K118D:T121D:S122T:D125E:D127I:I128S:P129K:V130E:T131L:D133S:D134P:V135F:S136A:L137E:A138S:D139P:K140S:A141V:I142T:E143A:S144D,1.3797139859999998,-0.3956557,-0.4350246551622276,1.184348464012146,-1.9466920375823973,-88.23785400390625,-79.586376953125,-144.44201517105105,-1.0
S101T:T102L:D103P:S104T:T105P:P106L:M107L:F108D:E109S:Y110K:E111K:N112R:L113I:E114K:D115V:N116D:S117H:K118L:E119G:W120C:T121V:S122T:L123Y:F124S:D125K:N126K:D127Q:I128R:P129S:V130Q:T131P:T132L:D133Q:D134P:V135I:S136I:L137I:A138D:K140I:A141K:I142D:E143A:S144A,1.059926913,-0.5220165,-0.6118197186561667,-21.93957817554474,-23.344858479499816,-128.3837890625,-117.40738525390624,-202.54798030853271,-1.0
S101T:T102L:D103P:T105D:P106E:M107E:F108D:E109D:Y110D:E111M:N112A:L113N:E114D:D115L:S117D:K118N:E119T:T121K:S122D:D125S:N126V:D127E:I128Y:P129T:V130E:T132S:D133V:D134I:V135P:S136I:L137S:A138F:D139E:K140A:A141S:I142K:E143T,1.6215242630000002,-0.3976701,-0.398725353526051,-0.1665016412734985,-1.259012222290039,-92.54339599609376,-83.98403320312501,-148.03119730949402,-1.0
S101T:T102L:D103Y:S104E:T105D:P106E:M107E:F108S:E109D:Y110T:E111I:N112T:L113P:E114A:D115N:N116V:S117F:K118D:E119P:T121N:S122T:N126D:D127N:I128E:P129S:V130T:T131D:T132V:D133S:D134K:V135M:S136D:A138S:D139E:K140I:I142K:E143S,1.044767873,-0.37861747,-0.3951358998797543,-1.5317074060440063,-2.9298734426498414,-88.47027587890625,-81.44815673828124,-151.7166600227356,-1.0
S101T:T102M:D103S:S104A:T105S:P106N:M107I:F108D:Y110S:N112S:L113A:E114T:D115Y:N116D:S117T:K118D:E119T:T121S:S122F:N126S:D127V:P129V:V130K:T131K:D133P:D134L:V135N:S136L:L137P:A138E:K140E:A141D:I142D:S144N,1.41004409,-0.395967,-0.3537995688007396,-2.7079575061798096,-5.245554900169372,-69.30694580078125,-65.02777099609375,-136.84311485290527,-1.0
S101T:T102M:D103Y:S104T:P106D:M107A:F108N:E109V:Y110D:E111D:N112I:L113T:D115A:N116S:S117E:K118F:E119P:T121K:S122D:D125E:N126S:D127I:I128S:P129S:V130D:T131N:T132S:D133L:D134P:V135D:S136E:L137S:A138K:D139N:K140L:A141V:I142D:S144T,1.099344518,-0.38512707,-0.4649400812875335,-7.658350944519043,-7.925110483169556,-85.9580078125,-79.00211181640624,-159.96188974380493,-1.0
S101T:T102M:F108D:E111M:V130A,1.4887530780000002,-0.13526773,-0.0879013224428659,-1.999399185180664,-2.7102520942687987,-17.25250244140625,-15.2110107421875,-22.04917311668396,-0.9999999629680316
S101T:T102N:D103E:S104A:T105E:P106S:M107D:Y110E:E111M:N112D:L113E:E114D:N116D:K118Y:E119I:S122V:D125N:N126L:D127T:I128D:P129D:V130L:T131K:T132N:D133A:D134S:V135P:L137V:A138T:D139K:K140P:A141I:I142S:E143S:S144T,1.408588847,-0.45145297,-0.3989811690252447,-1.8517799377441408,-2.7764351606369018,-73.7679443359375,-65.73597412109375,-143.5097210407257,-1.0
S101T:T102N:D103I:S104K:P106M:M107S:F108E:E109L:Y110P:E111A:E114V:D115S:N116D:S117T:K118A:E119F:T121S:S122I:N126D:I128Y:P129S:V130T:T131D:T132E:D134V:V135D:S136P:L137E:A138T:D139K:K140S:A141E:I142N,1.536929729,-0.4086942,-0.4255211989650523,-7.189310789108276,-7.358717846870422,-77.520751953125,-73.85310058593751,-141.37984681129456,-1.0
S101T:T102N:D103L:S104D:T105D:P106N:M107D:F108Q:E109L:Y110L:E111G:L113T:E114P:D115M:N116F:S117D:K118E:E119L:W120D:T121F:S122T:F124D:D125G:N126T:D127K:I128V:P129N:V130S:T131K:T132D:D134W:A138F:D139K:K140D:A141E:I142P:E143I:S144P,0.956890974,-0.3762604,-0.5428978319269907,-6.491264343261719,-7.583672523498535,-117.68927001953124,-111.8734375,-179.0186619758606,-1.0
S101T:T102N:D103N:S104E:T105A:P106D:M107D:F108E:Y110I:E111D:N112D:L113F:D115M:N116V:S117T:K118P:E119V:T121S:S122P:D125A:N126T:D127N:I128D:P129T:V130Y:T131E:T132D:D133S:D134S:V135S:L137I:A138L:A141L:I142K:E143T,1.632791176,-0.3990783,-0.3848312758041871,-3.646743416786194,-3.840148448944092,-80.01385498046875,-73.26539306640625,-144.7143177986145,-1.0
S101T:T102N:D103P:S104N:T105P:P106T:M107L:F108S:E109D:Y110L:E111T:N112S:L113K:E114V:D115T:N116K:K118Y:E119S:T121D:S122A:D125N:N126S:D127T:I128F:P129E:V130D:T131D:T132E:D134E:V135D:S136I:L137E:A138D:D139E:K140I:A141S:I142V:E143M:S144A,1.478273318,-0.38188958,-0.4251293576060665,-4.339626789093018,-4.58375849723816,-90.38287353515624,-81.87647705078125,-156.80487298965454,-1.0
S101T:T102N:D103S:S104E:T105P:P106Y:M107I:F108D:E109D:Y110F:N112D:L113V:E114D:D115T:K118E:E119N:T121D:S122T:N126K:I128K:P129L:V130E:T131M:T132E:D133S:D134S:S136A:L137T:A138L:D139T:K140S:I142S:E143P:S144I,1.6311289919999998,-0.32310158,-0.3231641015972532,-0.1096705198287963,-0.7382222414016724,-70.3984375,-64.45029296875,-137.64390087127686,-1.0
S101T:T102N:D103S:S104I:T105N:P106L:M107S:F108D:E109D:Y110L:E111K:N112D:L113A:E114M:D115E:N116T:S117T:K118D:E119P:T121S:D125Y:N126E:D127I:I128D:P129F:V130P:T131E:T132V:D133A:D134E:V135K:S136T:L137S:A138N:D139V:K140S:A141E:I142D:E143D:S144T,1.070262975,-0.36697072,-0.4246295100853536,-4.792170524597168,-5.304800891876221,-89.71588134765625,-80.29820556640625,-162.41514134407043,-1.0
S101T:T102N:D103S:S104V:T105K:P106I:M107N:F108M:E109D:N112E:L113D:E114S:D115S:N116D:S117E:K118A:T121S:S122D:D125T:N126T:D127P:I128N:P129E:V130I:T131A:T132L:D133S:D134T:V135S:S136L:L137F:A138K:K140P:A141T:I142D:E143V:S144D,1.499715963,-0.44023377,-0.4451787005115659,-4.223871827125549,-5.455025339126587,-85.66424560546875,-80.10535888671875,-152.70117211341858,-1.0
S101T:T102N:D103T:S104T:T105S:P106N:M107S:E109S:Y110L:E111D:N112E:L113P:E114Y:D115K:N116D:S117T:K118D:E119I:T121V:S122K:D125P:N126A:D127E:I128S:P129S:T131S:T132L:D133A:D134M:V135D:S136T:L137E:A138D:D139E:K140I:A141D:I142D:S144N,1.465659839,-0.37452334,-0.3509761498067727,-4.543818831443787,-4.945809698104858,-71.20550537109375,-61.9212890625,-153.1618938446045,-1.0
S101T:T102N:D103T:T105A:P106N:M107L:F108P:E109S:Y110D:N112D:L113E:E114D:N116E:S117D:K118N:E119L:T121E:S122P:D125S:N126I:D127Y:I128T:P129V:V130K:T131A:T132K:D133M:D134T:V135F:S136T:L137I:A138V:D139E:K140S:A141D:I142D:E143S,0.979105469,-0.43725908,-0.4345521757186944,1.7529189586639404,0.846900749206543,-86.5635986328125,-79.5064697265625,-143.8450436592102,-1.0
S101T:T102N:D103V:S104A:T105A:M107Q:F108L:E109P:Y110Q:N112L:L113A:E114A:D115P:N116T:S117Q:K118Q:E119Q:W120Q:T121S:S122P:L123A:F124A:D125G:N126S:D127E:I128D:P129L:V130E:T131A:T132A:D133P:D134S:V135P:S136A:L137P:A138R:D139R:A141S:I142G:E143N,1.200115862,-0.43012106,-0.4473122701950345,-21.0868022441864,-23.09075603485108,-98.03668212890624,-91.27686767578123,-188.50074362754825,-1.0
S101T:T102N:S104L:T105P:P106E:M107D:F108E:E109F:Y110T:E111D:N112S:L113A:E114V:D115L:N116I:K118T:E119M:T121K:S122D:N126Y:D127S:I128N:P129A:V130D:T131S:T132E:D133I:D134V:V135K:L137P:A138N:K140T:A141E:I142T,1.374008203,-0.41866916,-0.4857400371510788,-4.241162419319153,-7.449215650558472,-89.38970947265625,-84.626123046875,-148.51571679115295,-1.0
S101T:T102N:S104L:T105V:P106D:M107E:F108M:E109F:Y110T:E111T:N112S:L113S:E114S:D115S:N116I:S117T:K118N:E119S:S122V:D125E:N126D:I128E:P129Y:V130E:T131I:T132E:V135D:S136L:L137N:A138P:D139A:A141K:I142A:E143S:S144P,1.349104312,-0.3952127,-0.3874822867722699,-4.849018931388855,-7.206286311149597,-76.9654541015625,-72.1728515625,-147.0060465335846,-1.0
S101T:T102N:T105M:P106D:M107K:F108L:E109A:Y110I:E111P:N112S:L113S:E114S:D115V:N116F:S117I:K118N:E119T:T121K:S122E:N126E:I128D:P129E:V130E:T132L:D133S:D134N:V135T:S136Y:L137P:A138D:D139V:K140D:A141E:I142T:E143S:S144A,1.362041199,-0.3906656,-0.3656160619335242,-4.514629125595093,-3.4817614793777465,-71.7242431640625,-66.93388671875,-149.98278260231018,-1.0
S101T:T102P:D103A:S104D:T105D:P106E:M107D:F108D:E109T:Y110E:E111L:N112I:L113E:E114L:D115K:N116P:S117N:K118V:E119N:T121D:S122K:D125E:N126S:I128V:P129D:V130S:T131S:T132S:D133T:D134S:V135A:S136T:L137E:A138I:D139M:K140S:A141Y:I142N:E143T:S144F,1.3949363609999998,-0.3876943,-0.4969822893787534,-4.345988512039185,-5.028214168548584,-103.9898681640625,-95.47288818359374,-168.09108793735504,-1.0
S101T:T102P:D103M:S104F:T105D:P106E:M107L:F108D:E109V:Y110I:E111M:N112D:L113E:E114G:D115K:N116A:K118S:E119K:W120D:T121D:S122W:L123V:F124S:D125L:N126F:D127G:I128G:P129N:V130D:T131D:T132S:D133G:D134K:V135R:S136E:L137E:A138T:D139N:K140V:A141S:I142M:E143N:S144A,1.397075871,-0.3886571,-0.5643275250743717,-21.67690658569336,-25.14488890171051,-123.199951171875,-112.74667968749998,-216.1542568206787,-1.0
S101T:T102P:D103M:S104N:P106E:M107E:F108E:E109D:Y110D:N112D:L113S:E114I:D115K:N116T:S117D:K118S:T121N:S122V:D125N:N126D:D127P:I128Y:P129L:V130L:D133K:D134S:V135F:S136D:L137S:A138I:D139A:K140S:A141D:I142A:E143S:S144V,1.4178442880000002,-0.39035618,-0.4343246514262678,-3.8821897506713854,-4.481473255157471,-81.87750244140625,-74.6530029296875,-145.15354585647583,-1.0
S101T:T102P:D103N:S104E:T105N:P106T:M107K:F108L:E109K:Y110S:E111T:N112M:L113E:E114S:N116E:S117D:K118F:T121D:S122I:D125V:N126A:I128S:P129V:V130P:D133S:D134L:V135D:S136I:L137E:A138D:K140N:A141S:I142A:E143S:S144Y,1.4530531480000002,-0.40367776,-0.4664700871260565,-7.507974624633789,-7.504269909858704,-93.43768310546876,-87.63634033203127,-152.37545156478882,-1.0
S101T:T102P:D103N:S104L:T105D:P106L:M107P:F108R:E109N:Y110E:E111K:N112L:L113D:E114H:D115L:N116G:S117V:K118V:E119K:W120Y:T121S:S122K:L123K:F124S:D125R:N126T:D127Q:I128P:P129L:V130G:T131P:T132V:D133K:D134V:V135G:L137N:A138D:D139P:K140V:A141L:I142M:E143K:S144R,1.11509592,-0.56118387,-0.622908351260148,-27.847984671592712,-28.44034667015076,-130.2576904296875,-122.15626220703126,-219.187888622284,-1.0
S101T:T102P:D103N:S104T:T105P:P106L:M107V:F108E:E109V:Y110A:E111M:N112I:L113S:E114N:D115S:N116D:S117D:K118S:E119S:T121L:S122T:D125N:N126K:D127E:I128A:P129S:V130E:T131D:D134K:V135I:S136E:L137Y:A138D:K140D:A141T:I142S:E143F:S144E,1.580640888,-0.39914554,-0.4857698488065781,-8.019084453582764,-10.474067544937132,-91.33538818359376,-83.57276611328125,-161.85018277168274,-1.0
S101T:T102P:D103T:S104D:T105E:P106E:M107S:F108T:E109L:Y110D:E111D:N112E:L113N:E114S:N116A:S117K:K118A:E119V:T121E:S122N:D125Y:N126M:D127V:I128D:P129S:V130S:T131I:T132D:D133F:D134I:V135N:S136K:L137D:A138T:D139P:K140E:A141S:I142L:E143T,1.322222087,-0.4193958,-0.4590895574712245,-6.510580539703369,-6.7346426486969,-90.40277099609376,-83.25155029296876,-166.45455265045166,-1.0
S101T:T102P:S104N:T105S:P106M:M107E:F108D:E109D:Y110E:L113E:E114D:D115N:N116A:S117T:K118S:E119T:T121A:D125V:N126F:D127K:I128E:P129D:V130S:T131V:T132K:D134S:V135Y:S136P:L137I:A138D:D139S:K140L:A141T:E143T:S144L,1.800430912,-0.4179694,-0.3977191965775134,-1.746729612350464,-1.568996047973633,-80.04046630859375,-70.22061767578126,-140.64033436775208,-1.0
S101T:T102Q:S104H:T105I:F108V:E109L:Y110G:N112S:L113V:E114L:D115R:N116S:S117F:K118V:E119G:W120N:T121D:S122A:L123N:F124K:D125A:N126P:D127A:P129K:V130Q:T131E:T132Y:D133E:D134A:V135L:S136P:A138N:D139A:K140Q:A141I:I142V:E143N:S144P,1.078807084,-0.47613603,-0.507915510401607,-19.323240518569943,-20.650674843788146,-104.827880859375,-97.42222900390624,-194.1807107925415,-1.0
S101T:T102S:D103E:S104D:T105D:P106D:M107A:F108T:E109D:Y110E:E111D:N112P:L113E:E114K:D115I:N116I:S117T:K118S:E119N:T121L:S122E:D125K:N126V:D127S:I128P:P129S:V130Y:T131E:D133M:D134S:V135N:S136V:L137A:A138D:D139S:K140D:A141F:I142N:E143L:S144T,1.42738993,-0.4146737,-0.4126766652823344,-2.1524826288223267,-4.876058673858642,-94.25555419921876,-84.861181640625,-168.19103288650513,-1.0
S101T:T102S:D103E:S104V:T105N:P106E:M107Y:F108K:E109N:Y110I:E111N:N112A:L113D:E114P:D115S:N116E:S117M:K118S:E119P:T121V:S122T:D125E:N126S:D127L:I128D:P129D:V130D:T131D:T132D:D134L:V135I:S136E:L137T:A138K:D139S:K140T:A141S:I142F:E143A:S144T,1.263271399,-0.3720262,-0.4135413661970363,-7.414947509765625,-7.366212558746338,-93.5758056640625,-84.47285156250001,-163.7944893836975,-1.0
S101T:T102S:D103F:S104T:T105P:P106V:M107N:F108E:E109K:Y110L:E111N:N112P:L113D:E114S:D115L:N116S:K118Y:E119T:T121S:S122V:D125I:N126T:D127K:I128N:P129A:V130I:T131D:T132A:D134M:V135E:S136E:L137S:A138D:K140E:A141D:I142E:E143D:S144T,1.154254594,-0.4522339,-0.4996606141222753,-13.089898109436035,-13.81654222011566,-90.7210693359375,-83.96436767578125,-168.7417004108429,-1.0
S101T:T102S:D103K:T105D:P106D:M107K:F108D:E109S:Y110E:E111V:N112L:L113N:E114F:D115I:N116D:S117Y:K118N:E119A:S122P:D125V:N126D:D127A:I128D:P129M:V130T:T132N:D133S:D134T:V135E:S136I:L137E:A138D:D139E:K140E:A141L:I142S:E143S:S144P,1.236864154,-0.4051634,-0.4263827503788089,-4.942749738693237,-6.089027428627015,-86.67486572265625,-80.6576416015625,-154.15296244621277,-1.0
S101T:T102S:D103L:S104P:P106N:M107D:F108K:E109S:Y110D:E111N:N112F:L113D:E114D:D115K:N116I:S117T:K118E:E119S:T121V:D125M:N126Y:D127N:I128T:P129T:V130D:T131L:T132A:D133S:D134S:V135I:S136D:L137V:A138E:D139E:K140D:I142P:S144E,1.4214779430000002,-0.4160564,-0.4522704535107597,-2.799622058868408,-4.670126414299011,-84.72454833984375,-76.80262451171875,-147.77122259140015,-1.0
S101T:T102S:D103N:S104E:T105D:P106Y:M107D:F108D:Y110D:E111K:N112A:L113K:E114N:D115L:N116V:S117L:K118P:E119N:T121S:S122M:D125P:N126I:D127S:I128V:P129S:V130S:T131I:T132F:D134T:V135D:S136D:L137T:A138E:D139E:K140S:A141T:I142A:E143T:S144E,1.668084129,-0.39797956,-0.4047208086875834,-4.547327637672424,-4.500855946540833,-90.8074951171875,-84.57353515625,-165.30534672737122,-1.0
S101T:T102S:D103N:S104E:T105D:P106Y:M107T:F108L:E109A:Y110F:E111D:N112V:L113T:E114M:N116S:K118A:E119N:T121D:S122I:D125I:N126S:D127E:I128S:P129T:V130D:T131L:T132E:D133K:D134N:V135P:S136D:L137T:A138S:D139V:K140P:A141E:I142D:E143K:S144E,1.6658917869999998,-0.40501356,-0.4080847472058497,-8.931173920631409,-10.207065844535828,-81.24267578125,-75.58782958984375,-168.04553270339966,-1.0
S101T:T102S:D103N:S104N:T105S:P106D:M107T:F108K:Y110F:N112Y:L113A:E114D:D115N:N116D:S117D:K118E:E119P:T121I:S122M:D125T:N126D:D127V:I128V:P129S:V130E:T131D:T132D:D133S:D134P:V135L:L137I:A138T:D139S:K140L:A141T:I142E:E143A:S144K,1.4785189369999998,-0.40098643,-0.3902547164319674,-2.0311137437820435,-2.244383454322815,-78.7462158203125,-73.70078125,-148.4736874103546,-1.0
S101T:T102S:D103P:S104M:T105I:P106N:M107T:F108E:E109M:Y110D:E111L:L113A:E114V:D115P:N116E:S117E:K118W:W120S:T121L:S122F:L123P:F124Q:N126G:D127F:I128S:P129L:V130D:T131L:T132D:D133S:D134A:V135A:S136L:L137E:A138L:D139A:K140A:A141S:I142L:E143Q:S144Q,1.11604944,-0.3918057,-0.6297320165668094,-12.17469847202301,-12.71538577079773,-121.985595703125,-117.92253417968747,-195.5621039867401,-1.0
S101T:T102S:D103S:T105K:P106E:M107A:F108S:E109K:Y110M:E111S:N112T:L113P:E114I:N116I:S117D:K118T:E119L:T121P:S122F:D125A:N126T:D127V:I128E:P129N:V130N:T131Y:T132S:D133V:V135D:S136E:A138E:K140D:A141N:I142E:E143T:S144D,1.5365094190000002,-0.4208693,-0.4870072768676323,-4.477403163909912,-7.253415703773498,-98.392578125,-93.84235839843753,-157.02489733695984,-1.0
S101T:T102S:D103V:P106E:M107E:F108D:E109D:Y110D:E111D:L113D:E114P:D115I:N116S:S117D:K118T:E119T:T121A:S122E:D125E:N126T:D127N:I128E:P129Y:V130N:T131L:T132K:D133F:D134S:V135A:L137P:A138I:D139S:K140V:A141M:I142K:E143L:S144D,1.6045979190000002,-0.39634132,-0.4588274429701401,-3.905513644218445,-5.300115752220154,-87.57373046875,-80.88953857421875,-150.2782039642334,-1.0
S101T:T102S:D103V:S104L:T105D:P106F:M107K:F108K:E109L:Y110P:E111I:L113S:E114D:D115T:N116M:S117N:K118Y:E119S:T121S:S122T:D125S:N126D:I128D:P129N:V130T:T131P:T132A:D133V:D134I:V135E:S136E:L137D:A138E:D139E:K140T:A141D:I142E:E143S:S144A,1.332630014,-0.41231322,-0.4510923229502613,-6.750298976898193,-7.760232973098755,-92.6590576171875,-85.98966064453126,-165.05914425849917,-1.0
S101T:T102S:S104T:T105E:P106I:M107E:F108K:E109P:Y110S:E111L:N112F:L113N:E114M:D115S:N116D:S117D:K118D:T121D:S122N:D125S:N126S:D127K:I128Y:P129D:V130I:T131D:T132V:D133E:D134E:V135P:S136A:L137A:A138V:D139T:K140N:A141T:I142S:E143T:S144L,1.382277484,-0.36192405,-0.3888498218034085,-4.256444692611694,-4.800474071502686,-84.36041259765625,-75.48681640625,-163.7523694038391,-1.0
S101T:T102S:S104V:T105M:P106A:M107E:F108D:Y110D:E111L:N112E:L113D:E114D:D115P:N116D:S117T:K118E:E119D:T121S:S122E:D125K:N126S:D127V:I128S:P129N:V130L:T131I:T132N:D133F:D134T:V135Y:S136K:L137P:A138N:D139A:K140S:A141T:I142S:E143T:S144I,1.5236201459999998,-0.42207706,-0.3981215181724034,-3.006129026412964,-3.47450647354126,-76.89599609375,-70.62301025390624,-161.09269404411316,-1.0
S101T:T102V:D103K:S104Q:T105F:P106V:M107E:F108Y:E109P:Y110S:E111A:N112K:L113D:E114K:D115L:N116S:S117P:E119S:W120V:T121E:S122K:L123K:F124I:D125S:N126F:D127K:I128K:P129D:V130H:T131L:T132G:D133V:D134V:V135G:S136Y:L137T:A138R:D139R:K140Q:A141R:I142S:E143S:S144P,1.068913396,-0.57966506,-0.6657653482783307,-24.553446173667908,-27.53338122367859,-139.68798828125,-131.26002197265626,-219.61807656288147,-1.0
S101T:T102V:D103N:S104T:T105A:P106E:M107I:F108S:E109M:E111S:N112S:L113P:E114I:D115N:N116K:K118P:T121F:D125K:N126A:D127T:I128L:P129S:V130D:T132V:D133N:V135D:S136D:L137D:A138D:D139T:K140E:A141D:I142E:S144L,1.181954038,-0.40368372,-0.3408457800162645,-8.684246897697449,-10.417556834220886,-70.55950927734375,-64.7075927734375,-142.26775765419006,-1.0
S101T:T102V:D103N:T105K:P106D:M107Y:F108E:E109D:Y110S:E111A:N112S:L113K:E114N:D115E:N116P:S117D:K118S:E119T:S122M:D125T:N126S:D127N:I128S:P129L:V130I:T131A:T132E:D133F:D134P:V135I:S136L:L137D:A138E:K140D:A141D:I142V:S144T,1.430831626,-0.40048027,-0.3964994165821008,-5.1704185009002686,-7.097746205329895,-79.43695068359375,-73.4221923828125,-151.53743481636047,-1.0
S101T:T102V:D103S:S104N:T105P:P106D:M107S:F108N:E109V:Y110E:E111Y:N112E:L113D:E114T:D115E:N116F:S117A:K118D:E119P:T121K:S122M:D125S:N126D:D127I:I128A:P129D:V130S:T131N:T132L:D133S:D134K:V135E:S136T:L137T:A138T:D139I:K140E:A141D:I142S:E143D:S144L,1.301405676,-0.35725474,-0.4263367025029193,-7.912417531013489,-8.64171302318573,-98.83197021484376,-89.12420654296875,-173.596116065979,-1.0
S101T:T102W:D103S:T105L:P106F:M107D:F108D:E109D:Y110I:E111P:N112V:L113T:E114L:D115E:N116D:S117V:K118G:E119A:W120V:T121E:S122P:L123I:F124S:D125A:N126A:D127A:I128G:P129T:V130E:T131S:T132C:D133F:D134L:V135P:S136T:L137P:A138I:D139I:K140E:A141D:I142A:E143V:S144L,1.267877453,-0.39046258,-0.4887512858652135,-13.791535019874573,-13.162760519981385,-117.8089599609375,-112.22867431640626,-198.50333762168884,-1.0
S101T:T102Y:D103P:S104T:T105P:P106I:M107N:F108V:E109M:Y110S:E111T:N112S:L113D:E114S:D115E:N116E:S117D:K118E:E119D:S122V:D125E:D127L:I128S:P129I:V130K:T131D:D133N:D134F:V135L:L137D:A138E:K140D:I142A:E143K,1.26130787,-0.40064812,-0.3994123791460465,-8.623983263969421,-9.26907982826233,-84.7587890625,-76.22572021484375,-144.8496789932251,-1.0
S101T:T105S:Y110L:V130G,1.264801,-0.1151807,-0.050048448012817,0.2110428810119629,0.6568522214889526,-4.233154296875,-3.29686279296875,-15.021709680557253,-0.9999178968386492
S101T:T131E:D134A:A141D:E143P:S144G,1.256110563,-0.12710354,-0.0689318782494162,-2.296114683151245,-2.985206294059753,-11.958251953125,-10.253747558593751,-23.580983638763428,-0.9999950382880662
S101V:D103F:S104K:T105D:P106E:M107D:F108N:E109I:Y110A:E111Y:N112I:L113E:E114D:D115S:N116E:K118D:T121D:S122T:D125T:N126P:D127T:I128A:P129L:V130S:T131L:T132P:D134M:V135S:S136N:L137D:A138E:D139S:A141S:I142V:E143T:S144N,1.3936808530000002,-0.4147541,-0.5301613587077403,-7.509010910987854,-10.55940408706665,-101.77850341796876,-93.48375244140624,-156.3258798122406,-1.0
S101V:D103L:S104N:T105E:P106D:M107E:F108D:E109D:N112D:L113E:E114D:D115S:N116S:S117D:K118M:E119A:T121A:S122N:D125T:N126D:D127E:I128L:P129T:V130P:T131V:T132K:D133K:D134N:V135T:S136I:L137I:A138S:D139S:K140P:A141F:I142S:E143T,1.31069119,-0.42978203,-0.4603681462515292,-1.0100284814834597,-1.8784968852996824,-94.3306884765625,-85.58709716796875,-145.7466366291046,-1.0
S101V:D103S:S104D:T105S:P106E:M107S:F108N:E109I:Y110T:E111N:N112Y:L113D:E114T:D115E:N116L:S117F:K118D:E119A:T121L:S122E:D125K:N126P:D127T:I128T:P129E:V130A:T131S:T132S:D133N:D134P:V135D:S136I:L137K:A138V:D139S:K140D:A141D:I142D:S144M,0.983847353,-0.44001973,-0.4524314038694117,-3.3310577869415283,-6.242079091072083,-95.3638916015625,-85.94268798828126,-169.92845177650452,-1.0
S101V:D103S:S104T:T105A:P106S:M107K:F108L:E109F:Y110D:E111D:N112D:L113E:E114N:D115A:K118Y:E119T:T121E:S122V:D125E:N126D:D127M:I128K:P129N:V130T:T131L:T132P:D133I:D134E:V135P:S136D:L137D:A138I:D139S:K140T:A141S:I142S:S144D,1.59174927,-0.43194467,-0.4181945366367326,-6.913024663925171,-7.796258234977722,-80.597900390625,-71.41258544921875,-158.06377363204956,-1.0
S101V:I128W:I142G,1.08519718,-0.15396872,-0.0952013226166315,-4.351478815078735,-4.624985480308533,-14.2335205078125,-13.253723144531252,-16.834855556488037,-0.9999759162322808
S101V:L113Q:N116D:T121P:D134T:S136P,1.172002132,-0.18559542,-0.1051494014644962,-2.7636560201644897,-3.2358397483825683,-15.33697509765625,-14.935998535156248,-25.327316522598267,-0.9999942320139694
S101V:M107E:S117W:V135G:K140A,0.788178067,-0.24907848,-0.1608993693178658,-0.7859408855438232,-1.4835459470748902,-18.7698974609375,-18.47294921875,-26.70553994178772,-0.9999998136871364
S101V:N112M:I128G:L137P,1.118475698,-0.16538972,-0.0980006859395852,-3.5287606716156006,-4.682029795646668,-10.10113525390625,-8.926953125,-18.68685746192932,-0.9999914360071664
S101V:S104E:T105A:P106K:M107D:F108T:E109M:Y110V:E111S:N112F:L113E:E114T:D115T:N116Y:S117I:K118E:E119I:T121P:S122D:N126T:D127P:I128E:P129S:V130S:T131A:T132D:D133N:D134S:V135S:S136E:A138S:D139K:K140N:A141D:I142D:E143L:S144N,1.363921099,-0.43533504,-0.5019914077270075,-7.483057022094727,-9.270523977279662,-95.99505615234376,-89.860986328125,-165.0533628463745,-1.0
S101V:S104T:S117D:D127A:I128G:T131N,1.324711875,-0.18444327,-0.1004997606379282,-2.9025564193725586,-4.118155002593994,-17.04864501953125,-13.86533203125,-26.633509635925293,-0.9999999584653532
S101V:S104T:T105I:P106D:M107K:F108D:Y110V:N112M:L113N:E114N:D115E:N116T:S117I:K118T:E119S:T121D:D125A:N126E:D127N:I128D:P129S:V130F:T131K:T132D:D133A:D134L:V135S:S136Y:L137E:A138S:D139L:K140S:A141P:I142P:E143D:S144T,1.3518532680000002,-0.37705463,-0.4355627854099478,-4.294229865074158,-4.595203852653503,-85.41253662109375,-79.09388427734375,-148.0589566230774,-1.0
S101V:S117W:P129G:T132G:V135S:L137P,0.963634201,-0.27530596,-0.1508497462153859,-3.594648599624634,-4.818337607383728,-13.8511962890625,-13.19866943359375,-30.52980613708496,-0.9999985546186136
S101V:T102A:D103L:S104F:T105G:P106G:M107D:F108G:E109N:Y110G:E111D:N112E:L113G:E114D:D115A:N116M:S117F:K118P:E119T:W120A:T121E:S122G:L123E:F124G:D125E:N126G:D127E:I128F:P129G:V130P:T131I:T132L:D133S:D134L:V135D:S136D:L137G:D139T:K140A:A141G:I142A:E143A:S144V,2.7028524430000003,-0.3974322,-0.543777031406389,-16.734167337417603,-17.436386227607727,-121.9837646484375,-113.87984619140626,-216.21017479896545,-1.0
S101V:T102A:D103S:S104D:T105D:P106V:M107T:F108L:E109T:Y110E:E111D:N112K:L113I:E114D:D115T:N116E:S117T:K118M:E119S:S122K:D125P:N126F:D127Y:I128N:P129S:V130S:T131P:T132S:D134E:V135I:S136E:L137D:A138S:D139A:K140D:A141N:I142N:E143L:S144E,1.499782566,-0.38292205,-0.3713962106942282,-4.665724277496338,-6.13191876411438,-88.391845703125,-79.08552246093751,-161.4551637172699,-1.0
S101V:T102A:D103T:S104T:T105A:P106S:M107A:F108A:E109P:Y110V:E111L:N112S:L113E:E114V:N116Q:S117K:E119D:W120V:T121A:L123P:D125Q:N126I:D127H:I128S:P129S:T131L:T132E:D133S:D134V:V135F:L137T:A138N:D139L:K140D:A141G:I142N:E143D:S144A,1.170725357,-0.3909418,-0.4883035137135787,-7.304112076759338,-8.971197652816773,-105.0943603515625,-96.42821044921877,-168.8812210559845,-1.0
S101V:T102A:D103T:T105V:P106T:M107S:F108G:E109A:Y110V:E111K:N112R:L113K:E114F:D115S:N116E:S117V:K118A:E119Y:W120G:T121S:L123K:F124E:D125Q:N126S:D127Q:I128L:P129F:V130T:T131P:T132N:D133P:D134S:V135S:S136T:A138P:D139T:K140P:A141M:I142L:E143D:S144A,1.127860187,-0.4313383,-0.579647023482679,-13.001710295677183,-14.380407309532163,-124.2135009765625,-116.36422119140624,-196.4534077644348,-1.0
S101V:T102D:D103A:S104F:T105F:P106S:M107S:F108S:E109A:Y110D:E111S:N112T:L113P:E114M:D115F:N116E:S117Y:K118D:E119N:W120V:T121E:S122D:L123Q:F124N:D125P:N126E:D127K:I128Q:P129W:V130T:T131S:T132L:D133F:V135N:S136D:L137I:A138P:D139V:K140V:A141T:I142E:S144D,0.953270276,-0.34410143,-0.5114076553290425,-12.635046482086182,-14.919450640678406,-120.8343505859375,-113.42534179687502,-207.6289006471634,-1.0
S101V:T102D:D103N:S104M:T105A:P106I:M107E:F108S:E109T:Y110D:E111F:N112I:L113T:E114S:D115N:N116S:S117D:K118T:E119V:S122D:D125S:N126E:I128T:V130S:T131P:T132N:D133E:D134Y:V135L:S136A:L137S:A138L:A141K:I142E:S144D,1.094959681,-0.38287514,-0.4738441005720363,-3.469458103179932,-5.135734272003174,-86.84423828125,-81.54620361328125,-148.60489296913147,-1.0
S101V:T102D:D103T:P106I:M107K:F108P:E109D:Y110S:E111D:N112Y:L113V:E114N:N116E:K118S:E119D:T121K:S122I:D125E:N126E:D127M:I128L:V130S:T132F:D133T:D134T:V135N:S136E:L137N:A138D:D139L:K140A:I142E:E143D,1.248720682,-0.37575233,-0.3771997092033196,-2.117009401321411,-3.650111150741577,-81.01873779296875,-73.85139160156251,-136.8967764377594,-1.0
S101V:T102D:S104A:T105K:P106T:M107T:F108S:E109D:Y110V:E111D:N112T:L113N:E114D:D115P:N116I:S117T:K118S:T121I:D125L:N126A:I128P:P129F:V130S:T131M:T132N:D133L:D134Y:V135E:L137N:A138T:D139S:K140E:A141D:I142K:S144E,1.235734897,-0.3881945,-0.4342705668927936,-1.70556902885437,-5.18816728591919,-85.1258544921875,-79.64852294921876,-146.86975002288818,-1.0
S101V:T102D:S104E:T105D:P106D:M107T:F108E:E109A:Y110D:E111D:N112T:L113P:D115T:N116S:S117V:K118T:E119S:T121S:D125K:N126Y:D127L:I128S:P129N:V130K:T131P:T132N:D133F:D134N:V135L:S136D:L137E:A138I:D139M:K140I:A141S:I142A:S144T,1.241559043,-0.42259693,-0.4327605983964913,-3.9602108001708975,-5.494266963005066,-83.95245361328125,-78.08886718750001,-157.03122115135193,-1.0
S101V:T102D:S104E:T105S:P106S:M107K:F108P:Y110F:E111P:N112T:L113E:E114N:D115S:N116A:S117D:K118T:E119S:T121I:S122D:D125E:N126Y:D127V:I128N:P129E:V130I:T131N:T132L:D133T:D134S:V135T:L137K:A138D:D139L:K140A:A141D:I142M:E143D:S144T,1.154947117,-0.3643968,-0.3950875170290259,-2.6919755935668945,-3.026107096672058,-85.6455078125,-78.5475341796875,-153.8280770778656,-1.0
S101V:T102E:D103E:S104N:P106T:M107D:F108M:E109N:E111T:N112L:L113K:E114D:D115F:N116S:K118D:E119A:T121P:D125I:D127V:I128E:P129A:V130T:T132E:V135S:S136K:L137D:A138S:D139P:K140I:A141S:I142E:E143D:S144L,1.229576561,-0.38060224,-0.3999609353279304,-1.915679931640625,-3.757063508033752,-69.5606689453125,-63.874536132812494,-132.37533402442932,-1.0
S101V:T102E:D103N:S104D:T105K:P106F:M107S:F108S:E109P:Y110E:E111I:L113D:E114L:D115K:N116E:S117D:K118T:E119I:T121S:S122D:D125A:N126E:D127S:I128P:P129D:V130S:T131L:D133A:D134Y:V135T:S136E:L137T:A138V:D139T:K140D:A141N:I142S:E143D:S144M,1.283722381,-0.3752051,-0.4829245462112156,-6.27230167388916,-6.4414039850234985,-104.4842529296875,-95.8154541015625,-168.08675360679626,-1.0
S101V:T102E:D103Q:S104M:T105P:P106A:M107Q:F108T:E109V:Y110S:E111P:N112K:L113D:E114L:D115M:N116M:S117D:K118S:E119S:W120A:T121P:S122P:L123S:F124T:D125S:N126F:D127T:I128D:P129M:V130S:T132P:D133S:D134F:V135E:L137P:A138G:D139Y:K140F:A141S:I142H:E143D:S144T,1.264387932,-0.42227066,-0.5911985241221364,-18.966544151306152,-20.29943861961365,-129.16815185546875,-119.7046875,-203.7254703044892,-1.0
S101V:T102E:D103S:S104A:T105M:P106L:M107P:F108K:E109F:Y110D:N112K:L113V:E114P:D115L:N116C:K118P:E119K:W120A:T121P:L123A:F124L:D125I:N126T:D127P:I128M:P129T:V130R:T132A:D133S:D134S:V135P:S136G:L137A:A138S:D139P:K140R:A141N:I142S:E143R,1.252522157,-0.46562058,-0.597414227142877,-20.42822015285492,-22.80182843208313,-120.0863037109375,-113.34315185546872,-193.46964573860168,-1.0
S101V:T102E:D103S:S104F:T105F:P106E:M107S:F108S:E109S:Y110D:E111S:N112T:L113P:E114L:D115L:N116G:S117L:K118D:E119G:W120V:T121D:S122H:L123S:F124S:D125N:N126H:D127K:I128E:P129W:V130S:T131S:T132L:D133F:V135D:S136D:L137I:A138P:D139V:K140T:A141I:I142E:E143D:S144V,1.18099151,-0.32147396,-0.4706924275571341,-10.070796489715576,-11.30260133743286,-120.47137451171876,-113.898779296875,-209.25910329818728,-1.0
S101V:T102E:T105E:P106E:M107T:F108D:E109D:Y110D:E111I:N112S:L113D:E114V:D115E:N116T:S117K:K118N:E119Y:T121A:S122P:D125S:N126K:D127T:I128M:P129I:V130P:T132F:D133N:D134E:V135S:S136L:L137D:A138L:K140A:A141S:I142T:E143N,1.272460355,-0.41175967,-0.4592576756596142,-2.589234709739685,-4.0316293954849245,-94.21856689453124,-87.79581298828126,-148.5057499408722,-1.0
S101V:T102H:D103S:S104V:T105E:P106A:M107S:F108P:E109A:Y110T:E111P:N112S:L113E:E114D:D115L:N116E:S117V:K118L:E119S:W120P:T121G:L123G:F124H:D125Q:N126R:D127R:I128K:P129S:V130S:T131V:T132S:D133P:D134P:V135S:S136G:L137R:A138H:D139S:K140S:A141V:I142A:E143G:S144V,1.047517436,-0.45401078,-0.5535832741082352,-16.983309984207153,-19.25008096694946,-122.4854736328125,-114.57764892578126,-208.621346950531,-1.0
S101V:T102K:D103L:S104E:P106I:M107D:F108E:E109L:Y110S:E111C:N112H:E114P:D115T:N116T:S117G:K118M:E119K:W120D:T121S:F124S:D125V:D127Q:I128D:P129S:V130S:T131P:T132I:D133I:D134V:V135H:L137E:A138V:D139L:K140D:A141S:I142V:E143F,1.205460094,-0.41756445,-0.555614485010982,-18.64078533649445,-18.399534368515013,-110.17828369140624,-103.15323486328124,-180.71161079406733,-1.0
S101V:T102K:D103S:S104V:T105Y:P106E:M107T:F108S:E109D:Y110D:E111A:N112A:L113D:E114D:D115E:N116D:S117D:K118L:E119N:T121S:S122T:D125P:N126E:D127P:I128N:P129S:V130K:T131I:T132N:D133S:D134M:V135I:S136F:L137S:A138T:D139L:K140D:A141T:I142E:S144T,1.31969996,-0.42907488,-0.4549580095501557,-3.465433716773987,-5.385890102386474,-93.64996337890624,-84.42235107421874,-163.82091999053955,-1.0
S101V:T102K:D103V:S104D:T105H:P106L:M107G:F108C:E109V:Y110T:E111Y:N112S:L113K:E114K:D115Q:N116R:K118Q:E119T:W120L:T121E:S122P:L123I:F124S:D125F:N126D:D127G:P129Q:V130D:T131S:T132A:D133A:D134L:V135K:S136R:L137A:A138K:D139N:K140T:A141E:I142A:E143A:S144R,1.235065882,-0.59185266,-0.6273987250820173,-28.276560306549072,-29.059874391555788,-115.707275390625,-107.04595947265624,-207.8870429992676,-1.0
S101V:T102L:D103E:S104A:T105L:P106L:M107I:F108E:E109A:Y110S:E111P:L113G:E114L:D115S:N116D:S117D:K118T:E119I:W120S:T121A:S122A:L123T:F124T:D125S:N126A:D127S:I128S:V130D:T131L:T132I:D133S:D134T:S136A:L137T:A138S:D139V:K140A:I142S:E143T,1.142364196,-0.45032054,-0.4940312069930216,-3.5708160400390625,-3.401739072799683,-98.091552734375,-92.9890869140625,-176.00373029708862,-1.0
S101V:T102L:D103K:S104P:T105P:P106K:M107R:F108S:E109A:Y110A:E111K:N112R:L113D:E114A:D115G:N116S:S117T:K118P:E119T:W120S:T121K:S122T:L123A:F124S:D125P:N126M:D127S:P129S:V130S:T131S:T132I:D133S:D134S:V135P:S136A:A138P:D139G:K140A:A141T:I142S:E143A,1.0776071459999998,-0.49157655,-0.5800894740637512,-18.326749086380005,-18.54513237476349,-118.25177001953124,-110.11400146484377,-196.3445942401886,-1.0
S101V:T102L:D103S:S104P:T105K:P106D:M107A:F108T:E109F:Y110E:E111S:N112I:L113S:E114D:D115S:N116E:S117T:T121P:S122D:D125N:N126T:D127N:I128D:P129I:V130D:T131N:T132Y:D133E:V135T:S136T:L137M:A138D:D139L:K140S:A141V:I142A,1.602923623,-0.37419337,-0.4164917426601423,-9.252910614013672,-9.479222440719605,-87.7567138671875,-81.07811279296875,-156.6798005104065,-1.0
S101V:T102M:D103F:S104T:T105D:P106K:M107A:F108V:E109V:Y110E:E111T:N112A:L113V:E114L:D115E:N116E:S117E:K118Q:E119V:W120E:T121D:S122E:L123K:F124P:D125Q:N126V:D127T:I128S:P129F:V130L:T131P:D133P:D134V:V135I:S136E:L137D:D139P:K140L:A141M:I142P:E143K:S144K,1.0562415859999998,-0.39964187,-0.5301325244835687,-12.285261988639832,-14.568856573104858,-117.39117431640624,-109.35758056640624,-203.46863675117493,-1.0
S101V:T102M:S104I:T105Y:P106S:M107T:F108T:E109S:Y110P:E111S:E114D:D115F:N116K:S117T:K118D:E119S:T121N:S122K:D125E:N126P:D127I:I128D:P129E:V130S:T132A:D133T:D134L:V135S:S136D:L137D:K140E:A141V:I142E:S144N,1.254882326,-0.4220643,-0.4073331568164758,-3.510170221328736,-5.686772966384888,-78.43896484375,-71.68702392578125,-149.90504813194275,-1.0
S101V:T102P:D103A:S104G:P106V:M107S:F108P:E109S:Y110D:E111L:N112F:L113M:E114D:D115A:N116S:S117A:K118P:E119P:W120S:L123F:F124T:N126L:D127S:I128T:V130S:T131F:T132D:D133S:D134P:V135G:S136Y:L137F:A138S:D139Q:K140D:A141T:I142S:E143P:S144V,1.084032273,-0.38608932,-0.4744862729544318,-6.510411858558655,-5.682120943069458,-103.22137451171876,-95.124951171875,-173.5032423734665,-1.0
S101V:T102P:D103P:S104G:P106V:M107S:F108P:E109M:Y110D:E111L:N112M:L113S:E114G:D115P:N116P:K118S:E119F:W120S:S122E:F124G:D125T:N126P:D127Q:I128S:P129A:V130F:T131D:T132S:D133P:D134A:V135D:S136L:L137S:A138F:D139G:K140Q:A141F:I142T:E143S:S144P,1.022659752,-0.3981644,-0.4578977971738768,-12.822778701782228,-11.700674128532407,-107.04339599609376,-99.8485595703125,-187.744120836258,-1.0
S101V:T102P:D103R:S104E:T105D:P106T:M107I:F108E:E109A:Y110L:E111L:N112L:L113E:E114P:D115S:N116P:S117N:K118R:E119T:W120I:T121S:S122A:L123A:F124T:D125S:N126A:D127S:I128T:P129S:V130S:T131L:T132N:D133S:D134P:V135E:L137T:A138I:D139A:K140T:A141T:I142V:E143T:S144A,1.23428111,-0.4299155,-0.5003430240943338,-7.909292697906494,-8.141122555732727,-108.6087646484375,-101.64969482421876,-195.12678790092468,-1.0
S101V:T102P:S104P:T105N:P106V:M107D:F108T:E109L:Y110N:E111I:N112A:L113E:D115E:N116K:S117Y:K118S:E119M:T121S:S122D:D125T:N126S:D127N:I128K:P129F:V130S:T131E:T132D:D133S:D134A:V135D:S136D:L137I:A138T:D139T:K140T:A141S:I142D:S144L,1.595073583,-0.3745501,-0.501304762219195,-8.564751505851746,-10.161136078834534,-106.45526123046876,-98.4709228515625,-169.2966506481171,-1.0
S101V:T102P:T105D:P106T:M107T:F108S:E109P:Y110E:E111I:N112S:L113S:E114T:N116S:S117D:K118L:E119N:T121S:S122E:D125T:N126F:D127E:I128A:P129Y:V130N:T131V:T132E:D133L:D134T:V135E:S136M:L137N:A138I:D139K:K140D:A141D:I142D:E143K:S144A,1.293087046,-0.37864643,-0.3730191811123776,-5.736338138580322,-7.695249199867248,-90.18255615234376,-82.68337402343751,-164.5274076461792,-1.0
S101V:T102Q:S104H:E109D:Y110E:E111L:N112D:E114I:D115M:N116D:S117G:K118A:E119K:W120V:T121N:L123S:F124D:N126W:D127V:I128A:P129L:V130F:T131G:T132D:D133E:D134S:V135E:S136E:L137T:A138S:D139V:K140P:A141E:I142S:E143S:S144L,0.99325274,-0.375148,-0.3765935388748332,-10.021075129508972,-12.905566668510437,-78.7696533203125,-69.51126708984376,-171.02489185333252,-1.0
S101V:T102S:D103L:S104E:T105D:P106S:M107E:F108D:E109D:Y110F:E111M:N112E:L113E:E114K:D115N:N116T:S117A:K118P:E119T:T121P:S122N:D125S:N126K:D127L:I128N:P129S:V130T:T131S:T132Y:D133V:D134E:V135D:S136T:L137I:A138S:D139T:K140I:A141D:I142D:E143D:S144A,1.2257620809999998,-0.42593122,-0.4559132857679049,-6.178186774253845,-7.565503144264221,-103.428955078125,-94.550341796875,-173.05941343307495,-1.0
S101V:T102S:D103L:S104F:T105D:P106A:M107N:F108N:Y110I:E111D:L113S:E114F:D115N:N116F:S117T:E119V:W120V:T121S:S122D:L123E:F124D:D125L:N126S:D127I:I128P:P129F:V130E:T131K:T132E:D133V:D134S:V135A:L137P:A138D:D139K:K140E:A141F:I142V:E143D:S144L,1.406303764,-0.3570248,-0.5423446600971698,-10.07536482810974,-10.685624527931214,-116.0430908203125,-109.58262939453124,-196.50284147262573,-1.0
S101V:T102S:D103N:S104K:T105L:P106T:M107F:F108I:E109T:Y110S:E111D:N112S:L113T:E114N:D115E:N116M:K118D:E119L:T121V:S122D:N126A:D127P:I128T:P129I:V130E:T131S:T132D:D134P:V135S:S136Y:L137A:A138K:D139E:K140T:A141E:I142N:E143D:S144E,1.141422122,-0.44760484,-0.4619739573197009,-3.885010480880737,-4.943449187278747,-93.67535400390624,-86.55931396484375,-157.1706564426422,-1.0
S101V:T102S:D103S:S104D:T105D:P106K:M107E:F108T:E109T:Y110F:E111K:N112T:L113T:E114D:D115P:S117Y:K118I:E119N:T121A:S122E:N126S:I128A:P129T:V130S:T131E:T132L:D134V:V135E:S136P:L137S:A138S:D139L:K140E:A141I:I142M:E143D:S144N,1.39258411,-0.3708651,-0.3826720213974922,-5.241738557815552,-5.289090752601624,-86.85699462890625,-80.974169921875,-159.42659544944763,-1.0
S101V:T102S:D103T:S104I:T105V:P106E:M107P:F108K:E109T:Y110N:E111L:N112S:L113S:E114T:D115M:N116S:S117A:K118T:T121I:S122Y:D125P:N126D:D127A:I128K:P129F:V130D:T131L:T132D:D133S:D134E:V135E:S136D:L137D:A138D:K140N:A141T:I142S:S144N,1.367308411,-0.41250032,-0.4626235147387957,-5.905613303184509,-9.129531645774842,-97.7403564453125,-88.5880859375,-160.28393745422363,-1.0
S101V:T102S:D103V:T105D:P106E:M107T:F108I:E109A:Y110P:E111S:N112V:L113F:E114S:D115G:N116S:S117D:K118A:E119I:W120S:T121E:S122G:L123A:F124P:D125E:N126P:D127Q:I128E:P129A:T131A:T132A:D133A:D134N:V135P:L137T:A138V:D139I:K140D:I142N:E143S:S144F,1.117813201,-0.36589456,-0.4676074370794874,-14.0273460149765,-13.970571064949036,-104.6248779296875,-98.35594482421877,-194.5381999015808,-1.0
S101V:T102S:S104T:T105D:P106E:M107E:F108D:E109D:Y110D:L113N:E114L:D115P:N116Y:S117M:K118E:E119A:D125P:N126S:D127K:I128K:P129I:V130D:T131S:T132E:D133F:D134T:V135T:S136I:L137S:A138S:D139N:K140V:A141T:I142A:E143L:S144D,1.625495497,-0.4277507,-0.4075422185171542,-4.474815368652344,-6.238473105430603,-86.30059814453125,-79.02354736328125,-149.8835563659668,-1.0
S101V:T102S:S104Y:T105M:P106I:M107K:F108N:E109L:Y110N:E111T:N112D:L113S:E114L:D115E:N116K:S117D:K118A:E119D:T121S:S122D:D125E:N126E:D127P:I128S:V130S:T131I:T132A:D133T:D134F:V135E:S136T:L137N:A138V:D139T:K140T:A141D:I142E:E143S:S144D,1.566652287,-0.4365304,-0.4681730440078682,-4.407227516174316,-5.931579113006592,-94.90985107421876,-84.999365234375,-162.57715892791748,-1.0
S101V:T102Y:D103V:S104A:T105D:P106G:M107D:F108L:E109P:Y110A:E111D:N112S:L113N:E114D:D115W:N116S:K118L:E119F:W120P:T121D:L123H:F124I:D125S:N126G:D127E:I128D:P129F:V130D:T131M:D133L:D134A:V135T:S136F:L137A:A138Q:D139E:A141S:I142G:E143K:S144P,1.07813156,-0.42572606,-0.5054388080203236,-12.963911533355711,-14.46996784210205,-112.8516845703125,-104.477734375,-192.52165603637687,-1.0
S101W:D103S:S104L:T105F:P106S:M107T:F108D:E109S:Y110T:E111P:N112M:L113F:D115Y:N116E:S117N:K118L:W120D:T121N:L123K:F124E,1.266713842,-0.34132093,-0.4269632359840692,-4.403621196746826,-6.820793652534485,-81.254150390625,-78.75482177734374,-117.40545344352722,-1.0
S101W:D103W:F108W:I128N:A138V:K140A,0.950469534,-0.36333245,-0.2254126606462689,-6.983917713165283,-7.270742440223694,-23.38018798828125,-22.353979492187506,-32.82333421707153,-0.9999999999255031
S101W:F108A:S117A,0.963400818,-0.20752972,-0.1351400898020462,-3.56730580329895,-4.428673815727234,-14.65264892578125,-14.6005126953125,-19.453718662261963,-0.9999525549573594
S101W:F108G:Y110V:V130C,1.5780245780000002,-0.24853277,-0.1697996960840191,-5.566341638565064,-6.206458210945129,-17.01934814453125,-16.397314453125,-24.89051580429077,-0.9999999957134412
S101W:L113V:V130G,1.4731602119999998,-0.1968205,-0.1069647629490102,-4.419238209724426,-5.145175433158874,-10.3861083984375,-9.89735107421875,-17.982150554656982,-0.9998696847577976
S101W:M107P:Y110D:L113F:S117D:D134I,1.412488612,-0.28561085,-0.1686309597246162,-1.2184709310531616,-2.0742740869522094,-16.65472412109375,-15.945764160156248,-27.82754421234131,-0.9999999998675616
S101W:S117A:S122V:T132N:V135T,0.969531805,-0.270639,-0.1668483421895852,-6.025725603103638,-6.892165279388427,-18.35748291015625,-17.59024658203125,-30.674948692321777,-0.9999925534103582
S101W:T102M:T121W:N126K:T131E,0.94888981,-0.38639516,-0.2242653734743382,-5.661404371261597,-6.910934686660767,-18.11077880859375,-17.226940917968747,-28.748385429382324,-0.9999998390785122
S101W:T102S:D103T:S104L:T105F:P106D:M107S:F108T:E109P:Y110M:E111F:N112E:L113Y:D115N:N116L:S117E:K118D:E119N:W120S:T121K:S122E:L123T:F124S,1.390648816,-0.3682148,-0.449825246138929,-6.061424493789673,-7.520984125137329,-87.8089599609375,-85.14332275390625,-132.44391345977783,-1.0
S101W:T105G:S117L:N126Q:L137Y,1.052675472,-0.33367115,-0.2078747732359319,-5.145274519920349,-6.217294979095459,-18.22003173828125,-17.459326171875002,-33.102243423461914,-0.9999995289911132
S101Y:D103N:S104D:T105E:P106N:M107S:F108L:E109T:Y110K:E111A:N112V:L113S:N116F:K118D:T121D:S122E:D125E:N126D:D127V:I128P:P129S:V130T:T131M:T132D:D133T:D134T:V135I:S136P:L137A:A138N:K140S:A141L:I142S:E143I:S144K,1.332190511,-0.3923213,-0.3973101958685499,1.7649781703948977,-0.3980166912078857,-89.81640625,-81.20406494140624,-146.6355755329132,-1.0
S101Y:D103P:D134E:A138G:K140R,1.200881223,-0.18037307,-0.1473488044059998,-3.5152902603149414,-3.643775963783264,-20.20111083984375,-19.369384765625,-21.78332495689392,-0.9999996108390814
S101Y:L113H:E119T:K140P:S144A,1.173767732,-0.19593292,-0.1245018901349811,-5.253303289413452,-4.886473178863525,-10.66168212890625,-10.51414794921875,-23.865899801254272,-0.9999295015261556
S101Y:P106H:L113F:S122A,1.210352284,-0.19723976,-0.1321925370294429,-4.0596654415130615,-5.406105208396911,-18.40850830078125,-18.060656738281253,-24.29963183403015,-0.9999975059687548
S101Y:S104D:T105P:P106K:M107T:F108V:E109T:Y110D:E111S:L113I:E114T:D115I:N116M:K118V:E119D:T121L:S122D:D125T:N126L:D127F:I128E:P129S:V130D:T131K:T132E:D133N:D134A:V135E:L137S:A138N:D139E:K140A:A141P:I142S:S144D,1.139756015,-0.4510451,-0.4881742755713413,0.7920609712600708,-1.8806585788726808,-90.07086181640625,-81.1717041015625,-149.1164243221283,-1.0
S101Y:S104N:N116V:E119G:I128D,1.273760409,-0.27466193,-0.1478494664528192,-3.1593048572540283,-3.4667003631591795,-14.41357421875,-12.8748291015625,-23.39433622360229,-0.9999952679325368
S101Y:T102A:D103T:S104N:T105M:P106T:M107V:F108N:E109T:Y110E:E111F:N112K:L113D:N116D:S117E:K118A:E119D:T121S:S122I:D125N:N126E:D127S:I128D:P129V:V130D:T131S:T132K:D133S:D134I:V135L:S136T:L137P:A138P:K140S:A141S:I142L:S144T,1.30128731,-0.39605004,-0.4593831126800212,-2.457254648208618,-3.463491702079773,-91.15887451171876,-83.27364501953126,-152.12662935256958,-1.0
S101Y:T102A:D103T:T105D:P106D:M107L:F108S:E109L:Y110N:E111T:N112A:L113N:E114V:D115P:N116D:K118P:E119M:T121F:S122E:D125T:N126K:D127N:I128T:P129E:V130T:T131E:T132K:D133S:V135I:S136D:L137V:A138I:D139S:K140D:A141D:I142S:S144E,1.358803899,-0.4159308,-0.4030845886447676,-4.135704517364502,-6.253678512573242,-86.0712890625,-81.52177734375,-153.48911666870117,-1.0
S101Y:T102D:D103S:S104N:T105D:P106T:M107I:F108S:Y110I:E111T:N112S:L113E:E114S:D115T:N116L:K118P:E119K:T121L:S122T:D125K:N126V:D127A:I128M:P129N:T131D:D134N:V135S:S136A:L137D:A138E:K140D:A141E:I142F:S144P,1.162264121,-0.4281255,-0.4346298272075178,-4.507596015930176,-7.62377541065216,-90.9364013671875,-85.79316406250001,-148.02218389511108,-1.0
S101Y:T102D:D103V:S104M:T105E:P106V:M107S:F108D:E109A:Y110F:E111N:N112E:L113S:E114I:N116T:S117N:K118S:E119L:T121P:S122E:D125T:N126A:D127E:I128N:P129L:V130S:T131D:T132I:D133T:D134S:V135T:S136K:L137T:A138E:K140D:A141K:I142S:E143D:S144P,1.16296551,-0.41035837,-0.542174424140903,-4.212174654006958,-6.932009673118591,-104.01165771484376,-96.103466796875,-165.40325021743774,-1.0
S101Y:T102D:S104T:T105D:P106D:M107D:F108E:E109S:Y110I:E111A:N112S:L113D:E114K:D115M:N116T:S117L:K118T:E119N:S122F:D125P:N126T:I128E:P129E:V130E:T131V:T132S:D133V:D134L:V135S:S136N:L137N:A138K:D139E:K140I:A141S:I142A:E143S:S144P,1.280975243,-0.39381838,-0.4425447945917204,-3.467061161994934,-6.160653471946716,-89.00469970703125,-81.42943115234375,-158.81756353378296,-1.0
S101Y:T102D:T105A:P106N:M107S:F108D:E109D:Y110T:N112K:L113E:E114F:D115L:N116K:S117I:K118T:T121N:D125E:N126T:D127S:P129V:V130E:T131L:T132S:D133T:D134V:V135N:S136M:L137S:A138P:D139A:K140D:A141D:I142T:E143D:S144P,1.155956267,-0.40639377,-0.4617655472399078,1.5540584325790403,-2.376544547080994,-88.07305908203125,-82.2228271484375,-141.75809025764465,-1.0
S101Y:T102D:T105E:P106K:M107D:F108E:Y110V:E111I:N112K:L113D:E114V:D115A:N116L:S117L:K118T:E119A:S122D:D125T:N126T:D127P:I128D:P129N:V130I:T131E:T132F:D133S:D134M:V135S:L137E:A138P:D139N:K140S:A141N:I142T:E143D,1.066175574,-0.42442906,-0.5560534602806663,-4.28999125957489,-6.47632622718811,-98.702880859375,-93.13911132812498,-155.60930514335632,-1.0
S101Y:T102E:D103E:S104D:T105I:P106T:M107L:F108P:E109I:Y110D:E111D:N112A:L113D:D115P:N116S:S117V:K118D:E119F:D125N:N126S:D127M:I128T:P129E:V130S:T131D:T132D:D133A:D134S:V135L:S136N:L137N:A138K:D139S:K140V:A141E:I142T:E143K:S144T,1.043454587,-0.40602672,-0.4133100950845196,-2.924519419670105,-4.014667105674744,-82.994384765625,-77.08851318359375,-155.10449171066284,-1.0
S101Y:T102E:D103T:S104I:T105N:P106N:M107K:F108D:E109V:Y110T:E111T:N112S:L113D:E114S:D115S:N116M:S117A:K118D:E119N:T121E:S122K:N126L:D127S:I128V:P129D:V130T:T131E:T132A:D133F:V135L:S136E:L137S:A138P:D139S:K140E:A141D:I142T:E143P:S144I,1.29822614,-0.3881539,-0.4694698781729592,-1.2762898206710815,-3.283362603187561,-94.97076416015624,-89.14317626953125,-163.3250434398651,-1.0
S101Y:T102F:M107D:E119W:S144W,0.911873172,-0.42504776,-0.2582975774473143,-5.635551452636719,-4.557488346099854,-18.27984619140625,-18.12265625,-29.81989073753357,-0.9999999993176208
S101Y:T102L:D103N:S104K:T105A:P106F:M107S:F108S:E109T:Y110T:E111V:N112L:L113I:E114T:D115S:N116I:S117N:K118E:E119S:T121A:S122E:D125K:N126S:D127T:I128M:P129V:V130E:T131N:T132D:V135E:S136E:L137D:A138D:D139P:K140D:A141T:I142D:E143S:S144P,1.06641168,-0.54271805,-0.4540032763498109,-4.1100834608078,-6.848668456077576,-82.5391845703125,-75.58076171875,-170.96010160446167,-1.0
S101Y:T102N:D103R:S104K:T105Q:P106R:M107A:F108T:E109P:Y110L:E111T:N112P:L113V:E114V:D115P:N116E:K118D:E119D:W120P:T121V:S122A:F124K:D125R:N126A:D127R:I128N:P129T:V130E:T131A:T132A:D133R:D134R:V135S:S136R:L137A:A138R:D139K:K140L:A141E:I142R:E143M:S144N,1.222432528,-0.5085172,-0.5956492576734875,-30.34716820716858,-34.54713139533997,-120.4329833984375,-112.961962890625,-212.3580927848816,-1.0
S101Y:T102P:D103S:S104E:T105A:P106S:M107T:F108L:E109K:Y110A:N112V:L113V:E114S:D115N:N116I:S117T:K118F:E119S:S122D:D125K:N126P:D127N:P129L:V130D:T131D:T132S:D133E:V135D:S136D:L137E:A138D:D139S:K140E:A141M:I142N:E143T:S144T,1.424607416,-0.45818573,-0.4511957677657918,-6.150615215301514,-7.298058009147644,-83.74444580078125,-80.95487060546876,-163.62963438034058,-1.0
S101Y:T102R:D103M:F108P:I128F:K140G,0.98564271,-0.2528014,-0.2193832125952236,-6.150183916091919,-6.305900955200196,-28.597900390625,-27.90947265625,-29.95374751091004,-0.9999999999966176
S101Y:T102S:T121F:I128L:T131C:I142T,0.970086362,-0.21889386,-0.1494593501515236,-2.9380953311920166,-3.6218708753585815,-21.69927978515625,-20.62355957031249,-25.713356733322144,-0.999994932786978
S101Y:T102V:D103E:S104T:T105D:P106S:M107N:F108I:E109T:Y110L:E111V:N112A:L113S:E114S:D115L:N116T:S117P:K118P:E119T:T121I:S122M:D125A:N126D:D127E:I128D:P129F:V130K:T131N:T132K:D134N:V135D:L137E:A138D:K140E:A141E:I142T:E143S,1.07760608,-0.44512087,-0.3678611673918484,-6.105678081512451,-7.698331785202026,-77.22613525390625,-71.28646240234374,-155.0154104232788,-1.0
S101Y:T102V:D103V:S104D:T105E:P106L:M107N:F108E:E109A:Y110T:E111L:N112E:L113M:D115S:N116T:S117D:K118D:E119D:T121I:S122T:D125S:N126T:D127I:I128T:P129S:V130D:T131F:T132S:D134E:V135S:S136K:L137N:A138P:D139A:K140P:A141N:I142K:E143S:S144D,1.439161594,-0.4287578,-0.4801019417433553,-2.725728750228882,-5.523094487190247,-92.2984619140625,-83.6513671875,-159.41577458381653,-1.0
S104A:F108N:D134A:K140I:I142F,1.269503582,-0.15063748,-0.1010043867117993,-1.339158296585083,-1.4818121671676638,-17.2490234375,-15.6760986328125,-20.01040363311768,-0.9999981897340464
S104A:F108W:N116W:S122W:D139E,0.971192187,-0.30964583,-0.2007463122602035,-5.288497924804688,-5.223483967781067,-21.1962890625,-20.5123779296875,-31.14990496635437,-0.9999998115174856
S104A:L113P:D125G:T132P:A138W:K140S,1.053055468,-0.19636694,-0.1117032414229315,-3.186169981956482,-2.7333990573883056,-10.860595703125,-9.972216796875,-25.978753089904785,-0.9999916350642544
S104A:T105L:V130T:A141N,1.251406208,-0.0833388,-0.0726905361189113,0.2441616058349609,-0.0423088312149047,-15.2745361328125,-13.949890136718752,-16.62033700942993,-0.9999892873949509
S104A:T105M:F108Q:T131G:V135T:S136V,1.73331226,-0.14111364,-0.1182270525189057,-3.3791816234588623,-4.615919899940491,-20.69073486328125,-18.33299560546875,-29.41675853729248,-0.9999998998546284
S104A:T105N:D115G:P129M:I142Q,1.647409399,-0.14371282,-0.1137413486467138,-4.489729166030884,-5.110075426101685,-15.4898681640625,-14.755603027343753,-24.54806327819824,-0.9999647340728076
S104A:Y110S:T131V:V135T:D139I:K140M,1.5517289980000002,-0.17585304,-0.1089341241694006,-0.7064495086669922,-0.3628343105316162,-11.929443359375,-9.9250732421875,-21.428098917007446,-0.9998427343496212
S104C:F108G:Y110Q:N112T:S117P,1.347681233,-0.19525373,-0.129892152399355,-4.512861728668213,-5.345344281196594,-13.059326171875,-12.4785888671875,-25.046915292739868,-0.9999968703460508
S104C:L137G:K140Y:A141M:S144P,1.351173613,-0.14927316,-0.1150015834387511,-6.664919137954712,-7.015021657943725,-11.94866943359375,-10.90589599609375,-25.822142124176025,-0.9998416835175208
S104C:T105F:V130R:S136Y:K140G,1.034824495,-0.21126485,-0.1626306717081851,-7.209765672683716,-8.34512243270874,-20.936767578125,-19.45599365234375,-30.046286582946777,-0.9999997847791312
S104C:T105G:F108G,1.633575939,-0.114257485,-0.1005192006610042,-5.162327766418457,-5.973391509056091,-18.11383056640625,-16.521008300781247,-20.848531246185303,-0.9999953925611612
S104C:T105H:Y110V:V130K:K140M:I142L,1.448002739,-0.2168554,-0.1649628228564279,-4.868443012237549,-5.375307536125183,-19.25750732421875,-17.27412109375,-29.601173877716064,-0.999999956199888
S104D:D125H:V135G:E143M,1.677936783,-0.19971672,-0.1324143053373832,-5.535120487213135,-6.2188740253448485,-16.2459716796875,-13.981970214843749,-22.14228248596192,-0.9999910595970112
S104D:D125N:T131Q:D133R:K140M,1.48194075,-0.18543983,-0.1116143494738379,-3.2133846282958984,-4.344237041473389,-13.0360107421875,-11.24617919921875,-25.11696434020996,-0.9998322588493044
S104D:E109S:N116W:S117A:L137W,1.014761937,-0.34502923,-0.1929957162443005,-3.184247136116028,-2.8727047443389893,-13.40185546875,-12.791064453125,-26.68230772018433,-0.9999386973209672
S104D:E114C:D125W:K140H:A141H:S144W,0.971168489,-0.39183903,-0.2357630067872832,-12.27874517440796,-12.634345054626465,-20.911376953125,-19.47574462890625,-39.3314528465271,-0.9999999997894672
S104D:F108Q:E109F:K118Y:D133N,1.129308895,-0.18650079,-0.1473660180577179,-2.598382472991944,-4.0436673879623415,-18.44403076171875,-16.90989990234375,-26.72659206390381,-0.999999997376585
S104D:M107S:N116Q:S117I:D134E,0.981704382,-0.21311334,-0.1292156070152637,1.557631492614746,1.1986588001251222,-14.547607421875,-13.34637451171875,-22.28162693977356,-0.9999996766449128
S104D:N112Q:N116P:V130L:D134S,1.219139183,-0.15566507,-0.0993764748352703,0.0532574653625488,-0.3857394933700561,-12.12298583984375,-10.249169921875,-19.41754913330078,-0.9999981031578048
S104D:N112T:D133L:L137G:A141T,1.260574046,-0.11573109,-0.0605612106594751,-1.0932140350341797,-1.4846322059631347,-7.1234130859375,-6.323107910156249,-20.501468181610107,-0.9997103362894548
S104D:N126L:V135T,1.155867499,-0.12477201,-0.0787331794928826,0.9513405561447144,0.7908633947372437,-8.7412109375,-7.018859863281251,-11.80709457397461,-0.9996922961318238
S104D:P106Q:N116P:I128Y:D139I,1.228311587,-0.25541383,-0.1638385053207017,-3.385338306427002,-3.8004007816314695,-22.0301513671875,-20.41334228515625,-25.016348361969,-0.9999999898735742
S104D:P129G:D139W:S144W,1.032741308,-0.25378817,-0.1527920108672987,-8.823307275772095,-8.511246633529662,-12.675048828125,-11.4958740234375,-24.255248069763184,-0.99998985906762
S104D:S117A:I128D:D133I,1.058966288,-0.16880834,-0.0790619222294817,-2.5085365772247314,-2.39629921913147,-7.92156982421875,-6.0158447265625,-19.171831130981445,-0.9999587030062772
S104D:S122Y:V135N:D139S,1.169746086,-0.2040548,-0.1177976886572786,-2.6509039402008057,-3.234071493148804,-13.2789306640625,-11.370446777343751,-20.271986961364743,-0.9999946249010708
S104D:S136D,1.160381995,-0.06647843,-0.0316043188563445,-0.99456787109375,-1.3203039169311523,-3.71295166015625,-2.77086181640625,-9.224843502044678,-0.9659509969188392
S104D:T105L:T121C:K140Q:I142T,1.147963566,-0.15711528,-0.1251026845911643,-1.7081046104431152,-2.086342549324036,-18.89727783203125,-17.89091796875,-23.86380434036255,-0.999992771251216
S104D:T132D,1.387383215,-0.07241842,-0.034859165178075,-0.5242483615875244,-0.6623059749603272,-3.962890625,-3.1244140625000005,-9.395527839660645,-0.9737409641790804
S104D:V130R:S136W:L137A,1.370729478,-0.15478197,-0.1060709019996941,-5.025557994842529,-5.965598011016846,-10.30230712890625,-8.96324462890625,-22.260781288146973,-0.9999765642113724
S104E:D115F:D125G:D134P:I142Q,1.204883109,-0.25615495,-0.1332547333741104,-1.0897216796875,-1.6913187980651856,-12.013427734375,-9.9331787109375,-22.007868766784668,-0.9999999833808508
S104E:D115T:T131W:D133F:A138E,1.007161019,-0.26587093,-0.1407776421923655,-4.294710874557495,-4.501126623153686,-12.05767822265625,-11.09847412109375,-24.069770574569706,-0.9999993137684988
S104E:E109C:N116G:I142N,1.373277033,-0.1531902,-0.0977186970015013,-3.8516786098480233,-4.331493854522705,-13.749755859375,-12.6223876953125,-20.893219470977783,-0.9999960673491072
S104E:M107P:K118V:I128V:D139R,1.455435083,-0.15152207,-0.1197761182683219,-0.2180087566375732,-0.693800687789917,-18.2364501953125,-16.5181884765625,-22.4868483543396,-0.9999998833126073
S104E:M107V:E114P:N116H:T132Y:I142L,1.3556061469999998,-0.17362267,-0.1477706203257062,-1.6110146045684814,-2.0462794065475465,-18.13580322265625,-18.051110839843748,-26.41328310966492,-0.9999715186523174
S104E:N116S:T132C:S144R,1.493339365,-0.13227269,-0.0850130128690781,-4.259705543518066,-4.088703346252442,-8.44671630859375,-8.33062744140625,-20.215574502944943,-0.9990076128671124
S104E:T105W:M107V:E111A:A138Q,2.060352109,-0.20115402,-0.1413890797896742,-1.884748697280884,-2.7358021259307863,-17.7177734375,-16.602868652343748,-26.30671000480652,-0.9999999867787586
S104E:Y110P:S136I:D139S:I142P,1.44540572,-0.15893948,-0.0804417837556995,0.7872462272644043,1.027937602996826,-8.19378662109375,-7.29002685546875,-17.204112768173218,-0.9999991680271756
S104F:D127Q:I128R:K140D,1.3343798059999998,-0.21767089,-0.137601641997748,-3.177817821502685,-4.097603583335877,-15.9093017578125,-13.222204589843749,-20.785557746887207,-0.9999994758256436
S104F:F108H:E111P:N112E,1.462036621,-0.13751063,-0.1041575801754337,-2.2754111289978027,-2.446808886528016,-15.1866455078125,-13.27431640625,-18.707681894302368,-0.9999998625966172
S104F:N126A:I128P:V130C,1.073269001,-0.18715546,-0.1082836979224588,-4.21222734451294,-4.287258577346802,-14.5625,-12.27625732421875,-20.10490131378174,-0.9999999848669126
S104F:S117W:T131V:V135F:L137Q,0.952085741,-0.26169437,-0.1770291582969585,-1.2784690856933594,-2.771552228927612,-16.3614501953125,-14.53712158203125,-25.403581142425537,-0.9998950283119616
S104F:S122M:I128Y:S136W:S144G,0.979675332,-0.27818388,-0.202073446796458,-8.228772640228271,-9.16904363632202,-22.03704833984375,-20.321887207031253,-32.76364231109619,-0.9999989201171378
S104F:T105W:I128Y:T131S:S136F,0.97825798,-0.2652196,-0.1763545677755227,-3.934436798095703,-5.034259176254272,-19.96148681640625,-17.6946044921875,-27.490517616271973,-0.999999943761088
S104G:D133P:A141E:S144A,1.698793197,-0.09725848,-0.0469534117131895,-1.4222874641418457,-1.6601556301116944,-5.55657958984375,-4.9218994140625,-15.23403549194336,-0.9982302881729642
S104G:E109M:I128S:S136R:L137V:A138V,1.62216962,-0.21425948,-0.1238789405686999,-4.334906339645386,-5.158311486244202,-13.11492919921875,-10.44715576171875,-27.46965003013611,-0.999993572165204
S104G:E114I:I128H:S136D:K140H,1.003993148,-0.19672367,-0.1164277643495608,-4.615371942520142,-5.943540573120117,-13.76715087890625,-11.8228515625,-24.45030689239502,-0.9999770286193114
S104G:F108D:D115M,1.7673781219999998,-0.14890862,-0.1071132239073621,-2.172809839248657,-2.679814267158508,-14.80535888671875,-13.238232421875,-15.65504026412964,-0.9999195445355756
S104G:F108H:E119D:A141F:I142C,1.816180233,-0.15466264,-0.101981655134425,-6.116062164306641,-5.299705052375794,-17.9954833984375,-16.144274902343753,-26.50011801719665,-0.9999996428703702
S104G:M107G:D127F:I128D:L137C,1.411006171,-0.20476753,-0.1533704873081628,-5.156250715255737,-4.740191006660462,-19.18756103515625,-16.6444580078125,-26.72324800491333,-0.9999999994558776
S104G:N112M:D125P:D127E:V130E,1.211192869,-0.1624218,-0.0951922542259786,-4.680497169494629,-5.05012731552124,-14.81451416015625,-10.64256591796875,-23.6231701374054,-0.9999999803254486
S104G:N126G:P129M:V135Y:A141V:I142A,1.21798571,-0.19373903,-0.1231738867708797,-4.975584030151367,-4.837064504623413,-19.1181640625,-17.27679443359375,-27.7694673538208,-0.9999994422421494
S104G:S117Q:P129T:V130F:V135G,1.311219867,-0.1711216,-0.0946416888796987,-4.729702949523926,-4.567414283752441,-15.80657958984375,-14.51636962890625,-23.89079022407532,-0.9999691159216304
S104G:Y110D:D127V:I142G,1.165910517,-0.23368815,-0.1027153259494552,-1.799856424331665,-2.062017703056336,-7.20416259765625,-6.139257812499999,-17.14536690711975,-0.9999861201334967
S104G:Y110S:T121P,1.277484001,-0.109439105,-0.0563874159843472,-0.9623825550079346,-0.946561861038208,-5.10894775390625,-3.65443115234375,-13.08715558052063,-0.989287787287222
S104G:Y110W:L137C,1.197000093,-0.14912027,-0.1007238639207073,-3.6915791034698486,-4.017184734344482,-8.04296875,-6.922265625,-16.48110294342041,-0.9863666564668152
S104H:E111P:L113V:D115H:D139Q,1.749424615,-0.18734846,-0.1032031184837912,-5.466557860374451,-5.43756513595581,-11.9219970703125,-9.12525634765625,-21.87007689476013,-0.9999615561647814
S104H:E111T:N126A:L137D,1.246717078,-0.14375469,-0.064665499106845,-3.102006435394287,-3.649062728881836,-7.802001953125,-4.94183349609375,-17.32029104232788,-0.9999234374763436
S104H:E111Y:N116E:N126M:I142W,0.969533128,-0.2810126,-0.1670049484090024,-6.1197168827056885,-6.956892013549805,-19.1614990234375,-17.261022949218752,-25.544913291931152,-0.9999999657085064
S104H:K118S:D133A:S144Q,1.372102898,-0.12612727,-0.0530725662394351,-1.30147385597229,-2.299489736557007,-3.749267578125,-2.10284423828125,-15.88739013671875,-0.9980093860778878
S104H:K118V:D127S:I128A,1.003221788,-0.14529476,-0.0855536409968583,-0.93668794631958,-1.9045052766799928,-11.77056884765625,-8.656103515625,-16.54966974258423,-0.9999983697654256
S104H:K118V:T131K:V135L:A141H:S144F,0.996549963,-0.16397253,-0.1059848337411032,-3.3158442974090576,-4.612591409683228,-16.15478515625,-13.48392333984375,-26.499457836151123,-0.9999995371430124
S104H:L113F:S117E:E119I:N126H:T131P,1.081035895,-0.25542483,-0.1582587842839469,-4.656197190284729,-4.902251648902893,-15.8990478515625,-13.17447509765625,-29.43786215782165,-0.9999989158029824
S104H:L113P:N116F:P129S,1.017199871,-0.17988482,-0.1044351163708019,-1.1728698015213013,-1.205492043495178,-12.099365234375,-11.01275634765625,-17.739012956619263,-0.9998987550203025
S104H:M107V:D125E:D127C:I128E,1.344490173,-0.17390376,-0.1211805241812167,-4.674782752990723,-4.63946385383606,-18.7039794921875,-14.94129638671875,-25.04833698272705,-0.9999999939643376
S104H:S117C:I128G:V135T:S144L,1.033596218,-0.19184169,-0.0942902480155972,-7.239865779876709,-8.006172800064087,-13.15106201171875,-10.01025390625,-26.194695949554443,-0.9999967657298564
S104H:Y110S:E114F:I142S,1.300584415,-0.12423062,-0.0747336934045541,1.1889657974243164,0.109682297706604,-8.1004638671875,-6.60211181640625,-13.371977806091309,-0.9999898009378207
S104I:D115G:K118E:V130T:E143A,0.965790891,-0.14230162,-0.0876608200344751,0.1496007442474365,-0.5983903884887696,-6.19110107421875,-5.080615234374999,-18.8071517944336,-0.9996222274723484
S104I:E109H:L137D:K140Y:E143H,1.046341475,-0.18246588,-0.1449426942872832,-5.034832715988159,-6.097083663940429,-15.13140869140625,-13.799853515625,-25.508760452270508,-0.9999948791917656
S104I:M107C:L113E:D115I:I128G,1.022786144,-0.18890128,-0.1397340170429271,-4.356599688529968,-4.6018274307250975,-20.4359130859375,-18.52216796875,-24.374032020568848,-0.9999999946591628
S104I:Y110W:T121Y:S136H:I142M,0.91116108,-0.19601336,-0.1394619110216025,-4.947062015533447,-5.938640785217285,-14.28570556640625,-12.559899902343751,-24.656923294067383,-0.9999520841708468
S104K:E109T:D127P:I128V,1.187658535,-0.17263255,-0.1237995514241826,-1.6535892486572266,-1.95024778842926,-18.28350830078125,-15.1854736328125,-17.54770851135254,-0.9999999012553148
S104K:E111P:S136M:S144P,1.30242069,-0.15934211,-0.0975680639735321,-3.116829872131348,-2.9077093839645385,-11.48577880859375,-9.89447021484375,-17.92910408973694,-0.9999908046704532
S104K:F108E:P129W:S144Q,1.161229478,-0.2338531,-0.1635147583442227,-6.654246807098389,-6.551655888557434,-15.2239990234375,-15.106164550781251,-24.19499349594116,-0.9999999973596204
S104K:I128P:D139T:K140F,1.118008443,-0.15889734,-0.0944225813570397,-2.6094000339508057,-1.6501819133758544,-11.5771484375,-9.785656738281247,-16.271721363067627,-0.9999998404540186
S104K:M107E:E119K:S122E:V130L:K140T,1.5604019480000002,-0.19045964,-0.1549197159628003,-3.0535632371902466,-1.874545836448669,-21.6087646484375,-20.630004882812504,-32.10176658630371,-0.9999999999435428
S104L:D127N:I128A:K140S,1.358729731,-0.15472451,-0.0760074493299599,1.18235445022583,0.5375616550445557,-10.9010009765625,-8.678051757812499,-14.963173389434814,-0.9999741040413128
S104L:F108G:V130E:D133E:D139C,1.079794109,-0.17730588,-0.1253963484034419,-4.213153123855591,-4.76554684638977,-18.094970703125,-16.231201171875,-24.44700574874878,-0.9999999719891272
S104L:S117P:N126M:V135L:A141T:I142S,1.086131683,-0.1685955,-0.0955080188466137,0.3526945114135742,-0.301531982421875,-14.34423828125,-13.1955322265625,-23.930089473724365,-0.9999951860784178
S104L:Y110T:T131M,1.53496601,-0.12997723,-0.065322930278303,0.1277081966400146,-0.4695911407470703,-6.17230224609375,-5.075244140625,-11.358295202255247,-0.9872165458346992
S104M:F108D:E111S:T121P:T132C,1.495383601,-0.17895839,-0.149316156461994,-5.459809064865112,-5.529997038841247,-20.10980224609375,-18.200207519531247,-26.44409227371216,-0.9999997718951192
S104M:F108V:N116D:S136W:L137S:D139G,1.5018335180000002,-0.1805386,-0.1280052212209463,-4.272145986557007,-5.476465439796447,-13.4453125,-13.4236083984375,-28.14596056938172,-0.9998713599338056
S104M:L113C:T132W:D134H:L137W:K140W,1.013062187,-0.34433097,-0.2637297606553048,-14.406574010849,-13.997066688537595,-24.8360595703125,-23.103723144531248,-36.92978572845459,-0.9999999772333888
S104M:Y110P:D115W:T132D:S136P:S144N,0.994509282,-0.23224616,-0.1431813087327625,-2.9112043380737305,-3.761506175994873,-12.19439697265625,-11.51015625,-27.995205640792847,-0.9999995829044864
S104M:Y110T:S122G:I128D:D134F:A138C,1.601509937,-0.24065182,-0.1394396473080238,-7.033173322677612,-6.184014940261841,-19.80560302734375,-16.469970703125,-31.08585524559021,-0.9999999998065798
S104N:D127A:T131R:K140N,1.100258317,-0.16415718,-0.0958172129566559,-2.632338762283325,-3.377774882316589,-11.57257080078125,-9.80343017578125,-18.48074626922608,-0.999657271720915
S104N:E109M:Y110H:K118V:T132S:I142Q,1.411879306,-0.15559694,-0.111535394743244,-2.828223705291748,-3.752091121673584,-11.5772705078125,-9.8829345703125,-25.888643503189087,-0.9999985574045894
S104N:E111A:D115H:N126D:P129D,1.086961895,-0.18378782,-0.0981534910371719,-3.662004232406616,-2.8773101568222046,-8.49468994140625,-6.26033935546875,-20.627759218215942,-0.9997081604373976
S104N:E119G:S122R:D133P,1.5890805069999998,-0.20558274,-0.1133783415118995,-4.2044737339019775,-4.617700815200806,-10.95269775390625,-9.76456298828125,-19.7158043384552,-0.9999946328801916
S104N:F108C:E109C:S136V:I142E,1.632549325,-0.16417849,-0.1180499202416036,-7.046229600906372,-7.642590570449829,-18.1123046875,-16.512854003906252,-26.768094062805176,-0.9999999431900548
S104N:F108P:Y110T:N112L:S117V:A141N,1.278889907,-0.15830603,-0.1225591910691449,0.0956666469573974,-0.1782522916793823,-16.73846435546875,-15.49058837890625,-24.980567693710327,-0.9999999981258862
S104N:N112T:E114K:I128P:S144I,1.476358462,-0.1797367,-0.0827241402079627,-3.5503838062286377,-3.9276151180267336,-12.78094482421875,-9.8016845703125,-21.72070550918579,-0.9999270038083048
S104N:N116M:T132V:V135S:I142M,1.139756588,-0.1640786,-0.0963257487558385,-0.9919166564941406,-1.620487880706787,-11.20208740234375,-10.0587646484375,-21.544139623641968,-0.9989883545770286
S104N:P106Y:S117I:T121P:V135F,1.221521454,-0.21298441,-0.1654010922034864,-3.572622776031494,-4.206262922286987,-21.59136962890625,-19.625695800781248,-29.382906913757324,-0.9999999378241864
S104N:S117P:K118A:D127P:I128G,1.392088438,-0.18219507,-0.125046210781111,-2.1566739082336426,-3.280888295173645,-14.180419921875,-12.054089355468747,-22.974406719207764,-0.9999999328692988
S104N:T105S:P106L:M107E:F108A:E109Y:Y110E:E111V:N112K:L113T:E114D:N116V:S117D:K118N:E119P:S122L:D125E:N126D:D127E:I128P:P129E:V130D:T131I:D133S:D134A:V135K:L137S:A138I:K140N:A141F:I142S:E143T:S144M,1.3636762830000002,-0.3357755,-0.3579276957121609,-8.169490814208984,-8.76749391555786,-78.49554443359375,-69.46387939453125,-140.46417951583862,-1.0
S104N:T121A:D134R:V135Q:K140L,1.3725569219999998,-0.14108524,-0.09631472550253,-1.9793133735656736,-2.768702983856201,-16.8719482421875,-14.11444091796875,-23.04749727249145,-0.9999984815235616
S104N:T132A:S136T,2.0994926680000003,-0.03757456,-0.0183739713078292,-1.144277572631836,-1.526960802078247,-3.8359375,-2.413232421875,-11.738495826721191,-0.5570397607364223
S104P:D115M:V130N:T131V:I142C,1.05420894,-0.20801392,-0.1246749497817505,-4.7371039390563965,-4.720318937301636,-16.57598876953125,-14.98956298828125,-24.199315547943115,-0.9999998997888272
S104P:D134E:L137A:E143W,1.2531869690000002,-0.12610653,-0.0788613316003113,-4.6412084102630615,-4.560554313659668,-10.45001220703125,-8.454882812500001,-18.38791871070861,-0.9999874784386792
S104P:F108P:Y110W:S117P:P129G:S144I,1.427029198,-0.22552255,-0.1511689861474088,-3.56543517112732,-3.3650120973587034,-16.6820068359375,-16.310205078124998,-30.156896114349365,-0.9999999971029132
S104P:L113A:N116T:K118Y:D134V:I142H,0.975639306,-0.22256336,-0.1570501361453236,-3.1518441438674927,-3.9812007188797,-20.3968505859375,-19.03997802734375,-26.466832876205444,-0.9999999354838328
S104P:M107A:F108Y:D115F:N126E,1.138749613,-0.17795724,-0.1288768184566837,-1.5826542377471924,-0.7034811496734619,-13.73956298828125,-12.63863525390625,-20.987940073013306,-0.9999999703893684
S104P:N112A:I128V:P129G:T131D:D139S,1.344095646,-0.1580571,-0.08615546718611,-1.9578988552093504,-1.927230310440064,-14.1126708984375,-11.645849609375002,-23.55067682266236,-0.9999945306621448
S104P:S117K:K118P:L137V,1.4784233969999998,-0.109822124,-0.0574025870217971,-1.837522268295288,-2.233390641212464,-6.02691650390625,-5.329150390624999,-16.99363613128662,-0.9997754397182632
S104P:V130T:T132F:D134T:L137M:K140A,1.115452712,-0.1329886,-0.0747210954007729,-2.1645846366882324,-1.3481807708740234,-12.75775146484375,-10.28055419921875,-23.768935918807983,-0.9999997598730592
S104P:Y110A:N116Q:A138S,1.590050938,-0.120372534,-0.0815378643863991,0.1436877250671386,-0.1006821632385253,-6.32977294921875,-6.1979003906250005,-14.843068361282349,-0.999819100966684
S104P:Y110H:T132A,1.315751245,-0.08562562,-0.0414448259564057,-1.971568584442139,-1.8836495876312256,-3.4256591796875,-2.6896484375000003,-12.669799089431764,-0.9959303960055712
S104P:Y110L:N112H:I128E:D139T,1.371669618,-0.20283887,-0.1079572901606984,-1.0033845901489258,-0.4028511047363281,-7.4661865234375,-5.85682373046875,-18.275577545166016,-0.9999961871537756
S104P:Y110M:E114P:A138D,1.267585165,-0.14459527,-0.0889895836229426,-0.6228821277618408,-0.8417253017425537,-8.1168212890625,-7.360119628906251,-14.898704051971436,-0.9999904084658542
S104P:Y110S:E114Y:N116W:T121Y:T132D,0.969010682,-0.27876288,-0.1725947695694785,-2.477010488510132,-2.390699911117553,-14.89404296875,-13.7614013671875,-28.575217485427856,-0.9999999892012202
S104P:Y110T:V130W:D134P:K140T,1.112012203,-0.20675,-0.1171047984493161,-2.091388463973999,-1.1929351329803466,-12.3336181640625,-10.32657470703125,-20.37661409378052,-0.9999999995069624
S104Q:D115Y:S117Q:S122L:T131D,1.06691189,-0.2660718,-0.1650162014672765,-5.873998522758484,-6.108128786087036,-17.96417236328125,-17.1552734375,-29.57448387145996,-0.9999972569516152
S104Q:E111V:D125Q:T131E:D139S:I142S,1.641672052,-0.23262694,-0.1150162449086689,-1.6284167766571045,-2.5008310317993163,-15.65350341796875,-12.58275146484375,-25.588788509368896,-0.9999997773678766
S104Q:L113W:N116H:S117V:P129L:A141T,0.944461542,-0.27896458,-0.1785378235514902,-4.530924439430237,-4.87306706905365,-21.4921875,-21.24796142578125,-30.246205806732178,-0.9999822155327388
S104Q:N112E:D125P:N126K:D134S,1.144448613,-0.18835112,-0.1085550437194173,-3.372715950012207,-3.747895741462707,-15.68096923828125,-11.22625732421875,-23.21263146400452,-0.999999989398396
S104Q:S117K:S122A:S136V:A141P,1.02288465,-0.12249136,-0.070180709675962,-2.712994933128357,-3.202893018722534,-11.7220458984375,-11.218115234375,-22.291097164154053,-0.9999954083621608
S104Q:S122T:I128L:T131C:L137H,1.14109798,-0.12771347,-0.1093547997525579,-6.189757466316223,-6.958278203010559,-19.5946044921875,-17.6934326171875,-26.98128700256348,-0.9999761531557214
S104R:E114Y:T131S:V135E:S136V:K140T,1.258101597,-0.1971452,-0.127011282164007,-2.767134666442871,-3.752541160583496,-13.54510498046875,-12.0587646484375,-26.18702864646912,-0.9999991785882107
S104R:F108G:E119C:D127Q,1.5473758780000002,-0.2721399,-0.181848763571091,-9.833016395568848,-9.464924764633178,-20.86614990234375,-18.82296142578125,-27.24780559539795,-0.999999999319344
S104T:E111A:S122W:I128S:T132D:S136P,1.155252266,-0.26447797,-0.1454808245350034,-3.207965850830078,-4.325676918029785,-16.387451171875,-13.53116455078125,-30.104560136795044,-0.999999925899322
S104T:E111Q:K118H:D125M:N126V:I128E,1.133470009,-0.21185738,-0.1408297718631839,-3.550877809524536,-4.289970064163208,-18.1287841796875,-13.647863769531252,-28.140485286712646,-0.9999999893525504
S104T:K140F:A141R:I142G:S144T,1.216462611,-0.101018906,-0.0619854367076291,-2.226306200027466,-2.3055322408676147,-11.52685546875,-10.26395263671875,-21.02660894393921,-0.9999783771652666
S104T:M107F:Y110S:S122M:N126G:S144T,1.829597356,-0.20514232,-0.1419673390235766,-0.9675412178039552,-0.3847579717636108,-15.0135498046875,-13.114953613281251,-26.34932518005371,-0.9999993439255008
S104T:N112C:L113S:D115P:V135T:K140N,1.231044111,-0.1598694,-0.0982877249395296,-4.87109649181366,-4.393118262290955,-11.83465576171875,-10.5032958984375,-25.912105321884155,-0.9999789877980528
S104T:N116S:S117L:T131S:L137G,0.996907878,-0.13831148,-0.0713369566350645,0.317773699760437,0.1722729206085204,-5.134521484375,-4.5358520507812505,-20.152841806411743,-0.9328955640169434
S104T:P106H:E111K:K118P:V130D:A138M,1.253391953,-0.22650474,-0.1678654137879504,-4.929253101348877,-5.305572891235352,-21.99798583984375,-19.597375488281248,-29.92328357696533,-0.9999999996679376
S104T:P106Q:F108Y:Y110T:S122L:L137F,1.842737098,-0.21449572,-0.1486987999749778,-3.713709712028504,-3.907511520385742,-19.407470703125,-17.9058349609375,-31.097981214523315,-0.9999999849392792
S104T:P106W:M107D:T131M:T132R:S136V,1.275399997,-0.24120742,-0.1581643535573288,-4.641755819320679,-5.592224073410034,-20.009033203125,-18.73464355468749,-33.37727642059326,-0.9999999991943902
S104T:Y110G:D134N:V135T:K140S,1.858595187,-0.12783101,-0.06839423671736,1.1943097114562988,0.8751031637191773,-8.40875244140625,-5.387109375,-16.284064054489136,-0.9999435134878716
S104V:D125T:D127E:I128D,1.642339446,-0.14933166,-0.0888800027107429,-2.8434975147247314,-2.78001811504364,-12.6329345703125,-8.86053466796875,-17.705021619796753,-0.9999996184113316
S104V:F108S:L113W:N116Y:T121F:V130C,1.085849819,-0.2845555,-0.1654804813480037,-4.587341666221619,-5.0026771068573,-23.37823486328125,-22.335559082031253,-32.02516794204712,-0.9999999997527378
S104V:I128G:V130P:I142V:S144L,1.378989895,-0.15362942,-0.0743066645177659,-2.80543065071106,-3.088964343070984,-10.056884765625,-7.5171142578125,-21.792335033416748,-0.9999996720538934
S104V:I128Q:T132P:A138Q:A141I:E143V,1.531984196,-0.17317164,-0.0894592936777135,-2.110668659210205,-2.506407165527344,-12.431396484375,-10.52568359375,-24.047436714172363,-0.9999994753397408
S104V:L113D:S117E:N126D:T132H:D139C,1.734680711,-0.2522023,-0.1713967645719807,-6.496945738792419,-6.310101842880249,-14.76605224609375,-13.2597900390625,-27.44453716278076,-0.9999970001496524
S104V:L113G:K118L:I128R:T131G:S136W,1.064324395,-0.2743318,-0.1873284065002224,-5.911608099937439,-7.651300811767578,-22.34356689453125,-19.8380126953125,-31.955369472503666,-0.9999998385975388
S104V:M107G:S117L:I128Q,0.967732625,-0.17350617,-0.107963209050406,0.1230334043502807,-0.7302108764648438,-14.20111083984375,-12.65057373046875,-19.12006092071533,-0.9999993690987622
S104V:S117A:V135G:S136H,1.099245152,-0.10401195,-0.0770610116978981,-4.294657945632935,-5.295471668243408,-12.77227783203125,-11.09742431640625,-20.027406215667725,-0.9979357040549028
S104V:T105H:V130P:L137K:K140W,1.24023027,-0.19197166,-0.1287902614824289,-5.245605707168579,-5.642151641845703,-16.013916015625,-14.34388427734375,-27.6751720905304,-0.9999999907423832
S104V:T121D:V130W:S136C:I142S:E143C,1.152396791,-0.27508318,-0.1684841278184775,-7.186186075210571,-6.905930829048157,-20.16705322265625,-18.22947998046875,-34.306936740875244,-0.9999999906069602
S104V:Y110A:N116P:E119Y:N126M:I142E,0.987221231,-0.2912147,-0.1722862270803214,-0.7974188327789307,-1.0081008434295655,-13.92694091796875,-13.38006591796875,-26.109050750732425,-0.9999999815860616
S104W:E114D:T131A:T132L:I142W,0.848589508,-0.21867415,-0.1326292316260287,-3.872450590133667,-4.399605441093445,-12.13848876953125,-10.76988525390625,-25.5367968082428,-0.9998692324479816
S104W:K118Y:I128K:T131V:T132M,1.141826111,-0.25118926,-0.1706472376487433,-3.184867143630981,-4.538066911697388,-17.61285400390625,-15.6028564453125,-27.034092903137207,-0.9999971113950612
S104W:M107A:L113Q:T121C:N126C:I128F,0.961120521,-0.32494098,-0.2456602592060999,-6.269606232643127,-6.626179647445679,-28.179443359375,-25.92385253906249,-31.93537402153015,-0.999999997527372
S104W:M107G:N126Y:A138F:S144T,0.974527141,-0.23990998,-0.1734873272770239,-0.5689008235931396,-1.1282620668411254,-19.2891845703125,-18.3889892578125,-23.646417140960693,-0.9999998681312228
S104W:N112F:I128L:S136N:A138E:E143S,0.975476282,-0.22808433,-0.1433267287936499,-0.6680660247802734,-1.9981916427612303,-16.6483154296875,-14.93133544921875,-26.158992528915405,-0.9999959182321976
S104W:P106E:N116F:D125H:V135W,0.991637341,-0.38330388,-0.2665699588870662,-3.534467458724976,-5.39331283569336,-28.3057861328125,-26.4414306640625,-33.64429473876953,-0.9999999999743784
S104W:P106S:M107L:E109S:Y110T:E111P:N112M:L113F:D115Y:N116E:S117N:K118L:W120D:T121N:L123K:F124E,1.4687305780000002,-0.287242,-0.322907362968472,-3.437530517578125,-5.235123586654663,-55.5357666015625,-53.189453125,-95.21916627883913,-1.0
S104W:S117W:I128L:V135I:L137F,0.934469776,-0.28944093,-0.1694645457420485,-2.1551523208618164,-3.33712785243988,-18.10150146484375,-15.588916015625,-28.242055416107178,-0.999721790105934
S104W:T105W:E109H:P129H:V135F:K140S,1.012697731,-0.3428113,-0.249691946226507,-5.940210819244385,-7.75942976474762,-25.3648681640625,-22.89415283203125,-36.69771862030029,-0.9999999998324748
S104W:Y110Q:S122A:P129M:L137D:D139S,1.263220871,-0.26407266,-0.1591538398715526,-3.198131442070008,-4.694851922988891,-13.36334228515625,-12.483288574218752,-30.45224452018737,-0.9999994971552808
S104Y:D125W:P129T:K140H:A141H,0.978038436,-0.27307394,-0.1541054613649634,-7.247902154922485,-7.850748872756958,-17.90838623046875,-16.48179931640625,-29.30052399635315,-0.9999999563157452
S104Y:E119D:D125S:I128W:V130W:K140I,0.888012554,-0.2791779,-0.17183139570243,-5.067779779434204,-4.049846529960632,-22.7178955078125,-19.28936767578125,-30.45328378677368,-0.9999999987834944
S104Y:F108M:E114H:K118A:I142W,1.016489209,-0.20898926,-0.1768979109903248,-6.33824896812439,-7.640125489234924,-22.36474609375,-21.3973876953125,-26.08987045288086,-0.9999997189601936
S104Y:N112T:L113Y:S117F:K140R,0.989048063,-0.22772217,-0.1652196157869495,-4.201210856437683,-4.727161407470703,-17.6187744140625,-16.953845214843753,-25.8977575302124,-0.9996369670538012
S104Y:S117T:T121S:V135G:A138G:A141M,1.361971052,-0.13402754,-0.1021629143440002,-4.2925872802734375,-5.023273682594299,-18.22369384765625,-16.72579345703125,-28.98602867126465,-0.9999848666521544
S104Y:T105G:V135A:A141V,1.144275733,-0.12327951,-0.0863849463411923,-2.1082570552825928,-2.939694309234619,-16.0264892578125,-14.250341796875,-20.61769938468933,-0.9999903018950048
S104Y:T105Q:D115E:S122A:T131D:K140T,1.203907879,-0.17182487,-0.1108104665084241,-2.5559197664260864,-3.355746555328369,-18.63592529296875,-17.558117675781247,-30.327311277389526,-0.9999964090427084
S104Y:Y110G:D115Q:K118D:D127Y:I128V,1.126735208,-0.2554409,-0.1552317880650856,-1.7725324630737305,-2.7279802560806274,-15.07110595703125,-11.759655761718747,-26.04984998703003,-0.9999997041440132
S117A:A141P:E143H,1.36424906,-0.0652414,-0.0560236486251669,-1.4146592617034912,-1.6020097255706789,-7.5843505859375,-7.5134521484375,-12.481783390045166,-0.9878744288816164
S117C:K118P:D134G,1.296053073,-0.14647362,-0.0750149221182717,-3.517364978790283,-4.127698135375977,-9.53424072265625,-8.6724609375,-16.00297212600708,-0.996081698474104
S117C:K118T:V135P:D139Q,1.134265383,-0.1163992,-0.0775954494272687,-3.2631852626800537,-3.894097089767456,-8.108154296875,-7.2333129882812495,-18.18759393692017,-0.9987710201208164
S117C:S122K:N126D:T132A:A138W:A141M,1.008556569,-0.24783432,-0.1713200905144851,-8.533149600028992,-7.41857602596283,-17.1300048828125,-16.79427490234375,-32.71110391616821,-0.9999997177337168
S117D:K118E:E119W:T121P:D125P,1.167939682,-0.22506234,-0.1226480830182384,-3.140561819076538,-2.190632367134094,-8.18914794921875,-6.422302246093749,-26.97480058670044,-0.99999912877762
S117D:T131D,1.458367675,-0.0863699,-0.0404811872706294,-0.6340453624725342,-1.0034065246582031,-3.2823486328125,-3.01484375,-8.491485118865967,-0.8809009910613507
S117E:D133S:V135F:I142M,1.4377933040000002,-0.08936772,-0.0854738174384175,-0.7698502540588379,-1.3060190677642822,-8.4720458984375,-7.97501220703125,-15.605801105499268,-0.9836160641272864
S117E:E119C:S122P:D125N:T131E,1.362739542,-0.22046119,-0.1405721101048155,-7.178738355636597,-6.386372470855713,-12.80645751953125,-11.43560791015625,-25.486793994903564,-0.9999614474771056
S117E:T121D:D125A:T132Y:D139P,1.159235297,-0.17747253,-0.1236650460131227,-0.7383280992507935,-0.5710099935531616,-12.26202392578125,-11.05977783203125,-22.616604566574097,-0.9999895652054828
S117F:D127H:L137G:K140E,0.998318613,-0.20633692,-0.1139353144635509,-3.150362730026245,-3.525503969192505,-8.1650390625,-8.077880859375,-21.8450870513916,-0.9992347520076396
S117G:K118H:D125H:T131G,0.992917675,-0.19946894,-0.1150986749506506,-4.915212631225586,-6.424813461303711,-9.67047119140625,-8.69033203125,-22.133324146270752,-0.9982466943577444
S117M:P129S:T131N:V135L,1.004252059,-0.10800964,-0.0597174702165814,-0.5903162956237793,-1.1016677379608155,-8.57733154296875,-7.81229248046875,-17.62522053718567,-0.9947914574040356
S117M:T131P:D133E:L137C:S144G,0.941515615,-0.13777247,-0.0827126825407306,-4.605153799057007,-5.284821295738221,-5.9818115234375,-5.93760986328125,-25.708470344543457,-0.9951596963558128
S117P:K118I:T131N:D133P:I142Q,1.192635976,-0.1540924,-0.0879762588446675,-0.4101366996765136,-1.519423770904541,-5.18609619140625,-5.487805175781251,-20.73155379295349,-0.9996715343207184
S117P:K118Q:D139Q:K140R,1.448426495,-0.10771787,-0.0678311819707796,-1.9579384326934808,-2.835049057006836,-3.487548828125,-4.16011962890625,-18.32258939743042,-0.6784725595590383
S117Q:I128R:D134T:D139V,1.559563747,-0.18763745,-0.111273063035198,-4.310477018356323,-4.5175025939941404,-15.830322265625,-13.50654296875,-18.04597043991089,-0.9999696523081204
S117Q:N126D:S136F:L137S:D139A,1.279824516,-0.11638045,-0.0539268955217138,-1.7642626762390137,-1.2481501340866088,-2.91314697265625,-2.415966796875,-18.735265970230103,-0.9409806652631064
S117R:D134A:D139A:I142Q,1.249872688,-0.13715413,-0.0720585181619772,-3.722097158432007,-4.226566886901855,-9.76153564453125,-8.744726562499999,-18.09174513816833,-0.9997665823034758
S117R:K118G:T131A,1.800305744,-0.11266145,-0.0584525654748666,-2.357501268386841,-3.028406524658203,-5.348388671875,-5.2644775390625,-14.561169385910034,-0.9466341538869164
S117R:T132G:S136G:K140A,1.469739534,-0.12516966,-0.0638950660135398,-4.54844069480896,-4.925418186187744,-5.80242919921875,-6.113208007812501,-21.46051812171936,-0.9717807706412708
S117T:D125S:T131H:K140T,1.575856795,-0.13251173,-0.0884233250736766,-1.352081298828125,-1.6052591800689695,-10.0274658203125,-9.35618896484375,-16.25721836090088,-0.9458395953985116
S117T:K118W:T121W:V130P:D134S,1.000905765,-0.26438463,-0.1619930606719862,-3.5793211460113525,-3.780925130844116,-15.7733154296875,-13.920764160156253,-24.235394716262817,-0.9999999744998014
S117T:S136C:A138D:K140S,1.344165245,-0.0807803,-0.0618955673272075,-2.1082651615142822,-1.948613142967224,-5.810791015625,-6.203247070312499,-16.902377128601074,-0.9679229097540596
S117V:K118M:D134S:I142G,1.147504788,-0.14637697,-0.0937130748165036,-0.6614079475402832,-1.7301244735717771,-12.11199951171875,-11.215319824218753,-18.14703869819641,-0.9995323590971632
S117W:K118R:D125W:T131E,1.251061521,-0.32584977,-0.1825124394426991,-5.649769306182861,-6.159795427322388,-13.80108642578125,-12.63818359375,-28.073935508728027,-0.9999762402560252
S117W:K118S:E119K:W120L:T121F:S122E:L123T:F124S,1.188880615,-0.21840873,-0.1968644437416593,-6.203929305076599,-6.203719401359559,-34.14019775390625,-33.99979248046875,-63.82529878616333,-0.9999999999999998
S117Y:P129W:V130C:T132A:S136Y,1.277574109,-0.3191386,-0.1978030493250946,-9.534040689468384,-9.444984531402588,-17.013671875,-16.67724609375,-31.96102523803711,-0.9999947802175478
S117Y:T131I:D133H:S136W:K140T:I142H,0.941413486,-0.26721978,-0.1816272124701123,-6.196320056915283,-7.443732738494873,-16.33575439453125,-16.8506103515625,-32.13239645957947,-0.999729142297738
S122A:D125Q:T132V:V135D,1.563217621,-0.13822854,-0.0669567067427991,-2.7859374284744263,-3.2093594074249268,-9.443359375,-8.72064208984375,-20.96256113052368,-0.9997657836880698
S122C:T131P:A138H:K140S,1.321411305,-0.16864395,-0.0857042197230871,-4.333604574203491,-4.440706992149353,-10.06103515625,-9.767419433593751,-19.121760368347168,-0.9997376473871128
S122D:S136D,1.348976152,-0.08194956,-0.0585878854120329,-1.853131890296936,-1.8353752613067629,-7.25238037109375,-7.373779296875,-13.210084438323976,-0.9953269901326042
S122D:S144D,1.588266727,-0.08314893,-0.0592808842234764,-1.909718632698059,-1.9707449436187745,-7.51312255859375,-7.5505126953125,-13.767444133758543,-0.99410484257104
S122E:N126K:T132C:L137C,1.4461012080000002,-0.19035229,-0.1424050110514902,-7.5769935846328735,-7.210845899581909,-13.85565185546875,-13.569543457031248,-28.363656044006348,-0.9999958778738528
S122E:N126T:E143H:S144P,1.577674121,-0.13447562,-0.0892964427581461,-2.988152384757996,-3.0781837463378907,-10.27447509765625,-10.0201416015625,-21.383284091949463,-0.9999618285931074
S122G:D127T:V135G:K140T:S144H,1.259015165,-0.1735284,-0.1116459530867716,-4.886934995651245,-5.028543448448181,-15.30810546875,-14.14755859375,-26.31678032875061,-0.999988472303004
S122G:N126E:V130H:T132M:S136V:E143H,1.669130414,-0.16644615,-0.1216399712070451,-8.23369574546814,-7.323192596435547,-14.854248046875,-14.18243408203125,-31.62418818473816,-0.9999996840628292
S122I:P129W:V135E:A141M:E143W,1.054226287,-0.3605106,-0.2357795145163757,-11.343245267868042,-11.186465978622437,-21.6092529296875,-21.058142089843752,-34.8394570350647,-0.9999999990851838
S122P,1.42209935325,-0.079031944,-0.0353211643857039,-2.51949405670166,-1.8878580570220944,-2.157122802734375,-1.8708166503906247,-4.00723123550415,-0.3260481978894414
S122P:T131F:A141P:E143D,1.270797476,-0.13220596,-0.0829304325198787,-2.443032503128052,-2.0452864170074463,-8.1534423828125,-7.491943359375,-14.299795866012571,-0.9994196767665664
S122W:D127I:P129V:V130N:T132D:A141T,0.99025969,-0.2690944,-0.1753334235466248,-4.432846307754517,-4.968756222724915,-23.648193359375,-22.67403564453125,-32.691258907318115,-0.9999999999095008
S122W:N126Y:V130I:T131H,1.3580123590000002,-0.28440368,-0.1813510338182551,-5.270282030105591,-6.417982149124145,-17.458740234375,-16.27254638671875,-24.72202730178833,-0.9999299646758224
S136A:L137W:K140M:I142T,1.054332248,-0.09323713,-0.0833010418983541,-4.420353651046753,-3.847085237503052,-6.958984375,-7.2431640625,-18.262903213500977,-0.8378182425282892
T102A:D103E:S104F:P106S:M107K:F108M:E109N:Y110E:E111D:N112D:L113D:E114D:D115T:N116V:S117P:K118E:T121L:S122T:D125K:N126D:D127Y:I128A:P129S:V130I:T132V:D133S:V135L:S136P:L137I:A138S:D139N:K140S:A141D:I142T:E143N:S144E,1.007317385,-0.39330322,-0.3871509918538701,0.8341940641403198,-1.0969104766845703,-68.29168701171875,-62.9071044921875,-141.14635014533997,-1.0
T102A:D103K:S104I:T105E:P106K:M107N:F108V:E109F:Y110S:E111D:N112T:L113M:E114Y:D115E:N116S:S117T:K118T:E119L:T121A:S122V:D125T:N126L:D127N:I128S:P129E:V130I:T131P:T132N:V135D:S136T:L137D:A138E:D139S:K140E:A141D:I142D:E143P,1.046043014,-0.46079892,-0.4910025274202069,-8.08473825454712,-9.93584635257721,-86.87060546875,-80.67979736328125,-161.80354976654053,-1.0
T102A:D103K:S104N:T105F:P106E:M107D:F108M:E109D:Y110A:L113T:E114P:D115S:N116T:S117N:E119V:T121L:D125T:N126L:P129D:V130S:T131V:T132S:D133S:D134Y:V135D:S136E:L137D:A138E:D139T:K140E:A141D:I142T:E143P:S144I,0.0,-0.38236767,-0.4786610450608874,-3.446336388587952,-5.288392949104309,-85.786376953125,-80.4960205078125,-136.39264345169067,-1.0
T102A:D103P:S104E:T105D:P106D:M107V:F108D:Y110F:E111D:N112D:L113E:E114N:D115Y:N116V:K118L:E119S:T121P:S122I:D125N:D127M:I128A:P129T:V130D:T131E:T132S:D133E:V135L:S136T:L137I:A138K:D139T:A141S:I142T:E143S:S144T,1.524025179,-0.40160555,-0.4404155690474867,-2.199146270751953,-2.8049643993377686,-83.9595947265625,-78.24678955078124,-146.89643168449402,-1.0
T102A:D103P:T105L:P106T:M107A:F108T:E109D:Y110N:E111T:N112S:L113P:E114K:D115Y:N116E:S117E:K118S:E119T:T121D:S122V:N126D:I128E:P129E:V130I:T131N:T132K:D133S:D134V:V135D:S136F:L137E:A138S:D139T:K140I:A141D:I142M:E143L:S144N,1.410981782,-0.35357112,-0.3862053270441782,-4.558016538619995,-5.116644144058228,-77.4610595703125,-70.03276367187499,-150.5132019519806,-1.0
T102A:D103S:S104T:T105S:P106A:M107S:F108T:E109S:Y110S:E111S:L113S:E114P:D115E:N116S:S117T:K118V:E119A:W120T:S122V:L123I:F124T:D125G:N126C:D127A:I128T:P129A:V130S:T131G:T132K:D133R:D134Q:V135F:S136Q:A138E:D139T:K140P:A141N:I142P:E143S,1.180854915,-0.43368042,-0.4741326600207129,-9.71522605419159,-10.345488047599792,-101.9339599609375,-92.51322021484376,-173.89131689071655,-1.0
T102A:D125P:S136D:S144P,1.37873842,-0.14472601,-0.0655332952207518,-2.859739065170288,-3.1433086156845094,-4.67431640625,-3.01932373046875,-17.26648235321045,-0.999353648014182
T102A:D125S:N126H:V135G,1.4651465769999998,-0.11342275,-0.0673868851305327,-3.191885232925415,-3.6623229026794433,-10.9873046875,-9.44920654296875,-17.6339590549469,-0.9970689709986756
T102A:F108P:S122C:T132N,1.6546543130000002,-0.16762179,-0.1016243496823566,-5.203996181488037,-5.086340165138244,-12.99462890625,-12.830798339843753,-20.32377576828003,-0.9999772327397088
T102A:F108Q:S117M:S136C:S144A,0.997369004,-0.17231676,-0.1191286786171041,-5.405587911605835,-5.968726944923401,-12.8626708984375,-13.08458251953125,-27.09025549888611,-0.9996767471150556
T102A:M107F:N126W:P129W:V130N:L137I,0.950553696,-0.2921847,-0.1921520301031473,-4.232998609542847,-4.686769819259643,-17.72760009765625,-16.673437500000002,-29.641463041305546,-0.9999999992348788
T102A:M107L:Y110L:E111D:N112A:L113V:D115S:N116D:S117P:K118Q:E119G:T121N:N126D:P129A:T131S:T132V:D133S:V135E:S136T:L137I:D139P:K140S:A141V:I142F:E143S:S144G,0.973338882,-0.28476208,-0.1442333506519685,2.2463812828063965,2.943644905090332,-11.778564453125,-12.7463134765625,-88.36521005630493,-0.9999999999996738
T102A:P106D:N116C:N126H:T131H:S144R,1.096519201,-0.24562004,-0.1773951520274966,-6.667179107666016,-7.531615591049194,-21.01397705078125,-20.932910156250003,-32.13908386230469,-0.9999993771292328
T102A:S104W:T131W:T132W:A138G:A141C,0.987967124,-0.3630439,-0.2346278832052102,-10.051620960235596,-10.652091455459594,-19.60174560546875,-18.6541748046875,-37.40625238418579,-0.9999998551015882
T102A:S122E:N126Y:L137G:D139Q,1.392046032,-0.20765692,-0.1144646478293205,-4.219498515129089,-4.594538259506225,-9.45965576171875,-9.07398681640625,-26.06550168991089,-0.9999826976094224
T102A:T132E:D134N:S136T,0.930077436,-0.060526967,-0.0314226795345863,-1.112015724182129,-1.7264628410339355,-4.02703857421875,-3.00330810546875,-14.966705560684204,-0.9108546243656502
T102C:D103H:Y110S:K118T:T131A:A141H,1.11888593,-0.20164949,-0.1369495866985931,-3.1289782524108887,-3.771739006042481,-12.05609130859375,-12.255859375,-24.08037543296814,-0.999999816841934
T102C:D115A:N116E:I142D,1.483289731,-0.13312018,-0.0803328001626446,-3.178302764892578,-3.094699239730835,-5.892578125,-6.80137939453125,-17.900668144226074,-0.9995238365224252
T102C:D125G:N126T:S136H:L137D:S144G,1.586106428,-0.21014866,-0.1298162385662256,-7.187706232070923,-8.146642160415649,-8.018798828125,-7.8919921875,-30.15043830871582,-0.9998661323169844
T102C:I128V:T132Y:S136Q:S144W,1.166137813,-0.22980806,-0.159135214374583,-8.965486764907837,-9.109970760345458,-13.90374755859375,-13.145654296875,-27.73473024368286,-0.9996046191930252
T102C:N112G:T121C:P129H:V135L:I142Q,1.165219376,-0.24965227,-0.1756085704654137,-7.282104969024658,-8.019263315200806,-15.29620361328125,-14.698461914062502,-29.64170503616333,-0.9999996363274548
T102C:T105H:F108G:N112E:S117G:K118W,1.0352346609999998,-0.24911669,-0.191700076717499,-8.52395749092102,-9.086030507087708,-18.4830322265625,-18.28660888671875,-36.91491937637329,-0.9999999992602052
T102C:Y110D:P129R:K140M:S144N,1.273946346,-0.21227455,-0.131900828079821,-4.113615036010742,-4.664310359954834,-5.5592041015625,-6.6242919921875005,-23.86699700355529,-0.9996373817776868
T102C:Y110F:D115G:K118T:S122N:L137A,1.270955105,-0.19080475,-0.1550913094625778,-1.9705194234848025,-2.06125922203064,-5.5145263671875,-6.794616699218751,-26.46193552017212,-0.9995191922666092
T102D:D103C:K118R:I128C:T131P,1.140369148,-0.18383202,-0.1461682845689224,-6.36496114730835,-6.625034093856812,-17.1136474609375,-16.35166015625,-24.611852169036865,-0.9999999813497334
T102D:D103E:S104K:T105N:P106D:M107E:F108T:E109N:Y110K:E111D:N112D:L113S:E114I:D115T:N116V:S117D:K118A:E119L:T121S:S122E:D125I:N126S:D127E:I128P:P129S:T131S:T132F:D133E:D134L:V135T:S136T:L137M:A138Y:D139T:K140D:A141P:I142A:E143D:S144N,1.271832793,-0.41440314,-0.5088580257103538,-3.4535447359085083,-4.345043992996216,-90.45257568359376,-82.77690429687499,-165.67623353004456,-1.0
T102D:D103M:S104N:T105S:M107T:F108D:E109T:Y110F:E111S:N112A:L113E:E114N:D115T:N116E:S117I:K118D:E119L:T121V:S122E:D125L:N126T:I128S:P129N:T131K:T132A:D133S:D134I:V135D:S136D:L137K:A138E:D139T:K140D:A141S:I142Y:E143P:S144E,1.584383519,-0.39705485,-0.4059395569499278,-2.576422095298767,-3.207094430923462,-75.27545166015625,-68.12164306640625,-149.41452622413635,-1.0
T102D:D103N:S104P:P106L:M107A:F108P:E109N:Y110K:E111N:N112V:L113I:E114T:D115V:N116M:S117K:K118D:E119F:S122D:D125E:N126S:I128E:P129I:V130E:T132E:V135Y:S136E:L137T:A138S:D139S:K140D:A141L:I142S:E143A,1.33938884,-0.45921522,-0.452614672243383,-2.720741868019104,-2.9076350688934327,-78.18896484375,-73.096533203125,-140.72539472579956,-1.0
T102D:D103P:S104L:T105V:P106N:M107F:F108T:E109A:Y110T:E111A:N112Y:L113N:E114P:D115I:N116K:S117N:K118S:E119M:T121S:D125E:N126E:D127S:I128E:P129D:T131D:T132E:V135D:S136L:L137I:A138K:D139S:K140T:A141E:I142T:E143T:S144D,1.295217197,-0.39654243,-0.42518832929618,-3.165012240409851,-4.150551128387451,-81.681640625,-75.79351806640625,-146.8281548023224,-1.0
T102D:D103S:S104T:T105I:P106M:M107S:F108D:E109D:Y110D:N112I:L113D:E114S:D115V:N116E:S117T:K118S:E119P:S122D:D125L:N126L:D127S:I128P:P129A:V130A:T131E:T132K:D133T:D134F:V135Y:S136N:L137E:A138N:D139K:K140V:A141N:I142T:E143D:S144E,1.6066903380000002,-0.4043314,-0.4612907328215357,-4.549209117889404,-6.253972339630127,-95.9693603515625,-87.34254150390626,-158.6349585056305,-1.0
T102D:D103S:T105N:P106E:M107E:F108E:E109D:Y110E:N112M:L113D:E114D:D115L:N116D:S117D:K118A:E119V:T121S:S122F:D125P:N126Y:D127A:I128N:P129S:V130T:T132I:D133L:D134T:V135T:S136V:L137K:A138T:D139S:K140D:A141N:I142K:E143I:S144P,1.330104504,-0.4238177,-0.5164883433711911,-1.5148749351501465,-2.79403874874115,-90.49176025390624,-84.98824462890626,-152.27044129371643,-1.0
T102D:D103T:S104V:T105D:P106F:M107D:F108A:E109P:Y110V:E111L:N112I:L113M:E114D:D115N:N116Y:S117K:K118A:E119S:T121I:S122T:D125L:N126T:I128T:P129E:V130E:T131S:D133S:D134P:V135E:S136N:L137E:A138S:D139S:A141D:I142D:S144N,1.18933062,-0.43598384,-0.4523071614872943,-6.59506368637085,-8.728437471389771,-91.33465576171876,-83.5298583984375,-154.47030925750732,-1.0
T102D:D103V:T105D:P106I:M107T:F108N:E109I:Y110D:E111D:N112D:L113D:D115E:N116D:S117L:K118V:T121K:S122K:D125M:N126T:D127A:I128E:P129S:V130T:T131P:T132P:D133F:D134S:V135L:L137T:D139Y:K140S:A141N:I142T:S144N,1.604482982,-0.4180097,-0.4871245686269739,-7.171347737312317,-8.565803003311157,-90.82867431640624,-84.40847167968751,-150.94009566307068,-1.0
T102D:E109I:I128P:T132Y:S136L:L137W,1.059752653,-0.27638674,-0.1969455162401301,-8.147861957550049,-8.053387355804443,-17.841796875,-16.747900390625,-32.065364360809326,-0.9999998065764252
T102D:E111A:E119P:I128M:V135I:S144D,1.308181731,-0.16594121,-0.1203693104808442,-3.1411046981811523,-3.318254804611206,-15.83447265625,-13.4654052734375,-26.405383825302124,-0.9999839749143752
T102D:E111P:N112Q:N126T:V130F,1.268440016,-0.16549227,-0.1175113012782196,-0.7538661956787109,-0.0881139039993286,-10.54168701171875,-10.2832763671875,-18.554749727249146,-0.9999986909150268
T102D:L113A:I128V:P129A:T131K,1.484646558,-0.14063308,-0.1071587830675879,-0.2779144048690796,-1.1621257543563843,-12.991455078125,-11.978576660156248,-18.165706634521484,-0.999330354302566
T102D:L113I:D125T:V130Q:T131L,1.6276616519999998,-0.16645643,-0.1401780966762121,-1.5495487451553345,-1.999800038337708,-15.96038818359375,-14.78795166015625,-20.81711435317993,-0.9999976364006072
T102D:M107R:D115A:T121E:K140R,1.289943796,-0.16067225,-0.1295156784329126,-2.288689613342285,-2.1410518646240235,-10.62432861328125,-11.0353515625,-25.36732292175293,-0.9999756195143242
T102D:M107Y:K118G:E119H:D139L:I142W,1.091922761,-0.2664485,-0.182434950859097,-5.572098016738892,-5.689088582992554,-12.498046875,-12.59620361328125,-28.239741802215576,-0.999999986224868
T102D:N126M:V130K,1.298164919,-0.108190894,-0.0753392121121553,-0.5109457969665527,-1.029714822769165,-9.95947265625,-9.169323730468747,-13.015469074249268,-0.9999928484494364
T102D:S104D,1.56390212,-0.07407534,-0.0527919891466026,0.2784152030944824,-0.093162727355957,-4.835693359375,-4.43292236328125,-8.84194278717041,-0.994865157776374
T102D:S104D:P106K:M107V:F108D:E109S:Y110V:E111A:N112D:E114D:N116E:S117E:K118A:T121E:S122N:D125E:N126T:D127P:I128L:P129T:V130T:T132K:D133S:D134M:V135S:S136P:L137Y:A138F:D139S:K140I:A141I:I142N:E143N,1.763656252,-0.39826655,-0.4706722816114324,1.7692208290100098,-0.5090504884719849,-85.19622802734375,-77.2646484375,-132.05304169654846,-1.0
T102D:T105D:T121D,1.458031421,-0.15202346,-0.0918408051080127,0.7656047344207764,0.4544160604476929,-9.93365478515625,-9.5672607421875,-17.399169921875,-0.999978106425498
T102D:T105P:P106D:M107I:F108T:Y110T:N112A:L113T:D115N:N116S:S117T:E119S:T121N:S122D:N126M:D127T:I128V:P129L:V130K:T131S:T132F:D133V:D134E:V135P:A138E:D139A:K140I:A141D:I142Y:E143D:S144N,1.1956298,-0.39580357,-0.3611478432217526,-5.997957229614258,-6.184688591957093,-75.058837890625,-70.6837890625,-132.34837555885315,-1.0
T102D:T105S:P106Y:M107E:F108T:E109V:Y110E:E111A:N112M:L113K:E114D:D115N:N116P:S117T:K118I:E119L:T121V:S122K:N126D:D127N:I128A:V130S:T131L:T132E:D133F:V135E:L137T:A138S:D139T:K140D:A141I:I142E:E143T:S144N,0.914626431,-0.4003693,-0.4416471868223143,-6.375324010848999,-6.397980141639709,-73.7005615234375,-67.489111328125,-144.9289035797119,-1.0
T102D:T105W:E109C:V130C,1.1081986659999998,-0.22983667,-0.1630528134383341,-7.772974491119385,-8.414435434341431,-18.89166259765625,-18.03143310546875,-28.247111320495605,-0.9999999993493716
T102D:Y110G:E111P:V135P:S144L,1.249314845,-0.15678364,-0.0886845164451735,-0.2657921314239502,-0.5309486150741577,-5.5633544921875,-4.13328857421875,-18.89785122871399,-0.999999729289886
T102E:D103A:S104D:P106K:M107D:F108A:E109N:Y110N:E111D:L113T:E114I:D115S:N116P:S117T:K118Y:E119I:T121E:S122T:D125E:N126S:D127K:I128S:P129L:V130D:T131S:T132F:D133V:D134S:V135L:S136E:L137P:A138D:D139T:K140M:A141D:I142D:E143V:S144E,1.55592104,-0.39912653,-0.4704395986536643,-5.02075731754303,-6.059783887863159,-88.4300537109375,-81.08824462890625,-158.92779099941254,-1.0
T102E:D103I:S104M:T105N:P106S:M107S:F108D:E109L:Y110T:E111A:N112D:L113E:E114S:D115E:N116D:S117T:K118T:E119S:T121A:S122T:D125E:N126D:D127T:I128E:P129D:V130P:T131V:T132K:D133K:D134V:V135L:S136N:L137D:A138I:D139S:K140N:A141Y:I142D:E143F:S144P,1.177987983,-0.37878096,-0.463665510836021,-5.556259632110596,-7.1466876745224,-94.790771484375,-87.37830810546876,-162.07338500022888,-1.0
T102E:D103K:I128E:D134M:K140M,1.58492205,-0.17960918,-0.1422644238455015,-4.197744846343994,-4.173462915420532,-17.5167236328125,-15.83236083984375,-23.605207920074463,-0.9999999973312304
T102E:D103L:S104D:T105A:P106A:M107V:F108V:Y110S:E111F:N112F:L113S:E114S:D115S:N116T:S117D:K118S:E119T:W120P:T121M:S122F:L123E:F124Y:D125E:D127L:I128E:P129D:V130N:T131S:T132K:D133E:D134W:V135T:A138F:K140N:A141D:E143P:S144V,0.98692626,-0.11819956,-0.3971307286164091,-9.476921796798706,-10.159243154525758,-108.14630126953124,-101.76051025390623,-177.83366227149963,-1.0
T102E:D103N:S104D:T105D:P106Y:M107L:F108N:E109T:Y110S:E111P:N112T:L113S:E114V:D115T:N116V:S117A:K118S:T121D:N126I:D127F:I128D:P129S:V130I:T131E:T132A:D133L:D134N:V135K:S136E:L137E:A138T:D139M:K140P:A141D:I142D:E143T:S144K,1.074166145,-0.3609596,-0.367094698325595,-3.4411219358444214,-5.305726504325866,-75.91070556640625,-68.57188720703125,-152.29818034172058,-1.0
T102E:D103N:S104T:T105N:P106E:M107S:F108L:E109D:Y110F:E111T:N112T:L113T:E114K:D115I:N116E:S117I:E119S:T121Y:S122V:N126L:I128D:P129N:V130P:T132V:D134S:V135D:S136M:L137D:A138S:D139E:K140P:A141S:I142E:E143A:S144A,1.21269001,-0.40766835,-0.3585805112356817,-4.472599506378174,-4.92573881149292,-73.55072021484375,-66.27750244140626,-144.48948526382446,-1.0
T102E:D103P:M107W:L137P:S144W,1.190136058,-0.21139082,-0.1525687221106262,-5.514463186264038,-5.798429656028747,-13.74169921875,-14.3628173828125,-24.055232763290405,-0.9999999901404474
T102E:D103P:S104M:L113P:T121I,1.345795431,-0.15430963,-0.1196611071820785,-2.490430235862732,-2.6276215076446534,-19.0072021484375,-18.27742919921875,-19.54366970062256,-0.9999998687632446
T102E:D103P:S104M:T105D:P106K:M107S:F108E:E109L:Y110I:E111L:N112T:L113T:E114D:N116K:S117A:K118D:E119N:T121V:N126T:D127I:I128T:P129E:V130A:T131N:T132P:D133N:D134F:V135D:L137T:A138S:K140V:A141S:I142Y:S144E,1.439092889,-0.3703044,-0.3753479655527135,-5.21067214012146,-6.566498827934265,-81.19219970703125,-73.5395751953125,-140.80222749710083,-1.0
T102E:D103Q:S104E:M107P:F108L:E109F:Y110S:E111G:N112D:L113A:E114N:D115T:N116V:S117E:K118L:E119S:W120S:T121H:S122V:L123V:F124E:D125S:N126F:D127F:I128E:P129S:V130S:T131S:T132D:D133S:D134T:V135P:S136L:A138G:D139L:K140D:A141G:I142V:E143D:S144H,1.37419228,-0.33942014,-0.5084655870322232,-13.676973223686218,-13.904749155044556,-110.41156005859376,-102.0396484375,-187.807936668396,-1.0
T102E:D103S:S104P:T105K:P106S:M107T:F108I:E109T:Y110S:E111A:N112D:L113T:E114D:D115P:N116D:K118D:E119Y:T121A:S122T:D125N:N126E:D127I:I128V:P129D:T131D:T132M:D134E:V135E:S136L:L137N:A138F:D139K:K140T:A141N:I142E:E143L,0.994866385,-0.39349014,-0.3668115147492216,-1.3841044902801514,-1.2504628896713257,-80.97479248046875,-74.63327636718749,-148.81952929496765,-1.0
T102E:D103T:S104D:T105E:P106V:M107D:F108P:E109T:Y110A:E111I:N112E:L113N:E114D:D115K:N116K:S117L:K118T:E119T:T121F:S122N:D125I:N126P:D127L:I128S:P129E:V130S:T131Y:D134A:V135S:S136D:L137E:A138V:K140D:A141S:I142N:E143S:S144M,1.307223206,-0.3923493,-0.5100424009710021,-9.405131816864014,-9.99284884929657,-101.183349609375,-93.354638671875,-167.26234078407288,-1.0
T102E:D103T:S104E:T105I:P106V:M107T:F108P:E109V:Y110K:N112A:L113D:E114P:D115M:N116D:S117A:K118S:E119I:T121E:S122D:D125S:N126F:I128T:P129S:V130N:T131S:T132E:D133L:D134T:V135N:L137D:A138Y:K140D:A141L:I142K:E143N:S144T,1.326823231,-0.36088383,-0.4876671516174099,-3.857760429382324,-5.416828894615174,-98.7481689453125,-94.37730712890624,-158.2929332256317,-1.0
T102E:D103T:S104E:T105S:P106N:M107F:F108S:E109A:Y110S:E111K:N112I:L113K:E114V:D115S:N116P:S117Y:K118L:E119D:S122M:D125L:N126T:D127I:I128P:P129D:V130D:T131N:D133E:D134E:V135E:S136N:L137D:A138D:D139V:K140T:A141D:I142S:E143D:S144A,1.45860493,-0.37740725,-0.4627635046256395,-8.82142436504364,-9.81481430530548,-96.97576904296876,-88.32993164062499,-163.99300122261047,-1.0
T102E:D103V:S104D:T105V:P106I:M107P:F108A:E109S:Y110L:E111D:N112T:L113D:E114S:D115Y:N116K:S117T:K118D:E119N:S122I:D125P:D127S:I128S:P129S:V130E:T131N:T132E:D133L:D134A:V135K:S136F:L137T:A138T:D139M:K140E:A141E:I142D:E143D:S144D,1.449175902,-0.3833092,-0.4207638234854594,-11.08336091041565,-13.554800295829772,-82.68780517578125,-76.0309326171875,-168.5127124786377,-1.0
T102E:F108G:N126T:T132A:D139Y,1.006926239,-0.17671502,-0.1202324157932051,-4.259614229202271,-4.587088608741761,-12.66546630859375,-12.068127441406247,-23.44436931610108,-0.9999919247754586
T102E:M107F:D125A:S136Q,1.38358493,-0.14813617,-0.0952279304694451,-0.4551224708557129,-1.0455125331878663,-10.67449951171875,-9.9778564453125,-16.146236419677734,-0.9999637040426907
T102E:P106R:T132W:D139H:K140C,0.997718061,-0.25560665,-0.1736330188466137,-8.568148374557495,-8.47021942138672,-17.64306640625,-18.03592529296875,-31.547600269317627,-0.9999998531149492
T102E:S104Y:P106D:M107K:F108S:E109N:Y110I:N112E:L113K:E114T:D115L:N116T:S117N:K118F:E119D:T121D:S122T:D125T:N126A:D127E:P129S:V130D:T131L:T132V:D133A:D134E:S136N:L137P:A138S:D139P:K140S:A141S:I142D:E143M:S144D,1.036003857,-0.38167536,-0.4216199990269129,-0.8006365299224854,-2.0156693935394285,-73.23150634765625,-68.42023925781251,-141.47305607795715,-1.0
T102E:S117E:N126C,1.404166323,-0.1318348,-0.0978472835228536,-2.455441951751709,-2.576957368850708,-6.6470947265625,-7.11309814453125,-13.988223552703856,-0.9980876797546744
T102F:D103A:S104P:P106T:M107V:F108S:E109A:Y110S:E111V:N112S:L113P:E114A:D115S:N116S:K118V:E119G:W120P:T121E:F124G:D125G:N126M:I128V:P129N:V130P:T131L:T132K:D133R:D134P:V135R:S136D:L137G:A138S:D139E:K140S:A141P:I142S:E143F:S144E,1.049010706,-0.4024546,-0.4509959916627279,-10.097766757011414,-11.39711277484894,-91.627197265625,-84.2922119140625,-168.10277330875397,-1.0
T102F:D103G:S104Q:T105F:P106T:M107S:F108P:E109V:E111V:N112A:L113D:E114G:N116L:S117P:K118A:E119D:W120S:T121N:S122D:L123W:F124S:D125S:N126L:D127F:I128P:P129D:V130S:T131H:T132I:D133S:D134G:V135E:S136D:L137F:A138D:D139M:K140T:A141L:I142A:E143T:S144F,0.904948914,-0.42700803,-0.556873416561249,-12.088243246078491,-12.98298680782318,-123.7830810546875,-115.10479736328124,-199.2497787475586,-1.0
T102F:D103S:S104N:T105A:P106E:M107S:F108P:E109D:Y110S:N112E:L113E:E114T:N116D:S117K:K118L:E119D:T121P:D125V:D127A:I128T:P129L:V130N:T131Y:D133V:D134K:V135I:S136T:L137M:A138D:D139I:K140S:A141E:I142T:E143D:S144D,1.0312260359999998,-0.44508255,-0.4047821696542761,-5.288275003433228,-6.51480655670166,-86.2449951171875,-77.7332275390625,-143.02362871170044,-1.0
T102F:K118W:S122N:T131A:A141R,0.98613222,-0.20243046,-0.1336072602730205,-2.5638638734817505,-3.128521537780762,-12.2225341796875,-11.60687255859375,-25.70827698707581,-0.999999751220587
T102F:T105E:E114M:I128W,1.024954371,-0.17118528,-0.1209535429061944,-2.3798301219940186,-3.0305252075195312,-14.89776611328125,-13.541870117187502,-21.252025842666622,-0.9999999544298688
T102F:T121Q:I128T,1.562579041,-0.11137828,-0.0552321464565725,0.564467191696167,0.5407973766326905,-6.8739013671875,-5.2919677734375,-12.190156698226929,-0.9994626748766472
T102G:D103I:E119P:T132E:I142E,1.242352663,-0.19554037,-0.111359511405972,-2.828895568847656,-2.5448375225067137,-9.470947265625,-9.884033203125,-20.13262724876404,-0.9999991379748442
T102G:D103T:S104I:T105S:M107K:F108D:E109L:Y110F:E111M:N112D:L113A:E114S:D115A:N116P:S117P:K118S:E119A:W120S:T121F:S122T:L123D:F124L:D125S:N126T:D127P:I128S:P129F:V130E:T131S:T132P:D133G:D134Y:V135F:L137Q:A138D:D139T:K140S:A141P:I142M:E143F:S144A,0.0,-0.38195884,-0.5259161572439391,-11.537010431289673,-11.487744140625,-105.40277099609376,-98.258056640625,-186.11770462989807,-1.0
T102G:N116I:S122E:I128G:D134G:A141N,1.176333972,-0.26198268,-0.142429392532946,-1.60936176776886,-3.131897497177124,-20.16253662109375,-18.7219482421875,-31.24713444709778,-0.9999999998279034
T102G:S104D:L113D:N116C:T131L:D139R,1.569049897,-0.24882191,-0.1779581524723366,-4.601731896400452,-4.393490481376648,-18.02325439453125,-17.5494873046875,-27.59700393676757,-0.9999971822482466
T102G:S104K:P129R:V135D:S136D,0.986123052,-0.17989314,-0.1092219776954515,-5.767666816711426,-7.031554651260376,-13.7384033203125,-12.8420654296875,-25.36565136909485,-0.9999997305383608
T102G:S117G:K118N:V130Q:D133C,1.379424494,-0.19161841,-0.1122515260961132,-3.39738130569458,-4.651545095443725,-8.89984130859375,-8.7912109375,-22.13785219192505,-0.9999854514276174
T102G:T105A:Y110H:T121A:V135S,1.5579703880000002,-0.11704236,-0.0648257978446119,-0.2300758361816406,-1.011736011505127,-8.29248046875,-7.704699707031249,-22.668874979019165,-0.9999829452949748
T102G:T105E:N126Y:V130F:T131S:E143W,0.991727395,-0.23941141,-0.1689317913666315,-5.3096022605896,-5.094377946853638,-18.98370361328125,-19.04534912109375,-29.59983944892884,-0.999999992351566
T102G:Y110A:A138T,1.19969132,-0.09856179,-0.0629627594319951,0.6605918407440186,0.3152953147888183,-2.1488037109375,-2.5144165039062503,-9.49805212020874,-0.9808933854105126
T102G:Y110E:E119V:V135W:L137A,1.656322396,-0.22953874,-0.1313145864900745,-3.23744797706604,-2.99375319480896,-5.642578125,-4.78165283203125,-22.170419454574585,-0.9999973359016692
T102G:Y110I:N112Q:L113W:T132H,1.190540172,-0.19596818,-0.127002322376835,-3.848029017448425,-4.607296538352967,-8.4483642578125,-8.94329833984375,-23.714693784713745,-0.9998820870775138
T102G:Y110S:E111R:T121L:V130E:K140S,1.273765932,-0.1945346,-0.109771239799961,0.8523654937744141,0.4480283975601196,-11.87884521484375,-10.578515625,-22.91230869293213,-0.9999998357188256
T102G:Y110S:K118H:E119N:I142M,1.484619205,-0.13894364,-0.0654698164861822,-1.6646292209625244,-2.2559324741363525,-2.35107421875,-2.2873046875000003,-20.440190315246586,-0.9981812210247248
T102H:P106E:T121P:D125A:N126Y:A141G,1.483277511,-0.23611459,-0.1972316864122275,-5.2893500328063965,-6.2706808090209964,-23.6461181640625,-23.40029296875,-32.34483242034912,-0.9999999958398134
T102H:P129N:S136P,1.1620879240000002,-0.11412969,-0.0740914124186777,-2.4466753005981445,-2.917385530471802,-4.60009765625,-5.26795654296875,-13.837876796722412,-0.9957725191875032
T102H:S104E:S117R:T121D:D139N,1.262000453,-0.16030389,-0.1099228502592583,-3.88134765625,-4.504062008857727,-12.76458740234375,-12.45908203125,-28.234305143356323,-0.9999913399940034
T102H:S104G:T105Q:P129T:K140T,1.296775911,-0.16099566,-0.1176453179736154,-3.0409393310546875,-3.4257688999176024,-13.4609375,-13.11690673828125,-24.59820032119751,-0.999954515708326
T102H:S104T:T105S:M107L:F108I:E109A:Y110T:E111D:N112S:L113D:E114L:D115G:N116P:S117G:K118H:W120E:T121W:S122E:L123S:F124L:D125F:N126P:D127V:I128E:P129S:V130A:T131M:T132L:D133P:D134K:V135F:S136D:L137E:A138K:D139V:K140P:A141L:I142C:E143S:S144P,1.3772871880000002,-0.3894465,-0.4662509796033975,-16.861737728118896,-17.375763607025146,-90.5340576171875,-82.1802978515625,-187.57050347328183,-1.0
T102I:D103A:S104D:T105S:P106Q:M107E:F108S:E109L:Y110I:E111N:L113V:E114A:D115A:N116I:S117V:K118M:E119P:W120T:T121A:S122T:L123T:F124A:D125F:N126L:D127P:I128T:V130A:T131I:T132E:D134S:V135K:S136I:L137S:A138T:D139S:K140L:A141N:I142K:E143V,1.21353065,-0.3824104,-0.559108802008035,-6.448223233222961,-7.46361927986145,-122.82415771484376,-114.4475341796875,-186.1125396490097,-1.0
T102I:D103L:Y110S:L113A:K140M,1.576954517,-0.20018813,-0.1486506343312111,0.1169925928115844,0.3233723402023315,-11.19781494140625,-11.4864990234375,-16.06821584701538,-0.9999920554825004
T102I:D103S:S104D:T105P:P106E:M107T:E109D:Y110D:E111A:N112T:L113E:E114L:N116D:S117M:K118V:E119N:T121N:S122E:D125P:N126T:D127E:I128E:P129T:V130S:T131D:T132A:D133T:D134S:V135S:S136V:L137D:A138I:D139S:K140Y:A141K:I142N:E143K:S144L,1.337962137,-0.35715437,-0.3841902437583407,0.0522795915603637,-2.403734254837036,-77.2021484375,-68.911376953125,-152.86942625045776,-1.0
T102I:D103T:S104T:T105N:P106M:M107L:F108D:E109D:Y110D:E111D:N112L:L113V:E114S:D115I:N116P:S117A:K118A:E119S:T121E:S122N:D125E:N126P:D127E:I128F:P129D:V130S:T132N:D133K:D134Y:V135S:S136D:L137D:A138T:D139E:A141V:I142T:E143S:S144E,1.121398887,-0.36786062,-0.3950224092422432,-1.0264137983322144,-2.474024200439453,-79.70751953125,-72.23239746093749,-152.20218348503113,-1.0
T102I:D103T:T105F:P106M:M107N:F108T:Y110S:E111I:N112E:L113D:E114D:N116D:S117E:K118E:T121S:S122P:D125K:N126T:D127K:I128T:P129L:V130D:T131V:D133L:D134V:V135S:S136A:L137S:D139P:K140D:A141Y:I142N:E143D:S144N,1.5731269730000002,-0.42876607,-0.4048348423424989,-6.403899431228638,-7.873434615135193,-73.886474609375,-68.45517578125,-142.54853582382202,-1.0
T102I:F108G:S144P,1.576552699,-0.097081125,-0.0700426203500333,-1.346160650253296,-1.8287251710891723,-9.44146728515625,-9.593017578125,-14.154671669006348,-0.9998923922114092
T102I:N112H:S122E:T131F:S136T:A141R,1.127078171,-0.17032498,-0.1265529754747276,-4.368341326713562,-5.088413715362549,-15.77642822265625,-15.875854492187502,-30.71043825149536,-0.9999997110900458
T102I:S104C:Y110N:D115G:T131E,1.5082505430000002,-0.1903987,-0.1077642474734487,-3.0344512462615967,-3.649910259246826,-6.9239501953125,-5.30255126953125,-21.1913902759552,-0.998999284657308
T102K:D103E:S104F:T105A:P106D:M107D:F108Y:Y110S:E111D:N112T:L113P:E114N:D115V:N116V:S117T:K118T:E119P:T121K:S122M:D125S:N126E:I128S:P129L:V130D:T132I:D133N:D134I:V135D:S136L:L137D:D139E:K140T:A141S:I142E:E143N,1.432276721,-0.38951755,-0.3882325739198732,-7.363041162490845,-8.53775200843811,-79.3480224609375,-73.73796386718749,-148.2092776298523,-1.0
T102K:D103N:S104T:T105E:P106S:M107S:F108S:E109Y:Y110V:E111I:N112E:L113F:E114L:N116S:S117T:K118T:E119S:T121I:S122E:D125T:N126A:D127E:I128N:P129V:V130P:T131D:T132D:D133A:D134T:V135N:S136P:L137D:A138L:D139M:K140D:A141K:I142D:E143D:S144E,1.171067684,-0.46026224,-0.469472701863462,-7.387371301651001,-9.456137371063232,-91.503173828125,-82.77667236328125,-165.740576505661,-1.0
T102K:D103T:S104L:T105P:P106S:M107D:F108D:E109Y:Y110F:E111N:N112A:L113I:E114M:N116E:S117D:K118V:E119N:T121P:S122T:D125E:N126K:D127S:I128V:P129T:V130E:T131N:T132S:D133T:D134S:V135I:S136D:L137D:A138E:D139S:K140A:A141L:I142E:E143D:S144T,1.498246765,-0.37083083,-0.430110130445813,-4.604871034622192,-7.177152800559997,-94.6275634765625,-87.21297607421874,-161.17035245895386,-1.0
T102K:K118G:T131M:I142F,1.36707745,-0.12886775,-0.0846393625931383,-2.791698455810547,-3.140017938613892,-9.22967529296875,-9.38018798828125,-17.195162057876587,-0.9886700304382818
T102K:M107E:Y110C:T121A:N126W:S136G,1.437023793,-0.25474694,-0.1757355822362933,-3.793213844299317,-4.094218683242798,-15.9432373046875,-16.172509765625,-32.16127300262451,-0.999999980413336
T102K:S104H:M107Q:K118V:D127G:L137V,1.056876195,-0.18058729,-0.1429724099373054,-2.813724994659424,-3.7152475357055663,-16.404541015625,-14.710974121093752,-27.684319496154785,-0.9999999658822618
T102K:S104P:T132M:D133P,1.488638018,-0.108891964,-0.0733813628607373,-3.349895477294922,-3.0421576499938965,-8.30596923828125,-8.10081787109375,-17.4827721118927,-0.9998689552472286
T102K:S104T:P106N:M107E:F108D:E109F:Y110T:E111S:N112I:L113T:E114S:D115A:N116A:S117T:K118L:E119P:T121V:D125S:N126V:D127N:P129D:V130E:T131L:T132M:D133E:D134E:V135E:S136D:L137D:A138D:D139Y:K140D:A141P:I142N:E143S:S144K,1.290866023,-0.40250474,-0.4316595763074121,-8.0935298204422,-8.89470977783203,-82.9774169921875,-75.69826660156251,-148.53508925437927,-1.0
T102K:T105S:Y110P:D127W,1.5973019919999998,-0.25371286,-0.1307352955231039,-3.067147970199585,-2.6064969539642333,-8.7696533203125,-8.109790039062501,-20.506038427352905,-0.999999978777388
T102L:D103F:S104E:T105D:P106D:M107I:F108A:E109V:Y110S:E111V:N112A:L113D:D115T:N116I:S117A:K118P:E119A:W120I:T121F:L123E:F124P:D125T:N126A:D127S:I128P:P129Q:V130K:T131A:T132A:D133A:D134I:V135E:S136P:L137T:A138F:D139S:K140T:A141V:E143D:S144T,1.34117422,-0.37136674,-0.4579515558969084,-7.526706099510193,-9.646285438537598,-111.55865478515624,-102.9815673828125,-187.6333701610565,-1.0
T102L:D103F:S104P:T105V:P106E:M107S:F108A:E109M:Y110L:E111P:N112K:L113F:E114D:D115E:N116K:S117V:K118P:E119L:W120C:T121S:S122P:L123K:F124A:D125P:N126S:D127A:I128L:P129I:V130T:T131P:T132M:D133T:D134R:V135T:S136A:L137S:A138S:D139P:K140G:I142S:E143P:S144R,1.134994836,-0.44411427,-0.5107665689814558,-17.818265676498413,-16.95015068054199,-117.85205078125,-107.42547607421876,-199.0819540023804,-1.0
T102L:D103G:S104L:T105D:P106T:M107T:F108A:E109L:Y110D:E111I:N112A:L113A:E114A:D115L:N116S:S117Q:K118P:E119K:W120V:T121K:S122A:L123D:F124V:D125T:N126P:D127A:I128S:V130M:T131I:T132R:D133T:D134T:V135S:L137R:D139T:K140S:A141P:I142S:E143A:S144R,1.115642124,-0.43677998,-0.5190199991137956,-14.007471203804016,-15.826580214500428,-113.693359375,-107.65778808593748,-195.280118227005,-1.0
T102L:D103V:S104I:T105P:P106N:M107T:F108S:E109F:Y110L:E111P:N112T:L113P:E114V:D115I:N116E:S117D:K118A:E119K:W120L:T121N:L123K:F124K:D125S:N126S:D127A:I128G:P129S:T131Q:T132K:D133K:D134S:V135D:S136K:A138D:D139R:K140L:A141G:I142V:E143I,1.177644091,-0.39715618,-0.5574705184990826,-11.269155859947205,-13.26935887336731,-121.62115478515624,-115.5092529296875,-186.60690665245056,-1.0
T102L:D125W:T132W:L137H:K140N,1.079680185,-0.30161637,-0.1648343449385566,-7.040692567825317,-6.65881495475769,-9.10968017578125,-8.783581542968749,-29.353880405426025,-0.999995799926158
T102L:M107S:N112H:P129W:S136H,1.229445138,-0.23009771,-0.1600961379733374,-4.008952856063843,-4.333562994003296,-14.91552734375,-14.7937255859375,-25.121228218078613,-0.999997601217586
T102L:P106Q:K118M:I128C:V130E,1.161042503,-0.21374714,-0.1530546140840469,-2.558724403381348,-3.711913871765137,-19.50274658203125,-18.31075439453125,-24.96956777572632,-0.9999999991541672
T102L:S104A:T105F:P106V:M107K:F108K:Y110D:E111D:N112G:L113Q:E114V:D115P:N116M:S117D:K118L:E119L:W120V:T121H:S122H:L123D:F124D:D125H:N126D:D127G:I128L:P129T:V130P:T131M:T132F:D134S:V135D:S136P:L137A:A138L:D139S:K140A:A141V:I142S:E143G:S144E,1.19764251,-0.42780083,-0.5596176093159198,-16.353565335273743,-16.399642634391785,-115.31866455078124,-110.23193359375,-201.3869891166687,-1.0
T102L:S122T:N126E:I128W:E143N,0.980111522,-0.17360976,-0.1175526249026913,-4.099635720252991,-3.3910379886627195,-13.1605224609375,-12.0623291015625,-23.03401565551757,-0.999998246117394
T102L:T105E:D125T:T131H:V135A,1.3929673219999998,-0.17364913,-0.1357615189195953,-2.4925365447998047,-3.4019202709198,-16.96966552734375,-15.2137939453125,-24.208579778671265,-0.999999723218932
T102M:D103F:S104E:T105S:P106S:M107D:F108M:E109F:Y110S:E111H:N112P:L113Q:E114G:D115P:N116D:K118V:E119L:W120E:T121N:S122D:L123I:F124I:D125P:N126M:D127K:I128H:P129E:V130S:T131M:T132E:D133E:D134L:V135S:L137H:A138L:D139P:K140L:A141D:I142D:E143Q:S144L,1.442126645,-0.3852049,-0.5047084496114602,-15.966672420501707,-16.767974019050598,-113.69598388671876,-105.93370361328124,-196.54254388809204,-1.0
T102M:D103L:S104T:T105E:P106I:M107S:F108D:Y110K:E111P:N112K:L113N:D115Y:N116T:S117D:K118F:T121A:S122T:D125T:N126S:I128D:P129S:V130T:T131V:T132D:D133L:D134S:V135N:S136V:L137P:A138S:D139I:K140D:A141E:I142N:E143A:S144D,1.112422997,-0.36181682,-0.4439819987558385,-6.169386386871338,-7.599736166000366,-92.0904541015625,-85.590185546875,-149.45832586288452,-1.0
T102M:D103P:N116S:L137D,1.305764049,-0.131735,-0.0828886201797431,-0.5295314788818359,-0.2300686120986938,-5.6409912109375,-6.70391845703125,-13.60183596611023,-0.9994708877004328
T102M:D103P:S104M:T105F:P106S:M107E:F108S:E109K:Y110S:E111S:N112T:L113D:E114L:N116S:S117A:K118V:W120N:T121F:S122F:L123G:F124S:D125S:N126S:I128S:P129T:V130P:T131L:T132F:D133E:D134F:V135E:S136G:A138G:D139K:K140T:I142D:E143P:S144K,1.26729063,-0.37482804,-0.5312584167697676,-9.899871349334717,-10.236334943771364,-116.37506103515624,-109.1499267578125,-178.9807162284851,-1.0
T102M:D103P:T105S:P106S:M107L:F108K:E109V:Y110S:E111K:N112I:E114T:D115T:N116D:S117N:K118D:E119T:T121A:S122A:D125S:N126T:D127I:I128E:P129Y:V130D:T131E:T132D:D133N:V135E:S136D:L137V:A138D:D139E:K140E:A141T:I142N:E143P:S144F,1.248218685,-0.42429262,-0.4312529105732874,-7.405432343482971,-8.474958801269532,-77.7860107421875,-72.25770263671875,-151.8213984966278,-1.0
T102M:D103T:T105D:P106S:M107S:F108T:E109A:Y110L:E111P:N112L:L113N:E114K:D115V:N116I:S117T:K118T:E119N:T121F:S122N:D125V:N126K:D127P:I128S:P129Y:V130A:T131E:T132D:D133E:D134E:V135D:S136D:L137D:A138I:D139E:K140T:A141E:I142D:E143D,1.126481198,-0.42180675,-0.4320191624325791,-4.262207269668579,-6.143446159362793,-89.6165771484375,-82.4787353515625,-160.9697825908661,-1.0
T102M:E109P:D115S:K118D:I142C,1.104927568,-0.19780883,-0.0884549829883508,-2.46724820137024,-2.420435976982117,-5.799072265625,-5.4667602539062505,-21.59834313392639,-0.999959293704318
T102M:F108W:Y110H:N112G,1.5857014319999998,-0.14790362,-0.0896447341213022,-4.24117922782898,-4.0002741575241085,-8.94049072265625,-9.07879638671875,-18.313972234725952,-0.9998527978474254
T102M:F108Y:L113I:N126H:I128M,1.582247515,-0.13388866,-0.1004924299029693,-5.748457551002502,-6.151080632209778,-17.08587646484375,-15.73515625,-23.818233728408813,-0.9992783929745532
T102M:N112D:N126T:D134G:L137Q,1.146829338,-0.11717811,-0.0574227329674988,-2.990391492843628,-3.649816608428955,-7.3721923828125,-5.51572265625,-20.52131462097168,-0.9985147500769536
T102M:N116G:T132E:S144R,1.272025269,-0.12512532,-0.0556892042058217,-3.337545156478882,-3.577253246307373,-2.08685302734375,-2.5509399414062504,-17.82784652709961,-0.9769665336136372
T102M:N126T:A141H,1.276465113,-0.08633909,-0.0470011972447731,-2.1697001457214355,-2.5641575336456297,-6.1951904296875,-6.2538818359375,-12.703784942626951,-0.9941083939515992
T102M:S104N:D125A:P129Q:I142G:S144T,1.237898842,-0.17545864,-0.0950951627140792,-4.104438304901123,-4.923187565803528,-15.9979248046875,-14.600012207031249,-26.19049096107483,-0.999974193963302
T102M:T121I:I128F:K140P:I142R,0.90734536,-0.15221396,-0.1110047581357041,-2.0146424770355225,-2.434262681007385,-13.479248046875,-12.81500244140625,-20.829259634017944,-0.9999702088583734
T102M:Y110D:N112A:S122Q:D125L,1.394086098,-0.23949102,-0.1414656995454293,-1.769180178642273,-1.7808236837387086,-10.04779052734375,-10.00235595703125,-24.997798681259155,-0.9999995885549195
T102N:D103A:Y110D:N116Q:L137V,1.257180234,-0.15312916,-0.0913519808406083,1.3799972534179688,1.2264805078506469,-3.63507080078125,-5.251806640625,-14.6178537607193,-0.99981595624201
T102N:D103E:S104K:T105E:P106M:M107N:F108K:E109V:Y110P:E111K:N112L:L113A:E114T:N116E:K118A:E119P:W120G:T121L:L123A:F124P:N126S:D127S:I128L:P129A:V130F:T131H:T132S:D133E:D134V:V135L:S136D:L137S:A138V:D139F:K140S:A141N:I142D:S144A,1.151369513,-0.3583657,-0.5330835525675601,-14.329665064811708,-15.243172001838683,-111.525146484375,-104.29014892578124,-182.2605376243592,-1.0
T102N:D103E:T105S:P106D:M107T:F108I:Y110T:E111D:N112P:L113V:E114S:D115K:N116S:S117E:K118F:E119S:T121D:S122A:D125E:N126Y:D127I:I128K:P129M:V130N:T131P:T132L:D133V:V135D:S136D:D139T:K140T:A141N:I142D:E143T:S144E,1.053366369,-0.43551368,-0.4277108623463912,-3.1575560569763184,-4.024649691581726,-73.5771484375,-69.23463134765625,-146.6073863506317,-1.0
T102N:D103P:S104E:T105L:P106D:M107E:F108T:E109D:E111V:N112D:L113D:E114D:D115E:N116E:S117D:K118T:E119I:T121S:S122D:D125N:N126F:D127S:I128K:V130N:T131L:T132K:D133S:D134M:V135E:S136T:L137S:A138S:D139T:K140I:A141V:I142T:E143A:S144A,1.138674993,-0.39449942,-0.4986444656534976,2.523340106010437,0.4977730512619018,-103.340087890625,-94.22113037109376,-154.61692476272583,-1.0
T102N:D103S:S104D:T105S:P106F:M107T:F108A:E109L:Y110L:E111I:N112S:L113T:E114K:D115N:N116D:S117E:K118D:T121D:S122V:D125E:N126D:D127T:I128E:P129A:V130D:T131Y:T132P:D133K:D134V:V135I:S136P:L137T:A138M:D139E:K140S:A141D:I142T:E143S:S144N,1.4771161330000002,-0.3806008,-0.4035799291210242,-4.468088507652283,-5.215977811813355,-85.95166015625,-77.68570556640626,-162.23324704170227,-1.0
T102N:D103T:S104T:T105S:P106I:M107T:F108S:E109D:Y110V:E111L:N112S:L113D:E114D:N116E:S117D:K118E:E119M:T121N:S122K:D125V:N126E:D127T:I128S:P129N:V130A:T131E:T132K:D133T:D134E:V135F:S136P:L137I:A138D:D139L:K140P:A141S:I142A:E143D:S144Y,1.385302622,-0.3959958,-0.4151528246462133,-1.588853120803833,-2.7938145637512206,-86.850341796875,-76.30499267578125,-160.1191759109497,-1.0
T102N:D103T:S104Y:T105P:P106T:M107I:F108D:Y110D:N112E:L113I:E114M:D115P:N116D:S117T:K118V:E119S:T121S:S122T:D125K:N126T:D127E:I128D:P129A:V130E:T131N:T132L:D134K:V135A:L137F:A138S:D139V:K140L:A141S:I142D:E143D:S144N,1.362642423,-0.36228907,-0.3392928588432774,-9.061179041862488,-9.26856474876404,-72.7398681640625,-68.37247314453124,-150.05663132667542,-1.0
T102N:D103Y:P106S:M107N:F108S:E109S:Y110L:E111V:N112I:L113P:E114K:D115S:N116K:S117T:K118D:E119D:T121E:S122D:D125E:N126D:I128E:P129E:V130E:T131F:T132L:D133A:V135T:S136D:L137V:A138I:D139T:K140A:A141N:I142M:E143P:S144T,1.4088492469999998,-0.38442796,-0.3448362520156806,-1.5212510824203491,-1.0202383279800415,-65.53973388671875,-59.4624267578125,-143.75383019447327,-1.0
T102N:D115M:D125P:N126K:V130T,1.413876489,-0.20481163,-0.1295031347308719,-2.5626492500305176,-2.8316708326339723,-14.15576171875,-11.6814697265625,-22.251985788345337,-0.9999999533333964
T102N:E109S:T121D:P129A:V130F,1.398439585,-0.11773366,-0.0637340070514068,1.2740422487258911,1.291854166984558,-10.14056396484375,-9.659326171875,-21.50437641143799,-0.9998114983206916
T102N:E114D:D127P:K140I:I142P,1.303466106,-0.14029244,-0.0883541446563612,0.3297066688537597,0.4300849676132202,-9.94091796875,-9.843981933593753,-17.930782318115234,-0.9999988053699512
T102N:F108K:Y110C:E119V:D134R,1.079858621,-0.25869495,-0.1745339933239269,-6.545550346374512,-6.663573718070984,-17.30712890625,-16.38458251953125,-26.92002558708191,-0.9999999461641672
T102N:S104E:N112K:L113A:D127V,1.861632812,-0.21271536,-0.1226408608867604,-2.405760884284973,-2.783297634124756,-14.60650634765625,-13.442980957031253,-21.105034828186035,-0.999998859645314
T102N:S104N:T105I:P106S:M107T:F108D:E109K:Y110D:E111D:N112D:L113K:E114L:D115T:N116F:K118T:T121V:S122E:D125N:N126I:I128E:P129T:V130L:T131V:T132M:D133E:D134A:V135S:S136T:L137P:A138E:D139Y:K140S:A141D:I142A:E143P,1.366539453,-0.3876738,-0.423762474195813,-0.5704343318939209,-1.893529748916626,-77.1551513671875,-69.2626953125,-141.03007531166077,-1.0
T102N:S104T:T105E:P106D:M107D:F108D:Y110F:N112T:L113T:E114T:D115E:N116V:S117D:K118S:E119L:T121M:S122K:D125N:N126S:D127E:I128N:V130T:T131D:T132L:D133S:D134S:V135Y:S136I:L137I:A138S:D139A:K140P:A141D:I142A:E143K:S144V,1.406540506,-0.4081875,-0.4256339836799377,1.6980626583099363,-0.971668291091919,-87.69927978515625,-81.80648193359376,-146.67043113708496,-1.0
T102N:S104T:T105V:P106L:M107E:F108T:E109S:Y110E:E111K:N112E:L113Y:E114S:D115K:N116P:S117A:K118D:E119D:T121D:S122D:D125T:N126T:D127E:I128P:P129T:V130L:T131S:T132V:D133N:D134F:V135I:S136A:L137D:A138E:D139M:K140S:A141S:I142N:E143D:S144I,1.309427361,-0.36499596,-0.3919451839134787,-6.99495792388916,-7.08918194770813,-85.46112060546875,-76.32091064453125,-166.60219526290894,-1.0
T102N:Y110I:T131A,1.660274382,-0.1002706,-0.04313317567004,0.8782105445861816,0.7603906631469727,-1.585205078125,-1.7331298828125,-9.923318147659302,-0.9408032151300668
T102P:D103A:S104P:T105S:P106R:M107Q:F108G:E109T:Y110K:E111H:N112S:L113T:E114V:D115A:N116G:S117V:K118N:E119A:W120R:T121Q:S122R:L123K:F124P:D125L:N126P:D127P:P129K:V130F:T131D:T132S:D133A:V135P:S136A:L137A:A138M:D139K:K140R:I142R:E143N:S144T,1.171063893,-0.5287172,-0.6420301661372609,-29.78823411464691,-30.74896905422211,-115.63916015625,-110.38243408203124,-209.56505048275,-1.0
T102P:D103E:S104V:T105D:P106A:M107S:F108T:E109V:Y110C:E111T:N112S:L113V:E114A:D115P:N116S:S117T:K118S:E119S:W120A:T121N:S122G:L123R:F124K:D125R:N126S:D127F:I128K:P129E:T131E:T132Q:D133T:D134Q:V135L:S136F:L137T:A138P:D139N:K140P:A141S:I142S:E143T:S144L,1.070805213,-0.39167434,-0.4620871764485098,-19.18283724784851,-19.616470718383788,-104.09326171875,-96.29093017578124,-208.03944516181943,-1.0
T102P:D103E:T105D:P106I:M107A:F108I:E111L:N112D:L113S:E114N:D115P:N116E:S117K:K118N:E119T:T121D:S122K:D125T:N126F:D127A:I128T:P129S:V130E:T132L:D133M:V135N:S136D:L137S:A138D:D139E:K140V:A141V:I142D:E143T,1.519731995,-0.3913511,-0.3558308883069674,-6.189439296722412,-7.033356595039368,-74.1976318359375,-68.51889648437499,-148.56988859176636,-1.0
T102P:D103F:S104T:T105E:P106A:M107D:F108K:E109L:E111D:N112I:L113K:E114S:D115N:N116D:S117T:K118T:E119N:T121A:S122D:D125V:N126D:D127N:I128E:P129S:V130E:T132S:D133E:D134I:V135P:S136V:L137D:A138D:D139S:K140S:A141L:I142E:E143T:S144M,1.759324403,-0.36562836,-0.4656067980566059,-9.147479057312012,-8.630543971061707,-84.60418701171875,-78.42772216796875,-161.73548555374146,-1.0
T102P:D103I:S104D:T105E:P106E:M107D:F108D:E109D:Y110E:E111T:N112D:L113A:D115N:N116L:S117K:K118N:E119S:S122F:D125V:N126T:I128D:P129S:T132L:D133I:D134T:V135Y:S136N:L137S:A138E:D139P:K140S:A141K:I142M:E143S:S144A,1.187107862,-0.43404824,-0.4507565209874055,-4.214939594268799,-5.189680123329163,-83.16796875,-74.917529296875,-145.11613011360168,-1.0
T102P:D103K:S104L:T105F:P106N:F108N:E109S:Y110A:E111D:N112P:L113T:E114I:D115T:N116S:S117N:K118E:E119I:W120S:S122T:L123E:F124L:D125N:N126A:D127S:P129V:V130E:T132F:D133F:V135A:S136A:L137S:A138S:D139T:K140D:A141S:I142T:E143P:S144I,1.270302163,-0.38408494,-0.5104660631498833,-5.926625728607178,-7.174199104309082,-97.320068359375,-93.08519287109377,-175.6804161071777,-1.0
T102P:D103L:S104I:T105A:P106T:M107D:F108S:E109D:Y110L:E111G:N112P:L113G:E114H:D115E:N116E:S117W:K118E:E119S:W120L:T121F:S122P:L123V:F124E:D125S:N126A:D127M:I128L:V130K:T131F:T132D:D133E:D134K:S136P:A138C:D139S:K140P:A141K:I142A:E143P,1.684124248,-0.42385912,-0.508200268728453,-8.235753774642944,-10.3424391746521,-112.7100830078125,-105.44537353515624,-178.9532127380371,-1.0
T102P:D103M:S104F:T105E:P106F:M107E:F108N:E109L:Y110E:E111S:N112D:L113P:E114K:D115S:N116W:S117G:K118S:E119L:W120F:T121D:S122N:L123D:F124I:D125P:N126V:D127T:I128V:P129N:V130D:T131A:T132S:D133L:D134A:V135T:L137A:A138I:D139E:K140V:A141P:I142T:S144D,1.4346415030000002,-0.31571412,-0.5007124388345197,-10.081008195877075,-10.386797308921814,-116.803955078125,-104.81682128906252,-197.29726576805115,-1.0
T102P:D103Q:S104D:T105L:P106F:M107L:F108S:E109D:Y110N:E111F:N112M:L113S:E114A:D115P:K118T:E119A:W120L:S122T:F124T:D125S:N126P:D127S:I128L:P129Y:V130N:T131G:T132S:D133P:V135F:S136G:L137D:A138S:D139Y:K140D:A141V:I142S:E143P:S144N,1.189569202,-0.41691142,-0.4844078525529638,-9.138990044593813,-10.6508234500885,-98.078369140625,-89.4293212890625,-173.5687117576599,-1.0
T102P:D103Q:Y110L:A138D,0.0,-0.16658929,-0.0813896749367494,0.5961799621582031,1.0593454837799072,-2.89007568359375,-2.76822509765625,-13.562121629714966,-0.9999782854277542
T102P:D103S:S104P:P106L:M107S:F108M:E109D:Y110D:E111N:N112E:L113S:E114D:D115E:N116E:S117K:K118V:E119T:T121E:S122Y:D125I:N126S:I128S:P129N:T131I:T132F:D134T:V135A:S136L:L137K:A138T:D139E:K140N:I142D:E143D:S144T,1.134582656,-0.36431783,-0.3414420131262512,-5.306762456893921,-5.154022550582885,-71.9317626953125,-64.50823974609375,-145.34713864326477,-1.0
T102P:D103S:S104P:T105S:P106A:M107S:F108S:E109K:Y110V:E111D:N112H:E114G:D115V:N116V:S117A:K118Y:E119N:W120R:T121K:S122N:L123R:F124S:D125L:N126P:D127L:I128T:T131I:T132P:D133E:D134S:V135D:S136D:L137P:D139A:K140L:A141K:I142R:E143A:S144R,1.162609571,-0.44168627,-0.5415773765048099,-18.95373022556305,-19.395959520339964,-102.1109619140625,-94.40859375,-198.24222993850708,-1.0
T102P:D103T:S104D:T105E:P106N:M107D:F108E:E109D:Y110E:E111P:N112E:L113S:E114L:N116D:S117E:K118S:E119S:S122I:D125T:I128F:P129K:V130T:T131A:T132V:D133K:D134A:V135T:S136D:L137S:A138L:D139N:K140M:A141V:I142S:E143I:S144Y,2.180406367,-0.44412065,-0.5134072626188557,-2.1588692665100098,-3.210962200164795,-92.140869140625,-86.73822021484376,-146.47133541107178,-1.0
T102P:D103T:S104N:T105M:P106I:M107S:F108Y:E109V:Y110S:E111A:N112T:E114T:D115T:N116K:S117P:K118S:E119F:T121L:D125I:N126T:D127A:I128K:P129E:V130E:T131N:T132E:D134E:V135E:S136D:L137V:A138D:K140D:A141D:I142N:E143S:S144D,1.076009402,-0.4529153,-0.4235145324489824,-8.845402717590332,-10.840520787239075,-83.25347900390625,-75.3529052734375,-156.94432377815247,-1.0
T102P:F108G:Y110I:P129D:L137H:D139V,1.341515484,-0.21322012,-0.1222897458331015,-3.9972081184387207,-3.557441115379333,-11.4404296875,-11.46334228515625,-26.916534423828125,-0.9999998191814978
T102P:M107K:N116D:K118G:D133A:I142A,1.512813779,-0.19237646,-0.1113110742535031,0.9145183563232422,0.964261245727539,-3.9322509765625,-6.1429931640625,-20.875216007232662,-0.9999732514707784
T102P:N116A:E119I:T121N:I142E,1.031882662,-0.2599682,-0.139939657733958,-0.3091855049133301,0.4239695072174072,-8.521728515625,-9.26015625,-23.94802618026733,-0.9994722403954508
T102P:S104G:N112C:N116G:A141Q,1.5706566869999998,-0.20341101,-0.117112889408641,-5.4338462352752686,-5.1654026985168455,-11.02587890625,-10.48482666015625,-24.02761173248291,-0.9998336964268928
T102P:T105S:E119H:I128S:K140I,1.644268625,-0.18853936,-0.0939492330856596,-2.1529483795166016,-1.4508907318115234,-8.71807861328125,-7.304321289062501,-22.10755968093872,-0.9999862907146352
T102Q:D103N:S104T:T105S:F108I:E109N:Y110T:N112M:L113D:E114L:D115N:N116A:S117V:K118P:W120E:T121W:S122E:L123S:F124L:D125F:N126P:D127Q:I128D:P129G:V130F:T131S:T132L:D134L:V135D:L137A:D139L:K140E:A141L:I142A:E143A,0.936423012,-0.35244268,-0.4086309684128948,-13.6909157037735,-12.21150269508362,-85.63525390625,-78.2759521484375,-172.29802942276,-1.0
T102Q:F108P:E109H:L113A:P129T:K140F,1.383804043,-0.21104935,-0.1617060759737822,-3.518798232078552,-3.536208438873291,-21.36358642578125,-20.02801513671875,-27.37442898750305,-0.99999999939561
T102Q:I128D:D134K:D139L:K140S,1.596624852,-0.16648775,-0.0780856855399244,-2.0030393600463867,-1.75872700214386,-9.3477783203125,-6.897839355468751,-19.73578095436096,-0.999999801322254
T102Q:L113F:S117K:I128F:I142E,1.295225432,-0.15867111,-0.0950519928304326,-2.9264827966690063,-3.3204084396362306,-13.9415283203125,-12.52279052734375,-20.791078567504883,-0.9999915654467448
T102Q:S104H:Y110T:E114Q:N126L:S144H,1.273133852,-0.22134864,-0.135802842544067,-3.3240753412246704,-4.3767273187637326,-12.02178955078125,-10.1112548828125,-26.13253617286682,-0.9999992447503308
T102Q:S104Q:T131L:V135G:S136N:A138I,1.136950751,-0.14502063,-0.1001262732672098,-3.3025076389312744,-4.159505891799927,-15.82476806640625,-14.03924560546875,-26.231345891952515,-0.9999971154788057
T102Q:S104R:A138W:K140F:I142F:S144V,1.006067586,-0.22270125,-0.1450118204028582,-5.917119264602661,-5.462868690490723,-17.873046875,-17.08192138671875,-28.412827014923096,-0.999999942542865
T102Q:S104T:T105S:E109A:Y110T:E111D:N112M:L113E:E114L:D115G:N116P:S117G:K118V:W120E:T121W:S122G:L123S:F124L:D125F:N126P:D127S:I128Q:P129D:V130D:T131F:T132S:D133L:D134G:V135L:S136D:L137T:A138T:D139A:K140L:A141D:E143A:S144A,0.8010813290000001,-0.32784992,-0.4502988659190113,-14.291436791419985,-15.318056726455689,-89.7562255859375,-80.63277587890624,-174.95392775535583,-1.0
T102Q:S104T:T105S:E109P:Y110T:E111D:N112L:L113E:E114L:D115G:N116P:S117G:K118S:W120E:T121W:S122G:L123P:F124L:D125F:N126P:D127A:I128Q:P129D:V130D:T131F:T132S:D133A:D134F:V135D:L137A:D139L:K140D:A141V:I142A:E143L:S144A,1.012615667,-0.32244295,-0.4182646401836355,-15.068085312843325,-15.33235182762146,-86.303466796875,-77.2852294921875,-168.42741870880127,-1.0
T102Q:S104T:T105S:E109P:Y110T:E111D:N112L:L113E:E114L:D115G:N116P:S117G:K118S:W120E:T121W:S122G:L123P:F124L:D125F:N126P:D127A:I128Q:P129D:V130D:T131F:T132S:D133T:D134A:V135F:S136D:L137S:D139A:K140L:A141D:I142A:E143A:S144I,1.162521493,-0.30910593,-0.4360039327492494,-12.507341742515564,-13.691386389732362,-90.53094482421876,-81.27813720703125,-170.3672001361847,-1.0
T102Q:S104T:T105S:M107V:E109G:Y110A:E111D:N112L:L113D:E114L:D115A:N116P:S117G:K118H:W120E:T121W:S122A:L123P:F124L:D125F:N126P:D127S:I128N:P129D:V130G:T131M:T132S:D133M:D134P:V135F:S136D:L137P:A138T:D139G:K140L:A141E:E143A:S144A,1.180499741,-0.34794277,-0.4723511285204905,-15.224957704544067,-17.25917453765869,-92.90789794921876,-85.12275390625,-177.0769305229187,-1.0
T102Q:S136P:D139P:K140P:I142V,1.730391999,-0.09438303,-0.0453875667259786,0.3732486963272095,0.7609840154647827,-4.227294921875,-3.73115234375,-16.15738272666931,-0.9999313147256608
T102Q:T105W:N126C:V130S:T132W:A141V,0.962637691,-0.26705152,-0.1807148346273076,-7.489763498306274,-7.309651517868042,-21.07781982421875,-19.7448486328125,-33.82327461242676,-0.9999999998177792
T102Q:T105W:S117P:N126C:P129W:A138T,0.959349929,-0.34181887,-0.2088714816816337,-9.155112266540527,-9.588749551773072,-17.895263671875,-17.73260498046875,-36.72372794151306,-0.9999999888000844
T102R:D103L:S104D:T105H:P106L:M107G:F108V:E109V:Y110A:E111Y:L113R:E114K:D115Q:N116R:K118I:E119P:W120L:T121S:S122P:L123I:F124V:D125P:N126E:D127S:I128G:P129D:V130P:T131A:T132A:D133L:D134K:V135R:S136A:L137R:A138N:D139T:K140E:I142A:E143R:S144R,1.160487934,-0.37656015,-0.5361100600707575,-31.554680943489075,-32.789390087127686,-116.56256103515624,-105.336767578125,-202.3067491054535,-1.0
T102R:D103L:S104D:T105H:P106L:M107G:F108V:E109V:Y110A:E111Y:L113R:E114K:D115Q:N116R:K118I:E119P:W120L:T121S:S122P:L123I:F124V:D125P:N126E:D127S:I128S:P129D:V130P:T131A:T132A:D133L:D134K:V135R:S136A:L137R:A138N:D139T:K140E:I142A:E143R:S144R,1.239214287,-0.34223846,-0.5193612855524355,-30.09985554218292,-31.02521710395813,-115.5052490234375,-104.2010498046875,-200.6031534671784,-1.0
T102R:D103R:S104R:T105S:P106S:M107V:F108M:E109K:Y110S:N112K:L113Y:E114D:D115H:N116L:S117G:K118V:E119I:W120T:T121Y:S122N:L123R:F124K:D125Q:N126R:D127A:I128T:V130L:T132P:D133V:D134V:V135P:S136E:L137S:A138D:K140P:A141V:I142A:E143L:S144K,1.179087947,-0.52764654,-0.6263058482540036,-25.119027137756348,-25.74258403778076,-115.4991455078125,-107.49440917968752,-204.18426394462583,-1.0
T102R:D103S:S104T:P106K:M107H:F108S:E109T:Y110V:E111A:N112G:L113V:E114S:D115A:N116R:S117R:K118S:E119K:W120P:T121L:S122P:L123P:F124I:D125K:N126Y:I128E:P129S:V130D:T131P:T132V:D133A:D134A:V135K:S136R:L137A:A138R:D139N:K140T:A141E:I142A:E143A:S144R,1.402689186,-0.5418951,-0.5714724394774523,-26.54646575450897,-28.819284105300905,-102.93548583984376,-96.67991943359377,-198.1593906879425,-1.0
T102R:F108K:N126G:D134S:S136V,1.422411094,-0.20119774,-0.1363753457934831,-4.047912120819092,-4.34950635433197,-16.56695556640625,-15.25325927734375,-23.51303124427796,-0.9999997828808944
T102R:N112T:K118D:D125Q:A138M,1.27928104,-0.19026163,-0.1223363367263957,-2.4922871589660645,-3.180084252357483,-9.891357421875,-9.404638671875,-22.94894313812256,-0.9999029328216488
T102S:D103A:S104T:T105K:P106S:M107D:F108V:Y110D:E111I:L113T:E114N:N116S:S117K:K118F:E119V:D125E:N126P:D127T:I128M:P129A:V130P:T131E:T132I:D134N:V135S:S136D:L137Y:A138T:D139L:K140L:A141D:I142E:E143D:S144E,1.262889677,-0.38102394,-0.3952623143314892,-6.169352650642395,-6.78841986656189,-79.880859375,-73.2823974609375,-141.85809409618378,-1.0
T102S:D103E:T105D:P106I:M107L:F108T:E109N:Y110T:N112P:L113N:E114T:N116D:S117M:K118S:E119T:T121A:S122D:D125P:N126Y:D127E:I128K:P129V:V130N:T131V:T132E:D133L:V135T:S136F:L137I:A138S:D139A:K140S:A141K:I142D:E143D:S144E,1.336708869,-0.35817033,-0.3745856234187333,-3.1983190774917603,-5.460825443267822,-74.29595947265625,-69.7427734375,-150.25149130821228,-1.0
T102S:D103K:S104M:T105V:P106I:M107A:F108S:E109I:Y110A:E111D:N112S:L113D:N116E:S117V:K118P:E119T:S122T:D125S:N126F:D127L:I128D:P129K:V130N:T131D:T132L:D133T:D134N:V135S:S136E:L137T:A138Y:D139E:K140D:A141E:I142D:E143N:S144P,1.2569906000000002,-0.45730466,-0.4950878102584242,-8.424728870391846,-11.114299440383911,-98.1939697265625,-91.71092529296877,-162.3053925037384,-1.0
T102S:D103M:S104D:T105D:P106A:M107K:F108T:E109I:Y110D:E111L:N112E:L113E:E114T:D115N:S117T:K118L:E119S:T121D:S122T:D125S:N126T:D127S:I128D:P129K:V130S:T131E:T132E:D133I:D134F:V135P:S136D:L137N:A138V:D139E:K140V:I142P:E143Y:S144D,1.248202349,-0.3633886,-0.4187080681960354,-9.431376695632936,-10.293670797348025,-87.54425048828125,-77.9457763671875,-164.0676736831665,-1.0
T102S:D103N:S104D:T105D:P106E:M107D:F108E:E109D:Y110T:N112P:L113D:E114N:D115K:N116T:S117T:K118L:T121S:S122T:D125N:N126S:D127K:I128S:P129Y:T131P:T132M:D133S:D134F:V135L:S136I:L137T:A138E:K140A:A141I:I142V:E143D:S144A,1.612587261,-0.42355537,-0.4540858149952735,-4.311670184135437,-5.210508632659912,-86.60009765625,-79.87855224609376,-150.6759271621704,-1.0
T102S:D103N:S104D:T105E:P106T:M107I:F108S:E109A:Y110P:E111T:N112T:L113T:E114A:D115S:N116S:S117P:K118D:E119M:W120C:T121S:S122T:L123V:F124A:D125T:N126S:D127V:I128T:P129S:V130G:T131A:T132V:D133K:D134R:V135K:S136F:L137S:A138E:D139V:K140A:A141Y:I142G:E143S,1.006477256,-0.39266586,-0.4779539277969307,-16.157612562179565,-17.050376605987548,-109.26416015625,-102.68153076171872,-195.90293645858765,-1.0
T102S:D103N:S104H:T105K:P106E:M107W:F108S:E109S:Y110L:E111F:N112D:L113D:E114D:D115I:N116P:S117V:K118T:E119I:W120E:T121D:S122V:L123A:F124E:D125A:N126Q:D127S:I128V:P129M:V130T:T131S:T132V:D133E:D134V:V135D:S136M:L137N:A138T:D139G:K140F:A141L:I142P:E143T:S144P,1.617688726,-0.35533762,-0.4909157532389903,-13.817954301834106,-14.627025246620178,-118.702392578125,-110.946875,-212.52899718284607,-1.0
T102S:D103S:S104H:T105G:P106S:M107L:F108L:E109D:Y110Q:E111D:N112Q:E114D:D115Q:N116L:S117I:K118N:E119F:W120N:T121S:S122V:L123V:F124E:D125Q:N126M:D127P:I128A:P129Q:V130T:T131V:T132S:D133P:D134K:V135D:S136L:L137M:A138M:K140S:A141S:I142A:E143P:S144P,1.106935664,-0.3929261,-0.5007548484938,-4.82976770401001,-7.808314800262451,-109.41314697265624,-100.67203369140624,-192.54724597930908,-1.0
T102S:D103S:S104P:T105G:P106V:M107K:F108V:E109D:Y110H:E111L:N112G:L113V:E114V:D115A:N116Y:S117N:K118R:E119K:W120N:T121R:L123V:F124P:D125L:N126T:D127P:I128V:P129V:V130T:T131E:T132S:V135P:S136V:L137V:A138L:D139K:K140R:I142R:E143N:S144T,1.109385921,-0.4775635,-0.5746881885460688,-18.5687038898468,-19.71208329200745,-113.35107421875,-106.0,-191.1953792572021,-1.0
T102S:D103S:S104T:T105D:P106T:M107T:F108D:Y110D:E111Y:N112E:L113T:D115T:N116M:S117I:K118N:E119A:T121V:S122A:N126E:D127N:I128N:P129D:V130K:T131S:T132I:D133F:D134S:V135L:S136K:L137P:A138E:K140S:A141D:I142L:E143V:S144P,1.154005932,-0.4166398,-0.4102350418253725,-2.474832057952881,-2.8013084650039675,-82.7855224609375,-76.1339599609375,-145.69730496406555,-1.0
T102S:D103S:S104T:T105P:P106D:M107N:F108A:E109D:Y110S:E111N:N112F:L113N:E114I:D115V:N116E:S117D:K118L:E119D:T121P:S122T:N126S:D127Y:I128T:P129S:T131K:T132D:D133E:D134M:V135L:S136D:L137T:A138E:D139E:K140E:A141T:I142K:E143A:S144I,1.125621617,-0.35565692,-0.4489811798855928,0.5726646184921265,-1.3961758136749267,-93.78125,-84.6385986328125,-151.25060987472534,-1.0
T102S:D103T:S104D:T105N:P106E:M107I:F108Y:E109P:Y110D:E111V:N112T:L113E:E114K:N116M:S117P:K118T:E119V:T121D:S122E:D125E:N126S:D127K:I128A:P129S:V130E:T132D:D133A:D134F:V135T:S136D:L137S:A138L:D139I:K140N:A141S:I142L:E143D:S144N,1.146061729,-0.36604458,-0.3977330435213245,-6.159565329551697,-6.568447232246399,-90.3853759765625,-81.64951171875,-162.17433381080627,-1.0
T102S:D103T:S104D:T105S:P106T:M107P:F108M:E109F:Y110E:E111L:N112E:L113A:E114V:D115E:N116S:S117D:K118P:E119Q:W120G:T121W:S122T:L123S:F124L:D125F:N126E:I128D:P129I:V130A:T131V:T132S:D133V:D134A:V135D:S136E:L137T:A138I:D139A:K140P:E143F,1.111708078,-0.2979061,-0.4746009582302325,-13.228114128112791,-12.98228304386139,-105.56488037109376,-96.75924072265624,-183.3243215084076,-1.0
T102S:D103T:S104E:T105N:P106T:M107P:F108M:E109F:Y110A:E111F:N112E:L113A:E114L:D115E:N116S:S117N:K118P:E119K:W120N:T121W:S122T:L123P:F124L:D125F:N126D:D127N:I128D:P129I:V130A:T131V:D133A:D134E:V135D:S136V:L137N:A138S:D139A:K140S:A141T:I142A:E143I:S144E,1.668847804,-0.31263733,-0.5876815089975813,-13.252660274505615,-13.30423128604889,-124.94818115234376,-119.46329345703124,-195.0031979084015,-1.0
T102S:D103T:S104L:T105P:P106T:M107P:F108M:E109L:Y110D:E111A:N112K:L113P:E114R:D115K:N116K:E119V:W120D:T121H:S122L:L123G:F124C:D125V:N126T:D127Y:I128S:P129K:V130K:T131Q:T132R:D133S:D134Q:V135P:S136L:L137Q:A138P:D139I:K140V:A141V:I142D:E143D:S144I,1.187948192,-0.5067462,-0.6606206927859487,-32.40590143203735,-32.46501221656799,-139.1231689453125,-131.79639892578126,-213.01893973350525,-1.0
T102S:D103T:S104L:T105S:P106D:M107S:F108D:Y110E:E111D:N112I:L113T:E114D:D115I:N116D:S117D:K118L:E119D:T121E:S122E:D125E:N126K:D127N:I128T:V130A:T131V:T132S:D133A:D134Y:V135N:S136M:L137V:A138K:D139N:K140T:A141S:I142P:E143T:S144F,1.627993664,-0.4295776,-0.3996830733221197,1.4912854433059692,-0.2138777732849121,-81.86077880859375,-73.13800048828125,-154.30431127548218,-1.0
T102S:D103V:S104E:P106L:M107D:F108Y:E109P:Y110K:E111S:N112D:L113E:D115N:S117F:K118T:E119I:T121D:S122N:N126E:D127T:I128D:P129L:V130A:T131M:T132V:D133T:D134E:V135I:L137D:A138P:D139A:A141S:I142S:E143D:S144T,1.07059895,-0.36952174,-0.4127197808642404,-5.676584362983704,-4.268742895126342,-85.4375,-76.64229736328124,-143.53008794784546,-1.0
T102S:D103V:S104L:T105E:P106S:M107V:E109S:Y110T:E111N:N112L:L113D:E114G:D115K:N116D:S117A:K118L:E119L:W120D:T121H:S122T:L123P:F124M:D125F:N126D:D127E:I128L:P129D:V130F:T131I:T132M:D134G:V135A:S136K:L137V:A138N:D139S:A141E:I142D:E143W:S144V,1.030657161,-0.4133649,-0.5936229882291204,-14.335704922676086,-14.641720819473267,-116.5850830078125,-110.53843994140624,-189.2009596824646,-1.0
T102S:E111P:K118Q:T131G:A141G,1.494392185,-0.15425727,-0.0954713108700789,-0.4011440277099609,-1.346755814552307,-11.541259765625,-11.0485107421875,-19.442999839782715,-0.9997279036444952
T102S:M107C:N112H:I142Q,1.486684011,-0.11397037,-0.0939201273527858,-3.750998020172119,-3.9250075340271,-11.22576904296875,-11.83177490234375,-18.33292412757873,-0.999841755862832
T102S:M107L:F108L:E109G:Y110L:E111D:N112G:L113V:E114D:D115H:N116S:K118N:E119H:W120K:T121E:S122W:L123S:F124S:D125L:N126F:I128D:P129D:V130I:T131P:T132V:D133T:D134I:V135E:S136D:L137V:D139E:K140A:A141Q:I142S:E143V:S144M,1.713672997,-0.30460697,-0.3452828295290258,-11.35751736164093,-11.55044686794281,-73.652099609375,-67.25626220703126,-171.42097353935242,-1.0
T102S:M107L:Y110F:N112G:E114G:D115K:N116T:S117A:K118D:E119P:W120K:S122W:L123S:F124S:D125L:N126F:I128D:P129D:V130I:T131P:T132V:D133T:D134L:V135E:S136D:L137V:A138G:D139A:K140V:A141E:I142P:E143I,1.343104241,-0.28755295,-0.3363453603724144,-11.622602462768556,-9.929873776435851,-67.6912841796875,-64.1356689453125,-152.2434983253479,-1.0
T102S:M107L:Y110F:N112G:E114G:D115K:N116T:S117T:K118D:E119P:W120K:S122W:L123S:F124S:D125L:N126F:I128D:P129D:V130I:T131P:T132V:D133T:D134L:V135E:S136D:L137V:A138S:D139S:K140V:A141E:I142S:E143I:S144T,1.3826527569999998,-0.26453763,-0.3307886632736043,-9.336732864379885,-7.683716440200806,-67.1641845703125,-63.63072509765625,-153.44213700294495,-1.0
T102S:N116R:V135A:K140N:A141V,1.518204553,-0.09154892,-0.0703602855315836,-1.807178020477295,-1.4930002212524414,-8.42529296875,-8.900366210937499,-20.90958070755005,-0.9988075219332824
T102S:S104A:T105N:P106I:M107E:F108N:E109V:Y110A:E111D:N112P:L113K:E114L:D115S:N116T:S117E:K118T:E119D:T121M:S122P:D125E:I128K:P129E:V130T:T131L:T132F:D133V:D134S:V135S:S136T:L137I:A138D:D139Y:K140E:A141T:I142D:E143S:S144D,1.109374062,-0.36994165,-0.5126029995412589,-3.977001786231994,-6.179378700256348,-89.157958984375,-83.49193115234375,-148.78830909729004,-1.0
T102S:S104D:T105D:P106D:M107E:F108N:E109D:Y110P:E111D:N112S:L113T:E114V:D115M:N116T:S117A:K118N:E119P:T121K:S122N:D125Y:N126I:D127F:I128T:P129E:V130E:T131L:T132E:D134S:V135T:S136I:L137S:A138S:D139L:K140V:A141E:I142T:E143A:S144K,1.582718585,-0.41968125,-0.4762528171742939,-1.0393387079238892,-3.2706900358200075,-92.05279541015624,-84.1005615234375,-156.6560070514679,-1.0
T102S:S104D:T105D:P106E:M107D:F108S:Y110D:E111A:N112D:L113A:E114S:N116M:S117Y:K118T:E119T:T121P:D125N:D127T:I128V:P129E:V130I:T131K:T132K:D133T:D134V:V135L:S136T:L137I:A138P:D139S:K140E:A141E:I142L:E143N:S144F,1.676853839,-0.42841238,-0.3960645682446898,-2.0008026361465454,-4.366878151893616,-76.2738037109375,-69.88087158203125,-144.18081712722778,-1.0
T102S:S104D:T105W:P106V:M107A:F108L:E109F:Y110G:E111D:N112E:L113S:D115E:N116T:K118V:E119P:W120E:T121S:F124V:D125T:N126H:D127E:I128D:P129I:V130N:T131L:T132S:D133E:D134L:V135K:S136D:L137F:D139Q:K140P:A141S:I142R:E143K:S144R,1.408977734,-0.39721978,-0.4883003099108931,-16.899837017059326,-17.639017844200133,-97.5966796875,-88.97320556640626,-175.87462067604065,-1.0
T102S:S104G:E109A:S136D:S144H,1.3299175840000002,-0.15267012,-0.0938189089086133,-3.9401376247406006,-4.716012954711914,-10.55072021484375,-9.532177734375,-22.85175728797913,-0.9943437037583932
T102S:T105H:M107A:I128D:A141F:E143P,1.438246589,-0.17531708,-0.1325058580717583,-2.5418267250061035,-1.8346049785614007,-18.00201416015625,-17.28504638671875,-26.8169105052948,-0.9999999998147772
T102S:T105H:S122F:I128C:A141L,1.091786168,-0.27538526,-0.1853452526377613,-6.504451632499695,-6.553845477104187,-22.19500732421875,-21.30670166015625,-29.91984486579895,-0.9999999964682228
T102S:T105K:P106T:M107A:F108L:E109S:Y110S:E111A:N112Y:L113F:E114N:D115E:N116D:S117E:K118E:E119D:S122K:D125P:N126D:D127I:I128V:P129N:V130N:T131E:T132D:D133P:D134T:V135M:L137T:A138L:K140D:A141I:I142T:E143V:S144E,1.120092764,-0.34687424,-0.3889516918684664,-0.7647064924240112,-1.7754159212112426,-80.18402099609375,-72.65057373046875,-141.24236369132996,-1.0
T102V,1.656925836,-0.017467171,-0.0116864404644406,0.0643224716186523,-0.0257520675659179,-1.51788330078125,-1.75718994140625,-3.2714946269989014,-0.2355176234479836
T102V:D103A:S104E:T105I:P106S:M107S:F108K:E109P:Y110T:E111K:E114F:D115V:N116T:S117N:K118N:E119I:T121A:S122D:D125P:N126T:I128E:P129T:V130E:T131Y:T132D:V135S:S136L:L137M:A138D:D139S:K140T:A141E:I142S:S144D,1.239399221,-0.4098853,-0.449157334731567,-3.0954240560531616,-3.4915059089660643,-88.09783935546875,-80.48536376953125,-143.69318902492523,-1.0
T102V:D103K:S104D:T105M:P106T:M107I:F108S:E109F:Y110T:E111S:N112T:L113P:N116D:S117E:K118D:T121E:S122V:D125K:N126T:D127N:I128Y:P129A:V130L:T131L:T132S:D133S:D134I:V135N:S136P:L137N:A138S:K140A:A141T:I142D:E143D:S144E,1.275502418,-0.45456916,-0.4408322806035921,-6.841774106025696,-9.343081402778626,-84.63836669921875,-78.18248291015625,-156.01512122154236,-1.0
T102V:D103K:S104K:T105D:P106E:M107K:F108V:E109D:Y110H:E111L:N112G:L113V:E114V:D115V:N116Y:S117N:K118R:E119K:W120K:T121R:L123Q:F124A:D125L:N126T:D127P:I128V:P129I:V130P:T131E:T132S:V135P:S136A:L137S:A138L:D139K:K140R:I142K:E143N:S144T,1.173892274,-0.5285445,-0.6082718601430438,-22.624937534332275,-24.16994271278381,-118.80426025390624,-110.80524902343753,-198.54246425628665,-1.0
T102V:D103L:S104E:T105S:P106G:M107F:F108S:E109T:Y110N:E111L:N112D:L113G:E114V:D115N:N116D:S117I:K118D:E119H:W120T:T121P:S122M:L123F:F124D:D125E:N126L:I128L:P129I:V130M:T131D:T132G:D133A:D134K:S136N:L137S:A138S:D139E:K140D:A141W:I142V:E143A:S144L,0.964055253,-0.38592058,-0.5031343507597031,-10.97775387763977,-12.774767470359802,-101.6219482421875,-93.47781982421876,-194.2066390514373,-1.0
T102V:E109D:Y110L:E111D:N112E:L113S:E114L:D115Q:N116T:K118T:E119S:W120S:T121D:S122P:L123N:F124T:D125W:N126T:D127S:I128L:P129F:V130D:T131D:T132D:D133I:D134P:S136V:L137T:A138E:D139E:K140D:A141V:I142T:E143N:S144N,1.579090263,-0.26297235,-0.3516479709394462,-10.673724889755247,-10.022089624404908,-74.1802978515625,-67.0918701171875,-162.5169219970703,-1.0
T102V:E111D:S122V:T131Y:V135Y:I142A,1.114647683,-0.20144445,-0.15433423459742,-5.6015260219573975,-5.8824365615844725,-18.974609375,-17.62091064453125,-29.4804368019104,-0.9999996062385184
T102V:F108E:S136M:D139L:I142L,1.233827961,-0.20823053,-0.1211717816010065,-2.482125759124756,-2.3587697029113768,-8.9989013671875,-9.4764892578125,-21.015480518341064,-0.9999752709392076
T102V:F108Q:E111P:N112E:N126H:A138G,1.525784847,-0.17452228,-0.1157852661567226,-3.507598876953125,-3.521613359451294,-17.2484130859375,-16.12852783203125,-26.411901473999023,-0.9999999766072366
T102V:M107S:S122W:N126S:I128W:V135I,0.882172594,-0.2573461,-0.1689878850645018,-2.6976685523986816,-3.1186925172805786,-22.35748291015625,-20.4124267578125,-30.596400499343872,-0.9999999950622632
T102V:N126E:S136M:L137H,1.266757163,-0.09743819,-0.0491100596363435,-3.919814109802246,-3.9222373962402335,-3.51116943359375,-3.3864624023437497,-17.623562812805176,-0.9873035910009246
T102V:S104E:T105D:P106D:M107D:F108D:Y110D:N112M:L113P:E114I:D115I:N116K:S117Y:K118N:T121N:D125L:N126T:D127E:I128T:P129S:V130A:T131P:T132S:D133A:D134S:S136F:L137K:A138S:D139L:K140T:A141T:I142N:E143T:S144D,1.324915796,-0.40429717,-0.4152232540035587,-1.7419997453689575,-4.51653892993927,-77.2315673828125,-71.65576171875,-140.73797583580017,-1.0
T102V:T105P:N112A:S117D:D125S:I128N,1.478528814,-0.18692365,-0.1218003785482929,-2.6080570220947266,-2.887716102600097,-17.6754150390625,-16.19503173828125,-25.965653896331787,-0.9999988249017971
T102W:D103P:Y110C:S136E,1.170557954,-0.2049776,-0.130544479207212,-3.958253145217896,-3.691760754585266,-10.38116455078125,-10.9383544921875,-18.20328712463379,-0.999998196814884
T102W:E111F:I128E:L137C:S144F,0.973277411,-0.33358026,-0.1995865899897131,-6.0975751876831055,-6.302660465240479,-14.5938720703125,-13.104516601562498,-27.595271110534668,-0.9999999680173198
T102W:F108V:Y110M:V130P:T131W,1.153039042,-0.2674992,-0.177241478102063,-5.486782550811768,-5.77034981250763,-15.96783447265625,-15.51015625,-26.69693350791931,-0.9999999993095828
T102W:F108W:S144F,1.076566247,-0.21947658,-0.1363988041453514,-6.01075291633606,-5.484947514533997,-11.66937255859375,-12.13856201171875,-18.311203956604004,-0.9998160447709876
T102W:N116H:T131R:S136M:K140Y:A141S,0.989803949,-0.23688108,-0.1838022143815336,-6.329315781593323,-7.292676329612732,-16.2510986328125,-16.77900390625,-31.32273006439209,-0.999955066072366
T102W:N116L:K118Q:I128R:T131F:I142F,0.958851595,-0.33056515,-0.2094227529505393,-1.1285712718963623,-2.80448055267334,-19.18780517578125,-19.13095703125,-28.76271104812622,-0.999999153204006
T102W:P106W:N126D:D127C:L137H,1.010440849,-0.367095,-0.2142508835979204,-9.090989351272585,-9.040218472480774,-16.7646484375,-16.2881591796875,-32.6490740776062,-0.9999999997278672
T102W:S104R:N116D:T121F:T131P:S136A,0.984693219,-0.26951063,-0.1557181687541704,-3.916608333587648,-4.908130311965943,-9.64019775390625,-10.306140136718753,-27.624504327774048,-0.999999890344088
T102W:T105G:T121W:P129V:V130S,0.915376481,-0.28639215,-0.1900493038082463,-4.823171377182007,-5.092736911773682,-19.86126708984375,-19.085009765625,-26.971424102783203,-0.9999999994653468
T102W:T105W:S117K:D127E:P129E:T132I,0.900873897,-0.3176278,-0.1812159310880505,-7.80888032913208,-8.109635376930237,-15.87884521484375,-15.75225830078125,-33.22173523902893,-0.9999999991509664
T102W:T131M:D134E:V135C:S144W,1.062314638,-0.2493935,-0.1700074545429271,-10.06799602508545,-10.414643478393554,-18.17449951171875,-16.392810058593753,-29.86799120903015,-0.9999994291320128
T102W:Y110D:T121G:T131G:D134H,1.513972981,-0.25643432,-0.1490436160267459,-3.713247299194336,-4.835378408432007,-9.8714599609375,-8.90732421875,-25.231107473373413,-0.9999998325648524
T102W:Y110S:S117V:K118N:D134P,1.133120793,-0.20783353,-0.1124826886051491,0.0575504302978515,-0.7247414112091064,-6.75469970703125,-6.12955322265625,-20.08789968490601,-0.9999998015893188
T102Y:D103E:T105S:P106N:M107I:F108D:E109L:Y110T:E111D:N112T:L113M:E114S:D115N:N116V:S117F:K118D:E119K:T121A:S122D:D125V:N126T:D127A:P129E:V130P:T131L:T132E:D133N:D134S:V135P:S136T:L137E:A138D:D139K:K140E:A141D:I142S:E143T:S144D,1.491235739,-0.42069447,-0.4257487775592193,-6.431084632873535,-8.273745346069337,-78.73272705078125,-73.55125732421875,-162.10047698020935,-1.0
T102Y:D103T:K118S:I128S,1.41187925,-0.19079328,-0.089827187969167,1.1979949474334717,1.0318705081939696,-7.0426025390625,-6.200256347656251,-13.071401596069336,-0.9999949191832372
T102Y:D103T:T105V:P106V:M107S:F108D:E109N:Y110I:E111T:N112M:L113P:E114S:D115S:N116D:S117E:K118T:T121L:S122K:D125E:N126D:D127T:I128P:P129A:V130T:T131I:T132N:D133K:D134L:V135N:S136A:L137E:A138E:K140D:A141D:I142F:E143S:S144D,1.23046537,-0.3995204,-0.4088157572355984,-4.674986481666565,-7.460026025772095,-82.5557861328125,-77.21070556640623,-152.8908176422119,-1.0
T102Y:D103V:S104K:T105A:P106E:M107T:F108S:E109T:Y110K:E111N:N112I:L113D:E114D:D115S:N116E:S117I:K118L:E119D:T121E:D125E:N126P:D127N:I128F:P129N:T131S:T132L:D133T:D134T:V135D:S136D:L137M:A138E:K140T:A141D:I142P:E143A,0.934265803,-0.3867697,-0.4413934347892572,-2.4987677335739136,-3.416532564163208,-88.75494384765625,-81.05638427734375,-151.74276971817017,-1.0
T102Y:D115W:T132D:S136G,1.008419764,-0.23927137,-0.1197283327367382,-4.033915281295776,-4.71091046333313,-4.90069580078125,-5.0976196289062505,-21.08352899551392,-0.9995204277614038
T102Y:F108G:S117A:V130I,1.05477243,-0.14194146,-0.0892975830946952,-3.241767883300781,-3.435511374473572,-10.3587646484375,-9.95218505859375,-19.03422451019287,-0.9999099916567588
T102Y:F108H:L113P:P129C:T131M,1.4606510869999998,-0.2484751,-0.1440040887038478,-9.072160840034485,-9.377992224693298,-17.14910888671875,-16.69010009765625,-27.70475673675537,-0.9999998773351184
T102Y:F108L:D127A:L137G,0.0,-0.18860307,-0.0891406510648354,-2.8830857276916504,-3.4235749006271363,-6.94793701171875,-6.35496826171875,-17.787055492401123,-0.9999993667343056
T102Y:M107S:N116L:T132Q:S136W,1.01086119,-0.25933897,-0.1431055578048544,0.6313731670379639,-0.5741979122161865,-10.21820068359375,-10.646630859375,-24.063271522521973,-0.999990323792028
T102Y:N112W:D127E:V130A,1.060657931,-0.22661227,-0.1155427002821952,-2.9884133338928223,-3.6092330694198607,-7.35101318359375,-6.2041748046875,-18.546148777008057,-0.9999995162988992
T102Y:S104V:T105S:M107N:E109V:Y110G:E111N:N112D:D115S:N116A:S117G:K118E:E119S:W120A:T121W:S122F:L123P:F124L:D125F:N126P:D127Q:I128E:P129N:V130T:T131N:T132V:D133A:D134A:V135P:S136Q:A138P:D139Q:K140E:A141L:I142A:E143A:S144P,1.281334159,-0.4092704,-0.4001100479071675,-15.41016948223114,-16.654295444488525,-77.873291015625,-67.7657470703125,-174.1937131881714,-1.0
T105A:D127H:A138P,1.957939091,-0.097923964,-0.055397386652719,-2.447077751159668,-3.029082775115967,-10.208740234375,-9.19759521484375,-16.85879611968994,-0.9999337012963312
T105A:E114Q:S117E:T121W:S122Y,0.95062826,-0.2604756,-0.1814245583748054,-5.519612550735474,-6.488934421539307,-18.3719482421875,-18.305419921875,-29.69026517868042,-0.9999997146429092
T105A:F108I:A138W,1.294828004,-0.12000787,-0.082754712087828,-2.9303250312805176,-2.8381888628005982,-11.224853515625,-10.82254638671875,-16.9348087310791,-0.9999463254684922
T105A:F108M:T121I:I128S,1.588831564,-0.1427857,-0.0943982541773243,-1.4830334186553955,-2.174041867256165,-16.5390625,-14.840478515625,-19.4457368850708,-0.9999980378109088
T105A:F108Q:T121M:T131M:I142A,1.471528465,-0.16113493,-0.1231138290459575,-2.0441315174102783,-3.3675546407699586,-18.89410400390625,-18.2032470703125,-26.357940673828125,-0.9999975299149736
T105A:I128A:P129M:D133P:K140S,1.421299948,-0.1274108,-0.0678461692511399,-0.0573883056640625,-0.7092449903488159,-11.0645751953125,-10.09686279296875,-20.65353465080261,-0.9999996512096868
T105A:M107P:P129Y:T132Q:S136G:K140G,1.252948964,-0.17832884,-0.1294226595515458,-4.605858087539673,-5.301953411102295,-16.2598876953125,-16.593701171875,-33.40449047088623,-0.9999999513948072
T105A:T121N:P129H:S136A,1.653268629,-0.09140396,-0.0664517548584853,-2.32113003730774,-3.21533579826355,-7.89373779296875,-7.399902343750001,-22.100706577301025,-0.9934617138731436
T105C:E114A:L137D,1.422357366,-0.12810096,-0.0769677756095696,-4.19057559967041,-4.66866455078125,-6.18988037109375,-5.9153076171875,-17.577286958694458,-0.9987575266977078
T105C:F108P:Y110G:E114W:E119D:T131D,1.432367645,-0.24278441,-0.1677346008952402,-4.208105087280273,-4.2445876121521,-18.3739013671875,-16.84122314453125,-32.52151894569397,-0.9999999999919336
T105C:F108S:L113V:N116C:I128G:S144P,1.491634174,-0.24635834,-0.1663619615005005,-7.415192246437073,-7.262029409408569,-22.1158447265625,-20.997875976562497,-34.2155704498291,-0.9999999997586289
T105C:M107H:Y110L:V130A:S136C:A141W,1.147663126,-0.24097458,-0.1854915415264958,-8.287352323532104,-7.626884651184082,-18.19525146484375,-18.03046875,-33.64192295074463,-0.999999999985427
T105C:M107N:Y110W:T121G:I142H,1.314591421,-0.18221316,-0.1331498224115881,-4.347484827041626,-4.976720857620239,-17.05419921875,-16.647949218750004,-29.87002229690552,-0.9999999986698256
T105C:M107T:N116W:V135C:E143D,1.041713829,-0.2529382,-0.1938689425322509,-5.385195255279541,-4.850863122940064,-21.5050048828125,-21.21949462890625,-31.227251291275024,-0.9999999969223754
T105C:P106Q:F108P:T121S:N126A:I142F,1.196316539,-0.18358779,-0.1566714358075234,-4.113376140594482,-4.191189908981324,-27.82037353515625,-26.825207519531247,-34.25603199005127,-0.999999999997798
T105C:Y110G:S122T:D125Y:V135T,1.5141275319999998,-0.26041424,-0.1808148041314502,-6.231483817100525,-6.7980083465576175,-19.92816162109375,-18.125927734375,-29.68719053268433,-0.999999963244308
T105D:E111W:L113C:N126T:A138Y:S144A,0.988475809,-0.3016044,-0.1979914220626668,-7.779767990112305,-7.510957145690918,-19.99676513671875,-18.49991455078125,-32.70960354804993,-0.9999999987091416
T105D:E119R:D127E:V135E:S136C,1.338073432,-0.19935003,-0.1328837981851924,-7.42627477645874,-7.94062831401825,-16.287353515625,-14.54010009765625,-29.765219926834103,-0.9999998058671918
T105D:E119T:P129A:S136D:A138W:E143T,1.301503477,-0.20727932,-0.1181320244731428,-4.509376049041748,-3.842568778991699,-12.64697265625,-12.038793945312502,-27.73056149482727,-0.9999983291376032
T105D:M107D:E109H:N116M:V135R,1.4236951169999998,-0.22323301,-0.1879610760780415,-2.44907021522522,-3.697332525253296,-25.89599609375,-24.868896484375,-28.932020664215088,-0.999999999971302
T105D:M107Q:T121R:S136V,1.412682309,-0.17384425,-0.1083927901189947,-1.6860408782958984,-1.8866609573364257,-14.74139404296875,-14.5063232421875,-21.791934967041016,-0.9999969774038604
T105D:N112P:S117P:L137S:D139C,1.867234159,-0.18385366,-0.1072140622393517,-4.070136070251465,-4.308524799346924,-8.46929931640625,-8.611169433593751,-25.12396049499512,-0.9999871957359792
T105D:N112Q:E114D:D125V:I142H,1.379894784,-0.23671508,-0.1515300384195673,-4.248528003692627,-4.6208947658538815,-15.78570556640625,-14.763232421875,-26.01746916770935,-0.9999998392255548
T105D:P106H:D115L:V130I:T132Q:I142F,0.8431700990000001,-0.19678345,-0.1211349107192505,-3.414785504341125,-3.806137228012085,-20.17303466796875,-19.563623046875,-30.67401337623596,-0.999999964519294
T105D:P106R:F108V:Y110A:N112Q:S136M,1.625689239,-0.20090103,-0.1607436862280361,-4.533186674118042,-5.614615845680237,-18.95343017578125,-18.83404541015625,-32.84117650985718,-0.999999999893406
T105D:S122D:S144D,1.365883018,-0.14569479,-0.092683622421319,-2.4990040063858032,-2.59431676864624,-13.08807373046875,-12.86083984375,-20.35817289352417,-0.9999941179311632
T105D:S136D,0.0,-0.0825544,-0.0432096868223143,-1.5290369987487793,-1.7487353801727294,-6.40899658203125,-6.1496337890625,-11.09412717819214,-0.997031295490826
T105D:T121D,1.484104748,-0.1060693,-0.0534856938806718,0.4323732852935791,0.3524384260177612,-7.87872314453125,-6.9338745117187495,-13.278672218322754,-0.9991932056493876
T105D:T121D:T131D,1.567602378,-0.1523906,-0.0735860804221808,-0.1843955516815185,-0.446222186088562,-9.56829833984375,-8.264013671875,-17.83198833465576,-0.99994728594227
T105D:T132D,1.461731334,-0.088431686,-0.046439771550406,-1.0587174892425537,-1.0907374382019044,-6.76898193359375,-6.488171386718751,-11.264811515808104,-0.9977272271392028
T105D:Y110H:D115A:V130I:S144G,1.304143137,-0.15247637,-0.0750513042843639,-4.055094480514526,-3.777732086181641,-8.11138916015625,-7.14901123046875,-23.93914532661438,-0.9999126188861232
T105D:Y110N:D127H:D134T:S136A:K140H,1.7336631130000002,-0.21920753,-0.1116423691719028,-2.984659194946289,-3.6911211013793945,-13.67449951171875,-11.4565185546875,-27.33970808982849,-0.9999999912865222
T105D:Y110V:E111Y:L113V:D127W:V130E,1.108779565,-0.2796191,-0.1714290198057996,-4.764878630638123,-4.87896831035614,-20.1700439453125,-17.98419189453125,-31.94756937026977,-0.9999999999992262
T105E:F108A:P129W:T132Y:S136M:D139H,1.049440383,-0.34037817,-0.2339212003551768,-9.09177279472351,-9.74800055027008,-25.78240966796875,-25.021313476562497,-37.52519464492798,-0.999999999415504
T105E:F108G:E111S:K118N:D133G,1.784067121,-0.18766248,-0.1297678014137567,-0.4440696239471435,-1.6296281576156617,-17.3050537109375,-16.0665283203125,-23.592029809951782,-0.9999999474443982
T105E:F108I:E109V:I128D:E143C,1.495548383,-0.22958663,-0.1522758185227146,-5.9769275188446045,-5.867420077323914,-18.95159912109375,-16.88082275390625,-28.98279333114624,-0.999999999287306
T105E:M107H:D115A:T121W:P129A:V135F,1.075598412,-0.24086925,-0.1893252444012734,-4.106626510620117,-4.24421501159668,-21.3697509765625,-20.33643798828125,-29.72303414344788,-0.9999999994367792
T105E:P106T:N126W:D134W:V135A:S144Y,1.014016797,-0.35412872,-0.2544803279998888,-7.47687029838562,-8.65785813331604,-30.59539794921875,-28.14959716796875,-37.94976496696472,-0.999999999999827
T105E:S122R:V135M:L137M:D139I:K140W,1.12673147,-0.27850944,-0.2107682957768015,-8.772495746612549,-8.836723327636719,-25.23638916015625,-24.02222900390625,-36.93318796157837,-0.999999999270065
T105E:Y110R:D115L:N116G:S122G:T132R,1.036512116,-0.2547264,-0.1611488315134286,-5.373232007026672,-5.498829364776611,-17.08160400390625,-17.069287109375,-33.85202670097351,-0.9999999102603512
T105F:F108S:Y110A:K118W:I128Q:E143G,1.047970978,-0.2506469,-0.1787760995885231,-1.852563619613648,-3.271773648262024,-20.4466552734375,-18.959155273437503,-30.432718753814697,-0.9999999999937984
T105F:M107E:D133G:I142S:S144C,1.5410160590000002,-0.16930175,-0.1414711840212134,-2.586167097091675,-2.790974187850952,-19.2974853515625,-19.3948486328125,-25.57332324981689,-0.9999997112799964
T105F:S117K:T132L:V135A:K140H:I142F,1.116029186,-0.16038692,-0.1042616766118494,-3.6262149810791016,-3.8468507051467897,-15.528076171875,-14.935534667968753,-27.861485242843628,-0.9999988163970046
T105F:Y110M:I128P,1.146482158,-0.17427969,-0.1136118932975145,-0.8338897228240967,-1.399597120285034,-11.85296630859375,-10.62137451171875,-14.46961760520935,-0.9999988240451404
T105G:F108H:D115C:D127N:E143D,0.93522463,-0.2001279,-0.1513425345098421,-7.520344495773315,-7.694464325904846,-21.39154052734375,-20.1822998046875,-30.9982545375824,-0.9999999513265356
T105G:F108T:D125S:A138G:K140S,1.7174345000000002,-0.17234862,-0.1292977112468027,-0.9171395301818848,-1.180002546310425,-17.536376953125,-16.815478515625,-24.39618420600891,-0.9999998147829902
T105G:N112A:I128W:V130W:S136I:A138C,1.002959939,-0.30875993,-0.2043224076783529,-9.12556767463684,-8.534331035614013,-24.7635498046875,-23.090966796875,-36.85071611404419,-0.999999999797326
T105G:N116P:T121S:V130Y,1.454857804,-0.13837,-0.0983278539257118,-1.6319944858551023,-1.8546104192733768,-14.88446044921875,-14.58243408203125,-22.470304489135746,-0.9999977891421936
T105G:T131P:D133Q:K140H,1.604648398,-0.11596337,-0.0810882459755895,-2.156656742095948,-3.022457504272461,-10.2431640625,-9.93282470703125,-20.81516027450561,-0.9998996353012186
T105G:T131R:S144D,1.505677837,-0.12810197,-0.0978274633875945,-3.715620517730713,-4.760313653945923,-12.20098876953125,-11.674548339843753,-18.740790843963623,-0.9969379271408354
T105G:Y110H:N112P:V135F,1.741880892,-0.11652169,-0.0976949671409308,-1.123124122619629,-1.7353147506713866,-12.3992919921875,-11.368493652343748,-18.750752687454224,-0.9999954416488772
T105G:Y110R:N116H:K140N:I142A:S144L,1.604328028,-0.16447145,-0.1320081283189225,-3.3192138671875,-4.127524948120117,-12.02239990234375,-12.624035644531247,-30.17701768875122,-0.9999941306860632
T105H:D125E:P129W:A141C,1.069732051,-0.2474964,-0.169529382020129,-7.877814769744873,-8.012931108474731,-18.28955078125,-17.27679443359375,-27.90921974182129,-0.999999849758918
T105H:E114W:S117N:N126M:T131D,1.003448144,-0.2500681,-0.174242175770824,-5.013235807418823,-6.122695446014404,-17.48822021484375,-16.98262939453125,-28.481625080108643,-0.9999998700440148
T105H:F108P:Y110K:E114W:D115C:S122T,1.4895936019999998,-0.26096672,-0.2336134723921263,-7.429291844367981,-8.183949875831605,-28.15643310546875,-27.45653076171876,-37.36863398551941,-0.9999999999995172
T105H:L113K:E114H:S117E:K118G:T132V,1.5175286769999998,-0.19819272,-0.1710259379865436,-5.912123084068298,-6.716177678108215,-17.93646240234375,-18.04393310546875,-29.5883424282074,-0.9999988331319573
T105H:M107G:L113I:E114G,1.766834185,-0.11407977,-0.1003094873394406,-2.2639461755752563,-3.245590853691101,-13.400146484375,-13.19329833984375,-20.926066160202023,-0.9999913678049716
T105H:M107Q:N112V:S122F:T132Q:I142C,1.127394655,-0.31160128,-0.2221916986105705,-7.171553730964661,-7.960770559310913,-25.4180908203125,-25.28880615234375,-37.75314092636109,-0.9999999997369796
T105H:M107T:D127A:K140S,1.236446166,-0.15091187,-0.1127880272916204,-0.0008981227874755,-0.0610574722290038,-14.26837158203125,-13.805993652343751,-19.943517208099365,-0.999999771788036
T105H:M107T:T121M:T131C:I142C,1.259422363,-0.17991763,-0.167848797455377,-5.431575775146484,-6.067853260040283,-23.702880859375,-23.323950195312506,-30.06027603149414,-0.999999945602004
T105H:N112P:V130P:S144I,1.85924672,-0.13398123,-0.0896305070653081,-3.3202571868896484,-3.5575384140014648,-12.97430419921875,-12.365441894531251,-21.27266216278076,-0.9999990882002284
T105H:N116E:T132H:E143Q:S144G,1.562573779,-0.14634275,-0.1020886838648243,-5.537210941314697,-6.798546695709229,-12.80999755859375,-12.96278076171875,-26.840893030166622,-0.9996544105977796
T105H:P106F:Y110L:L113Y:V135L:D139E,0.989364522,-0.17429617,-0.1454511214829849,-1.831119179725647,-2.2782450199127195,-20.5423583984375,-19.67669677734375,-29.784032344818115,-0.9999999999200412
T105H:P106H:F108A:A141V,1.397220725,-0.14441746,-0.1354493382138289,-4.476881504058838,-5.501866745948791,-23.87127685546875,-23.4606201171875,-25.539284229278564,-0.9999999973998152
T105H:P106V:M107C:D125E:I142A,1.097596948,-0.18184757,-0.1490205377870607,-5.078217744827271,-5.805719566345215,-23.040771484375,-22.349682617187497,-30.51646423339844,-0.9999999996009108
T105H:Y110E:D115P:T121Q:N126L:A141T,1.673250383,-0.21184996,-0.134450240491548,-1.4379178285598757,-1.055080533027649,-13.81011962890625,-13.52943115234375,-28.33851385116577,-0.9999999846044968
T105I:D139P:I142H,1.3980230059999998,-0.09823841,-0.0710345502425768,-1.27191960811615,-1.429271364212036,-10.42449951171875,-9.87239990234375,-13.385769605636597,-0.9999717603156892
T105I:N116E:N126R:T131P:S136P,1.612962398,-0.1701824,-0.1241635902920652,-1.897059440612793,-2.770832586288452,-15.55914306640625,-15.209350585937498,-24.672286987304688,-0.9999994505412862
T105K:F108L:E114P:D139E:K140E,1.943116091,-0.1275559,-0.0877146330592471,-0.0420229434967041,-0.4663681030273437,-13.34405517578125,-12.8584228515625,-21.68753957748413,-0.999999666971474
T105K:M107E:Y110G:E114S:K118M,1.668051541,-0.13420784,-0.1241499605552157,1.803925514221192,0.8127413272857668,-13.9501953125,-14.50174560546875,-23.211669206619263,-0.9999999629382206
T105K:M107S:N126P:D127T,1.350732169,-0.15466857,-0.1001270877933163,0.0910556316375732,-0.2952313661575317,-14.41558837890625,-13.090246582031249,-20.51150369644165,-0.9999999963479298
T105K:N112G:N126E:D139H:K140E:S144R,1.3651985030000002,-0.1644148,-0.1005575919914925,-4.680099248886108,-4.958340883255005,-12.5086669921875,-11.885791015625,-28.725398778915405,-0.9999986555679966
T105K:P106E:K118G:E119W:S122M:L137G,1.288272886,-0.33284694,-0.2298949978105539,-5.920453310012817,-5.938586711883545,-24.59222412109375,-24.210925292968746,-40.38108134269714,-0.9999999999882444
T105K:Y110M:L113V:N126E:A141W,1.256685189,-0.18783715,-0.1408705524702513,-4.166799187660217,-3.745410656929016,-14.98590087890625,-14.12681884765625,-24.29868602752685,-0.9999999368681052
T105L:E109D:P129W:V135F:S144N,0.994852331,-0.22782242,-0.1611172279004949,-1.3108950853347778,-2.2341161966323853,-19.03289794921875,-16.6949951171875,-24.46512007713318,-0.9999956552030308
T105L:F108D:E114P:S117D:D125T,1.32428676,-0.19124633,-0.1550464019232373,-1.1495611667633057,-1.850778913497925,-21.72320556640625,-20.569287109375,-23.57631468772888,-0.9999999917524142
T105L:F108E:E109Y:L113I:A138T,1.577965983,-0.12771323,-0.1291798221683163,-3.189288020133972,-3.634639430046082,-19.3719482421875,-19.01531982421875,-26.082396030426025,-0.999999896838814
T105L:N126W:P129H:V130D:D133E:E143W,0.992382182,-0.27923578,-0.2036663883521464,-7.064896821975708,-7.458243894577026,-19.92376708984375,-18.781884765625,-33.67681837081909,-0.9999999999067848
T105L:Y110A,1.557905409,-0.08078599,-0.0735265657146631,1.4836277961730957,1.188420796394348,-7.2137451171875,-6.9060546875,-8.360424518585205,-0.9952347434181552
T105M:E109T:S117A:S122D:I128T,1.459462841,-0.18451688,-0.1363807759675267,-1.90347683429718,-2.121394062042236,-19.97747802734375,-18.10655517578125,-27.662723064422607,-0.9999997575498462
T105M:F108T:S117L:S122H:D127V:V130N,0.999288775,-0.28301662,-0.2027870259675267,-5.198634028434753,-5.606036710739136,-27.23065185546875,-26.049975585937496,-37.06516456604004,-0.9999999999973024
T105M:S117D:N126F:I128T:T131H:D133N,1.084516107,-0.18531907,-0.1365757735174322,-1.319173812866211,-2.6605119466781617,-19.7552490234375,-17.91876220703125,-26.48201084136963,-0.9999998733459896
T105M:S117F:L137Y,1.066140135,-0.1751999,-0.135291645959603,-2.642722845077514,-2.775000715255737,-11.176025390625,-10.345654296875,-18.60851573944092,-0.990734288162948
T105M:V135F:L137P:I142Y,1.1454443090000002,-0.110287696,-0.0944152506220807,-3.3170928955078125,-4.023960065841675,-12.731201171875,-11.42802734375,-19.78069806098938,-0.9999351071669912
T105N:D115H:S122C:V130N:K140G,1.419306289,-0.21539295,-0.1491472237474979,-8.660582065582275,-8.360426235198975,-19.454345703125,-18.776257324218747,-28.83000898361206,-0.9999996442857012
T105N:F108T:E111D:E119Y:S122N:K140M,1.104060724,-0.25408423,-0.2147086472697954,-3.4795573949813843,-2.5975728750228884,-23.00018310546875,-22.222460937500003,-33.3600709438324,-0.9999999939000126
T105N:L113W:I128E:D134F:V135G,1.097705384,-0.20306432,-0.1392178246983429,-5.106064438819885,-5.713753247261048,-23.3179931640625,-19.5453369140625,-25.824875831604004,-0.9999999989077588
T105P:E109P:L113W:K118L:N126Q:S136N,1.036813171,-0.24148661,-0.1729160186658974,-3.6632763147354126,-3.955173683166504,-20.62945556640625,-19.63179931640625,-31.0150203704834,-0.9999999321615178
T105P:E114D:N116C:L137A,1.34876199,-0.12205684,-0.0935302408564557,-2.9324839115142822,-2.334276723861694,-9.5181884765625,-9.55322265625,-20.179085969924927,-0.99201582972412
T105P:F108E:D115S:N126C,1.635799339,-0.20939729,-0.149933730155972,-5.184026479721069,-4.357820391654968,-14.36798095703125,-14.1061279296875,-21.909534215927124,-0.9999988421520776
T105P:N112Q:T121M:V130H:S136P:S144V,1.057268012,-0.16622275,-0.1585026534002447,-4.282230138778687,-4.90290846824646,-19.570556640625,-18.7525390625,-30.29000973701477,-0.999999888118024
T105P:S122H:V130E:T131H:S136G:E143F,1.3878848380000002,-0.21984193,-0.1810012763081072,-8.948893547058105,-9.307734060287476,-24.50665283203125,-23.51044921875,-35.09311079978943,-0.9999999975928616
T105P:Y110E:D125L:K140Q:A141K,1.2087538,-0.23481154,-0.1639843054937723,-1.052863359451294,-0.8948480367660523,-14.94476318359375,-13.953308105468752,-23.219277381896973,-0.9999999623352466
T105P:Y110P:N112T:S117H:N126Y:I128V,1.59800419,-0.21184346,-0.1399381915869662,-3.590417623519897,-3.686194276809693,-17.70989990234375,-15.973046875,-28.01665472984314,-0.9999996901177334
T105P:Y110Q:E114S:K118D:T121I:D134L,1.4354503,-0.21500301,-0.1390878806334798,0.8886487483978271,0.1081822633743286,-14.297119140625,-13.4253662109375,-24.24383544921875,-0.9999999776035904
T105Q:D115E:P129G:T132W:V135I,0.943059773,-0.14803338,-0.1145856321070117,-4.647753953933716,-4.51745719909668,-17.20196533203125,-16.04990234375,-27.39192581176757,-0.9999696888751528
T105Q:E119G:D134S:D139N:I142A,1.524051355,-0.15644729,-0.1052901515757062,-2.285780668258667,-2.6444427967071533,-14.32440185546875,-12.62822265625,-21.35993719100952,-0.9999591119000406
T105Q:F108K:S117P:K118C:S122M,0.939801427,-0.24281523,-0.190074554117549,-7.416009664535522,-7.688423800468445,-22.254638671875,-22.400256347656253,-35.069740772247314,-0.9999999987319476
T105Q:F108K:Y110T:K118V,1.616108967,-0.15761638,-0.1314397520017793,-0.0239739418029785,-0.5885022878646851,-14.10919189453125,-13.6188232421875,-19.8545138835907,-0.9999999644111164
T105Q:F108T:Y110M:T132F,1.40786171,-0.17657131,-0.1380542470042816,-1.2268908023834229,-1.2493642091751098,-13.587158203125,-13.245935058593751,-20.89707446098328,-0.9999996141034712
T105Q:L113Y:T131Q:I142W,1.183017247,-0.16029897,-0.1372591609208185,-6.743400454521179,-7.084168004989624,-18.19329833984375,-17.45787353515625,-23.8791823387146,-0.999996879384174
T105Q:N126W:T131F:A141W,1.038613901,-0.28201282,-0.2002627552616214,-5.379048585891724,-5.680085611343384,-18.66937255859375,-17.854833984375,-25.606833934783936,-0.9999999772858148
T105Q:Y110T:L113E:K118P:D134G:E143G,1.257932364,-0.23243243,-0.1527025759008008,-1.9964886903762813,-2.9737723588943483,-18.94830322265625,-17.358447265625,-27.13486170768737,-0.9999999881499396
T105R:D115E:T121C:K140G:S144Q,1.308194742,-0.1771208,-0.1253188055180994,-6.03658127784729,-6.60603985786438,-14.88226318359375,-14.3996337890625,-27.756436824798584,-0.999992137841204
T105R:F108W:S117G:K118W:D125E:V135Q,1.155006407,-0.27860874,-0.1924702926038423,-7.9248127937316895,-8.502276635169983,-22.10211181640625,-20.152880859375,-36.18354654312134,-0.9999999994396052
T105R:L113M:N116C:P129D:V135Q,1.367538897,-0.20358449,-0.1398816634751724,-6.978545784950256,-7.0939817190170285,-17.945068359375,-17.1948486328125,-28.986843585968018,-0.9999994453687332
T105R:N126S:P129K:T131F:K140E,1.351575438,-0.1744186,-0.1277950734854592,-1.8227033615112305,-2.697683024406433,-15.9259033203125,-15.3897216796875,-23.827582359313965,-0.9999764295745353
T105R:P106R:K118E:T121A:S136I:A138W,1.160061614,-0.26243848,-0.1839069624388345,-4.43920373916626,-5.781971025466919,-20.64044189453125,-20.7234375,-35.09438419342041,-0.9999999835430212
T105R:S117K:K118W:I128S:T132I:K140W,0.8711449440000001,-0.27981603,-0.1846217362481929,-6.960154294967651,-6.998812341690064,-17.41851806640625,-16.6220703125,-34.73294496536255,-0.9999999987131408
T105R:Y110C:S117H:K118S:V130L,1.530580211,-0.15071535,-0.0946797000980037,-4.087862968444824,-5.015672135353088,-12.3843994140625,-11.134326171875,-26.84020972251892,-0.9999971784556132
T105S:E114I:I128K:T132G:K140D,1.34161084,-0.1715816,-0.1160819165647243,-0.5359852313995361,-1.1754561424255372,-11.03375244140625,-9.23116455078125,-21.29932689666748,-0.9999893239688328
T105S:F108L:Y110P:E114D:K118H:D127N,1.291620948,-0.17643219,-0.0850982666015626,0.6170105934143066,0.0323550939559936,-9.236328125,-7.962536621093751,-24.142558097839355,-0.9999999932366628
T105S:N126L:A138G:D139E:A141P,1.13531505,-0.10337347,-0.0746429551962856,1.394744038581848,1.4926748514175414,-10.0416259765625,-8.67318115234375,-17.596989393234253,-0.9999853355681956
T105S:P106Y:N116D:D134H:S136W,1.128446459,-0.214769,-0.1560134616186611,-5.244803190231323,-6.40871787071228,-17.9310302734375,-17.09630126953125,-28.6480405330658,-0.9999999683293552
T105S:P129H:T131C:L137M,1.619268977,-0.13730988,-0.1033622225832685,-6.553588151931763,-6.636806678771973,-10.19146728515625,-8.76009521484375,-22.16399717330933,-0.99829363608692
T105S:Y110G:E119D:N126Y:D134E,1.29351668,-0.18042207,-0.0974283455953903,0.626227855682373,0.895198130607605,-8.7618408203125,-5.76474609375,-19.03235387802124,-0.9999911214968228
T105V,1.429237561,-0.021422982,-0.0168878955773187,-0.248990774154663,-0.4897267341613769,-5.6693115234375,-5.2682373046875,-6.393260478973389,-0.8666110044089396
T105V:F108D:T132G:D134S:S144Y,1.485800253,-0.20382869,-0.142318779887678,-4.249382734298706,-4.874354004859924,-20.85174560546875,-19.2521728515625,-26.48246455192566,-0.9999998519226148
T105V:F108N:Y110P:K118W:E119Q:V135M,1.05399184,-0.22107339,-0.1641031720035864,-3.6902787685394287,-4.398156714439392,-18.40386962890625,-17.08443603515625,-32.45883297920227,-0.9999999998776092
T105V:L113D:D127P,1.7094285809999998,-0.16037312,-0.1178097979453959,-1.8333054780960083,-2.146778774261475,-15.55499267578125,-14.5512451171875,-15.578606128692629,-0.999998887720936
T105V:N112A:T121V:V130N:S136R:L137G,1.729890659,-0.15598387,-0.0847748997372666,-5.178840398788452,-6.5511399269104,-14.24859619140625,-12.5031005859375,-29.0047414302826,-0.9999998367961918
T105V:N116P:K118R:T132Q,1.208394143,-0.114786774,-0.0651680617145796,-2.0011463165283203,-2.867756795883179,-8.803466796875,-9.03931884765625,-20.69128894805908,-0.998321469848188
T105V:P106L:Y110N:L113V:N116P,1.509038579,-0.12791449,-0.092809059441726,0.7264691591262817,-0.26066415309906,-14.46240234375,-14.2914794921875,-23.413784742355347,-0.9999990820106692
T105W:E109F:L113K:T131E:S136I:K140H,1.119863554,-0.27955723,-0.1932696142230594,-6.836897253990173,-7.896392893791199,-22.6060791015625,-21.46868896484375,-34.13231801986694,-0.999999994652906
T105W:F108C:L113D:N116V:D125E,1.124719457,-0.20322216,-0.1613766273145574,-5.416530251502991,-6.077448391914368,-22.7076416015625,-22.020129394531253,-30.23750686645508,-0.9999999992204508
T105W:F108D:E109F:V130P:T131G,1.106880417,-0.21783152,-0.1654333474373054,-6.356655120849609,-7.362241339683533,-23.635498046875,-22.017785644531248,-31.7335147857666,-0.9999999999996724
T105W:K118D:E119Q:S122T:D127H,0.976828862,-0.23888147,-0.1491454317900633,-4.97661554813385,-6.40311439037323,-15.81719970703125,-14.79466552734375,-31.21143102645874,-0.9999999518266156
T105W:L113G:E114H:T121W:S136P:K140M,0.990992505,-0.3261248,-0.2278730182036811,-8.24856173992157,-9.136970448493958,-23.5426025390625,-22.830920410156253,-34.166330337524414,-0.9999999975853252
T105W:M107W:N112M:T121N,0.910206716,-0.22283167,-0.1590278598337412,-4.141569375991821,-5.431095504760743,-16.7279052734375,-16.458984375,-26.876763343811035,-0.9999998851574338
T105W:N112K:T131Q:D133G:V135D:A138E,1.269925214,-0.2105389,-0.1257856375806273,-4.894665002822876,-6.154784631729126,-16.61553955078125,-15.694372558593749,-30.394423246383667,-0.99999998902688
T105W:N116P:L137T:A138I,1.102050677,-0.17655149,-0.1034617576734876,-1.6870474815368652,-2.2798252582550047,-9.61181640625,-9.75023193359375,-20.156557083129883,-0.9999823899982752
T105W:N126I:P129T:T131E:D134S:V135H,0.957447376,-0.2579674,-0.1694804561519962,-4.24082350730896,-5.720141124725342,-23.63616943359375,-20.43404541015625,-31.07984161376953,-0.9999999998260384
T105W:S117A:E119T:S122W:A138E,0.9168521,-0.3181547,-0.181675866829543,-6.032285690307617,-7.019168949127197,-15.96600341796875,-15.5408447265625,-32.90537428855896,-0.9999999418951764
T105W:S122W:D127G:V135G:K140Y,0.936614357,-0.37950534,-0.2317459812367939,-7.959637641906738,-9.617428135871886,-22.89984130859375,-21.5289794921875,-36.24579000473023,-0.999999999913834
T105Y:N112E:L113F:D127P:T131W,1.002637542,-0.24850205,-0.1660474458198955,-5.431569457054138,-6.238612937927246,-18.14849853515625,-16.12711181640625,-28.215627431869507,-0.99999999837326
T105Y:P106E:E114G:N116F:V135Q,1.007816116,-0.22742885,-0.1687033982463579,-0.517331600189209,-2.3084360122680665,-20.6783447265625,-20.1584716796875,-28.309414386749268,-0.9999999985853908
T105Y:P106W:E109A:T121D:D133A:V135E,1.089479185,-0.30195355,-0.1785964151294206,-3.204728841781616,-4.889727377891541,-21.20880126953125,-19.13590087890625,-37.52771329879761,-0.9999999999840534
T105Y:P106W:S122H:T132A,1.038012614,-0.30103743,-0.192008619206656,-6.778266429901123,-7.866111326217651,-20.42803955078125,-20.0796875,-31.804784297943115,-0.9999999989762952
T121A:S122A:V130T:V135A:D139E:A141V,1.037965932,-0.06982729,-0.0522757968020185,0.3377512693405151,0.5060449123382569,-12.93682861328125,-11.5802734375,-24.49978923797608,-0.9999889985592416
T121D:N126T:E143W:S144H,1.286774649,-0.17595786,-0.1165953395205461,-4.383976221084595,-4.458387970924377,-9.92816162109375,-9.168212890625,-22.11525821685791,-0.9997416232744102
T121D:T131D,1.48149574,-0.09377968,-0.0417605362753003,0.4048898220062256,0.1773496389389038,-3.88055419921875,-3.104895019531249,-11.241259574890137,-0.9495349335184772
T121F:S122M:V130W:D134A:A141D,1.011848647,-0.29036516,-0.1723677339927158,-5.255830526351929,-5.065678071975708,-19.9085693359375,-18.44700927734375,-27.80738592147827,-0.9999999996847058
T121G:I128A:S136Q:D139L:I142C,1.564108233,-0.19989106,-0.0986795662985153,-4.2940757274627686,-4.489666414260864,-11.5086669921875,-9.988916015625,-24.14661812782288,-0.999998484832502
T121H:D134E:I142Y,1.490180602,-0.082309574,-0.0633910915605538,-3.741265296936035,-3.931220102310181,-11.806640625,-10.4950439453125,-15.664729833602903,-0.9994542714260416
T121L:D125Q:I142S,1.429270587,-0.14500594,-0.0876377417947898,0.8836638927459717,0.0580040454864502,-10.798583984375,-9.73516845703125,-13.253069877624512,-0.9968189915437136
T121L:S122M:V130T:V135L:L137G:S144M,1.088398783,-0.19505346,-0.156266942143016,-3.6581060886383057,-4.310490989685059,-19.3372802734375,-17.65928955078125,-30.68055009841919,-0.9999996993203568
T121L:V130A:T132Y:I142F:S144Y,1.035798185,-0.16604492,-0.1335844535420374,-3.054548978805542,-3.4356971263885496,-16.4444580078125,-15.683654785156248,-23.569453477859497,-0.9998063710561188
T121N:A138M,1.84995357,-0.038257718,-0.0401329502092138,-0.851604700088501,-0.710023307800293,-5.90869140625,-5.531201171874999,-9.99852466583252,-0.6862609370794615
T121N:D125P:T132V:A138Q:K140M,1.22628834,-0.15580437,-0.0916067646067337,-2.865636110305786,-2.6378766775131224,-9.59368896484375,-7.6757080078125,-23.561676025390625,-0.999944372355912
T121P:N126Q:T132A:L137P:S144A,1.6524294519999998,-0.1278167,-0.0607017978654638,-3.2137646675109863,-3.4660595417022706,-1.60076904296875,-1.0181640625,-22.06334638595581,-0.9976841304606472
T121Q:D127S,1.606918421,-0.08904672,-0.0442718288652413,-0.0900323390960693,-0.0717979192733764,-5.99658203125,-5.230078125,-9.988388538360596,-0.9645113514326842
T121W:D125F:T131H:T132E,1.059866769,-0.2894373,-0.179254769430466,-5.053698778152466,-5.6930968284606935,-14.4617919921875,-13.0886962890625,-22.84572029113769,-0.9999967972797162
T121Y:D125E:I128P:D134M,1.283487717,-0.18647292,-0.1112288614184831,-4.907561540603638,-4.896116018295288,-15.33087158203125,-11.56611328125,-19.776647090911865,-0.9999999466609548
T131D:S144D,1.469513019,-0.082633376,-0.0366648066510509,-1.613107204437256,-2.059193849563598,-2.86474609375,-2.471240234375,-9.614074230194092,-0.8015732481079221
T131D:T132D,1.415060939,-0.07669428,-0.034933775769434,-1.0862009525299072,-1.2658262252807615,-2.91510009765625,-2.559716796875,-9.227398872375488,-0.8696123557225582
T131L:D133G:V135A:A138Q:S144G,1.521212429,-0.12467876,-0.0819560420894962,-3.1461520195007324,-3.826038074493408,-8.57012939453125,-7.822705078124999,-21.324135303497314,-0.9977244103919009
T132Q:D134S:K140L:I142Q,1.210021282,-0.10352117,-0.0541601214968862,-0.0102896690368652,-0.3564586162567139,-7.34881591796875,-6.74503173828125,-14.984012842178345,-0.9991327063291624
T132W:K140H:I142S:E143F,1.077514493,-0.16230315,-0.1140732951859987,-4.206830978393555,-3.719036245346069,-10.0928955078125,-10.277685546875,-19.79162287712097,-0.999526592496558
V130M:T132E:D134I:V135F:S136W,0.997112548,-0.17060617,-0.1373251918371886,-4.614577054977417,-5.125865793228149,-16.78070068359375,-14.390539550781249,-24.497352600097656,-0.9999943760373028
V130N:T132G:D133G:K140S,1.188346185,-0.09248042,-0.0497907862544484,-1.57133150100708,-1.414838433265686,-7.02923583984375,-6.8220458984375,-16.66153907775879,-0.9996600292247154
V130S:D133V:V135Q:K140C,1.853795829,-0.10747948,-0.0755260644009953,-3.110882043838501,-2.809214878082275,-10.01373291015625,-9.186669921875,-17.98011827468872,-0.9999960594077616
V135A,1.4854649,-0.016736448,-0.0082052644885731,-0.3222126960754394,-0.5186831951141357,-1.8359375,-1.01204833984375,-3.886632680892944,-0.5693086718464403
V135S:S136C:I142V,1.5765228690000002,-0.057101905,-0.045707241071925,-2.357608795166016,-2.5948771715164183,-6.3603515625,-5.632421875,-12.962350130081177,-0.8376001143013149
W120A,1.1372832875,-0.17422047,-0.094411666707212,-1.0695796012878418,-0.7514482021331788,-7.346307373046875,-7.270064697265624,-11.658373832702637,-0.9930931508774812
W120A:L123A:F124A,1.1690111997,-0.2443276,-0.1716707711542204,-6.367096662521362,-6.124536609649658,-22.2713134765625,-21.913472900390623,-35.48853874206543,-0.9999999995433584
W120D:T121N:S122D:L123I:F124P:D125V:N126T:D127T:I128D:P129D:T131S:T132L:D133A:D134W:V135T:A138F,1.392360876,-0.2508069,-0.2547932689300212,-11.627334117889404,-9.56200439929962,-58.373291015625,-52.8561767578125,-91.77562737464903,-1.0
W120D:T121N:S122D:L123I:F124P:D125V:N126T:D127T:I128D:P129D:T131S:T132L:D133A:V135K:S136A:L137I:A138E:D139W:K140T:A141S:I142L:E143F,1.297944831,-0.26662284,-0.3014800590976701,-12.548179507255554,-10.655569100379944,-60.885986328125,-56.3579833984375,-112.68901252746582,-1.0
W120D:T121N:S122D:L123I:F124P:D125V:N126T:D127T:I128D:P129D:T131S:T132L:D133A:V135K:S136A:L137W:A138T:D139S:K140L:A141F,1.251643976,-0.26282543,-0.2808268265367827,-12.73586082458496,-9.740372920036316,-56.4993896484375,-52.33482666015625,-105.84111618995668,-1.0
W120D:T121N:S122D:L123I:F124P:D125V:N126T:D127T:I128D:P129D:T131W:D133S:D134L:V135F,1.260276647,-0.27681994,-0.2806563190718139,-11.89366054534912,-10.753406953811645,-58.6531982421875,-52.899609375,-86.1938910484314,-1.0
W120D:T121N:S122W:L123T:F124S:D125L:N126F,1.610858835,-0.21527335,-0.2142880259883786,-7.937169551849365,-8.102617359161377,-39.19598388671875,-37.7021728515625,-62.71217393875122,-1.0
W120T:T121S:S122D:L123N:F124D:D125I:N126P:D127V:I128T:P129T:V130D:T131D:T132V:D133S:D134L:V135A:S136D:L137K:D139I:K140W:A141E:I142S:E143L:S144F,1.177056956,-0.28548074,-0.3068937254121719,-18.400354743003845,-16.87878656387329,-70.94635009765625,-65.63670654296875,-134.2615888118744,-1.0
W120T:T121S:S122D:L123N:F124D:D125I:N126P:D127V:I128T:P129T:V130D:T131D:T132W:D133V:D134S:V135L:S136F,1.049003146,-0.27387542,-0.2903741042384897,-15.082573294639587,-14.40821681022644,-63.69805908203125,-57.8713134765625,-108.5728726387024,-1.0
W120T:T121S:S122D:L123N:F124D:D125I:N126P:D127V:I128T:P129T:V130W:T131D:T132D:D133L:D134F,0.854728522,-0.28371227,-0.2832352173285977,-15.837751746177672,-14.25419282913208,-60.212646484375,-55.0963623046875,-101.39813303947447,-1.0
W120T:T121S:S122D:L123N:F124D:D125I:N126P:D127V:I128T:P129W:V130T:T131D:T132L:D133F,1.233609136,-0.25696215,-0.2704292378815892,-14.710023045539856,-13.369952130317689,-56.82342529296875,-53.2964599609375,-97.36515712738036,-1.0
W120T:T121S:S122D:L123N:F124D:D125I:N126W:D127P:I128V:P129L:V130F,1.600214594,-0.24373925,-0.2769054263512011,-11.56373965740204,-10.436848640441896,-56.02276611328125,-53.563500976562494,-82.5352578163147,-1.0
W120T:T121S:S122D:L123W:F124N:N126L:D127F,1.533486406,-0.22773638,-0.2348317319388068,-5.53797709941864,-4.9071352005004885,-40.78155517578125,-39.4088134765625,-56.014347076416016,-1.0
Y110A,1.378046655,-0.06105286,-0.0420812966560555,0.960153102874756,0.8210692405700684,-0.400469970703125,-0.427232666015625,-2.5158920288085938,-0.7556348025427988
Y110A:E114N:T121Q:P129E,1.214606597,-0.14553434,-0.0865373170248554,-0.1068580150604248,-0.2969103336334228,-6.18377685546875,-6.265026855468749,-16.312427282333374,-0.9994080040998256
Y110A:L113R:D115R:V130F:K140C,1.895972725,-0.2182805,-0.1712804502439668,-8.308917999267578,-6.373018836975097,-15.0174560546875,-15.290161132812498,-27.476706981658936,-0.9999971958567178
Y110A:P129I:T132N:L137M:S144A,1.28066769,-0.15888336,-0.0942977416557774,-2.5546796321868896,-2.6360857486724854,-6.080322265625,-6.137255859374999,-20.54888367652893,-0.9974938339739928
Y110A:S117H:E119S:N126D:D139H:A141H,1.295835916,-0.18896693,-0.1095252529157863,-4.860746622085571,-4.734564280509948,-9.33270263671875,-8.322583007812499,-26.25694227218628,-0.9999896809299936
Y110A:S122M:L137F:K140R:A141P,1.582778836,-0.19824585,-0.1480844843854259,-3.0578742027282715,-3.042202425003052,-11.3330078125,-11.608557128906249,-24.475228786468502,-0.9999939027834416
Y110A:T132L:S144T,1.872609108,-0.09904456,-0.0624655726965636,0.8700826168060303,1.3760509967803956,-2.49359130859375,-2.43349609375,-9.965754747390749,-0.8706722097840176
Y110C:E119G:N126D:L137P,1.490726115,-0.15981603,-0.0664359530520185,-3.7804415225982666,-3.048491597175598,0.53082275390625,0.96541748046875,-14.943331956863403,-0.957595567417456
Y110C:L113W:T131L:L137S,1.06660973,-0.14876801,-0.1042138367785254,-3.010814070701599,-3.52212393283844,-7.4290771484375,-6.9961303710937495,-18.80541634559632,-0.9778266775947252
Y110C:N112S:D134H:V135G:D139R,1.239657403,-0.1581749,-0.1005140419956628,-5.852263689041138,-6.614310169219971,-14.2908935546875,-12.0586181640625,-23.73878574371338,-0.9999812315890592
Y110D:D133M:A141Y,1.672261016,-0.15482277,-0.1010010743056328,-1.7299213409423828,-1.6725139617919922,-4.78961181640625,-5.074877929687499,-13.085081338882446,-0.9995458520319558
Y110D:E111A:K118Y:D125T:S136Q:L137H,1.30427011,-0.2258426,-0.1377935443484487,-2.352335929870605,-3.4867223262786866,-7.95745849609375,-7.054638671875,-26.361953258514404,-0.9999988101130052
Y110D:E111W:L113D:E119H:N126T:S144N,1.272757921,-0.23005652,-0.1430576636697897,-4.8102627992630005,-4.654831290245056,-10.86376953125,-9.99080810546875,-28.264330625534058,-0.9999999399283837
Y110D:E119H:N126G:V130W:T131M,1.254022106,-0.27967286,-0.1465457359666927,-6.014372825622559,-5.16423978805542,-9.6005859375,-8.899951171875001,-26.127130270004272,-0.9999997098267116
Y110D:I128M:D133C,1.628651675,-0.14373595,-0.0964031287359598,-2.311448097229004,-2.6200371742248536,-6.68743896484375,-6.26474609375,-13.0821635723114,-0.9968806763818248
Y110D:L113I:S122P:T131L:E143L,1.40236484,-0.2066547,-0.1116497542086021,-1.4724665880203247,-0.5016642332077026,-4.9273681640625,-4.8571533203125,-16.227617502212524,-0.9966242582029844
Y110D:N112M:E119V:D125G:T132A:A141E,1.62086073,-0.2229301,-0.1270094902065726,-1.751800298690796,-1.3594532489776612,-3.40289306640625,-3.6580810546875,-26.1284568309784,-0.9999802174737288
Y110D:N116H:E119N:N126G:S136P,1.48295615,-0.1912511,-0.1041444391542483,-1.8229718208312988,-1.390869665145874,-4.69744873046875,-5.06634521484375,-21.06634259223938,-0.9992428115470204
Y110E:D115W:D134G:A138N:K140P,1.265540938,-0.22436953,-0.1160709476131561,-1.2200849056243896,-1.4436852931976318,-8.2177734375,-6.97008056640625,-20.84739851951599,-0.999999937022806
Y110E:E114P:S117C:D127C:V130D,1.138438046,-0.25283504,-0.1370500449183997,-6.916276931762695,-6.476384258270263,-12.138427734375,-11.1209228515625,-25.73890280723572,-0.9999999984424875
Y110E:E114R:K140W,1.0128775559999998,-0.1448665,-0.0950848996851367,-2.98091459274292,-2.8505856513977053,-5.21075439453125,-5.094555664062501,-15.26164197921753,-0.9995171181559848
Y110E:K118H:N126R:D127P:T132S,2.036497266,-0.22825134,-0.133792537811388,-1.9097435474395752,-2.957074427604675,-8.03826904296875,-7.004357910156249,-23.269717693328857,-0.9999999087609855
Y110E:L113M:E119W:N126M,1.442325316,-0.24753919,-0.1253829901752947,-2.743938088417053,-1.3650840520858765,-7.33837890625,-6.71168212890625,-20.42327356338501,-0.9999941511019224
Y110E:T121A:D125C:L137H,1.618247494,-0.204517,-0.1079159665362267,-3.535857677459717,-3.737625217437744,-6.47967529296875,-5.39337158203125,-20.97327041625977,-0.9999369236193544
Y110E:T121W:T131M:V135C,1.193461366,-0.23346117,-0.1380141723198398,-5.1069090366363525,-5.1857523918151855,-11.63079833984375,-9.800769042968753,-19.77305841445923,-0.9999973558512184
Y110F,1.613141076,-0.020927578,-0.0063160526370662,1.93178391456604,2.0548565864562987,2.39373779296875,1.8322998046875,-2.1049299240112305,-0.1221690076832717
Y110F:L113V:K118R:V130T,1.462470741,-0.08208296,-0.0424317057870885,0.4775701761245727,0.4227699518203735,-3.286376953125,-3.4573608398437496,-13.983202934265137,-0.9877552165089212
Y110F:N112S:E114D:D115E:N116S:S117N:K118D:E119P:W120K:T121N:S122W:L123T:F124S:D125L:N126F:D127E:I128N:P129D:V130L:T131P:T132I:D133I:D134T:V135E:S136D:L137D:A138V:D139S:K140L:A141N:I142D:E143K:S144A,0.992115496,-0.27112967,-0.3129095980281083,-10.356698513031006,-10.302702832221986,-70.04949951171875,-64.70574951171875,-158.46047401428223,-1.0
Y110G:D115H:S122Y:A138F:I142E,1.349855807,-0.25102803,-0.15429562605997,-4.138026237487793,-3.984065389633179,-12.50921630859375,-12.42666015625,-24.47147107124329,-0.9999994354929844
Y110G:D115I:S136A:A141H:I142E,1.557236081,-0.15869245,-0.0777708983506172,-1.2925772666931152,-1.8353598833084104,-5.48797607421875,-5.595361328125,-20.4644627571106,-0.9999807441268578
Y110G:D125E:D127Y:T131P:S136D,1.283360391,-0.22633696,-0.1217976091595307,-2.3989291191101074,-2.898557996749878,-9.39117431640625,-7.57132568359375,-22.3609676361084,-0.9999986987406904
Y110G:D125P:I128F:A138L:K140R:S144D,1.555909943,-0.2479201,-0.1540604995238824,-2.792571544647217,-2.5364551544189453,-14.098876953125,-11.02457275390625,-25.12346076965332,-0.9999990515023934
Y110G:D139W:I142A:E143H,1.250954064,-0.17184955,-0.1145256829855706,-5.010669946670532,-4.972637510299682,-7.2230224609375,-6.93228759765625,-18.02955341339112,-0.9999205896578726
Y110G:E119Q:P129W:V130A:A138P:E143A,1.417128292,-0.23464796,-0.1264744008563167,-3.41540265083313,-3.445936155319214,-9.25732421875,-8.27884521484375,-26.28982710838318,-0.999999895333306
Y110G:K118S:V135T:D139F:I142G,1.572724904,-0.16257268,-0.0805601615498499,-0.8405334949493408,-1.1758309841156005,-7.20526123046875,-5.9790771484375,-18.59897232055664,-0.9999947645911909
Y110G:N112G:S117G:A138Y,1.827075013,-0.16335043,-0.097568552689196,-1.955754280090332,-2.521568298339844,-4.38006591796875,-4.071765136718749,-16.126519680023193,-0.9985271761073752
Y110G:N116D:T132H:D133I,1.762649091,-0.17312965,-0.0769561550371162,-1.2295145988464355,-1.8633511066436768,-0.763916015625,-1.85589599609375,-16.221973180770874,-0.9928641603657566
Y110G:N116R:T132D:S136M,1.570597319,-0.15081194,-0.0904420465761233,-3.898789405822754,-3.882875347137451,-4.596435546875,-4.8053955078125,-20.012136936187744,-0.9954390508255826
Y110H:E119V:D125E:N126T:V130D:L137C,1.28034512,-0.22639549,-0.1424542627300656,-5.989423751831055,-5.258383846282959,-10.8143310546875,-9.1092529296875,-29.14316201210022,-0.999999925575787
Y110H:N116E:D133F:A141Q,1.339012584,-0.12995914,-0.0686550479766737,-1.201476812362671,-1.674337673187256,-7.24945068359375,-7.829406738281251,-16.053271055221558,-0.9999498083416812
Y110H:S117L:N126E:L137G:D139W:S144T,0.930577206,-0.1994015,-0.1154659719229593,-5.819807410240173,-5.048435139656067,-8.362548828125,-7.861279296875,-27.7612988948822,-0.9999902586293876
Y110H:S117L:P129R:K140I:I142P,0.899534362,-0.19328421,-0.1007447700907752,-1.3079873323440552,-1.6843057155609131,-10.09075927734375,-10.465075683593753,-22.78043532371521,-0.99997371702492
Y110I:E111D:L113C:D133Q:V135P:K140P,1.5677382990000002,-0.16770774,-0.0963557776182997,-3.080084562301636,-2.923555374145508,-6.34735107421875,-5.24923095703125,-24.154990911483765,-0.9999999251844058
Y110I:I128L:V135G:S144Y,1.4489048409999998,-0.15332961,-0.0928907292593417,-2.048636674880981,-2.288328433036804,-11.5712890625,-9.8550537109375,-17.82361602783203,-0.9988557074314576
Y110I:L113D:N116K:T131W:D134P,1.59952865,-0.2432319,-0.1674680879531807,-4.148334860801697,-4.007485556602478,-15.89013671875,-15.1283935546875,-22.072978019714355,-0.9999999655770112
Y110I:L113M:T121L:S122G:I142H,1.247366665,-0.19551948,-0.1211437619029416,-3.113911986351013,-3.355434489250184,-15.95892333984375,-15.69144287109375,-25.82122373580933,-0.9999540784884984
Y110I:N116E:N126K,1.471279376,-0.161576,-0.092073650971002,1.1802475452423096,0.996354866027832,-6.32659912109375,-6.71566162109375,-11.744707584381104,-0.9982856035105592
Y110I:S122L:V130S:I142T,1.280751413,-0.18529543,-0.1101741587139958,-0.0435003042221069,0.4268184661865234,-11.74755859375,-11.536413574218749,-17.691776752471924,-0.999992705946
Y110K:E114V:V130F:V135E:S136M,1.763876213,-0.13612479,-0.102777718649216,-1.9005725383758545,-2.562771129608154,-10.34930419921875,-9.64427490234375,-20.998621225357056,-0.9999977999758898
Y110K:L113M:E119R:D125C,1.311773309,-0.24457309,-0.1628043829758397,-7.461188197135925,-7.682009434700012,-12.83056640625,-11.832861328125,-24.0022976398468,-0.9999806180859516
Y110K:S122F:N126D:T131P,1.334280997,-0.2099132,-0.1255868389088912,-1.181456446647644,-1.1559160947799685,-8.47650146484375,-7.885498046875,-18.17906880378723,-0.9999949560160052
Y110L:E111M:V130S:S136E:I142W,1.273769791,-0.20313212,-0.1086619095445953,-1.9337258338928225,-2.081831789016724,-8.6390380859375,-7.01346435546875,-20.688810110092163,-0.9999999307888956
Y110L:E111N:I142E:S144A,1.3574641790000002,-0.13326716,-0.0593976872671541,1.224867582321167,1.326521348953247,-1.8507080078125,-1.9177490234375,-12.924832582473757,-0.9975995739447852
Y110L:L113T:I128F,1.478691025,-0.11707845,-0.0729723621517738,1.064641356468201,1.4782393455505372,-6.85552978515625,-6.218737792968751,-9.713849306106567,-0.9889997827625848
Y110L:L137A:D139M:I142E,1.12072673,-0.11441475,-0.0493191756387623,-0.1313202381134033,-0.0814801216125488,0.72943115234375,0.3391113281249999,-13.836233854293823,-0.9988542218334192
Y110L:N112Q:T121C:V130T:T132P:S144L,1.262763161,-0.20687416,-0.1243169384070562,-1.5984506607055664,-1.5246920108795166,-3.23919677734375,-3.22169189453125,-24.125105619430546,-0.9999939701633228
Y110M:D125V:N126Q:A141R:I142L:S144R,1.271543752,-0.26154995,-0.1587817643460853,-4.990002393722534,-5.364109826087952,-15.65869140625,-14.3880126953125,-27.791622400283813,-0.9999999485694856
Y110M:K118T:S136E:L137I:D139R:I142A,1.496800754,-0.15542087,-0.1117649825018072,-0.7345995903015137,-1.7567080020904542,-8.253173828125,-7.953930664062501,-22.76035594940185,-0.9996614872403504
Y110M:S117Q:T121H:D127P:T131W,1.39014108,-0.2604218,-0.1944389479016069,-5.963192701339722,-6.633243203163147,-19.504150390625,-18.63870849609375,-27.00448966026306,-0.9999999642482198
Y110M:S122V:V130T:A138P,1.400904064,-0.16988769,-0.1196499210235487,-2.047471284866333,-1.890168571472168,-12.77874755859375,-12.320959472656249,-18.859695196151733,-0.9999989170510424
Y110M:T132C,1.283938995,-0.109705836,-0.0810265591984542,-2.4804766178131104,-2.228769826889038,-5.0677490234375,-4.8066772460937495,-9.959060430526732,-0.9030424602607308
Y110N:D115L:N116H:K118A:S122G:L137Y,1.395595496,-0.21787369,-0.1603319704320508,-2.3134106397628784,-2.44368052482605,-13.3826904296875,-12.8937744140625,-28.07802152633667,-0.9998049348028536
Y110N:E111Q:D115H:S117L:K118E:L137T,1.039157377,-0.17285055,-0.1136509362488878,-0.444945216178894,-0.8037835597991944,-4.1961669921875,-3.19422607421875,-25.692391633987427,-0.9968715295059842
Y110N:P129G:T131V:K140A:E143S:S144T,1.6135515,-0.15755129,-0.080671534419484,1.608353614807129,2.092508172988892,-4.64117431640625,-4.004650878906251,-19.73589253425598,-0.998664380857572
Y110N:S117P:E119H:K140G,1.48953276,-0.15295142,-0.0735535536796597,-2.3607280254364014,-2.523828887939453,-1.3975830078125,-1.5053100585937498,-19.0224506855011,-0.9921864125057072
Y110N:T121C:T132D:D139T:I142M,1.249986492,-0.15171877,-0.0928333323197009,-2.8957302570343018,-2.618026304244995,-6.2685546875,-5.551025390624999,-19.876012325286865,-0.9993530019325196
Y110N:T121L:P129G:D133E:I142G,1.00023492,-0.15269434,-0.0933212877592583,0.974111795425415,0.2736255884170532,-8.465576171875,-7.6288330078125,-19.015804529190063,-0.9998911814469909
Y110P:D115A:N116D:S122T:V130S,1.401945484,-0.17377761,-0.0977418295429271,-0.1904183626174926,0.3803555011749268,-5.14605712890625,-6.30916748046875,-19.095860958099365,-0.9999975111700262
Y110P:D115F:K118Q:S136L,1.274653244,-0.1489408,-0.0822928757854204,2.274587869644165,1.913893699645996,-1.667724609375,-2.336279296875,-14.403437852859495,-0.9984895228737076
Y110P:E114K:N116F:K118W:I128F:L137D,0.995700957,-0.2367585,-0.1580397310630282,0.2351777553558349,-0.0738493204116822,-12.42364501953125,-11.0281494140625,-27.27643823623657,-0.999999935815004
Y110P:E114P:N116V:I142E,1.83376205,-0.15549132,-0.076566485747748,2.3371036052703857,1.7978202819824218,-4.00799560546875,-5.291357421875,-13.805551528930664,-0.9999772637847304
Y110P:E119F:N126M:V135A:K140A,1.047257838,-0.26731074,-0.1194792506533585,1.2706317901611328,2.053546667098999,-6.1640625,-5.48404541015625,-21.223353624343872,-0.9999997603002396
Y110P:K118W:E119D:S122V:D127Q:I142P,0.960081118,-0.28290856,-0.1651146505226869,-3.394983053207397,-2.9323622226715087,-13.90472412109375,-12.7879638671875,-31.311851501464844,-0.9999999999335352
Y110P:L113M:S136A,1.527851479,-0.09315768,-0.0413456166766292,-1.2654377222061155,-1.1721222162246705,-0.89727783203125,-0.967431640625,-11.59664273262024,-0.9814157957964088
Y110P:N112V:N126P:P129Y:S144Q,1.3435012169999998,-0.22788495,-0.1359094911622832,-3.8521764278411865,-3.833540773391724,-8.86248779296875,-8.78739013671875,-24.11673474311829,-0.9999998918872148
Y110P:N116I:S122T:A141Y,1.122452896,-0.17246127,-0.122547244686249,0.9705692529678344,0.2779425621032715,-12.3406982421875,-13.11129150390625,-19.421414613723755,-0.9999875272165132
Y110P:T121W:T132C:A141T,1.155365588,-0.19150934,-0.121816831975645,-3.472280740737915,-2.8608819007873536,-9.2728271484375,-9.2736572265625,-18.219979524612427,-0.9999940231053108
Y110Q:E119D:D133G:K140Q,1.566540158,-0.13548774,-0.0793415761927269,0.743384838104248,0.6215104341506958,-4.81951904296875,-4.608081054687499,-15.197240829467772,-0.9856758790387676
Y110Q:L113D:K118V:D125Q:D134P,1.157378045,-0.22799239,-0.1587113892904804,-1.0064395666122437,-1.8406030416488648,-14.4556884765625,-12.340393066406248,-20.628790140151978,-0.9999999946128572
Y110Q:N112S:N116W:D133E,1.941691009,-0.20451573,-0.1209756437145518,1.2333972454071045,1.3009609937667848,-4.56414794921875,-4.98465576171875,-16.485184907913208,-0.9992986035051342
Y110Q:N116C:S122G:S136I:I142E:E143Q,1.515303831,-0.20133933,-0.1468120317017904,-4.265920162200928,-3.982598829269409,-15.96759033203125,-16.793212890625,-29.309255123138428,-0.9999868045375804
Y110Q:N126I:I128W,1.193484489,-0.20394558,-0.1419065753760287,-1.859489917755127,-1.8595346450805663,-11.0946044921875,-9.684191894531253,-14.813750982284546,-0.999994154387464
Y110Q:S117R:D125F:S144G,1.562523094,-0.260405,-0.1559072474143684,-4.742725849151611,-5.650400257110595,-11.23681640625,-10.78917236328125,-23.60901570320129,-0.9999914610027608
Y110Q:S117V:P129N:S136W:I142H,1.06858768,-0.21433327,-0.1415942317650411,-4.511732339859009,-5.605747842788697,-12.491455078125,-12.7277099609375,-26.27899050712585,-0.9999948219354275
Y110Q:S122I:I128A:S136W,1.379484764,-0.24817345,-0.1644483138657974,-4.591556549072266,-5.441451978683472,-14.6214599609375,-13.6159912109375,-24.51645016670227,-0.9999997223791948
Y110R:D125A:P129M:T131R:S136E,1.312230426,-0.23068061,-0.1470488415918316,-5.826114654541016,-6.787281608581543,-15.82513427734375,-14.6833251953125,-25.445427417755127,-0.999993949232979
Y110R:N116G:E119N:D134L:V135R,1.259951994,-0.19580823,-0.1272747542086021,-4.49585485458374,-4.787560510635376,-12.0107421875,-10.196862792968751,-23.76737117767334,-0.9999996249394748
Y110R:S117E:S122F:T132A:K140P:A141Y,1.183213788,-0.25347063,-0.1875000000000001,-4.039141774177551,-4.315021944046021,-13.754150390625,-13.922131347656247,-30.929405212402344,-0.9999999945700926
Y110S:K118N:D134C:L137F,1.68394787,-0.15791938,-0.0881610476673711,-1.1937847137451172,-1.3263584136962892,-5.65374755859375,-4.31741943359375,-15.625672817230225,-0.999892639417784
Y110S:N112T:E114H:S122E,1.33747387,-0.12994498,-0.0814060197606205,-1.7238510847091677,-1.8611063957214355,-8.3543701171875,-8.06259765625,-19.975828886032104,-0.9999767454547333
Y110S:N126D:T131L:L137W,1.424333914,-0.15856746,-0.1003783419463134,-2.282480239868164,-1.0773574590682984,-3.1673583984375,-2.39051513671875,-14.19807767868042,-0.9696549228417488
Y110S:T121E:D125F,1.301492597,-0.17382821,-0.09232751160754,0.961125373840332,0.9013350963592528,-5.61505126953125,-4.411328125,-15.251234769821169,-0.9999111615304184
Y110S:T131W:V135G:A141L,1.346661261,-0.16010094,-0.0941329901752947,-2.570385932922364,-2.6129480600357056,-9.284423828125,-8.0150146484375,-17.35685896873474,-0.9999842839799374
Y110T:N112D:D115M:I128G:S144Q,1.4481517069999998,-0.19206226,-0.0996335392744941,-1.5958092212677002,-2.116868782043457,-5.3634033203125,-3.53289794921875,-21.030940294265747,-0.9999982339190792
Y110T:N116Y:S117P:S144V,1.44197834,-0.15477487,-0.073382448895546,0.504835844039917,0.6804494857788086,-2.78369140625,-3.9623168945312495,-16.686803340911865,-0.9715470285196116
Y110T:P129F:S136P,1.577124109,-0.14673948,-0.0855558673682163,0.4056930541992187,0.4385821342468262,-3.97698974609375,-4.003259277343751,-10.636646509170532,-0.9992649235245764
Y110V:L113H:S117V:T132M:A138M,1.267063092,-0.15420666,-0.1321381809872664,-4.998160600662232,-4.141501569747925,-11.5238037109375,-11.8064453125,-23.67669439315796,-0.998782450980946
Y110V:L113M:D125C:P129S:K140Q,1.831780221,-0.21976438,-0.1424368861731262,-4.068151831626892,-3.937912678718567,-11.11309814453125,-10.5988037109375,-23.022029638290405,-0.9998884553177952
Y110V:N112H:N116K:S122V:I128H:A141S,1.267779138,-0.25198272,-0.1918122641132396,-6.030924439430237,-6.094693970680237,-20.0379638671875,-19.305126953125,-30.383018016815186,-0.9999995850379972
Y110V:S122T:V135S:L137V,1.5725830509999998,-0.116702944,-0.091125976996914,0.5677639245986938,0.0164538621902465,-5.80450439453125,-5.2628417968750005,-15.652931928634644,-0.9983981817758948
Y110V:S136Q:L137P:A141L,1.667499143,-0.11519301,-0.0692727302741326,-0.603226900100708,-0.7017370939254761,-1.18536376953125,-0.98424072265625,-13.993281602859495,-0.99842064824438
Y110W:I128E:T131K:V135C:L137C,1.26796433,-0.20525613,-0.1438274994439502,-5.4488844871521,-6.002729368209839,-13.5260009765625,-11.30390625,-25.31574821472168,-0.9999997103224304
Y110W:L113N:S122A:D134Y:I142E:S144L,1.213463232,-0.2249268,-0.1433439424453682,-3.9439830780029297,-4.621357131004333,-15.31121826171875,-14.568225097656253,-28.48458766937256,-0.9999991162022036
Y110W:N116D:S117P:D127M,1.190296802,-0.23708814,-0.1374680597162757,-1.1844472885131836,-1.6634932994842528,-5.72747802734375,-7.16708984375,-19.58259081840515,-0.999888708784779
Y110W:V135M:K140Y:I142C:E143S,1.000635256,-0.19364181,-0.1446296447536699,-3.908440351486206,-3.822704291343689,-12.62664794921875,-12.0765625,-23.790482997894287,-0.999984976882636
