mutant,prediction
A163N:P212N,-14.512776374816895
A163Q:K195T,-17.826810836791992
A163Q:K195G,-21.410846710205078
A163Q:G200H,-19.980754852294922
A163Q:G180C,-23.867599487304688
A163Q:G200W,-22.82357406616211
A163Q:D168A,-15.48458480834961
A163Q:D168E,-14.04841136932373
A163Q:D168G,-19.48602294921875
A163Q:D181A,-22.14008903503418
A163Q:D181R,-26.0314884185791
A163Q:D181W,-20.02544593811035
A163Q:D190G,-19.004688262939453
A163Q:F177L,-20.612998962402344
A163Q:F177V,-23.05644416809082
A163Q:E171R,-12.815608978271484
A163Q:H199R,-15.254859924316406
A163N:D168G,-19.952354431152344
A163N:D181G,-25.380659103393555
A163N:G196W,-25.781530380249023
A163N:G200E,-20.03826904296875
A163M:Y209A,-16.520435333251953
A163M:Y209G,-20.992237091064453
A163M:T211N,-17.298070907592773
A163M:Y209R,-12.955181121826172
A163N:D168A,-15.950916290283203
A163N:D168E,-14.514742851257324
A163M:T211F,-16.961807250976562
A163N:D181E,-17.88364028930664
A163Q:G196E,-25.295669555664062
A163P:G200A,-19.363746643066406
A163Q:P212A,-14.839262008666992
A163Q:P212Q,-14.432719230651855
A163P:P169M,-19.801395416259766
A163P:P212A,-13.113658905029297
A163P:P212M,-14.354972839355469
A163P:P212G,-13.178661346435547
A163H:T211S,-16.967065811157227
A163Q:R179E,-14.08626937866211
A163Q:R179Q,-14.47366714477539
A163Q:R179W,-23.863140106201172
A163Q:T211E,-14.585809707641602
A163Q:T211A,-13.964463233947754
A163N:D181Y,-23.473752975463867
A163P:D168F,-13.442728996276855
A163P:D168G,-17.760417938232422
A163P:D181A,-20.414485931396484
A163P:D181G,-23.188724517822266
A163P:D181M,-19.79290199279785
A163P:D190G,-17.279085159301758
A163P:E174S,-15.34731388092041
A163P:F177G,-23.860107421875
A163N:T211G,-14.0249605178833
A163P:F177L,-18.887393951416016
A163P:F177P,-26.242141723632812
A163P:F177Q,-24.786096572875977
A163P:F177R,-24.482139587402344
A163P:F177W,-24.36055564880371
A163P:F177H,-23.891700744628906
A163P:G180V,-24.464677810668945
A163N:R179Q,-14.939998626708984
A163N:R179W,-24.329471588134766
A163N:R179E,-14.552600860595703
A163N:N214C,-18.865163803100586
A163N:P169R,-19.029216766357422
A163N:P212D,-13.045001983642578
A163N:P212F,-17.509363174438477
A163N:P212L,-16.097057342529297
A163N:P212Q,-14.89905071258545
A163N:H199R,-15.72119140625
A163N:K195G,-21.877178192138672
A163N:K195R,-16.48188591003418
A163N:K195S,-19.389610290527344
A163N:N214A,-17.253803253173828
A163N:T211M,-14.584672927856445
A163M:K195G,-21.7365665435791
A163N:D190S,-18.377796173095703
A163N:E171P,-23.15277671813965
A163N:E174C,-16.133132934570312
A163N:F177M,-22.259056091308594
A163N:F177K,-26.74704360961914
A163N:T211V,-14.540353775024414
A163N:W194G,-24.110855102539062
A163N:Y209F,-15.842373847961426
A163N:Y209G,-21.132850646972656
A163N:Y209M,-14.162309646606445
A163N:Y209C,-15.528035163879395
A163N:T211R,-11.977149963378906
A163N:T211K,-11.857999801635742
A163P:G196S,-24.332088470458984
A163M:P212G,-15.22998332977295
A163M:R179E,-14.411988258361816
A163M:R179T,-15.959247589111328
A163M:R179V,-16.072751998901367
A163M:R179W,-24.188858032226562
A163M:R179C,-17.961814880371094
A163M:N214F,-18.84522247314453
A163M:N214M,-18.303054809570312
A163M:P169G,-14.127599716186523
A163W:T211R,-15.388391494750977
A163Y:G180D,-23.039730072021484
A163Y:Y209E,-24.741504669189453
A163Y:W194R,-25.211349487304688
A163Y:W194M,-20.134607315063477
A163Y:R179W,-25.866741180419922
A163Y:W194G,-25.64812660217285
A163W:R179C,-21.513669967651367
A163W:W194C,-24.568817138671875
A163W:W194G,-27.522098541259766
A163W:Y209A,-20.072288513183594
A163W:Y209C,-18.93927574157715
A163W:Y209E,-26.615474700927734
A163W:Y209G,-24.544092178344727
A163W:Y209M,-17.573551177978516
A163W:Y209R,-16.507034301757812
A163W:Y209S,-21.59451675415039
A163W:Y209T,-22.48101043701172
A163W:Y209F,-19.253616333007812
A163W:R179E,-17.963842391967773
A163W:R179Q,-18.351240158081055
A163W:R179V,-19.62460708618164
A163W:R179W,-27.740713119506836
A163Y:D168G,-21.4896240234375
A163Y:D168V,-16.008834838867188
A163Y:D172K,-17.942739486694336
A163Y:D181F,-25.634143829345703
A163Y:E171I,-20.348703384399414
A163Y:E174R,-14.83016300201416
A163Y:F177P,-29.97134780883789
A163Y:F177R,-28.21134376525879
A163Y:F177V,-25.060047149658203
A163Y:F177W,-28.089759826660156
A163F:D168A,-17.447582244873047
A163F:D181G,-26.877323150634766
A163F:D190G,-20.96768569946289
A163F:F177S,-25.178340911865234
A163F:F177T,-27.116352081298828
A163F:F177W,-28.049156188964844
A163F:G196W,-27.278194427490234
A163F:G200C,-24.274173736572266
A163F:P212G,-16.867259979248047
A163F:R179W,-25.82613754272461
A163F:R179V,-17.71002960205078
A163F:T211P,-25.11216163635254
A163F:W194C,-22.65424156188965
A163F:R179F,-23.238082885742188
A163F:R179Q,-16.436664581298828
A163H:P212L,-17.149538040161133
A163H:H199R,-16.773672103881836
A163H:P169G,-15.320693969726562
A163H:H199E,-21.180030822753906
A163H:N214R,-18.240768432617188
A163H:N214E,-16.447891235351562
A163H:F177E,-28.427528381347656
A163H:F177V,-24.57525634765625
A163H:F177G,-27.104522705078125
A163H:P212V,-15.769380569458008
A163H:D168G,-21.004833221435547
A163Y:H199L,-22.550518035888672
A163Y:G180R,-25.099609375
A163Y:G196D,-27.374740600585938
A163Y:G200W,-24.827177047729492
A163H:D190R,-20.736482620239258
A163H:D190Q,-19.803668975830078
A163H:D190G,-20.523500442504883
A163H:R179E,-15.605081558227539
A163H:R179D,-21.762622833251953
A163H:G200D,-19.968027114868164
A163H:G200E,-21.090749740600586
A163H:G200A,-22.60816192626953
A163H:G196A,-26.803508758544922
A163H:G180L,-24.410778045654297
A163H:D181G,-26.43313980102539
A163H:D181M,-23.037317276000977
A163H:D181T,-24.589048385620117
A163W:P169H,-24.462749481201172
A163W:P212W,-22.260173797607422
A163W:N214G,-20.417049407958984
A163W:N214L,-21.247447967529297
A163W:P169R,-22.440458297729492
A163P:N214L,-15.644271850585938
A163N:G180L,-23.358299255371094
A163V:N214E,-14.60183048248291
A163V:P169E,-20.694887161254883
A163V:R179E,-13.759021759033203
A163V:N214A,-16.460224151611328
A163V:R179T,-15.306281089782715
A163V:R179C,-17.308849334716797
A163V:R179V,-15.41978645324707
A163V:R179W,-23.535892486572266
A163V:P212F,-16.715784072875977
A163V:P212G,-14.577016830444336
A163V:P212M,-15.753328323364258
A163V:K195G,-21.083599090576172
A163V:G196E,-24.968421936035156
A163V:G196W,-24.987951278686523
A163V:G200A,-20.762102127075195
A163V:G200E,-19.24468994140625
A163V:G200W,-22.496326446533203
A163V:K195S,-18.596031188964844
A163V:H199R,-14.9276123046875
A163R:R179Q,-15.432674407958984
A163R:R179S,-17.399173736572266
A163R:R179V,-16.706039428710938
A163R:R179W,-24.822147369384766
A163R:P212L,-16.589733123779297
A163R:P212D,-13.537675857543945
A163R:R179E,-15.045275688171387
A163R:R179C,-18.595102310180664
A163R:P169T,-17.123117446899414
A163R:P212A,-15.79826831817627
A163R:N214V,-17.829681396484375
A163R:N214W,-20.441186904907227
A163R:N214C,-19.357837677001953
A163R:N214K,-16.734535217285156
A163R:P212F,-18.002038955688477
A163W:D181A,-26.017662048339844
A163W:D181G,-28.791900634765625
A163W:D181R,-29.909061431884766
A163W:D190A,-23.280208587646484
A163W:D190G,-22.882261276245117
A163W:D190S,-21.789039611816406
A163W:E171R,-16.69318199157715
A163W:D181H,-24.09674835205078
A163V:W194G,-23.317276000976562
A163V:W194K,-24.343128204345703
A163V:Y209A,-15.86746883392334
A163V:Y209C,-14.734456062316895
A163V:Y209E,-22.410655975341797
A163V:Y209F,-15.048794746398926
A163V:Y209G,-20.339271545410156
A163V:Y209R,-12.302214622497559
A163V:Y209S,-17.38969612121582
A163W:D168E,-17.92598533630371
A163W:D168A,-19.362157821655273
A163V:T211E,-14.258562088012695
A163V:T211C,-15.171977996826172
A163V:T211D,-18.32967185974121
A163V:W194F,-18.717788696289062
A163T:G200E,-17.754621505737305
A163T:N214L,-15.552558898925781
A163V:G180L,-22.564720153808594
A163T:H199R,-13.437543869018555
A163T:H199T,-22.00859260559082
A163T:K195G,-19.59353256225586
A163T:K195R,-14.198238372802734
A163T:H199S,-17.422889709472656
A163T:G200H,-18.16343879699707
A163T:G200K,-18.123563766479492
A163T:G200W,-21.00625991821289
A163W:G180F,-26.146854400634766
A163W:G180H,-25.34221649169922
A163W:G180R,-26.97357940673828
A163W:G196D,-29.24871063232422
A163W:G200E,-23.44951057434082
A163V:G180W,-22.09188461303711
A163W:G200F,-26.598560333251953
A163W:G200Q,-23.951196670532227
A163W:G200C,-26.188751220703125
A163W:F177A,-26.284786224365234
A163W:F177G,-29.46328353881836
A163W:G200K,-23.818452835083008
A163V:K195M,-17.338563919067383
A163W:F177L,-24.490570068359375
A163W:F177R,-30.085315704345703
A163W:F177S,-27.09291648864746
A163W:E171W,-20.90884780883789
A163V:T211L,-13.877050399780273
A163V:T211M,-13.791093826293945
A163V:T211N,-16.645105361938477
A163V:T211K,-11.064420700073242
A163W:G200W,-26.701148986816406
A163W:F177V,-26.934017181396484
A163W:H199N,-18.25790023803711
A163W:H199R,-19.13243293762207
A163W:K195G,-25.288421630859375
A163W:H199K,-19.3741397857666
A163W:K195R,-19.89312744140625
A163R:T211A,-14.923469543457031
A163R:Y209N,-20.30204200744629
A163R:Y209P,-24.90109634399414
A163R:Y209R,-13.588468551635742
A163R:Y209S,-18.675949096679688
A163R:Y209T,-19.562442779541016
A163R:Y209E,-23.696908950805664
A163R:Y209F,-16.33504867553711
A163R:Y209G,-21.625526428222656
A163R:W194R,-24.166751861572266
A163R:Y209H,-15.855010032653809
A163R:T211C,-16.45823097229004
A163R:T211G,-14.517635345458984
A163R:T211K,-12.350675582885742
A163R:T211M,-15.077347755432129
A163R:T211P,-24.108171463012695
A163R:T211Q,-12.906244277954102
A163R:T211V,-15.033027648925781
A163R:Y209K,-12.637304306030273
A163R:Y209M,-14.654985427856445
A163R:Y209C,-16.020709991455078
A163R:Y209A,-17.153722763061523
A163R:W194L,-16.955799102783203
A163R:W194E,-25.847501754760742
A163R:W194G,-24.603530883789062
A163R:W194S,-24.240320205688477
A163R:D168R,-16.36050033569336
A163R:D168W,-18.148670196533203
A163R:D168E,-15.007417678833008
A163R:D172P,-15.916492462158203
A163Q:W194E,-24.88849639892578
A163Q:W194G,-23.64452362060547
A163Q:Y209C,-15.0617036819458
A163Q:Y209G,-20.666519165039062
A163Q:Y209I,-16.09758758544922
A163R:D172Q,-17.905658721923828
A163R:D181G,-25.873332977294922
A163R:D168K,-16.124759674072266
A163R:D168H,-14.221484184265137
A163R:D168G,-20.44502830505371
A163R:D168A,-16.443592071533203
A163R:F177D,-28.73355484008789
A163R:F177E,-27.86772346496582
A163R:F177G,-26.544715881347656
A163R:P212Y,-18.073680877685547
A163R:D190G,-19.963695526123047
A163R:E174P,-25.80179214477539
A163R:E171V,-18.12104034423828
A163R:F177L,-21.572004318237305
A163R:F177N,-27.773883819580078
A163R:F177R,-27.166748046875
A163R:F177V,-24.01544952392578
A163R:F177W,-27.045166015625
A163R:F177S,-24.17435073852539
A163R:D181E,-18.376314163208008
A163R:E174R,-13.785567283630371
A163R:D181L,-26.482410430908203
A163R:D181R,-26.990493774414062
A163R:E174V,-16.7657413482666
A163R:D190E,-19.74264907836914
A163R:D190N,-17.17972183227539
A163R:E171R,-13.774615287780762
A163R:H199K,-16.45557403564453
A163R:G180A,-24.322708129882812
A163R:G180D,-21.995136260986328
A163R:H199R,-16.213865280151367
A163R:H199S,-20.19921112060547
A163R:K195D,-25.048030853271484
A163R:H199L,-21.50592041015625
A163R:K195E,-18.825380325317383
A163R:K195Q,-17.956928253173828
A163R:K195R,-16.974559783935547
A163R:K195S,-19.882286071777344
A163R:K195G,-22.369853973388672
A163R:G180L,-23.85097312927246
A163R:G173E,-19.746007919311523
A163R:G180V,-27.149288177490234
A163R:G196A,-26.243703842163086
A163R:G196W,-26.27420425415039
A163R:G200A,-22.048355102539062
A163R:G200E,-20.53094482421875
A163R:G180Q,-24.370948791503906
A163R:G200K,-20.899887084960938
A163R:G200P,-26.17190170288086
A163R:G200Q,-21.032630920410156
A163R:G200S,-20.293025970458984
A163R:G200W,-23.782581329345703
A163R:G180M,-22.744972229003906
A163R:G180F,-23.228286743164062
A163I:R179W,-26.9696044921875
A163I:R179T,-18.739994049072266
A163I:R179S,-19.546632766723633
A163K:F177E,-27.016159057617188
A163K:F177G,-25.69314956665039
A163K:F177K,-26.388153076171875
A163K:F177L,-20.720439910888672
A163K:F177V,-23.16388511657715
A163K:F177W,-26.193599700927734
A163K:G180F,-22.376720428466797
A163I:P169F,-27.088253021240234
A163I:N214G,-19.64594078063965
A163K:Y209M,-13.80341911315918
A163K:R179S,-16.547609329223633
A163K:R179V,-15.854475021362305
A163K:R179W,-23.9705810546875
A163K:R179E,-14.193710327148438
A163I:F177W,-29.192623138427734
A163H:Y209Q,-20.10516357421875
A163H:Y209G,-22.185331344604492
A163H:W194L,-17.515605926513672
A163H:Y209A,-17.71352767944336
A163I:D181K,-28.647918701171875
A163I:E174M,-11.783775329589844
A163I:H199T,-26.932373046875
A163I:H199R,-18.361324310302734
A163I:D181P,-31.221282958984375
A163K:G180L,-22.999408721923828
A163L:R179E,-16.500150680541992
A163L:R179V,-18.16091537475586
A163L:R179W,-26.277021408081055
A163L:P169F,-26.395668029785156
A163L:P169S,-18.290246963500977
A163L:P169Y,-26.40825653076172
A163L:P212E,-14.068280220031738
A163L:P212H,-18.592166900634766
A163L:P212L,-18.044607162475586
A163I:T211N,-20.07881736755371
A163I:T211S,-18.554718017578125
A163I:T211Y,-19.105188369750977
A163I:W194R,-26.314212799072266
A163I:W194T,-26.52307891845703
A163K:D181R,-26.13892936706543
A163K:G180R,-23.203447341918945
A163K:G180T,-25.03158950805664
A163K:G196S,-26.16513442993164
A163K:G200E,-19.679378509521484
A163K:G200Q,-20.18106460571289
A163K:G180N,-20.347946166992188
A163K:D190G,-19.11212921142578
A163K:Y209R,-12.736903190612793
A163K:D168V,-14.112672805786133
A163K:D172G,-18.61913299560547
A163K:D181E,-17.524749755859375
A163K:D181G,-25.02176856994629
A163K:D181N,-20.548768997192383
A163I:Y209R,-15.73592758178711
A163I:Y209G,-23.77298355102539
A163P:R179E,-12.360666275024414
A163P:W194A,-20.876401901245117
A163P:W194G,-21.918922424316406
A163P:W194Q,-22.348491668701172
A163P:W194S,-21.555709838867188
A163P:Y209A,-14.46911334991455
A163P:Y209E,-21.012298583984375
A163P:Y209I,-14.37198543548584
A163P:Y209N,-17.617431640625
A163P:Y209R,-10.90385913848877
A163P:W194N,-23.872217178344727
A163P:R179S,-14.71456527709961
A163P:R179W,-22.137537002563477
A163P:R179V,-14.021430969238281
A163P:R179T,-13.907925605773926
A163P:Y209G,-18.940916061401367
A163P:G200K,-18.21527671813965
A163P:G200Y,-20.376243591308594
A163P:T211D,-16.931316375732422
A163P:T211E,-12.860206604003906
A163P:T211K,-9.666065216064453
A163P:T211S,-13.722650527954102
A163P:T211Y,-14.273120880126953
A163P:T211F,-14.910484313964844
A163P:H199L,-18.821311950683594
A163P:H199N,-12.65472412109375
A163P:H199R,-13.529256820678711
A163P:K195G,-19.685245513916016
A163P:K195R,-14.28995132446289
A163K:P169R,-18.670326232910156
A163K:N214C,-18.50627326965332
A163K:T211K,-11.499109268188477
A163K:T211L,-14.311738967895508
A163K:T211N,-17.07979393005371
A163K:T211R,-11.61825942993164
A163K:W194P,-21.560239791870117
A163K:R179D,-20.351253509521484
A163K:W194S,-23.388755798339844
A163K:Y209A,-16.30215835571289
A163K:Y209C,-15.169144630432129
A163K:Y209F,-15.48348331451416
A163K:Y209G,-20.77396011352539
A163K:Y209I,-16.205028533935547
A163K:P212C,-17.235397338867188
A163K:P212L,-15.738166809082031
A163K:P212S,-14.370059967041016
A163K:P169T,-16.27155303955078
A163K:H199K,-15.604007720947266
A163K:H199R,-15.362300872802734
A163K:K195G,-21.518287658691406
A163K:H199S,-19.347644805908203
A163V:D190G,-18.677440643310547
A163V:D190R,-18.890422821044922
A163V:D190S,-17.584217071533203
A163V:D190V,-23.11933135986328
A163V:F177L,-20.285751342773438
A163V:E174M,-8.350062370300293
A163V:F177C,-21.798095703125
A163V:D190A,-19.07538604736328
A163V:F177E,-26.581470489501953
A163V:E174R,-12.499313354492188
A163T:P169S,-14.059049606323242
A163V:F177G,-25.258460998535156
A163V:F177I,-21.199607849121094
A163V:F177R,-25.8804931640625
A163T:Y209M,-11.878662109375
A163T:Y209P,-22.124774932861328
A163T:Y209R,-10.812146186828613
A163T:Y209G,-18.84920310974121
A163V:D181R,-25.704240798950195
A163V:F177Y,-22.114097595214844
A163V:G173E,-18.459754943847656
A163T:T211C,-13.681909561157227
A163T:T211G,-11.741312980651855
A163T:T211L,-12.386981964111328
A163T:T211V,-12.256706237792969
A163T:R179E,-12.268953323364258
A163T:R179W,-22.04582405090332
A163T:Y209C,-13.24438762664795
A163T:P212F,-15.225715637207031
A163T:W194V,-16.67703628540039
A163T:D168C,-13.643439292907715
A163T:N214W,-17.66486358642578
A163T:G200A,-19.27203369140625
A163T:G196S,-24.240375518798828
A163V:G180F,-21.942031860351562
A163T:P169H,-18.767860412597656
A163V:D168R,-15.074246406555176
A163V:D168W,-16.862417221069336
A163V:D181G,-24.587080001831055
A163V:D181K,-25.214204788208008
A163T:W194K,-22.853057861328125
A163T:W194R,-21.390430450439453
A163T:Y209A,-14.377400398254395
A163T:F177R,-24.390426635742188
A163T:F177K,-24.463396072387695
A163T:G173S,-15.845711708068848
A163T:G180M,-19.96864891052246
A163T:G196E,-23.478355407714844
A163T:F177W,-24.268842697143555
A163T:D168G,-17.668704986572266
A163T:D168W,-15.37234878540039
A163T:D181C,-22.141576766967773
A163T:D181G,-23.09701156616211
A163T:D181Y,-21.190105438232422
A163T:F177Y,-20.624027252197266
A163T:D190S,-16.09415054321289
A163T:F177G,-23.768394470214844
A163T:F177P,-26.150428771972656
A163L:N214H,-19.298120498657227
A163L:W194G,-26.058406829833984
A163L:W194I,-18.763708114624023
A163L:Y209A,-18.608596801757812
A163L:Y209C,-17.475584030151367
A163L:Y209F,-17.78992462158203
A163L:Y209G,-23.080400466918945
A163L:Y209R,-15.043343544006348
A163L:Y209S,-20.13082504272461
A163L:Y209K,-14.092179298400879
A163L:T211A,-16.37834358215332
A163L:T211E,-16.999691009521484
A163L:Y209N,-21.756916046142578
A163L:G180R,-25.5098876953125
A163L:G196A,-27.698577880859375
A163L:G196Y,-29.25379180908203
A163L:G200A,-23.503231048583984
A163L:G200C,-24.725059509277344
A163L:G200E,-21.98581886291504
A163L:G196W,-27.729080200195312
A163L:F177L,-23.026878356933594
A163L:F177S,-25.62922477722168
A163L:F177W,-28.50004005432129
A163L:F177Y,-24.855224609375
A163L:T211G,-15.97251033782959
A163L:T211N,-19.386234283447266
A163L:T211R,-13.924699783325195
A163M:D168A,-15.810303688049316
A163M:D168F,-15.494050979614258
A163M:D168R,-15.727212905883789
A163M:D181A,-22.465808868408203
A163M:D181G,-25.240047454833984
A163M:D181W,-20.351163864135742
A163M:D190A,-19.72835350036621
A163M:E171C,-15.308765411376953
A163M:D181R,-26.357208251953125
A163L:N214A,-19.201353073120117
A163M:F177D,-28.10026741027832
A163L:G180P,-25.458293914794922
A163M:F177N,-27.140596389770508
A163L:T211V,-16.487903594970703
A163L:T211Y,-18.41260528564453
A163M:F177V,-23.382164001464844
A163M:G180R,-23.42172622680664
A163M:G200K,-20.266597747802734
A163L:G180N,-22.65438461303711
A163M:F177G,-25.911428451538086
A163L:G180A,-25.7775821685791
A163Q:T211R,-11.510818481445312
A163L:H199R,-17.66874122619629
A163L:H199S,-21.65408706665039
A163L:H199T,-26.239789962768555
A163L:K195G,-23.824729919433594
A163L:K195H,-19.724729537963867
A163L:H199L,-22.960796356201172
A163L:K195Q,-19.41180419921875
A163L:K195R,-18.42943572998047
A163L:K195M,-20.079692840576172
A163L:F177A,-24.821094512939453
A163L:F177C,-24.539226531982422
A163L:E171R,-15.229490280151367
A163L:F177D,-30.188430786132812
A163L:D172Y,-22.473766326904297
A163L:D168K,-17.579633712768555
A163L:D168V,-16.419113159179688
A163L:D168G,-21.89990234375
A163L:F177N,-29.228759765625
A163L:F177G,-27.999591827392578
A163L:E174R,-15.240442276000977
A163L:E171G,-16.839216232299805
A163L:E174A,-18.70431900024414
A163L:D190A,-21.816516876220703
A163L:E171A,-17.420162200927734
A163L:D190S,-20.325347900390625
A163L:D181H,-22.633056640625
A163L:D190G,-21.418569564819336
A163L:G200S,-21.747901916503906
A163L:G200W,-25.237457275390625
A163L:D181G,-27.328208923339844
D168R:N214F,-9.805587768554688
D168Q:G200E,-9.2537841796875
D168Q:G196D,-15.052986145019531
D168Q:G196A,-14.966545104980469
D168R:N214A,-8.073555946350098
D168R:N214K,-7.0616135597229
D168R:N214V,-8.156760215759277
D168R:P212L,-6.916810035705566
D168R:P212M,-7.366660118103027
D168R:P212S,-5.548703193664551
D168R:D190G,-10.290772438049316
D168R:D190Y,-12.24145793914795
D168R:D190R,-10.503753662109375
D168R:G180T,-16.21023178100586
D168R:G180S,-14.32043743133545
D168R:G180R,-14.38209056854248
D168R:G180Q,-14.698025703430176
D168R:G180L,-14.178050994873047
D168R:G180K,-14.376636505126953
D168R:G180H,-12.750726699829102
D168R:G180F,-13.555364608764648
D168R:G180D,-12.322213172912598
D168R:G180W,-13.705217361450195
D168R:G180A,-14.649785041809082
D168R:E174M,0.0366058349609375
D168R:E174V,-7.0928192138671875
D168R:F177A,-13.69329833984375
D168R:H199Q,-9.023576736450195
D168Q:H199C,-9.545785903930664
D168R:G196A,-16.570781707763672
D168R:G180V,-17.476364135742188
D168R:R179C,-8.92218017578125
D168R:F177V,-14.342528343200684
D168R:F177T,-16.439441680908203
D168R:F177S,-14.50142765045166
D168R:F177R,-17.493825912475586
D168R:F177M,-13.078807830810547
D168R:F177K,-17.566795349121094
D168R:F177G,-16.871793746948242
D168R:F177E,-18.194801330566406
D168R:F177Y,-13.727428436279297
D168R:G173L,-12.29269790649414
D168R:K195Y,-8.514761924743652
D168R:D190P,-14.6383695602417
D168R:D181G,-16.20041275024414
D168Q:T211Q,-1.6290855407714844
D168R:D190A,-10.688718795776367
D168R:D181V,-16.945453643798828
D168R:D181T,-14.35632038116455
D168R:D181L,-16.809490203857422
D168R:D181H,-11.505260467529297
D168R:D181E,-8.703392028808594
D168R:D181A,-13.426173210144043
D168Q:R179W,-13.544986724853516
D168Q:R179V,-5.42888069152832
D168K:D181V,-16.709712982177734
D168K:D181R,-17.081830978393555
D168K:D181K,-16.591794967651367
D168K:D181G,-15.964670181274414
D168P:P212N,-10.449075698852539
D168Q:K195G,-11.092695236206055
D168Q:H199W,-10.691141128540039
D168Q:H199E,-9.34306526184082
D168P:R179V,-12.149664878845215
D168Q:Y209R,-2.311309337615967
D168Q:Y209P,-13.623937606811523
D168Q:Y209M,-3.3778257369995117
D168Q:Y209G,-10.348365783691406
D168Q:Y209A,-5.876563549041748
D168Q:W194L,-5.678640365600586
D168Q:W194K,-14.352222442626953
D168Q:Y209F,-5.057889938354492
D168P:R179W,-20.265769958496094
D168Q:F177Y,-12.123191833496094
D168Q:F177W,-15.76800537109375
D168Q:F177G,-15.267557144165039
D168Q:D190G,-8.686534881591797
D168P:Y209M,-10.098609924316406
D168P:T211K,-7.794299602508545
D168R:W194S,-14.567398071289062
D168R:Y209A,-7.480800628662109
D168N:G173A,-9.841872215270996
D168N:G200P,-14.910134315490723
D168N:D181G,-14.611567497253418
D168N:F177R,-15.90498161315918
D168N:Y209S,-7.414183616638184
D168N:R179E,-3.7835090160369873
D168R:W194R,-14.493830680847168
D168R:T211F,-7.9221720695495605
D168R:T211H,-5.659796237945557
D168R:T211Q,-3.2333226203918457
D168P:D181G,-21.316959381103516
D168P:D190E,-15.186273574829102
D168P:F177A,-18.809844970703125
D168P:E174R,-9.229191780090332
D168P:H199W,-17.41192626953125
D168P:F177P,-24.370376586914062
D168P:G180R,-19.498638153076172
D168P:G180P,-19.44704246520996
D168R:K195S,-10.209362983703613
D168R:K195R,-7.301638126373291
D168R:K195G,-12.696931838989258
D168R:K195E,-9.152458190917969
D168R:H199R,-6.540943622589111
D168R:H199L,-11.832999229431152
D168R:H199F,-12.2213773727417
D168R:G200W,-14.109659194946289
D168R:G200K,-11.226963996887207
D168R:G200E,-10.85802173614502
D168R:G200C,-13.597261428833008
D168R:G200A,-12.375433921813965
D168R:G196W,-16.60128402709961
D168R:G196S,-17.34377670288086
D168R:W194V,-9.780435562133789
D168R:Y209M,-4.982062816619873
D168R:Y209N,-10.629119873046875
D168R:Y209P,-15.228175163269043
D168R:Y209Q,-9.872435569763184
D168R:Y209S,-9.00302791595459
D168R:Y209T,-9.889521598815918
D168R:Y209R,-3.915546417236328
D168R:Y209H,-6.1820878982543945
D168R:Y209F,-6.662126541137695
D168R:Y209G,-11.952603340148926
D168R:Y209C,-6.347787857055664
D168R:Y209E,-14.02398681640625
D168H:T211R,-0.6578869819641113
D168V:F177E,-16.798538208007812
D168V:F177V,-12.946266174316406
D168V:F177R,-16.097564697265625
D168V:F177P,-17.857566833496094
D168V:F177K,-16.170534133911133
D168V:F177H,-15.507124900817871
D168V:F177G,-15.475531578063965
D168V:F177D,-17.664371490478516
D168V:D190V,-13.336400985717773
D168V:D190R,-9.107492446899414
D168V:D190N,-6.110537528991699
D168V:D190G,-8.894510269165039
D168V:D190A,-9.29245662689209
D168V:E174V,-5.69655704498291
D168V:D181H,-10.10899829864502
D168V:D181G,-14.804149627685547
D168V:D181C,-13.848714828491211
D168V:D172G,-8.401514053344727
D168V:D181I,-16.96724510192871
D168V:F177W,-15.975980758666992
D168V:G180I,-17.828948974609375
D168V:G180R,-12.985828399658203
D168V:G180V,-16.080102920532227
D168V:G196W,-15.205020904541016
D168V:G196Y,-16.729732513427734
D168V:G200E,-9.461759567260742
D168V:G200H,-9.870576858520508
D168V:G200S,-9.22384262084961
D168V:G196A,-15.174519538879395
D168K:Y209P,-14.992433547973633
D168K:Y209G,-11.716861724853516
D168V:G200W,-12.713397026062012
D168K:W194L,-7.047135829925537
D168K:T211P,-14.199507713317871
D168K:T211L,-5.254640102386475
D168K:T211G,-4.608972072601318
D168K:T211A,-5.014805793762207
D168K:Y209R,-3.679804801940918
D168K:Y209A,-7.245059013366699
D168K:Y209C,-6.112046241760254
D168K:R179W,-14.913482666015625
D168K:R179V,-6.79737663269043
D168K:P212G,-5.954607009887695
D168K:P212C,-8.178298950195312
D168K:K195R,-7.065896511077881
D168K:K195M,-8.716154098510742
D168K:K195G,-12.461190223693848
D168K:H199V,-15.014017105102539
D168K:F177G,-16.636051177978516
D168K:F177D,-18.82489013671875
D168K:D190R,-10.268013000488281
D168K:G196W,-16.365541458129883
D168K:G180L,-13.942309379577637
D168K:G180A,-14.414043426513672
D168K:G200F,-13.771329879760742
D168V:K195R,-5.905375957489014
D168V:K195G,-11.30066967010498
D168V:K195D,-13.97884750366211
D168V:H199K,-5.386389255523682
D168V:H199Q,-7.627315044403076
D168V:P212A,-4.729084014892578
D168V:P212C,-7.017777919769287
D168V:P212H,-6.068108558654785
D168K:R179E,-5.1366119384765625
D168V:N214V,-6.760498046875
D168V:N214F,-8.409326553344727
D168V:R179Q,-4.363489627838135
D168V:T211A,-3.85428524017334
D168V:T211K,-1.2814908027648926
D168V:T211L,-4.094119548797607
D168V:T211M,-4.0081634521484375
D168V:T211Y,-5.888545513153076
D168V:T211D,-8.546741485595703
D168V:R179S,-6.329989910125732
D168V:R179T,-5.523350715637207
D168V:R179V,-5.6368560791015625
D168V:R179W,-13.752962112426758
D168V:W194I,-6.239649295806885
D168V:Y209C,-4.951525688171387
D168V:Y209H,-4.785825729370117
D168H:Y209S,-6.864011764526367
D168V:W194F,-8.934858322143555
D168V:Y209G,-10.556341171264648
D168H:T211V,-3.221090078353882
D168R:T211R,-2.796902894973755
D168W:P212G,-7.978519439697266
D168W:P212H,-9.252541542053223
D168W:N214R,-9.796211242675781
D168W:F177G,-18.65996551513672
D168W:E174V,-8.880990028381348
D168W:D190Q,-11.359111785888672
D168W:D190G,-12.078943252563477
D168W:H199E,-12.735472679138184
D168W:F177L,-13.68725299835205
D168W:H199R,-8.32911491394043
D168W:H199Q,-10.811748504638672
D168W:H199K,-8.570821762084961
D168W:K195Q,-10.07217788696289
D168W:K195E,-10.940628051757812
D168W:K195G,-14.485102653503418
D168W:P212S,-7.336874008178711
D168W:P212L,-8.704980850219727
D168W:F177M,-14.866978645324707
D168W:F177V,-16.130699157714844
D168W:G196A,-18.358951568603516
D168W:G200E,-12.64619255065918
D168W:G180W,-15.493388175964355
D168W:G180T,-17.998403549194336
D168W:G180S,-16.10860824584961
D168W:G180R,-16.17026138305664
D168W:G180D,-14.110383987426758
D168W:G180V,-19.264535903930664
D168W:G200F,-15.795242309570312
D168W:G200K,-13.015134811401367
D168W:G196W,-18.389453887939453
D168Y:P212G,-5.448938846588135
D168Y:R179S,-6.984842300415039
D168W:G200A,-14.163604736328125
D168W:F177Q,-19.585954666137695
D168W:D181G,-17.988582611083984
D168V:Y209S,-7.6067657470703125
D168V:Y209R,-2.519284248352051
D168V:Y209Q,-8.476173400878906
D168W:D181M,-14.59276008605957
D168W:G200W,-15.89783000946045
D168W:D181E,-10.491562843322754
D168W:D181A,-15.214344024658203
D168G:K195Y,-12.599289894104004
D168G:F177Y,-17.81195640563965
D168G:F177W,-21.456771850585938
D168G:F177V,-18.42705535888672
D168G:F177T,-20.523967742919922
D168G:F177S,-18.585956573486328
D168G:F177P,-23.338356018066406
D168G:F177N,-22.185489654541016
D168G:F177M,-17.1633358001709
D168G:F177L,-15.983610153198242
D168G:F177R,-21.578353881835938
D168G:K195S,-14.293890953063965
D168G:H199C,-15.234550476074219
D168G:H199E,-15.031829833984375
D168G:G180P,-18.415023803710938
D168G:G180T,-20.294761657714844
D168G:G200W,-18.19418716430664
D168G:G200S,-14.704631805419922
D168G:G200Q,-15.444235801696777
D168G:G173S,-13.033639907836914
D168G:G200E,-14.942549705505371
D168C:H199E,-11.006563186645508
D168G:G200K,-15.311491966247559
D168G:G180F,-17.639892578125
D168G:G180A,-18.73431396484375
D168G:G180L,-18.2625789642334
D168G:G180E,-18.174713134765625
D168G:G180R,-18.466617584228516
D168G:G200A,-16.4599609375
D168G:F177C,-17.495956420898438
D168G:D190P,-18.722896575927734
D168G:D190G,-14.375300407409668
D168G:D190E,-14.154254913330078
D168G:D190A,-14.773246765136719
D168G:D190R,-14.588281631469727
D168G:F177D,-23.145160675048828
D168G:F177G,-20.956321716308594
D168G:F177H,-20.9879150390625
D168G:D190V,-18.81719207763672
D168G:E174C,-11.037413597106934
D168G:G196N,-21.427875518798828
D168G:G196I,-22.64588165283203
D168G:G196D,-20.741750717163086
D168G:E171D,-10.125600814819336
D168G:G180V,-21.560894012451172
D168G:E174V,-11.177347183227539
D168G:E174R,-8.197173118591309
D168G:E174N,-11.987339973449707
D168G:G196W,-20.685810089111328
D168A:D190G,-10.373863220214844
D168A:E174A,-7.659613609313965
D168G:W194A,-17.972618103027344
D168G:W194C,-16.061857223510742
D168A:K195G,-12.780022621154785
D168G:W194G,-19.01513671875
D168A:F177C,-13.494519233703613
D168A:F177E,-18.27789306640625
D168A:F177G,-16.954883575439453
D168A:F177L,-11.982172966003418
D168A:F177V,-14.425619125366211
D168A:D181L,-16.892580032348633
D168A:K195E,-9.23554801940918
D168A:G180V,-17.55945587158203
D168A:G180L,-14.261141777038574
D168A:R179E,-5.4554443359375
D168A:F177A,-13.776389122009277
D168A:K195R,-7.384728908538818
D168A:K195T,-9.195985794067383
D168A:K195Y,-8.59785270690918
D168A:P212G,-6.273439407348633
D168A:P212L,-6.999900817871094
D168A:P212Q,-5.801894187927246
D168C:G180A,-14.709046363830566
D168C:F177V,-14.401789665222168
D168A:R179T,-7.002703666687012
D168A:T211G,-4.927804470062256
D168A:T211R,-2.8799936771392822
D168A:T211H,-5.742887020111084
D168A:R179W,-15.232315063476562
D168A:T211I,-5.864826202392578
D168C:G173E,-10.132347106933594
D168C:F177R,-17.55308723449707
D168A:Y209S,-9.086118698120117
D168A:R179F,-12.644261360168457
D168A:G196D,-16.740314483642578
D168A:G196E,-16.664844512939453
D168A:G200E,-10.941112518310547
D168A:G200Q,-11.442798614501953
D168C:G180D,-12.381474494934082
D168C:G196D,-16.71648406982422
D168C:D190A,-10.747980117797852
D168A:W194I,-7.7190022468566895
D168A:W194L,-7.365968227386475
D168A:Y209A,-7.563891410827637
D168A:Y209G,-12.035694122314453
D168C:F177A,-13.752559661865234
D168C:F177G,-16.931055068969727
D168G:Y209C,-10.432315826416016
D168G:Y209A,-11.565328598022461
D168G:W194V,-13.86496353149414
D168G:W194T,-18.78722381591797
D168G:W194S,-18.651926040649414
D168G:W194M,-13.501617431640625
D168G:Y209F,-10.746654510498047
D168G:W194L,-11.36740493774414
D168G:W194K,-20.040987014770508
D168G:Y209G,-16.037132263183594
D168G:Y209D,-19.290128707885742
D168Y:F177V,-13.601118087768555
D168Y:D190V,-13.991252899169922
D168G:Y209I,-11.46820068359375
D168G:Y209K,-7.048909664154053
D168H:G180L,-12.039034843444824
D168Y:H199C,-10.408613204956055
D168Y:R179Q,-5.018342018127441
D168H:D172K,-5.086206436157227
D168G:Y209T,-13.97404956817627
D168G:Y209R,-8.00007438659668
D168G:Y209Q,-13.956963539123535
D168G:Y209P,-19.312702178955078
D168G:Y209M,-9.066591262817383
D168Y:R179W,-14.407814025878906
D168Y:F177A,-12.951889038085938
D168Y:R179V,-6.291707992553711
D168G:Y209S,-13.087555885314941
D168W:R179E,-7.160524368286133
D168V:Y209M,-3.5858006477355957
D168W:T211W,-8.463946342468262
D168W:T211S,-8.52250862121582
D168W:T211R,-4.585073471069336
D168W:T211K,-4.46592378616333
D168W:T211E,-7.660065174102783
D168W:T211C,-8.573480606079102
D168W:R179W,-16.937395095825195
D168W:R179V,-8.8212890625
D168Y:D190A,-9.947309494018555
D168W:R179C,-10.710351943969727
D168W:Y209A,-9.26897144317627
D168W:W194G,-16.718780517578125
D168W:W194V,-11.56860637664795
D168W:Y209T,-11.677692413330078
D168W:Y209S,-10.79119873046875
D168W:W194Y,-12.644326210021973
D168W:Y209R,-5.703717231750488
D168W:Y209K,-4.752552509307861
D168W:Y209I,-9.171843528747559
D168W:Y209H,-7.970258712768555
D168W:Y209G,-13.740774154663086
D168W:Y209F,-8.450297355651855
D168W:Y209E,-15.81215763092041
D168W:Y209C,-8.135958671569824
D168W:Y209M,-6.770233631134033
D168G:P212M,-11.451188087463379
D168G:P212H,-11.548898696899414
D168G:P212G,-10.274876594543457
D168G:P212F,-12.413644790649414
D168G:P212E,-7.02501106262207
D168G:P212C,-12.498567581176758
D168G:P212A,-10.209874153137207
D168G:N214K,-11.146141052246094
D168G:P212L,-11.001338005065918
D168G:N214G,-11.910087585449219
D168G:N214V,-12.241288185119629
D168G:N214T,-10.953036308288574
D168G:N214L,-12.740487098693848
D168G:N214E,-10.299690246582031
D168G:N214P,-12.034065246582031
D168G:P212Q,-9.80333137512207
D168G:P212S,-9.633231163024902
D168C:Y209E,-14.083248138427734
D168C:Y209G,-12.01186466217041
D168C:Y209T,-9.948782920837402
D168E:F177D,-17.707550048828125
D168E:F177E,-16.841718673706055
D168E:F177G,-15.51871109008789
D168E:F177H,-15.550304412841797
D168E:F177M,-11.725725173950195
D168E:F177V,-12.989445686340332
D168C:K195D,-15.434370994567871
D168C:K195G,-12.756193161010742
D168E:D181K,-15.474453926086426
D168E:D181R,-15.964489936828613
D168E:D181V,-15.592371940612793
D168E:D181G,-14.847329139709473
D168C:Y209R,-3.9748077392578125
D168G:P212Y,-12.485286712646484
D168G:P212W,-13.753213882446289
D168G:P212V,-9.621179580688477
D168E:D181C,-13.891894340515137
D168E:D190Y,-10.888375282287598
D168E:D190P,-13.285286903381348
D168E:D181A,-12.073090553283691
D168E:D190C,-10.15805721282959
D168G:P169T,-11.534723281860352
D168R:R179W,-15.149224281311035
D168R:R179E,-5.372353553771973
D168R:R179V,-7.03311824798584
D168R:R179T,-6.919612884521484
D168R:R179S,-7.72625207901001
D168R:R179Q,-5.759751796722412
D168G:W194E,-20.25910758972168
D168R:R179F,-12.56117057800293
D168R:W194C,-11.97732925415039
D168R:W194D,-16.859508514404297
D168R:W194E,-16.174579620361328
D168R:W194G,-14.930608749389648
D168R:W194L,-7.282877445220947
D168R:W194N,-16.88390350341797
D168R:T211W,-6.675775527954102
D168R:T211S,-6.734337329864502
D168G:T211C,-10.869836807250977
D168G:T211S,-10.818864822387695
D168G:T211V,-9.444633483886719
D168G:T211W,-10.760303497314453
D168G:T211P,-18.519777297973633
D168G:T211N,-12.342964172363281
D168G:T211L,-9.574909210205078
D168G:T211K,-6.7622809410095215
D168G:T211I,-9.866263389587402
D168G:T211H,-9.74432373046875
D168G:T211G,-8.929241180419922
D168G:T211E,-9.956422805786133
D168G:T211R,-6.881430625915527
D168G:T211D,-14.027530670166016
D168G:T211A,-9.335075378417969
D168G:T211F,-12.00670051574707
D168G:R179H,-14.399295806884766
D168G:R179F,-16.64569854736328
D168G:R179E,-9.456881523132324
D168G:R179D,-15.614423751831055
D168G:R179C,-13.006708145141602
D168G:R179I,-13.646449089050293
D168G:T211Y,-11.369335174560547
D168G:R179W,-19.233753204345703
D168G:R179V,-11.117646217346191
D168G:R179T,-11.004140853881836
D168G:R179S,-11.810779571533203
D168G:R179Q,-9.844280242919922
D168E:R179E,-4.019270896911621
D168E:R179C,-7.569098472595215
D168E:R179W,-13.796141624450684
D168E:P212V,-4.18356990814209
D168E:P212F,-6.976034164428711
D168E:P212G,-4.837265968322754
D168E:R179S,-6.373169898986816
D168E:R179Q,-4.406669616699219
D168E:Y209R,-2.5624639987945557
D168G:D181W,-15.39605712890625
D168G:D181V,-21.029983520507812
D168G:D181T,-18.44084930419922
D168G:D181R,-21.402099609375
D168G:D181P,-23.485427856445312
D168G:D181M,-16.889118194580078
D168G:D181L,-20.89401626586914
D168G:D181K,-20.912063598632812
D168G:D181G,-20.28493881225586
D168G:D181F,-19.00115203857422
D168G:D181E,-12.787919998168945
D168G:D181C,-19.329505920410156
D168G:D181A,-17.510700225830078
D168G:D172K,-11.309749603271484
D168F:W194G,-14.697446823120117
D168G:H199R,-10.625471115112305
D168G:H199N,-9.750940322875977
D168G:H199M,-15.86940860748291
D168G:H199L,-15.917527198791504
D168G:K195T,-13.197422981262207
D168G:D181Y,-18.378032684326172
D168G:H199T,-19.196521759033203
D168G:H199V,-19.334285736083984
D168G:H199W,-16.379905700683594
D168G:H199F,-16.305904388427734
D168G:H199K,-10.867179870605469
D168G:K195R,-11.386165618896484
D168G:K195Q,-12.368535041809082
D168G:K195M,-13.036422729492188
D168G:K195E,-13.23698616027832
D168V:Y209K,-1.5681195259094238
D168G:K195D,-19.459636688232422
D168G:K195G,-16.78145980834961
D168E:T211R,-1.4438204765319824
D168E:T211P,-13.08216667175293
D168E:T211L,-4.137299537658691
D168E:T211F,-6.569089889526367
D168E:Y209G,-10.599520683288574
D168E:R179V,-5.680035591125488
D168E:Y209F,-5.309044361114502
D168E:Y209E,-12.670904159545898
D168E:Y209C,-4.9947052001953125
D168E:Y209A,-6.127717971801758
D168E:W194E,-14.821496963500977
D168E:W194C,-10.624246597290039
D168E:N214M,-7.910338401794434
D168E:N214R,-6.6549577713012695
D168E:N214S,-5.519826889038086
D168E:N214G,-6.472476959228516
D168E:G200S,-9.267022132873535
D168E:G180A,-13.29670238494873
D168E:G200K,-9.873881340026855
D168C:R179E,-5.431614875793457
D168C:R179W,-15.20848560333252
D168C:P212V,-5.595913410186768
D168E:G173F,-9.504995346069336
D168E:G196W,-15.248200416564941
D168E:Y209T,-8.536438941955566
D168E:Y209S,-7.649945259094238
D168F:F177L,-11.66592025756836
D168F:R179W,-14.916062355041504
D168F:N214S,-6.639747619628906
D168E:Y209M,-3.6289803981781006
D168F:G200D,-9.502137184143066
D168F:G180S,-14.087275505065918
D168F:D181P,-19.167739868164062
D168E:K195E,-7.799375534057617
D168E:K195G,-11.343849182128906
D168E:H199R,-5.187861442565918
D168E:G180Q,-13.344943046569824
D168E:G180R,-13.029007911682129
D168E:G196E,-15.22867202758789
P169G:H199K,-5.183038711547852
P169G:H199W,-10.69576644897461
P169G:K195G,-11.097318649291992
P169G:K195R,-5.702025413513184
P169G:G180R,-12.782478332519531
P169G:Y209G,-10.352991104125977
P169G:G180S,-12.7208251953125
P169H:P212L,-12.100492477416992
P169G:Y209M,-3.3824501037597656
P169H:G180A,-19.833467483520508
P169H:G200S,-15.803787231445312
P169G:G196E,-14.982141494750977
P169G:N214R,-6.408427715301514
P169G:G200E,-9.25840950012207
P169G:G200K,-9.627351760864258
P169G:G200S,-9.020491600036621
P169G:G196D,-15.057609558105469
P169G:N214V,-6.55714750289917
P169G:G180T,-14.610620498657227
P169D:F177V,-20.678422927856445
P169D:D181G,-22.536306381225586
P169C:R179V,-10.672735214233398
P169C:R179W,-18.788841247558594
P169C:T211P,-18.074867248535156
P169C:W194C,-15.61694622039795
P169C:W194L,-10.922494888305664
P169G:Y209C,-4.748174667358398
P169H:T211R,-7.980585098266602
P169I:F177G,-24.223003387451172
P169I:F177S,-21.852638244628906
P169G:Y209A,-5.881187915802002
P169G:T211S,-5.1347246170043945
P169G:T211V,-3.760493278503418
P169G:W194F,-8.731508255004883
P169G:R179V,-5.433505058288574
P169G:R179W,-13.549612045288086
P169G:W194L,-5.68326473236084
P169S:P212Y,-8.875629425048828
P169S:N214G,-8.300430297851562
P169S:R179V,-7.507988929748535
P169T:K195G,-13.459548950195312
P169S:W194G,-15.405479431152344
P169S:Y209G,-12.427474975585938
P169T:D181A,-14.188790321350098
P169T:D181G,-16.963027954101562
P169T:F177L,-12.661699295043945
P169T:F177R,-18.25644302368164
P169T:G180F,-14.317981719970703
P169T:G180R,-15.144707679748535
P169V:K195G,-18.104488372802734
P169T:P212G,-6.95296573638916
P169T:N214M,-10.026037216186523
P169T:T211P,-15.197866439819336
P169V:D181T,-19.763877868652344
P169V:F177E,-23.602359771728516
P169S:T211K,-3.1526241302490234
P169V:G196A,-21.97834014892578
P169V:R179E,-10.779911041259766
P169V:R179S,-13.133810043334961
P169V:K195T,-14.520452499389648
P169W:K195G,-21.383628845214844
P169V:W194L,-12.690435409545898
P169V:Y209F,-12.069684028625488
P169V:Y209G,-17.36016082763672
P169W:D181E,-17.390090942382812
P169W:D181V,-25.632152557373047
P169W:D190R,-19.190452575683594
P169W:E174K,-11.395841598510742
P169W:G180C,-23.840381622314453
P169W:G200E,-19.544719696044922
P169W:W194Y,-19.54285430908203
P169W:R179Q,-14.446449279785156
P169W:R179W,-23.835922241210938
P169V:K195R,-12.709196090698242
P169Y:D181R,-25.91045379638672
P169Y:K195T,-17.70577621459961
P169Y:N214W,-19.36114501953125
P169Y:R179C,-17.51506233215332
P169Y:R179E,-13.965234756469727
P169Y:Y209S,-17.595909118652344
P169Y:P212L,-15.50969123840332
P169K:Y209R,-7.149724006652832
P169K:Y209C,-9.581965446472168
P169R:Y209R,-7.076937675476074
P169K:W194V,-13.014613151550293
P169K:Y209G,-15.18678092956543
P169R:R179V,-10.194509506225586
P169R:P212L,-10.078201293945312
P169R:W194A,-17.049480438232422
P169S:H199W,-12.77025032043457
P169R:R179W,-18.31061553955078
P169R:T211E,-9.033285140991211
P169R:T211L,-8.651773452758789
P169K:D190P,-17.872547149658203
P169R:T211R,-5.958293914794922
P169R:R179E,-8.533744812011719
P169R:T211W,-9.837166786193848
P169S:K195E,-9.627328872680664
P169K:W194M,-12.651268005371094
P169M:W194R,-20.619335174560547
P169M:Y209F,-12.787631034851074
P169M:Y209G,-18.078107833862305
P169K:P212L,-10.15098762512207
P169K:W194A,-17.12226676940918
P169K:K195M,-12.186073303222656
P169K:H199P,-19.389888763427734
P169I:Y209G,-19.303813934326172
P169M:T211R,-8.922407150268555
P169M:D190E,-16.195232391357422
P169M:G180E,-20.215688705444336
P169M:R179E,-11.497858047485352
P169M:R179W,-21.274728775024414
P169S:K195S,-10.684234619140625
P169D:R179W,-21.485118865966797
P169D:W194C,-18.31322479248047
P169E:N214F,-15.426229476928711
P169E:P212A,-11.745986938476562
P169F:W194V,-18.360729217529297
P169F:Y209A,-16.061092376708984
P169G:D181R,-15.717960357666016
P169G:D190E,-8.470113754272461
P169G:F177A,-12.093685150146484
P169G:F177G,-15.272180557250977
P169E:G200A,-17.996074676513672
P169E:G200W,-19.730300903320312
P169E:H199R,-12.161584854125977
P169D:Y209G,-18.288497924804688
P169D:Y209A,-13.816695213317871
P169G:F177K,-15.967184066772461
P169G:F177S,-12.901815414428711
P169F:R179V,-15.613410949707031
P169F:R179C,-17.502473831176758
P169E:P212G,-11.810989379882812
P169E:W194V,-15.401076316833496
P169F:P212D,-12.445047378540039
P169D:G200A,-18.711328506469727
P169E:Y209C,-11.968428611755371
P169Q:H199E,-15.044044494628906
P169Q:G200W,-18.206401824951172
P169Q:G180Y,-17.347103118896484
P169Q:G180V,-21.57310676574707
P169S:G200A,-12.850305557250977
P169D:Y209T,-16.22541618347168
P169S:G196E,-17.056625366210938
P169S:G196A,-17.045652389526367
P169R:Y209M,-8.143453598022461
P169S:D181R,-17.792444229125977
P169S:D190A,-11.163589477539062
P169S:F177T,-16.9143123626709
P169S:G173W,-9.241886138916016
P169S:G180S,-14.795309066772461
P169S:G180T,-16.685104370117188
P169S:D181E,-9.178262710571289
P169R:Y209A,-10.642191886901855
P169R:F177M,-16.24020004272461
P169R:F177L,-15.060473442077637
P169Q:R179I,-13.658662796020508
P169R:E174S,-11.520392417907715
P169R:F177A,-16.854690551757812
P169R:F177C,-16.572818756103516
P169R:F177E,-21.35619354248047
P169R:F177G,-20.033184051513672
P169R:F177I,-15.974329948425293
P169Q:W194I,-11.732653617858887
P169R:E174K,-5.870534896850586
P169Q:D181E,-12.800134658813477
P169Q:D181G,-20.29715347290039
P169Q:P212A,-10.222087860107422
P169Q:F177P,-23.350570678710938
P169R:G196W,-19.76267433166504
P169R:G196A,-19.732173919677734
P169R:G180V,-20.63775634765625
E171G:F177R,-16.51766586303711
E171G:D181N,-10.751253128051758
E171F:Y209S,-9.200460433959961
E171G:G196K,-16.058218002319336
E171G:G180R,-13.40593147277832
E171G:G196W,-15.625123977661133
E171G:K195H,-7.620772838592529
E171G:G200K,-10.250804901123047
E171G:G200W,-13.133499145507812
E171G:K195R,-6.325478553771973
E171G:H199I,-15.45442008972168
E171G:P212A,-5.149186611175537
E171G:P212G,-5.214189052581787
E171G:P212V,-4.560492515563965
E171G:R179E,-4.396193504333496
E171G:R179V,-6.056958198547363
E171G:K195G,-11.720771789550781
E171G:Y209S,-8.02686882019043
E171H:W194G,-12.005121231079102
E171G:T211Q,-2.2571630477905273
E171G:T211W,-5.699615955352783
E171G:W194R,-13.517671585083008
E171G:Y209A,-6.504641056060791
E171G:Y209F,-5.685967445373535
E171G:Y209G,-10.976444244384766
E171G:Y209P,-14.252016067504883
E171H:G200Q,-8.434220314025879
E171K:F177G,-15.911979675292969
E171K:G180R,-13.422276496887207
E171K:P212N,-4.372714996337891
E171K:H199M,-10.825066566467285
E171K:W194G,-13.970794677734375
E171L:D181R,-18.774553298950195
E171L:F177L,-13.356062889099121
E171L:G180A,-16.106765747070312
E171L:R179V,-8.49009895324707
E171L:H199R,-7.997924327850342
E171L:K195G,-14.153912544250488
E171L:W194V,-11.23741626739502
E171L:Y209F,-8.119107246398926
E171L:R179W,-16.606204986572266
E171L:Y209G,-13.409584045410156
E171M:Y209C,-7.119451522827148
E171M:Y209S,-9.774691581726074
E171N:Y209G,-8.96004867553711
E171D:T211R,-2.1503970623016357
E171D:G180A,-14.003278732299805
E171C:Y209P,-14.809727668762207
E171C:Y209A,-7.062353134155273
E171C:R179W,-14.7307767868042
E171C:N214R,-7.589592933654785
E171C:F177A,-13.274850845336914
E171C:F177K,-17.14834976196289
E171A:Y209M,-4.586850166320801
E171A:W194P,-12.343669891357422
E171A:T211E,-5.476681709289551
E171A:N214W,-10.373051643371582
E171A:G196S,-16.948564529418945
E171A:G196D,-16.26201057434082
E171R:F177G,-14.285908699035645
E171R:F177M,-10.49292278289795
E171R:G200Q,-8.773822784423828
E171R:R179W,-12.563339233398438
E171R:N214R,-5.422155380249023
E171R:R179V,-4.447233200073242
E171A:F177A,-13.298086166381836
E171R:Y209R,-1.32966148853302
E171R:W194S,-11.981513023376465
E171R:T211V,-2.7742209434509277
E171R:T211S,-4.148452281951904
E171S:D181E,-6.948007106781006
E171S:H199S,-8.770904541015625
E171S:G180R,-12.62670612335205
E171S:K195R,-5.546253204345703
E171S:N214G,-6.070174694061279
E171S:W194S,-12.812013626098633
E171S:T211G,-3.0893287658691406
E171S:Y209R,-2.1601614952087402
E171T:D181V,-16.388263702392578
E171T:D190G,-9.73358154296875
E171T:F177M,-12.521615982055664
E171T:F177W,-16.815052032470703
E171V:D181R,-19.078113555908203
E171T:R179E,-4.81516170501709
E171T:S189A,-9.872468948364258
E171T:T211R,-2.2397115230560303
E171V:D190I,-17.917728424072266
E171V:F177K,-19.32733726501465
E171V:F177V,-16.103069305419922
E171V:G180A,-16.41032600402832
E171V:G180R,-16.14263153076172
E171V:G196E,-18.342296600341797
E171V:G200E,-12.618562698364258
E171V:K195G,-14.457472801208496
E171V:N214F,-11.566129684448242
E171V:R179E,-7.132894515991211
E171V:Y209F,-8.422667503356934
E171W:D190V,-16.362443923950195
E171W:G200E,-12.487802505493164
E171W:G196W,-18.231063842773438
E171W:F177L,-13.528862953186035
E171Y:G200F,-12.5061616897583
E171W:Y209S,-10.632808685302734
E171W:W194I,-9.265691757202148
E171W:T211G,-6.474494457244873
D172W:D181V,-23.198856353759766
D172W:R179W,-21.402626037597656
D172R:Y209F,-8.660514831542969
D172R:Y209A,-9.479188919067383
D172R:Y209S,-11.001415252685547
D172R:Y209R,-5.913934230804443
D172R:D181G,-18.19879913330078
D172R:D181Y,-16.291893005371094
D172R:H199W,-14.293766021728516
D172R:P212V,-7.535039901733398
D172R:P212A,-8.123733520507812
D172R:H199C,-13.14841079711914
D172R:F177E,-20.19318962097168
D172Y:T211G,-9.503103256225586
D172P:T211Y,-6.8408002853393555
D172P:T211L,-5.046374320983887
D172R:F177G,-18.870182037353516
D172E:K195G,-11.883289337158203
D172E:G196E,-15.768112182617188
D172G:T211D,-13.053200721740723
D172G:N214G,-10.93575668334961
D172G:T211N,-11.368634223937988
D172G:Y209R,-7.0257439613342285
D172G:W194L,-10.393074989318848
D172G:W194S,-17.677595138549805
D172G:Y209F,-9.772324562072754
D172G:Y209P,-18.3383731842041
D172K:Y209G,-12.49024772644043
D172P:G196W,-16.157276153564453
D172P:F177G,-16.427785873413086
G173E:W194L,-10.668384552001953
G173E:W194G,-18.316116333007812
G173F:D190T,-15.649523735046387
G173F:K195E,-13.322957992553711
G173S:G180N,-13.788122177124023
G173W:H199C,-13.229459762573242
G173L:G200K,-16.83208465576172
G173L:D181L,-22.414608001708984
G173A:P212Y,-13.14389705657959
G173A:R179C,-13.665319442749023
G173A:R179W,-19.892362594604492
G173L:G200S,-16.225223541259766
G173L:H199W,-17.900497436523438
G173L:K195R,-12.906757354736328
G173W:G196E,-18.661191940307617
G173T:T211N,-10.971879959106445
G173T:R179E,-8.085796356201172
G173W:D181V,-19.024890899658203
G173W:W194G,-17.010046005249023
G173W:T211L,-7.569818496704102
G173W:T211V,-7.439542770385742
G173W:W194A,-15.967525482177734
G173W:Y209A,-9.560237884521484
G173W:Y209G,-14.032039642333984
G173W:Y209M,-7.06149959564209
G173L:Y209F,-12.26724624633789
G173L:Y209G,-17.557723999023438
G173T:H199V,-17.96320152282715
G173S:H199P,-18.41724395751953
G173S:G180L,-16.439584732055664
G173L:P212Q,-11.323923110961914
G173P:Y209S,-18.628923416137695
G173N:R179E,-6.464860916137695
G173N:G200A,-13.467941284179688
G173P:W194I,-17.26180648803711
G173T:F177Y,-16.440872192382812
G173P:T211G,-14.470608711242676
G173L:P212V,-11.14177131652832
G173L:R179S,-13.331371307373047
G173L:R179W,-20.754344940185547
G173P:T211N,-17.88433265686035
G173T:D181E,-11.416834831237793
G173S:Y209G,-14.214137077331543
G173E:P212G,-9.57585620880127
G173D:D190G,-11.863675117492676
G173A:W194L,-12.026016235351562
G173C:P212D,-6.943531513214111
G173C:W194R,-17.572608947753906
G173A:D181L,-21.552627563476562
G173A:G196I,-23.304492950439453
G173A:G200A,-17.118572235107422
G173A:G200W,-18.852798461914062
G173A:H199C,-15.893160820007324
G173A:T211V,-10.10324478149414
G173D:Y209E,-15.59688949584961
G173E:D181C,-18.63048553466797
G173R:F177Y,-17.051416397094727
G173R:G196W,-19.925270080566406
G173R:H199R,-9.864931106567383
G173S:D190E,-12.331260681152344
G173S:T211L,-7.751915454864502
G173S:T211V,-7.621639728546143
G173S:W194G,-17.192142486572266
G173R:D181W,-14.635517120361328
G173R:R179E,-8.696340560913086
G173R:R179V,-10.357105255126953
G173R:Y209P,-18.552162170410156
G173R:Y209A,-10.804788589477539
G173R:Y209G,-15.276590347290039
G173R:T211S,-10.058324813842773
G173R:T211L,-8.814369201660156
E174R:R179E,-2.7974205017089844
E174R:R179Q,-3.184818983078003
E174S:Y209G,-13.62402629852295
E174T:D181G,-17.702537536621094
E174T:D181H,-13.00738525390625
E174T:D181R,-18.819698333740234
E174S:W194L,-8.954299926757812
E174S:D181N,-13.398835182189941
E174S:D181E,-10.374814987182617
E174T:K195T,-10.615019798278809
E174T:P212S,-7.050827980041504
E174S:R179S,-9.397674560546875
E174S:R179W,-16.820648193359375
E174T:N214L,-10.15808391571045
E174R:T211G,-2.2697806358337402
E174R:W194S,-11.992465019226074
E174R:W194V,-7.205502510070801
E174R:Y209A,-4.905867576599121
E174R:Y209G,-9.377670288085938
E174R:Y209H,-3.6071548461914062
E174R:Y209M,-2.407130002975464
E174R:Y209R,-1.340613603591919
E174R:Y209S,-6.428094863891602
E174R:P212Y,-5.8258256912231445
E174R:Y209T,-7.31458854675293
E174R:K195Q,-5.709074020385742
E174R:K195G,-10.12199878692627
E174R:G200D,-7.160366058349609
E174R:G200E,-8.283088684082031
E174R:G200K,-8.652030944824219
E174R:G200Q,-8.784774780273438
E174R:G200W,-11.5347261428833
E174R:H199L,-9.258066177368164
E174R:H199R,-3.966010808944702
E174R:N214W,-8.193331718444824
E174K:D181A,-9.447738647460938
E174K:Y209E,-10.045552253723145
E174D:T211R,-1.113173484802246
E174D:Y209R,-2.2318170070648193
E174I:W194D,-17.650733947753906
E174I:P212C,-9.205266952514648
E174K:Y209A,-3.502365827560425
E174K:R179E,-1.393918514251709
E174K:W194D,-12.881072998046875
E174K:W194G,-10.952174186706543
E174K:W194V,-5.802000999450684
E174A:K195E,-10.041402816772461
E174A:Y209M,-5.871007442474365
E174A:Y209G,-12.841547966003418
E174V:G196W,-17.00652503967285
E174V:D190E,-10.474967956542969
E174V:Y209R,-4.32078742980957
E174V:Y209H,-6.587328910827637
E174A:R179F,-13.450115203857422
E174C:G196Y,-18.39130210876465
E174A:H199R,-7.4298882484436035
E174V:P212G,-6.595589637756348
E174V:Y209G,-12.357844352722168
E174V:T211G,-5.249954700469971
E174A:G180C,-16.04262924194336
E174A:G180L,-15.066995620727539
E174A:G180R,-15.271035194396973
E174A:G180T,-17.099178314208984
E174A:Y209E,-14.912931442260742
E174A:Y209A,-8.369745254516602
E174A:Y209C,-7.236732482910156
E174A:T211D,-10.831947326660156
E174A:W194G,-15.81955337524414
E174V:D181G,-16.605653762817383
E174A:G196E,-17.470699310302734
E174V:Y209T,-10.29476261138916
E174T:Y209G,-13.454728126525879
E174V:G200S,-11.025345802307129
E174V:H199M,-12.1901216506958
E174V:G200H,-11.672080039978027
E174V:G180L,-14.583292007446289
E174V:K195S,-10.614603996276855
E174C:K195G,-12.962239265441895
E174C:H199S,-10.791596412658691
E174S:K195R,-8.973060607910156
E174C:W194G,-15.195916175842285
E174N:R179E,-6.587587356567383
E174P:D181V,-26.38674545288086
E174M:D190E,-3.3455429077148438
E174M:G180L,-7.453866958618164
E174M:G196W,-9.87709903717041
E174M:T211R,3.927281141281128
E174S:P212S,-7.220126152038574
E174S:D190A,-12.36014175415039
E174S:D190F,-16.154434204101562
E174S:G180L,-15.84947395324707
E174S:G180R,-16.053512573242188
E174M:W194V,-3.0562515258789062
E174M:Y209C,0.37639641761779785
E174M:Y209G,-5.228419303894043
E174M:Y209R,2.8086376190185547
E174P:G196E,-26.02304458618164
E174N:G200Q,-12.574941635131836
E174R:G180A,-12.074851989746094
E174R:G180Y,-10.675427436828613
E174P:N214P,-17.39082908630371
E174P:P212A,-15.56663703918457
E174P:P212I,-16.20687484741211
E174P:P212L,-16.35810089111328
E174P:P212N,-14.773819923400879
E174P:G200C,-23.038551330566406
E174P:H199E,-20.388591766357422
E174P:H199F,-21.662668228149414
E174A:D181V,-17.834400177001953
E174P:K195G,-22.138221740722656
E174P:K195R,-16.742929458618164
E174P:G196S,-26.78506851196289
E174P:W194S,-24.008689880371094
E174P:Y209P,-24.669466018676758
E174R:D190W,-11.508652687072754
E174R:D181V,-14.370521545410156
E174R:D181G,-13.625478744506836
E174R:D181A,-10.851240158081055
F177S:S189F,-21.901580810546875
F177S:H199C,-18.963871002197266
F177S:K195R,-15.115488052368164
F177T:K195G,-22.448795318603516
F177T:K195D,-25.126972198486328
F177T:H199W,-22.0472412109375
F177T:G196W,-26.353145599365234
F177V:G200S,-18.275054931640625
F177V:H199V,-22.904708862304688
F177V:G196E,-24.236705780029297
F177V:G196N,-24.99829864501953
F177V:G196W,-24.25623321533203
F177V:G196I,-26.216304779052734
F177V:G200W,-21.764610290527344
F177S:P212C,-16.227890014648438
F177S:P212F,-16.14296531677246
F177S:P212S,-13.362552642822266
F177S:N214V,-15.970609664916992
F177S:N214R,-15.821889877319336
F177S:N214A,-15.887405395507812
F177W:P212C,-19.098705291748047
F177W:P212A,-16.81001091003418
F177W:P212G,-16.87501335144043
F177W:P212H,-18.149036407470703
F177W:P212L,-17.60147476196289
F177W:N214A,-18.758220672607422
F177W:N214S,-17.557573318481445
F177W:H199R,-17.225608825683594
F177S:Y209T,-17.703371047973633
F177S:Y209R,-11.729395866394043
F177S:Y209M,-12.79591178894043
F177S:T211M,-13.21827507019043
F177S:T211S,-14.548187255859375
F177S:W194A,-21.70193862915039
F177S:W194V,-17.594284057617188
F177S:Y209A,-15.294650077819824
F177S:Y209C,-14.161637306213379
F177S:Y209E,-21.83783721923828
F177S:Y209F,-14.47597599029541
F177S:Y209G,-19.76645278930664
F177W:K195G,-23.381595611572266
F177W:G196E,-27.26641845703125
F177W:G196W,-27.285947799682617
F177W:G200C,-24.281925201416016
F177W:G196A,-27.255447387695312
F177W:G200E,-21.542686462402344
F177W:G200K,-21.91162872314453
F177W:G200W,-24.794322967529297
F177W:G200H,-21.95150375366211
F177V:K195R,-14.956588745117188
F177W:Y209M,-15.666727066040039
F177W:Y209Q,-20.557100296020508
F177W:Y209R,-14.600211143493652
F177W:Y209S,-19.687692642211914
F177H:N214V,-18.372570037841797
F177W:T211E,-16.55655860900879
F177W:T211G,-15.529377937316895
F177W:T211K,-13.362417221069336
F177W:T211L,-16.175046920776367
F177Y:P212G,-13.230198860168457
F177Y:K195G,-19.73678207397461
F177W:Y209A,-18.16546630859375
F177W:W194S,-25.252063751220703
F177W:W194R,-25.178495407104492
F177W:W194I,-18.320575714111328
F177W:W194G,-25.615272521972656
F177W:W194D,-27.544172286987305
F177W:Y209C,-17.032451629638672
F177W:Y209F,-17.346792221069336
F177W:Y209G,-22.63726806640625
F177V:K195G,-20.351882934570312
F177T:Y209A,-17.232662200927734
F177T:Y209G,-21.704465866088867
F177T:Y209R,-13.66740894317627
F177T:W194L,-17.034740447998047
F177V:D190E,-17.72467803955078
F177V:D190G,-17.945722579956055
F177T:W194G,-24.682472229003906
F177I:H199E,-17.072662353515625
F177T:T211R,-12.548765182495117
F177T:N214G,-17.577423095703125
F177T:N214L,-18.407821655273438
F177T:P212M,-17.11852264404297
F177H:T211G,-15.060522079467773
F177Y:Y209R,-10.95539665222168
F177H:G200K,-21.442771911621094
F177H:K195G,-22.91274070739746
F177Y:Y209G,-18.992454528808594
F177Y:W194Y,-17.896005630493164
F177I:G196W,-22.726642608642578
F177I:G200C,-19.72262191772461
F177H:W194P,-22.954692840576172
F177H:W194G,-25.14641761779785
F177Y:T211S,-13.774187088012695
F177Y:T211A,-12.290397644042969
F177I:K195S,-16.33472442626953
F177I:K195E,-15.27781867980957
F177Y:Y209C,-13.387638092041016
F177C:K195M,-15.675745010375977
F177C:H199L,-18.55685043334961
F177C:Y209E,-20.74783706665039
F177C:Y209G,-18.67645263671875
F177C:P212K,-13.649284362792969
F177C:P212F,-15.052967071533203
F177D:P212C,-20.787094116210938
F177C:Y209R,-10.639396667480469
F177D:P212H,-19.837425231933594
F177C:Y209S,-15.72687816619873
F177D:N214D,-18.745391845703125
F177C:T211W,-13.399625778198242
F177K:H199C,-22.029239654541016
F177K:H199V,-26.128976821899414
F177K:K195E,-20.031675338745117
F177K:K195G,-23.576148986816406
F177K:N214G,-18.704776763916016
F177K:N214K,-17.940832138061523
F177K:N214L,-19.53517723083496
F177K:P212L,-17.79602813720703
F177K:K195R,-18.180856704711914
F177K:K195S,-21.088581085205078
F177C:R179V,-13.75696849822998
F177A:Y209S,-16.008747100830078
F177A:Y209R,-10.921266555786133
F177C:G196A,-23.294631958007812
F177C:G196Y,-24.84984588623047
F177C:G200A,-19.099285125732422
F177C:G200K,-17.95081329345703
F177A:Y209F,-13.6678466796875
F177A:Y209K,-9.970102310180664
F177A:N214A,-15.079276084899902
F177A:W194A,-20.893810272216797
F177A:Y209A,-14.486520767211914
F177A:Y209C,-13.353507995605469
F177C:G200W,-20.83350944519043
F177A:T211A,-12.256267547607422
F177A:T211R,-9.80262279510498
F177A:T211P,-21.440969467163086
F177A:T211G,-11.850433349609375
F177C:G200S,-17.34395408630371
F177C:D190F,-21.206863403320312
F177D:K195E,-21.5255126953125
F177A:P212C,-15.419759750366211
F177D:K195T,-21.485950469970703
F177A:N214R,-15.013760566711426
F177V:W194A,-21.543039321899414
F177V:W194F,-17.98607063293457
F177V:W194L,-14.937828063964844
F177V:W194Q,-23.01512908935547
F177V:Y209A,-15.135750770568848
F177V:Y209C,-14.002737998962402
F177V:W194G,-22.585559844970703
F177V:Y209K,-10.619332313537598
F177V:Y209G,-19.607553482055664
F177V:Y209F,-14.317076683044434
F177V:T211G,-12.499663352966309
F177V:T211V,-13.015056610107422
F177K:Y209G,-22.83182144165039
F177L:D190R,-15.71525764465332
F177L:D181G,-21.411914825439453
F177L:D190G,-15.502276420593262
F177K:W194T,-25.5819149017334
F177L:D190F,-19.694515228271484
F177K:Y209M,-15.86128044128418
F177K:Y209Q,-20.75165367126465
F177K:Y209S,-19.882246017456055
F177K:W194V,-20.659652709960938
F177W:D190P,-25.323034286499023
F177W:D190G,-20.97543716430664
F177W:D190F,-25.16767692565918
F177V:P212A,-13.780296325683594
F177V:P212E,-10.595433235168457
F177V:P212L,-14.571760177612305
F177V:Y209R,-11.570496559143066
F177V:Y209S,-16.657978057861328
F177K:G200S,-21.49932289123535
F177K:G200W,-24.988876342773438
F177K:G200Y,-24.267148971557617
F177A:G200Y,-20.39365005493164
F177K:D181E,-19.582611083984375
F177K:D190G,-21.16999053955078
F177A:G200S,-17.625823974609375
F177I:W194A,-20.013450622558594
F177I:Y209A,-13.606161117553711
F177I:Y209G,-18.077964782714844
F177I:Y209R,-10.04090690612793
F177I:T211H,-11.78515625
F177I:N214W,-16.893625259399414
F177I:P212W,-15.794046401977539
F177K:W194G,-25.809825897216797
F177K:T211G,-15.723931312561035
F177K:T211H,-16.53901481628418
F177K:T211V,-16.23932456970215
F177A:G200Q,-18.365428924560547
F177A:H199R,-13.546663284301758
F177A:D181A,-20.43189239501953
F177A:D190G,-17.296493530273438
F177A:D190V,-21.738384246826172
F177A:G200A,-19.381153106689453
F177A:G200E,-17.86374282836914
F177A:G200K,-18.232685089111328
F177A:K195G,-19.702651977539062
F177A:K195R,-14.307357788085938
F177A:H199P,-23.16143035888672
F177Q:T211L,-16.600587844848633
F177Q:W194M,-20.52729606628418
F177Q:Y209A,-18.591007232666016
F177R:G180A,-25.456031799316406
F177R:G196W,-27.40753173828125
F177R:G200E,-21.664268493652344
F177Q:Y209R,-15.025752067565918
F177R:G200D,-20.541545867919922
F177Q:Y209I,-18.493877410888672
F177Q:Y209M,-16.092267990112305
F177Q:Y209Q,-20.982641220092773
F177S:D190E,-17.883575439453125
F177S:G200S,-18.4339542388916
F177R:W194G,-25.73685646057129
F177R:W194M,-20.223337173461914
F177R:Y209C,-17.154035568237305
F177R:D190A,-21.494966506958008
F177R:D190G,-21.09701919555664
F177R:D190I,-26.963436126708984
F177R:Y209F,-17.468374252319336
F177R:Y209G,-22.75885009765625
F177R:Y209K,-13.7706298828125
F177R:Y209M,-15.788311004638672
F177R:Y209N,-21.435367584228516
F177R:Y209R,-14.721794128417969
F177R:Y209S,-19.809276580810547
F177R:Y209T,-20.695770263671875
F177R:W194R,-25.300079345703125
F177G:G200Y,-23.572147369384766
F177G:G200W,-24.293874740600586
F177G:G196W,-26.785499572753906
F177G:G200A,-22.559650421142578
F177G:G196K,-27.21859359741211
F177G:G200E,-21.042236328125
F177G:G196E,-26.76597023010254
F177E:T211R,-14.304125785827637
F177G:G200K,-21.411178588867188
F177G:G196A,-26.75499725341797
F177E:T211W,-18.182998657226562
F177G:G180R,-24.566307067871094
F177G:G200S,-20.804319381713867
F177G:G200Q,-21.543922424316406
F177G:G200P,-26.68319320678711
F177G:G180A,-24.833999633789062
F177G:G180E,-24.274398803710938
F177R:K195R,-18.107885360717773
F177R:K195Y,-19.32101058959961
F177R:K195G,-23.5031795501709
F177G:D181G,-26.384628295898438
F177R:H199V,-26.056007385253906
F177R:H199K,-17.588899612426758
F177R:H199R,-17.347190856933594
F177E:Y209C,-17.855010986328125
F177E:Y209G,-23.459827423095703
F177E:Y209R,-15.422769546508789
F177E:Y209S,-20.510250091552734
F177E:Y209E,-25.53120994567871
F177G:D190A,-20.872934341430664
F177G:D190E,-20.253942489624023
F177G:D190G,-20.474987030029297
F177G:D190R,-20.687969207763672
F177G:D190T,-21.663238525390625
F177G:D190V,-24.91687774658203
F177G:D190W,-24.26780128479004
F177E:T211K,-14.184976577758789
F177S:D190V,-22.546512603759766
F177P:Y209K,-15.530632972717285
F177Q:D190G,-21.400978088378906
F177Q:P212S,-16.65890884399414
F177M:W194G,-21.32183837890625
F177M:W194H,-21.64804458618164
F177N:D190A,-22.102102279663086
F177Q:G196S,-28.453983306884766
F177Q:G200W,-25.219863891601562
F177M:T211H,-12.051025390625
F177M:T211L,-11.881610870361328
F177P:K195G,-25.26318359375
F177P:K195R,-19.867889404296875
F177P:K195S,-22.77561378479004
F177N:Y209R,-15.328929901123047
F177N:Y209G,-23.365985870361328
F177N:Y209A,-18.894184112548828
F177N:T211R,-14.210286140441895
F177N:W194G,-26.343992233276367
F177N:W194M,-20.830472946166992
F177N:K195R,-18.71502113342285
F177N:H199Y,-22.288583755493164
F177R:T211K,-13.484001159667969
F177R:P212V,-16.342899322509766
F177R:P212L,-17.72305679321289
F177R:P212H,-18.270618438720703
F177R:T211R,-13.603150367736816
F177R:T211S,-17.540584564208984
F177R:T211V,-16.166353225708008
F177R:N214T,-17.674755096435547
F177R:P212G,-16.996597290039062
F177N:G196E,-27.99513816833496
F177N:G196W,-28.014667510986328
F177N:G196A,-27.98416519165039
F177M:P212C,-14.805269241333008
F177M:P212H,-13.855600357055664
F177M:P212S,-11.939932823181152
F177N:N214F,-21.218971252441406
F177N:P212N,-16.745912551879883
F177G:Y209G,-22.136817932128906
F177G:Y209I,-17.567888259887695
F177G:Y209K,-13.148597717285156
F177G:Y209M,-15.166278839111328
F177G:Y209N,-20.813335418701172
F177G:Y209F,-16.846342086791992
F177G:Y209P,-25.412391662597656
F177G:T211E,-16.056110382080078
F177G:T211G,-15.028928756713867
F177G:Y209Q,-20.056652069091797
F177G:Y209C,-16.53200340270996
F177G:Y209A,-17.665016174316406
F177G:W194S,-24.75161361694336
F177G:T211C,-16.969524383544922
F177G:W194G,-25.114824295043945
F177G:W194R,-24.67804718017578
F177L:H199N,-10.87791633605957
F177L:H199R,-11.752447128295898
F177L:K195D,-20.586612701416016
F177L:K195E,-14.363962173461914
F177L:K195G,-17.908435821533203
F177L:H199S,-15.73779296875
F177G:T211H,-15.844011306762695
F177L:K195R,-12.513141632080078
F177L:P212A,-11.3368501663208
F177G:S189A,-20.613876342773438
F177G:T211K,-12.861968994140625
F177G:T211M,-15.588641166687012
F177G:P212A,-16.30956268310547
F177G:P212G,-16.37456512451172
F177G:P212I,-16.949798583984375
F177G:P212L,-17.101024627685547
F177G:P212N,-15.516744613647461
F177G:P212Q,-15.903018951416016
F177G:P212S,-15.732918739318848
F177G:P212V,-15.720867156982422
F177G:P212K,-17.109649658203125
F177G:N214E,-16.399377822875977
F177G:N214G,-18.009775161743164
F177G:N214L,-18.84017562866211
F177G:N214R,-18.192256927490234
F177G:N214W,-20.95248031616211
F177G:Y209S,-19.187244415283203
F177Y:N214R,-15.047890663146973
F177E:G196S,-28.85099983215332
F177G:P212Y,-18.58497428894043
F177G:K195S,-20.393577575683594
F177G:T211W,-16.8599910736084
F177G:Y209R,-14.099761962890625
F177G:P212W,-19.852901458740234
F177G:T211N,-18.442651748657227
F177G:T211P,-24.619464874267578
F177G:T211Q,-13.417537689208984
F177G:T211R,-12.981118202209473
F177G:T211S,-16.91855239868164
F177G:T211V,-15.544321060180664
F177G:T211Y,-17.469022750854492
F177G:T211L,-15.674596786499023
F177G:T211I,-15.965950965881348
F177E:T211N,-19.76565933227539
F177E:T211A,-16.757770538330078
F177E:P212G,-17.69757080078125
F177L:T211W,-11.887279510498047
F177L:W194P,-17.95038604736328
F177L:W194Q,-20.57168197631836
F177L:S189F,-19.299236297607422
F177L:P212S,-10.760207176208496
F177L:W194E,-21.386083602905273
F177L:T211V,-10.571609497070312
F177G:H199Q,-19.207792282104492
F177E:K195G,-24.20415496826172
F177D:T211P,-26.808303833007812
F177E:G200A,-23.88265609741211
F177E:G200W,-25.61688232421875
F177D:Y209A,-19.85385513305664
F177D:Y209E,-26.39704132080078
F177D:Y209M,-17.355117797851562
F177E:D190G,-21.797996520996094
F177M:D190V,-21.12389373779297
F177M:D190Y,-18.632686614990234
F177L:G200Q,-16.571212768554688
F177G:H199K,-16.966867446899414
F177L:P212K,-12.136938095092773
F177L:G200E,-16.06952667236328
F177L:G200F,-19.21857452392578
F177L:G200I,-22.246166229248047
F177G:K195Q,-18.468223571777344
F177G:K195R,-17.48585319519043
F177G:K195M,-19.136110305786133
F177L:G196E,-21.793258666992188
F177L:G196S,-22.555280685424805
F177L:H199E,-16.15880584716797
F177G:K195G,-22.881147384643555
F177G:K195D,-25.559326171875
F177L:G196W,-21.812786102294922
F177L:H199C,-16.361526489257812
F177G:H199R,-16.72515869140625
F177G:H199T,-25.296207427978516
F177G:H199W,-22.479595184326172
F177M:D190R,-16.894983291625977
F177L:H199L,-17.04450225830078
F177L:W194S,-19.778902053833008
F177L:W194V,-14.991939544677734
F177L:W194Y,-16.067659378051758
F177L:R179W,-20.360729217529297
F177M:K195G,-19.08816146850586
F177L:Y209E,-19.235490798950195
F177L:Y209F,-11.87363052368164
F177L:Y209G,-17.164108276367188
F177L:Y209K,-8.175886154174805
F177L:Y209M,-10.193567276000977
F177L:Y209C,-11.55929183959961
F177L:Y209P,-20.439678192138672
F177L:P212L,-12.128314018249512
F177L:Y209R,-9.127050399780273
F177L:Y209A,-12.692304611206055
F177M:G200A,-18.76666259765625
F177M:G196E,-22.972984313964844
R179W:G180F,-22.017009735107422
R179W:N214W,-19.229909896850586
R179W:N214V,-16.618406295776367
R179W:N214S,-15.334555625915527
R179W:N214R,-16.46968650817871
R179W:N214G,-16.28720474243164
R179W:N214F,-18.267234802246094
R179W:N214E,-14.67680835723877
R179W:P212F,-16.790761947631836
R179W:P212E,-11.402129173278809
R179W:P212D,-12.326400756835938
R179W:P212C,-16.875686645507812
R179W:P212A,-14.586992263793945
R179W:N214C,-18.146562576293945
R179V:T211F,-8.267711639404297
R179V:T211E,-6.217433929443359
R179V:T211C,-7.1308488845825195
R179W:H199R,-15.00259017944336
R179W:H199P,-24.617355346679688
R179W:H199M,-20.24652671813965
R179W:H199L,-20.294645309448242
R179W:H199K,-15.24429702758789
R179W:H199I,-24.89222526550293
R179W:H199E,-19.408946990966797
R179W:K195D,-23.836755752563477
R179W:K195E,-17.614103317260742
R179W:H199S,-18.987934112548828
R179W:K195H,-17.058578491210938
R179W:K195T,-17.574541091918945
R179W:K195S,-18.671009063720703
R179W:K195R,-15.763284683227539
R179W:H199T,-23.573638916015625
R179W:H199W,-20.75702476501465
R179W:H199V,-23.71140480041504
R179V:P212S,-5.894243240356445
R179V:P212T,-6.188423156738281
R179W:K195Q,-16.74565315246582
R179W:G200W,-22.571304321289062
R179W:G200S,-19.081750869750977
R179W:G200Q,-19.821353912353516
R179W:K195M,-17.413541793823242
R179W:K195G,-21.15857696533203
R179W:G200K,-19.688610076904297
R179W:G200E,-19.31966781616211
R179W:G200C,-22.05890655517578
R179W:G200A,-20.837080001831055
R179W:G196W,-25.062929153442383
R179W:G196S,-25.805423736572266
R179W:G196I,-27.023000717163086
R179W:G196E,-25.043399810791016
R179W:G196D,-25.11886978149414
R179W:G196A,-25.032428741455078
R179V:T211G,-5.190253257751465
R179V:Y209S,-9.348567962646484
R179V:T211K,-3.0232927799224854
R179V:Y209T,-10.235061645507812
R179V:Y209R,-4.261086463928223
R179V:Y209P,-15.573715209960938
R179V:Y209M,-5.327602386474609
R179V:Y209K,-3.3099215030670166
R179V:Y209H,-6.527627468109131
R179W:D190P,-23.10001564025879
R179V:Y209G,-12.29814338684082
R179V:Y209F,-7.00766658782959
R179V:Y209E,-14.369526863098145
R179V:Y209D,-15.551140785217285
R179V:Y209C,-6.6933274269104
R179V:Y209I,-7.729212760925293
R179V:Y209A,-7.826340675354004
R179V:W194R,-14.839370727539062
R179V:W194P,-13.084423065185547
R179V:W194K,-16.301998138427734
R179V:W194G,-15.276148796081543
R179V:W194E,-16.520118713378906
R179V:W194V,-10.125975608825684
R179W:D190R,-18.96540069580078
R179T:G200A,-12.607468605041504
R179T:G180A,-14.881819725036621
R179T:G200E,-11.090056419372559
R179T:D190N,-7.738834381103516
R179T:G200W,-14.341693878173828
R179T:D190A,-10.920753479003906
R179T:G196A,-16.80281639099121
R179V:T211I,-6.127275466918945
R179W:D190V,-23.19430923461914
R179V:P212V,-5.8821916580200195
R179V:T211L,-5.835921287536621
R179V:T211V,-5.705645561218262
R179V:T211S,-7.079876899719238
R179V:T211Q,-3.578862428665161
R179V:T211P,-14.780789375305176
R179V:T211N,-8.603976249694824
R179V:T211M,-5.749965667724609
R179W:D190W,-22.545230865478516
R179W:D190F,-22.944658279418945
R179W:D190G,-18.752418518066406
R179W:D181G,-24.662057876586914
R179W:D190A,-19.15036392211914
R179V:N214C,-10.03045654296875
R179V:N214A,-8.419095993041992
R179V:N214F,-10.151127815246582
R179V:P212K,-7.270973205566406
R179V:P212G,-6.535888671875
R179V:P212E,-3.286022901535034
R179V:P212C,-8.7595796585083
R179V:P212A,-6.47088623046875
R179V:N214G,-8.171099662780762
R179V:N214S,-7.218449115753174
R179V:N214K,-7.407153129577637
R179E:T211V,-4.0448808670043945
R179E:T211S,-5.419112205505371
R179E:T211N,-6.943211555480957
R179E:W194T,-13.387472152709961
R179E:P212L,-5.601585388183594
R179E:P212G,-4.875123977661133
R179E:P212V,-4.221426963806152
R179E:T211F,-6.60694694519043
R179E:T211G,-3.5294885635375977
R179E:T211K,-1.3625280857086182
R179E:T211M,-4.089200973510742
R179E:W194P,-11.42365837097168
R179E:W194L,-5.967652320861816
R179E:W194G,-13.615384101867676
R179E:W194E,-14.859354972839355
R179E:W194A,-12.572864532470703
R179E:W194D,-15.544282913208008
R179W:P212I,-15.227230072021484
R179E:N214V,-6.841535568237305
R179E:N214S,-5.557684421539307
R179E:N214K,-5.7463884353637695
R179V:P212L,-7.262350082397461
R179Q:T211D,-9.015176773071289
R179Q:P212G,-5.262522220611572
R179Q:P212I,-5.837757110595703
R179Q:P212L,-5.988983631134033
R179Q:P212S,-4.620877265930176
R179Q:P212C,-7.486213684082031
R179S:H199Y,-11.913873672485352
R179S:H199L,-12.871673583984375
R179S:G200W,-15.148332595825195
R179Q:T211H,-4.731969833374023
R179Q:T211L,-4.562555313110352
R179Q:T211M,-4.476599216461182
R179Q:T211S,-5.806510925292969
R179Q:T211G,-3.9168872833251953
R179S:K195G,-13.735605239868164
R179Q:N214S,-5.945082664489746
R179Q:N214L,-7.728132724761963
R179S:D190A,-11.727392196655273
R179S:D190R,-11.542428016662598
R179S:G200Q,-12.398382186889648
R179Q:Y209S,-8.075201034545898
R179Q:Y209P,-14.300348281860352
R179S:G196S,-18.382450103759766
R179S:G196W,-17.639957427978516
R179S:G200A,-13.414108276367188
R179S:G200E,-11.896696090698242
R179Q:Y209R,-2.987720012664795
R179Q:W194F,-9.40329360961914
R179Q:W194M,-8.489263534545898
R179Q:W194T,-13.774869918823242
R179Q:W194V,-8.852609634399414
R179Q:Y209A,-6.552974224090576
R179Q:Y209C,-5.419960975646973
R179Q:Y209F,-5.73430061340332
R179Q:Y209G,-11.024776458740234
R179S:G200K,-12.26563835144043
R179Q:Y209I,-6.455846309661865
R179W:P212S,-14.01034927368164
R179W:P212V,-13.998298645019531
R179W:P212W,-18.13033103942871
R179W:P212Y,-16.862403869628906
R179W:T211L,-13.952028274536133
R179W:T211K,-11.139398574829102
R179W:T211H,-14.121442794799805
R179W:T211A,-13.712193489074707
R179W:T211C,-15.246955871582031
R179W:T211E,-14.333539962768555
R179W:T211G,-13.30635929107666
R179W:T211F,-16.383817672729492
R179W:T211P,-22.896896362304688
R179W:T211Q,-11.694969177246094
R179W:T211R,-11.258548736572266
R179W:T211S,-15.19598388671875
R179W:T211V,-13.821752548217773
R179W:T211W,-15.137421607971191
R179W:T211Y,-15.746454238891602
R179W:T211M,-13.866071701049805
R179W:Y209T,-18.351167678833008
R179W:W194S,-23.02904510498047
R179W:W194N,-25.345550537109375
R179W:W194L,-15.744524002075195
R179W:Y209S,-17.46467399597168
R179W:Y209R,-12.377192497253418
R179W:Y209P,-23.689821243286133
R179W:P212M,-15.828306198120117
R179W:W194V,-18.242080688476562
R179W:W194Y,-19.31780242919922
R179W:Y209Q,-18.334081649780273
R179W:Y209A,-15.9424467086792
R179W:Y209D,-23.667247772216797
R179W:Y209E,-22.485633850097656
R179W:Y209F,-15.123772621154785
R179W:Y209G,-20.414249420166016
R179W:Y209H,-14.643733978271484
R179W:Y209I,-15.845318794250488
R179W:Y209K,-11.42602825164795
R179W:Y209M,-13.443708419799805
R179W:Y209N,-19.09076690673828
R179W:Y209C,-14.809433937072754
R179W:W194A,-22.349735260009766
R179W:W194G,-23.392253875732422
R179W:W194I,-16.097557067871094
R179W:W194M,-17.87873649597168
R179V:G200E,-11.203561782836914
R179V:G200A,-12.72097396850586
R179V:G196W,-16.946823120117188
R179V:G180A,-14.995325088500977
R179V:G180R,-14.727630615234375
R179V:G200S,-10.965643882751465
R179V:G200W,-14.455199241638184
R179V:G200K,-11.572504043579102
R179V:G196S,-17.689315795898438
R179V:H199E,-11.292841911315918
R179V:H199L,-12.178539276123047
R179V:H199M,-12.130420684814453
R179V:H199R,-6.886483192443848
R179V:H199W,-12.640918731689453
R179V:H199N,-6.011951446533203
R179V:D190Y,-12.586997985839844
R179V:K195E,-9.497997283935547
R179V:K195M,-9.29743480682373
R179V:K195R,-7.647177696228027
R179V:K195H,-8.942472457885742
R179V:K195G,-13.042471885681152
R179S:Y209S,-10.041702270507812
R179S:Y209R,-4.954220294952393
R179S:Y209P,-16.266849517822266
R179T:K195G,-12.928966522216797
R179T:N214L,-8.887993812561035
R179T:H199L,-12.065033912658691
R179T:H199M,-12.016915321350098
R179T:H199R,-6.772978782653809
R179T:H199V,-15.481793403625488
R179S:Y209T,-10.92819595336914
R179T:K195D,-15.607144355773926
R179T:H199Q,-9.25561237335205
R179S:W194F,-11.369794845581055
R179S:W194G,-15.969282150268555
R179S:W194R,-15.53250503540039
R179S:Y209A,-8.519474029541016
R179S:Y209G,-12.991277694702148
R179S:T211S,-7.773011207580566
R179S:T211Y,-8.323481559753418
R179S:N214E,-7.253836631774902
R179S:T211F,-8.960845947265625
R179S:N214L,-9.694633483886719
R179Q:H199E,-10.019475936889648
R179Q:G200A,-11.447607040405273
R179Q:G200F,-13.079244613647461
R179Q:G200P,-15.571151733398438
R179Q:K195G,-11.769105911254883
R179Q:H199V,-14.321931838989258
R179Q:H199W,-11.367551803588867
R179Q:G196E,-15.653928756713867
R179Q:G196W,-15.673456192016602
R179Q:H199L,-10.905172348022461
R179Q:H199Q,-8.09575080871582
R179Q:H199R,-5.613117218017578
R179T:W194F,-10.563155174255371
R179T:W194K,-16.188493728637695
R179T:T211F,-8.154207229614258
R179T:W194A,-14.120123863220215
R179T:P212G,-6.4223833084106445
R179T:P212S,-5.780738353729248
R179V:D190G,-10.636312484741211
R179Q:D190G,-9.362945556640625
R179Q:D190P,-13.710542678833008
R179W:P212G,-14.651994705200195
R179Q:G196D,-15.72939682006836
R179V:D190E,-10.415266990661621
R179T:Y209S,-9.235062599182129
R179V:D190R,-10.84929370880127
R179T:W194L,-7.5149126052856445
R179T:W194M,-9.649125099182129
R179T:W194S,-14.799432754516602
R179T:W194Y,-11.088190078735352
R179T:Y209A,-7.712835311889648
R179T:Y209G,-12.184638023376465
R179T:W194G,-15.162643432617188
R179T:Y209R,-4.147581100463867
R179T:Y209T,-10.121556282043457
R179T:Y209E,-14.256021499633789
R179W:P212L,-15.378456115722656
R179I:Y209H,-9.05643081665039
R179I:T211Y,-10.159151077270508
R179I:T211V,-8.23444938659668
R179H:G200S,-14.247294425964355
R179H:K195R,-10.928828239440918
R179H:K195M,-12.579085350036621
R179H:K195G,-16.324121475219727
R179H:W194G,-18.557798385620117
R179E:Y209T,-8.574296951293945
R179E:Y209S,-7.687803268432617
R179E:Y209R,-2.6003215312957764
R179E:Y209Q,-8.557210922241211
R179E:Y209P,-13.91295051574707
R179E:Y209M,-3.6668379306793213
R179E:Y209K,-1.6491568088531494
R179E:Y209H,-4.866862773895264
R179E:Y209G,-10.637378692626953
R179E:Y209F,-5.346901893615723
R179E:Y209E,-12.708762168884277
R179E:Y209C,-5.032562732696533
R179F:Y209M,-10.855655670166016
R179F:Y209H,-12.055680274963379
R179F:Y209G,-17.826194763183594
R179F:W194G,-20.804201126098633
R179F:T211S,-12.607929229736328
R179F:T211L,-11.363973617553711
R179F:K195R,-13.175230026245117
R179E:D190A,-9.373494148254395
R179F:P212L,-12.79040241241455
R179E:D190G,-8.975547790527344
R179E:D190P,-13.323144912719727
R179E:D190E,-8.754502296447754
R179E:H199W,-10.980154037475586
R179E:H199S,-9.211064338684082
R179E:G200K,-9.911739349365234
R179E:G200E,-9.542797088623047
R179E:G200A,-11.060209274291992
R179E:G196W,-15.28605842590332
R179E:H199Y,-9.559975624084473
R179E:G196E,-15.26653003692627
R179E:G200Q,-10.044483184814453
R179E:G200W,-12.794434547424316
R179E:N214G,-6.5103349685668945
R179E:T211E,-4.556669235229492
R179E:T211D,-8.627778053283691
R179E:D190R,-9.188529014587402
R179E:G200S,-9.304879188537598
R179E:H199R,-5.2257184982299805
R179E:H199E,-9.63207721710205
R179E:H199C,-9.834797859191895
R179E:K195E,-7.83723258972168
R179E:Y209A,-6.165575981140137
R179E:W194S,-13.25217342376709
R179E:K195R,-5.98641300201416
R179E:K195G,-11.381707191467285
R179E:W194V,-8.465210914611816
R179C:G200E,-13.09262466430664
R179C:G200A,-14.610036849975586
R179C:G196W,-18.835886001586914
R179C:G196A,-18.805383682250977
R179C:D190N,-9.741401672363281
R179E:D181V,-15.630229949951172
R179D:Y209Q,-14.714753150939941
R179D:Y209K,-7.806699275970459
R179D:T211V,-10.202423095703125
R179D:P212K,-11.767751693725586
R179D:N214M,-14.105737686157227
R179D:N214G,-12.667877197265625
R179E:T211H,-4.344571113586426
R179C:P212T,-8.077486038208008
R179C:P212N,-7.567131519317627
R179C:P212L,-9.151412963867188
R179C:P212G,-8.424951553344727
R179C:D190G,-12.525375366210938
R179C:D190E,-12.304328918457031
R179C:K195R,-9.536240577697754
R179C:K195G,-14.931533813476562
R179D:G200C,-18.439579010009766
R179D:D190G,-15.133090019226074
R179C:Y209S,-11.237630844116211
R179C:Y209P,-17.462778091430664
R179C:Y209K,-5.198984146118164
R179C:Y209G,-14.187206268310547
R179C:T211F,-10.156774520874023
R179C:Y209F,-8.896729469299316
R179C:Y209C,-8.582389831542969
R179C:W194N,-19.118507385253906
R179C:W194A,-16.122692108154297
R179C:T211Y,-9.519410133361816
R179C:T211V,-7.594708442687988
R179C:T211R,-5.031505584716797
R179C:T211A,-7.48514986038208
R179C:T211Q,-5.467925071716309
R179C:Y209A,-9.715402603149414
G180W:Y209K,-9.98202133178711
G180Y:H199C,-17.712804794311523
G180W:Y209S,-16.020668029785156
G180W:Y209P,-22.24581527709961
G180W:W194V,-16.79807472229004
G180W:T211G,-11.86235237121582
G180W:W194L,-14.300516128540039
G180W:W194E,-23.192218780517578
G180W:P212H,-14.482009887695312
G180W:P212N,-12.350168228149414
G180W:N214S,-13.890548706054688
G180W:K195Y,-15.532401084899902
G180W:K195Q,-15.30164623260498
G180W:K195G,-19.714570999145508
G180W:K195E,-16.17009735107422
G180W:H199R,-13.558582305908203
G180W:H199L,-18.85063934326172
G180W:G196Q,-24.924671173095703
G180V:Y209G,-22.741390228271484
G180V:Y209S,-19.79181480407715
G180V:Y209R,-14.704333305358887
G180V:Y209N,-21.41790771484375
G180V:Y209M,-15.770849227905273
G180V:W194R,-25.282617568969727
G180V:T211G,-15.633500099182129
G180V:T211R,-13.585689544677734
G180V:P212W,-20.45747184753418
G180V:P212T,-16.631669998168945
G180V:P212S,-16.33749008178711
G180V:P212A,-16.914133071899414
G180V:N214L,-19.444746017456055
G180V:D190S,-19.98633575439453
G180V:K195S,-20.998149871826172
G180V:K195R,-18.090425491333008
G180V:K195G,-23.4857177734375
G180V:K195E,-19.94124412536621
G180V:H199V,-26.038545608520508
G180V:H199T,-25.900779724121094
G180V:H199R,-17.329730987548828
G180V:Y209C,-17.136573791503906
G180V:G200K,-22.015750885009766
G180V:G200A,-23.164220809936523
G180V:G196N,-28.13213348388672
G180V:G200W,-24.89844512939453
G180V:D190G,-21.079559326171875
G180T:T211L,-15.013036727905273
G180T:T211H,-15.182451248168945
G180S:T211A,-12.883406639099121
G180S:W194G,-22.56346893310547
G180S:W194M,-17.049949645996094
G180T:K195H,-18.119586944580078
G180T:H199Y,-20.39785385131836
G180S:Y209E,-21.656845092773438
G180S:T211W,-14.308634757995605
G180S:T211P,-22.06810760498047
G180S:T211K,-10.310611724853516
G180S:T211C,-14.418169021606445
G180S:Y209S,-16.635887145996094
G180S:N214R,-15.640899658203125
G180S:G200A,-20.00829315185547
G180S:K195G,-20.329792022705078
G180S:G196W,-24.234142303466797
G180R:Y209G,-19.64711570739746
G180R:Y209H,-13.87660026550293
G180R:Y209E,-21.71849822998047
G180S:G196A,-24.20363998413086
G180R:Y209S,-16.697540283203125
G180R:Y209R,-11.610058784484863
G180R:Y209M,-12.67657470703125
G180R:Y209F,-14.35663890838623
G180R:T211R,-10.491415023803711
G180R:T211S,-14.428850173950195
G180R:W194L,-14.97739028930664
G180R:W194G,-22.6251220703125
G180R:T211H,-13.35430908203125
G180R:Y209C,-14.0423002243042
G180R:Y209A,-15.175312995910645
G180R:P212S,-13.243215560913086
G180R:P212Q,-13.413315773010254
G180R:N214G,-15.520071983337402
G180R:K195R,-14.996150970458984
G180R:K195G,-20.39144515991211
G180R:H199W,-19.989891052246094
G180R:G200W,-21.80417251586914
G180R:D190G,-17.98528480529785
G180Q:Y209C,-14.358235359191895
G180P:T211G,-12.487630844116211
G180Q:G200E,-18.86846923828125
G180Q:G196E,-24.592201232910156
G180P:S189A,-18.07257843017578
G180P:P212N,-12.975446701049805
G180P:P212A,-13.768263816833496
G180P:G200Q,-19.00262451171875
G180P:K195S,-17.852279663085938
G180P:K195R,-14.944555282592773
G180P:K195G,-20.3398494720459
G180N:Y209G,-16.791614532470703
G180M:Y209F,-13.046597480773926
G180M:Y209G,-18.337074279785156
G180M:W194I,-14.020381927490234
G180M:W194G,-21.315078735351562
G180N:K195R,-12.140647888183594
G180M:P212G,-12.574819564819336
G180M:K195E,-15.536928176879883
G180M:N214L,-15.040430068969727
G180L:Y209R,-11.40601921081543
G180M:G200E,-17.24249267578125
G180L:Y209I,-14.8741455078125
G180L:Y209G,-19.443077087402344
G180L:Y209C,-13.838260650634766
G180L:Y209A,-14.971273422241211
G180L:T211L,-12.980854034423828
G180L:T211G,-12.335186004638672
G180L:T211F,-15.41264533996582
G180L:N214A,-15.5640287399292
G180L:P212W,-17.15915870666504
G180N:H199L,-16.672008514404297
G180L:K195E,-16.64293098449707
G180L:H199Q,-16.514049530029297
G180L:H199N,-13.156885147094727
G180L:D190T,-18.969497680664062
G180L:G196K,-24.52484893798828
G180L:D190V,-22.22313690185547
G180K:P212L,-14.605868339538574
G180I:Y209S,-21.540660858154297
G180I:T211K,-15.215387344360352
G180H:Y209A,-13.543949127197266
G180H:T211R,-8.860051155090332
G180F:Y209R,-10.783332824707031
G180F:Y209G,-18.820388793945312
G180F:T211R,-9.664689064025879
G180F:P212G,-13.058135032653809
G180H:G200W,-20.172807693481445
G180F:N214G,-14.69334602355957
G180F:K195M,-15.819681167602539
G180F:K195G,-19.56471824645996
G180E:Y209F,-14.064732551574707
G180E:Y209M,-12.384668350219727
G180E:T211W,-14.078381538391113
G180E:Y209G,-19.355209350585938
G180E:K195G,-20.099536895751953
G180E:H199K,-14.185256958007812
G180E:G196W,-24.003889083862305
G180E:D190A,-18.091323852539062
G180C:T211M,-13.870532035827637
G180D:W194V,-15.415070533752441
G180D:W194T,-20.337331771850586
G180D:T211W,-12.310410499572754
G180D:T211C,-12.419944763183594
G180D:P212L,-12.551445007324219
G180D:K195M,-14.586530685424805
G180D:G196Y,-23.760629653930664
G180C:Y209S,-17.469135284423828
G180C:Y209R,-12.38165283203125
G180D:K195T,-14.747529983520508
G180C:K195G,-21.16303825378418
G180C:D190G,-18.756877899169922
G180C:G200E,-19.324127197265625
G180A:Y209R,-11.877753257751465
G180A:Y209P,-23.19038200378418
G180A:Y209M,-12.944269180297852
G180A:Y209K,-10.926589012145996
G180A:Y209G,-19.914810180664062
G180A:Y209F,-14.624333381652832
G180A:Y209E,-21.986194610595703
G180A:Y209A,-15.443007469177246
G180A:W194S,-22.529605865478516
G180C:G196S,-25.80988311767578
G180A:T211V,-13.32231330871582
G180A:T211S,-14.696544647216797
G180A:P212W,-17.630891799926758
G180A:P212V,-13.498859405517578
G180A:P212S,-13.510910034179688
G180A:P212L,-14.879016876220703
G180A:K195S,-18.17156982421875
G180A:K195R,-15.263845443725586
G180A:G200W,-22.07186508178711
G180A:K195G,-20.659137725830078
G180A:K195D,-23.337316513061523
G180C:K195R,-15.767744064331055
G180A:K195Q,-16.246213912963867
G180A:G196W,-24.56348991394043
G180A:D181A,-21.38838005065918
D181L:N214R,-18.12995147705078
D181A:D190S,-15.936144828796387
D181A:D190G,-17.029367446899414
D181A:G196W,-23.33987808227539
D181A:K195M,-15.69049072265625
D181A:H199R,-13.279539108276367
D181A:K195G,-19.435527801513672
D181A:N214R,-14.746635437011719
D181A:P212G,-12.928943634033203
D181A:W194E,-22.91317367553711
D181A:Y209A,-14.219395637512207
D181A:Y209E,-20.76258087158203
D181A:Y209G,-18.691198348999023
D181A:Y209M,-11.720657348632812
D181A:Y209R,-10.654141426086426
D181C:H199V,-23.807157516479492
D181C:K195R,-15.859037399291992
D181C:P212G,-14.747747421264648
D181C:Y209P,-23.785573959350586
D181C:T211S,-15.291736602783203
D181C:W194I,-16.193309783935547
D181C:Y209C,-14.905186653137207
D181C:Y209I,-15.941071510314941
D181C:T211R,-11.354301452636719
D181C:Y209M,-13.539461135864258
D181C:T211G,-13.402112007141113
D181E:G200A,-14.391247749328613
D181E:G200K,-13.242777824401855
D181E:G200P,-18.514793395996094
D181E:G200W,-16.125473022460938
D181E:P212S,-7.564517021179199
D181E:K195G,-14.712745666503906
D181E:K195Q,-10.299820899963379
D181E:K195S,-12.225176811218262
D181E:K195T,-11.128708839416504
D181E:K195E,-11.168272018432617
D181E:P212G,-8.206162452697754
D181E:N214L,-10.671772956848145
D181E:Y209S,-11.018841743469238
D181E:T211K,-4.693566799163818
D181E:T211S,-8.750150680541992
D181E:Y209C,-8.363601684570312
D181E:Y209F,-8.677940368652344
D181E:Y209G,-13.968417167663574
D181E:Y209K,-4.98019552230835
D181E:Y209M,-6.9978766441345215
D181E:Y209P,-17.243988037109375
D181E:Y209Q,-11.888249397277832
D181F:N214R,-16.23708724975586
D181F:G200S,-18.849151611328125
D181F:W194F,-18.56016731262207
D181F:W194G,-23.159656524658203
D181F:Y209A,-15.709847450256348
D181G:D190F,-23.995845794677734
D181G:D190G,-19.803606033325195
D181G:D190I,-25.670021057128906
D181G:D190R,-20.01658821105957
D181G:D190S,-18.710384368896484
D181G:D190V,-24.24549674987793
D181G:D190N,-17.019634246826172
D181G:G200E,-20.3708553314209
D181G:G196S,-26.856609344482422
D181G:G196W,-26.114116668701172
D181G:G200A,-21.888267517089844
D181G:G200C,-23.110095977783203
D181G:G200I,-26.547496795654297
D181G:G200K,-20.739797592163086
D181G:G200S,-20.132938385009766
D181G:H199I,-25.94341278076172
D181G:K195E,-18.66529083251953
D181G:H199F,-21.734210968017578
D181G:H199K,-16.29548454284668
D181G:H199L,-21.34583282470703
D181G:H199R,-16.05377769470215
D181G:H199W,-21.808212280273438
D181G:K195G,-22.209766387939453
D181G:K195Q,-17.79684066772461
D181G:K195S,-19.722196578979492
D181G:K195R,-16.814472198486328
D181G:N214P,-17.462371826171875
D181G:N214W,-20.281097412109375
D181G:N214R,-17.5208740234375
D181G:P212D,-13.377588272094727
D181G:P212G,-15.703182220458984
D181G:P212I,-16.278417587280273
D181G:P212L,-16.429643630981445
D181G:P212A,-15.638179779052734
D181G:T211F,-17.43500518798828
D181G:T211C,-16.29814338684082
D181L:N214L,-18.777870178222656
D181G:T211A,-14.763381004333496
D181G:Y209T,-19.402355194091797
D181G:T211H,-15.172630310058594
D181G:T211K,-12.19058609008789
D181G:T211L,-15.003215789794922
D181G:T211N,-17.771270751953125
D181G:T211R,-12.309736251831055
D181G:T211S,-16.24717140197754
D181G:T211V,-14.872940063476562
D181G:W194A,-23.400922775268555
D181G:W194F,-19.84395408630371
D181G:W194G,-24.443443298339844
D181G:W194I,-17.148744583129883
D181G:W194L,-16.795711517333984
D181G:W194R,-24.006664276123047
D181G:W194S,-24.080230712890625
D181G:Y209A,-16.993633270263672
D181G:Y209C,-15.860621452331543
D181G:Y209D,-24.718433380126953
D181G:Y209F,-16.17496109008789
D181G:Y209G,-21.465436935424805
D181G:Y209K,-12.477215766906738
D181G:Y209M,-14.494895935058594
D181G:Y209P,-24.741008758544922
D181G:Y209Q,-19.385269165039062
D181G:Y209R,-13.428380012512207
D181G:Y209S,-18.51586151123047
D181H:D190R,-15.321435928344727
D181H:N214M,-14.08110237121582
D181H:T211E,-10.689577102661133
D181H:Y209M,-9.799745559692383
D181I:G200E,-22.533950805664062
D181I:G200W,-25.785587310791016
D181I:H199K,-18.458580017089844
D181I:W194V,-21.456363677978516
D181I:N214T,-18.544437408447266
D181I:Y209K,-14.640311241149902
D181K:G196D,-26.79718017578125
D181K:G196S,-27.483734130859375
D181K:G200A,-22.515392303466797
D181K:G200C,-23.737220764160156
D181K:G200E,-20.99798011779785
D181K:P212S,-15.688661575317383
D181K:P212V,-15.676610946655273
D181K:Y209C,-16.48774528503418
D181K:Y209G,-22.092561721801758
D181K:W194V,-19.920394897460938
D181K:T211L,-15.630340576171875
D181K:Y209K,-13.104340553283691
D181L:D190G,-20.412683486938477
D181L:D190P,-24.76028060913086
D181L:D190R,-20.62566566467285
D181L:D190W,-24.20549774169922
D181K:W194C,-22.117286682128906
D181L:G196W,-26.723194122314453
D181L:G200E,-20.97993278503418
D181L:G196A,-26.692691802978516
D181L:G200W,-24.231571197509766
D181L:H199L,-21.954910278320312
D181L:H199R,-16.66285514831543
D181L:K195D,-25.497020721435547
D181L:N214H,-18.292234420776367
D181L:K195G,-22.818843841552734
D181L:H199S,-20.64820098876953
D181L:T211K,-12.799663543701172
D181L:Y209E,-24.145896911621094
D181L:Y209G,-22.074514389038086
D181L:Y209I,-17.505584716796875
D181L:Y209K,-13.08629322052002
D181L:Y209R,-14.037457466125488
D181L:Y209S,-19.12493896484375
D181L:Y209T,-20.011432647705078
D181L:W194E,-26.296489715576172
D181M:H199V,-21.366769790649414
D181M:K195M,-15.068906784057617
D181M:P212G,-12.30735969543457
D181M:T211V,-11.477117538452148
D181M:Y209C,-12.464798927307129
D181M:Y209F,-12.77913761138916
D181M:Y209G,-18.06961441040039
D181M:Y209R,-10.032557487487793
D181N:G196Q,-22.94686508178711
D181N:H199K,-11.822484970092773
D181N:P212G,-11.230182647705078
D181N:K195E,-14.192291259765625
D181N:Y209C,-11.387621879577637
D181P:K195G,-25.410255432128906
D181P:K195R,-20.01496124267578
D181P:P212L,-19.6301326751709
D181P:T211A,-17.963869094848633
D181P:W194H,-27.970136642456055
D181P:Y209A,-20.194122314453125
D181R:D190C,-22.14113426208496
D181R:D190S,-19.827545166015625
D181Q:N214K,-10.737447738647461
D181R:H199W,-22.925373077392578
D181R:D190G,-20.920766830444336
D181Q:Y209C,-10.023621559143066
D181Q:Y209M,-8.657896041870117
D181Q:Y209R,-7.5913801193237305
D181R:G200E,-21.48801612854004
D181R:G200S,-21.250099182128906
D181R:G200P,-27.12897300720215
D181R:H199R,-17.17093849182129
D181R:H199V,-25.87975311279297
D181R:K195E,-19.782451629638672
D181R:K195S,-20.839357376098633
D181R:N214L,-19.285953521728516
D181R:N214R,-18.63803482055664
D181R:P212A,-16.755340576171875
D181R:P212E,-13.570477485656738
D181R:T211A,-15.880541801452637
D181R:T211K,-13.307746887207031
D181R:T211R,-13.426897048950195
D181R:T211S,-17.36433219909668
D181R:Y209G,-22.582597732543945
D181R:Y209N,-21.259113311767578
D181R:Y209P,-25.858169555664062
D181R:Y209Q,-20.502429962158203
D181S:G200A,-19.126571655273438
D181Q:K195G,-16.372764587402344
D181S:K195G,-19.448070526123047
D181T:D190G,-17.959514617919922
D181S:W194F,-17.082258224487305
D181T:G196N,-25.012088775634766
D181T:G200W,-21.778400421142578
D181T:D190V,-22.401405334472656
D181T:K195G,-20.365673065185547
D181T:K195M,-16.620637893676758
D181T:K195Q,-15.952749252319336
D181T:K195T,-16.78163719177246
D181T:T211I,-13.450477600097656
D181T:W194Y,-18.524898529052734
D181T:Y209E,-21.692729949951172
D181T:Y209F,-14.3308687210083
D181T:Y209G,-19.62134552001953
D181T:Y209T,-17.558263778686523
D181V:D190A,-20.94659423828125
D181V:D190V,-24.99053955078125
D181V:D190Y,-22.49933433532715
D181V:H199N,-15.924287796020508
D181V:G200E,-21.11589813232422
D181V:G200S,-20.877981185913086
D181V:G200W,-24.367534637451172
D181V:H199P,-26.413585662841797
D181V:H199V,-25.50763511657715
D181V:K195S,-20.467239379882812
D181V:P212G,-16.448225021362305
D181V:P212W,-19.92656135559082
D181V:N214G,-18.08343505859375
D181V:T211D,-20.20088005065918
D181V:W194L,-17.540754318237305
D181V:W194V,-20.038311004638672
D181V:Y209D,-25.463478088378906
D181V:T211G,-15.10258960723877
D181V:Y209G,-22.210479736328125
D181V:Y209P,-25.486051559448242
D181V:Y209R,-14.173422813415527
D181W:D190G,-14.914724349975586
D181V:T211I,-16.03961181640625
D181W:G196W,-21.225234985351562
D181W:G200E,-15.481973648071289
D181W:H199Q,-13.647528648376465
D181W:H199E,-15.571252822875977
D181W:G200W,-18.733610153198242
D181W:K195G,-17.32088279724121
D181W:K195R,-11.925589561462402
D181V:Y209E,-24.281864166259766
D181W:P212L,-11.540761947631836
D181W:T211S,-11.358288764953613
D181W:W194C,-16.601280212402344
D181W:W194E,-20.79853057861328
D181W:W194R,-19.117782592773438
D181W:Y209A,-12.104751586914062
D181W:Y209C,-10.971738815307617
D181W:Y209R,-8.539497375488281
D181Y:D190N,-15.112727165222168
D181Y:D190T,-19.084951400756836
D181Y:G200E,-18.46394920349121
D181Y:H199W,-19.90130615234375
D181W:Y209G,-16.576555252075195
D181Y:Y209S,-16.60895538330078
D181Y:Y209P,-22.834102630615234
D181Y:W194L,-14.888805389404297
D181Y:Y209A,-15.0867280960083
S189F:T211E,-13.27204704284668
S189A:Y209M,-8.724143981933594
S189A:N214D,-10.114418983459473
S189A:G196A,-20.312862396240234
S189A:G200K,-14.969045639038086
D190V:Y209R,-11.960631370544434
D190W:Y209G,-19.348609924316406
D190W:Y209S,-16.399036407470703
D190Y:G200K,-16.78084373474121
D190Y:H199W,-17.849258422851562
D190V:Y209S,-17.048112869262695
D190V:Y209Q,-17.91752052307129
D190V:Y209F,-14.7072114944458
D190V:Y209C,-14.39287281036377
D190V:Y209A,-15.525885581970215
D190V:Y209M,-13.02714729309082
D190V:N214R,-16.053125381469727
D190V:K195D,-23.420194625854492
D190V:G196S,-25.38886260986328
D190T:K195E,-13.943902969360352
D190S:Y209D,-17.715572357177734
D190S:P212Q,-8.228775024414062
D190S:P212L,-9.42678165435791
D190S:P212G,-8.70032024383545
D190S:H199V,-17.75973129272461
D190S:G200W,-16.619630813598633
D190R:Y209R,-7.731722354888916
D190R:Y209G,-15.768779754638672
D190R:Y209A,-11.296976089477539
D190R:W194L,-11.099053382873535
D190R:T211S,-10.55051326751709
D190R:T211P,-18.25142478942871
D190R:T211M,-9.220602035522461
D190R:T211W,-10.491950988769531
D190R:P212H,-11.280546188354492
D190R:P212A,-9.941522598266602
D190R:N214L,-12.472135543823242
D190R:G200E,-14.674198150634766
D190R:K195S,-14.02553939819336
D190R:H199W,-16.111555099487305
D190R:H199E,-14.763477325439453
D190R:N214S,-10.689085006713867
D190P:T211V,-13.310897827148438
D190Q:T211S,-9.61769962310791
D190P:Y209P,-23.178966522216797
D190Q:Y209G,-14.835966110229492
D190P:T211F,-15.872962951660156
D190P:T211R,-10.74769401550293
D190P:T211L,-13.441173553466797
D190N:Y209S,-9.822249412536621
D190N:Y209E,-14.843208312988281
D190N:Y209A,-8.30002212524414
D190N:P212G,-7.009570121765137
D190N:K195R,-8.120859146118164
D190N:H199E,-11.766523361206055
D190G:Y209G,-15.555797576904297
D190I:H199L,-21.302608489990234
D190G:Y209S,-12.606222152709961
D190G:Y209M,-8.585256576538086
D190G:Y209C,-9.950982093811035
D190G:H199R,-10.14413833618164
D190G:P212W,-13.271879196166992
D190G:P212S,-9.151897430419922
D190G:P212L,-10.520004272460938
D190G:H199M,-15.38807487487793
D190G:H199L,-15.436193466186523
D190G:H199F,-15.82457160949707
D190G:K195R,-10.90483283996582
D190G:G200S,-14.223299026489258
D190G:G196E,-20.184947967529297
D190G:G200E,-14.46121597290039
D190F:P212L,-14.712244033813477
D190E:Y209Q,-13.254584312438965
D190F:Y209G,-19.748037338256836
D190E:Y209G,-15.334752082824707
D190E:T211R,-6.179051399230957
D190E:P212S,-8.930851936340332
D190E:T211P,-17.817398071289062
D190E:K195E,-12.53460693359375
D190E:G196A,-19.952930450439453
D190C:Y209G,-16.776165008544922
D190A:Y209Q,-13.873576164245605
D190A:Y209M,-8.983203887939453
D190A:Y209G,-15.953743934631348
D190A:Y209A,-11.481941223144531
D190A:T211K,-6.678893566131592
D190A:Y209R,-7.91668701171875
D190A:T211H,-9.66093635559082
D190A:P212L,-10.917950630187988
D190A:P212G,-10.191489219665527
D190A:N214C,-13.686057090759277
D190A:H199V,-19.250900268554688
D190A:H199K,-10.783792495727539
D190A:K195T,-13.114035606384277
D190A:K195S,-14.210503578186035
D190A:G196W,-20.60242462158203
W194A:G200A,-19.575944900512695
W194A:H199Q,-16.224088668823242
W194A:Y209A,-14.68131160736084
W194A:P212L,-14.117321014404297
W194A:P212S,-12.749214172363281
W194C:T211G,-10.134464263916016
W194C:Y209I,-12.673423767089844
W194D:N214L,-18.82788848876953
W194A:Y209S,-16.20353889465332
W194D:Y209A,-17.652729034423828
W194E:G200P,-25.985980987548828
W194E:N214T,-16.355510711669922
W194E:Y209G,-21.439605712890625
W194E:P212A,-15.612347602844238
W194E:Y209C,-15.834789276123047
W194E:T211G,-14.331714630126953
W194E:T211K,-12.164754867553711
W194E:T211L,-14.97738265991211
W194E:Y209M,-14.469064712524414
W194F:Y209R,-7.559088706970215
W194F:T211H,-9.303339004516602
W194F:P212S,-9.192245483398438
W194F:N214V,-11.800302505493164
W194G:G200K,-19.469993591308594
W194G:G200S,-18.863134384155273
W194G:P212F,-16.572147369384766
W194G:P212G,-14.433379173278809
W194G:P212L,-15.15984058380127
W194G:N214V,-16.399791717529297
W194F:Y209Q,-13.51597785949707
W194G:N214S,-15.11594009399414
W194G:N214M,-17.506450653076172
W194G:T211C,-15.028339385986328
W194G:T211D,-18.186033248901367
W194G:T211G,-13.087743759155273
W194G:T211M,-13.647456169128418
W194G:Y209C,-14.590818405151367
W194G:Y209F,-14.905157089233398
W194G:Y209G,-20.195632934570312
W194G:Y209K,-11.207412719726562
W194G:Y209Q,-18.115467071533203
W194G:Y209R,-12.158576965332031
W194H:G200Q,-19.928943634033203
W194H:P212E,-11.509718894958496
W194G:Y209S,-17.24605941772461
W194I:T211K,-3.6260862350463867
W194I:Y209R,-4.863879680633545
W194G:T211H,-13.902826309204102
W194L:G200E,-11.45332145690918
W194K:P212C,-17.682920455932617
W194K:P212G,-15.459229469299316
W194K:P212T,-15.111764907836914
W194K:Y209G,-21.221485137939453
W194K:Y209P,-24.497055053710938
W194G:T211V,-13.60313606262207
W194G:T211S,-14.977367401123047
W194L:G200F,-14.602371215820312
W194L:G200S,-11.21540355682373
W194L:N214A,-8.668855667114258
W194L:P212I,-7.360882759094238
W194L:P212S,-6.144002914428711
W194L:Y209G,-12.547903060913086
W194L:P212C,-9.009339332580566
W194R:T211G,-12.650965690612793
W194L:T211L,-6.085680961608887
W194L:T211Q,-3.8286218643188477
W194L:Y209C,-6.943086624145508
W194L:Y209F,-7.2574262619018555
W194L:Y209R,-4.51084566116333
W194M:P212L,-9.646322250366211
W194M:T211L,-8.219893455505371
W194M:T211W,-9.40528678894043
W194M:Y209K,-5.6938934326171875
W194M:Y209R,-6.6450581550598145
W194N:Y209G,-22.148929595947266
W194L:Y209S,-9.59832763671875
W194P:T211W,-12.727080345153809
W194R:G200A,-20.181686401367188
W194Q:Y209R,-12.588146209716797
W194Q:Y209S,-17.675628662109375
W194R:G200K,-19.03321647644043
W194R:G200P,-24.30523109436035
W194R:T211K,-10.484004974365234
W194R:P212L,-14.723062515258789
W194R:K195R,-15.107891082763672
W194R:N214E,-14.021414756774902
W194R:P212K,-14.731685638427734
W194R:Y209F,-14.468379020690918
W194R:Y209G,-19.75885581970215
W194R:Y209R,-11.72179889678955
W194R:Y209S,-16.809280395507812
W194R:Y209T,-17.69577407836914
W194R:Y209C,-14.154040336608887
W194S:G200E,-18.737842559814453
W194S:P212Q,-13.598623275756836
W194T:Y209R,-11.930665016174316
W194S:T211G,-12.724533081054688
W194S:T211M,-13.284245491027832
W194S:T211R,-10.676722526550293
W194S:Y209A,-15.360620498657227
W194S:Y209C,-14.227607727050781
W194S:Y209G,-19.83242416381836
W194S:Y209K,-10.844202041625977
W194S:Y209S,-16.88284683227539
W194V:G200C,-16.69011878967285
W194V:G200S,-13.712961196899414
W194V:N214M,-12.356277465820312
W194V:N214V,-11.249617576599121
W194V:P212G,-9.28320598602295
W194V:P212H,-10.557228088378906
W194V:P212L,-10.00966739654541
W194V:P212W,-12.761543273925781
W194V:N214E,-9.308019638061523
W194V:Y209G,-15.04546070098877
W194V:T211G,-7.937571048736572
W194V:T211L,-8.58323860168457
W194V:T211S,-9.827194213867188
W194V:T211V,-8.452962875366211
W194V:Y209M,-8.074920654296875
W194V:Y209R,-7.008403778076172
W194V:Y209S,-12.095885276794434
W194V:Y209A,-10.573657989501953
W194Y:H199V,-19.4183349609375
W194Y:Y209S,-13.171605110168457
K195R:P212W,-10.282745361328125
K195R:P212S,-6.162763595581055
K195R:P212A,-6.739406108856201
K195R:N214W,-11.38232421875
K195R:N214L,-9.27001953125
K195R:H199W,-12.909439086914062
K195R:H199E,-11.561361312866211
K195R:G200S,-11.234164237976074
K195R:G200A,-12.989494323730469
K195Q:Y209T,-11.485950469970703
K195Q:Y209G,-13.549032211303711
K195Q:Y209F,-8.25855541229248
K195Q:Y209A,-9.077229499816895
K195Q:N214L,-10.252388000488281
K195M:Y209T,-12.153839111328125
K195M:Y209S,-11.267345428466797
K195M:Y209R,-6.179863452911377
K195M:Y209M,-7.246379852294922
K195M:P212V,-7.800969123840332
K195M:T211G,-7.109030723571777
K195M:P212T,-8.107200622558594
K195M:N214L,-10.920276641845703
K195M:N214M,-11.527737617492676
K195M:P212M,-9.630977630615234
K195G:Y209C,-12.357141494750977
K195G:Y209A,-13.490154266357422
K195G:Y209S,-15.012381553649902
K195G:Y209R,-9.92490005493164
K195G:Y209Q,-15.881789207458496
K195G:Y209P,-21.237529754638672
K195G:Y209N,-16.638473510742188
K195G:Y209K,-8.973735809326172
K195G:Y209H,-12.191441535949707
K195G:Y209G,-17.961956024169922
K195G:Y209F,-12.671480178833008
K195G:Y209T,-15.89887523651123
K195G:T211V,-11.36945915222168
K195G:T211R,-8.806256294250488
K195G:T211P,-20.444602966308594
K195G:T211N,-14.267789840698242
K195G:T211G,-10.854066848754883
K195G:T211A,-11.25990104675293
K195G:T211E,-11.881248474121094
K195Q:N214A,-9.669984817504883
K195T:T211L,-7.915698528289795
K195T:T211G,-7.270030498504639
K195S:Y209S,-12.524812698364258
K195S:Y209R,-7.437331199645996
K195S:Y209K,-6.486166477203369
K195S:Y209G,-15.474388122558594
K195S:Y209E,-17.545772552490234
K195S:T211S,-10.256122589111328
K195R:Y209C,-6.961847305297852
K195S:N214R,-11.529825210571289
K195R:Y209S,-9.617088317871094
K195R:Y209R,-4.529606342315674
K195R:Y209M,-5.596122741699219
K195R:Y209H,-6.796147346496582
K195R:Y209G,-12.56666374206543
K195R:Y209E,-14.638046264648438
K195R:Y209D,-15.819660186767578
K195S:P212F,-11.850900650024414
K195R:Y209A,-8.094860076904297
K195R:T211Y,-7.898867607116699
K195R:T211V,-5.974165916442871
K195R:T211S,-7.348397254943848
K195R:T211N,-8.872496604919434
K195R:T211G,-5.458773612976074
K195G:P212Y,-14.410112380981445
K195G:Y209M,-10.991416931152344
K195G:P212V,-11.546005249023438
K195G:P212L,-12.926163673400879
K195G:P212G,-12.199702262878418
K195G:P212C,-14.423393249511719
K195G:P212A,-12.134699821472168
K195G:N214W,-16.777618408203125
K195G:N214S,-12.88226318359375
K195G:N214P,-13.958890914916992
K195G:N214L,-14.665312767028809
K195G:N214E,-12.224515914916992
K195G:N214C,-15.694270133972168
K195G:N214A,-14.08290958404541
K195G:H199S,-16.535642623901367
K195G:H199Q,-15.032930374145508
K195G:G200W,-20.1190128326416
K195E:Y209T,-12.354400634765625
K195E:Y209R,-6.380425930023193
K195E:Y209Q,-12.33731460571289
K195E:Y209K,-5.429261207580566
K195E:Y209G,-14.417482376098633
K195E:Y209C,-8.812666893005371
K195E:Y209A,-9.945680618286133
K195E:T211W,-9.140655517578125
K195E:T211N,-10.723316192626953
K195E:T211L,-7.95526123046875
K195E:T211G,-7.309593200683594
K195E:T211D,-12.407882690429688
K195E:Y209S,-11.467906951904297
K195E:P212G,-8.655227661132812
K195E:H199S,-12.991168975830078
K195D:Y209I,-16.071205139160156
K195D:Y209C,-15.035319328308105
K195D:G200W,-22.797191619873047
G196W:T211Q,-13.147027969360352
G196W:T211G,-14.758418083190918
G196W:Y209S,-18.916732788085938
G196W:Y209G,-21.866308212280273
G196W:Y209M,-14.895767211914062
G196W:Y209C,-16.261491775512695
G196W:T211P,-24.348953247070312
G196W:Y209R,-13.829251289367676
G196W:P212L,-16.830514907836914
G196W:N214H,-18.084028244018555
G196S:Y209M,-15.638261795043945
G196S:N214V,-18.812957763671875
G196S:N214S,-17.52910804748535
G196S:N214L,-19.312156677246094
G196S:P212G,-16.846546173095703
G196S:N214C,-20.341114044189453
G196S:P212S,-16.20490264892578
G196K:T211K,-13.024551391601562
G196K:P212A,-16.472145080566406
G196I:T211L,-17.364158630371094
G196I:P212L,-18.790586471557617
G196E:Y209N,-20.523296356201172
G196E:Y209E,-23.918163299560547
G196E:T211S,-16.62851333618164
G196E:P212A,-16.01952362060547
G196E:N214S,-16.767086029052734
G196D:Y209G,-21.92224884033203
G196D:Y209D,-25.17524528503418
G196D:Y209A,-17.4504451751709
G196D:N214M,-19.233064651489258
G196H:T211V,-14.847064971923828
G196A:Y209S,-18.88623046875
G196A:Y209R,-13.798749923706055
G196A:P212N,-15.21573257446289
G196A:Y209G,-21.83580780029297
G196A:Y209A,-17.364004135131836
G196A:T211L,-15.373584747314453
G196A:T211A,-15.133750915527344
G196A:P212W,-19.551889419555664
G196A:N214W,-20.65146827697754
G196A:N214V,-18.039962768554688
H199E:Y209E,-18.283710479736328
H199E:Y209M,-9.24178695678711
H199E:Y209F,-10.921850204467773
H199E:T211S,-10.994060516357422
H199P:Y209F,-16.130258560180664
H199P:P212S,-15.01683521270752
H199P:P212A,-15.593478202819824
H199N:Y209R,-2.8943800926208496
H199N:Y209F,-5.640960693359375
H199N:Y209C,-5.326621055603027
H199I:P212Q,-15.461804389953613
H199W:Y209F,-12.269927024841309
H199K:N214M,-9.35849380493164
H199K:N214W,-10.863337516784668
H199K:P212G,-6.285421848297119
H199Y:Y209G,-16.14022445678711
H199Y:P212G,-10.377970695495605
H199W:T211Q,-8.841123580932617
H199W:T211C,-12.393110275268555
H199V:Y209P,-23.790355682373047
H199V:Y209A,-16.042980194091797
H199V:Y209G,-20.51478385925293
H199V:P212L,-15.47899055480957
H199V:P212G,-14.75252914428711
H199V:N214V,-16.71894073486328
H199T:Y209T,-18.313936233520508
H199T:T211R,-11.221317291259766
H199V:T211L,-14.052562713623047
H199V:T211S,-15.296518325805664
H199R:N214K,-6.914978981018066
H199R:N214M,-9.116786003112793
H199R:P212L,-6.770175457000732
H199C:T211M,-9.866869926452637
H199C:Y209C,-10.810232162475586
H199C:T211D,-14.405447006225586
H199C:T211K,-7.140197277069092
H199S:Y209A,-11.319511413574219
H199K:Y209R,-4.010619640350342
H199L:N214R,-13.153461456298828
H199M:Y209G,-17.04990577697754
H199Q:Y209T,-12.225521087646484
H199Q:Y209Q,-12.20843505859375
H199L:Y209S,-14.148448944091797
H199Q:Y209G,-14.288602828979492
H199Q:Y209A,-9.81679916381836
H199Q:T211V,-7.696105003356934
H199Q:Y209C,-8.683786392211914
H199M:T211K,-7.775055408477783
H199R:Y209H,-6.035452842712402
H199R:Y209F,-6.5154924392700195
H199S:Y209I,-11.222383499145508
H199R:T211W,-6.529140949249268
H199R:T211R,-2.650268316268921
H199R:T211M,-5.257791042327881
H199R:T211H,-5.513161659240723
H199R:T211G,-4.6980791091918945
H199R:Y209M,-4.835428237915039
H199R:T211F,-7.775537490844727
H199S:Y209R,-7.7542572021484375
H199M:P212G,-11.287651062011719
H199R:Y209T,-9.742887496948242
H199L:Y209T,-15.034942626953125
H199L:Y209R,-9.060967445373535
H199L:Y209P,-20.37359619140625
H199L:Y209G,-17.098024368286133
H199L:T211L,-10.63580322265625
G200W:Y209T,-17.311603546142578
G200W:Y209Q,-17.294517517089844
G200W:Y209G,-19.374683380126953
G200W:Y209F,-14.084207534790039
G200W:Y209S,-16.42510986328125
G200W:Y209E,-21.446067810058594
G200W:Y209R,-11.337627410888672
G200W:T211G,-12.266794204711914
G200W:Y209C,-13.769868850708008
G200W:T211N,-15.680517196655273
G200W:T211Y,-14.706888198852539
G200W:Y209A,-14.902881622314453
G200W:T211R,-10.21898365020752
G200W:P212G,-13.61242961883545
G200W:N214A,-15.495636940002441
G200W:N214G,-15.247640609741211
G200W:N214L,-16.078041076660156
G200W:P212N,-12.754610061645508
G200W:P212S,-12.970784187316895
G200W:P212T,-13.264965057373047
G200W:P212V,-12.958732604980469
G200Y:Y209R,-10.615899085998535
G200S:Y209H,-10.11461353302002
G200Q:T211V,-10.032236099243164
G200S:Y209G,-15.885129928588867
G200S:Y209R,-7.848072528839111
G200S:Y209A,-11.413326263427734
G200S:P212A,-10.057872772216797
G200S:P212G,-10.122875213623047
G200S:Y209P,-19.160701751708984
G200Q:Y209G,-16.624732971191406
G200Q:Y209K,-7.636511325836182
G200Q:Y209S,-13.67515754699707
G200E:N214R,-12.178483963012695
G200Q:N214S,-11.545039176940918
G200P:N214R,-17.819440841674805
G200Y:Y209G,-18.652956008911133
G200Q:P212I,-11.437713623046875
G200K:Y209M,-9.521448135375977
G200K:Y209R,-8.45493221282959
G200F:Y209P,-22.54766845703125
G200K:Y209G,-16.491989135742188
G200K:N214S,-11.4122953414917
G200K:P212G,-10.729734420776367
G200K:Y209E,-18.563373565673828
G200K:T211P,-18.97463607788086
G200K:T211W,-11.215161323547363
G200H:T211Q,-7.812582969665527
G200I:P212V,-15.883735656738281
G200I:Y209E,-24.371070861816406
G200E:Y209I,-11.554116249084473
G200E:Y209M,-9.152505874633789
G200E:Y209P,-19.398618698120117
G200E:Y209S,-13.173471450805664
G200E:Y209T,-14.059965133666992
G200E:P212V,-9.707096099853516
G200E:Y209G,-16.123046875
G200E:Y209E,-18.19443130493164
G200E:Y209A,-11.651244163513184
G200E:T211V,-9.530550003051758
G200E:T211W,-10.846219062805176
G200E:T211Y,-11.455251693725586
G200F:T211R,-10.116395950317383
G200E:N214G,-11.996003150939941
G200E:P212G,-10.36079216003418
G200E:P212A,-10.29578971862793
G200E:P212D,-8.035198211669922
G200C:Y209M,-11.891746520996094
G200D:N214V,-11.20448112487793
G200C:P212F,-15.238800048828125
G200A:Y209A,-13.168656349182129
G200A:Y209G,-17.640459060668945
G200A:Y209K,-8.652237892150879
G200A:Y209R,-9.603402137756348
G200A:Y209S,-14.69088363647461
G200A:Y209Q,-15.560291290283203
G200D:P212L,-9.964530944824219
G200A:P212S,-11.23655891418457
G200A:T211D,-15.630859375
G200A:P212C,-14.101896286010742
Y209G:N214S,-12.137934684753418
Y209G:N214G,-13.090584754943848
Y209C:N214K,-6.721822738647461
Y209R:P212H,-4.692338943481445
Y209M:T211I,-4.0762200355529785
Y209T:N214D,-9.574280738830566
Y209R:N214W,-7.996232509613037
