mutant,prediction
T159M:D166V,-12.558112144470215
T159F:G200V,-13.52012825012207
T159F:G200T,-11.278568267822266
T159F:G200R,-9.335601806640625
T159F:G200A,-9.770994186401367
T159F:G180D,-10.409072875976562
T159F:G180A,-11.78750228881836
T159F:M186E,-5.335670471191406
T159F:M186C,-8.406646728515625
T159F:C198A,-4.575922012329102
T159F:C198G,-11.381704330444336
T159F:E174M,3.241199493408203
T159F:E174T,-7.488389492034912
T159F:E174A,-4.599440097808838
T159F:D187R,-12.937088012695312
T159F:D172G,-7.38308572769165
T159M:F167A,-9.710195541381836
T159M:F167G,-12.064352035522461
T159M:F167L,-7.8794355392456055
T159M:F167T,-12.002618789672852
T159M:F167W,-2.7552664279937744
T159M:F167Y,0.5004556179046631
T159M:F167C,-7.276952743530273
T159H:D187W,-14.673858642578125
T159F:M186K,-7.160417079925537
T159F:M186L,-1.7629613876342773
T159F:M186R,-8.073345184326172
T159G:P206W,-11.57192611694336
T159G:P206S,-9.401342391967773
T159G:P206R,-6.745943069458008
T159G:P206L,-10.13960075378418
T159G:P206G,-13.05611801147461
T159G:P206E,-12.523176193237305
T159G:P206C,-10.670724868774414
T159G:P191S,-6.906681060791016
T159G:P191C,-9.068792343139648
T159G:N214E,-4.07295560836792
T159G:N208W,-4.632486343383789
T159D:Y209M,-0.6953465938568115
T159D:Y209L,-0.53861403465271
T159F:F167G,-12.37746810913086
T159D:P206G,-9.742281913757324
T159D:P206C,-7.3568878173828125
T159D:N208W,-1.3186498880386353
T159C:Y209A,-5.830134391784668
T159C:Y209V,-5.568709850311279
T159C:Y209S,-8.194351196289062
T159C:Y209L,-3.02828311920166
T159C:Y209G,-11.230134963989258
T159C:Y209E,-12.847551345825195
T159D:C198T,-6.254611015319824
T159D:Y209S,-5.704682350158691
T159C:Y209C,-4.565797805786133
T159D:Y209R,-0.47693943977355957
T159L:N208A,-0.41503095626831055
T159L:N208W,-3.962705612182617
T159L:P206A,-10.20700454711914
T159L:P206G,-12.386337280273438
T159L:P206V,-13.25687026977539
T159M:C198D,-11.621002197265625
T159M:C198E,-13.612680435180664
T159M:C198F,-9.641546249389648
T159M:C198G,-11.068588256835938
T159M:C198L,-4.432465553283691
T159M:C198N,-10.05331802368164
T159M:C198Q,-11.05319595336914
T159M:A163S,-10.142181396484375
T159M:A163V,-12.024182319641113
T159M:A163Y,-14.595564842224121
T159M:D166L,-14.736571311950684
T159M:A163R,-14.757122993469238
T159M:A163L,-15.6292142868042
T159L:Y209S,-8.348737716674805
T159M:C198T,-7.8675079345703125
T159M:C198V,-2.3833982944488525
T159M:C198W,-12.668163299560547
T159M:D166A,-10.179028511047363
T159M:D166G,-11.87198257446289
T159M:D166I,-14.439644813537598
T159L:Y209G,-11.384521484375
T159L:Y209L,-3.1826696395874023
T159L:Y209P,-14.019203186035156
T159L:Y209R,-3.120995044708252
T159M:A163E,-11.711344718933105
T159I:N208L,-3.7089362144470215
T159I:N208K,1.6595277786254883
T159I:N214G,-6.144644260406494
T159H:P191N,-5.3693952560424805
T159H:N208L,-2.358354330062866
T159H:P206G,-11.129164695739746
T159I:Q162V,-6.071587085723877
T159I:P206R,-6.1695709228515625
T159I:P206N,-5.891951084136963
T159I:P206G,-12.479745864868164
T159I:N208W,-4.056114196777344
T159I:M186W,-9.181070327758789
T159I:M186S,-8.504396438598633
T159I:M186R,-8.884796142578125
T159I:M186L,-2.5744123458862305
T159I:M186E,-6.147121429443359
T159I:M186A,-9.658302307128906
T159I:M186K,-7.97186803817749
T159I:N208A,-0.5084395408630371
T159I:G200V,-14.331579208374023
T159I:G200R,-10.147052764892578
T159I:G200M,-11.787982940673828
T159I:G200A,-10.58244514465332
T159I:G180A,-12.598953247070312
T159M:G200R,-9.02248477935791
T159M:G200S,-8.38546085357666
T159M:G200V,-13.207011222839355
T159M:G200Y,-10.872330665588379
T159M:G180A,-11.474386215209961
T159M:G180D,-10.095955848693848
T159M:G180L,-13.111258506774902
T159M:G180P,-10.813344955444336
T159M:G180Q,-12.875048637390137
T159M:G200M,-10.663415908813477
T159M:G200Q,-8.481582641601562
T159M:D166W,-14.748805046081543
T159M:E174I,-5.12639045715332
T159M:D172G,-7.069969177246094
T159M:E174M,3.554316282272339
T159M:E174P,-13.722867012023926
T159M:E174W,-0.14483094215393066
T159M:D187P,-16.79529571533203
T159M:D187S,-8.718716621398926
T159M:D187V,-12.544713020324707
T159M:D187W,-14.899872779846191
T159M:E174A,-4.286323547363281
T159M:E174G,-5.3624982833862305
T159M:D187G,-10.536646842956543
T159L:D166L,-15.767730712890625
T159L:G180A,-12.505544662475586
T159L:G180R,-13.619544982910156
T159L:D166G,-12.903141021728516
T159L:C198D,-12.65216064453125
T159M:G200A,-9.457877159118652
T159M:G200D,-6.938266754150391
T159M:G180V,-15.07800579071045
T159M:G180T,-14.584017753601074
T159M:G180S,-12.624069213867188
T159M:G180R,-12.588385581970215
T159L:C198M,-8.86323070526123
T159M:G200L,-11.258814811706543
T159M:G180W,-11.802231788635254
T159Y:Y209V,-4.195172309875488
T159Y:Y209S,-6.82081413269043
T159Y:Y209R,-1.5930711030960083
T159Y:Y209L,-1.6547456979751587
T159Y:Y209G,-9.856596946716309
T159Y:V213S,-3.443854331970215
T159Y:P206V,-11.728946685791016
T159Y:P206R,-4.548238277435303
T159Y:P191M,-6.484342098236084
T159Y:N208W,-2.434781551361084
T159Y:Y209W,-5.029783248901367
T159Y:M186Q,-5.242613792419434
T159Y:M186R,-7.263463020324707
T159A:G200R,-9.316244125366211
T159A:N208L,-2.8781282901763916
T159A:N208Q,1.13248872756958
T159A:N208W,-3.225306272506714
T159A:G180E,-12.290565490722656
T159A:Y209A,-5.247121810913086
T159A:Y209R,-2.3835959434509277
T159A:Y209W,-5.820307731628418
T159C:A163G,-10.182157516479492
T159C:C198E,-14.489452362060547
T159C:C198G,-11.94536018371582
T159C:C198L,-5.309237957000732
T159C:D166G,-12.748754501342773
T159C:D166I,-15.316417694091797
T159A:Y209G,-10.64712142944336
T159A:C198G,-11.362347602844238
T159V:Y209F,-3.0195045471191406
T159V:V213W,-4.838722229003906
T159V:V213S,-4.1609907150268555
T159V:V213R,-3.710813522338867
T159V:V213D,-3.9071426391601562
T159V:V210S,-9.335183143615723
T159V:V210N,-13.126941680908203
T159V:V210G,-12.828351020812988
T159V:Y209A,-5.173733234405518
T159V:Y209C,-3.9093966484069824
T159V:Y209G,-10.57373332977295
T159V:Y209L,-2.3718819618225098
T159V:Y209M,-2.5286145210266113
T159V:Y209P,-13.208415985107422
T159V:Y209Q,-8.356096267700195
T159V:Y209W,-5.746919631958008
T159V:Y209V,-4.912308692932129
T159V:Y209S,-7.53795051574707
T159V:Y209R,-2.3102073669433594
T159V:Y209K,-1.0858144760131836
T159G:Y209L,-3.852450370788574
T159F:V210S,-9.427928924560547
T159F:V213C,-4.08709192276001
T159F:N208M,-0.955390453338623
T159F:N208K,2.4709787368774414
T159F:Y209A,-5.266478538513184
T159F:Y209E,-12.283895492553711
T159F:Y209L,-2.464627265930176
T159F:Y209G,-10.666479110717773
T159G:Y209C,-5.389965057373047
T159G:M186P,-16.38715362548828
T159G:M186L,-3.150784492492676
T159G:M186K,-8.548240661621094
T159G:M186A,-10.234674453735352
T159G:M186E,-6.723493576049805
T159G:M186W,-9.757442474365234
T159G:N208L,-4.285308361053467
T159G:N208K,1.083155632019043
T159G:M186Q,-7.440318584442139
T159G:M186R,-9.46116828918457
T159G:M186T,-5.74077033996582
T159G:N208M,-2.3432135581970215
T159G:M186S,-9.080768585205078
T159G:N208A,-1.0848116874694824
T159G:Y209W,-7.227488040924072
T159G:Y209V,-6.392877101898193
T159G:Y209T,-10.312759399414062
T159G:Y209S,-9.018518447875977
T159G:Y209Q,-9.836664199829102
T159G:Y209N,-10.142332077026367
T159G:Y209H,-4.474489212036133
T159G:Y209G,-12.054302215576172
T159G:V210C,-7.620038032531738
T159G:Y209A,-6.654301643371582
T159G:V210F,-13.948423385620117
T159G:V210D,-14.187524795532227
T159F:N208A,0.303011417388916
T159Y:C198V,-1.8866333961486816
T159Y:C198K,-7.868878364562988
T159Y:C198G,-10.571823120117188
T159Y:A163G,-8.808619499206543
T159G:E174P,-15.423807144165039
T159G:E174G,-7.0634379386901855
T159G:D187L,-15.447420120239258
T159G:D187G,-12.237586975097656
T159V:V210F,-12.467854499816895
T159Y:M186E,-4.5257887840271
T159Y:G200V,-12.710246086120605
T159Y:G200A,-8.961112022399902
T159Y:G180V,-14.5812406539917
T159Y:G180C,-12.45896053314209
T159F:N208W,-3.2446632385253906
T159F:P206G,-11.668294906616211
T159F:P206A,-9.488962173461914
T159F:P191R,-5.410475730895996
T159F:Y209W,-5.839664936065674
T159G:A163G,-11.006324768066406
T159G:G200A,-11.158817291259766
T159G:G180W,-13.503171920776367
T159G:G180R,-14.289325714111328
T159G:G180A,-13.175325393676758
T159F:M186W,-8.369619369506836
T159F:M186S,-7.692945957183838
T159F:Y209M,-2.6213598251342773
T159F:N214S,-4.0885009765625
T159F:P191C,-7.680968761444092
T159G:D166K,-13.64661979675293
T159G:D166G,-13.572921752929688
T159G:C198W,-14.369102478027344
T159G:C198V,-4.084338188171387
T159G:C198S,-8.702455520629883
T159G:C198L,-6.1334052085876465
T159G:C198K,-10.066583633422852
T159G:C198G,-12.769527435302734
T159G:G200R,-10.723424911499023
T159G:G200S,-10.086400985717773
T159G:G200V,-14.907951354980469
T159G:F167C,-8.97789192199707
T159V:Y209D,-13.142415046691895
T159C:M186Y,-8.758028030395508
T159C:M186T,-4.916603088378906
T159M:V213R,-3.4904420375823975
T159M:N208Y,-2.6748335361480713
T159M:V210D,-12.48658561706543
T159M:V210G,-12.607979774475098
T159M:V210L,-10.941564559936523
T159C:P206W,-10.747758865356445
T159C:P206Q,-8.95199203491211
T159C:P206G,-12.231950759887695
T159C:P206D,-7.658215522766113
T159C:P206A,-10.052618026733398
T159C:N208W,-3.808319091796875
T159C:N208M,-1.5190463066101074
T159M:M186E,-5.022553443908691
T159M:M186D,-8.66466999053955
T159M:L175A,-13.275424003601074
T159M:L175E,-14.680034637451172
T159M:L175K,-14.902817726135254
T159M:M186A,-8.533734321594238
T159M:M186C,-8.093530654907227
T159C:M186L,-2.3266172409057617
T159C:M186S,-8.256601333618164
T159C:N208D,-2.6886072158813477
T159C:N208C,-0.3481330871582031
T159C:M186R,-8.637001037597656
T159C:M186K,-7.7240729331970215
T159C:N208L,-3.4611411094665527
T159M:N214G,-5.020076751708984
T159C:N208K,1.907322883605957
T159M:N214R,-4.7327775955200195
T159M:N214V,-4.119974136352539
T159M:N214W,-7.296749114990234
T159V:G200L,-11.479186058044434
T159V:G200A,-9.678248405456543
T159V:G200V,-13.427382469177246
T159V:G200S,-8.60583209991455
T159V:D172E,-1.9896016120910645
T159V:D187G,-10.757018089294434
T159V:D187W,-15.120244026184082
T159V:E174K,0.2523646354675293
T159V:G200R,-9.2428560256958
T159V:G180E,-12.217177391052246
T159V:G180F,-11.955276489257812
T159V:G180R,-12.808756828308105
T159V:G180W,-12.022603034973145
T159V:D166W,-14.969176292419434
T159V:F167G,-12.284723281860352
T159M:N208K,2.784095525741577
T159M:N208L,-2.5843684673309326
T159M:N208M,-0.6422736644744873
T159M:N208Q,1.426248550415039
T159M:P206G,-11.355178833007812
T159M:P206L,-8.438660621643066
T159M:P206M,-9.866965293884277
T159M:P206F,-9.744776725769043
T159M:N208A,0.6161282062530518
T159M:P191A,-3.304114818572998
T159M:P191C,-7.367852210998535
T159M:P191F,-10.794690132141113
T159M:P191N,-5.595409393310547
T159M:P191Q,-4.605795383453369
T159M:P191R,-5.097358703613281
T159M:P191S,-5.205740928649902
T159M:P191V,-6.115355491638184
T159M:P206E,-10.822237014770508
T159M:N208W,-2.931546449661255
T159M:N208C,0.528639554977417
T159V:F167L,-8.099806785583496
T159M:Q170R,-2.1672487258911133
T159M:Q170G,-5.3759355545043945
T159M:P206R,-5.0450029373168945
T159M:P206S,-7.70040225982666
T159M:P206W,-9.870985984802246
T159M:P206Y,-8.860527992248535
T159M:Q170L,-3.6626696586608887
T159M:P206V,-12.225711822509766
T159M:M186K,-6.8473005294799805
T159M:Y209F,-2.799133062362671
T159M:Y209M,-2.3082432746887207
T159M:Y209L,-2.151510715484619
T159M:Y209K,-0.8654429912567139
T159M:Y209G,-10.353362083435059
T159M:Y209A,-4.953361511230469
T159M:Y209C,-3.6890251636505127
T159M:Y209E,-11.970778465270996
T159M:Y209P,-12.988044738769531
T159M:Y209R,-2.0898361206054688
T159M:Y209S,-7.31757926940918
T159M:Y209T,-8.61181926727295
T159M:Y209W,-5.526548385620117
T159M:V213S,-3.9406192302703857
T159C:D172A,-4.6201581954956055
T159C:F167A,-10.586967468261719
T159C:E174Y,-0.40779924392700195
T159M:M186L,-1.4498445987701416
T159M:M186P,-14.686213493347168
T159M:M186Q,-5.739378929138184
T159M:M186R,-7.760228157043457
T159M:M186T,-4.039830207824707
T159M:M186W,-8.056502342224121
T159C:E174R,-2.289952278137207
T159C:G200Q,-9.358355522155762
T159C:G180R,-13.465158462524414
T159C:G180I,-17.898698806762695
T159C:G200V,-14.083784103393555
T159M:Y209V,-4.691937446594238
T159I:C198G,-12.193155288696289
T159I:A163Q,-14.29232406616211
T159H:Y209W,-5.300534248352051
T159H:Y209M,-2.0822291374206543
T159I:C198V,-3.5079660415649414
T159I:C198W,-13.792730331420898
T159I:D166G,-12.996549606323242
T159H:M186S,-7.153815269470215
T159H:N208A,0.8421423435211182
T159H:L175V,-10.4111909866333
T159I:E174S,-7.5304999351501465
T159H:M186A,-8.307720184326172
T159I:E174K,-0.6518316268920898
T159I:Y209V,-5.816504955291748
T159I:Y209S,-8.442146301269531
T159I:Y209G,-11.477930068969727
T159I:Y209A,-6.077929496765137
T159I:V213R,-4.615009784698486
T159I:Y209L,-3.276078224182129
T159I:V213D,-4.811338901519775
T159I:V213A,-4.5136895179748535
T159V:M186K,-7.067671775817871
T159V:M186L,-1.6702160835266113
T159V:M186Q,-5.959750175476074
T159V:M186R,-7.980599403381348
T159V:M186S,-7.600200653076172
T159V:M186T,-4.260201930999756
T159V:M186W,-8.276874542236328
T159V:P191F,-11.015061378479004
T159V:P191G,-7.049320220947266
T159V:P191N,-5.815781116485596
T159V:P206C,-9.190155982971191
T159V:P206E,-11.042608261108398
T159V:P206F,-9.965147972106934
T159V:P206G,-11.575550079345703
T159V:P206L,-8.659032821655273
T159V:P206M,-10.087336540222168
T159V:P206R,-5.265374660491943
T159V:P206S,-7.920773506164551
T159V:P206W,-10.091357231140137
T159V:P206K,-6.133689880371094
T159V:N214V,-4.340345859527588
T159V:M186E,-5.24292516708374
T159V:M186A,-8.754106521606445
T159V:L175K,-15.123188972473145
T159V:L175M,-8.016159057617188
T159V:N208Y,-2.895205020904541
T159V:C198V,-2.6037697792053223
T159V:D166V,-12.778483390808105
T159V:C198A,-4.4831767082214355
T159V:C198G,-11.288959503173828
T159V:C198K,-8.586014747619629
T159V:C198L,-4.652836799621582
T159V:C198M,-8.05244255065918
T159V:A163G,-9.525755882263184
T159V:C198W,-12.888534545898438
T159V:D166A,-10.399399757385254
T159V:D166H,-10.624899864196777
T159V:Q170W,-9.007140159606934
T159V:N208A,0.39575672149658203
T159V:N208D,-2.0322060585021973
T159V:N208C,0.30826807022094727
T159V:N214G,-5.240447998046875
T159V:N208L,-2.8047399520874023
T159V:N208M,-0.862645149230957
T159V:N208Q,1.2058770656585693
T159V:N208W,-3.1519179344177246
T159V:N208K,2.5637240409851074
Q162V:M186L,-4.967968463897705
Q162V:M186T,-7.55795431137085
Q162V:M186R,-11.278351783752441
Q162V:M186Q,-9.257502555847168
Q162V:M186K,-10.365424156188965
Q162V:M186E,-8.540678024291992
Q162V:M186C,-11.611654281616211
Q162V:N208L,-6.102492332458496
Q162V:N208A,-2.9019956588745117
Q162V:M186A,-12.051858901977539
Q162V:N208K,-0.7340283393859863
Q162V:M186W,-11.574626922607422
Q162V:V210G,-16.126102447509766
Q162V:V210H,-17.81153106689453
Q162V:V213R,-7.008565902709961
Q162W:G200R,-17.275257110595703
Q162W:G200L,-19.511587142944336
Q162W:G200D,-15.1910400390625
Q162W:G200A,-17.710649490356445
Q162W:G180R,-20.841157913208008
Q162W:G180P,-19.066116333007812
Q162W:G180N,-18.621801376342773
Q162W:G180A,-19.727157592773438
Q162W:M186A,-16.78650665283203
Q162V:V213A,-6.907245635986328
Q162W:L175T,-22.694231033325195
Q162W:G200T,-19.218223571777344
Q162W:G200V,-21.45978355407715
Q162V:Q170S,-6.476933479309082
Q162V:P206V,-15.74383544921875
Q162V:P206R,-8.563127517700195
Q162V:P206N,-8.285507202148438
Q162V:P206L,-11.956785202026367
Q162V:P206G,-14.873302459716797
Q162V:P206D,-10.299566268920898
Q162V:P191V,-9.633479118347168
Q162V:P191F,-14.312813758850098
Q162V:P191C,-10.88597583770752
Q162V:N214G,-8.538200378417969
Q162V:N214D,-5.727922439575195
Q162V:N208W,-6.449670314788818
Q162V:N208M,-4.160397529602051
Q162V:L175V,-14.155328750610352
Q162V:V213S,-7.458743095397949
Q162V:V213Q,-5.778159141540527
Q162S:G200A,-16.59482192993164
Q162S:D187G,-17.67359161376953
Q162R:Y209F,-3.6131234169006348
Q162R:Y209E,-12.784769058227539
Q162R:Y209C,-4.503015518188477
Q162R:Y209A,-5.767352104187012
Q162R:V213Q,-3.0740253925323486
Q162R:V210S,-9.928802490234375
Q162S:G200D,-14.075212478637695
Q162S:G200R,-16.1594295501709
Q162S:D187V,-19.681657791137695
Q162S:D187S,-15.855661392211914
Q162S:G200V,-20.343955993652344
Q162S:G200S,-15.522405624389648
Q162S:G200L,-18.39575958251953
Q162R:Y209G,-11.167352676391602
Q162R:Y209K,-1.6794333457946777
Q162S:D187E,-11.125468254089355
Q162R:Y209I,-6.145526885986328
Q162R:Y209L,-2.965500831604004
Q162S:C198W,-19.80510902404785
Q162S:C198N,-17.190263748168945
Q162S:C198K,-15.502588272094727
Q162S:C198G,-18.205533981323242
Q162R:Y209W,-6.340538501739502
Q162R:Y209V,-5.505927562713623
Q162R:Y209T,-9.425809860229492
Q162R:Y209S,-8.131568908691406
Q162R:Y209R,-2.9038262367248535
Q162R:Y209Q,-8.949714660644531
Q162R:Y209M,-3.1222333908081055
Q162T:M186Q,-11.654560089111328
Q162T:N208A,-5.299052715301514
Q162T:Q170R,-8.082429885864258
Q162T:Q170L,-9.577850341796875
Q162T:P206T,-16.453622817993164
Q162T:P206L,-14.353841781616211
Q162T:P206G,-17.27035903930664
Q162T:P206E,-16.737417221069336
Q162T:P206D,-12.696623802185059
Q162T:P206A,-15.091026306152344
Q162T:P191A,-9.219295501708984
Q162T:N214V,-10.035155296325684
Q162T:N214R,-10.647958755493164
Q162T:N214K,-9.230390548706055
Q162T:N208W,-8.84672737121582
Q162T:M186A,-14.448915481567383
Q162T:M186W,-13.971683502197266
Q162T:M186T,-9.955011367797852
Q162T:M186S,-13.29500961303711
Q162T:M186R,-13.675409317016602
Q162T:M186L,-7.365025520324707
Q162T:M186K,-12.762481689453125
Q162T:M186E,-10.937734603881836
Q162T:L175V,-16.552385330200195
Q162T:N208M,-6.557454586029053
Q162T:N208L,-8.499549865722656
Q162S:E174G,-12.499443054199219
Q162T:N208K,-3.1310853958129883
Q162T:N208D,-7.727015495300293
Q162V:G200V,-16.725135803222656
Q162V:G200S,-11.903584480285645
Q162V:G200R,-12.540608406066895
Q162V:G200Q,-11.999706268310547
Q162V:G200L,-14.776938438415527
Q162V:G180Y,-14.4127836227417
Q162V:G180W,-15.320355415344238
Q162V:G180V,-18.59613037109375
Q162V:G180R,-16.106510162353516
Q162V:G180A,-14.992509841918945
Q162V:G200A,-12.976000785827637
Q162V:Y209M,-5.826366901397705
Q162V:Y209L,-5.6696343421936035
Q162V:Y209K,-4.383566856384277
Q162V:Y209G,-13.871485710144043
Q162V:Y209F,-6.317256927490234
Q162V:Y209E,-15.48890209197998
Q162V:Y209D,-16.440166473388672
Q162V:Y209C,-7.207149028778076
Q162V:Y209A,-8.471485137939453
Q162W:C198S,-15.254288673400879
Q162W:C198V,-10.636171340942383
Q162W:F167W,-11.008039474487305
Q162W:E174L,-8.603020668029785
Q162V:Y209P,-16.506168365478516
Q162V:Y209R,-5.607959747314453
Q162V:Y209V,-8.210061073303223
Q162W:C198G,-19.321361541748047
Q162W:C198E,-21.86545181274414
Q162V:Y209W,-9.044672012329102
Q162V:Y209T,-12.129942893981934
Q162T:V213L,-7.649692535400391
Q162T:V210T,-8.1959228515625
Q162T:V210S,-15.029993057250977
Q162W:D187W,-23.152645111083984
Q162W:D172A,-11.996158599853516
Q162S:E174H,-6.833258628845215
Q162S:M186S,-14.516775131225586
Q162S:P206V,-19.36265754699707
Q162S:P206Y,-15.997472763061523
Q162S:Q170R,-9.304194450378418
Q162S:Q170L,-10.799614906311035
Q162S:P206W,-17.007930755615234
Q162S:P206M,-17.003910064697266
Q162S:P206A,-16.312789916992188
Q162S:P191L,-14.390142440795898
Q162S:P191G,-13.96589469909668
Q162S:N214Q,-10.656171798706055
Q162S:N208Y,-9.811779022216797
Q162S:N208W,-10.06849193572998
Q162S:N208M,-7.779219150543213
Q162S:N208L,-9.7213134765625
Q162S:N208K,-4.352849960327148
Q162S:N208D,-8.948780059814453
Q162S:N208C,-6.608305931091309
Q162S:N208A,-6.520817279815674
Q162S:P206D,-13.918388366699219
Q162S:P206T,-17.675386428833008
Q162S:P206F,-16.88172149658203
Q162S:P206L,-15.575606346130371
Q162S:M186W,-15.193448066711426
Q162S:M186R,-14.897172927856445
Q162S:M186L,-8.586790084838867
Q162S:M186K,-13.984245300292969
Q162S:M186E,-12.159499168395996
Q162S:M186C,-15.230476379394531
Q162S:M186A,-15.670680046081543
Q162S:P206R,-12.1819486618042
Q162S:P206G,-18.492124557495117
Q162I:L175V,-15.093851089477539
Q162I:M186A,-12.990381240844727
Q162I:M186E,-9.47920036315918
Q162I:M186K,-11.303946495056152
Q162I:M186R,-12.216874122619629
Q162H:Y209M,-9.091141700744629
Q162H:Y209Q,-14.918622970581055
Q162H:Y209T,-15.394718170166016
Q162H:Y209V,-11.474836349487305
Q162H:Y209W,-12.309446334838867
Q162I:C198G,-15.52523422241211
Q162I:E174H,-4.15295934677124
Q162I:F167C,-11.733598709106445
Q162H:Y209G,-17.136260986328125
Q162I:Y209A,-9.41000747680664
Q162I:G180L,-17.56790542602539
Q162I:G200R,-13.479130744934082
Q162I:G200V,-17.663658142089844
Q162I:N208K,-1.6725506782531738
Q162I:N208M,-5.098919868469238
Q162I:N208W,-7.388192653656006
Q162I:P191S,-9.66238784790039
Q162I:P206G,-15.811824798583984
Q162I:P206S,-12.157048225402832
Q162I:Q170R,-6.623894691467285
Q162I:M186T,-8.496477127075195
Q162R:P206W,-10.684976577758789
Q162R:P206V,-13.039701461791992
Q162R:P206T,-11.352432250976562
Q162R:P206R,-5.8589935302734375
Q162R:P206N,-5.581373691558838
Q162R:P206L,-9.25265121459961
Q162R:P206K,-6.727308750152588
Q162R:P206I,-12.844114303588867
Q162R:P206G,-12.169168472290039
Q162R:P206E,-11.636226654052734
Q162R:P206D,-7.595433235168457
Q162R:P206A,-9.989835739135742
Q162R:P191V,-6.929345607757568
Q162R:P191R,-5.911349296569824
Q162R:P191L,-8.067188262939453
Q162R:P191E,-3.6238152980804443
Q162R:Q170G,-6.1899261474609375
Q162S:G180Q,-20.011993408203125
Q162R:Q170L,-4.476659774780273
Q162R:Q170R,-2.981239080429077
Q162R:Q170W,-9.600759506225586
Q162R:N214T,-4.236113548278809
Q162R:N214Q,-4.333216667175293
Q162R:N214M,-6.361782550811768
Q162S:E174V,-12.097345352172852
Q162T:G200V,-19.1221923828125
Q162T:G200S,-14.300642013549805
Q162T:G200R,-14.937665939331055
Q162T:G200L,-17.173995971679688
Q162T:G180A,-17.38956642150879
Q162T:F167W,-8.67044734954834
Q162T:E174S,-12.321113586425781
Q162T:E174G,-11.277679443359375
Q162T:D187L,-19.66166114807129
Q162T:D187G,-16.451828002929688
Q162S:Y209W,-12.663494110107422
Q162S:Y209V,-11.828882217407227
Q162S:Y209T,-15.748764038085938
Q162S:Y209S,-14.454524993896484
Q162S:Y209R,-9.226781845092773
Q162S:Y209P,-20.124990463256836
Q162S:Y209M,-9.445188522338867
Q162S:Y209L,-9.288455963134766
Q162S:Y209G,-17.490306854248047
Q162S:Y209F,-9.936079025268555
Q162S:Y209E,-19.107723236083984
Q162S:Y209C,-10.825970649719238
Q162T:C198D,-17.536182403564453
Q162T:C198G,-16.983768463134766
Q162T:C198V,-8.298579216003418
Q162S:V213P,-12.205368041992188
Q162S:V213D,-10.82371711730957
Q162S:V210G,-19.744924545288086
Q162S:V210E,-20.106151580810547
Q162S:Y209A,-12.090307235717773
Q162T:D172S,-10.925573348999023
Q162T:D172P,-9.129152297973633
Q162T:D166L,-20.651752471923828
Q162T:D166G,-17.78716278076172
Q162T:C198W,-18.583343505859375
Q162R:M186A,-9.347724914550781
Q162R:L175K,-15.716808319091797
Q162R:L175G,-14.649662017822266
Q162R:N208Q,0.6122581958770752
Q162R:N208M,-1.4562640190124512
Q162R:N208L,-3.3983588218688965
Q162R:N208K,1.9701051712036133
Q162R:M186E,-5.836544036865234
Q162R:N208D,-2.6258249282836914
Q162R:M186L,-2.2638349533081055
Q162R:C198N,-10.867307662963867
Q162R:C198L,-5.246455669403076
Q162R:C198K,-9.179634094238281
Q162R:C198G,-11.882577896118164
Q162R:C198F,-10.455535888671875
Q162R:C198D,-12.434991836547852
Q162R:A163G,-10.119375228881836
Q162P:Y209W,-17.372848510742188
Q162P:Y209V,-16.538236618041992
Q162P:Y209T,-20.458118438720703
Q162P:Y209S,-19.16387939453125
Q162P:Y209G,-22.199661254882812
Q162R:M186W,-8.870492935180664
Q162R:M186T,-4.85382080078125
Q162R:M186S,-8.193819046020508
Q162R:M186R,-8.57421875
Q162R:M186Q,-6.553369045257568
Q162R:M186N,-9.888225555419922
Q162R:M186K,-7.661290645599365
Q162R:C198T,-8.681497573852539
Q162R:N208C,-0.2853507995605469
Q162R:G200M,-11.477405548095703
Q162R:N208A,-0.1978621482849121
Q162R:G180L,-13.925249099731445
Q162R:G200D,-7.752257347106934
Q162R:G200A,-10.271867752075195
Q162R:G180W,-12.616222381591797
Q162R:G180V,-15.891996383666992
Q162R:G180R,-13.402376174926758
Q162R:G180A,-12.288375854492188
Q162R:C198V,-3.1973886489868164
Q162R:C198W,-13.482152938842773
Q162R:D166G,-12.685972213745117
Q162R:D187W,-15.713863372802734
Q162R:D187V,-13.35870361328125
Q162R:D187L,-14.560470581054688
Q162R:D187G,-11.350637435913086
Q162R:D187E,-4.802513122558594
Q162R:E174H,-0.5103034973144531
Q162R:E174I,-5.940380573272705
Q162R:E174P,-14.536857604980469
Q162R:E174G,-6.176488399505615
Q162A:G180A,-18.196510314941406
Q162A:G180E,-18.718929290771484
Q162A:G180P,-17.53546905517578
Q162A:G180T,-21.306140899658203
Q162A:G180V,-21.800128936767578
Q162A:G200A,-16.18000030517578
Q162A:G200L,-17.980937957763672
Q162A:G200M,-17.385540008544922
Q162A:G200Q,-15.203706741333008
Q162A:G200R,-15.744608879089355
Q162A:G200V,-19.929134368896484
Q162A:G200Y,-17.59445571899414
Q162N:M186T,-13.483150482177734
Q162N:M186W,-17.49982261657715
Q162P:V210S,-20.961111068725586
Q162P:V210G,-24.45427894592285
Q162P:Y209A,-16.79966163635254
Q162P:Y209C,-15.535324096679688
Q162P:Y209L,-13.997810363769531
Q162R:D166L,-15.550561904907227
Q162R:F167P,-14.176643371582031
Q162R:E174L,-1.164238452911377
Q162P:N208L,-14.430667877197266
Q162P:G180T,-26.430316925048828
Q162P:Q170L,-15.5089693069458
Q162P:P206G,-23.20147705078125
Q162P:P206A,-21.022144317626953
Q162P:P191W,-23.271278381347656
Q162P:P191V,-17.961654663085938
Q162P:P191N,-17.441709518432617
Q162P:N208W,-14.77784538269043
Q162P:N208Q,-10.420050621032715
Q162P:N208M,-12.48857307434082
Q162P:N208K,-9.062204360961914
Q162P:N208A,-11.230171203613281
Q162P:M186W,-19.902801513671875
Q162L:Y209V,-8.71035385131836
Q162P:M186S,-19.22612762451172
Q162P:M186Q,-17.585678100585938
Q162P:M186L,-13.296143531799316
Q162P:M186K,-18.693599700927734
Q162P:M186E,-16.868852615356445
Q162P:L175G,-25.68197250366211
Q162P:M186R,-19.60652732849121
Q162P:N208C,-11.317659378051758
Q162P:G200V,-25.05331039428711
Q162P:G200S,-20.231760025024414
Q162P:G200R,-20.868783950805664
Q162P:G200P,-25.504240036010742
Q162P:G200M,-22.509716033935547
Q162P:G200L,-23.105113983154297
Q162P:G200D,-18.78456687927246
Q162P:G180W,-23.648530960083008
Q162P:D172A,-15.589685440063477
Q162P:E174V,-16.806699752807617
Q162P:E174P,-25.56916618347168
Q162P:E174H,-11.542612075805664
Q162R:G200V,-14.021001815795898
Q162R:G200S,-9.199451446533203
Q162R:G200R,-9.836475372314453
Q162R:G200L,-12.072805404663086
Q162P:D166L,-26.582870483398438
Q162P:C198W,-24.514461517333984
Q162P:C198V,-14.229698181152344
Q162P:C198G,-22.914886474609375
Q162P:C198D,-23.467300415039062
Q162P:C198A,-16.10910415649414
Q162N:Y209V,-14.135257720947266
Q162N:Y209Q,-17.579044342041016
Q162N:Y209L,-11.594831466674805
Q162N:Y209G,-19.796682357788086
Q162N:Y209D,-22.36536407470703
Q162N:Y209C,-13.132345199584961
Q162P:D187P,-28.6415958404541
Q162P:D187L,-25.5927791595459
Q162P:D187G,-22.382946014404297
Q162N:P206W,-19.314306259155273
Q162N:P206L,-17.881980895996094
Q162N:P206G,-20.798500061035156
Q162N:N214R,-14.176097869873047
Q162N:N214G,-14.463397026062012
Q162N:N208W,-12.374866485595703
Q162N:N208Q,-8.017071723937988
Q162N:N208L,-12.027688980102539
Q162N:N208K,-6.659224987030029
Q162N:G200V,-22.650331497192383
Q162N:G200S,-17.828781127929688
Q162N:G200R,-18.465805053710938
Q162N:G200Q,-17.924903869628906
Q162N:G200A,-18.90119743347168
Q162M:L175G,-18.036623001098633
Q162M:M186E,-9.223505020141602
Q162M:G200R,-13.223435401916504
Q162M:G200L,-15.459765434265137
Q162M:G180W,-16.00318145751953
Q162M:G180A,-15.675336837768555
Q162M:M186R,-11.96117877960205
Q162M:M186L,-5.6507954597473145
Q162M:M186K,-11.048251152038574
Q162M:M186C,-12.29448127746582
Q162M:G200S,-12.586411476135254
Q162N:D166L,-24.17989158630371
Q162N:G180A,-20.917705535888672
Q162N:L175M,-17.23910903930664
Q162N:F167G,-21.507671356201172
Q162N:E174S,-15.849252700805664
Q162N:E174R,-10.856500625610352
Q162N:E174G,-14.805818557739258
Q162N:M186P,-24.129533767700195
Q162N:M186L,-10.89316463470459
Q162N:M186K,-16.290620803833008
Q162N:M186E,-14.465873718261719
Q162M:G200V,-17.407962799072266
Q162V:F167N,-8.215112686157227
Q162V:F167L,-11.39755916595459
Q162V:E174V,-8.478524208068848
Q162V:E174S,-9.924056053161621
Q162V:E174P,-17.240989685058594
Q162V:E174L,-3.8683719635009766
Q162V:E174G,-8.880621910095215
Q162V:D187W,-18.41799545288086
Q162V:D187V,-16.062835693359375
Q162V:D187G,-14.054770469665527
Q162V:D172G,-10.588092803955078
Q162V:D166M,-16.874135971069336
Q162V:D166G,-15.390106201171875
Q162V:C198W,-16.18628692626953
Q162V:C198N,-13.571441650390625
Q162V:C198L,-7.950589179992676
Q162V:C198G,-14.586711883544922
Q162V:C198F,-13.159669876098633
Q162T:Y209W,-11.441728591918945
Q162T:Y209V,-10.607118606567383
Q162T:Y209S,-13.232759475708008
Q162T:Y209R,-8.005017280578613
Q162T:Y209P,-18.90322494506836
Q162T:Y209L,-8.066691398620605
Q162T:Y209K,-6.780623912811279
Q162T:Y209G,-16.268543243408203
Q162T:Y209F,-8.714313507080078
Q162T:Y209C,-9.604206085205078
Q162T:Y209A,-10.868542671203613
Q162R:N208Y,-3.488823890686035
Q162R:N208W,-3.7455368041992188
Q162M:Q170R,-6.368199348449707
Q162M:P206Y,-13.061478614807129
Q162M:P206W,-14.07193660736084
Q162M:P206V,-16.42666244506836
Q162M:P206T,-14.739392280578613
Q162M:P206S,-11.901352882385254
Q162M:P206M,-14.067915916442871
Q162M:P206K,-10.114269256591797
Q162M:M186Q,-9.940329551696777
Q162M:P206L,-12.639612197875977
Q162M:P191S,-9.406692504882812
Q162M:P191R,-9.298309326171875
Q162M:P191G,-11.029899597167969
Q162M:N208W,-7.132497310638428
Q162M:N208Q,-2.774702310562134
Q162M:N208M,-4.84322452545166
Q162M:N208L,-6.7853193283081055
Q162M:N208K,-1.4168553352355957
Q162M:N208A,-3.584822654724121
Q162M:P206E,-15.023187637329102
Q162M:M186W,-12.257453918457031
Q162M:P206G,-15.556129455566406
Q162A:V210C,-12.64122200012207
Q162A:M186S,-14.101953506469727
Q162A:M186Q,-12.461503028869629
Q162A:C198V,-9.105522155761719
Q162A:C198W,-19.390287399291992
Q162A:D166A,-16.901153564453125
Q162A:D187C,-15.597935676574707
Q162A:D187G,-17.258769989013672
Q162A:E174G,-12.084622383117676
Q162A:E174M,-3.1678080558776855
Q162A:E174P,-20.444992065429688
Q162A:F167K,-14.074440002441406
Q162A:F167N,-11.419113159179688
Q162A:F167Q,-15.161039352416992
Q162C:C198V,-7.760684013366699
Q162C:C198W,-18.045448303222656
Q162C:D166A,-15.556314468383789
Q162A:L175T,-21.16358184814453
Q162A:L175V,-17.359329223632812
Q162A:M186A,-15.255859375
Q162A:M186E,-11.744678497314453
Q162A:M186K,-13.569424629211426
Q162A:M186L,-8.171968460083008
Q162A:M186R,-14.482352256774902
Q162A:C198G,-17.790712356567383
Q162M:E174P,-17.923816680908203
Q162M:D187W,-19.10082244873047
Q162M:D187G,-14.737597465515137
Q162M:D187E,-8.189474105834961
Q162M:D187A,-13.833547592163086
Q162C:C198K,-13.742929458618164
Q162M:C198W,-16.86911392211914
Q162M:C198V,-6.584349155426025
Q162M:C198G,-15.269538879394531
Q162M:C198E,-17.813631057739258
Q162M:C198A,-8.463756561279297
Q162L:Y209W,-9.544964790344238
Q162M:D172C,-12.217226028442383
Q162C:C198G,-16.445873260498047
Q162M:V213L,-5.935462951660156
Q162M:V210G,-16.808929443359375
Q162N:M186R,-17.203548431396484
Q162A:P206G,-18.077302932739258
Q162A:P206L,-15.160785675048828
Q162A:Q170G,-12.098060607910156
Q162A:Q170L,-10.384794235229492
Q162A:Q170R,-8.889372825622559
Q162A:Q170S,-9.680933952331543
Q162A:Q170V,-10.275379180908203
Q162M:Y209A,-9.154312133789062
Q162M:Y209D,-17.12299346923828
Q162N:D166W,-24.19212532043457
Q162N:C198W,-22.11148452758789
Q162N:C198L,-13.875785827636719
Q162N:C198G,-20.51190948486328
Q162M:Y209W,-9.727499008178711
Q162M:Y209V,-8.892888069152832
Q162M:Y209T,-12.812769889831543
Q162M:Y209R,-6.2907867431640625
Q162M:Y209L,-6.352461338043213
Q162M:Y209G,-14.554312705993652
Q162M:Y209F,-7.000083923339844
Q162M:Y209C,-7.8899760246276855
Q162A:N208W,-9.653671264648438
Q162A:N214G,-11.74220085144043
Q162A:N214K,-10.037334442138672
Q162A:M186T,-10.761955261230469
Q162A:Y209C,-10.411149978637695
Q162A:Y209E,-18.692901611328125
Q162A:Y209G,-17.075485229492188
Q162A:Y209H,-9.495674133300781
Q162A:Y209K,-7.587567329406738
Q162A:Y209L,-8.873635292053223
Q162A:Y209M,-9.030367851257324
Q162A:Y209R,-8.811960220336914
Q162A:Y209S,-14.039703369140625
Q162A:Y209V,-11.414061546325684
Q162A:Y209W,-12.248672485351562
Q162A:N208M,-7.364398002624512
Q162A:N208L,-9.306492805480957
Q162A:P206F,-16.466899871826172
Q162A:N208A,-6.105996131896973
Q162A:N208H,-7.9722771644592285
Q162A:N208K,-3.9380288124084473
Q162A:M186W,-14.778627395629883
Q162S:M186T,-11.176775932312012
Q162G:E174G,-16.463207244873047
Q162G:E174L,-11.450957298278809
Q162G:M186D,-19.765378952026367
Q162G:D187R,-23.724679946899414
Q162G:E174T,-18.275981903076172
Q162G:E174M,-7.546392917633057
Q162G:E174I,-16.227100372314453
Q162G:D172C,-19.116985321044922
Q162G:D172L,-17.879859924316406
Q162G:D172R,-16.191898345947266
Q162G:D187A,-20.733306884765625
Q162G:D187E,-15.089231491088867
Q162G:D187G,-21.63735580444336
Q162G:D187V,-23.645421981811523
Q162C:Y209A,-10.330647468566895
Q162C:Y209C,-9.06631088256836
Q162C:Y209E,-17.348064422607422
Q162C:Y209F,-8.17641830444336
Q162C:Y209G,-15.730648040771484
Q162C:Y209I,-10.708822250366211
Q162C:Y209L,-7.528796195983887
Q162C:Y209M,-7.685528755187988
Q162C:Y209P,-18.36532974243164
Q162C:Y209R,-7.467121601104736
Q162C:Y209S,-12.694864273071289
Q162C:Y209V,-10.069223403930664
Q162C:Y209W,-10.903833389282227
Q162G:G180A,-22.575096130371094
Q162G:G180L,-24.21196746826172
Q162G:G180T,-25.68472671508789
Q162G:G180V,-26.178714752197266
Q162G:G180W,-22.90294075012207
Q162G:G200A,-20.55858612060547
Q162G:G200L,-22.35952377319336
Q162G:G200R,-20.123193740844727
Q162G:G200V,-24.307720184326172
Q162G:P191C,-18.46856117248535
Q162G:P191G,-17.929656982421875
Q162G:N208M,-11.742982864379883
Q162G:N208Q,-9.674460411071777
Q162G:N208W,-14.032255172729492
Q162G:N208Y,-13.775543212890625
Q162G:N214G,-16.120784759521484
Q162G:N214V,-15.220684051513672
Q162G:M186K,-17.948009490966797
Q162G:M186L,-12.550553321838379
Q162G:M186P,-25.786922454833984
Q162G:M186Q,-16.840087890625
Q162G:M186R,-18.860937118530273
Q162G:M186S,-18.48053741455078
Q162G:M186T,-15.140539169311523
Q162G:M186W,-19.157211303710938
Q162G:M186E,-16.123262405395508
Q162G:M186A,-19.634443283081055
Q162G:E174V,-16.06110954284668
Q162G:F167C,-18.377662658691406
Q162G:F167N,-15.797698020935059
Q162G:P206Y,-19.96123695373535
Q162G:P191E,-13.910533905029297
Q162G:P191L,-18.353906631469727
Q162G:P191W,-22.52568817138672
Q162G:P206A,-20.276554107666016
Q162G:P206E,-21.92294692993164
Q162G:P206G,-22.455886840820312
Q162G:P206K,-17.014026641845703
Q162G:P206L,-19.539369583129883
Q162G:P206M,-20.967674255371094
Q162G:P206N,-15.86809253692627
Q162G:P206R,-16.14571189880371
Q162G:P206S,-18.801111221313477
Q162G:P206T,-21.639150619506836
Q162G:P206W,-20.971694946289062
Q162G:N208L,-13.685077667236328
Q162C:M186K,-12.224586486816406
Q162C:P206L,-13.815946578979492
Q162C:M186R,-13.137514114379883
Q162C:M186T,-9.417116165161133
Q162C:M186W,-13.433788299560547
Q162C:F167L,-13.256721496582031
Q162C:G200A,-14.835163116455078
Q162C:G200M,-16.040700912475586
Q162C:M186L,-6.827130317687988
Q162C:Q170V,-8.930540084838867
Q162C:E174G,-10.739784240722656
Q162E:P191D,-8.191429138183594
Q162E:P191R,-9.52064323425293
Q162E:P206G,-15.778462409973145
Q162E:P206Q,-12.498502731323242
Q162E:P206V,-16.64899444580078
Q162E:P206W,-14.294269561767578
Q162E:Q170R,-6.590532302856445
Q162E:N208L,-7.007652282714844
Q162E:N208K,-1.639188289642334
Q162E:L175T,-18.864742279052734
Q162E:M186A,-12.95701789855957
Q162E:M186E,-9.445837020874023
Q162E:M186K,-11.270584106445312
Q162E:M186L,-5.873128414154053
Q162E:M186Q,-10.162662506103516
Q162E:M186R,-12.183511734008789
Q162E:M186S,-11.803112983703613
Q162E:N214C,-10.547700881958008
Q162C:N208A,-4.761157512664795
Q162C:N208K,-2.5931901931762695
Q162C:N208L,-7.961654186248779
Q162C:N208M,-6.019559383392334
Q162C:N208W,-8.308832168579102
Q162C:P206E,-16.199522018432617
Q162C:P206G,-16.732463836669922
Q162C:P206V,-17.602996826171875
Q162E:N208M,-5.065557479858398
Q162E:N208Q,-2.997035264968872
Q162E:N208W,-7.354830265045166
Q162C:V210D,-17.86387062072754
Q162C:V210I,-13.230213165283203
Q162C:M186A,-13.911020278930664
Q162C:M186C,-13.470815658569336
Q162C:G200V,-18.58429718017578
Q162C:M186E,-10.399839401245117
Q162C:G200R,-14.399770736694336
Q162C:G200L,-16.63610076904297
Q162G:N208K,-8.316614151000977
Q162W:M186K,-15.100072860717773
Q162W:Y209M,-10.561016082763672
Q162L:Y209T,-12.63023567199707
Q162W:Y209R,-10.342608451843262
Q162W:Q170G,-13.628707885742188
Q162W:Y209T,-16.864591598510742
Q162W:Y209S,-15.570351600646973
Q162W:Y209V,-12.944709777832031
Q162W:Y209W,-13.77932071685791
Q162W:Y209H,-11.026321411132812
Q162W:Y209K,-9.118215560913086
Q162W:Y209G,-18.60613441467285
Q162W:Y209F,-11.051905632019043
Q162W:Y209C,-11.941797256469727
Q162W:Y209A,-13.206134796142578
Q162W:V210F,-20.500255584716797
Q162W:P191E,-11.062597274780273
Q162W:Q170V,-11.80602741241455
Q162W:Q170S,-11.21158218383789
Q162W:Q170M,-10.750754356384277
Q162W:P206E,-19.075008392333984
Q162W:P206G,-19.607952117919922
Q162W:P206L,-16.69143295288086
Q162W:P206Q,-16.327991485595703
Q162W:P206R,-13.297775268554688
Q162W:P206S,-15.953174591064453
Q162W:P206W,-18.12375831604004
Q162W:N214L,-13.823249816894531
Q162W:M186L,-9.702616691589355
Q162W:Y209L,-10.40428352355957
Q162W:N208M,-8.89504623413086
Q162W:N208L,-10.837141036987305
Q162W:N208K,-5.468677043914795
Q162W:N208C,-7.724133014678955
Q162W:N208A,-7.63664436340332
Q162W:Y209Q,-16.38849639892578
Q162W:N208W,-11.184318542480469
Q162W:M186W,-16.309274673461914
Q162W:M186T,-12.2926025390625
Q162W:M186R,-16.01300048828125
Q162E:V210C,-10.342382431030273
Q162E:V210L,-15.364848136901855
Q162E:V213A,-7.812405586242676
Q162E:Y209A,-9.376646041870117
Q162E:Y209C,-8.112308502197266
Q162E:Y209F,-7.222416877746582
Q162E:Y209E,-16.394062042236328
Q162E:Y209M,-6.731526851654053
Q162E:Y209P,-17.411327362060547
Q162E:Y209R,-6.513119697570801
Q162E:Y209S,-11.740862846374512
Q162E:Y209T,-13.035102844238281
Q162E:Y209V,-9.11522102355957
Q162E:Y209W,-9.94983196258545
Q162E:Y209K,-5.288726806640625
Q162E:Y209G,-14.77664566040039
Q162G:N208A,-10.484580993652344
Q162G:N208C,-10.57206916809082
Q162G:N208D,-12.912544250488281
Q162E:Y209L,-6.574794292449951
Q162W:M186I,-11.410344123840332
Q162W:M186E,-13.275325775146484
Q162G:C198A,-15.363513946533203
Q162G:C198G,-22.169296264648438
Q162G:C198K,-19.466352462768555
Q162G:C198L,-15.533174514770508
Q162G:C198M,-18.932781219482422
Q162G:C198V,-13.484107971191406
Q162G:D166A,-21.27973747253418
Q162G:D166G,-22.97269058227539
Q162G:D166L,-25.8372802734375
Q162E:M186W,-12.479785919189453
Q162H:M186E,-11.805452346801758
Q162H:M186L,-8.232743263244629
Q162H:M186R,-14.543127059936523
Q162H:M186W,-14.839401245117188
Q162H:N208A,-6.1667704582214355
Q162H:N208K,-3.99880313873291
Q162H:N208L,-9.367267608642578
Q162H:N208M,-7.425172328948975
Q162H:N208W,-9.714445114135742
Q162L:N208D,-5.830251216888428
Q162L:P206W,-13.889402389526367
Q162L:N208L,-6.602785110473633
Q162L:M186E,-9.040969848632812
Q162L:N208K,-1.234321117401123
Q162L:M186K,-10.865716934204102
Q162L:M186L,-5.468261241912842
Q162L:M186Q,-9.757795333862305
Q162L:M186R,-11.778644561767578
Q162L:M186S,-11.398245811462402
Q162L:M186W,-12.074918746948242
Q162L:N208A,-3.4022884368896484
Q162L:N208C,-3.489777088165283
Q162L:P206V,-16.244129180908203
Q162H:M186A,-15.316633224487305
Q162H:V213C,-10.556873321533203
Q162H:P191C,-14.150751113891602
Q162H:N214E,-9.154914855957031
Q162H:P206A,-15.958744049072266
Q162H:G180C,-19.738624572753906
Q162H:G180R,-19.37128448486328
Q162H:G180V,-21.860904693603516
Q162H:G200D,-13.721165657043457
Q162H:G200L,-18.04171371459961
Q162H:G200R,-15.805383682250977
Q162L:P206M,-13.885381698608398
Q162L:P206L,-12.457077026367188
Q162L:P206K,-9.931735038757324
Q162L:V210D,-16.505001068115234
Q162L:V210G,-16.62639617919922
Q162L:G180A,-15.492802619934082
Q162L:Y209C,-7.707441806793213
Q162L:Y209E,-15.989194869995117
Q162L:Y209F,-6.817549705505371
Q162L:Y209G,-14.37177848815918
Q162L:Y209I,-9.349952697753906
Q162L:Y209L,-6.16992712020874
Q162L:Y209M,-6.326659679412842
Q162L:Y209P,-17.00646209716797
Q162L:Y209R,-6.10825252532959
Q162L:Y209S,-11.3359956741333
Q162L:V213Q,-6.278451919555664
Q162L:V210S,-13.133228302001953
Q162L:V210F,-16.265899658203125
Q162L:M186A,-12.55215072631836
Q162L:N208M,-4.6606903076171875
Q162L:N208Q,-2.592168092727661
Q162L:N208W,-6.949963092803955
Q162L:N214C,-10.142833709716797
Q162L:N214E,-6.390432357788086
Q162L:N214G,-9.038493156433105
Q162L:N214L,-9.58889389038086
Q162L:N214R,-8.75119400024414
Q162L:P191F,-14.813106536865234
Q162L:P191N,-9.613826751708984
Q162L:P191R,-9.115776062011719
Q162L:P206C,-12.988201141357422
Q162L:P206D,-10.799860000610352
Q162L:P206E,-14.840653419494629
Q162L:P206F,-13.763193130493164
Q162L:P206G,-15.373595237731934
Q162L:G180K,-16.513769149780273
Q162L:G180L,-17.129674911499023
Q162L:G180M,-17.03588104248047
Q162L:G180R,-16.606801986694336
Q162L:G180V,-19.09642219543457
Q162L:G200A,-13.476293563842773
Q162L:G200L,-15.277231216430664
Q162L:G200R,-13.040901184082031
Q162L:G200S,-12.403877258300781
Q162L:G200V,-17.225427627563477
Q162L:Y209A,-8.971778869628906
Q162H:P206G,-18.138076782226562
Q162H:P206S,-14.483301162719727
Q162I:Y209G,-14.81000804901123
Q162I:Y209I,-9.788183212280273
Q162I:Y209L,-6.608156681060791
Q162I:Y209R,-6.546482086181641
Q162I:Y209S,-11.774225234985352
Q162I:Y209V,-9.14858341217041
Q162G:Y209A,-16.0540714263916
Q162G:Y209C,-14.78973388671875
Q162G:Y209E,-23.071487426757812
Q162G:Y209F,-13.899842262268066
Q162G:Y209G,-21.454071044921875
Q162G:Y209K,-11.96615219116211
Q162G:Y209L,-13.252220153808594
Q162G:Y209M,-13.408952713012695
Q162G:Y209P,-24.08875274658203
Q162G:Y209R,-13.190545082092285
Q162G:Y209S,-18.418289184570312
Q162G:Y209V,-15.792646408081055
Q162G:Y209W,-16.62725830078125
Q162H:A163G,-16.08828353881836
Q162H:A163M,-20.13323974609375
Q162H:Y209F,-9.58203125
Q162H:Y209L,-8.934409141540527
Q162I:Y209C,-8.145671844482422
Q162G:V210A,-18.81627655029297
Q162G:V210E,-24.069915771484375
Q162G:V210G,-23.708688735961914
Q162G:V210H,-25.394115447998047
Q162G:V210T,-13.381450653076172
Q162G:V213L,-12.835221290588379
Q162G:V213N,-12.612556457519531
Q162G:V213R,-14.591151237487793
Q162H:P206W,-16.653884887695312
Q162H:Y209A,-11.736260414123535
Q162H:D187G,-17.31954574584961
Q162H:D187W,-21.682771682739258
Q162H:E174G,-12.145397186279297
Q162H:E174W,-6.927729606628418
Q162H:C198L,-11.215364456176758
Q162H:C198G,-17.851486206054688
Q162H:P206R,-11.827901840209961
Q162H:C198V,-9.16629695892334
Q162H:D166M,-20.1389102935791
Q162I:Y209W,-9.983194351196289
Q162E:G200T,-15.388734817504883
Q162E:G180L,-17.534542083740234
Q162E:G180R,-17.011669158935547
Q162E:G200A,-13.881160736083984
Q162E:G200D,-11.361551284790039
Q162E:G200L,-15.682098388671875
Q162E:C198W,-17.091445922851562
Q162E:C198V,-6.806682109832764
Q162E:G200M,-15.086699485778809
Q162E:G200R,-13.445768356323242
Q162E:G200Q,-12.904867172241211
Q162E:G200S,-12.808744430541992
Q162E:G200V,-17.630294799804688
Q162C:D187W,-20.277158737182617
Q162L:C198F,-13.65996265411377
Q162L:C198G,-15.087004661560059
Q162L:C198K,-12.38405990600586
Q162L:C198L,-8.450881958007812
Q162L:C198S,-11.019932746887207
Q162L:C198V,-6.401814937591553
Q162L:C198W,-16.686580657958984
Q162L:D166G,-15.890398979187012
Q162L:D166L,-18.754987716674805
Q162L:D166W,-18.767221450805664
Q162E:C198L,-8.855749130249023
Q162E:C198K,-12.78892707824707
Q162E:N208A,-3.8071556091308594
Q162E:N208C,-3.894644260406494
Q162E:N208D,-6.235118389129639
Q162E:L175G,-18.258956909179688
Q162E:C198G,-15.49187183380127
Q162E:F167W,-7.1785502433776855
Q162E:F167G,-16.48763656616211
Q162E:D187G,-14.959930419921875
Q162E:D187W,-19.323156356811523
Q162E:D172G,-11.493252754211426
Q162L:G180H,-15.106941223144531
Q162L:Q170G,-9.394351959228516
Q162L:V213R,-7.508858680725098
Q162L:Q170S,-6.977226257324219
Q162L:D187A,-13.651013374328613
Q162L:D187G,-14.555063247680664
Q162L:D187L,-17.764896392822266
Q162L:D187R,-16.64238739013672
Q162L:D187V,-16.563129425048828
Q162L:D187W,-18.918289184570312
Q162L:E174A,-8.304739952087402
Q162L:E174G,-9.380914688110352
Q162L:E174S,-10.424348831176758
Q162L:F167D,-18.07965850830078
A163G:G200Q,-16.35807228088379
A163G:G200M,-18.539905548095703
A163G:G200L,-19.135303497314453
A163G:G180A,-19.350875854492188
A163G:G180E,-19.873294830322266
A163G:G180R,-20.464874267578125
A163G:G180W,-19.678720474243164
A163G:G180V,-22.95449447631836
A163G:F167L,-15.755924224853516
A163G:G200A,-17.334365844726562
A163G:G200R,-16.89897346496582
A163G:G200S,-16.26194953918457
A163G:G200V,-21.083499908447266
A163G:F167G,-19.940841674804688
A163C:L175M,-18.460216522216797
A163C:M186L,-12.114274024963379
A163C:M186P,-25.350643157958984
A163C:M186R,-18.424657821655273
A163C:M186T,-14.704259872436523
A163C:M186W,-18.720932006835938
A163C:M186S,-18.04425811767578
A163C:M186K,-17.511730194091797
A163C:M186I,-13.822001457214355
A163C:L175K,-25.56724739074707
A163G:E174K,-7.40375280380249
A163G:N208Y,-10.551322937011719
A163G:N214G,-12.896565437316895
A163C:N208K,-7.880334377288818
A163C:N208L,-13.248798370361328
A163C:N208W,-13.595975875854492
A163C:P206G,-22.019607543945312
A163C:P206Q,-18.739648818969727
A163C:P206S,-18.364831924438477
A163C:M186E,-15.686983108520508
A163G:E174W,-8.021320343017578
A163G:E174T,-15.051761627197266
A163G:M186K,-14.72378921508789
A163G:M186P,-22.562702178955078
A163G:N208A,-7.2603607177734375
A163G:N208C,-7.347849369049072
A163G:N208D,-9.688323974609375
A163W:M186W,-23.209033966064453
A163G:L175G,-21.712162017822266
A163G:L175K,-22.779306411743164
A163G:M186A,-16.41022300720215
A163G:M186C,-15.970019340515137
A163G:M186E,-12.899042129516602
A163G:N208K,-5.092393398284912
A163G:N208L,-10.460857391357422
A163G:N208M,-8.518762588500977
A163G:E174R,-9.289669036865234
A163G:E174S,-14.282421112060547
A163G:N208W,-10.808034896850586
A163G:E174V,-12.836889266967773
A163G:N208Q,-6.450240135192871
A163G:M186Q,-13.615867614746094
A163G:M186R,-15.636716842651367
A163G:M186S,-15.256318092346191
A163G:M186T,-11.916318893432617
A163G:M186W,-15.932991027832031
A163G:M186Y,-15.757744789123535
A163G:M186L,-9.326333045959473
A163E:Q170R,-12.449697494506836
A163E:L175G,-24.118122100830078
A163E:M186A,-18.81618309020996
A163E:M186E,-15.305002212524414
A163E:M186I,-13.440020561218262
A163E:G200V,-23.489459991455078
A163W:M186R,-22.91275978088379
A163E:P206L,-18.72110939025879
A163E:P206R,-15.327451705932617
A163E:V210M,-22.030948638916016
A163E:V210N,-23.18901824951172
A163G:E174G,-13.23898696899414
A163G:P206W,-17.747474670410156
A163G:Q170L,-11.539158821105957
A163G:P206V,-20.10219955444336
A163G:P206S,-15.57689094543457
A163G:P206R,-12.921491622924805
A163G:P206M,-17.743453979492188
A163G:N214H,-12.406991004943848
A163G:N214P,-12.587813377380371
A163G:N214F,-14.133427619934082
A163G:N214S,-11.651872634887695
A163C:G180V,-25.742435455322266
A163C:G180C,-23.620155334472656
A163C:D187G,-21.20107650756836
A163C:D187T,-22.879234313964844
A163C:D187V,-23.209142684936523
A163C:E174C,-14.469696044921875
A163G:P191A,-11.180603981018066
A163G:P191I,-15.9374418258667
A163G:P191S,-13.082229614257812
A163G:P206A,-17.05233383178711
A163G:P206C,-16.84627342224121
A163G:P206G,-19.231666564941406
A163G:P206H,-9.433149337768555
A163G:P206I,-19.906612396240234
A163G:P206K,-13.789807319641113
A163G:P206L,-16.315149307250977
A163G:P191R,-12.973848342895508
A163C:C198G,-21.733016967773438
A163C:G200R,-19.686914443969727
A163C:G200T,-21.629880905151367
A163Q:M186K,-18.586162567138672
A163Q:M186L,-13.188705444335938
A163Q:M186R,-19.499088287353516
A163Q:M186T,-15.778692245483398
A163Q:M186E,-16.761415481567383
A163Q:M186S,-19.118690490722656
A163Q:G200L,-22.997676849365234
A163Q:G200R,-20.76134490966797
A163Q:G200V,-24.945873260498047
A163Q:G180C,-24.69458770751953
A163Q:F167L,-19.618297576904297
A163Q:F167W,-14.49412727355957
A163N:G200L,-23.486309051513672
A163N:G200M,-22.890911102294922
A163N:G200R,-21.24997901916504
A163N:G200V,-25.434505462646484
A163M:Y209A,-16.874807357788086
A163M:Y209G,-22.27480697631836
A163M:Y209L,-14.072957038879395
A163M:Y209R,-14.011281967163086
A163N:C198G,-23.29608154296875
A163N:C198V,-14.610893249511719
A163N:D166V,-24.785606384277344
A163M:Y209W,-17.447994232177734
A163P:G200A,-19.634395599365234
A163Q:C198G,-22.807449340820312
A163Q:C198V,-14.122259140014648
A163Q:P206V,-23.96457290649414
A163Q:Q170R,-13.906109809875488
A163Q:P206S,-19.43926239013672
A163P:N208K,-7.3924241065979
A163Q:P206R,-16.783864974975586
A163Q:P206G,-23.094039916992188
A163P:N208D,-11.988353729248047
A163P:P206G,-21.53169822692871
A163P:N208L,-12.76088809967041
A163P:N208M,-10.818793296813965
A163P:N208A,-9.560391426086426
A163P:N208C,-9.647880554199219
A163Q:N208K,-8.954765319824219
A163Q:N208M,-12.381134986877441
A163Q:N208Q,-10.312612533569336
A163Q:C198L,-16.17132568359375
A163Q:P206K,-17.652179718017578
A163Q:N208W,-14.670408248901367
A163Q:P191A,-15.042976379394531
A163Q:P191L,-18.99205780029297
A163Q:P191S,-16.944602966308594
A163Q:P206A,-20.91470718383789
A163P:C198W,-22.844682693481445
A163P:F167L,-18.055953979492188
A163P:D187V,-22.721233367919922
A163P:C198V,-12.559917449951172
A163N:N208A,-11.611366271972656
A163P:D172C,-18.192794799804688
A163P:C198L,-14.60898494720459
A163P:E174S,-16.58245086669922
A163P:C198D,-21.797521591186523
A163P:C198G,-21.245107650756836
A163P:G180V,-25.25452423095703
A163P:C198F,-19.818065643310547
A163N:N208K,-9.443399429321289
A163N:N208L,-14.81186294555664
A163N:N208M,-12.869768142700195
A163N:N208W,-15.159040451049805
A163N:N214C,-18.351911544799805
A163N:P191R,-17.324853897094727
A163N:P206G,-23.582672119140625
A163N:N208Q,-10.80124568939209
A163N:M186W,-20.28399658203125
A163N:M186S,-19.607322692871094
A163N:M186A,-20.761228561401367
A163N:M186E,-17.25004768371582
A163N:M186K,-19.07479476928711
A163N:M186L,-13.677338600158691
A163N:M186R,-19.987722396850586
A163M:N208A,-11.305317878723145
A163M:M186E,-16.944000244140625
A163M:L175V,-22.558650970458984
A163M:M186C,-20.014976501464844
A163M:N208K,-9.137350082397461
A163N:E174C,-16.032760620117188
A163N:E174G,-17.58999252319336
A163N:E174W,-12.372325897216797
A163M:M186K,-18.76874542236328
A163M:M186L,-13.37129020690918
A163M:M186R,-19.68167495727539
A163M:M186W,-19.977949142456055
A163N:V210L,-23.16905975341797
A163N:V213L,-13.962006568908691
A163N:V213Q,-14.487529754638672
A163N:Y209F,-15.026627540588379
A163N:Y209G,-22.580856323242188
A163N:Y209L,-14.379005432128906
A163N:Y209M,-14.535737991333008
A163N:Y209V,-16.919431686401367
A163N:Y209C,-15.916519165039062
A163M:N208L,-14.505814552307129
A163M:N208W,-14.85299301147461
A163M:N214F,-18.17838478088379
A163M:N214M,-17.46923828125
A163M:P191A,-15.225561141967773
A163D:Y209E,-22.281999588012695
A163D:Y209G,-20.664583206176758
A163D:Y209L,-12.462732315063477
A163D:Y209M,-12.619464874267578
A163D:Y209R,-12.401057243347168
A163D:Y209W,-15.837769508361816
A163E:C198V,-12.665847778320312
A163E:C198W,-22.950611114501953
A163E:D166A,-20.461477279663086
A163E:D187G,-20.819095611572266
A163E:D187L,-24.028928756713867
A163E:E174G,-15.644947052001953
A163E:E174R,-11.695629119873047
A163E:E174W,-10.42728042602539
A163E:C198K,-18.64809226989746
A163E:C198G,-21.351036071777344
A163E:G180R,-22.870834350585938
A163E:G180Y,-21.177108764648438
A163E:G200A,-19.740325927734375
A163E:G200R,-19.304933547973633
A163E:G200S,-18.667909622192383
A163E:C198N,-20.335765838623047
A163E:C198L,-14.714914321899414
A163Y:G180D,-23.262624740600586
A163Y:Y209L,-15.318180084228516
A163Y:Y209E,-25.137447357177734
A163Y:C198L,-17.59913444519043
A163Y:C198G,-24.23525619506836
A163W:Y209A,-20.105894088745117
A163W:Y209C,-18.841556549072266
A163W:V210G,-27.76051139831543
A163W:Y209E,-27.123310089111328
A163W:Y209G,-25.50589370727539
A163W:Y209L,-17.30404281616211
A163W:Y209M,-17.46077537536621
A163W:Y209R,-17.242368698120117
A163W:Y209S,-22.470111846923828
A163W:Y209T,-23.76435089111328
A163W:Y209V,-19.84446907043457
A163W:Y209W,-20.679080963134766
A163W:Y209F,-17.951663970947266
A163H:C198G,-24.612464904785156
A163Y:D166G,-25.038650512695312
A163Y:D172K,-17.261865615844727
A163Y:E174R,-14.579849243164062
A163Y:F167A,-22.87686538696289
A163E:G180M,-23.29991340637207
A163G:V210G,-20.484468460083008
A163G:V210M,-19.624988555908203
A163G:V210N,-20.783058166503906
A163G:V210S,-16.991300582885742
A163G:V210Y,-22.057348251342773
A163G:V213R,-11.366930961608887
A163D:P206M,-20.178186416625977
A163H:C198E,-27.156558990478516
A163G:Y209A,-12.829851150512695
A163G:Y209C,-11.565513610839844
A163G:Y209D,-20.798532485961914
A163G:Y209E,-19.847267150878906
A163G:Y209F,-10.67562198638916
A163G:Y209G,-18.22985076904297
A163G:Y209K,-8.741931915283203
A163G:Y209L,-10.027999877929688
A163G:Y209M,-10.184732437133789
A163G:Y209Q,-16.01221466064453
A163G:Y209R,-9.966324806213379
A163G:Y209S,-15.19406795501709
A163G:Y209T,-16.48830795288086
A163G:Y209V,-12.568426132202148
A163G:Y209W,-13.403037071228027
A163G:Y209I,-13.208024978637695
A163H:C198W,-26.212039947509766
A163D:P206G,-21.666400909423828
A163D:N208W,-13.242767333984375
A163C:Y209L,-12.815940856933594
A163C:Y209R,-12.754265785217285
A163C:Y209S,-17.982009887695312
A163C:Y209W,-16.19097900390625
A163D:C198G,-21.379810333251953
A163D:C198K,-18.676864624023438
A163D:E174H,-10.00753402709961
A163D:E174P,-24.034088134765625
A163D:F167W,-13.066488265991211
A163D:G180R,-22.899606704711914
A163D:G180V,-25.38922691345215
A163D:G200D,-17.249488830566406
A163D:P206W,-20.182207107543945
A163D:P206V,-22.53693389892578
A163D:P206T,-20.84966278076172
A163D:M186E,-15.33377456665039
A163D:M186Q,-16.050600051879883
A163D:M186R,-18.071449279785156
A163D:M186S,-17.691051483154297
A163D:M186W,-18.36772346496582
A163D:N208A,-9.695093154907227
A163D:M186C,-18.40475082397461
A163D:N208K,-7.527125835418701
A163D:N208L,-12.895589828491211
A163D:N208M,-10.953495025634766
A163D:N208Q,-8.88497257232666
A163D:P206Y,-19.171749114990234
A163D:P191F,-21.105911254882812
A163D:L175A,-23.586645126342773
A163D:M186D,-18.97589111328125
A163F:C198G,-24.70889663696289
A163F:C198W,-26.3084716796875
A163F:D187E,-17.62883186340332
A163E:Y209W,-15.80899715423584
A163E:Y209V,-14.974386215209961
A163E:Y209S,-17.60002899169922
A163E:Y209R,-12.372284889221191
A163G:C198V,-10.2598876953125
A163G:C198W,-20.54465103149414
A163G:D166L,-22.613059997558594
A163G:D166V,-20.434600830078125
A163G:D172E,-9.645719528198242
A163F:L175H,-27.91698455810547
A163F:M186K,-20.48760986328125
A163F:M186L,-15.090152740478516
A163F:M186R,-21.400535583496094
A163F:M186S,-21.020137786865234
A163F:M186Y,-21.521564483642578
A163E:Y209A,-15.235811233520508
A163E:Y209F,-13.081582069396973
A163E:Y209G,-20.63581085205078
A163E:Y209H,-13.055997848510742
A163E:Y209I,-15.613985061645508
A163E:Y209K,-11.147891998291016
A163E:Y209L,-12.4339599609375
A163E:Y209M,-12.590692520141602
A163E:Y209P,-23.270492553710938
A163E:Y209C,-13.971473693847656
A163F:N208L,-16.22467803955078
A163F:N208W,-16.571855545043945
A163F:N208Y,-16.315141677856445
A163G:D187W,-22.7763614654541
A163E:P206G,-21.63762664794922
A163E:P206H,-11.839109420776367
A163E:P206K,-16.19576644897461
A163E:N208L,-12.866817474365234
A163E:N208K,-7.498353481292725
A163E:M186S,-17.662277221679688
A163E:M186T,-14.32227897644043
A163E:M186W,-18.338951110839844
A163E:P206F,-20.027225494384766
A163E:M186P,-24.96866226196289
A163E:N208A,-9.66632080078125
A163E:N208C,-9.753808975219727
A163E:P191R,-15.37980842590332
A163E:P191I,-18.343402862548828
A163E:M186K,-17.129749298095703
A163E:P206M,-20.1494140625
A163E:M186L,-11.732293128967285
A163E:M186R,-18.04267692565918
A163E:N208M,-10.924722671508789
A163E:N208Q,-8.856200218200684
A163E:N208W,-13.213994979858398
A163E:N214F,-16.539386749267578
A163E:V213L,-12.016961097717285
A163G:C198L,-12.308954238891602
A163G:C198M,-15.708560943603516
A163G:C198T,-15.743996620178223
A163G:D187A,-17.50908660888672
A163G:D187E,-11.865011215209961
A163G:D187F,-23.165424346923828
A163G:D187G,-18.413135528564453
A163G:D187L,-21.622968673706055
A163G:D187V,-20.421201705932617
A163E:V213W,-14.900799751281738
A163F:Y209L,-15.79181957244873
A163G:C198A,-12.139293670654297
A163G:C198F,-17.518035888671875
A163G:C198G,-18.94507598876953
A163H:P191R,-18.641237258911133
A163H:L175G,-27.37955093383789
A163H:M186E,-18.566431045532227
A163H:M186R,-21.304105758666992
A163H:M186S,-20.9237060546875
A163H:M186W,-21.600379943847656
A163H:M186A,-22.077611923217773
A163H:N214R,-18.276655197143555
A163H:N214E,-15.9158935546875
A163H:N208W,-16.47542381286621
A163H:N208A,-12.927749633789062
A163H:N208C,-13.015237808227539
A163H:N208K,-10.759782791137695
A163H:M186K,-20.391178131103516
A163Y:M186K,-20.01396942138672
A163Y:M186L,-14.6165132522583
A163Y:G180R,-25.755054473876953
A163Y:Y209W,-18.693218231201172
A163H:F167G,-25.608230590820312
A163Y:N208K,-10.382574081420898
A163Y:N208L,-15.75103759765625
A163Y:N208W,-16.098215103149414
A163Y:P191N,-18.7620792388916
A163Y:P206I,-25.196792602539062
A163Y:P206K,-19.079986572265625
A163Y:Q170R,-15.333917617797852
A163Y:M186W,-21.22317123413086
A163Y:M186R,-20.926897048950195
A163Y:M186N,-22.240903854370117
A163Y:G200V,-26.373680114746094
A163W:N208D,-16.964366912841797
A163H:Q170W,-22.330646514892578
A163W:N208K,-12.368436813354492
A163W:Q170L,-18.815200805664062
A163W:Q170R,-17.319780349731445
A163C:Y209G,-21.017791748046875
A163W:N208A,-14.53640365600586
A163W:N208C,-14.623891830444336
A163H:G200D,-20.482145309448242
A163H:G200L,-24.802692413330078
A163H:G200R,-22.566362380981445
A163H:G200V,-26.75088882446289
A163H:G200A,-23.001754760742188
A163H:G180L,-26.655136108398438
A163H:D187V,-26.088590621948242
A163H:Q170R,-15.711126327514648
A163W:P206V,-27.37824249267578
A163W:P206T,-25.69097328186035
A163W:P206R,-20.197534561157227
A163W:N208L,-17.736900329589844
A163W:N208M,-15.794805526733398
A163W:N208W,-18.084077835083008
A163W:N214G,-20.172607421875
A163W:N214L,-20.72300910949707
A163W:P191L,-22.405729293823242
A163W:P191R,-20.24989128112793
A163W:P206D,-21.933975219726562
A163W:P206G,-26.507709503173828
A163W:P206K,-21.06584930419922
A163W:P206N,-19.91991424560547
A163P:N214L,-15.746996879577637
A163N:G180L,-25.33875274658203
A163V:N214E,-12.967302322387695
A163V:P191A,-13.899401664733887
A163V:P191V,-16.710641860961914
A163V:P206A,-19.77113151550293
A163V:N208Y,-13.270120620727539
A163V:N208W,-13.526832580566406
A163V:P206L,-19.033946990966797
A163V:P206R,-15.640289306640625
A163V:P206S,-18.29568862915039
A163V:P206V,-22.820999145507812
A163V:P206Q,-18.67050552368164
A163V:Q170G,-15.971221923828125
A163V:Q170R,-12.762535095214844
A163V:Q170L,-14.257956504821777
A163V:P206N,-15.362669944763184
A163V:P206G,-21.95046615600586
A163V:N208K,-7.811191082000732
A163V:N208L,-13.179655075073242
A163V:N208M,-11.237560272216797
A163V:G200A,-20.053163528442383
A163V:G200L,-21.854101181030273
A163V:G200R,-19.61777114868164
A163V:G200V,-23.802297592163086
A163V:N208C,-10.066646575927734
A163R:P206G,-24.683406829833984
A163R:P206L,-21.766887664794922
A163R:P206R,-18.37322998046875
A163R:P206S,-21.028629302978516
A163R:P206T,-23.866668701171875
A163R:P206V,-25.553939819335938
A163R:P206W,-23.1992130279541
A163R:P206M,-23.195192337036133
A163R:N208D,-15.14006233215332
A163R:N214V,-17.44820213317871
A163R:N208K,-10.544132232666016
A163R:N208L,-15.912595748901367
A163R:N208M,-13.970500946044922
A163R:N208Q,-11.901978492736816
A163R:N214W,-20.624977111816406
A163R:N208W,-16.25977325439453
A163R:N208Y,-16.003061294555664
A163R:N214C,-19.45264434814453
A163R:P206A,-22.504072189331055
A163R:N214K,-16.643436431884766
A163R:P191V,-19.44358253479004
A163R:P191G,-20.157176971435547
A163R:N208A,-12.712099075317383
A163R:M186C,-21.421756744384766
A163R:M186E,-18.350780487060547
A163R:M186K,-20.175527572631836
A163R:M186L,-14.778071403503418
A163R:M186Q,-19.06760597229004
A163R:M186R,-21.088455200195312
A163R:M186T,-17.368057250976562
A163R:N208C,-12.79958724975586
A163R:P191A,-16.632341384887695
A163R:P191M,-20.30933380126953
A163W:D187V,-27.69724464416504
A163W:C198V,-17.535930633544922
A163V:Y209A,-15.548648834228516
A163V:Y209C,-14.284311294555664
A163V:Y209E,-22.566064834594727
A163V:Y209F,-13.39441967010498
A163W:C198G,-26.221118927001953
A163V:Y209G,-20.94864845275879
A163V:Y209R,-12.6851224899292
A163V:Y209S,-17.912864685058594
A163V:Y209V,-15.287223815917969
A163W:E174G,-20.515029907226562
A163W:D166H,-25.55706024169922
A163V:Y209W,-16.12183380126953
A163V:Y209L,-12.746797561645508
A163T:M186E,-15.502086639404297
A163T:N208A,-9.863405227661133
A163T:N208D,-12.29136848449707
A163T:N208K,-7.695437908172607
A163T:N208L,-13.063901901245117
A163T:N208W,-13.411079406738281
A163T:N214L,-16.050010681152344
A163T:N214Q,-13.998760223388672
A163T:N208Q,-9.053284645080566
A163T:G200V,-23.68654441833496
A163V:G180L,-23.706544876098633
A163T:L175G,-24.315204620361328
A163T:L175V,-21.116737365722656
A163T:G200L,-21.73834800720215
A163T:G200R,-19.502017974853516
A163V:V213S,-14.535905838012695
A163W:G180F,-26.887435913085938
A163W:G180H,-26.241056442260742
A163W:G180R,-27.740917205810547
A163V:G180W,-22.397518157958984
A163W:G200L,-26.411346435546875
A163W:G200M,-25.815948486328125
A163W:G200Q,-23.63411521911621
A163W:G200R,-24.175016403198242
A163V:M186E,-15.617839813232422
A163V:M186R,-18.355514526367188
A163V:M186Q,-16.334665298461914
A163V:N208A,-9.979158401489258
A163V:M186W,-18.65178871154785
A163V:M186T,-14.635116577148438
A163V:L175A,-23.870710372924805
A163V:L175M,-18.391075134277344
A163V:M186A,-19.12902069091797
A163V:M186C,-18.68881607055664
A163V:M186I,-13.75285816192627
A163V:M186K,-17.44258689880371
A163V:M186L,-12.045130729675293
A163W:E174H,-14.848844528198242
A163V:V210Y,-24.776145935058594
A163V:V213L,-12.329798698425293
A163W:E174W,-15.29736328125
A163W:G200V,-28.359542846679688
A163W:M186E,-20.175085067749023
A163W:M186K,-21.999832153320312
A163W:M186L,-16.60237693786621
A163S:C198L,-13.145750999450684
A163S:C198G,-19.78187370300293
A163S:C198A,-12.976091384887695
A163S:C198V,-11.096683502197266
A163S:D172G,-15.783254623413086
A163S:D172R,-13.804473876953125
A163R:Y209L,-15.479738235473633
A163S:C198T,-16.580793380737305
A163S:C198N,-18.766603469848633
A163R:Y209N,-21.76961898803711
A163R:Y209P,-26.316272735595703
A163R:Y209R,-15.418063163757324
A163R:Y209S,-20.64580535888672
A163R:Y209T,-21.940046310424805
A163R:Y209V,-18.020164489746094
A163R:Y209W,-18.854774475097656
A163S:M186Q,-14.452664375305176
A163S:M186R,-16.473514556884766
A163S:M186T,-12.753116607666016
A163S:M186W,-16.76978874206543
A163S:M186P,-23.399497985839844
A163S:C198W,-21.38144874572754
A163S:E174S,-15.119217872619629
A163S:D187E,-12.70180892944336
A163S:G180L,-21.824542999267578
A163S:G180V,-23.791290283203125
A163S:E174R,-10.12646484375
A163P:N208W,-13.10806655883789
A163S:G180D,-18.809242248535156
A163S:G180F,-20.448190689086914
A163S:D187L,-22.459766387939453
A163S:D187R,-21.337257385253906
A163S:D187W,-23.6131591796875
A163S:G180M,-21.730751037597656
A163R:Y209E,-25.29900550842285
A163R:Y209F,-16.127361297607422
A163R:Y209G,-23.681589126586914
A163R:Y209H,-16.101776123046875
A163R:V213L,-15.062739372253418
A163R:V213R,-16.818668365478516
A163R:V210F,-25.57571029663086
A163R:V210G,-25.936206817626953
A163R:V210N,-26.234798431396484
A163R:V213C,-17.102203369140625
A163R:Y209K,-14.193670272827148
A163R:Y209M,-15.636470794677734
A163R:Y209C,-17.01725196838379
A163R:Y209A,-18.28158950805664
A163S:G180W,-20.515518188476562
A163S:G200L,-19.97209930419922
A163S:G200M,-19.37670135498047
A163S:G200R,-17.73577117919922
A163S:G200V,-21.92029571533203
A163R:D172P,-16.542198181152344
A163R:C198G,-24.39681625366211
A163Q:Y209C,-15.427886962890625
A163Q:Y209G,-22.09222412109375
A163Q:Y209I,-17.070398330688477
A163Q:Y209L,-13.890372276306152
A163R:D172Q,-17.33016586303711
A163R:C198A,-17.591032028198242
A163R:C198L,-17.760692596435547
A163R:C198M,-21.16029930114746
A163R:C198V,-15.711626052856445
A163R:D166A,-23.50725555419922
A163R:D166V,-25.88633918762207
A163R:C198K,-21.693870544433594
A163R:L175V,-23.965431213378906
A163R:M186A,-21.861961364746094
A163R:Q170L,-16.990896224975586
A163R:Q170R,-15.495475769042969
A163R:Q170S,-16.287036895751953
A163R:E174P,-27.05109405517578
A163R:F167G,-25.392578125
A163R:E174W,-13.473058700561523
A163R:E174R,-14.74140739440918
A163R:D187G,-23.8648738861084
A163R:D187V,-25.872940063476562
A163R:D187W,-28.228099822998047
A163R:E174V,-18.28862762451172
A163R:E174G,-18.690725326538086
A163S:P206G,-20.068464279174805
A163S:P206S,-16.41368865966797
A163S:N214T,-12.135408401489258
A163S:P206V,-20.938997268676758
A163S:Q170G,-14.089221954345703
A163S:N214C,-14.837703704833984
A163S:N208A,-8.09715747833252
A163S:N208C,-8.184646606445312
A163S:N208D,-10.52511978149414
A163S:N208W,-11.644832611083984
A163S:N208L,-11.297654151916504
A163S:N208M,-9.355559349060059
A163S:P206A,-17.889129638671875
A163S:N208Q,-7.287036895751953
A163S:P191R,-13.810644149780273
A163S:N214V,-12.833259582519531
A163S:M186L,-10.163129806518555
A163S:M186K,-15.560585975646973
A163S:L175F,-15.479175567626953
A163S:L175V,-19.35049057006836
A163S:M186A,-17.247020721435547
A163S:M186C,-16.80681610107422
A163S:M186E,-13.73583984375
A163S:L175G,-22.54895782470703
A163S:N208K,-5.929190158843994
A163R:G180A,-24.8026123046875
A163R:G180D,-23.424182891845703
A163R:G180L,-26.439485549926758
A163R:G180V,-28.406232833862305
A163R:G200A,-22.786104202270508
A163R:G180Q,-26.203275680541992
A163R:G200P,-26.986167907714844
A163R:G200Q,-21.809810638427734
A163R:G200R,-22.350711822509766
A163R:G200S,-21.713687896728516
A163R:G200V,-26.53523826599121
A163R:G200L,-24.5870418548584
A163R:G180M,-26.345691680908203
A163R:G180F,-25.063133239746094
A163R:M186W,-21.384729385375977
A163T:M186K,-17.326833724975586
A163I:N208K,-12.229387283325195
A163I:M186R,-22.773710250854492
A163I:M186Q,-20.75286102294922
A163I:N208L,-17.597850799560547
A163I:P206K,-20.926799774169922
A163I:N214G,-20.033557891845703
A163I:N208W,-17.94502830505371
A163I:Q170G,-20.38941764831543
A163H:Y209W,-19.07042694091797
A163H:Y209V,-18.235815048217773
A163H:Y209Q,-21.679603576660156
A163H:Y209L,-15.695388793945312
A163I:C198S,-22.014999389648438
A163H:Y209G,-23.897239685058594
A163H:Y209A,-18.49724006652832
A163I:M186L,-16.463327407836914
A163I:E174M,-11.459165573120117
A163L:P191S,-19.40605926513672
A163L:P191W,-25.62529754638672
A163L:P206G,-25.555496215820312
A163L:P206L,-22.638978958129883
A163L:P206R,-19.24532127380371
A163L:P206S,-21.900720596313477
A163L:P206N,-18.967700958251953
A163I:Y209L,-17.164993286132812
A163I:Y209V,-19.705419540405273
A163I:Y209R,-17.10331916809082
A163I:Y209G,-25.366844177246094
A163P:Y209A,-15.129880905151367
A163P:Y209E,-22.147296905517578
A163P:Y209I,-15.508056640625
A163P:Y209L,-12.328030586242676
A163P:Y209N,-18.61791229248047
A163P:Y209R,-12.266355514526367
A163P:Y209G,-20.52988052368164
A163P:M186L,-11.626363754272461
A163P:M186P,-24.86273193359375
A163P:M186Q,-15.915898323059082
A163P:M186D,-18.841190338134766
A163P:M186R,-17.936748504638672
A163P:G200R,-19.199005126953125
A163P:G200V,-23.383529663085938
A163P:G200Y,-21.048851013183594
A163P:M186S,-17.55634880065918
A163P:M186W,-18.233022689819336
A163P:M186K,-17.023818969726562
A163P:M186A,-18.710254669189453
A163P:V210S,-19.291332244873047
A163P:V213W,-14.794870376586914
A163Q:C198E,-25.35154151916504
A163P:L175K,-25.07933807373047
A163P:M186E,-15.199073791503906
A163V:E174G,-15.957784652709961
A163V:E174M,-7.040970325469971
A163V:F167A,-20.30548095703125
A163V:F167Y,-10.094831466674805
A163V:E174R,-12.008466720581055
A163V:D187G,-21.131933212280273
A163T:Y209L,-12.631044387817383
A163T:Y209M,-12.787776947021484
A163T:Y209P,-23.467578887939453
A163T:Y209R,-12.569369316101074
A163T:Y209V,-15.171470642089844
A163T:Y209W,-16.006080627441406
A163T:Y209G,-20.832895278930664
A163V:D187W,-25.495159149169922
A163T:Y209C,-14.168558120727539
A163T:P191H,-17.124908447265625
A163T:P191T,-16.42258644104004
A163T:P191V,-16.59488868713379
A163T:P206A,-19.655378341674805
A163T:P206D,-17.260976791381836
A163T:P206E,-21.301769256591797
A163T:P206G,-21.834712982177734
A163T:Q170G,-15.85546875
A163T:Q170L,-14.142203330993652
A163T:Q170R,-12.646781921386719
A163T:Q170V,-14.032788276672363
A163T:P206L,-18.918193817138672
A163T:C198F,-20.121078491210938
A163T:C198G,-21.54812240600586
A163T:C198K,-18.845176696777344
A163S:Y209W,-14.23983383178711
A163T:C198V,-12.862932205200195
A163S:Y209A,-13.666646957397461
A163S:V210C,-14.632383346557617
A163S:V210I,-16.566211700439453
A163S:V213P,-13.781708717346191
A163T:C198W,-23.14769744873047
A163S:Y209V,-13.40522289276123
A163T:M186L,-11.929377555847168
A163T:M186R,-18.239761352539062
A163T:M186T,-14.519363403320312
A163T:M186W,-18.536035537719727
A163T:M186Y,-18.360790252685547
A163T:N214W,-17.776283264160156
A163T:G200A,-19.937410354614258
A163S:Y209F,-11.512418746948242
A163S:Y209G,-19.066646575927734
A163S:Y209L,-10.86479663848877
A163S:Y209R,-10.803121566772461
A163S:Y209S,-16.030864715576172
A163S:Y209T,-17.325103759765625
A163S:Y209C,-12.402311325073242
A163V:G180F,-22.33019256591797
A163T:P191C,-17.84738540649414
A163V:C198F,-20.236831665039062
A163V:C198G,-21.663875579833984
A163V:C198L,-15.027751922607422
A163V:C198P,-23.25457763671875
A163V:C198V,-12.97868537902832
A163V:D166L,-25.331857681274414
A163V:D166V,-23.153398513793945
A163V:C198W,-23.263450622558594
A163T:Y209A,-15.43289566040039
A163T:G180M,-23.496997833251953
A163T:D166H,-20.884061813354492
A163T:D187G,-21.01618003845215
A163T:D187V,-23.024246215820312
A163S:V210D,-21.199871063232422
A163L:N208W,-17.131864547729492
A163L:N214H,-18.730819702148438
A163L:Y209A,-19.1536808013916
A163L:Y209C,-17.88934326171875
A163L:Y209F,-16.99945068359375
A163L:Y209G,-24.553680419921875
A163L:Y209L,-16.351829528808594
A163L:Y209R,-16.2901554107666
A163L:Y209S,-21.517898559570312
A163L:Y209V,-18.892255783081055
A163L:Y209W,-19.72686767578125
A163L:Y209K,-15.06576156616211
A163L:Y209N,-22.64171028137207
A163L:G180R,-26.78870391845703
A163L:G200A,-23.65819549560547
A163L:G200L,-25.45913314819336
A163L:G200R,-23.222803115844727
A163M:D187E,-15.909969329833984
A163M:D187G,-22.458091735839844
A163L:G180P,-25.01366424560547
A163L:V210H,-28.493724822998047
A163L:V213A,-17.589439392089844
A163L:V213L,-15.934830665588379
A163M:C198V,-14.30484390258789
A163M:G180R,-24.509830474853516
A163M:G200R,-20.943931579589844
A163M:C198L,-16.353912353515625
A163L:G180N,-24.569347381591797
A163L:M186E,-19.222871780395508
A163L:M186K,-21.047618865966797
A163L:N208A,-13.584190368652344
A163L:N208C,-13.67167854309082
A163L:N208K,-11.416223526000977
A163L:N208L,-16.784687042236328
A163L:N208M,-14.842592239379883
A163L:G180A,-25.674705505371094
A163W:M186N,-24.22676658630371
A163L:L175C,-27.273258209228516
A163L:M186A,-22.734052658081055
A163L:M186C,-22.29384994506836
A163L:M186L,-15.650162696838379
A163L:F167A,-23.91051483154297
A163L:D172Y,-22.95327377319336
A163L:C198E,-27.812999725341797
A163L:C198G,-25.268905639648438
A163L:C198L,-18.632783889770508
A163L:C198M,-22.032390594482422
A163L:C198P,-26.859607696533203
A163L:C198W,-26.868480682373047
A163L:G200V,-27.407329559326172
A163L:E174R,-15.61349868774414
A163L:E174G,-19.562816619873047
A163L:M186R,-21.960546493530273
A163L:M186S,-21.58014678955078
A163L:M186Q,-19.939697265625
A163L:E174A,-18.48664093017578
A163L:M186P,-28.886531829833984
A163L:M186N,-23.274553298950195
A163L:M186T,-18.240148544311523
A163L:M186W,-22.256820678710938
A163L:D187G,-24.73696517944336
A163L:G200S,-22.585779190063477
D166G:Y209P,-23.43113136291504
D166G:Y209W,-15.969635009765625
D166G:Y209V,-15.135024070739746
D166G:Y209S,-17.760665893554688
D166G:Y209R,-12.532922744750977
D166H:C198E,-22.588314056396484
D166G:V213A,-13.832208633422852
D166G:V210C,-16.362184524536133
D166G:V210N,-23.34965705871582
D166G:V213R,-13.933528900146484
D166G:V213Q,-12.70312213897705
D166G:Y209L,-12.594597816467285
D166G:Y209A,-15.396448135375977
D166G:Y209C,-14.132112503051758
D166G:Y209E,-22.413864135742188
D166G:Y209F,-13.242219924926758
D166G:Y209G,-20.79644775390625
D166G:Y209K,-11.3085298538208
D166G:Y209M,-12.751330375671387
D166G:V213W,-15.061437606811523
D166A:Y209A,-13.703495025634766
D166A:V213P,-13.81855583190918
D166A:Y209G,-19.10349464416504
D166G:C198K,-18.808731079101562
D166G:C198E,-24.055767059326172
D166K:M186E,-15.539337158203125
D166A:Y209L,-10.901643753051758
D166A:Y209S,-16.067710876464844
D166A:Y209V,-13.442070007324219
D166A:Y209W,-14.276680946350098
D166K:C198G,-21.585372924804688
D166K:C198M,-18.34885597229004
D166K:C198S,-17.518299102783203
D166K:D187P,-27.31208038330078
D166I:M186L,-14.460593223571777
D166K:G180A,-21.991168975830078
D166I:Y209W,-18.537296295166016
D166I:M186R,-20.770977020263672
D166H:P206L,-17.41429328918457
D166H:P206G,-20.330810546875
D166H:G200D,-15.913900375366211
D166H:G200S,-17.361093521118164
D166H:M186Q,-14.715011596679688
D166H:M186W,-17.032135009765625
D166H:N208M,-9.61790657043457
D166I:M186W,-21.067251205444336
D166I:N208A,-12.394620895385742
D166I:N214R,-17.743526458740234
D166I:P191T,-18.95380210876465
D166I:P191V,-19.1261043548584
D166I:P206T,-23.549190521240234
D166H:E174R,-10.388813018798828
D166A:P191N,-14.345542907714844
D166F:G180R,-25.064990997314453
D166F:C198G,-23.54519271850586
D166F:D187E,-16.46512794494629
D166F:D187V,-25.021318435668945
D166F:G200A,-21.93448257446289
D166F:G200R,-21.49909019470215
D166A:N208W,-11.681678771972656
D166A:P206G,-20.10531234741211
D166A:P206C,-17.71991729736328
D166A:M186L,-10.199976921081543
D166A:P191T,-14.693185806274414
D166A:M186R,-16.510360717773438
D166A:M186S,-16.129962921142578
D166A:M186T,-12.789962768554688
D166A:N208A,-8.134004592895508
D166A:N208C,-8.221492767333984
D166A:N208L,-11.334501266479492
D166F:V210C,-18.39570426940918
D166F:V210W,-26.81280517578125
D166F:Y209G,-22.829967498779297
D166F:Y209L,-14.628116607666016
D166F:Y209M,-14.784849166870117
D166F:M186W,-20.53310775756836
D166H:P206V,-21.201343536376953
D166A:G180R,-21.338518142700195
D166A:G180V,-23.82813835144043
D166A:G180W,-20.552364349365234
D166A:G180Y,-19.644792556762695
D166A:E174R,-10.163312911987305
D166A:M186E,-13.772686004638672
D166A:M186K,-15.597433090209961
D166A:P206E,-19.572368621826172
D166A:P206L,-17.188793182373047
D166A:E174M,-5.195816516876221
D166A:D187C,-17.625944137573242
D166A:G200S,-17.13559341430664
D166A:G180F,-20.48503875732422
D166A:G180A,-20.224517822265625
D166A:C198A,-13.012937545776367
D166A:C198K,-17.11577606201172
D166A:C198L,-13.182598114013672
D166A:M186A,-17.28386688232422
D166V:V210L,-22.070781707763672
D166V:V213W,-15.747567176818848
D166W:M186R,-21.080137252807617
D166W:M186W,-21.37641143798828
D166W:C198F,-22.961456298828125
D166V:Y209A,-16.082578659057617
D166V:Y209C,-14.818241119384766
D166V:Y209D,-24.051259994506836
D166V:Y209F,-13.928349494934082
D166V:Y209G,-21.48257827758789
D166V:Y209K,-11.994659423828125
D166V:Y209L,-13.28072738647461
D166V:Y209M,-13.437459945678711
D166V:Y209R,-13.2190523147583
D166V:Y209T,-19.74103546142578
D166V:Y209V,-15.82115364074707
D166V:Y209W,-16.655765533447266
D166W:C198G,-24.38849639892578
D166W:C198W,-25.98807144165039
D166W:D187E,-17.30843162536621
D166W:M186Q,-19.059288024902344
D166W:M186L,-14.769753456115723
D166W:M186K,-20.16720962524414
D166W:G200L,-24.578723907470703
D166W:G200V,-26.526920318603516
D166W:M186A,-21.8536434173584
D166W:G200A,-22.777786254882812
D166W:N208D,-15.131744384765625
D166W:N208K,-10.53581428527832
D166W:N208M,-13.962182998657227
D166W:N208W,-16.251455307006836
D166W:P191W,-24.744888305664062
D166W:P206E,-24.142147064208984
D166W:P206G,-24.675086975097656
D166W:P206M,-23.186874389648438
D166W:P206V,-25.54561996459961
D166W:V210A,-21.035476684570312
D166W:E174G,-18.68240737915039
D166W:Y209A,-18.273271560668945
D166W:Y209C,-17.008934020996094
D166W:Y209L,-15.471420288085938
D166W:Y209R,-15.409745216369629
D166W:Y209V,-18.0118465423584
D166W:Y209W,-18.846458435058594
D166W:V213Q,-15.579944610595703
D166W:E174L,-13.670157432556152
D166W:E174P,-27.042776107788086
D166G:D187A,-20.07568359375
D166G:D187C,-19.318897247314453
D166G:D187G,-20.979732513427734
D166G:D187L,-24.18956756591797
D166G:D187W,-25.342960357666016
D166G:E174K,-9.97035026550293
D166G:E174G,-15.805584907531738
D166G:C198L,-14.8755521774292
D166G:C198V,-12.826484680175781
D166G:C198W,-23.111249923706055
D166G:D172E,-12.212316513061523
D166G:D172G,-17.5130558013916
D166G:D172R,-15.53427505493164
D166G:G200Q,-18.92466926574707
D166G:G200R,-19.465572357177734
D166G:C198G,-21.511674880981445
D166H:Y209V,-13.667570114135742
D166I:C198E,-26.623428344726562
D166I:C198W,-25.678913116455078
D166G:G200P,-24.101028442382812
D166G:G200M,-21.106502532958984
D166G:G200V,-23.650096893310547
D166G:G200S,-18.828548431396484
D166G:G180D,-20.539043426513672
D166G:G180L,-23.554344177246094
D166G:G180P,-21.256431579589844
D166G:G180R,-23.031471252441406
D166G:G180T,-25.027103424072266
D166G:G180W,-22.245319366455078
D166G:G200A,-19.900962829589844
D166I:G180E,-25.00755500793457
D166G:L175C,-23.51602554321289
D166G:M186A,-18.976821899414062
D166G:M186E,-15.465641021728516
D166G:M186I,-13.600658416748047
D166G:M186K,-17.290386199951172
D166G:M186L,-11.89293098449707
D166G:M186Q,-16.182464599609375
D166G:M186R,-18.20331573486328
D166G:M186T,-14.482917785644531
D166G:M186W,-18.499589920043945
D166G:N208Q,-9.016838073730469
D166G:N208M,-11.085360527038574
D166G:N208L,-13.02745532989502
D166G:N208A,-9.826958656311035
D166G:N208C,-9.914447784423828
D166G:N208D,-12.254920959472656
D166G:N208K,-7.65899133682251
D166G:N214V,-14.563060760498047
D166G:N214W,-17.739835739135742
D166G:P191F,-21.237777709960938
D166G:P191G,-17.272035598754883
D166G:P191L,-17.696285247802734
D166G:P191S,-15.648828506469727
D166G:P191V,-16.558441162109375
D166G:P206A,-19.61893081665039
D166G:P206E,-21.265323638916016
D166G:P206G,-21.79826545715332
D166G:P206I,-22.473209381103516
D166G:P206K,-16.35640525817871
D166G:P206L,-18.88174819946289
D166G:P206N,-15.210470199584961
D166G:P206R,-15.488090515136719
D166G:P206V,-22.668798446655273
D166G:E174P,-24.16595458984375
D166G:E174W,-10.58791732788086
D166G:N214R,-15.175865173339844
D166G:N214L,-16.013565063476562
D166G:N208Y,-13.117919921875
D166G:N208W,-13.3746337890625
D166L:V213R,-16.798118591308594
D166L:V213S,-17.248294830322266
D166L:V213T,-17.95892906188965
D166L:Y209F,-16.106807708740234
D166M:C198W,-24.595279693603516
D166L:Y209W,-18.834224700927734
D166L:Y209T,-21.91949462890625
D166L:Y209L,-15.459186553955078
D166L:Y209G,-23.66103744506836
D166L:M186E,-18.330228805541992
D166K:Y209W,-16.043331146240234
D166L:C198G,-24.376262664794922
D166L:C198L,-17.740140914916992
D166L:C198S,-20.309192657470703
D166L:D172M,-19.878284454345703
D166K:M186R,-18.27701187133789
D166K:N208W,-13.44832992553711
D166K:P191W,-21.94176483154297
D166K:P206W,-20.38776969909668
D166M:C198N,-21.98043441772461
D166M:C198G,-22.995704650878906
D166M:C198E,-25.539796829223633
D166L:M186L,-14.757519721984863
D166L:N208K,-10.523580551147461
D166L:N208L,-15.892044067382812
D166L:N208M,-13.949949264526367
D166L:N208W,-16.239221572875977
D166L:N214L,-18.87815284729004
D166L:N214W,-20.60442352294922
D166L:P191H,-19.95305061340332
D166L:P191R,-18.4050350189209
D166L:P206G,-24.662853240966797
D166L:P206Q,-21.38289451599121
D166M:E174R,-13.340295791625977
D166L:M186Q,-19.047054290771484
D166L:M186S,-20.687503814697266
D166M:P206V,-24.152828216552734
D166M:P206N,-16.694499969482422
D166M:M186E,-16.949670791625977
D166M:M186L,-13.376960754394531
D166M:M186R,-19.68734359741211
D166M:N208K,-9.143020629882812
D166M:Y209M,-14.235360145568848
D166M:Y209D,-24.849159240722656
D166M:Y209G,-22.280479431152344
D166M:Y209L,-14.078627586364746
D166M:Y209R,-14.016952514648438
D166M:Y209T,-20.538936614990234
D166M:N208W,-14.858663558959961
D166M:P206G,-23.28229522705078
D166M:P206H,-13.483777046203613
D166L:M186T,-17.347505569458008
D166L:E174G,-18.67017364501953
D166L:E174L,-13.657923698425293
D166L:G180A,-24.782062530517578
D166L:G180W,-25.109907150268555
D166L:G200Q,-21.78925895690918
D166L:G200R,-22.33016014099121
D166L:G200V,-26.514686584472656
D166L:M186R,-21.067903518676758
D166L:M186K,-20.15497589111328
D166H:N208W,-11.90717887878418
D166K:M186K,-17.364084243774414
D166F:N208W,-15.408151626586914
D166F:N208Y,-15.151439666748047
D166F:P191V,-18.591960906982422
D166F:P206D,-19.25804901123047
D166F:P206G,-23.831783294677734
D166F:P206W,-22.347591400146484
D166F:Q170R,-14.643854141235352
D166F:N208K,-9.692510604858398
D166V:N208D,-12.941051483154297
D166V:N208K,-8.345121383666992
D166V:N208L,-13.713584899902344
D166V:N208M,-11.771490097045898
D166V:N208W,-14.060762405395508
D166V:N214W,-18.42596435546875
D166V:P191C,-18.497068405151367
D166V:P206D,-17.910659790039062
D166V:P206F,-20.873992919921875
D166V:P206G,-22.484394073486328
D166V:N208C,-10.600576400756836
D166V:N208A,-10.51308822631836
D166V:C198W,-23.797378540039062
D166V:D172A,-14.872602462768555
D166V:D187A,-20.76181411743164
D166V:D187G,-21.665863037109375
D166V:E174A,-15.415539741516113
D166V:N208Q,-9.702967643737793
D166V:M186A,-19.66295051574707
D166V:M186E,-16.151769638061523
D166V:M186K,-17.976516723632812
D166V:M186L,-12.579060554504395
D166V:M186Q,-16.868595123291016
D166V:M186R,-18.88944435119629
D166V:M186T,-15.169046401977539
D166V:M186W,-19.185718536376953
D166V:C198Q,-22.182411193847656
D166V:G200P,-24.78715705871582
D166V:G180I,-28.151142120361328
D166V:G180T,-25.713233947753906
D166V:G200L,-22.388031005859375
D166V:G200Q,-19.61079978942871
D166V:G200R,-20.151700973510742
D166V:G200V,-24.336227416992188
D166K:M186L,-11.966628074645996
F167G:G180A,-22.10984230041504
F167G:G200M,-21.298871994018555
F167G:G200Q,-19.11703872680664
F167G:G200V,-23.84246826171875
F167G:M186L,-12.08530044555664
F167G:M186Q,-16.374835968017578
F167G:M186W,-18.691959381103516
F167G:M186R,-18.39568328857422
F167G:M186K,-17.482757568359375
F167G:M186E,-15.658010482788086
F167G:M186A,-19.169191360473633
F167C:N208W,-8.779603958129883
F167C:M186L,-7.297901630401611
F167C:M186S,-13.227886199951172
F167G:N208C,-10.106817245483398
F167C:N208H,-7.098209857940674
F167C:N208L,-8.432425498962402
F167C:P191L,-13.1012544631958
F167C:N208D,-7.659891605377197
F167C:N208K,-3.0639615058898926
F167G:V210I,-18.488384246826172
F167M:N208L,-9.692092895507812
F167M:G180F,-18.842628479003906
F167L:Y209W,-11.97708797454834
F167L:Y209S,-13.768118858337402
F167L:Y209N,-14.891931533813477
F167L:Y209L,-8.60205078125
F167L:Y209G,-16.80390167236328
F167L:V213W,-11.068890571594238
F167L:Y209C,-10.139564514160156
F167E:P206G,-24.699413299560547
F167E:N208W,-16.275781631469727
F167E:N208K,-10.560138702392578
F167E:N208A,-12.728106498718262
F167E:M186R,-21.104461669921875
F167E:Y209V,-18.036170959472656
F167G:E174S,-17.04138946533203
F167L:N208W,-9.382085800170898
F167G:D187G,-21.172103881835938
F167A:C198E,-21.893980026245117
F167G:P206S,-18.335857391357422
F167G:P206C,-19.605239868164062
F167G:P191L,-17.888652801513672
F167G:N214G,-15.655532836914062
F167G:N208W,-13.56700325012207
F167G:P206K,-16.54877471923828
F167G:C198M,-18.467527389526367
F167G:G180R,-23.22384262084961
F167G:N208L,-13.21982479095459
F167G:N208K,-7.85136079788208
F167D:Y209S,-19.94992446899414
F167G:C198G,-21.704044342041016
F167D:N208W,-15.563892364501953
F167D:M186K,-19.479644775390625
F167D:P206G,-23.987524032592773
F167G:C198W,-23.303619384765625
F167C:Y209W,-11.374605178833008
F167C:Y209A,-10.80141830444336
F167D:C198L,-17.06481170654297
F167Q:N214C,-13.134437561035156
F167L:G200M,-17.113956451416016
F167P:Y209G,-22.287120819091797
F167P:P191C,-19.30160903930664
F167P:N208L,-14.518126487731934
F167Q:C198W,-19.67818260192871
F167P:N208C,-11.405118942260742
F167P:M186W,-19.99026107788086
F167P:E174S,-18.339691162109375
F167P:C198G,-23.00234603881836
F167N:M186W,-11.32459545135498
F167N:L175G,-17.1037654876709
F167P:C198W,-24.60192108154297
F167I:G200L,-19.880962371826172
F167G:V213R,-14.125898361206055
F167G:Y209E,-22.60623550415039
F167G:Y209G,-20.988819122314453
F167G:Y209S,-17.953035354614258
F167H:M186L,-0.3601016402244568
F167H:N214L,-4.480734348297119
F167H:V210D,-11.396842956542969
F167I:M186E,-13.64470100402832
F167I:M186L,-10.071990966796875
F167I:M186R,-16.382373809814453
F167I:M186T,-12.661977767944336
F167I:N208L,-11.206515312194824
F167I:N208M,-9.264420509338379
F167P:M186R,-19.693984985351562
F167I:V213L,-10.356658935546875
F167I:V213W,-13.240497589111328
F167I:Y209P,-21.610191345214844
F167K:C198W,-18.591583251953125
F167K:N208D,-7.735254764556885
F167K:G180T,-20.50743865966797
F167L:N208A,-5.83441162109375
F167L:M186W,-14.507041931152344
F167L:M186R,-14.21076774597168
F167L:M186A,-14.984273910522461
F167L:E174P,-20.17340660095215
F167L:D187G,-16.987186431884766
F167L:G200S,-14.836000442504883
F167G:V210G,-23.24343490600586
F167K:Y209S,-13.240999221801758
F167K:Y209L,-8.074931144714355
F167L:C198G,-17.519126892089844
F167L:G200R,-15.473024368286133
F167Q:N214E,-9.382035255432129
F167Q:Y209G,-17.363380432128906
F167Q:P206G,-18.365198135375977
F167Q:P191V,-13.125374794006348
F167Q:P191N,-12.605428695678711
F167W:P206V,-13.552082061767578
F167W:M186K,-8.17367172241211
F167W:M186R,-9.086599349975586
F167Y:L175N,-10.744426727294922
F167Y:M186K,-4.917949199676514
F167W:N208W,-4.257917404174805
F167W:N214G,-6.346447467803955
F167W:P191C,-8.694223403930664
F167W:P206G,-12.681549072265625
F167W:G200V,-14.533382415771484
F167T:Y209L,-12.725234031677246
F167T:Y209P,-23.561767578125
F167T:V213C,-14.347698211669922
F167T:M186K,-17.421024322509766
F167Y:Y209L,-0.2221595048904419
F167C:G180V,-20.926063537597656
F167C:G200R,-14.8705415725708
F167A:Y209E,-20.252079010009766
F167A:N208Q,-6.855051040649414
F167A:N208M,-8.92357349395752
F167A:N208L,-10.865668296813965
F167A:N208K,-5.497204303741455
F167A:P191L,-15.534497261047363
F167A:N214E,-10.653315544128418
F167A:M186A,-16.815034866333008
F167A:M186E,-13.303853988647461
F167A:M186L,-9.731143951416016
F167A:M186Q,-14.020678520202637
F167A:N208W,-11.212846755981445
F167A:P206S,-15.981701850891113
F167A:G200R,-17.303783416748047
F167A:Y209P,-21.269344329833984
F167A:P206G,-19.636478424072266
F167A:P206F,-18.026077270507812
F167W:Y209V,-6.018308162689209
F167W:Y209T,-9.938190460205078
F167W:Y209G,-11.679733276367188
F167W:G200R,-10.348855972290039
F167W:V213P,-6.39479398727417
F167W:Y209A,-6.279732704162598
F167W:Y209F,-4.125504016876221
F167W:G200A,-10.784248352050781
F167W:C198V,-3.7097692489624023
F167W:C198G,-12.39495849609375
Q170G:P206D,-10.728483200073242
Q170G:P191V,-10.062395095825195
Q170G:N214G,-8.967117309570312
Q170W:N208W,-10.289419174194336
Q170W:P206V,-19.58358383178711
Q170W:P206G,-18.713050842285156
Q170W:P191T,-13.300926208496094
Q170W:N214W,-14.654622077941895
Q170W:N214R,-12.09065055847168
Q170W:N208L,-9.942241668701172
Q170G:N208A,-3.3309121131896973
Q170G:N208C,-3.418400764465332
Q170G:N208L,-6.531408786773682
Q170G:N208M,-4.589313983917236
Q170G:P206G,-15.30221939086914
Q170G:N208W,-6.878586769104004
Q170G:N214D,-6.156838417053223
Q170G:C198W,-16.615203857421875
Q170G:G180I,-20.968965530395508
Q170G:G200R,-12.969524383544922
Q170F:M186T,-9.996804237365723
Q170F:V210G,-18.564952850341797
Q170G:C198G,-15.015628814697266
Q170G:N208K,-1.1629447937011719
Q170G:P206K,-9.860359191894531
Q170G:P206S,-11.647441864013672
Q170Y:Y209L,-8.414024353027344
Q170Y:P206K,-12.17583179473877
Q170W:V210I,-15.210800170898438
Q170Y:M186R,-14.022741317749023
Q170F:G200S,-14.34243392944336
Q170W:Y209S,-14.67545223236084
Q170W:Y209R,-9.447709083557129
Q170W:Y209P,-20.345916748046875
Q170W:Y209L,-9.509384155273438
Q170W:Y209E,-19.328651428222656
Q170W:Y209C,-11.046897888183594
Q170G:M186Y,-11.828296661376953
Q170L:Y209M,-4.542017459869385
Q170L:Y209G,-12.587136268615723
Q170L:Y209E,-14.20455265045166
Q170L:N208W,-5.16532039642334
Q170L:P191S,-7.439515113830566
Q170G:Y209G,-14.30040168762207
Q170L:P206R,-7.278777122497559
Q170L:M186T,-6.273604393005371
Q170L:M186L,-3.6836187839508057
Q170L:M186R,-9.994002342224121
Q170L:Y209S,-9.551353454589844
Q170L:N208L,-4.818142890930176
Q170L:G200S,-10.619235038757324
Q170L:G200R,-11.256258964538574
Q170L:G180Y,-13.128434181213379
Q170L:G180S,-14.857843399047852
Q170G:Y209W,-9.473588943481445
Q170G:Y209V,-8.63897705078125
Q170G:Y209S,-11.264619827270508
Q170G:Y209R,-6.036876201629639
Q170L:C198W,-14.901937484741211
Q170L:C198L,-6.6662397384643555
Q170L:C198G,-13.302362442016602
Q170G:M186E,-8.96959400177002
Q170G:M186L,-5.396884918212891
Q170G:M186R,-11.707267761230469
Q170G:M186S,-11.32686996459961
Q170G:M186T,-7.986870765686035
Q170G:M186A,-12.480774879455566
Q170M:C198G,-12.137674331665039
Q170G:V213L,-5.681551933288574
Q170G:V213C,-7.721015453338623
Q170G:V210W,-18.283239364624023
Q170G:Y209L,-6.098550796508789
Q170G:Y209M,-6.255283355712891
Q170V:M186T,-6.164189338684082
Q170V:M186S,-9.504188537597656
Q170V:M186R,-9.884587287902832
Q170V:M186Q,-7.863738059997559
Q170V:M186K,-8.971659660339355
Q170V:M186E,-7.146912574768066
Q170V:Y209R,-4.214195251464844
Q170V:Y209C,-5.813384056091309
Q170V:V213L,-3.8588709831237793
Q170W:M186E,-12.380426406860352
Q170V:Y209W,-7.650907516479492
Q170V:Y209T,-10.736178398132324
Q170V:Y209S,-9.441938400268555
Q170W:M186L,-8.807717323303223
Q170R:G200S,-9.12381362915039
Q170R:G200R,-9.76083755493164
Q170R:G180S,-13.362421989440918
Q170R:G180E,-12.735158920288086
Q170R:Y209S,-8.05593204498291
Q170R:C198G,-11.806941032409668
Q170W:M186R,-15.118101119995117
Q170V:G200A,-11.582236289978027
Q170S:Y209S,-8.847493171691895
Q170S:N208A,-0.9137856960296631
Q170V:C198A,-6.387164115905762
Q170V:C198W,-14.792522430419922
Q170S:G200L,-12.788728713989258
Q170W:C198G,-18.42646026611328
Q170S:P206V,-13.75562572479248
Q170S:G200A,-10.987791061401367
Q170V:M186C,-10.217889785766602
Q170S:P206D,-8.311356544494629
Q170S:P206S,-9.230316162109375
Q170S:P206Y,-10.39044189453125
Q170S:Y209R,-3.6197500228881836
Q170M:P206L,-9.507747650146484
Q170R:N208C,-0.20971369743347168
Q170R:N208Q,0.6878952980041504
Q170M:P206I,-13.099209785461426
Q170M:Y209A,-6.0224480628967285
Q170M:M186T,-5.108916759490967
Q170R:N208L,-3.3227217197418213
Q170R:Y209G,-11.091714859008789
Q170R:M186L,-2.1881978511810303
Q170R:M186K,-7.585653305053711
Q170R:P206L,-9.177014350891113
Q170R:P206G,-12.093531608581543
Q170R:P191V,-6.853708267211914
Q170R:N208W,-3.6698997020721436
Q170R:M186P,-15.424566268920898
Q170R:M186R,-8.498580932617188
Q170R:M186W,-8.794856071472168
Q170R:V210G,-13.346332550048828
D172Y:C198N,-17.377376556396484
D172W:C198G,-19.784542083740234
D172V:G200V,-16.963380813598633
D172V:M186W,-11.812871932983398
D172V:Y209L,-5.907879829406738
D172T:Y209G,-13.459344863891602
D172V:Y209F,-6.555502414703369
D172R:Y209F,-6.461426258087158
D172V:C198G,-14.824956893920898
D172S:P191F,-14.37618637084961
D172S:N214S,-7.356881141662598
D172R:Y209A,-8.615654945373535
D172S:M186Q,-9.32087516784668
D172R:Y209S,-10.97987174987793
D172R:Y209R,-5.752129077911377
D172A:V210W,-16.65069007873535
D172A:D187T,-14.529294967651367
D172Q:G200V,-15.78005313873291
D172Q:D187G,-13.109688758850098
D172A:N208W,-5.246036529541016
D172A:P206G,-13.669668197631836
D172E:M186T,-4.380165100097656
D172A:G200P,-15.972431182861328
D172C:P206G,-17.94255828857422
D172C:Y209A,-11.540740966796875
D172C:Y209S,-13.904958724975586
D172G:C198W,-18.309236526489258
D172E:Y209L,-2.49184513092041
D172F:N208C,-6.433463096618652
D172G:M186R,-13.401301383972168
D172G:D187G,-16.177719116210938
D172G:C198G,-16.70966148376465
D172G:N214G,-10.661149978637695
D172G:N208W,-8.572620391845703
D172G:P191L,-12.894270896911621
D172G:P206N,-10.408456802368164
D172G:M186W,-13.697576522827148
D172S:V213R,-7.071938991546631
D172G:P191I,-13.7020263671875
D172G:M186T,-9.680904388427734
D172G:Y209R,-7.73090934753418
D172G:Y209F,-8.440206527709961
D172I:G180S,-18.271190643310547
D172G:Y209P,-18.629117965698242
D172K:N208W,-5.597847938537598
D172K:P191S,-7.872042655944824
D172L:D187R,-17.974227905273438
D172L:N208Q,-3.9240076541900635
D172K:Y209G,-13.019662857055664
D172M:C198W,-17.809877395629883
D172M:G200V,-18.348724365234375
D172N:M186T,-8.324315071105957
D172M:V213S,-9.0823335647583
D172M:N208W,-8.073261260986328
D172N:P206L,-12.723145484924316
D172N:Y209V,-8.976421356201172
D172L:Y209L,-7.501766681671143
D172P:M186A,-10.31881046295166
D172P:M186T,-5.824906349182129
E174G:M186C,-12.027132987976074
E174G:M186E,-8.956155776977539
E174G:M186K,-10.780902862548828
E174G:M186A,-12.467336654663086
E174G:D187W,-18.83347511291504
E174G:G200V,-17.140613555908203
E174G:G200S,-12.319063186645508
E174G:D187G,-14.47024917602539
E174A:M186W,-10.913930892944336
E174G:P191T,-9.876655578613281
E174G:G180A,-15.407988548278809
E174G:N208K,-1.1495070457458496
E174G:N208L,-6.517971038818359
E174G:N208M,-4.575876235961914
E174G:N208W,-6.865149021148682
E174G:N208Y,-6.608436107635498
E174G:N214R,-8.666379928588867
E174G:P206G,-15.28878116607666
E174G:P206K,-9.84692096710205
E174G:P206L,-12.372262954711914
E174G:P206S,-11.634004592895508
E174G:P206V,-16.159313201904297
E174G:N208Q,-2.5073540210723877
E174G:C198V,-6.317000865936279
E174G:C198K,-12.299245834350586
E174G:C198G,-15.002190589904785
E174G:C198A,-8.196407318115234
E174G:G200R,-12.956087112426758
E174G:G200L,-15.19241714477539
E174G:G180R,-16.521987915039062
E174S:V210L,-15.918601036071777
E174S:D187E,-8.965559005737305
E174S:Y209G,-15.330398559570312
E174S:Y209L,-7.128547191619873
E174T:D187V,-18.29109001159668
E174S:C198G,-16.045623779296875
E174R:M186L,-1.434128761291504
E174R:M186Q,-5.723662853240967
E174R:N208A,0.6318440437316895
E174R:N208C,0.5443553924560547
E174T:M186L,-7.196221828460693
E174T:M186R,-13.50660514831543
E174G:N208D,-5.745437145233154
E174T:P191A,-9.050492286682129
E174T:P191C,-13.114229202270508
E174T:P191H,-12.391752243041992
E174T:P206S,-13.446779251098633
E174T:G200L,-17.005191802978516
E174T:N214L,-11.316854476928711
E174R:N208K,2.799811363220215
E174R:V210F,-12.231767654418945
E174R:Y209A,-4.93764591217041
E174R:Y209G,-10.337646484375
E174R:Y209H,-2.757833480834961
E174R:Y209L,-2.1357946395874023
E174R:Y209M,-2.292527198791504
E174R:Y209R,-2.074120044708252
E174R:Y209S,-7.301863193511963
E174R:P206R,-5.029287338256836
E174R:P206S,-7.684686183929443
E174R:Y209T,-8.59610366821289
E174R:P191W,-11.409263610839844
E174R:N208L,-2.568652629852295
E174R:N208M,-0.6265578269958496
E174R:G200D,-6.922551155090332
E174R:G200Q,-8.465867042541504
E174R:N208W,-2.915830612182617
E174R:N214W,-7.281033039093018
E174R:P191M,-6.965391159057617
E174G:P206W,-13.804588317871094
E174L:P206T,-9.459794044494629
E174H:G200R,-7.289902210235596
E174G:Y209W,-9.460150718688965
E174G:Y209V,-8.625539779663086
E174G:Y209P,-16.921646118164062
E174G:Y209M,-6.241845607757568
E174G:Y209L,-6.085113048553467
E174G:Y209K,-4.799045562744141
E174G:Y209G,-14.286964416503906
E174G:Y209F,-6.732735633850098
E174G:Y209E,-15.904380798339844
E174G:Y209C,-7.6226277351379395
E174G:Y209R,-6.023438453674316
E174H:N208A,2.348710536956787
E174G:Y209S,-11.251181602478027
E174L:M186Q,-4.660731315612793
E174L:M186R,-6.681580543518066
E174L:M186S,-6.301181793212891
E174L:M186W,-6.977855205535889
E174L:M186L,-0.3711971640586853
E174K:Y209E,-10.069147109985352
E174L:C198G,-9.989940643310547
E174L:G180W,-10.723584175109863
E174L:G200L,-10.180167198181152
E174L:G200R,-7.9438371658325195
E174L:C198S,-5.922868728637695
E174I:M186N,-12.771729469299316
E174F:N214V,-1.3442485332489014
E174G:V210S,-13.04841423034668
E174G:V210N,-16.840171813964844
E174G:V210G,-16.541582107543945
E174F:M186E,-2.2468278408050537
E174H:Y209V,-2.959354877471924
E174H:Y209R,-0.35725367069244385
E174H:P206A,-7.443262577056885
E174H:P191C,-5.635269641876221
E174H:N208W,-1.1989641189575195
E174G:Y209A,-8.886964797973633
E174D:N208A,-0.09276533126831055
E174D:Y209R,-2.798729419708252
E174G:N208C,-3.4049630165100098
E174G:M186L,-5.383447170257568
E174G:M186Q,-9.672981262207031
E174G:M186R,-11.693830490112305
E174G:M186S,-11.313431739807129
E174G:M186T,-7.973433017730713
E174G:M186W,-11.990104675292969
E174G:N208A,-3.317474365234375
E174L:P206E,-9.743589401245117
E174L:N208W,-1.8528990745544434
E174L:N208K,3.8627429008483887
E174L:N208D,-0.733187198638916
E174L:P206L,-7.360013484954834
E174K:Y209A,-3.051730155944824
E174L:P206S,-6.6217546463012695
E174K:P191S,-3.304109573364258
E174A:M186R,-10.617655754089355
E174A:N208M,-3.499701499938965
E174A:N208Q,-1.4311792850494385
E174A:Y209L,-5.008938312530518
E174A:Y209M,-5.165670871734619
E174C:D187G,-12.913017272949219
E174A:Y209G,-13.210789680480957
E174C:G200V,-15.583381652832031
E174V:D187G,-14.068151473999023
E174V:D187W,-18.431377410888672
E174V:Y209R,-5.621340751647949
E174A:G200V,-16.064437866210938
E174V:Y209H,-6.305054187774658
E174A:P206V,-15.083139419555664
E174A:P206G,-14.212606430053711
E174A:N208W,-5.788974285125732
E174D:C198G,-11.777481079101562
E174V:P206K,-9.444823265075684
E174V:Y209G,-13.884866714477539
E174V:Y209L,-5.6830153465271
E174V:N208W,-6.4630513191223145
E174A:G180C,-15.813153266906738
E174A:G180L,-15.9686861038208
E174A:G180R,-15.445813179016113
E174A:G180T,-17.441444396972656
E174A:Y209E,-14.828206062316895
E174A:Y209A,-7.810789585113525
E174A:Y209C,-6.54645299911499
E174W:C198L,-3.1484007835388184
E174W:G180R,-11.3043212890625
E174W:G180A,-10.19032096862793
E174W:N208W,-1.647481918334961
E174V:Y209W,-9.058053016662598
E174V:Y209V,-8.223442077636719
E174W:N208C,1.812704086303711
E174W:N208A,1.9001927375793457
E174W:M186S,-6.095764636993408
E174W:M186Q,-4.4553141593933105
E174V:M186E,-8.554058074951172
E174W:M186E,-3.7384891510009766
E174V:M186L,-4.981349468231201
E174V:M186N,-12.60573959350586
E174W:V210T,-0.9966769218444824
E174W:Y209G,-9.069297790527344
E174Y:P206L,-6.540791988372803
E174C:N208C,-1.8477306365966797
E174C:N208A,-1.760241985321045
E174V:Y209T,-12.14332389831543
E174T:Y209G,-16.09973907470703
E174V:G200S,-11.91696548461914
E174V:G180L,-16.642763137817383
E174C:M186T,-6.416200637817383
E174V:M186C,-11.625035285949707
E174C:M186E,-7.398923873901367
E174C:V210E,-15.345575332641602
E174L:V210D,-11.407938003540039
E174N:N208L,-6.713621139526367
E174N:Y209L,-6.280763149261475
E174N:Y209W,-9.655800819396973
E174N:N208D,-5.941087245941162
E174M:G180L,-8.128046035766602
E174M:M186E,-0.03934192657470703
E174M:N208W,2.0516653060913086
E174L:V210G,-11.529332160949707
E174M:V210A,-2.7323555946350098
E174S:P206G,-16.33221435546875
E174S:M186D,-13.641706466674805
E174S:N208W,-7.908583164215088
E174S:G180L,-18.088294982910156
E174S:G180R,-17.56542205810547
E174S:N208M,-5.61931037902832
E174S:N208L,-7.561405181884766
E174M:Y209C,1.2941865921020508
E174M:Y209G,-5.370150089263916
E174M:Y209R,2.893375873565674
E174N:C198K,-12.494895935058594
E174N:G200Q,-12.610836029052734
E174N:M186K,-10.976552963256836
E174N:M186T,-8.169082641601562
E174N:C198W,-16.79741668701172
E174R:G180A,-11.458669662475586
E174R:G180Y,-10.878944396972656
E174S:M186L,-6.426881313323975
E174S:M186W,-13.033538818359375
E174S:N208C,-4.448397159576416
E174M:C198G,-6.085376262664795
E174L:Y209L,-1.072863221168518
E174P:N208W,-15.225517272949219
E174P:N214P,-17.005294799804688
E174P:P191R,-17.39133071899414
E174P:P206C,-21.263755798339844
E174L:Y209V,-3.6132898330688477
E174V:N208M,-4.173778533935547
E174V:N208D,-5.343339443206787
E174V:N208A,-2.915376663208008
E174A:D187G,-13.394074440002441
E174A:C198G,-13.926015853881836
E174A:C198L,-7.28989315032959
E174A:C198S,-9.858943939208984
E174V:M186W,-11.588006973266602
E174P:N208K,-9.509876251220703
E174P:V210S,-21.408782958984375
E174P:V213A,-15.683093070983887
E174P:Y209P,-25.28201675415039
E174P:Y209W,-17.820518493652344
E174L:Y209K,0.21320438385009766
E174P:M186R,-20.05419921875
E174P:M186L,-13.743815422058105
E174P:M186W,-20.350473403930664
E174R:D187W,-14.884157180786133
L175A:G200R,-20.8690128326416
L175A:M186R,-19.60675621032715
L175A:M186W,-19.903030395507812
L175A:N208W,-14.778074264526367
L175E:M186R,-21.011367797851562
L175C:P206L,-20.082704544067383
L175G:C198L,-16.83924102783203
L175A:Y209M,-14.15477180480957
L175A:Y209G,-22.19989013671875
L175A:C198E,-25.459209442138672
L175G:C198V,-14.79017448425293
L175E:Y209R,-15.340974807739258
L175F:P191M,-12.318100929260254
L175E:P206R,-18.296142578125
L175E:P206A,-22.426982879638672
L175G:G200R,-21.42926025390625
L175G:C198G,-23.475364685058594
L175G:M186E,-17.429330825805664
L175G:M186K,-19.254077911376953
L175G:M186L,-13.856620788574219
L175G:M186R,-20.167003631591797
L175G:M186W,-20.463279724121094
L175G:Y209P,-25.394821166992188
L175G:Y209S,-19.724355697631836
L175G:Y209V,-17.098712921142578
L175G:Y209W,-17.933324813842773
L175G:N214S,-16.182161331176758
L175G:N214T,-15.828899383544922
L175G:P206E,-23.229013442993164
L175G:P206G,-23.76195526123047
L175G:P206R,-17.451780319213867
L175G:P206V,-24.632488250732422
L175G:P206W,-22.27776336669922
L175G:V210I,-20.25970458984375
L175C:D187G,-22.18069076538086
L175H:C198P,-25.507070541381836
L175H:G200S,-21.23324203491211
L175H:M186K,-19.695079803466797
L175H:M186T,-16.887611389160156
L175G:Y209L,-14.558287620544434
L175G:Y209G,-22.76013946533203
L175G:Y209E,-24.37755584716797
L175N:V213W,-15.86323356628418
L175H:Y209K,-13.713223457336426
L175H:Y209S,-20.165359497070312
L175H:Y209V,-17.539718627929688
L175K:C198L,-17.906387329101562
L175K:C198V,-15.857320785522461
L175K:C198W,-26.142086029052734
L175K:D187V,-26.018634796142578
L175K:P191T,-19.416975021362305
L175K:P206S,-21.17432403564453
L175K:Y209L,-15.625432968139648
L175M:G180R,-18.955276489257812
L175M:G180W,-18.169124603271484
L175M:M186P,-21.053104400634766
L175G:N208W,-15.338323593139648
L175M:N208L,-8.951260566711426
L175M:N208Q,-4.940643310546875
L175M:N208W,-9.298439025878906
L175M:P191I,-14.427845001220703
L175M:C198G,-17.43548011779785
L175M:Y209G,-16.720252990722656
L175M:Y209L,-8.518403053283691
L175M:Y209Q,-14.502616882324219
L175M:Y209S,-13.684471130371094
L175N:G200R,-20.26736831665039
L175N:M186E,-16.267436981201172
L175N:M186W,-19.3013858795166
L175N:N208W,-14.176429748535156
L175N:G200M,-21.90829849243164
L175G:N208L,-14.991145133972168
L175V:Y209F,-12.007442474365234
L175V:V213P,-14.276732444763184
L175V:V213W,-13.82666015625
L175V:Y209A,-14.161670684814453
L175V:Y209C,-12.897335052490234
L175V:Y209G,-19.56167221069336
L175V:Y209K,-10.073752403259277
L175V:Y209L,-11.359820365905762
L175V:Y209T,-17.82012939453125
L175V:Y209V,-13.900246620178223
L175V:Y209W,-14.734857559204102
L175V:M186K,-16.05561065673828
L175V:M186R,-16.968536376953125
L175V:M186W,-17.264812469482422
L175V:N208A,-8.592181205749512
L175V:N208C,-8.679670333862305
L175V:N208D,-11.020143508911133
L175V:N208L,-11.792677879333496
L175G:N208K,-9.6226806640625
L175V:N208W,-12.139856338500977
L175V:N214R,-13.94108772277832
L175V:P191G,-16.03725814819336
L175V:P191S,-14.414051055908203
L175V:P206G,-20.563488006591797
L175V:N208M,-9.85058307647705
L175V:M186E,-14.230863571166992
L175T:D187T,-25.227367401123047
L175V:G180A,-20.682695388793945
L175V:G180R,-21.796695709228516
L175V:D187G,-19.744956970214844
L175T:Y209T,-21.62438201904297
L175V:C198L,-13.640774726867676
L175T:G180A,-24.486949920654297
G180Y:N208L,-12.050132751464844
G180W:Y209K,-11.238779067993164
G180Y:P206W,-19.336750030517578
G180W:N208Q,-8.947087287902832
G180Y:G200V,-22.672775268554688
G180Y:C198M,-17.297836303710938
G180W:Y209W,-15.899884223937988
G180W:Y209S,-17.690914154052734
G180W:Y209P,-23.36138153076172
G180W:Y209L,-12.524847030639648
G180Y:N208W,-12.397310256958008
G180W:V210G,-22.98131561279297
G180W:N208L,-12.957704544067383
G180W:P206Q,-18.44855499267578
G180W:P206C,-19.343120574951172
G180W:N214S,-14.148719787597656
G180W:N208W,-13.304882049560547
G180W:N208K,-7.589240550994873
G180W:M186R,-18.133563995361328
G180W:N208H,-11.623489379882812
G180W:N208A,-9.757207870483398
G180W:M186L,-11.823180198669434
G180W:M186W,-18.429838180541992
G180T:N208L,-15.739490509033203
G180W:M186K,-17.22063636779785
G180W:M186E,-15.395889282226562
G180W:M186A,-18.90707015991211
G180W:G200V,-23.580347061157227
G180W:G200R,-19.39582061767578
G180W:G200L,-21.632150650024414
G180V:Y209G,-24.002471923828125
G180V:Y209L,-15.800621032714844
G180W:D187E,-14.361858367919922
G180W:D187C,-19.249147415161133
G180W:C198G,-21.441925048828125
G180W:C198E,-23.98601531982422
G180V:Y209V,-18.341047286987305
G180V:Y209S,-20.966690063476562
G180V:Y209R,-15.738945960998535
G180V:Y209N,-22.09050178527832
G180V:Y209M,-15.957353591918945
G180V:V210E,-26.618316650390625
G180V:P206V,-25.874820709228516
G180V:P206S,-21.349512100219727
G180V:P206N,-18.416492462158203
G180V:P206I,-25.67923355102539
G180V:P206H,-15.205770492553711
G180V:P206G,-25.004287719726562
G180V:P206C,-22.618894577026367
G180V:P206A,-22.824954986572266
G180V:N208W,-16.580656051635742
G180V:N208K,-10.865015029907227
G180V:N208M,-14.291383743286133
G180V:N208L,-16.233478546142578
G180V:N214L,-19.219587326049805
G180V:N208D,-15.460945129394531
G180V:N208A,-13.032981872558594
G180V:M186R,-21.409337997436523
G180V:M186W,-21.705612182617188
G180V:M186Q,-19.38848876953125
G180V:M186L,-15.098954200744629
G180V:M186K,-20.496410369873047
G180V:M186I,-16.806682586669922
G180V:M186E,-18.671663284301758
G180V:Y209C,-17.338134765625
G180V:M186A,-22.182844161987305
G180V:G200R,-22.671594619750977
G180V:G200L,-24.90792465209961
G180V:G200A,-23.10698699951172
G180V:D187V,-26.193822860717773
G180V:C198W,-26.317272186279297
G180V:C198L,-18.081575393676758
G180V:C198G,-24.717697143554688
G180T:V213N,-14.666969299316406
G180V:D187R,-26.273080825805664
G180T:N208A,-12.538993835449219
G180R:M186R,-18.91971778869629
G180T:M186L,-14.604966163635254
G180S:Y209E,-23.165950775146484
G180T:D187G,-23.691768646240234
G180T:C198G,-24.223709106445312
G180S:M186W,-19.251676559448242
G180S:Y209S,-18.512752532958984
G180S:P206T,-21.73361587524414
G180S:N208Q,-9.768924713134766
G180S:P206E,-22.017410278320312
G180S:N214R,-15.92795181274414
G180S:N208W,-14.126720428466797
G180S:N208L,-13.779541969299316
G180S:N208K,-8.411077499389648
G180S:N208A,-10.579045295715332
G180S:M186L,-12.645017623901367
G180R:V210G,-23.76746940612793
G180R:V213L,-12.894001960754395
G180R:V213R,-14.649931907653809
G180S:G200A,-20.65304946899414
G180S:M186E,-16.217727661132812
G180R:Y209G,-21.51285171508789
G180R:Y209H,-13.933038711547852
G180R:Y209L,-13.31100082397461
G180V:P206D,-20.430553436279297
G180R:Y209E,-23.130268096923828
G180R:Y209W,-16.686038970947266
G180R:Y209S,-18.477069854736328
G180R:Y209R,-13.2493257522583
G180R:Y209M,-13.467733383178711
G180R:Y209F,-13.958622932434082
G180R:V210F,-23.406972885131836
G180R:Y209C,-14.848514556884766
G180R:Y209A,-16.112852096557617
G180R:M186K,-18.006790161132812
G180R:N208L,-13.743858337402344
G180R:P206R,-16.204492568969727
G180R:P206K,-17.07280731201172
G180R:N208K,-8.375394821166992
G180R:P206G,-22.514667510986328
G180R:N214G,-16.1795654296875
G180R:N208W,-14.091035842895508
G180R:P206D,-17.940933227539062
G180R:M186I,-14.317061424255371
G180R:M186T,-15.199319839477539
G180R:M186A,-19.69322395324707
G180R:N208A,-10.54336166381836
G180R:M186E,-16.182043075561523
G180P:Y209W,-14.91099739074707
G180R:G200L,-22.418304443359375
G180R:G200V,-24.366500854492188
G180R:G200R,-20.181974411010742
G180Q:V210C,-17.365251541137695
G180R:D187G,-21.696136474609375
G180R:C198W,-23.827651977539062
G180R:C198V,-13.542888641357422
G180R:C198G,-22.228076934814453
G180Q:Y209C,-15.135177612304688
G180Q:G200L,-22.704967498779297
G180Q:N208L,-14.030521392822266
G180P:V210Y,-23.5653076171875
G180Q:C198D,-23.067153930664062
G180P:N208W,-12.315996170043945
G180P:P206V,-21.61016082763672
G180P:P206R,-14.429452896118164
G180P:P191I,-17.445402145385742
G180P:P191F,-20.17913818359375
G180P:N208L,-11.968817710876465
G180P:N208C,-8.855810165405273
G180P:G200R,-18.406932830810547
G180P:M186E,-14.407003402709961
G180P:G200Q,-17.866031646728516
G180P:M186S,-16.764278411865234
G180P:M186R,-17.144676208496094
G180N:Y209G,-19.293495178222656
G180N:P206G,-20.295310974121094
G180N:N208C,-8.411493301391602
G180N:N208W,-11.871679306030273
G180N:N208K,-6.1560378074646
G180F:M186L,-11.755853652954102
G180M:Y209F,-14.387701988220215
G180N:G200V,-22.147144317626953
G180M:Y209G,-21.941930770874023
G180M:V213T,-16.239822387695312
G180L:Y209W,-17.208911895751953
G180M:N214L,-17.159046173095703
G180L:Y209R,-13.772198677062988
G180M:G200V,-24.79557991027832
G180L:Y209L,-13.833873748779297
G180L:Y209I,-17.013898849487305
G180L:Y209G,-22.035724639892578
G180L:Y209C,-15.371387481689453
G180L:Y209A,-16.635725021362305
G180L:V213W,-16.30071258544922
G180M:C198G,-22.65715789794922
G180L:P191G,-18.511310577392578
G180L:P206Y,-20.542890548706055
G180L:P206V,-23.90807342529297
G180L:P206G,-23.037540435791016
G180L:N208W,-14.613908767700195
G180N:M186R,-16.700361251831055
G180L:N208L,-14.266731262207031
G180L:N208K,-8.89826774597168
G180L:M186Q,-17.421741485595703
G180L:M186R,-19.442590713500977
G180L:M186S,-19.062191009521484
G180L:M186K,-18.5296630859375
G180L:M186T,-15.722192764282227
G180L:G200L,-22.941177368164062
G180L:G200M,-22.345779418945312
G180R:M186W,-19.215991973876953
G180K:P191L,-18.31965446472168
G180L:D187E,-15.67088508605957
G180L:C198M,-19.514434814453125
G180L:C198K,-20.048006057739258
G180L:G200V,-24.889373779296875
G180K:P206M,-20.933422088623047
G180K:M186S,-18.446285247802734
G180I:Y209S,-22.91061019897461
G180K:M186E,-16.08901023864746
G180K:G200V,-24.273468017578125
G180K:G200L,-22.325271606445312
G180I:G200L,-26.851844787597656
G180I:D187G,-26.129676818847656
G180I:C198K,-23.95867347717285
G180H:Y209A,-14.612991333007812
G180H:P206F,-19.40440559387207
G180H:P191R,-14.756988525390625
G180I:N208L,-18.177398681640625
G180F:M186K,-17.153308868408203
G180K:M186Q,-16.805835723876953
G180F:Y209R,-12.395845413208008
G180F:Y209G,-20.65937042236328
G180F:V213A,-13.695131301879883
G180F:V210C,-16.225107192993164
G180F:P206E,-21.128246307373047
G180F:P191I,-18.366962432861328
G180F:N214G,-15.326086044311523
G180F:N208W,-13.237556457519531
G180F:N208M,-10.948283195495605
G180F:N208A,-9.689881324768066
G180L:N208Q,-10.25611400604248
G180D:P206F,-18.411836624145508
G180F:G200L,-21.564823150634766
G180E:Y209F,-13.367043495178223
G180E:Y209M,-12.876153945922852
G180E:Y209G,-20.92127227783203
G180E:N208M,-11.210184097290039
G180E:P206E,-21.390148162841797
G180E:P206C,-19.537694931030273
G180E:P206A,-19.743755340576172
G180E:P191S,-15.773651123046875
G180E:N208W,-13.499456405639648
G180E:M186Q,-16.307289123535156
G180E:N208L,-13.152278900146484
G180E:D187G,-21.104557037353516
G180E:C198W,-23.236072540283203
G180E:C198L,-15.000375747680664
G180D:Y209L,-10.818571090698242
G180D:M186W,-16.723562240600586
G180D:M186K,-15.514360427856445
G180F:M186D,-18.970680236816406
G180D:N208L,-11.251428604125977
G180E:M186K,-17.415210723876953
G180D:D187V,-21.211772918701172
G180C:Y209S,-18.844409942626953
G180C:Y209R,-13.616665840148926
G180C:Y209L,-13.678340911865234
G180C:M186L,-12.97667407989502
G180C:N208Q,-10.100581169128418
G180C:N208C,-10.998189926147461
G180C:N208A,-10.910701751708984
G180C:C198T,-19.394336700439453
G180C:C198G,-22.595417022705078
G180A:Y209R,-12.135326385498047
G180A:Y209P,-23.03353500366211
G180A:Y209M,-12.353734016418457
G180A:Y209L,-12.197001457214355
G180A:Y209K,-10.910933494567871
G180A:Y209G,-20.398853302001953
G180A:Y209F,-12.844623565673828
G180A:Y209E,-22.01626968383789
G180A:Y209A,-14.998851776123047
G180A:V210I,-17.898418426513672
G180A:V210W,-24.381690979003906
G180C:M186C,-19.620361328125
G180A:V213R,-13.535932540893555
G180A:N208L,-12.62985897064209
G180A:P206L,-18.48415184020996
G180A:N208K,-7.26139497756958
G180A:P206V,-22.271202087402344
G180A:P206E,-20.867727279663086
G180A:N208M,-10.687764167785645
G180A:P191R,-15.14284896850586
G180A:P191C,-17.413341522216797
G180A:N208W,-12.97703742980957
G180A:P206Q,-18.120708465576172
G180A:M186D,-18.710161209106445
G180A:M186E,-15.068044662475586
G180A:N208D,-11.857324600219727
G180A:M186S,-17.42531967163086
G180A:M186R,-17.80571746826172
G180A:M186N,-19.11972427368164
G180A:M186K,-16.892791748046875
G180A:G200V,-23.25250244140625
G180A:C198G,-21.114078521728516
G180A:C198W,-22.713653564453125
G180A:C198K,-18.4111328125
M186L:N208Y,-2.6957826614379883
M186L:P206K,-5.934267520904541
M186L:P206G,-11.376127243041992
M186L:P206E,-10.843185424804688
M186L:P206D,-6.80239200592041
M186L:P206C,-8.99073314666748
M186L:P206A,-9.196793556213379
M186L:N214V,-4.140923500061035
M186L:N214S,-3.7963333129882812
M186L:N214M,-5.568741321563721
M186L:N214L,-5.591426372528076
M186L:N214K,-3.3361589908599854
M186L:N214C,-6.145366668701172
M186L:N208W,-2.952495574951172
M186L:N208Q,1.405299425125122
M186L:P206L,-8.459609985351562
M186L:P206M,-9.887913703918457
M186L:P206Q,-8.09616756439209
M186L:P206T,-10.5593900680542
M186L:P206R,-5.065952301025391
M186L:P206N,-4.788332462310791
M186W:C198V,-9.011005401611328
M186W:C198E,-20.24028778076172
M186L:P206V,-12.246660232543945
M186W:C198S,-13.62912368774414
M186W:G200A,-16.08548355102539
M186W:C198W,-19.2957706451416
M186W:G200M,-17.29102325439453
M186W:C198G,-17.696195602416992
M186W:C198L,-11.06007194519043
M186W:C198M,-14.459678649902344
M186W:G200R,-15.650091171264648
M186W:G200L,-17.88642120361328
M186L:P206W,-9.891934394836426
M186N:N214V,-11.765314102172852
M186N:N214D,-9.855137825012207
M186N:N208M,-8.287612915039062
M186N:N208K,-4.861243724822998
M186L:Y209V,-4.712886333465576
M186L:Y209T,-8.632767677307129
M186L:Y209S,-7.338528156280518
M186L:Y209R,-2.1107850074768066
M186L:Y209Q,-8.156673431396484
M186L:Y209P,-13.008993148803711
M186L:Y209N,-8.462340354919434
M186L:Y209M,-2.3291921615600586
M186L:Y209L,-2.172459602355957
M186L:Y209K,-0.8863920569419861
M186L:Y209I,-5.352485656738281
M186L:Y209H,-2.7944984436035156
M186L:Y209G,-10.374310493469238
M186L:Y209F,-2.820082187652588
M186L:Y209E,-11.991726875305176
M186L:Y209D,-12.942992210388184
M186L:Y209C,-3.7099742889404297
M186L:Y209A,-4.974310874938965
M186L:Y209W,-5.547497272491455
M186N:G200V,-20.85235023498535
M186L:P206Y,-8.881476402282715
M186L:N208M,-0.6632227301597595
M186L:N208K,2.76314640045166
M186L:N208L,-2.6053175926208496
M186L:N208A,0.5951791405677795
M186L:N208D,-1.8327836990356445
M186L:N208C,0.5076904892921448
M186W:N208W,-9.55915355682373
M186Y:C198A,-10.715166091918945
M186W:N208Q,-5.201358795166016
M186W:N208M,-7.269880771636963
M186W:N208L,-9.21197509765625
M186W:N208K,-3.8435115814208984
M186W:N208D,-8.439441680908203
M186W:N208C,-6.098967552185059
M186W:N208A,-6.011478900909424
M186W:N214F,-12.884546279907227
M186S:N208W,-8.88248062133789
M186S:P206S,-13.651335716247559
M186S:P206R,-10.99593734741211
M186S:P206I,-17.981056213378906
M186S:P206G,-17.30611228942871
M186S:P206E,-16.773170471191406
M186S:P206A,-15.126778602600098
M186S:P191T,-11.893986701965332
M186S:N214S,-9.726318359375
M186S:N214V,-10.070907592773438
M186W:P206A,-15.803451538085938
M186W:N214Y,-12.110870361328125
M186W:N214V,-10.747581481933594
M186W:N214K,-9.942816734313965
M186W:P206C,-15.597391128540039
M186W:P206D,-13.409049987792969
M186W:P206F,-16.37238311767578
M186W:P206W,-16.498592376708984
M186W:P206V,-18.85331916809082
M186W:P206S,-14.328008651733398
M186W:P206R,-11.67261028289795
M186W:P206M,-16.494571685791016
M186W:P206L,-15.066267967224121
M186W:P206K,-12.540925979614258
M186W:P206G,-17.982786178588867
M186W:P206E,-17.449844360351562
M186W:Y209W,-12.154155731201172
M186W:Y209V,-11.319543838500977
M186W:Y209S,-13.945186614990234
M186W:V213R,-10.118049621582031
M186W:V213C,-10.401582717895508
M186W:V213A,-10.016729354858398
M186W:V210I,-14.480533599853516
M186W:V210G,-19.235586166381836
M186W:G200V,-19.834617614746094
M186W:G200S,-15.013067245483398
M186W:V213S,-10.568225860595703
M186W:V213W,-11.24595832824707
M186W:Y209F,-9.426740646362305
M186Y:P206E,-17.27459716796875
M186Y:N208W,-9.383907318115234
M186Y:N208A,-5.8362321853637695
M186W:Y209E,-18.598384857177734
M186W:Y209C,-10.316632270812988
M186W:Y209R,-8.717443466186523
M186W:Y209Q,-14.76333236694336
M186W:Y209P,-19.615652084350586
M186W:Y209M,-8.935850143432617
M186W:Y209L,-8.779117584228516
M186W:Y209K,-7.4930500984191895
M186W:Y209H,-9.401156425476074
M186W:Y209G,-16.980968475341797
M186Y:Y209S,-13.769939422607422
M186Y:Y209M,-8.760603904724121
M186Y:Y209G,-16.805721282958984
M186Y:V210I,-14.30528736114502
M186W:V210A,-14.34317398071289
M186W:V210D,-19.114192962646484
M186W:Y209A,-11.580968856811523
M186W:Y209D,-19.549650192260742
M186L:C198G,-11.089536666870117
M186R:N214G,-11.351408958435059
M186R:N214C,-12.45574951171875
M186R:N208Y,-9.006166458129883
M186R:N208W,-9.26287841796875
M186R:N214R,-11.064109802246094
M186R:N214W,-13.628081321716309
M186R:N208Q,-4.905083656311035
M186R:N214S,-10.10671615600586
M186R:P191T,-12.274385452270508
M186R:N208M,-6.973606109619141
M186R:N208L,-8.915700912475586
M186R:P206R,-11.376335144042969
M186R:P206Q,-14.406551361083984
M186R:P206N,-11.098715782165527
M186R:P206M,-16.19829750061035
M186R:P206L,-14.76999282836914
M186R:P206K,-12.244650840759277
M186R:P206G,-17.686511993408203
M186R:P206F,-16.076108932495117
M186R:P206E,-17.153568267822266
M186R:P206D,-13.112775802612305
M186R:P206C,-15.301116943359375
M186R:P206A,-15.507177352905273
M186Q:N208A,-3.694355010986328
M186Q:G200M,-14.973898887634277
M186Q:G200R,-13.332967758178711
M186Q:G200S,-12.695943832397461
M186Q:G200V,-17.517494201660156
M186Q:G200L,-15.569297790527344
M186Q:P206N,-9.077866554260254
M186Q:N208K,-1.5263876914978027
M186Q:N208L,-6.8948516845703125
M186Q:N208M,-4.952756881713867
M186Q:N208W,-7.242029666900635
M186Q:N214C,-10.434900283813477
M186Q:P191G,-11.139431953430176
M186Q:P191Q,-8.916278839111328
M186Q:P206A,-13.486328125
M186Q:P206C,-13.280267715454102
M186Q:P206D,-11.091926574707031
M186Q:P206F,-14.055259704589844
M186Q:P206G,-15.665661811828613
M186Q:N208Q,-2.884234666824341
M186R:C198W,-18.999496459960938
M186R:C198V,-8.714731216430664
M186R:C198S,-13.33284854888916
M186R:C198L,-10.763797760009766
M186R:N208D,-8.143167495727539
M186R:N208C,-5.802692890167236
M186R:N208A,-5.715204238891602
M186R:N208K,-3.547236919403076
M186R:P206S,-14.031734466552734
M186R:P206V,-18.557044982910156
M186R:P206Y,-15.19186019897461
M186R:P206W,-16.20231819152832
M186P:G200L,-24.516132354736328
M186P:C198L,-17.689783096313477
M186P:Y209M,-15.565561294555664
M186P:Y209R,-15.347153663635254
M186P:Y209V,-17.949254989624023
M186P:C198W,-25.925479888916016
M186N:V213R,-11.135781288146973
M186N:Y209F,-10.444472312927246
M186N:Y209G,-17.998701095581055
M186N:Y209M,-9.953582763671875
M186N:Y209S,-14.962918281555176
M186P:P206G,-24.61249542236328
M186P:C198V,-15.640716552734375
M186Q:C198G,-15.379071235656738
M186Q:C198W,-16.97864532470703
M186P:V213N,-14.7691650390625
M186P:V213W,-17.875667572021484
M186Q:C198V,-6.693881511688232
M186P:Y209G,-23.610679626464844
M186R:D187F,-21.62026596069336
M186P:P206A,-22.433162689208984
M186Q:V213C,-8.084458351135254
M186Q:P206T,-14.84892463684082
M186Q:P206W,-14.181468963623047
M186Q:P206Y,-13.171010971069336
M186Q:P206Q,-12.385702133178711
M186Q:P206V,-16.53619384765625
M186P:N208W,-16.18886375427246
M186P:N208A,-12.641189575195312
M186P:N208K,-10.473222732543945
M186K:N208M,-6.060678482055664
M186K:N208L,-8.00277328491211
M186K:N208K,-2.6343092918395996
M186K:N208D,-7.230239391326904
M186K:N208W,-8.349950790405273
M186K:N208C,-4.88976526260376
M186K:N208Q,-3.9921562671661377
M186K:N208A,-4.802276611328125
M186K:Y209W,-10.944952964782715
M186L:G200V,-13.227959632873535
M186L:G200S,-8.40640926361084
M186L:G200R,-9.04343318939209
M186L:G200Q,-8.502532005310059
M186L:G200M,-10.684364318847656
M186L:G200L,-11.279763221740723
M186L:C198A,-4.283754348754883
M186L:C198W,-12.689111709594727
M186L:C198V,-2.4043474197387695
M186L:C198S,-7.022465229034424
M186L:C198Q,-11.07414436340332
M186L:C198P,-12.680238723754883
M186L:C198L,-4.453414440155029
M186L:C198K,-8.386591911315918
M186S:N208A,-5.334805488586426
M186L:C198F,-9.662494659423828
M186L:C198E,-13.633628845214844
M186K:P206Y,-14.278932571411133
M186K:P206W,-15.289390563964844
M186K:P206V,-17.644115447998047
M186K:P206S,-13.118806838989258
M186K:P206R,-10.463407516479492
M186K:P206Q,-13.493623733520508
M186K:P206M,-15.285369873046875
M186K:P206L,-13.857065200805664
M186L:V213P,-5.089372158050537
M186L:V213C,-3.794924259185791
M186L:V213A,-3.4100708961486816
M186L:V210G,-12.628928184509277
M186K:P206G,-16.773582458496094
M186K:P206C,-14.388189315795898
M186K:N214C,-11.542821884155273
M186K:P206E,-16.240642547607422
M186K:P206A,-14.594249725341797
M186K:N214P,-10.129729270935059
M186K:N214E,-7.7904205322265625
M186R:G200A,-15.789209365844727
M186R:C198A,-10.594137191772461
M186R:C198G,-17.399921417236328
M186R:C198K,-14.696975708007812
M186R:C198F,-15.972878456115723
M186Q:Y209W,-9.837031364440918
M186Q:Y209V,-9.002420425415039
M186Q:Y209T,-12.92230224609375
M186Q:Y209S,-11.62806224822998
M186Q:Y209R,-6.4003190994262695
M186Q:Y209P,-17.298526763916016
M186Q:Y209M,-6.6187262535095215
M186Q:Y209L,-6.46199369430542
M186Q:Y209G,-14.66384506225586
M186Q:Y209E,-16.281261444091797
M186Q:Y209D,-17.232526779174805
M186Q:Y209C,-7.999508380889893
M186Q:Y209A,-9.263845443725586
M186K:Y209V,-10.110342025756836
M186R:G200L,-17.590147018432617
M186K:V213P,-10.486827850341797
M186K:V210C,-11.337503433227539
M186K:V210F,-17.6658878326416
M186K:V210S,-14.53321647644043
M186K:Y209T,-14.030223846435547
M186K:Y209S,-12.735983848571777
M186K:Y209R,-7.508240699768066
M186K:V213L,-7.15291690826416
M186K:V213A,-8.807526588439941
M186K:V210Y,-19.59926414489746
M186K:V210I,-13.271331787109375
M186K:V213W,-10.036755561828613
M186R:G200V,-19.53834342956543
M186R:G200S,-14.716793060302734
M186R:G200R,-15.353816986083984
M186R:G200Q,-14.812915802001953
M186R:G200P,-19.989273071289062
M186R:G200M,-16.994747161865234
M186K:V213R,-8.908846855163574
M186K:Y209Q,-13.554129600524902
M186K:Y209P,-18.406448364257812
M186K:Y209M,-7.726647853851318
M186K:Y209L,-7.569915294647217
M186K:Y209K,-6.283847808837891
M186K:Y209G,-15.771766662597656
M186K:Y209F,-8.217537879943848
M186K:Y209E,-17.389183044433594
M186K:Y209C,-9.107429504394531
M186K:Y209A,-10.371767044067383
M186K:V213S,-9.359024047851562
M186S:N208C,-5.4222941398620605
M186A:Y209S,-14.422418594360352
M186A:Y209V,-11.796775817871094
M186A:Y209W,-12.631387710571289
M186C:C198E,-20.277315139770508
M186C:C198G,-17.73322296142578
M186A:Y209F,-9.903972625732422
M186C:C198W,-19.33279800415039
M186C:G200P,-20.322574615478516
M186C:G200V,-19.871646881103516
M186A:Y209R,-9.19467544555664
M186A:Y209Q,-15.240564346313477
M186A:Y209L,-9.256349563598633
M186E:Y209R,-5.6834940910339355
M186A:P206S,-14.805240631103516
M186E:Y209N,-12.035049438476562
M186A:Y209G,-17.458200454711914
M186A:Y209K,-7.970282077789307
M186A:Y209M,-9.413082122802734
M186K:C198A,-9.681209564208984
M186K:C198D,-17.039405822753906
M186K:C198G,-16.48699188232422
M186K:C198K,-13.784048080444336
M186K:C198L,-9.850870132446289
M186K:C198T,-13.28591251373291
M186K:C198V,-7.801803112030029
M186K:C198W,-18.086566925048828
M186A:C198D,-18.725841522216797
M186A:C198G,-18.17342758178711
M186A:C198N,-17.158157348632812
M186A:G200S,-15.490299224853516
M186A:C198V,-9.488237380981445
M186A:C198W,-19.77300262451172
M186A:G200A,-16.562715530395508
M186A:G200M,-17.76825523376465
M186A:G200Q,-15.586421966552734
M186A:G200R,-16.127323150634766
M186A:G200V,-20.31184959411621
M186A:V213L,-8.839350700378418
M186A:V210E,-20.074045181274414
M186A:Y209E,-19.07561683654785
M186A:Y209C,-10.793864250183105
M186A:Y209A,-12.05820083618164
M186A:V210A,-14.820405960083008
M186C:N208L,-9.249003410339355
M186C:N208M,-7.30690860748291
M186C:N208Q,-5.238386154174805
M186C:N208W,-9.596181869506836
M186C:P206G,-18.019813537597656
M186C:V210G,-19.272613525390625
M186C:V210S,-15.779446601867676
M186C:V213C,-10.438610076904297
M186C:Y209G,-17.01799774169922
M186C:Y209S,-13.982213973999023
M186C:Y209T,-15.276453971862793
M186C:Y209V,-11.356572151184082
M186C:Y209W,-12.191183090209961
M186D:C198G,-18.304363250732422
M186I:Y209V,-6.4206132888793945
M186E:Y209T,-12.205476760864258
M186E:Y209V,-8.285594940185547
M186E:Y209W,-9.120206832885742
M186I:N208M,-2.3709499835968018
M186I:N208W,-4.660223007202148
M186I:N214V,-5.848650932312012
M186K:G200M,-16.08182144165039
M186K:G200P,-19.076345443725586
M186K:G200Q,-13.899988174438477
M186K:G200R,-14.440889358520508
M186K:G200S,-13.803865432739258
M186K:G200V,-18.625415802001953
M186E:Y209S,-10.911237716674805
M186K:G200L,-16.67721939086914
M186K:G200A,-14.87628173828125
M186I:D187G,-12.2653226852417
M186T:Y209W,-8.137483596801758
M186T:Y209T,-11.222753524780273
M186T:Y209R,-4.700770854949951
M186T:Y209N,-11.052326202392578
M186T:Y209M,-4.919178009033203
M186T:Y209L,-4.762445449829102
M186T:Y209K,-3.4763779640197754
M186T:Y209G,-12.964296340942383
M186T:Y209E,-14.58171272277832
M186T:Y209V,-7.302872180938721
M186T:Y209C,-6.299960136413574
M186T:Y209A,-7.564296722412109
M186T:C198L,-7.043400287628174
M186T:C198K,-10.976577758789062
M186T:C198G,-13.679523468017578
M186T:V213T,-7.26218843460083
M186T:V213R,-6.101377010345459
M186T:V210Y,-16.791793823242188
M186T:V210P,-17.599342346191406
M186T:C198V,-4.994333267211914
M186T:N208D,-4.422769546508789
M186T:N208A,-1.9948067665100098
M186T:N208M,-3.253208637237549
M186T:G200S,-10.996395111083984
M186T:G200M,-13.274351119995117
M186T:G200L,-13.869749069213867
M186T:G200A,-12.068811416625977
M186T:N208L,-5.195303440093994
M186T:V210G,-15.218914031982422
M186R:Y209I,-11.66286849975586
M186S:Y209L,-8.102444648742676
M186S:N208Q,-4.524684906005859
M186S:N208M,-6.593207359313965
M186S:N208L,-8.53530216217041
M186S:N208K,-3.1668381690979004
M186S:Y209C,-9.639959335327148
M186S:Y209K,-6.816376686096191
M186S:V210C,-11.870031356811523
M186T:C198A,-6.873740196228027
M186S:Y209V,-10.642870903015137
M186S:Y209T,-14.562752723693848
M186S:Y209S,-13.268512725830078
M186S:Y209R,-8.040769577026367
M186S:Y209P,-18.93897819519043
M186S:Y209M,-8.259177207946777
M186S:Y209G,-16.30429458618164
M186R:Y209L,-8.482843399047852
M186R:Y209N,-14.772724151611328
M186S:C198W,-18.619096755981445
M186S:C198L,-10.38339900970459
M186S:C198G,-17.019521713256836
M186S:C198E,-19.563613891601562
M186R:Y209W,-11.857880592346191
M186R:Y209V,-11.023269653320312
M186R:Y209T,-14.943151473999023
M186R:Y209S,-13.648911476135254
M186R:Y209R,-8.421168327331543
M186R:Y209Q,-14.467057228088379
M186R:Y209P,-19.319377899169922
M186R:Y209M,-8.639575958251953
M186S:G200V,-19.157943725585938
M186R:V213W,-10.94968318939209
M186R:Y209F,-9.130465507507324
M186R:Y209E,-18.30211067199707
M186R:Y209C,-10.020357131958008
M186R:Y209A,-11.28469467163086
M186S:G200R,-14.973418235778809
M186R:Y209K,-7.196775436401367
M186R:Y209G,-16.684694290161133
M186R:V213T,-10.982585906982422
M186R:V213R,-9.82177448272705
M186R:V210W,-20.667531967163086
M186R:V210N,-19.237903594970703
M186R:V210G,-18.939311981201172
M186R:V210F,-18.578815460205078
M186R:V210E,-19.300537109375
M186E:V210E,-16.562864303588867
M186E:V210G,-16.201637268066406
M186E:V210I,-11.446584701538086
M186E:V210L,-14.535223007202148
M186E:V210S,-12.70846939086914
M186E:V210W,-17.92985725402832
M186E:V213L,-5.328169822692871
M186E:N214D,-5.8034563064575195
M186E:N214L,-9.164134979248047
M186E:N214Q,-7.112884521484375
M186E:N214W,-10.89040756225586
M186E:P191T,-9.536710739135742
M186E:P206A,-12.769502639770508
M186E:P206C,-12.56344223022461
M186E:P206E,-14.415895462036133
M186E:P206G,-14.948837280273438
M186E:P206K,-9.506977081298828
M186E:P206L,-12.032319068908691
M186E:P206R,-8.63866138458252
M186E:P206S,-11.294059753417969
M186E:P206V,-15.81937026977539
M186E:P206W,-13.464643478393555
M186E:Y209A,-8.547019958496094
M186E:Y209C,-7.282683372497559
M186E:Y209D,-16.515701293945312
M186E:Y209E,-15.564435958862305
M186E:Y209P,-16.581703186035156
M186E:N208C,-3.065018653869629
M186E:Y209F,-6.392791271209717
M186E:Y209G,-13.947019577026367
M186E:Y209K,-4.45910120010376
M186E:Y209L,-5.745168685913086
M186E:Y209M,-5.9019012451171875
M186E:N208Y,-6.268491744995117
M186E:N208W,-6.525204658508301
M186A:N208W,-10.036385536193848
M186A:N214C,-13.229256629943848
M186A:N214H,-11.63534164428711
M186A:N214T,-10.526962280273438
M186A:N214Y,-12.588102340698242
M186A:P191I,-15.165792465209961
M186A:P191Q,-11.710634231567383
M186A:P191S,-12.310580253601074
M186A:P206A,-16.280683517456055
M186A:P206C,-16.074623107910156
M186A:P206E,-17.92707633972168
M186A:P206F,-16.8496150970459
M186A:P206G,-18.460018157958984
M186A:P206K,-13.018157958984375
M186A:P206R,-12.149842262268066
M186A:N208M,-7.74711275100708
M186A:N208L,-9.689207077026367
M186A:N208H,-8.354991912841797
M186A:P206Y,-15.96536636352539
M186A:N208A,-6.488710880279541
M186A:N208K,-4.320743560791016
M186D:Y209W,-12.762323379516602
M186A:P206V,-19.330551147460938
M186E:N208K,-0.8095626831054688
M186E:N208L,-6.1780266761779785
M186E:N208M,-4.235931873321533
M186E:N208Q,-2.167409658432007
M186A:N208D,-8.91667366027832
M186E:G200A,-13.051534652709961
M186E:G200D,-10.531925201416016
M186E:G200L,-14.852472305297852
M186E:G200M,-14.257074356079102
M186E:G200P,-17.251598358154297
M186E:G200Q,-12.075241088867188
M186E:G200R,-12.616142272949219
M186E:G200S,-11.979118347167969
M186E:G200T,-14.55910873413086
M186E:G200V,-16.800668716430664
M186T:N208Q,-1.1846864223480225
M186T:P206W,-12.48192024230957
M186T:P206V,-14.836647033691406
M186T:P206R,-7.655938148498535
M186T:P206L,-11.049595832824707
M186T:P206G,-13.966114044189453
M186T:N214S,-6.386319160461426
M186T:N214R,-7.34371280670166
M186T:N208W,-5.542481422424316
M186E:C198V,-5.977056503295898
M186D:N208A,-6.6196465492248535
M186D:N208W,-10.16732120513916
M186D:N214F,-13.492713928222656
M186D:N214L,-12.806251525878906
M186D:P206G,-18.590953826904297
M186D:P206M,-17.102739334106445
M186D:P206N,-12.003158569335938
M186E:N208A,-2.977530002593994
M186E:C198A,-7.856463432312012
M186E:C198D,-15.21466064453125
M186E:C198G,-14.662246704101562
M186E:C198L,-8.026123046875
M186E:C198M,-11.425729751586914
M186E:C198W,-16.261821746826172
M186E:C198F,-13.235204696655273
D187Y:N208L,-15.593902587890625
D187W:Y209W,-18.99752426147461
D187W:Y209V,-18.162914276123047
D187W:Y209L,-15.622488021850586
D187W:Y209F,-16.270111083984375
D187W:Y209G,-23.824338912963867
D187W:Y209C,-17.160001754760742
D187W:V213T,-18.122230529785156
D187W:P206G,-24.826156616210938
D187W:P206F,-23.21575355529785
D187W:P191R,-18.568336486816406
D187W:N208Y,-16.145811080932617
D187W:N208W,-16.402523040771484
D187W:N208Q,-12.04472827911377
D187W:N208K,-10.686882019042969
D187W:N208L,-16.05534553527832
D187W:C198W,-26.139141082763672
D187W:C198V,-15.854375839233398
D187V:Y209W,-16.642364501953125
D187W:G200A,-22.92885398864746
D187V:Y209V,-15.807754516601562
D187V:Y209K,-11.981260299682617
D187V:Y209I,-16.44735336303711
D187V:Y209H,-13.889366149902344
D187V:Y209G,-21.469179153442383
D187V:Y209C,-14.804841995239258
D187V:Y209A,-16.06917953491211
D187V:Y209M,-13.424060821533203
D187V:V213S,-15.056436538696289
D187V:V213L,-12.850329399108887
D187V:V210H,-25.409225463867188
D187V:N208W,-14.04736328125
D187V:P206G,-22.470996856689453
D187V:P206L,-19.55447769165039
D187W:G200R,-22.49346160888672
D187V:N208L,-13.700185775756836
D187V:N208K,-8.331722259521484
D187V:N208A,-10.499689102172852
D187V:N214L,-16.686294555664062
D187V:N214R,-15.848594665527344
D187R:C198G,-22.26366424560547
D187V:C198W,-23.783981323242188
D187T:P206S,-18.486310958862305
D187T:N208Y,-13.460742950439453
D187T:C198Q,-21.83910369873047
D187S:Y209S,-14.607399940490723
D187S:Y209P,-20.27786636352539
D187S:Y209K,-8.155263900756836
D187S:Y209G,-17.6431827545166
D187T:Y209G,-21.139270782470703
D187V:C198G,-22.184406280517578
D187S:G200R,-16.312305450439453
D187S:G200P,-20.94776153564453
D187S:C198V,-9.673219680786133
D187R:Y209M,-13.503318786621094
D187V:Y209L,-13.267328262329102
D187R:P206W,-21.06606101989746
D187R:P206V,-23.420787811279297
D187R:P206D,-17.976518630981445
D187R:N214L,-16.765552520751953
D187R:N208W,-14.12662124633789
D187R:N208M,-11.837348937988281
D187R:N208D,-13.00691032409668
D187R:G200A,-20.652952194213867
D187N:Y209L,-9.32487678527832
D187Q:Y209L,-9.397017478942871
D187Q:C198G,-18.31409454345703
D187P:P206A,-24.542245864868164
D187M:Y209G,-22.3131103515625
D187M:N214V,-16.079723358154297
D187M:N208K,-9.175653457641602
D187M:Y209L,-14.111259460449219
D187L:Y209W,-17.844131469726562
D187L:V213W,-16.935935974121094
D187E:V210E,-15.528833389282227
D187E:V213L,-4.2941389083862305
D187F:Y209W,-19.386587142944336
D187F:P206T,-24.398479461669922
D187E:Y209V,-7.2515645027160645
D187E:Y209S,-9.877206802368164
D187E:Y209R,-4.649463176727295
D187E:Y209P,-15.547672271728516
D187E:Y209G,-12.912988662719727
D187A:N208A,-7.587573051452637
D187A:V210N,-21.110271453857422
D187A:V213L,-9.938213348388672
D187A:Y209S,-15.521280288696289
D187E:C198Q,-13.612823486328125
D187E:C198G,-13.628215789794922
D187A:P206Y,-17.064228057861328
D187A:N214P,-12.91502571105957
D187A:N208W,-11.135248184204102
D187A:N208Q,-6.77745246887207
D187A:G200L,-19.46251678466797
D187A:G200V,-21.41071319580078
D187L:C198L,-16.750049591064453
D187L:N208W,-15.249130249023438
D187L:P206T,-22.85602569580078
D187E:N208M,-3.2019009590148926
D187E:N208L,-5.143995761871338
D187E:N208A,-1.9434990882873535
D187E:N208C,-2.0309877395629883
D187L:G200M,-22.980998992919922
D187E:N214L,-8.130104064941406
D187L:C198N,-22.37090301513672
D187I:P206R,-18.153480529785156
D187E:P206S,-10.260028839111328
D187E:P206G,-13.914806365966797
D187E:N208W,-5.49117374420166
D187G:G200V,-22.314762115478516
D187G:G200R,-18.13023567199707
D187G:V213R,-12.598193168640137
D187G:G200A,-18.565628051757812
D187G:G200L,-20.366565704345703
D187G:N208H,-10.357904434204102
D187G:N208A,-8.491622924804688
D187G:N208D,-10.919586181640625
D187G:N208K,-6.323655605316162
D187G:Y209A,-14.061113357543945
D187G:N208W,-12.039297103881836
D187G:N214W,-16.404499053955078
D187G:P206G,-20.462928771972656
D187G:N208L,-11.692119598388672
D187G:P206I,-21.137874603271484
D187G:P206Q,-17.18297004699707
D187G:P206S,-16.80815315246582
D187G:P206T,-19.64619255065918
D187G:P206V,-21.33346176147461
D187G:P206K,-15.021069526672363
D187G:V213A,-12.496872901916504
D187G:V210A,-16.823318481445312
D187G:C198F,-18.749298095703125
D187G:C198G,-20.17633819580078
D187G:V210E,-22.07695770263672
D187A:Y209W,-13.730249404907227
D187C:N214G,-12.466992378234863
D187G:Y209R,-11.197587013244629
D187G:Y209S,-16.425331115722656
D187G:Y209G,-19.46111297607422
D187G:Y209T,-17.71957015991211
D187G:Y209W,-14.634299278259277
D187H:P206G,-21.016456604003906
D187G:Y209V,-13.799688339233398
D187G:Y209F,-11.90688419342041
D187G:Y209P,-22.095794677734375
D187G:Y209L,-11.259262084960938
D187G:Y209H,-11.88129997253418
D187G:Y209I,-14.439287185668945
P191W:Y209V,-14.688021659851074
P191Y:V210G,-21.18020248413086
P191Y:P206G,-19.927400588989258
P191Y:V210N,-21.478792190551758
P191W:G200R,-19.018569946289062
P191W:N208W,-12.927631378173828
P191W:G200M,-20.659500122070312
P191W:C198G,-21.064672470092773
P191V:N214T,-8.108582496643066
P191V:V213P,-9.7548828125
P191W:P206W,-19.867069244384766
P191V:Y209L,-6.83797025680542
P191V:V213R,-8.176901817321777
P191V:Y209R,-6.7762956619262695
P191V:N208A,-4.070331573486328
P191V:P206K,-10.599778175354004
P191V:P206T,-15.22490119934082
P191T:N208W,-7.445703983306885
P191T:Y209A,-9.467519760131836
P191S:Y209R,-5.8666815757751465
P191T:N214V,-8.634132385253906
P191S:Y209M,-6.085088729858398
P191S:Y209G,-14.130207061767578
P191T:N208D,-6.325992107391357
P191S:Y209W,-9.303394317626953
P191T:C198M,-12.346229553222656
P191T:N208C,-3.985517978668213
P191S:V210S,-12.891656875610352
P191S:V213K,-5.064702987670898
P191S:N214C,-9.901263236999512
P191S:N208Y,-6.451679229736328
P191S:N208M,-4.419119358062744
P191S:N208L,-6.3612141609191895
P191S:N208W,-6.708392143249512
P191S:C198K,-12.142488479614258
P191S:G200M,-14.440261840820312
P191S:G200D,-10.715112686157227
P191S:C198G,-14.845434188842773
P191R:Y209Q,-11.804187774658203
P191R:Y209L,-5.819973945617676
P191R:Y209G,-14.021825790405273
P191R:Y209F,-6.467596530914307
P191R:Y209C,-7.357488632202148
P191R:V213T,-8.319717407226562
P191R:V210E,-16.63766860961914
P191R:V213C,-7.44243860244751
P191R:V210G,-16.276443481445312
P191R:N208L,-6.252831935882568
P191S:Y209V,-8.468782424926758
P191R:P206E,-14.490699768066406
P191R:P206W,-13.539449691772461
P191R:N208K,-0.8843679428100586
P191R:N208D,-5.480298042297363
P191R:P206V,-15.894174575805664
P191R:G200A,-13.126340866088867
P191Q:Y209S,-10.494479179382324
P191Q:Y209R,-5.266736030578613
P191Q:Y209E,-15.14767837524414
P191R:C198G,-14.737051010131836
P191R:G200Y,-14.540794372558594
P191Q:N214P,-7.8882246017456055
P191Q:N214L,-8.747377395629883
P191N:Y209S,-11.484092712402344
P191N:G200V,-17.373525619506836
P191N:P206V,-16.39222526550293
P191N:Y209L,-6.318024635314941
P191M:Y209W,-11.078760147094727
P191M:Y209L,-7.70372200012207
P191M:Y209G,-15.905572891235352
P191M:Y209E,-17.52298927307129
P191M:N208K,-2.768115997314453
P191L:V213K,-7.11215877532959
P191L:V210I,-13.677228927612305
P191L:Y209L,-7.9758124351501465
P191L:N208Q,-4.398053169250488
P191L:Y209W,-11.350850105285645
P191L:P206V,-18.05001449584961
P191L:P206M,-15.691267013549805
P191L:N214T,-9.246424674987793
P191L:N208K,-3.0402064323425293
P191L:G200L,-17.08311653137207
P191K:Y209W,-8.603324890136719
P191K:Y209T,-11.68859577178955
P191K:Y209S,-10.394355773925781
P191K:Y209F,-5.875909805297852
P191K:N208A,-2.46064829826355
P191L:N208L,-8.408670425415039
P191I:P206F,-16.376834869384766
P191I:N208W,-9.563604354858398
P191I:N208C,-6.103417873382568
P191I:N208L,-9.216425895690918
P191H:V210T,-7.497220993041992
P191H:Y209G,-15.569841384887695
P191L:N208W,-8.755847930908203
P191H:N208W,-8.148025512695312
P191H:N208C,-4.687839984893799
P191G:Y209Q,-13.535778045654297
P191H:C198G,-16.28506851196289
P191G:Y209T,-14.011872291564941
P191G:Y209R,-7.489889144897461
P191A:C198G,-12.943807601928711
P191G:Y209L,-7.551563739776611
P191A:G200R,-10.897704124450684
P191A:N208C,-1.3465797901153564
P191A:N208M,-2.5174930095672607
P191A:N208W,-4.806765556335449
P191A:P206L,-10.31387996673584
P191A:N214H,-6.405721664428711
P191A:Y209R,-3.965055465698242
P191A:P206V,-14.100931167602539
P191A:Y209S,-9.192798614501953
P191A:Y209D,-14.797263145446777
P191A:Y209G,-12.228581428527832
P191A:Y209I,-7.206755638122559
P191A:Y209L,-4.026730060577393
P191C:Y209L,-8.09046745300293
P191C:G200M,-16.602371215820312
P191C:G200R,-14.961441040039062
P191C:G200V,-19.145967483520508
P191C:N208K,-3.1548609733581543
P191C:Y209V,-10.63089370727539
P191D:N208A,-1.723121166229248
P191D:Y209G,-12.692611694335938
P191D:N214G,-7.359325885772705
P191D:Y209T,-10.951068878173828
P191E:C198L,-5.813394546508789
P191E:N214R,-6.113707542419434
P191E:P206G,-12.73610782623291
P191E:C198E,-14.993609428405762
P191D:Y209P,-15.327293395996094
P191E:V210L,-12.322493553161621
P191F:C198G,-20.434383392333984
P191F:G200A,-18.823671340942383
P191E:V210C,-7.300027847290039
P191F:G200S,-17.75125503540039
P191G:C198V,-7.783451557159424
P191F:N208W,-12.297340393066406
P191F:N208L,-11.950162887573242
P191F:N208A,-8.749666213989258
P191F:Y209G,-19.71915626525879
P191G:G200L,-16.65886688232422
P191G:P206L,-13.838714599609375
C198A:N208A,-2.2177815437316895
C198A:N208W,-5.765456199645996
C198A:N214L,-8.404386520385742
C198A:N214R,-7.56668758392334
C198A:P206L,-11.272570610046387
C198A:V210S,-11.948720932006836
C198A:Y209F,-5.633042812347412
C198A:Y209G,-13.187271118164062
C198A:Y209L,-4.985420227050781
C198D:N208W,-13.123653411865234
C198G:P206W,-19.510677337646484
C198D:Y209S,-17.509685516357422
C198E:N208L,-14.768153190612793
C198E:N208K,-9.399688720703125
C198E:P206A,-21.359630584716797
C198E:P206F,-21.92856216430664
C198E:P206V,-24.409496307373047
C198E:Y209C,-15.872810363769531
C198E:Y209G,-22.537147521972656
C198E:Y209L,-14.335295677185059
C198E:Y209R,-14.27362060546875
C198E:Y209W,-17.7103328704834
C198F:N208A,-7.596522331237793
C198F:N208Q,-6.786401748657227
C198F:N208W,-11.144197463989258
C198F:V213T,-12.863903999328613
C198F:Y209G,-18.56601333618164
C198F:Y209M,-10.520894050598145
C198F:Y209R,-10.302486419677734
C198F:Y209S,-15.530229568481445
C198G:N208Q,-8.213443756103516
C198G:N208K,-6.855597019195557
C198G:N208A,-9.023564338684082
C198G:N208C,-9.111053466796875
C198G:N208D,-11.451526641845703
C198G:N208W,-12.571239471435547
C198G:N214R,-14.37247085571289
C198G:N214S,-13.415077209472656
C198G:N208M,-10.281966209411621
C198G:N214T,-13.06181526184082
C198G:P206G,-20.994871139526367
C198G:P206K,-15.553010940551758
C198G:P206L,-18.078353881835938
C198G:P206N,-14.407075881958008
C198G:P206R,-14.684696197509766
C198G:P206S,-17.34009552001953
C198G:P206V,-21.86540412902832
C198G:P206A,-18.815536499023438
C198G:P206E,-20.461929321289062
C198G:V210F,-21.887176513671875
C198G:V210G,-22.24767303466797
C198G:V210A,-17.35525894165039
C198L:N208L,-5.58793830871582
C198L:N208W,-5.935116291046143
C198L:N214M,-8.551362037658691
C198L:N214V,-7.123544216156006
C198L:P206L,-11.442230224609375
C198L:P206N,-7.770953178405762
C198L:P206R,-8.048572540283203
C198L:P206W,-12.874555587768555
C198G:V210L,-20.581256866455078
C198L:V210S,-12.11838150024414
C198L:V213W,-7.621920585632324
C198L:Y209C,-6.6925950050354
C198L:Y209G,-13.356931686401367
C198L:Y209L,-5.155080318450928
C198L:Y209R,-5.093405723571777
C198L:Y209S,-10.321148872375488
C198L:Y209V,-7.695507049560547
C198L:Y209W,-8.530117988586426
C198L:Y209M,-5.311812877655029
C198L:Y209P,-15.99161434173584
C198M:N208C,-5.874536514282227
C198M:N214G,-11.42325210571289
C198M:P206L,-14.841836929321289
C198G:V213C,-13.413667678833008
C198M:N208A,-5.787047863006592
C198M:Y209F,-9.202308654785156
C198G:N208L,-12.224061012268066
C198S:P206K,-11.485939025878906
C198S:N208C,-5.043981075286865
C198S:N208A,-4.9564924240112305
C198T:P206K,-12.351930618286133
C198T:P206S,-14.13901424407959
C198T:P206W,-16.30959701538086
C198T:Y209R,-8.528448104858398
C198T:Y209V,-11.130549430847168
C198S:Y209V,-10.264557838439941
C198G:V213W,-14.25804328918457
C198S:Y209S,-12.890199661254883
C198V:P206S,-8.654905319213867
C198V:N208A,-0.33837461471557617
C198V:N208K,1.8295927047729492
C198V:N208M,-1.5967764854431152
C198V:N208W,-3.886049270629883
C198V:N208Y,-3.629336357116699
C198V:N214L,-6.524980068206787
C198V:N214R,-5.687280654907227
C198V:P206A,-10.130348205566406
C198V:N208L,-3.5388712882995605
C198V:P206G,-12.309680938720703
C198V:V210C,-6.873600959777832
C198V:V210I,-8.807430267333984
C198V:V210N,-13.861072540283203
C198V:V210T,-3.2352442741394043
C198V:V213F,-3.611905097961426
C198V:Y209A,-5.907864570617676
C198V:Y209F,-3.753635883331299
C198V:Y209L,-3.106013298034668
C198W:N208K,-8.455171585083008
C198W:Y209A,-16.192628860473633
C198W:N208A,-10.623139381408691
C198W:N208D,-13.051101684570312
C198W:N208C,-10.710628509521484
C198V:Y209V,-5.646440029144287
C198V:Y209T,-9.566322326660156
C198V:Y209R,-3.0443387031555176
C198W:P206I,-23.269390106201172
C198W:P206S,-18.93967056274414
C198W:P206W,-21.110252380371094
C198W:P206G,-22.594446182250977
C198V:Y209M,-3.2627458572387695
C198V:Y209G,-11.307865142822266
C198W:N208L,-13.823636054992676
C198W:P206D,-18.020709991455078
C198V:Y209N,-9.395895004272461
C198W:N214L,-16.80974578857422
C198W:V210G,-23.847248077392578
C198W:N208W,-14.170814514160156
C198W:Y209F,-14.038400650024414
C198W:V210L,-22.180831909179688
C198W:Y209P,-24.227312088012695
C198W:Y209S,-18.556846618652344
C198W:Y209T,-19.851085662841797
C198W:Y209V,-15.931204795837402
C198W:Y209W,-16.76581573486328
C198W:Y209L,-13.390778541564941
C198G:Y209C,-13.328718185424805
C198G:Y209E,-21.610469818115234
C198G:Y209F,-12.438825607299805
C198G:Y209G,-19.993053436279297
C198G:Y209H,-12.41324234008789
C198G:Y209L,-11.791203498840332
C198G:Y209M,-11.947936058044434
C198G:Y209P,-22.627737045288086
C198G:Y209S,-16.957271575927734
C198G:Y209T,-18.251510620117188
C198G:Y209V,-14.331629753112793
C198G:Y209W,-15.166240692138672
C198G:Y209Q,-17.77541732788086
C198G:Y209R,-11.729528427124023
C198W:Y209G,-21.592628479003906
C198W:Y209K,-12.104710578918457
C198G:Y209A,-14.593053817749023
C198K:N208W,-9.868293762207031
C198K:N208Y,-9.611581802368164
C198K:N214K,-10.251957893371582
C198K:N214Q,-10.455974578857422
C198K:N214V,-11.056722640991211
C198K:P206G,-18.291927337646484
C198K:P206K,-12.850066184997559
C198K:P206R,-11.98175048828125
C198K:V210S,-16.051559448242188
C198K:Y209A,-11.89011001586914
C198K:Y209F,-9.735880851745605
C198K:Y209K,-7.802190780639648
C198K:Y209L,-9.088258743286133
C198K:Y209P,-19.924793243408203
C198K:Y209G,-17.290109634399414
C198K:P206N,-11.704131126403809
C198Q:P206L,-18.06296157836914
C198Q:Y209W,-15.150848388671875
C198N:P206A,-17.80026626586914
C198P:Y209E,-23.201171875
C198N:Y209L,-10.775933265686035
C198N:V213R,-12.114864349365234
C198N:V210Y,-22.805282592773438
C198P:Y209R,-13.320230484008789
C198K:P206V,-19.162460327148438
C198N:N208D,-10.436256408691406
C198N:P206G,-19.97960090637207
C198M:Y209V,-11.095113754272461
G200Y:N208W,-12.374980926513672
G200V:Y209G,-22.13147735595703
G200V:V213W,-16.396465301513672
G200V:Y209V,-16.47005271911621
G200V:Y209S,-19.09569549560547
G200V:Y209R,-13.867951393127441
G200V:Y209Q,-19.913841247558594
G200V:Y209P,-24.766159057617188
G200V:Y209M,-14.086359024047852
G200V:Y209L,-13.92962646484375
G200V:Y209K,-12.643558502197266
G200V:Y209C,-15.467140197753906
G200V:Y209A,-16.731477737426758
G200V:V213Y,-12.793207168579102
G200V:V213S,-15.718734741210938
G200Y:Y209R,-11.533270835876465
G200V:V210L,-22.719680786132812
G200V:P206V,-24.003826141357422
G200V:P206R,-16.823118209838867
G200V:P206L,-20.21677589416504
G200V:P206I,-23.808238983154297
G200V:P206W,-21.64910125732422
G200V:P206C,-20.747900009155273
G200V:N208K,-8.994020462036133
G200V:N208L,-14.362483978271484
G200V:N208M,-12.420389175415039
G200V:N208Q,-10.351866722106934
G200V:P206G,-23.13329315185547
G200V:N208W,-14.709661483764648
G200V:N208Y,-14.452949523925781
G200V:N214F,-18.035053253173828
G200V:N214R,-16.510892868041992
G200V:N208D,-13.589950561523438
G200S:Y209H,-9.730113983154297
G200S:Y209L,-9.108076095581055
G200S:Y209W,-12.483113288879395
G200T:N208M,-10.178829193115234
G200S:Y209G,-17.309926986694336
G200T:P206L,-17.975215911865234
G200T:V210F,-21.784038543701172
G200T:N208W,-12.468101501464844
G200S:Y209R,-9.046401023864746
G200S:Y209A,-11.909927368164062
G200R:Y209V,-12.285526275634766
G200R:V210G,-20.201568603515625
G200S:N208K,-4.172469615936279
G200S:N208M,-7.598838806152344
G200S:N208A,-6.340436935424805
G200S:P206L,-15.395225524902344
G200S:V210G,-19.564544677734375
G200S:N208D,-8.768400192260742
G200R:Y209S,-14.911168098449707
G200R:Y209R,-9.683424949645996
G200R:Y209M,-9.901832580566406
G200R:Y209L,-9.745100021362305
G200R:Y209K,-8.45903205871582
G200R:Y209W,-13.120137214660645
G200R:Y209E,-19.564367294311523
G200R:V213S,-11.534208297729492
G200R:V213L,-9.32810115814209
G200R:V210W,-21.92978858947754
G200R:V210P,-22.58199691772461
G200R:Y209G,-17.946950912475586
G200V:N208C,-11.249475479125977
G200R:Y209C,-11.282613754272461
G200V:N208A,-11.1619873046875
G200S:Y209P,-19.944610595703125
G200R:V210E,-20.562793731689453
G200R:N208Y,-10.268423080444336
G200R:N214R,-12.326366424560547
G200R:N214V,-11.713563919067383
G200R:P206E,-18.41582489013672
G200R:P206G,-18.948768615722656
G200R:P206L,-16.032249450683594
G200R:P206S,-15.293991088867188
G200R:P206V,-19.81930160522461
G200R:P206Y,-16.454116821289062
G200R:V210M,-19.34208869934082
G200R:N208W,-10.525135040283203
G200R:N208A,-6.977460861206055
G200R:N208C,-7.0649495124816895
G200R:N208D,-9.405424118041992
G200R:N208K,-4.809493541717529
G200R:N208L,-10.177957534790039
G200R:N208M,-8.235862731933594
G200Q:Y209G,-17.406049728393555
G200Q:Y209K,-7.918130397796631
G200Q:Y209S,-14.37026596069336
G200Q:Y209V,-11.744625091552734
G200P:V210P,-27.217453002929688
G200P:V213S,-16.16966438293457
G200Q:N208M,-7.694961071014404
G200Q:N208W,-9.984233856201172
G200Q:N214S,-10.828071594238281
G200P:P206N,-16.996429443359375
G200M:Y209G,-19.58788299560547
G200M:Y209K,-10.099963188171387
G200M:Y209L,-11.386031150817871
G200M:Y209R,-11.324356079101562
G200M:Y209S,-16.552099227905273
G200P:N214R,-16.961822509765625
G200M:Y209W,-14.761068344116211
G200M:N208M,-9.87679386138916
G200M:N208W,-12.166067123413086
G200M:P206E,-20.0567569732666
G200M:P206L,-17.673181533813477
G200M:N208A,-8.618391990661621
G200L:V213W,-14.448269844055176
G200L:Y209F,-12.62905216217041
G200L:Y209G,-20.18328094482422
G200L:Y209H,-12.60346794128418
G200L:Y209L,-11.981430053710938
G200L:Y209M,-12.138162612915039
G200L:Y209R,-11.919754981994629
G200L:Y209T,-18.44173812866211
G200L:Y209V,-14.521856307983398
G200L:Y209W,-15.356467247009277
G200L:Y209N,-18.271310806274414
G200M:N208Y,-11.909353256225586
G200Y:Y209G,-19.796796798706055
G200L:N214Q,-13.349145889282227
G200L:P206C,-18.79970359802246
G200L:P206E,-20.652156829833984
G200L:P206F,-19.574695587158203
G200L:P206G,-21.185096740722656
G200L:N208W,-12.761465072631836
G200L:N208A,-9.213790893554688
G200L:N208D,-11.641754150390625
G200L:P206R,-14.874921798706055
G200Q:P206C,-16.022472381591797
G200D:Y209L,-7.660881996154785
G200D:Y209V,-10.201309204101562
G200A:P206Q,-16.10420036315918
G200D:N208D,-7.321206092834473
G200A:V210M,-19.777481079101562
G200D:N208L,-8.093740463256836
G200D:N214V,-9.629345893859863
G200D:P206A,-14.685216903686523
G200A:V210Y,-22.209840774536133
G200A:V213L,-9.763493537902832
G200A:Y209A,-12.982343673706055
G200A:Y209G,-18.382343292236328
G200A:Y209K,-8.894424438476562
G200A:Y209L,-10.180492401123047
G200A:Y209R,-10.118817329406738
G200A:Y209S,-15.34656047821045
G200A:Y209V,-12.720918655395508
G200A:Y209W,-13.555529594421387
G200A:Y209Q,-16.16470718383789
G200A:V210F,-20.276464462280273
G200A:N208W,-10.960527420043945
G200A:P206G,-19.384159088134766
G200A:P206L,-16.467641830444336
G200A:P206T,-18.56742286682129
G200A:N208Q,-6.6027326583862305
G200A:N208L,-10.613349914550781
G200A:N208K,-5.2448859214782715
G200A:N208M,-8.671255111694336
G200A:N208A,-7.412853240966797
G200A:N208C,-7.500341892242432
P206W:V210L,-19.383655548095703
P206W:V213C,-12.216065406799316
P206W:V213L,-10.176602363586426
P206H:V213K,-1.4156219959259033
P206I:N214K,-13.916438102722168
P206I:N208W,-13.532773971557617
P206I:N208K,-7.817132472991943
P206H:V213P,-5.196187973022461
P206Q:N214E,-9.018339157104492
P206G:V213L,-11.660795211791992
P206I:V213S,-14.541847229003906
P206R:N214C,-9.740525245666504
P206R:V213A,-7.005229473114014
P206R:N214W,-10.912857055664062
P206R:N214S,-7.391491889953613
P206R:N214L,-9.18658447265625
P206T:N214Y,-14.592809677124023
P206V:N214T,-14.218938827514648
P206K:N214C,-10.608840942382812
P206Y:V213L,-9.166144371032715
P206K:V213A,-7.873544692993164
P206G:N214V,-14.046257019042969
P206G:N214H,-14.456785202026367
P206G:N214C,-16.050701141357422
P206A:V213R,-11.237391471862793
P206L:V213C,-10.783740997314453
P206L:V213K,-8.297622680664062
P206L:V213L,-8.744277000427246
P206L:V213W,-11.628116607666016
P206L:V213Y,-8.024856567382812
P206M:N214Q,-11.957296371459961
P206N:V213R,-6.828929901123047
N208K:N214G,-0.8070855140686035
N208A:N214P,-2.6663007736206055
N208C:V213A,-1.431586742401123
N208A:V210A,-5.670543670654297
N208A:N214W,-5.251725196838379
N208A:N214G,-2.975052833557129
N208D:N214G,-5.403015613555908
N208L:N214L,-6.725950241088867
N208H:Y209Q,-7.956982135772705
N208M:V213L,-0.947890043258667
N208L:N214K,-4.4706830978393555
N208M:V210A,-6.928945541381836
N208L:V213L,-2.8899848461151123
N208L:V210A,-8.871040344238281
N208Y:N214C,-7.370355606079102
N208W:N214Y,-6.985914707183838
N208Q:V213S,-1.085475206375122
N208W:N214L,-7.0731282234191895
N208W:N214R,-6.235428810119629
N208M:V210L,-10.154942512512207
N208M:N214R,-3.9461560249328613
N208W:N214K,-4.8178606033325195
N208W:N214F,-7.759589672088623
Y209G:V213R,-12.414908409118652
Y209G:N214S,-12.699850082397461
Y209G:N214G,-13.94454288482666
Y209F:V210I,-9.223164558410645
Y209E:V213A,-13.931004524230957
Y209C:V210L,-13.20169448852539
Y209C:N214K,-5.575339317321777
Y209W:N214C,-10.222070693969727
Y209W:V213L,-5.832164764404297
Y209W:N214K,-7.412862777709961
Y209E:V213L,-12.276394844055176
Y209A:V213R,-7.014908313751221
Y209L:V213A,-4.11173677444458
Y209V:V213S,-7.20366096496582
Y209V:N214V,-7.383016109466553
Y209T:V213S,-11.123542785644531
Y209T:N214D,-9.392722129821777
Y209R:N214W,-7.95768928527832
V210G:N214F,-17.436023712158203
V210A:N214C,-12.411088943481445
V210W:N214V,-17.027278900146484
