mutant,prediction
F165T:D190G,-11.790016174316406
F165R:R207A,-1.016695499420166
F165R:R207S,-1.6982910633087158
F165R:R207W,-9.622979164123535
F165T:M186S,-10.328716278076172
F165Q:M186V,-5.528962135314941
F165R:K195A,-8.689363479614258
F165R:K195H,-6.2395124435424805
F165P:R207K,-13.237957000732422
F165P:T202Q,-15.859214782714844
F165Q:A197G,-8.160520553588867
F165Q:D190N,-6.2509307861328125
F165R:T202A,-6.48796272277832
F165R:N214M,-6.6816606521606445
F165R:N214T,-4.265110969543457
F165Q:E171G,-5.490409851074219
F165Q:R179L,-10.378398895263672
F165Q:R179M,-7.860976219177246
F165Q:R179Q,-5.26273250579834
F165Q:R179W,-13.431363105773926
F165Q:T202W,-8.831175804138184
F165Q:T211A,-3.852621555328369
F165Q:T202G,-10.882861137390137
F165P:R179W,-23.043046951293945
F165P:R178S,-16.23772430419922
F165R:T202G,-9.435646057128906
F165R:T202K,-4.956064701080322
F165L:N214A,-9.088289260864258
F165L:N192E,-9.152859687805176
F165L:N214Q,-8.099124908447266
F165L:A197G,-10.339410781860352
F165R:R178S,-5.178825855255127
F165R:R179C,-6.252338886260986
F165R:R178G,-8.283666610717773
F165R:T202R,-5.101974964141846
F165R:T202W,-7.383960723876953
F165R:T211G,-3.901075839996338
F165R:T211P,-10.372794151306152
F165R:R179W,-11.984148025512695
F165R:R179T,-5.158572673797607
F165R:Q170R,-3.043210506439209
F165R:R179G,-7.5729827880859375
F165L:M186H,-11.758895874023438
F165L:M186P,-16.025257110595703
F165L:M186R,-11.093120574951172
F165L:M186V,-7.707852363586426
F165L:H199R,-8.24972915649414
F165L:H184S,-9.12746524810791
F165L:H199A,-10.732918739318848
F165L:H199Q,-9.824953079223633
F165L:K195G,-13.540229797363281
F165L:K195W,-10.219375610351562
F165R:T202I,-2.917952299118042
F165G:A197W,-13.046279907226562
F165G:A197S,-8.820045471191406
F165D:M186R,-11.779003143310547
F165G:A197L,-10.886539459228516
F165G:A197G,-12.235979080200195
F165G:D190A,-14.56014633178711
F165G:D190G,-13.722211837768555
F165G:F182L,-6.519620895385742
F165E:W194Y,-11.112760543823242
F165E:T211R,-2.9937729835510254
F165E:T211A,-5.456193923950195
F165E:T202W,-10.434747695922852
F165E:T202R,-8.152762413024902
F165E:R207K,-5.229846000671387
F165E:T202G,-12.486433029174805
F165E:T202E,-6.04665994644165
F165E:T202A,-9.538749694824219
F165E:R207T,-6.3232831954956055
F165E:N192G,-9.799490928649902
F165E:T202K,-8.006852149963379
F165D:T202Y,-10.104554176330566
F165E:T202Q,-7.851103782653809
F165E:R179G,-10.623769760131836
F165E:R179C,-9.303126335144043
F165E:R178G,-11.334454536437988
F165E:R178A,-9.517318725585938
F165E:R179W,-15.034934997558594
F165E:D190E,-10.547893524169922
F165E:A197G,-9.764093399047852
F165D:T202K,-9.26805305480957
F165D:T202G,-13.747633934020996
F165D:R179G,-11.884970664978027
F165R:M186V,-4.081747055053711
F165C:A197G,-8.644186973571777
F165C:M186S,-8.669121742248535
F165C:T202K,-6.886946201324463
F165C:T202G,-11.366527557373047
F165C:T202E,-4.926753997802734
F165C:R207C,-5.901630401611328
F165C:M186V,-6.012628555297852
F165C:T202R,-7.032856464385986
F165Q:W194E,-14.287551879882812
F165R:D187L,-13.183687210083008
F165R:D187V,-12.324470520019531
F165R:D190P,-10.929462432861328
F165H:R178M,-8.247069358825684
F165C:T202S,-7.527425765991211
F165C:T202W,-9.314842224121094
F165C:W194V,-10.789344787597656
F165C:N192R,-5.940014362335205
F165C:R178K,-5.662509918212891
F165C:R179G,-9.503864288330078
F165C:R179L,-10.862065315246582
F165C:R179W,-13.915029525756836
F165C:N192G,-8.679584503173828
F165I:K195G,-14.100136756896973
F165H:W194R,-12.123417854309082
F165H:R179K,-2.437051773071289
F165H:R179A,-5.250527381896973
F165I:A197Q,-7.167879581451416
F165G:V210S,-16.95008659362793
F165G:W194V,-14.381135940551758
F165G:W194T,-16.871952056884766
F165G:W194F,-13.2903413772583
F165G:R207Y,-13.742804527282715
F165G:S189E,-12.281144142150879
F165G:S189F,-15.800554275512695
F165G:T202A,-12.010635375976562
F165G:T211V,-7.945582866668701
F165G:T211M,-8.091306686401367
F165G:T211A,-7.928079605102539
F165G:T202Y,-11.315238952636719
F165G:R179F,-16.49329948425293
F165G:T202W,-12.906633377075195
F165G:T202S,-11.119216918945312
F165G:T202R,-10.624648094177246
F165G:T202Q,-10.322989463806152
F165G:T202K,-10.478737831115723
F165G:T202I,-8.440625190734863
F165G:T202H,-12.050352096557617
F165G:V210K,-19.089994430541992
F165G:R179G,-13.09565544128418
F165G:R179K,-6.820852756500244
F165G:R179E,-9.354204177856445
F165G:R207C,-9.49342155456543
F165G:R207W,-15.145652770996094
F165G:R207T,-8.79516887664795
F165G:R207K,-7.7017316818237305
F165G:R207H,-12.61683177947998
F165G:R179H,-13.59144401550293
F165G:R207D,-15.910655975341797
F165G:R207A,-6.539368629455566
F165G:R179Y,-15.461769104003906
F165G:R179W,-17.506820678710938
F165G:R179T,-10.681245803833008
F165G:R179S,-10.711538314819336
F165G:R179L,-14.453857421875
F165G:R207E,-14.457115173339844
F165G:T202G,-14.958318710327148
F165G:R179A,-9.634328842163086
F165G:R178F,-14.007564544677734
F165G:K195H,-11.762186050415039
F165G:R178G,-13.806340217590332
F165G:P169L,-16.840776443481445
F165G:N214K,-9.626107215881348
F165G:N214G,-10.710733413696289
F165G:N214D,-9.288458824157715
F165G:R178K,-9.254302024841309
F165G:R178M,-12.630870819091797
F165G:R179C,-11.775012016296387
F165G:N192G,-12.271376609802246
F165G:M186V,-9.604419708251953
F165G:M186S,-12.260913848876953
F165G:M186R,-12.989688873291016
F165G:R178S,-10.701498985290527
F165G:K195V,-11.764453887939453
F165G:K195R,-10.280208587646484
F165G:K195Q,-11.084802627563477
F165G:K195G,-15.436798095703125
F165G:K195A,-14.2120361328125
F165G:H199R,-10.146295547485352
F165G:H199L,-13.900016784667969
F165G:H199K,-10.688955307006836
F165G:H199G,-11.292396545410156
F165G:H199C,-13.470548629760742
F165G:H199A,-12.629486083984375
F165G:M186I,-8.659488677978516
F165G:H199Y,-13.86449909210205
F165G:T202F,-11.783380508422852
F165G:T202E,-8.518545150756836
F165W:W194G,-16.058805465698242
F165W:W194R,-15.184271812438965
F165W:W194S,-14.664424896240234
F165W:P169R,-11.93724250793457
F165W:R207W,-13.822705268859863
F165W:T211W,-8.229254722595215
F165W:T202Y,-9.992292404174805
F165W:T202W,-11.583686828613281
F165W:T202S,-9.796270370483398
F165W:T202R,-9.301700592041016
F165W:T202Q,-9.000041961669922
F165W:T202K,-9.155790328979492
F165W:T202I,-7.117678642272949
F165W:T202G,-13.635372161865234
F165W:T202E,-7.195598602294922
F165W:T202A,-10.687688827514648
F165G:H184N,-11.217470169067383
F165T:T202A,-10.078439712524414
F165T:T202R,-8.692451477050781
F165T:W194R,-14.575021743774414
F165T:T202K,-8.546541213989258
F165T:R178A,-10.0570068359375
F165T:Q170E,-6.818324089050293
F165T:R179G,-11.163459777832031
F165T:R178W,-13.263940811157227
F165T:R178P,-14.683483123779297
F165T:T202G,-13.026123046875
F165Y:K195G,-11.914739608764648
F165Y:R179M,-8.414377212524414
F165Y:R207T,-5.273111343383789
F165Y:T202G,-11.436262130737305
F165Y:T202N,-9.198749542236328
F165G:T202C,-10.41683578491211
F165W:R179A,-8.311381340026855
F165Y:A197G,-8.713920593261719
F165W:R179W,-16.183874130249023
F165W:R179T,-9.358299255371094
F165W:R179P,-14.379060745239258
F165W:R179L,-13.13090991973877
F165W:R179K,-5.497905731201172
F165W:R179G,-11.772708892822266
F165W:R179E,-8.031257629394531
F165W:R178W,-13.873189926147461
F165W:R178V,-11.693888664245605
F165W:R178G,-12.483392715454102
F165W:R179Q,-8.015243530273438
F165L:R179K,-4.924285411834717
F165L:R178G,-11.909772872924805
F165L:R178S,-8.804931640625
F165L:R179A,-7.7377610206604
F165L:R179E,-7.457636833190918
F165L:T202C,-8.520269393920898
F165L:T202E,-6.621978282928467
F165L:T202F,-9.886812210083008
F165L:R179G,-11.199089050292969
F165L:R179W,-15.610254287719727
F165L:R207A,-4.642801284790039
F165L:R207C,-7.5968546867370605
F165L:R207D,-14.014089584350586
F165L:R207E,-12.560548782348633
F165L:R207I,-9.95767593383789
F165L:R207T,-6.898601531982422
F165L:R207W,-13.24908447265625
F165L:R207Y,-11.846237182617188
F165L:T202A,-10.114068984985352
F165L:R179M,-10.039867401123047
F165L:R179L,-12.557289123535156
F165L:T211S,-7.394392013549805
F165L:T211M,-6.194738864898682
F165L:T211A,-6.031512260437012
F165L:T211L,-5.818321704864502
F165L:T202S,-9.222650527954102
F165L:T202K,-8.582170486450195
F165L:T202Q,-8.426422119140625
F165L:T202R,-8.728080749511719
F165L:T202W,-11.010066986083984
F165L:T202Y,-9.418672561645508
F165L:T202G,-13.061752319335938
F165M:M186V,-6.890145301818848
F165M:N192E,-8.335152626037598
F165M:N214W,-10.689628601074219
F165M:K195G,-12.722522735595703
F165L:D190G,-11.825645446777344
F165L:E171L,-8.334178924560547
F165L:F167H,-6.262648105621338
F165L:D190Y,-14.281543731689453
F165P:A197W,-18.58250617980957
F165M:W194S,-13.27309799194336
F165M:T202G,-12.24404525756836
F165M:R179G,-10.38138198852539
F165M:R179L,-11.739582061767578
F165M:R207I,-9.139968872070312
F165M:T202A,-9.296361923217773
F165M:T202E,-5.804271221160889
F165M:T202Q,-7.608715057373047
F165M:W194G,-14.667478561401367
F165M:T202S,-8.404943466186523
F165M:T202W,-10.192359924316406
F165M:T211G,-6.709474563598633
F165M:V210S,-14.23581314086914
F165M:R179M,-9.222160339355469
F165M:K195A,-11.497762680053711
F165M:R178G,-11.092065811157227
F165M:R179E,-6.63992977142334
F165W:H199P,-17.21370506286621
F165W:K195Q,-9.761856079101562
F165W:K195G,-14.113850593566895
F165W:H199W,-14.082059860229492
F165W:H199R,-8.823348999023438
F165W:M186S,-10.937966346740723
F165W:M186V,-8.281473159790039
F165W:M186R,-11.666741371154785
F165W:H199M,-12.979460716247559
F165W:D190G,-12.39926528930664
F165I:N214S,-8.300759315490723
F165G:N214W,-13.403903007507324
F165W:A197P,-18.14841651916504
F165W:H199G,-9.969449043273926
F165I:T202W,-11.56997299194336
F165I:T202R,-9.287986755371094
F165I:R207W,-13.808991432189941
F165I:T202K,-9.14207649230957
F165I:R178G,-12.46967887878418
F165I:R178C,-10.778589248657227
F167G:M186V,-12.355566024780273
F167G:M186R,-15.74083423614502
F167G:H199W,-18.156152725219727
F167G:K195T,-14.2222318649292
F167G:K195G,-18.187942504882812
F167G:K195C,-15.367095947265625
F167C:M186S,-11.388387680053711
F167C:M186V,-8.731894493103027
F167G:V210I,-15.723516464233398
F167L:P169L,-17.199542999267578
F167M:R179L,-16.541942596435547
F167M:T202G,-17.046405792236328
F167L:T211V,-8.30434799194336
F167L:T202Y,-11.674004554748535
F167L:T202W,-13.265398979187012
F167L:T202R,-10.983413696289062
F167L:T202K,-10.837503433227539
F167L:T202G,-15.317084312438965
F167L:T202E,-8.877310752868652
F167L:T202A,-12.369400978088379
F167L:R179W,-17.865585327148438
F167L:R179T,-11.040010452270508
F167L:R179G,-13.454421043395996
F167L:R179E,-9.712968826293945
F167L:R178S,-11.060264587402344
F167L:R178F,-14.366329193115234
F167L:W194S,-16.34613800048828
F167L:R179K,-7.179617881774902
F167E:R179L,-17.424549102783203
F167E:R178S,-13.672189712524414
F167E:M186V,-12.575111389160156
F167E:M186R,-15.960379600524902
F167G:A197G,-14.9871244430542
F167E:K195G,-18.407489776611328
F167G:D190G,-16.473358154296875
F167E:T202I,-11.411316871643066
F167E:T211K,-8.265057563781738
F167A:K195G,-17.297414779663086
F167G:N214G,-13.461878776550293
F167C:T202G,-14.085794448852539
F167G:T211C,-12.28858757019043
F167C:K195R,-9.407682418823242
F167C:K195T,-10.598560333251953
F167C:R178G,-12.933815002441406
F167C:R178W,-14.323612213134766
F167C:R179A,-8.761802673339844
F167C:R179G,-12.22313117980957
F167C:R207A,-5.666843414306641
F167C:R207E,-13.584590911865234
F167C:T211G,-8.551223754882812
F167C:T202S,-10.246692657470703
F167Q:N214C,-12.908988952636719
F167Q:K195G,-16.047698974609375
F167P:W194S,-22.327836990356445
F167P:T202R,-16.965112686157227
F167P:T202Q,-16.663454055786133
F167P:T202G,-21.298784255981445
F167P:H199Q,-18.06198501586914
F167N:T202A,-10.409599304199219
F167N:R207H,-11.01579475402832
F167N:R179G,-11.494619369506836
F167K:H199K,-9.945372581481934
F167H:N214L,-7.369935035705566
F167H:R179L,-10.28836441040039
F167H:T202E,-4.353053092956543
F167H:T202G,-10.792826652526855
F167H:W194F,-9.124848365783691
F167P:M186R,-19.330154418945312
F167P:M186V,-15.94488525390625
F167L:M186R,-13.348453521728516
F167L:K195W,-12.474708557128906
F167L:K195L,-11.979557037353516
F167L:K195G,-15.795562744140625
F167L:H199R,-10.505061149597168
F167L:A197W,-13.405045509338379
F167K:T211C,-8.793859481811523
F167K:T202K,-9.73515510559082
F167K:T202G,-14.214736938476562
F167K:R179M,-11.192852020263672
F167K:R179G,-12.352073669433594
F167M:T202K,-12.566823959350586
F167M:T202N,-14.808893203735352
F167R:K195F,-8.569847106933594
F167Q:N214E,-9.805715560913086
F167R:M186V,-5.754337310791016
F167R:F182E,-6.994185447692871
F167R:D187V,-13.997060775756836
F167R:A197G,-8.385896682739258
F167Q:W194S,-16.5982723236084
F167Q:W194L,-12.475555419921875
F167Q:W194F,-13.90124225616455
F167M:T211H,-10.539590835571289
F167Q:T202S,-11.730117797851562
F167Q:T202E,-9.129446029663086
F167Q:T202W,-13.517534255981445
F167C:T202E,-7.646020412445068
F167S:A197G,-12.927748680114746
F167S:D190G,-14.413982391357422
F167S:D190K,-14.686196327209473
F167S:N192G,-12.963146209716797
F167S:H184K,-8.660670280456543
F167S:H199A,-13.321256637573242
F167S:K195Q,-11.776573181152344
F167S:M186N,-15.386209487915039
F167S:M186V,-10.29619026184082
F167W:H199P,-16.97208023071289
F167W:K195G,-13.872224807739258
F167W:K195L,-10.056219100952148
F167W:M186R,-11.425115585327148
F167W:R179M,-10.371861457824707
F167W:R179W,-15.942248344421387
F167Y:R179A,-5.175734996795654
F167Y:R179L,-9.99526309967041
F167Y:R179T,-6.222652435302734
F167Y:T202A,-7.552042484283447
F167W:N214G,-9.146160125732422
F167W:R178G,-12.241767883300781
F167W:R179G,-11.531083106994629
F167W:R179K,-5.256279945373535
F167W:M186V,-8.039847373962402
F167Y:T202E,-4.059952259063721
F167S:T202K,-11.170507431030273
F167S:R178V,-13.708605766296387
F167S:R179E,-10.045974731445312
F167S:R179G,-13.787425994873047
F167S:R179W,-18.198591232299805
F167S:T202E,-9.210315704345703
F167T:D190A,-17.496177673339844
F167S:T202S,-11.81098747253418
F167S:T202R,-11.316417694091797
F167S:T202Q,-11.014759063720703
F167S:T202W,-13.598403930664062
F167S:T211Q,-6.677004814147949
F167S:T211S,-9.982728958129883
F167S:W194G,-18.073522567749023
F167S:W194M,-14.11402416229248
F167S:W194R,-17.198989868164062
F167S:T202G,-15.650089263916016
F167S:N214C,-12.98985767364502
F167R:R178H,-7.511057376861572
F167R:R178N,-7.277463436126709
F167R:R179G,-9.245573043823242
F167R:R179K,-2.9707703590393066
F167R:R179W,-13.65673828125
F167R:R207N,-7.806429862976074
F167R:R207W,-11.295570373535156
F167R:T202G,-11.108236312866211
F167R:T202R,-6.774565696716309
F167R:T202W,-9.056550979614258
F167R:T211W,-5.70211935043335
F167R:W194G,-13.531669616699219
F167T:H184W,-13.359024047851562
F167T:M186V,-12.54045295715332
F167T:R178G,-16.742372512817383
F167T:R179C,-14.711044311523438
F167T:T202C,-13.352869033813477
F167Y:T202G,-10.499725341796875
F167T:K195V,-14.70048713684082
F167A:R179Y,-17.322385787963867
F167A:R207C,-11.354039192199707
F167C:A197Y,-9.775307655334473
F167A:K195V,-13.625070571899414
F167A:T202E,-10.379162788391113
F167A:R178G,-15.66695785522461
F167A:R178W,-17.05675506591797
F167A:R179G,-14.956273078918457
F167A:T202G,-16.81893539428711
F167A:N214E,-11.055431365966797
F167A:K195W,-13.976560592651367
F167A:R179W,-19.36743927001953
F167A:M186V,-11.46503734588623
F167A:T202K,-12.33935546875
F167A:T202R,-12.485265731811523
F167G:T202S,-13.870363235473633
F167G:T202R,-13.37579345703125
F167G:T202Q,-13.074134826660156
F167G:T202K,-13.229883193969727
F167G:T202G,-17.70946502685547
F167G:T202E,-11.269691467285156
F167G:T202C,-13.16798210144043
F167G:T202A,-14.761781692504883
F167G:R207W,-17.89679718017578
F167G:R207S,-9.9721097946167
F167G:T202H,-14.801498413085938
F167G:T202W,-15.657779693603516
F167G:R207N,-14.407657623291016
F167A:T202W,-14.767251014709473
F167A:T211R,-7.326275825500488
F167A:T211W,-11.412818908691406
F167A:W194A,-18.764141082763672
F167A:W194G,-19.24237060546875
F167A:W194T,-18.732568740844727
F167A:W194V,-16.24175262451172
F167A:T211M,-9.951923370361328
F167A:K195R,-12.140825271606445
F167G:R207C,-12.24456787109375
F167G:R179W,-20.257966995239258
F167G:R179L,-17.205001831054688
F167G:R179G,-15.8468017578125
F167G:R179E,-12.105350494384766
F167G:R178V,-15.76798152923584
F167G:R178S,-13.452644348144531
F167G:R178K,-12.005447387695312
F167G:R178G,-16.557485580444336
F167G:R178A,-14.740349769592285
F167G:R207A,-9.290514945983887
F167G:R179S,-13.462684631347656
F167V:K195G,-16.967050552368164
F167V:K195R,-11.810461044311523
F167W:R207C,-7.928849220275879
F167W:R207E,-12.892542839050293
F167W:R207S,-5.656391143798828
F167W:T202E,-6.953972816467285
F167W:T202G,-13.393746376037598
F167W:T202K,-8.914165496826172
F167W:T202Q,-8.758417129516602
F167W:T202R,-9.060075759887695
F167W:T202S,-9.554644584655762
F167W:T202W,-11.342061042785645
F167W:T202H,-10.485779762268066
F167W:W194L,-10.300081253051758
F167V:T202S,-12.649470329284668
F167V:T202R,-12.154901504516602
F167V:T202Q,-11.853242874145508
F167V:R178G,-15.336593627929688
F167V:R178P,-18.145931243896484
F167V:R178V,-14.547088623046875
F167V:R179G,-14.625908851623535
F167V:R179K,-8.351105690002441
F167V:R179Q,-10.868443489074707
F167V:R179W,-19.03707504272461
F167V:R207S,-8.751216888427734
F167V:R207W,-16.675905227661133
F167V:T202A,-13.540888786315918
F167V:T202C,-11.947089195251465
F167V:T202E,-10.048798561096191
F167V:T202G,-16.488571166992188
F167V:T202I,-9.970878601074219
F167V:T202K,-12.008991241455078
F167V:T202W,-14.43688678741455
F167V:R207A,-8.069622039794922
F167W:D190N,-8.761816024780273
F167V:M186R,-14.519941329956055
F167V:M186V,-11.134673118591309
F167V:T211R,-6.995911598205566
F167W:A197K,-6.752396583557129
P169G:H199G,-7.10261869430542
P169G:H199K,-6.4991774559021
P169G:H199W,-11.215229988098145
P169G:K195G,-11.247020721435547
P169G:K195R,-6.090430736541748
P169G:K195A,-10.022259712219238
P169G:R178D,-9.82666015625
P169G:K195V,-7.574676513671875
P169G:M186R,-8.799911499023438
P169G:M186V,-5.414642810821533
P169G:M186D,-10.629878044128418
P169G:N214R,-6.478142261505127
P169G:R178A,-7.799426555633545
P169G:N214V,-7.034336566925049
P169G:Q170K,-4.302549362182617
P169C:R179W,-18.073673248291016
P169C:T202A,-12.57748794555664
P169C:T202C,-10.983688354492188
P169C:T202E,-9.085397720336914
P169C:T202R,-11.191500663757324
P169C:T211P,-16.46232032775879
P169C:W194C,-14.863510131835938
P169C:W194L,-12.431507110595703
P169G:T202Q,-6.133212089538574
P169G:T202R,-6.434870719909668
P169G:T202S,-6.929440021514893
P169G:R207T,-4.605391502380371
P169G:R207W,-10.955875396728516
P169G:S189C,-10.626315116882324
P169G:S189L,-10.61883544921875
P169G:T202A,-7.820858478546143
P169G:T202E,-4.328768253326416
P169G:R178G,-9.616562843322754
P169G:R207S,-3.031187057495117
P169G:R207D,-11.720879554748535
P169G:T202W,-8.716856956481934
P169G:T211S,-5.101181983947754
P169G:T211V,-3.755805492401123
P169G:W194F,-9.100564002990723
P169G:T202K,-6.2889604568481445
P169G:T202G,-10.768542289733887
P169G:R178S,-6.511721611022949
P169G:R179A,-5.44455099105835
P169G:R179G,-8.905879020690918
P169G:R179K,-2.631075382232666
P169G:R179W,-13.317044258117676
P169G:R207A,-2.3495914936065674
P169G:R207C,-5.30364465713501
P169G:W194L,-7.674876689910889
P169V:T202E,-11.012089729309082
P169T:K195G,-14.022860527038574
P169T:A197M,-8.547444343566895
P169V:K195G,-17.930341720581055
P169T:T202K,-9.064800262451172
P169T:T202Q,-8.909051895141602
P169T:M186R,-11.575751304626465
P169T:M186V,-8.190483093261719
P169T:R178G,-12.392402648925781
P169T:N214M,-10.790396690368652
P169T:R179G,-11.681718826293945
P169T:R207W,-13.731715202331543
P169T:T202R,-9.210710525512695
P169T:T202S,-9.705280303955078
P169T:T211P,-14.48153018951416
P169T:T202H,-10.636415481567383
P169V:F182P,-16.712661743164062
P169T:T202G,-13.544382095336914
P169V:T202G,-17.451862335205078
P169V:R178G,-16.299884796142578
P169V:R179A,-12.127872467041016
P169V:R179E,-11.847747802734375
P169V:R179G,-15.589200019836426
P169V:R179S,-13.205081939697266
P169V:K195T,-13.964630126953125
P169W:K195G,-20.542266845703125
P169V:M186R,-15.483232498168945
P169V:T202Y,-13.808783531188965
P169V:W194L,-14.358198165893555
P169W:A197T,-15.503199577331543
P169V:R207A,-9.032913208007812
P169V:R179Y,-17.955312728881836
P169W:W194Y,-18.690114974975586
P169W:R178S,-15.806968688964844
P169W:R179A,-14.739797592163086
P169W:R179G,-18.201126098632812
P169W:R179L,-19.559326171875
P169W:R179Q,-14.443659782409668
P169W:R179W,-22.612289428710938
P169W:R207D,-21.016124725341797
P169W:R207W,-20.251121520996094
P169W:T202A,-17.116104125976562
P169V:K195R,-12.773752212524414
P169W:K195W,-17.221412658691406
P169W:T202K,-15.584207534790039
P169W:T202G,-20.06378936767578
P169W:T202E,-13.624014854431152
P169V:T202K,-12.972282409667969
P169L:D187V,-22.36321258544922
P169L:N192R,-14.047874450683594
P169L:H184M,-13.461185455322266
P169L:H199L,-18.416086196899414
P169L:K195G,-19.952865600585938
P169L:M186R,-17.505756378173828
P169L:M186V,-14.120489120483398
P169R:R179K,-7.7563347816467285
P169R:M186V,-10.539901733398438
P169R:W194A,-17.839006423950195
P169R:R179W,-18.442302703857422
P169R:R207T,-9.730650901794434
P169R:T202A,-12.946117401123047
P169R:T202E,-9.45402717590332
P169R:T202G,-15.893800735473633
P169R:T202K,-11.414219856262207
P169R:T202W,-13.84211540222168
P169R:T211E,-9.087615966796875
P169R:T211L,-8.650371551513672
P169R:T211R,-6.4011406898498535
P169R:R179G,-14.031137466430664
P169R:R179E,-10.28968620300293
P169R:R178G,-14.741822242736816
P169R:T211W,-10.48768424987793
P169L:T202E,-13.034614562988281
P169L:T202G,-19.474388122558594
P169L:R178V,-17.53290557861328
P169L:W194K,-22.319725036621094
P169M:W194R,-20.291545867919922
P169L:R179W,-22.022890090942383
P169L:W194A,-21.419593811035156
P169L:T211R,-9.981727600097656
P169L:R207W,-19.661720275878906
P169L:T202R,-15.140716552734375
P169L:T202W,-17.42270278930664
P169L:R178K,-13.770370483398438
P169L:R179G,-17.611724853515625
P169L:R179K,-11.336921691894531
P169L:R207C,-14.009490966796875
P169M:T211R,-9.24998664855957
P169M:T202R,-14.408975601196289
P169M:T202K,-14.263065338134766
P169M:D190E,-16.804107666015625
P169L:W194G,-21.8978214263916
P169M:K195V,-15.548782348632812
P169M:M186R,-16.774017333984375
P169M:R179E,-13.138532638549805
P169M:R179K,-10.605180740356445
P169M:R179W,-21.291149139404297
P169D:R179W,-19.60813331604004
P169D:S189V,-17.284452438354492
P169D:T202E,-10.619857788085938
P169D:T202G,-17.05963134765625
P169D:T202K,-12.580049514770508
P169D:W194C,-16.397968292236328
P169E:N214F,-14.764589309692383
P169F:T202G,-19.409778594970703
P169F:W194V,-18.832595825195312
P169G:D190E,-8.830002784729004
P169D:R179G,-15.196968078613281
P169D:N214Q,-12.097004890441895
P169E:H199R,-12.192154884338379
P169F:R207W,-19.597110748291016
P169F:R179C,-16.226470947265625
P169F:R178G,-18.25779914855957
P169E:R178C,-14.161109924316406
P169E:R179G,-15.141514778137207
P169E:R179K,-8.866711616516113
P169E:T202W,-14.952492713928223
P169E:W194V,-16.42699432373047
P169R:M186R,-13.9251708984375
P169R:K195C,-13.551431655883789
Q170G:N214G,-9.567642211914062
Q170G:D190E,-11.876688957214355
Q170G:N192A,-10.054121017456055
Q170G:N214D,-8.145368576049805
Q170Y:T211L,-7.898553848266602
Q170A:R207W,-12.43400764465332
Q170A:T202C,-7.7051920890808105
Q170A:T202E,-5.806901454925537
Q170A:T202G,-12.246675491333008
Q170A:T202K,-7.767093658447266
Q170A:T202R,-7.913003921508789
Q170A:T202S,-8.407573699951172
Q170A:T202W,-10.194990158081055
Q170A:T211K,-2.582721710205078
Q170A:V210S,-14.238443374633789
Q170A:R179S,-7.999894142150879
Q170A:R179G,-10.384012222290039
Q170A:R179E,-6.642560005187988
Q170A:R179C,-9.06336784362793
Q170A:N214L,-8.823783874511719
Q170A:A197G,-9.524333953857422
Q170Y:T202Y,-11.49890422821045
Q170Y:R179T,-10.864910125732422
Q170A:R178G,-11.094696044921875
Q170A:R178K,-6.542657852172852
Q170A:R178V,-10.305191040039062
Q170A:R178W,-12.484493255615234
Q170A:R179A,-6.922684192657471
Q170Y:M186R,-13.17335319519043
Q170G:M186Y,-11.976746559143066
Q170L:R179W,-15.04369831085205
Q170L:R207E,-11.993992805480957
Q170L:W194V,-11.918013572692871
Q170L:W194G,-14.91862964630127
Q170L:T211H,-5.988382339477539
Q170L:T202R,-8.16152572631836
Q170L:T202K,-8.015615463256836
Q170L:T202G,-12.495196342468262
Q170L:T202E,-6.055422782897949
Q170L:T202A,-9.547513008117676
Q170G:T202Q,-9.179899215698242
Q170G:T202K,-9.335647583007812
Q170G:T202G,-13.815228462219238
Q170L:R179T,-8.218123435974121
Q170L:R179G,-10.632533073425293
Q170L:R179D,-11.84900951385498
Q170L:R178G,-11.343217849731445
Q170G:T202R,-9.481557846069336
Q170L:K195G,-12.973674774169922
Q170L:H199G,-8.829273223876953
Q170L:M186R,-10.526565551757812
Q170L:H199R,-7.683173179626465
Q170A:N192G,-9.559732437133789
Q170L:T202W,-10.443511009216309
Q170G:T202S,-9.976126670837402
Q170G:T202W,-11.763543128967285
Q170G:H199L,-12.756926536560059
Q170G:K195V,-10.621362686157227
Q170G:M186R,-11.846597671508789
Q170G:M186S,-11.117822647094727
Q170G:M186V,-8.461329460144043
Q170R:T202K,-6.719913482666016
Q170K:T202R,-6.792266845703125
Q170K:T202G,-11.125938415527344
Q170G:R207W,-14.002561569213867
Q170G:T202A,-10.867545127868652
Q170G:T202E,-7.375454902648926
Q170G:V210W,-17.85791778564453
Q170G:T211V,-6.802492141723633
Q170G:T202Y,-10.172148704528809
Q170G:R178G,-12.663249969482422
Q170G:R207S,-6.077873229980469
Q170G:R178K,-8.111210823059082
Q170K:R179K,-2.988471508026123
Q170K:R178W,-11.36375617980957
Q170K:R178V,-9.184453964233398
Q170G:W194G,-16.238662719726562
Q170G:R179W,-16.363731384277344
Q170G:R179L,-13.310766220092773
Q170G:R179I,-12.24598503112793
Q170G:R179G,-11.95256519317627
Q170G:R179E,-8.211112976074219
Q170A:M186V,-6.892775535583496
Q170V:M186S,-9.280470848083496
Q170V:M186R,-10.009245872497559
Q170V:R178G,-10.825897216796875
Q170V:R179G,-10.115213394165039
Q170V:T211S,-6.310516357421875
Q170V:T202W,-9.926191329956055
Q170V:R178M,-9.65042781829834
Q170V:T202Q,-7.342546463012695
Q170V:T202K,-7.498294830322266
Q170V:T202G,-11.977876663208008
Q170V:T202E,-5.538103103637695
Q170V:N192A,-8.216769218444824
Q170V:R179M,-8.955991744995117
Q170M:T202G,-12.355755805969238
Q170M:T202E,-5.915982246398926
Q170V:R207D,-12.930213928222656
Q170R:F182W,-5.414379119873047
Q170P:T202G,-17.748085021972656
Q170P:T202E,-11.308310508728027
Q170P:R179K,-9.610617637634277
Q170V:H199G,-8.3119535446167
Q170T:R179W,-13.305551528930664
Q170T:T202Q,-6.121720314025879
Q170T:M186R,-8.788419723510742
Q170V:A197L,-7.906097412109375
Q170V:K195V,-8.784010887145996
Q170V:K195R,-7.299765586853027
Q170E:A197W,-9.47209358215332
Q170E:D190L,-12.636056900024414
Q170Y:M186V,-9.788084983825684
Q170D:D187V,-16.189144134521484
Q170D:D190E,-11.361780166625977
Q170E:M186V,-6.0302324295043945
Q170A:W194L,-9.153009414672852
Q170A:H199L,-11.188373565673828
Q170A:H199R,-7.434651851654053
Q170A:K195M,-9.033615112304688
Q170E:R178G,-10.232152938842773
Q170E:R179C,-8.200824737548828
Q170E:R179G,-9.521469116210938
Q170E:R179W,-13.932634353637695
Q170E:T202G,-11.384132385253906
Q170E:T202R,-7.0504608154296875
Q170E:T211P,-12.321279525756836
Q170R:R179S,-6.952713966369629
Q170R:R179L,-10.695032119750977
Q170R:R179G,-9.336832046508789
Q170R:R179E,-5.595379829406738
Q170R:R179D,-10.553308486938477
Q170R:R178V,-9.258010864257812
Q170R:R178G,-10.047515869140625
Q170R:R178A,-8.230379104614258
Q170M:T202R,-8.022085189819336
Q170M:T202W,-10.304070472717285
Q170M:T211I,-5.8941802978515625
Q170R:R207T,-5.036344528198242
Q170R:K195G,-11.677972793579102
Q170R:H184G,-9.663213729858398
Q170R:R207W,-11.38682746887207
Q170R:M186P,-14.163000106811523
Q170R:M186R,-9.230863571166992
Q170R:W194F,-9.531517028808594
Q170R:M186V,-5.845595359802246
Q170R:T211L,-3.9560647010803223
Q170R:T202W,-9.147809982299805
Q170R:T202R,-6.865823745727539
Q170R:W194V,-10.622312545776367
Q170R:T211G,-5.664924621582031
Q170R:T202G,-11.199495315551758
Q170R:T202E,-4.759721279144287
Q170R:T202A,-8.251811981201172
Q170R:T211D,-8.358867645263672
Q170R:T202H,-8.291528701782227
E171G:K195H,-9.003345489501953
E171G:T202K,-7.719897747039795
E171G:H184V,-7.189821243286133
E171G:K195R,-7.521368026733398
E171G:T202E,-5.759705543518066
E171G:R178G,-11.047500610351562
E171G:R179E,-6.595364093780518
E171G:R179G,-10.33681583404541
E171G:R179K,-4.062012672424316
E171G:R179L,-11.695016860961914
E171G:R207A,-3.7805285453796387
E171G:R207W,-12.386812210083008
E171G:S189I,-12.895203590393066
E171G:K195G,-12.677957534790039
E171G:T202R,-7.865808010101318
E171H:W194G,-13.482185363769531
E171G:T202W,-10.147793769836426
E171G:T211Q,-3.2263946533203125
E171G:T211W,-6.793361663818359
E171G:W194R,-13.74837875366211
E171H:R179G,-9.196088790893555
E171H:T202W,-9.00706672668457
E171G:T202G,-12.199479103088379
E171K:M186S,-9.604633331298828
E171K:R178V,-10.360555648803711
E171K:T202G,-12.302038192749023
E171K:H199M,-11.646127700805664
E171K:W194G,-14.725471496582031
E171K:R179K,-4.164572238922119
E171L:H199R,-8.052334785461426
E171L:K195A,-12.118075370788574
E171L:K195G,-13.342836380004883
E171L:N192K,-7.2933197021484375
E171L:R179Y,-13.367807388305664
E171L:R207K,-5.607769966125488
E171L:T202G,-12.864357948303223
E171L:T202K,-8.384777069091797
E171L:T202R,-8.53068733215332
E171L:T202S,-9.025256156921387
E171L:W194V,-12.287175178527832
E171L:R179W,-15.412859916687012
E171M:R179G,-11.172788619995117
E171M:R179K,-4.897985935211182
E171M:R207C,-7.570555210113525
E171M:T202G,-13.035451889038086
E171P:M186R,-15.956622123718262
E171D:T211R,-2.3368072509765625
E171D:T202G,-11.8294677734375
E171D:R179K,-3.6920013427734375
E171D:R178G,-10.677488327026367
E171P:R178A,-14.956137657165527
E171A:W194P,-14.754327774047852
E171A:T211E,-5.570909023284912
E171A:T202W,-10.325408935546875
E171A:T202R,-8.04342269897461
E171A:T202K,-7.897512435913086
E171A:T202G,-12.377094268798828
E171A:T202E,-5.937320232391357
E171A:T202A,-9.429410934448242
E171A:R178V,-10.435609817504883
E171A:R178A,-9.407978057861328
E171A:N214W,-10.822677612304688
E171A:R207A,-3.9581432342529297
E171S:R207E,-10.232913970947266
E171A:M186D,-12.23843002319336
E171A:D187W,-17.359472274780273
E171S:A197G,-8.0117769241333
E171S:K195R,-6.05600643157959
E171S:N214G,-6.4865312576293945
E171S:W194S,-11.76317024230957
E171S:R178A,-7.765002250671387
E171S:R179L,-10.229655265808105
E171S:R207C,-5.269220352172852
E171S:T202G,-10.73411750793457
E171S:T202K,-6.254536151885986
E171S:T202R,-6.40044641494751
E171S:T202S,-6.895015716552734
E171S:R179G,-8.871454238891602
E171S:T211G,-5.199547290802002
E171T:D190G,-10.086333274841309
E171T:R178A,-8.353324890136719
E171T:R179E,-5.718325138092041
E171T:R207A,-2.903489589691162
E171T:T202G,-11.322440147399902
E171T:T202Q,-6.687110424041748
E171T:T211R,-1.8297795057296753
E171W:D190V,-15.317484855651855
E171W:H199G,-10.283002853393555
E171W:K195I,-11.39675521850586
E171W:R179A,-8.624935150146484
E171W:R207K,-6.692337989807129
E171W:R207W,-14.136259078979492
E171W:T202G,-13.948925971984863
E171W:R178C,-11.105857849121094
E171W:T202Q,-9.313596725463867
E171W:W194I,-12.579414367675781
E171W:T211G,-8.414356231689453
E171W:T202Y,-10.305846214294434
E171W:T202S,-10.109824180603027
R178V:D187R,-18.839820861816406
R178V:D187W,-20.632823944091797
R178V:D190G,-14.414340019226074
R178V:D190P,-17.144264221191406
R178V:A197G,-12.928106307983398
R178V:A197Q,-9.19666862487793
R178V:A197W,-13.738408088684082
R178V:T202I,-9.132753372192383
R178V:T202K,-11.170866012573242
R178V:T202G,-15.650446891784668
R178V:T202F,-12.475507736206055
R178V:T202E,-9.210673332214355
R178V:T202C,-11.108963966369629
R178V:R207C,-10.18554973602295
R178V:R207H,-13.3089599609375
R178V:R207K,-8.393858909606934
R178V:R207W,-15.837779998779297
R178V:R207Y,-14.434932708740234
R178V:S189C,-15.508219718933105
R178V:T202A,-12.702763557434082
R178W:W194Y,-16.456073760986328
R178Y:A197Y,-11.791879653930664
R178Y:K195Q,-12.228849411010742
R178W:W194G,-20.25318145751953
R178Y:R207A,-7.683414936065674
R178Y:R207D,-17.054702758789062
R178Y:T202E,-9.662591934204102
R178Y:T202G,-16.102365493774414
R178Y:W194F,-14.43438720703125
R178Y:D190V,-17.470924377441406
R178Y:K195L,-12.764837265014648
R178W:R207Y,-16.614233016967773
R178W:R207W,-18.01708221435547
R178W:R207S,-10.092392921447754
R178W:T211V,-10.817011833190918
R178W:S189Q,-15.188382148742676
R178W:T202A,-14.882064819335938
R178W:T202C,-13.288265228271484
R178W:T202E,-11.389974594116211
R178W:T202F,-14.65480899810791
R178W:T202G,-17.829748153686523
R178W:T202K,-13.350166320800781
R178W:T202Q,-13.194417953491211
R178W:T202R,-13.496076583862305
R178W:T202S,-13.990646362304688
R178W:T202W,-15.77806282043457
R178W:W194D,-22.117969512939453
R178W:W194S,-18.858800888061523
R178Y:M186V,-10.748466491699219
R178W:R207C,-12.364850997924805
R178W:R207A,-9.410798072814941
R178G:H199F,-16.759981155395508
R178F:M186R,-14.672544479370117
R178F:K195Q,-12.767659187316895
R178F:K195P,-20.716949462890625
R178F:H199M,-15.98526382446289
R178F:K195T,-13.153942108154297
R178F:D190T,-16.84819793701172
R178F:A197L,-12.569396018981934
R178F:A197G,-13.918834686279297
R178F:M186V,-11.287276268005371
R178G:H199K,-12.170587539672852
R178G:H199G,-12.774028778076172
R178G:H199A,-14.11111831665039
R178G:H184K,-9.450532913208008
R178G:H184G,-14.903670310974121
R178V:M186R,-13.681816101074219
R178V:M186V,-10.296547889709473
R178V:M186P,-18.61395263671875
R178V:N192R,-10.223934173583984
R178V:H199G,-11.98452377319336
R178V:H199Q,-12.41364860534668
R178V:H199Y,-14.55662727355957
R178V:K195C,-13.308077812194824
R178V:K195G,-16.128925323486328
R178V:K195R,-10.972335815429688
R178V:W194E,-19.055137634277344
R178V:W194G,-18.07387924194336
R178V:W194R,-17.1993465423584
R178V:W194T,-17.56407928466797
R178V:W194V,-15.073264122009277
R178V:T202N,-13.412935256958008
R178V:T202Q,-11.015117645263672
R178V:T202R,-11.316776275634766
R178V:T202S,-11.811345100402832
R178V:T202W,-13.598761558532715
R178V:T211A,-8.620206832885742
R178V:T211G,-10.115877151489258
R178V:T211R,-6.1577863693237305
R178V:T211V,-8.637710571289062
R178V:N214E,-9.886941909790039
R178V:N214F,-13.410858154296875
R178V:N214R,-11.360047340393066
R178S:N214S,-8.014211654663086
R178S:T202Q,-8.699780464172363
R178S:N192R,-7.908596992492676
R178S:T202R,-9.001439094543457
R178S:T202S,-9.496007919311523
R178S:T202W,-11.283424377441406
R178S:T202Y,-9.69202995300293
R178S:T211A,-6.30487060546875
R178S:T202K,-8.855528831481934
R178S:T202G,-13.33510971069336
R178N:M186P,-16.72466278076172
R178N:R207A,-5.3422064781188965
R178P:F182C,-13.618470191955566
R178N:S189L,-13.6114501953125
R178N:S189E,-11.083982467651367
R178N:N214C,-11.10092544555664
R178S:R179W,-15.883611679077148
R178S:R207A,-4.916159629821777
R178S:R207K,-6.078522682189941
R178S:R207W,-13.522443771362305
R178S:S189E,-10.65793514251709
R178S:S189W,-14.665037155151367
R178S:T202A,-10.387426376342773
R178S:T202C,-8.79362678527832
R178S:T202E,-6.895336627960205
R178S:T211F,-8.972558975219727
R178S:T211H,-6.828295707702637
R178S:T211M,-6.46809720993042
R178S:T211Q,-4.362025737762451
R178S:H199K,-9.065746307373047
R178S:H199R,-8.523086547851562
R178S:K195A,-12.588827133178711
R178S:M186N,-13.071229934692383
R178S:M186R,-11.366479873657227
R178S:K195I,-10.782938957214355
R178S:M186S,-10.637704849243164
R178S:M186V,-7.981210708618164
R178S:K195G,-13.813589096069336
R178S:D190L,-14.587034225463867
R178S:D187V,-16.223934173583984
R178S:D190V,-14.703668594360352
R178S:F182R,-6.471166133880615
R178S:T211R,-3.84244966506958
R178S:T211V,-6.322373867034912
R178S:V210S,-15.32687759399414
R178S:W194G,-15.758543014526367
R178S:W194L,-10.241445541381836
R178S:W194R,-14.884010314941406
R178S:A197G,-10.612770080566406
R178S:A197K,-6.693760395050049
R178M:K195V,-12.070615768432617
R178W:K195F,-15.29135799407959
R178W:K195G,-18.3082275390625
R178W:K195V,-14.635883331298828
R178W:K195W,-14.987372398376465
R178W:M186R,-15.861117362976074
R178W:M186S,-15.132342338562012
R178W:M186V,-12.475849151611328
R178P:K195V,-16.0554256439209
R178P:K195G,-19.727767944335938
R178P:T202A,-16.301607131958008
R178P:T202E,-12.809516906738281
R178P:T202G,-19.249290466308594
R178P:T202K,-14.769708633422852
R178P:T202R,-14.915618896484375
R178P:T202S,-15.410188674926758
R178P:T202W,-17.19760513305664
R178P:T211K,-9.58533763885498
R178P:W194D,-23.537511825561523
R178W:H199R,-13.017724990844727
R178W:H199K,-13.560383796691895
R178W:D187V,-20.71857261657715
R178W:D190G,-16.59364128112793
R178W:D187L,-21.577789306640625
R178W:A197T,-13.269159317016602
R178W:A197G,-15.107407569885254
R178W:N214T,-12.659213066101074
R178W:H199G,-14.163825035095215
R178W:N192R,-12.403234481811523
R178M:T202W,-13.212796211242676
R178M:K195L,-11.92695426940918
R178M:T202S,-11.425379753112793
R178M:T202R,-10.930810928344727
R178M:T202Q,-10.629152297973633
R178M:R207K,-8.007893562316895
R178M:R207Y,-14.048967361450195
R178M:T202A,-12.316798210144043
R178M:T202C,-10.72299861907959
R178M:T202E,-8.824707984924316
R178M:T202F,-12.089542388916016
R178M:T202G,-15.264481544494629
R178M:T202K,-10.784900665283203
R178M:M186V,-9.910582542419434
R178N:T202E,-7.321383476257324
R178N:T202G,-13.761157035827637
R178N:T202K,-9.281576156616211
R178N:T202Q,-9.12582778930664
R178N:T202R,-9.427486419677734
R178N:T202W,-11.709471702575684
R178N:T211R,-4.268496513366699
R178N:T211W,-8.355039596557617
R178M:N214L,-11.84158992767334
R178P:D190G,-18.01318359375
R178M:D187F,-19.279640197753906
R178G:T202I,-9.922257423400879
R178G:R207K,-9.183363914489746
R178G:T202G,-16.439950942993164
R178G:T202F,-13.265012741088867
R178G:T202E,-10.000177383422852
R178G:T202C,-11.898468017578125
R178G:T202A,-13.492267608642578
R178G:T211R,-6.947290897369385
R178G:V210W,-20.48263931274414
R178G:T202K,-11.960370063781738
R178G:T202H,-13.531984329223633
R178G:R207H,-14.098464012145996
R178G:R207E,-15.93874740600586
R178G:R207D,-17.392288208007812
R178G:R207C,-10.975053787231445
R178G:R207A,-8.021000862121582
R178G:R207I,-13.335874557495117
R178G:S189W,-17.769878387451172
R178G:S189L,-16.290245056152344
R178G:R207Y,-15.22443675994873
R178G:R207W,-16.62728500366211
R178G:R207T,-10.276801109313965
R178G:R207S,-8.702596664428711
R178G:R207N,-13.138144493103027
R178G:S189E,-13.762776374816895
R178K:T202K,-7.408331871032715
R178K:T202G,-11.88791275024414
R178K:T202A,-8.940229415893555
R178K:R207W,-12.07524585723877
R178K:T202E,-5.448139190673828
R178K:N214Q,-6.925286293029785
R178K:N214M,-9.133927345275879
R178K:R207C,-6.423015594482422
R178K:T202Q,-7.2525835037231445
R178K:M186R,-9.919281959533691
R178K:N192W,-8.467522621154785
R178K:R207S,-4.150557994842529
R178K:K195V,-8.694047927856445
R178K:K195G,-12.3663911819458
R178K:H199R,-7.075889587402344
R178K:H199G,-8.221989631652832
R178K:H184R,-5.554386138916016
R178G:T211S,-10.772591590881348
R178M:D187R,-18.453853607177734
R178M:H184R,-8.930954933166504
R178G:T211V,-9.427215576171875
R178G:T211Y,-11.348523139953613
R178I:T211Y,-11.559810638427734
R178I:T202R,-12.317567825317383
R178I:T202K,-12.17165756225586
R178I:T202E,-10.211464881896973
R178I:R207W,-16.838571548461914
R178I:R207S,-8.913883209228516
R178I:T202G,-16.65123748779297
R178G:W194Q,-18.37313461303711
R178G:W194M,-14.903886795043945
R178G:W194L,-13.34628677368164
R178G:W194G,-18.863384246826172
R178G:W194F,-14.771973609924316
R178G:W194E,-19.844642639160156
R178G:W194D,-20.728172302246094
R178G:W194S,-17.469003677368164
R178K:A197G,-9.165572166442871
R178H:R207W,-14.182084083557129
R178K:D190G,-10.651805877685547
R178K:D187W,-16.870290756225586
R178G:W194R,-17.98885154724121
R178H:T211M,-7.127737998962402
R178H:T211E,-7.188566207885742
R178H:T202W,-11.943065643310547
R178H:T202K,-9.515169143676758
R178G:W194V,-15.862768173217773
R178H:R207E,-13.493547439575195
R178H:K195R,-9.31663990020752
R178H:K195G,-14.47322940826416
R178G:W194C,-15.778289794921875
R178H:T202G,-13.9947509765625
R178H:T202E,-7.5549774169921875
R178H:T202A,-11.047067642211914
R178G:N214A,-12.466487884521484
R178G:N214G,-12.192365646362305
R178G:N214R,-12.149551391601562
R178G:N214T,-11.269416809082031
R178G:N214W,-14.88553524017334
R178G:T211K,-6.775998115539551
R178G:T211M,-9.572938919067383
R178G:T211P,-17.377099990844727
R178G:V210K,-20.571626663208008
R178G:V210I,-14.454002380371094
R178G:T211N,-12.106040000915527
R178G:T202Y,-12.796871185302734
R178G:T202N,-14.20244026184082
R178G:T211I,-9.978375434875488
R178G:T211H,-9.933136940002441
R178G:T211G,-10.905381202697754
R178G:T211F,-12.077400207519531
R178G:T211E,-9.633766174316406
R178G:T211D,-13.599323272705078
R178G:T211C,-11.019073486328125
R178G:T211L,-9.196521759033203
R178G:T211A,-9.409711837768555
R178G:T202W,-14.388265609741211
R178G:T202S,-12.600849151611328
R178G:T202R,-12.106280326843262
R178G:T202Q,-11.804621696472168
R178G:T211W,-11.033834457397461
R178G:N192C,-13.030510902404785
R178I:K195R,-11.973127365112305
R178I:M186V,-11.29733943939209
R178I:K195M,-13.438178062438965
R178I:H199Q,-13.414440155029297
R178G:N192G,-13.753008842468262
R178C:A197G,-12.026521682739258
R178A:T202R,-10.289144515991211
R178C:D190P,-16.242677688598633
R178A:T211S,-8.955455780029297
R178A:T211R,-5.130154609680176
R178A:T211P,-15.55996322631836
R178A:T211N,-10.288904190063477
R178A:T211I,-8.161239624023438
R178A:T202W,-12.57112979888916
R178A:T211Y,-9.531387329101562
R178A:T202K,-10.143234252929688
R178A:T202I,-8.105121612548828
R178A:T202G,-14.622815132141113
R178A:T202N,-12.385303497314453
R178A:T202E,-8.1830415725708
R178A:T202A,-11.675131797790527
R178A:S189C,-14.48058795928955
R178A:R207Y,-13.40730094909668
R178A:R207W,-14.810148239135742
R178A:R207T,-8.459665298461914
R178A:T202C,-10.081332206726074
R178A:T202Q,-9.987485885620117
R178A:R207C,-9.157917976379395
R178A:T202S,-10.783713340759277
R178A:V210I,-12.636866569519043
R178A:D190Q,-12.959131240844727
R178A:D190P,-16.11663055419922
R178A:D190G,-13.38670825958252
R178A:D187W,-19.605194091796875
R178A:D187V,-17.511638641357422
R178A:A197Q,-8.169036865234375
R178A:N214A,-10.649352073669434
R178A:A197G,-11.900474548339844
R178A:D187R,-17.81218719482422
R178A:W194G,-17.046249389648438
R178A:W194C,-13.961153030395508
R178G:K195G,-16.91843032836914
R178G:K195C,-14.09758186340332
R178G:K195A,-15.693668365478516
R178G:H199Y,-15.346131324768066
R178G:K195L,-13.102423667907715
R178G:H199W,-16.886638641357422
R178G:K195W,-13.597576141357422
R178G:K195M,-13.226890563964844
R178G:K195P,-20.515724182128906
R178G:K195Q,-12.566434860229492
R178F:W194T,-18.554807662963867
R178F:T211P,-17.578323364257812
R178F:T202Y,-12.998095512390137
R178G:K195V,-13.246086120605469
R178G:K195R,-11.7618408203125
R178G:H199L,-15.381649017333984
R178G:H199Q,-13.203152656555176
R178G:M186V,-11.086051940917969
R178G:H199R,-11.627927780151367
R178G:M186R,-14.471321105957031
R178G:M186P,-19.40345573425293
R178G:M186N,-16.176071166992188
R178G:M186F,-13.910100936889648
R178G:M186S,-13.742546081542969
R178G:H199N,-10.713224411010742
R178F:T202G,-16.64117431640625
R178G:A197K,-9.798601150512695
R178G:D190K,-15.476058959960938
R178G:D190V,-17.808509826660156
R178G:D190G,-15.20384407043457
R178G:D190E,-14.501411437988281
R178G:D190A,-16.041778564453125
R178G:D187W,-21.42232894897461
R178G:D187V,-19.32877540588379
R178G:D187R,-19.629323959350586
R178G:D187L,-20.187992095947266
R178G:D187C,-17.874120712280273
R178F:T202W,-14.589489936828613
R178G:A197W,-14.527912139892578
R178G:A197P,-20.95299530029297
R178G:A197L,-12.368171691894531
R178G:A197G,-13.717611312866211
R178A:N214E,-8.859310150146484
R178F:N214G,-12.39358901977539
R178A:N214S,-9.301916122436523
R178C:T202A,-11.801177978515625
R178C:R207W,-14.936195373535156
R178C:R207K,-7.492274284362793
R178C:R207D,-15.70119857788086
R178C:R179G,-12.886198043823242
R178C:K195R,-10.070751190185547
R178C:K195G,-15.227340698242188
R178C:T202E,-8.309087753295898
R178C:T202K,-10.269280433654785
R178C:N214L,-11.325969696044922
R178C:N214G,-10.501276016235352
R178C:T202S,-10.909759521484375
R178C:T202R,-10.415190696716309
R178C:T202Q,-10.113532066345215
R178C:T202G,-14.748861312866211
R178C:H199A,-12.420028686523438
R178K:T202W,-9.836227416992188
R178K:T211P,-12.825060844421387
R178A:N214Q,-9.660188674926758
R178K:M186V,-6.534013748168945
R178K:T202R,-7.554242134094238
R178K:T202S,-8.048810958862305
R178K:W194V,-11.31072998046875
R178K:W194G,-14.311346054077148
R178K:W194A,-13.833118438720703
R178K:T211V,-4.875176429748535
R178K:T211S,-6.220553398132324
R178K:T211H,-5.381098747253418
R178C:W194A,-16.694067001342773
R178C:T211M,-7.8818488121032715
R178D:T202W,-14.598362922668457
R178D:A197Q,-10.196269989013672
R178A:K195W,-11.780439376831055
R178A:K195T,-11.135581970214844
R178A:K195R,-9.944704055786133
R178A:K195G,-15.101293563842773
R178A:K195F,-12.08442497253418
R178A:H184A,-9.553446769714355
R178A:M186S,-11.925409317016602
R178A:M186V,-9.268916130065918
R178A:M186R,-12.654184341430664
R178D:W194A,-18.595252990722656
R178C:M186V,-9.394962310791016
R178C:M186R,-12.780231475830078
R178C:M186F,-12.219011306762695
R178C:T202W,-12.697175979614258
R178C:T211E,-7.942677021026611
R178D:T202E,-10.210274696350098
R178D:T202G,-16.650047302246094
R178D:T202Q,-12.014719009399414
R178D:T202R,-12.316377639770508
R178C:T211V,-7.736125469207764
R178D:T202F,-13.475109100341797
R178D:N214G,-12.402462005615234
R178D:N214V,-12.91584300994873
R179W:N214Y,-17.01885414123535
R179W:N214W,-18.586015701293945
R179W:N214V,-16.406227111816406
R179W:N214S,-14.819533348083496
R179W:N214R,-15.850032806396484
R179W:N214G,-15.89284610748291
R179W:N214F,-17.900842666625977
R179W:N214E,-14.376927375793457
R179W:N214C,-17.480201721191406
R179W:N192G,-17.453489303588867
R179W:N192S,-16.064109802246094
R179W:M186V,-14.78653335571289
R179W:M186S,-17.44302749633789
R179W:M186R,-18.171802520751953
R179W:H199G,-16.474510192871094
R179W:H199R,-15.328409194946289
R179W:H199P,-23.718765258789062
R179W:H199M,-19.484519958496094
R179W:H199L,-19.082130432128906
R179W:H199K,-15.871068000793457
R179W:H199A,-17.811599731445312
R179W:K195H,-16.944297790527344
R179W:M186F,-17.61058235168457
R179W:M186D,-20.001768112182617
R179W:K195W,-17.298057556152344
R179W:K195V,-16.94656753540039
R179W:K195T,-16.6531982421875
R179W:M186H,-18.837575912475586
R179W:K195R,-15.462321281433105
R179W:H199W,-20.587120056152344
R179W:K195C,-17.798063278198242
R179W:K195A,-19.394149780273438
R179W:K195Q,-16.266916275024414
R179W:K195P,-24.216205596923828
R179W:M186N,-19.87655258178711
R179W:K195M,-16.927371978759766
R179W:K195L,-16.80290412902832
R179W:K195G,-20.618911743164062
R179W:A197W,-18.2283935546875
R179W:A197S,-14.002158164978027
R179W:A197K,-13.499082565307617
R179W:A197G,-17.4180908203125
R179W:A197D,-17.92575454711914
R179W:D190P,-21.634248733520508
R179T:D190N,-8.682926177978516
R179T:D187V,-16.20368194580078
R179T:D190A,-12.916683197021484
R179W:D190V,-21.508991241455078
R179W:F182L,-11.70173454284668
R179W:D190F,-22.976301193237305
R179W:D190G,-18.904325485229492
R179W:D190K,-19.17654037475586
R179W:D190L,-21.392356872558594
R179W:D190A,-19.742259979248047
R179W:D187W,-25.12281036376953
R179W:D187V,-23.02925682067871
R179W:D187L,-23.888473510742188
R179W:D187K,-21.67604637145996
R179M:D190E,-12.631505966186523
R179M:D190A,-14.17187213897705
R179L:T211P,-18.024616241455078
R179L:T211Q,-8.114383697509766
R179L:T211R,-7.5948076248168945
R179L:T211S,-11.420108795166016
R179L:V210I,-15.101519584655762
R179L:V210W,-21.130157470703125
R179L:W194V,-16.510284423828125
R179L:T211N,-12.753557205200195
R179M:A197G,-11.847704887390137
R179L:T211M,-10.220455169677734
R179L:T211K,-7.4235148429870605
R179L:T211G,-11.552898406982422
R179L:W194T,-19.001100540161133
R179L:W194R,-18.636367797851562
R179L:W194L,-13.993803024291992
R179E:T211V,-4.97507905960083
R179E:T211S,-6.320455551147461
R179E:T211N,-7.653903961181641
R179E:W194T,-13.901447296142578
R179E:R207W,-12.175148010253906
R179E:R207T,-5.824665069580078
R179E:S189N,-8.063980102539062
R179E:S189I,-12.683540344238281
R179E:T211F,-7.625263690948486
R179E:T211G,-6.453245162963867
R179E:T211K,-2.323862075805664
R179E:T211M,-5.120802402496338
R179E:W194P,-14.365049362182617
R179E:W194L,-8.894149780273438
R179E:W194G,-14.411249160766602
R179E:W194E,-15.392505645751953
R179E:W194A,-13.933021545410156
R179E:R207Y,-10.772300720214844
R179E:W194D,-16.276037216186523
R179L:W194A,-19.032672882080078
R179L:W194F,-15.419490814208984
R179L:W194G,-19.510902404785156
R179E:N214V,-8.253610610961914
R179E:N214S,-6.666916370391846
R179E:N214K,-6.655603408813477
R179E:R207S,-4.250460624694824
R179E:R207K,-4.731227874755859
R179E:R207E,-11.486612319946289
R179E:R207D,-12.940153121948242
R179E:R207C,-6.522918224334717
R179E:R207A,-3.5688648223876953
R179M:H199R,-9.75802230834961
R179M:H199W,-15.016733169555664
R179M:K195G,-15.048523902893066
R179M:K195V,-11.376180648803711
R179M:M186R,-12.601414680480957
R179M:M186S,-11.872639656066895
R179M:M186V,-9.216146469116211
R179M:K195R,-9.891934394836426
R179M:W194C,-13.9083833694458
R179M:W194M,-13.033980369567871
R179M:W194R,-16.118946075439453
R179M:H199K,-10.300681114196777
R179M:N214L,-11.147153854370117
R179M:N214F,-12.330455780029297
R179M:N214E,-8.806540489196777
R179M:H199C,-13.082275390625
R179L:T211F,-12.724916458129883
R179L:T211E,-10.281283378601074
R179L:T211C,-11.666590690612793
R179L:T202W,-15.035782814025879
R179L:T211A,-10.057228088378906
R179L:T202N,-14.849956512451172
R179L:T202Q,-12.452138900756836
R179L:T202R,-12.75379753112793
R179L:T202S,-13.248366355895996
R179M:R207C,-9.105148315429688
R179M:R207K,-7.313457489013672
R179M:R207W,-14.757378578186035
R179M:T202F,-11.395106315612793
R179M:T202G,-14.570045471191406
R179M:T202I,-8.052351951599121
R179M:T202K,-10.090463638305664
R179M:T202N,-12.332533836364746
R179M:T202Q,-9.934715270996094
R179M:T202R,-10.236373901367188
R179M:T202S,-10.73094367980957
R179M:T202W,-12.518360137939453
R179M:T211H,-8.063230514526367
R179M:T211P,-15.507193565368652
R179M:T211R,-5.077384948730469
R179M:T211S,-8.902685165405273
R179M:T202E,-8.130271911621094
R179M:T202A,-11.62236213684082
R179Q:T211D,-9.131174087524414
R179S:H199Y,-12.25132942199707
R179S:H199L,-12.286848068237305
R179S:H199A,-11.016316413879395
R179S:H199D,-10.31218147277832
R179Q:T211H,-5.464987277984619
R179Q:T211L,-4.728371620178223
R179Q:T211M,-5.104788780212402
R179Q:T211S,-6.304441928863525
R179Q:T211G,-6.437231540679932
R179Q:T202K,-7.492220401763916
R179Q:R207C,-6.506904602050781
R179Q:R207D,-12.924139022827148
R179Q:R207E,-11.470598220825195
R179Q:R207K,-4.715213775634766
R179Q:R207T,-5.808651447296143
R179Q:T202H,-9.063835144042969
R179S:K195G,-13.823627471923828
R179E:T202A,-9.040132522583008
R179Q:T202W,-9.920116424560547
R179Q:T202Y,-8.32872200012207
R179Q:N214S,-6.65090274810791
R179Q:R207A,-3.5528512001037598
R179Q:T202Q,-7.336472034454346
R179Q:T202R,-7.6381306648254395
R179Q:T202S,-8.132699966430664
R179Q:N214L,-8.548910140991211
R179P:M186V,-12.981719970703125
R179S:D187V,-16.23397445678711
R179S:D190A,-12.946975708007812
R179S:D190L,-14.597074508666992
R179P:M186S,-15.638213157653809
R179P:R207W,-18.522953033447266
R179P:T202A,-15.387935638427734
R179P:T202E,-11.895845413208008
R179P:T202G,-18.33561897277832
R179Q:R207W,-12.159134864807129
R179S:A197G,-10.622808456420898
R179S:M186P,-16.30865478515625
R179S:M186R,-11.376518249511719
R179S:M186S,-10.647743225097656
R179S:M186V,-7.991250038146973
R179Q:W194F,-10.303823471069336
R179Q:W194M,-10.435736656188965
R179Q:W194T,-13.8854341506958
R179Q:W194V,-11.39461898803711
R179Q:R207Y,-10.75628662109375
R179Q:S189K,-7.953582286834717
R179Q:T202A,-9.024118423461914
R179W:T202A,-17.1927490234375
R179W:R207A,-11.721482276916504
R179W:S189E,-17.4632568359375
R179W:V210W,-24.183120727539062
R179W:R207C,-14.675535202026367
R179W:R207D,-21.092769622802734
R179W:R207E,-19.63922882080078
R179W:R207H,-17.7989444732666
R179W:R207I,-17.03635597229004
R179W:S189L,-19.990726470947266
R179W:R207K,-12.883844375610352
R179W:R207N,-16.838624954223633
R179W:R207S,-12.403077125549316
R179W:R207T,-13.97728157043457
R179W:R207W,-20.32776641845703
R179W:R207Y,-18.924917221069336
R179W:S189C,-19.998205184936523
R179W:T202H,-17.232465744018555
R179W:T202G,-20.140432357788086
R179W:T202F,-16.965492248535156
R179W:T211L,-12.897002220153809
R179W:T202I,-13.6227388381958
R179W:T202K,-15.660850524902344
R179W:T202N,-17.90291976928711
R179W:T202Q,-15.505102157592773
R179W:T211K,-10.476479530334473
R179W:T202R,-15.806760787963867
R179W:T202W,-18.088747024536133
R179W:T202Y,-16.497352600097656
R179W:T211H,-13.633617401123047
R179W:T211A,-13.110193252563477
R179W:T211C,-14.719554901123047
R179W:T211E,-13.334247589111328
R179W:T211G,-14.60586166381836
R179W:T202S,-16.30133056640625
R179W:T211F,-15.777880668640137
R179W:T202C,-15.598949432373047
R179W:T211P,-21.077579498291016
R179W:T202E,-13.700658798217773
R179W:T211Q,-11.16734790802002
R179W:T211R,-10.647771835327148
R179W:T211S,-14.473072052001953
R179W:T211V,-13.12769603729248
R179W:T211W,-14.734314918518066
R179W:T211Y,-15.049003601074219
R179W:T211M,-13.273419380187988
R179W:V210I,-18.154483795166016
R179W:W194S,-21.169485092163086
R179W:W194N,-23.490447998046875
R179W:W194L,-17.046768188476562
R179Q:T202C,-7.430318832397461
R179Q:T202E,-5.5320281982421875
R179Q:T202F,-8.796862602233887
R179Q:T202G,-11.9718017578125
R179L:T202K,-12.607887268066406
R179W:W194V,-19.563249588012695
R179W:W194Y,-18.76675796508789
R179W:W194A,-22.08563804626465
R179Y:D187R,-21.284751892089844
R179Y:D190G,-16.859272003173828
R179L:T202I,-10.569774627685547
R179Y:K195G,-18.5738582611084
R179Y:M186R,-16.12674903869629
R179Y:M186V,-12.741480827331543
R179W:W194G,-22.563865661621094
R179W:W194I,-18.770919799804688
R179W:W194M,-18.604366302490234
R179Y:T202A,-15.147696495056152
R179Y:T202E,-11.655606269836426
R179Y:T202G,-18.095378875732422
R179Y:T202K,-13.615798950195312
R179Y:T202Q,-13.460050582885742
R179Y:T202S,-14.256278038024902
R179Y:T211V,-11.082643508911133
R179Y:R207I,-14.991303443908691
R179P:K195L,-14.998090744018555
R179S:T202G,-13.345149993896484
R179S:T202I,-6.827455520629883
R179S:T202K,-8.865568161010742
R179S:T202N,-11.107637405395508
R179S:T202Q,-8.709819793701172
R179S:T202A,-10.397466659545898
R179T:T202G,-13.314857482910156
R179T:T202K,-8.835275650024414
R179S:T202E,-6.905375957489014
R179S:S189C,-13.202922821044922
R179S:R207W,-13.532482147216797
R179T:K195G,-13.7933349609375
R179T:M186Y,-11.476375579833984
R179T:N214L,-9.891965866088867
R179T:H199L,-12.256555557250977
R179T:M186V,-7.9609575271606445
R179T:H199M,-12.658945083618164
R179T:H199R,-8.50283432006836
R179T:K195A,-12.568574905395508
R179T:M186R,-11.34622573852539
R179T:M186S,-10.617450714111328
R179T:H199Q,-10.078058242797852
R179S:W194F,-11.67717170715332
R179S:W194G,-15.768583297729492
R179S:W194R,-14.894048690795898
R179S:T202S,-9.506048202514648
R179S:T202R,-9.011478424072266
R179S:R207H,-11.003662109375
R179S:R207K,-6.08856201171875
R179S:R207T,-7.181999206542969
R179S:T202W,-11.293464660644531
R179S:T211S,-7.677789688110352
R179S:T211Y,-8.253721237182617
R179S:N214E,-7.581644535064697
R179S:T202Y,-9.702070236206055
R179S:T211F,-8.982597351074219
R179S:N214L,-9.922258377075195
R179T:T202R,-8.981185913085938
R179T:T202S,-9.47575569152832
R179Q:M186D,-11.833137512207031
R179Q:M186R,-10.00317096710205
R179Q:M186S,-9.274395942687988
R179Q:M186Y,-10.133319854736328
R179Q:H184Y,-7.127845287322998
R179P:T202S,-14.496517181396484
R179Q:K195G,-12.45028018951416
R179P:V210S,-20.3273868560791
R179P:W194D,-22.62384033203125
R179P:W194K,-21.180953979492188
R179Q:A197G,-9.24946117401123
R179Q:A197L,-7.900022506713867
R179Q:H199W,-12.418489456176758
R179Q:H199G,-8.305878639221191
R179Q:H199L,-10.91349983215332
R179Q:H199Q,-8.735002517700195
R179Q:H199R,-7.159778594970703
R179P:T211R,-8.842958450317383
R179P:K195G,-18.814098358154297
R179P:T202R,-14.001947402954102
R179P:T202Q,-13.700288772583008
R179P:T202K,-13.856037139892578
R179P:D190I,-20.347774505615234
R179P:T202W,-16.283933639526367
R179T:R207A,-4.895906448364258
R179T:R207C,-7.849959850311279
R179T:W194F,-11.646879196166992
R179T:W194K,-16.160192489624023
R179T:T202W,-11.263172149658203
R179T:T211F,-8.95230484008789
R179T:V210I,-11.328908920288086
R179T:W194A,-15.260063171386719
R179T:T202A,-10.36717414855957
R179T:S189L,-13.165149688720703
R179T:R207W,-13.502189636230469
R179T:T202E,-6.8750834465026855
R179Q:D187V,-14.860626220703125
R179Q:D187W,-16.954179763793945
R179Q:D190G,-10.735694885253906
R179Q:D190K,-11.007908821105957
R179Q:D190L,-13.223726272583008
R179Q:D190P,-13.465618133544922
R179Q:D187R,-15.161174774169922
R179T:W194L,-10.22119140625
R179T:W194M,-11.778791427612305
R179T:W194S,-14.343910217285156
R179T:W194Y,-11.941183090209961
R179T:W194G,-15.738290786743164
R179E:T202C,-7.4463324546813965
R179E:T202E,-5.548041820526123
R179L:M186V,-11.733569145202637
R179L:M186R,-15.118837356567383
R179L:D190Y,-18.30725860595703
R179L:D190V,-18.45602798461914
R179L:D190G,-15.851361274719238
R179L:N192V,-11.54970645904541
R179L:N192K,-11.516429901123047
R179L:R207A,-8.66851806640625
R179L:R207E,-16.586265563964844
R179L:T202H,-14.1795015335083
R179L:T202G,-17.087467193603516
R179L:T202F,-13.912528991699219
R179L:T202E,-10.64769458770752
R179L:T202C,-12.545985221862793
R179L:T202A,-14.139784812927246
R179L:S189R,-13.871847152709961
R179L:R207C,-11.622570991516113
R179L:R207Y,-15.871953964233398
R179L:R207S,-9.350112915039062
R179L:R207K,-9.830880165100098
R179L:R207I,-13.983391761779785
R179L:R207H,-14.745981216430664
R179L:R207W,-17.27480125427246
R179L:D187V,-19.97629165649414
R179G:H199G,-12.06334400177002
R179L:D187Q,-18.233970642089844
R179L:H184G,-15.551187515258789
R179L:H199K,-12.818103790283203
R179L:D187R,-20.276840209960938
R179L:M186N,-16.823589324951172
R179L:D187C,-18.521636962890625
R179L:A197M,-12.090530395507812
R179L:D187L,-20.83551025390625
R179L:A197G,-14.365127563476562
R179L:M186I,-10.788637161254883
R179L:K195W,-14.245092391967773
R179L:K195V,-13.89360237121582
R179L:K195R,-12.409357070922852
R179L:K195L,-13.749940872192383
R179L:K195G,-17.565946578979492
R179L:K195A,-16.3411865234375
R179L:H199Y,-15.993648529052734
R179L:H199W,-17.534156799316406
R179L:H199R,-12.275444984436035
R179L:H199L,-16.02916717529297
R179L:H199G,-13.421545028686523
R179K:H199G,-5.788540840148926
R179K:T211V,-2.441727638244629
R179K:T211S,-3.7871041297912598
R179K:T211R,0.038196682929992676
R179K:T211Q,-0.4813793897628784
R179K:T211N,-5.1205525398254395
R179K:T211L,-2.211033821105957
R179K:T211K,0.20948922634124756
R179K:T211I,-2.9928879737854004
R179K:T211F,-5.091912269592285
R179K:T211E,-2.6482791900634766
R179K:T202Y,-5.811384201049805
R179K:H199K,-5.1850996017456055
R179K:H199A,-7.125630855560303
R179K:K195P,-13.530237197875977
R179K:K195M,-6.241403579711914
R179K:K195L,-6.116936206817627
R179K:K195G,-9.932942390441895
R179K:K195C,-7.112094879150391
R179K:H199W,-9.901151657104492
R179K:H199R,-4.6424407958984375
R179K:T202W,-7.402778625488281
R179K:T202S,-5.615362167358398
R179K:V210W,-13.497152328491211
R179K:V210I,-7.468515396118164
R179K:T202F,-6.279524803161621
R179K:T202G,-9.454463958740234
R179K:T202R,-5.120792865753174
R179K:T202Q,-4.81913423538208
R179K:T202N,-7.216952323913574
R179K:T202K,-4.97488260269165
R179K:T202I,-2.93677020072937
R179K:T202H,-6.546497344970703
R179K:W194V,-8.877281188964844
R179K:W194R,-11.003363609313965
R179K:W194L,-6.3607988357543945
R179K:W194G,-11.877897262573242
R179K:W194E,-12.85915470123291
R179L:N214R,-12.79706859588623
R179K:M186V,-4.100564956665039
R179K:M186R,-7.485833168029785
R179L:N214L,-13.664576530456543
R179L:N214C,-14.427236557006836
R179K:M186I,-3.1556332111358643
R179K:N192G,-6.767521381378174
R179K:N192A,-5.693356513977051
R179K:K195T,-5.967230796813965
R179K:K195R,-4.776352882385254
R179K:K195W,-6.612088203430176
R179K:K195V,-6.260598659515381
R179K:N214V,-5.720258712768555
R179K:N214K,-4.122251510620117
R179K:A197G,-6.732123374938965
R179G:T202K,-11.249685287475586
R179K:D190V,-10.823022842407227
R179K:D190P,-10.948280334472656
R179K:D190L,-10.706388473510742
R179K:D190G,-8.21835708618164
R179K:D187W,-14.43684196472168
R179K:D187V,-12.34328842163086
R179K:D187R,-12.643836975097656
R179G:T211Y,-10.637838363647461
R179I:T211Y,-10.931258201599121
R179I:T211V,-9.009950637817383
R179I:T202Y,-12.379606246948242
R179I:T202S,-12.183584213256836
R179I:T202R,-11.68901538848877
R179I:T202G,-16.022686004638672
R179I:T202F,-12.847747802734375
R179I:T202E,-9.58291244506836
R179I:T202C,-11.481203079223633
R179I:R207C,-10.557788848876953
R179H:D190L,-17.476980209350586
R179H:T202E,-9.785282135009766
R179I:M186V,-10.668787002563477
R179I:M186I,-9.723855972290039
R179K:A197D,-7.2397871017456055
R179I:N192A,-12.261579513549805
R179H:M186V,-10.871156692504883
R179H:M186R,-14.256424903869629
R179H:K195R,-11.546944618225098
R179H:K195M,-13.011995315551758
R179H:K195G,-16.703533172607422
R179G:W194C,-15.067605018615723
R179G:W194T,-17.642898559570312
R179G:W194V,-15.152084350585938
R179G:W194S,-16.758319854736328
R179G:W194Q,-17.66244888305664
R179G:W194M,-14.193202018737793
R179G:W194L,-12.635601997375488
R179G:W194K,-18.574604034423828
R179G:W194I,-14.359755516052246
R179G:W194G,-18.152700424194336
R179G:W194F,-14.061288833618164
R179G:W194E,-19.133956909179688
R179I:D187C,-17.45685577392578
R179G:W194D,-20.017488479614258
R179G:T211R,-6.236606597900391
R179G:T211S,-10.061906814575195
R179G:T211W,-10.323149681091309
R179G:V210W,-19.771955490112305
R179G:T211Q,-6.756182670593262
R179G:V210S,-17.72103500366211
R179G:W194A,-17.67447280883789
R179G:T211V,-8.716530799865723
R179G:T211P,-16.66641616821289
R179G:T211M,-8.86225414276123
R179G:T211L,-8.48583698272705
R179G:T211K,-6.065313816070557
R179G:T211I,-9.267690658569336
R179G:T211H,-9.222452163696289
R179G:T211G,-10.194696426391602
R179G:T211F,-11.366715431213379
R179G:T211E,-8.92308235168457
R179G:T211C,-10.308389663696289
R179G:T211A,-8.699028015136719
R179G:T202Y,-12.086187362670898
R179G:T202W,-13.677581787109375
R179G:T202S,-11.890165328979492
R179G:T202R,-11.39559555053711
R179G:T202Q,-11.093936920166016
R179G:T202N,-13.491755485534668
R179G:T211D,-12.888639450073242
R179G:R207H,-13.387779235839844
R179G:R207I,-12.625190734863281
R179G:T202F,-12.554327964782715
R179G:T202E,-9.289493560791016
R179G:T202C,-11.187784194946289
R179G:T202A,-12.781583786010742
R179G:S189V,-15.95408821105957
R179G:M186H,-14.426410675048828
R179G:M186F,-13.199417114257812
R179G:M186D,-15.59060287475586
R179G:K195W,-12.88689136505127
R179G:K195V,-12.535402297973633
R179G:M186I,-9.430436134338379
R179G:N214G,-11.481680870056152
R179G:N214K,-10.397054672241211
R179G:N214L,-12.306375503540039
R179G:R207E,-15.228063583374023
R179G:R207D,-16.681604385375977
R179G:R207C,-10.26436996459961
R179G:R207A,-7.310316562652588
R179G:K195T,-12.242033958435059
R179G:N214F,-13.489677429199219
R179G:S189R,-12.513646125793457
R179G:S189L,-15.579560279846191
R179G:N214W,-14.174850463867188
R179G:N214S,-10.408368110656738
R179G:N214R,-11.438867568969727
R179G:N214P,-11.21769905090332
R179G:N214M,-12.975281715393066
R179G:N214V,-11.995061874389648
R179G:S189Q,-13.08790111541748
R179G:S189I,-16.424991607666016
R179G:S189E,-13.052091598510742
R179G:S189C,-15.587039947509766
R179G:R207Y,-14.513751983642578
R179G:R207W,-15.916600227355957
R179G:R207T,-9.566116333007812
R179G:R207S,-7.991911888122559
R179G:R207K,-8.472679138183594
R179G:T202H,-12.821300506591797
R179G:R207N,-12.427459716796875
R179G:M186P,-18.692771911621094
R179G:N192G,-13.04232406616211
R179G:N214E,-9.9657621383667
R179G:N214C,-13.069035530090332
R179G:N214A,-11.755804061889648
R179G:N192L,-9.581188201904297
R179H:W194G,-18.648488998413086
R179H:T202W,-14.173370361328125
R179H:T202G,-16.225055694580078
R179I:D190M,-17.5838623046875
R179G:T202I,-9.211573600769043
R179G:T202G,-15.729267120361328
R179G:N192C,-12.319826126098633
R179G:N192A,-11.968159675598145
R179G:N192E,-11.820375442504883
R179G:M186N,-15.465387344360352
R179G:H199R,-10.917243957519531
R179G:H199P,-19.307600021362305
R179G:H199M,-15.073355674743652
R179G:H199L,-14.670965194702148
R179G:H199K,-11.4599027633667
R179G:H199W,-16.175954818725586
R179G:K195P,-19.80504035949707
R179G:K195R,-11.051156044006348
R179G:M186Y,-13.890785217285156
R179G:M186V,-10.375368118286133
R179G:M186S,-13.031861305236816
R179G:M186R,-13.760636329650879
R179G:K195Q,-11.855751037597656
R179G:N192W,-12.308876991271973
R179G:N192R,-10.302753448486328
R179G:N192K,-10.158228874206543
R179G:K195M,-12.516206741333008
R179G:K195L,-12.391738891601562
R179G:K195G,-16.207744598388672
R179G:K195C,-13.386898040771484
R179G:K195A,-14.98298454284668
R179F:A197G,-16.404571533203125
R179F:W194G,-21.550344467163086
R179F:T211S,-13.459550857543945
R179F:T211L,-11.8834810256958
R179F:T202R,-14.79323959350586
R179F:A197Q,-12.673131942749023
R179F:T202Q,-14.491580963134766
R179F:M186R,-17.158279418945312
R179G:H184V,-10.719609260559082
R179F:K195W,-16.284534454345703
R179F:K195R,-14.448800086975098
R179F:K195L,-15.789382934570312
R179G:A197T,-11.168678283691406
R179F:K195A,-18.38062858581543
R179F:H199G,-15.46098804473877
R179G:A197W,-13.817228317260742
R179G:A197D,-13.5145902633667
R179A:N214P,-7.756371974945068
R179A:N214K,-6.935727119445801
R179A:N214E,-6.504434585571289
R179A:N214Q,-7.3053131103515625
R179A:R207E,-11.766736030578613
R179A:R207C,-6.803042411804199
R179A:R207A,-3.8489890098571777
R179A:T211R,-2.7752790451049805
R179A:T211P,-13.205087661743164
R179E:D190A,-11.589641571044922
R179G:H184R,-9.395740509033203
R179A:R207N,-8.966133117675781
R179F:T202K,-14.647329330444336
R179G:A197Q,-9.275487899780273
R179G:A197M,-10.732329368591309
R179G:A197L,-11.657487869262695
R179G:A197K,-9.08791732788086
R179G:A197G,-13.006926536560059
R179G:A197F,-12.43293285369873
R179F:T202G,-19.126911163330078
R179E:D190G,-10.751708984375
R179E:D190P,-13.481632232666016
R179F:T202E,-12.687137603759766
R179F:T202A,-16.179227828979492
R179F:R207C,-13.66201400756836
R179E:D190E,-10.049276351928711
R179E:H199W,-12.434503555297852
R179E:H199Y,-10.89399528503418
R179E:N192E,-8.078923225402832
R179E:N214G,-7.74022912979126
R179E:T211E,-5.181630611419678
R179E:T211D,-9.147188186645508
R179E:T202Y,-8.344736099243164
R179E:T202W,-9.93613052368164
R179E:T202S,-8.148714065551758
R179E:T202Q,-7.352485656738281
R179E:T202N,-9.750303268432617
R179E:T202K,-7.508234024047852
R179E:T202I,-5.470121383666992
R179E:T202H,-9.079849243164062
R179E:T202G,-11.987815856933594
R179E:T202F,-8.812875747680664
R179E:T202R,-7.654144287109375
R179E:H199R,-7.175792217254639
R179E:H199G,-8.321891784667969
R179E:H199C,-10.500044822692871
R179E:K195A,-11.241533279418945
R179G:D187R,-18.91864013671875
R179G:D187V,-18.618091583251953
R179G:D187L,-19.47730827331543
R179G:D187W,-20.711645126342773
R179E:M186V,-6.633915901184082
R179E:M186S,-9.290409088134766
R179E:M186R,-10.019184112548828
R179E:W194S,-13.016868591308594
R179E:K195V,-8.793950080871582
R179E:K195R,-7.309704303741455
R179E:K195P,-16.063589096069336
R179E:K195L,-8.650287628173828
R179E:K195G,-12.466293334960938
R179E:W194V,-11.410633087158203
R179G:D190V,-17.09782600402832
R179G:F182E,-11.615215301513672
R179G:H199C,-14.241497039794922
R179G:D190Q,-14.065582275390625
R179G:D190P,-17.22308349609375
R179G:D190L,-16.981191635131836
R179G:D190K,-14.765374183654785
R179G:D190G,-14.493160247802734
R179G:D190F,-18.565135955810547
R179G:D190E,-13.790727615356445
R179G:D190A,-15.331093788146973
R179C:R207A,-5.989672660827637
R179C:A197G,-11.686283111572266
R179C:D190K,-13.444730758666992
R179C:D190N,-9.776693344116211
R179C:D187F,-18.423782348632812
R179D:R207E,-16.44454002380371
R179E:A197Q,-5.534036636352539
R179E:A197M,-6.990877151489258
R179E:A197G,-9.265474319458008
R179D:T211V,-9.93300724029541
R179D:T202Q,-12.310413360595703
R179D:T202K,-12.466161727905273
R179D:R207A,-8.526793479919434
R179E:D187W,-16.97019386291504
R179D:T202A,-13.99806022644043
R179D:N214M,-14.191758155822754
R179D:N214G,-12.69815731048584
R179C:D187R,-17.59799575805664
R179K:R207K,-2.197876214981079
R179K:R207H,-7.112976551055908
R179K:T202E,-3.014690399169922
R179K:R207E,-8.95326042175293
R179K:R207D,-10.406801223754883
R179K:R207C,-3.9895668029785156
R179K:R207A,-1.0355134010314941
R179E:T211H,-5.481000900268555
R179G:H199A,-13.400434494018555
R179K:R207S,-1.717108964920044
R179K:T202C,-4.912981033325195
R179K:T202A,-6.506780624389648
R179K:R207Y,-8.238948822021484
R179K:R207W,-9.641797065734863
R179C:D187L,-18.15666389465332
R179C:N192W,-10.98823356628418
R179C:D190G,-13.172515869140625
R179C:D190E,-12.470083236694336
R179C:M186V,-9.054723739624023
R179C:M186S,-11.711217880249023
R179C:K195R,-9.730512619018555
R179C:K195G,-14.887102127075195
R179C:H199G,-10.742700576782227
R179C:M186R,-12.439992904663086
R179C:T202S,-10.569520950317383
R179A:A197G,-9.545598983764648
R179A:M186S,-9.570533752441406
R179A:F182A,-10.28038215637207
R179A:D190Q,-10.604255676269531
R179A:D190P,-13.76175594329834
R179A:D190A,-11.869766235351562
R179A:D187W,-17.250316619873047
R179A:D190G,-11.031832695007324
R179A:R207Y,-11.052425384521484
R179A:R207W,-12.455272674560547
R179A:R207S,-4.530584335327148
R179A:T211G,-6.73336935043335
R179A:T211H,-5.761125087738037
R179A:T211K,-2.6039862632751465
R179A:T211N,-7.934028148651123
R179A:W194R,-13.816839218139648
R179A:W194P,-14.645173072814941
R179A:S189V,-12.49276065826416
R179A:W194L,-9.174274444580078
R179A:W194C,-11.606277465820312
R179A:W194G,-14.691372871398926
R179A:T202A,-9.320256233215332
R179A:T202E,-5.8281660079956055
R179A:T211A,-5.23769998550415
R179A:T202W,-10.216254234313965
R179A:T202C,-7.726456642150879
R179A:T202R,-7.934268474578857
R179A:T202Q,-7.632609844207764
R179A:T202N,-10.030427932739258
R179A:T202K,-7.788358211517334
R179A:T202I,-5.750246047973633
R179A:T202H,-9.359972953796387
R179A:T202G,-12.267939567565918
R179A:T202F,-9.093000411987305
R179A:T202S,-8.428837776184082
R179A:M186V,-6.914040565490723
R179D:D190G,-15.709636688232422
R179C:T211F,-10.046072006225586
R179C:W194N,-17.758638381958008
R179C:W194A,-16.35382843017578
R179C:T211Y,-9.317194938659668
R179C:T211V,-7.3958868980407715
R179C:R207C,-8.9437255859375
R179C:T211R,-4.9159626960754395
R179C:T211A,-7.378383636474609
R179C:T202R,-10.074952125549316
R179C:T202Q,-9.773293495178223
R179C:T202N,-12.171112060546875
R179C:T202K,-9.929041862487793
R179C:T202I,-7.890929222106934
R179C:T202G,-14.408622741699219
R179C:T202F,-11.233684539794922
R179C:T202E,-7.9688496589660645
R179C:T202W,-12.356937408447266
R179C:T202A,-11.460939407348633
R179C:S189R,-11.193002700805664
R179C:R207Y,-13.193108558654785
R179C:R207W,-14.595956802368164
R179C:R207S,-6.671268463134766
R179C:R207I,-11.304546356201172
R179C:R207H,-12.06713581085205
R179C:S189V,-14.633443832397461
R179C:T211Q,-5.4355387687683105
R179A:M186R,-10.299308776855469
R179A:M186D,-12.12927532196045
R179A:K195Q,-8.394423484802246
R179A:K195G,-12.746417999267578
R179A:H199R,-7.455916404724121
R179A:H199K,-7.998575210571289
R179A:H199G,-8.60201644897461
F182A:W194S,-16.633426666259766
F182L:T202K,-4.673650741577148
F182A:D190L,-16.85629653930664
F182A:T202K,-11.124792098999023
F182A:M186N,-15.340493202209473
F182C:T202G,-11.96111011505127
F182A:T202R,-11.270702362060547
F182C:T202A,-9.013426780700684
F182C:N192C,-8.55167007446289
F182D:W194G,-20.583587646484375
F182C:T202Q,-7.325780391693115
F182I:T202R,-3.3303279876708984
F182E:R207D,-14.430215835571289
F182H:T202K,-7.337838172912598
F182L:T202G,-9.15323257446289
F182L:D190G,-7.917125225067139
F182I:T211H,-1.1571846008300781
F182L:K195C,-6.810863018035889
F182L:K195T,-5.665998935699463
F182L:T202A,-6.2055487632751465
F182E:T202S,-9.638776779174805
F182L:T211V,-2.140495777130127
F182L:T211L,-1.909801959991455
F182M:H199G,-6.642916202545166
F182M:K195R,-5.630728244781494
F182M:N192G,-7.621896743774414
F182N:W194M,-13.380767822265625
F182P:T202R,-12.519058227539062
F182P:T202W,-14.801043510437012
F182M:W194P,-12.686073303222656
F182R:D190V,-12.096545219421387
F182R:R207S,-2.990631341934204
F182R:T202E,-4.288212776184082
F182R:T202G,-10.727986335754395
F182R:T202Q,-6.09265661239624
F182S:D190G,-13.365631103515625
F182L:T202H,-6.245265483856201
F182S:K195G,-15.080217361450195
F182S:T202C,-10.06025505065918
F182S:T202E,-8.161964416503906
F182S:T202G,-14.601737976074219
F182S:T202R,-10.268067359924316
F182S:W194L,-11.508073806762695
F182V:M186R,-7.19747257232666
F182T:R207K,-4.554536819458008
F182V:T202G,-9.16610336303711
F182V:R207W,-9.353436470031738
F182V:T202A,-6.218420028686523
F182V:T202E,-2.726330041885376
F182V:H199G,-5.500180244445801
F182L:T202R,-4.819561004638672
F182V:T211R,0.3265570402145386
F182V:W194N,-12.516118049621582
F182V:T202R,-4.832432746887207
F182W:H199F,-12.12684440612793
F182W:H199R,-6.994791507720947
F182W:M186R,-9.838184356689453
F182W:M186S,-9.10940933227539
F182V:T211G,-3.63153338432312
F182W:R207D,-12.759151458740234
F182W:T202S,-7.967712879180908
F182W:T202G,-11.806814193725586
F182W:T202W,-9.755128860473633
F182W:T211S,-6.1394548416137695
F182V:T211F,-4.80355167388916
F182L:T211G,-3.618661880493164
H184A:T202Q,-7.887232303619385
H184A:W194P,-14.899795532226562
H184E:R207D,-10.638195037841797
H184E:T211M,-2.81884503364563
H184F:N192W,-9.875858306884766
H184G:A197G,-13.333309173583984
H184G:D190V,-17.42420768737793
H184G:N214G,-11.808063507080078
H184G:T211P,-16.9927978515625
H184G:T202W,-14.003963470458984
H184G:T202G,-16.055648803710938
H184G:T202E,-9.615875244140625
H184G:R207C,-10.590751647949219
H184G:H199Q,-12.81885051727295
H184I:T202R,-8.818660736083984
H184K:T202R,-6.268840312957764
H184G:K195G,-16.534128189086914
H184G:W194L,-12.961984634399414
H184P:T211L,-10.948582649230957
H184R:T202I,-4.740710258483887
H184R:T202A,-8.310720443725586
H184R:H199G,-7.592480659484863
H184R:K195M,-8.045343399047852
H184R:K195R,-6.580292701721191
H184R:N214G,-7.010817527770996
H184R:R207I,-8.154327392578125
H184R:R207W,-11.4457368850708
H184S:H199W,-14.104331970214844
H184S:N214A,-9.684181213378906
H184S:N214M,-10.903657913208008
H184S:T202R,-9.323972702026367
H184T:T202G,-12.34916877746582
H184T:T211P,-13.286316871643066
H184Y:R207N,-9.4461669921875
H184S:T202K,-9.178062438964844
H184R:T202R,-6.924732685089111
H184R:T211V,-4.245667457580566
H184V:R207T,-6.419122219085693
H184V:T202A,-9.634589195251465
H184W:W194V,-12.479419708251953
H184W:T202R,-8.722930908203125
H184W:N214S,-7.735702991485596
H184W:N192A,-9.295494079589844
M186V:K195Q,-8.36451530456543
M186V:T202H,-9.33006477355957
M186V:T202G,-12.238031387329102
M186V:T202F,-9.063092231750488
M186V:T202W,-10.186346054077148
M186V:T202K,-7.758449554443359
M186V:T211Y,-7.146602630615234
M186V:W194A,-14.183237075805664
M186V:W194L,-9.144366264343262
M186V:W194I,-10.86851978302002
M186V:W194G,-14.66146469116211
M186V:W194E,-15.642722129821777
M186V:T202N,-10.000519752502441
M186V:T211R,-2.745370388031006
M186V:T202Q,-7.602701187133789
M186V:W194P,-14.615264892578125
M186V:W194Q,-14.17121410369873
M186V:T211V,-5.225295066833496
M186V:T211S,-6.570671081542969
M186V:T211P,-13.175179481506348
M186V:T211N,-7.904119491577148
M186V:T211M,-5.371018409729004
M186V:T211L,-4.994601249694824
M186V:T211K,-2.57407808303833
M186V:T211H,-5.7312164306640625
M186V:T211G,-6.703460693359375
M186V:T211E,-5.431846618652344
M186V:T211C,-6.8171539306640625
M186V:T211W,-6.831913948059082
M186V:T202Y,-8.594951629638672
M186V:T202S,-8.398929595947266
M186V:T202R,-7.904359817504883
M186V:W194R,-13.786931037902832
M186V:V210S,-14.229799270629883
M186V:V210K,-16.369705200195312
M186R:T202N,-13.385787963867188
M186R:T202K,-11.143718719482422
M186V:N214R,-7.9476318359375
M186V:N214A,-8.264568328857422
M186V:T202C,-7.6965484619140625
M186V:T202E,-5.798257827758789
M186V:N214P,-7.726463317871094
M186V:N214L,-8.815139770507812
M186V:N214F,-9.998441696166992
M186V:N214E,-6.474526405334473
M186V:W194V,-11.660848617553711
M186V:W194Y,-10.864357948303223
M186N:N214V,-13.59384536743164
M186N:N214D,-11.65818977355957
M186N:H199R,-12.516027450561523
M186V:K195T,-8.750798225402832
M186V:K195V,-9.04416561126709
M186S:K195W,-12.052148818969727
M186S:K195V,-11.700658798217773
M186S:K195R,-10.216413497924805
M186S:K195Q,-11.021008491516113
M186S:K195L,-11.556997299194336
M186S:K195G,-15.373003005981445
M186V:K195L,-8.900503158569336
M186S:N214S,-9.573625564575195
M186S:N214V,-11.160319328308105
M186V:K195M,-9.024971008300781
M186V:K195R,-7.559920310974121
M186V:R207Y,-11.022516250610352
M186V:R207W,-12.42536449432373
M186V:R207T,-6.074880599975586
M186V:R207S,-4.500676155090332
M186V:N192R,-6.811517715454102
M186V:R207N,-8.936223983764648
M186V:T202A,-9.290348052978516
M186V:R207K,-4.981443405151367
M186V:R207E,-11.736827850341797
M186V:R207C,-6.773134231567383
M186V:R207A,-3.8190805912017822
M186V:R207D,-13.19036865234375
M186Y:T202E,-9.313674926757812
M186Y:T202G,-15.753448486328125
M186Y:T202R,-11.419776916503906
M186Y:T211D,-12.912820816040039
M186Y:W194G,-18.176881790161133
M186Y:V210I,-13.767499923706055
M186Y:T211L,-8.510018348693848
M186R:N214G,-11.375713348388672
M186R:N214C,-12.963068008422852
M186R:N214A,-11.649836540222168
M186R:N214R,-11.332900047302246
M186R:N214W,-14.068883895874023
M186R:N214S,-10.302400588989258
M186R:T202I,-9.105606079101562
M186R:T202H,-12.715332984924316
M186R:T202G,-15.623299598693848
M186R:T202F,-12.448360443115234
M186R:K195V,-12.429433822631836
M186R:K195W,-12.780923843383789
M186R:T202E,-9.183526039123535
M186R:T202C,-11.081816673278809
M186R:N192S,-11.546977996826172
M186R:N192G,-12.936357498168945
M186R:T202A,-12.675616264343262
M186R:R207Y,-14.407785415649414
M186R:R207W,-15.810632705688477
M186R:R207T,-9.460149765014648
M186R:R207S,-7.885944366455078
M186R:R207K,-8.366711616516113
M186R:R207H,-13.28181266784668
M186R:R207E,-15.122096061706543
M186R:R207D,-16.575637817382812
M186R:R207C,-10.158402442932129
M186R:R207A,-7.204349040985107
M186N:T202E,-10.888277053833008
M186N:T202G,-17.32805061340332
M186N:T202K,-12.848468780517578
M186N:T202S,-13.488948822021484
M186P:A197G,-17.83309555053711
M186P:R207C,-15.090538024902344
M186P:R207E,-20.054231643676758
M186P:R207I,-17.451358795166016
M186P:T202A,-17.607751846313477
M186P:R207W,-20.742767333984375
M186P:T202R,-16.221763610839844
M186P:T202Q,-15.92010498046875
M186P:T202K,-16.07585334777832
M186P:T202G,-20.555435180664062
M186P:T202E,-14.11566162109375
M186P:W194G,-22.97886848449707
M186R:D187F,-19.638458251953125
M186P:H199G,-16.889511108398438
M186R:D190G,-14.387192726135254
M186R:D190P,-17.117115020751953
M186R:H199P,-19.20163345336914
M186R:H199L,-14.564997673034668
M186R:H199K,-11.353935241699219
M186R:H199A,-13.294466018676758
M186R:H199G,-11.957376480102539
M186R:K195R,-10.945188522338867
M186R:H199R,-10.81127643585205
M186R:K195A,-14.8770170211792
M186R:K195Q,-11.749783515930176
M186R:K195L,-12.285772323608398
M186R:K195H,-12.427165985107422
M186R:K195G,-16.101778030395508
M186R:K195C,-13.280930519104004
M186R:A197W,-13.711260795593262
M186R:A197Y,-11.312812805175781
M186R:A197S,-9.485025405883789
M186R:A197G,-12.900959014892578
M186N:R207W,-17.515384674072266
M186F:T202E,-8.622306823730469
M186F:T202G,-15.062080383300781
M186F:T202K,-10.582498550415039
M186F:T202Q,-10.426750183105469
M186F:T202R,-10.728408813476562
M186F:W194G,-17.48551368713379
M186F:W194R,-16.610979080200195
M186I:N214V,-7.558894157409668
M186H:T211P,-17.22622299194336
M186I:T202R,-6.959428787231445
M186I:T202S,-7.453997611999512
M186I:T211L,-4.04966926574707
M186I:W194L,-8.199434280395508
M186I:W194Q,-13.226282119750977
M186H:T202R,-11.955403327941895
M186I:T202E,-4.853325843811035
M186I:T202G,-11.293099403381348
M186I:H199W,-11.739787101745605
M186F:K195Q,-11.18856430053711
M186V:H199G,-8.572108268737793
M186V:A197G,-9.515690803527832
M186V:K195C,-9.895662307739258
M186V:K195A,-11.491748809814453
M186V:H199W,-12.68471908569336
M186V:H199R,-7.426008224487305
M186V:H199P,-15.816364288330078
M186V:H199M,-11.582119941711426
M186V:H199L,-11.179729461669922
M186V:H199K,-7.968667030334473
M186V:H199A,-9.909197807312012
M186V:D190P,-13.731847763061523
M186V:A197H,-7.5635271072387695
M186V:A197W,-10.325992584228516
M186V:K195G,-12.716509819030762
M186S:T202W,-12.842839241027832
M186S:T202R,-10.560853958129883
M186S:T202Q,-10.259195327758789
M186S:T202K,-10.41494369506836
M186S:T202G,-14.894524574279785
M186S:T202F,-11.719585418701172
M186S:T202E,-8.454751014709473
M186S:T202C,-10.353041648864746
M186S:T202A,-11.9468412399292
M186S:R207Y,-13.679010391235352
M186S:R207W,-15.081857681274414
M186S:R207T,-8.731374740600586
M186S:T211L,-7.651094436645508
M186S:H199R,-10.082501411437988
M186R:W194G,-18.046733856201172
M186R:W194F,-13.955322265625
M186R:W194E,-19.027990341186523
M186R:W194A,-17.568504333496094
M186S:K195A,-14.148241996765137
M186R:W194Q,-17.556482315063477
M186S:R207D,-15.846861839294434
M186S:W194G,-17.31795883178711
M186S:W194P,-17.271759033203125
M186S:R207E,-14.39332103729248
M186S:R207C,-9.429627418518066
M186S:T211S,-9.227165222167969
M186S:T211V,-7.88178825378418
M186S:T211Y,-9.803096771240234
M186R:W194R,-17.172199249267578
M186R:W194T,-17.53693199157715
M186S:A197W,-12.9824857711792
M186R:W194S,-16.65235137939453
M186R:T211L,-8.37986946105957
M186R:T211K,-5.959346294403076
M186R:T211G,-10.088729858398438
M186R:T211E,-8.81711483001709
M186R:T211A,-8.593059539794922
M186R:T202Y,-11.980219841003418
M186R:T202W,-13.571614265441895
M186R:T202S,-11.784197807312012
M186R:T202R,-11.289628982543945
M186R:T202Q,-10.987970352172852
M186R:T211P,-16.560447692871094
M186R:T211Q,-6.650215148925781
M186R:T211S,-9.955940246582031
M186S:H199G,-11.228601455688477
M186R:V210W,-19.66598892211914
M186R:T211W,-10.217182159423828
M186R:T211V,-8.610563278198242
M186R:T211R,-6.13063907623291
M186D:T211K,-7.789312839508057
M186D:T202Y,-13.810186386108398
M186D:N214F,-15.213676452636719
M186D:N214L,-14.030374526977539
M186D:W194P,-19.83049964904785
M186D:R207D,-18.405603408813477
M186D:R207W,-17.64059829711914
M186D:T202A,-14.505582809448242
M186D:T202G,-17.453266143798828
M186D:T202I,-10.935572624206543
M186D:T202K,-12.973684310913086
M186D:T202R,-13.11959457397461
D187W:T202F,-19.399368286132812
D187W:T211F,-18.21175765991211
D187W:T202W,-20.52262306213379
D187W:T202S,-18.735206604003906
D187W:T202R,-18.240636825561523
D187W:T202Q,-17.93897819519043
D187W:T202G,-22.574308395385742
D187W:T202E,-16.13453483581543
D187W:T202A,-19.626625061035156
D187W:R207W,-22.761642456054688
D187W:W194E,-25.979000091552734
D187W:W194T,-24.48794174194336
D187W:T202K,-18.0947265625
D187W:T211Y,-17.482879638671875
D187W:K195G,-23.05278778076172
D187W:K195C,-20.2319393157959
D187W:H199M,-21.91839599609375
D187V:W194V,-19.90357208251953
D187V:W194R,-22.02965545654297
D187V:W194L,-17.387088775634766
D187V:T211W,-15.074637413024902
D187V:T211S,-14.813394546508789
D187V:T211R,-10.988094329833984
D187V:T211L,-13.237324714660645
D187V:T202W,-18.42906951904297
D187V:T202S,-16.641653060913086
D187V:T202R,-16.147083282470703
D187V:T202Q,-15.84542465209961
D187V:T202N,-18.243244171142578
D187V:T211A,-13.450515747070312
D187V:T202K,-16.00117301940918
D187V:T202G,-20.480754852294922
D187V:R207T,-14.317604064941406
D187V:R207S,-12.743399620056152
D187V:R207D,-21.43309211730957
D187V:T202E,-14.04098129272461
D187V:N214L,-17.057863235473633
D187V:N214R,-16.19035530090332
D187T:H199L,-19.323373794555664
D187R:T202A,-17.833620071411133
D187R:R207E,-20.280099868774414
D187R:W194V,-20.204120635986328
D187R:T202W,-18.729618072509766
D187R:T202R,-16.4476318359375
D187R:T202N,-18.543792724609375
D187R:T202K,-16.301721572875977
D187T:R207E,-19.88047218322754
D187R:N214L,-17.35841178894043
D187R:T202E,-14.341529846191406
D187R:T202G,-20.78130340576172
D187T:T202C,-15.840192794799805
D187R:K195R,-16.103191375732422
D187R:K195L,-17.443775177001953
D187R:H199Q,-17.544504165649414
D187Q:T202R,-14.404762268066406
D187Q:T202G,-18.738433837890625
D187R:D190A,-20.383129119873047
D187P:K195W,-19.112045288085938
D187P:R207C,-16.48952293395996
D187L:W194M,-19.803905487060547
D187L:T202W,-19.288286209106445
D187L:T202G,-21.3399715423584
D187L:T202C,-16.79848861694336
D187F:T202I,-15.089395523071289
D187L:K195T,-17.852737426757812
D187K:A197G,-16.40520477294922
D187K:T211F,-14.764992713928223
D187K:T202W,-17.07585906982422
D187K:T202Q,-14.49221420288086
D187K:T202K,-14.64796257019043
D187K:T202G,-19.127544403076172
D187K:T211W,-13.721426963806152
D187K:K195R,-14.449433326721191
D187C:R207W,-19.21343231201172
D187C:T202K,-14.546518325805664
D187C:N214G,-14.77851390838623
S189V:T211L,-10.573321342468262
S189W:R207K,-11.665268898010254
S189W:T202W,-16.87017059326172
S189W:T211L,-11.678426742553711
S189W:K195R,-14.243745803833008
S189W:H199L,-17.863555908203125
S189W:H199A,-16.5930233001709
S189R:T202G,-14.376309394836426
S189Y:R207A,-9.91825008392334
S189V:T211G,-12.282180786132812
S189R:T202E,-7.936535835266113
S189V:T202A,-14.869068145751953
S189V:R207Y,-16.60123634338379
S189V:A197W,-15.904712677001953
S189R:T202C,-9.834826469421387
S189R:K195G,-14.854787826538086
S189Q:T202K,-10.470983505249023
S189V:T202F,-14.641812324523926
S189R:A197S,-8.238035202026367
S189R:T202A,-11.42862606048584
S189M:T211S,-11.560714721679688
S189L:T211S,-11.774864196777344
S189L:T202R,-13.108552932739258
S189L:T202K,-12.962642669677734
S189L:T202G,-17.442222595214844
S189L:R207T,-11.279073715209961
S189L:R207H,-15.100736618041992
S189L:R207C,-11.977326393127441
S189L:R207W,-17.62955665588379
S189V:T202G,-17.81675148010254
S189L:T202C,-12.900740623474121
S189L:D190A,-17.044050216674805
S189K:R207K,-6.3171234130859375
S189I:T211L,-11.044224739074707
S189I:T202R,-13.953983306884766
S189I:T202E,-11.847881317138672
S189F:T211E,-11.62798023223877
S189E:R207W,-15.102088928222656
S189E:R207S,-7.177400588989258
S189E:R207E,-14.413551330566406
S189E:R207C,-9.449857711791992
S189D:R207S,-6.834017753601074
S189C:R207A,-9.030753135681152
S189C:T202G,-17.449703216552734
S189C:R207E,-16.94849967956543
D190Y:H199W,-19.25840950012207
D190Y:T202G,-18.811721801757812
D190V:T202K,-14.480907440185547
D190V:T202W,-16.908803939819336
D190V:T202R,-14.62681770324707
D190V:T202F,-15.785550117492676
D190V:T202E,-12.520715713500977
D190V:R207K,-11.703901290893555
D190V:N214R,-14.670089721679688
D190V:K195W,-16.118114471435547
D190V:H199A,-16.631656646728516
D190T:T202E,-11.359180450439453
D190T:R207E,-17.29775047302246
D190L:T211L,-11.600424766540527
D190P:T211V,-12.073010444641113
D190Q:T211S,-10.260886192321777
D190P:R207T,-12.922595977783203
D190P:T211F,-14.72319507598877
D190P:T202S,-15.246644973754883
D190P:T202N,-16.848236083984375
D190P:T202G,-19.08574676513672
D190P:T202E,-12.645973205566406
D190P:T202C,-14.54426383972168
D190P:T202A,-16.138063430786133
D190P:T211R,-9.593086242675781
D190P:T211L,-11.842316627502441
D190P:R207H,-16.744258880615234
D190N:T202Y,-9.316920280456543
D190N:T202K,-8.480419158935547
D190N:T202G,-12.960000038146973
D190N:T202C,-8.418517112731934
D190N:K195R,-8.281888961791992
D190N:R207N,-9.658193588256836
D190M:T202G,-19.153106689453125
D190M:R207A,-10.734156608581543
D190M:N214S,-13.832207679748535
D190M:N214A,-15.179643630981445
D190M:R207C,-13.688209533691406
D190M:A197S,-13.014832496643066
D190L:T211Q,-9.870770454406738
D190L:T202R,-14.510183334350586
D190L:T202G,-18.843854904174805
D190L:T202E,-12.404081344604492
D190L:R207H,-16.50236701965332
D190L:R207C,-13.378957748413086
D190A:R207E,-16.692554473876953
D190L:H199A,-16.51502227783203
D190K:T202R,-12.294366836547852
D190K:T202N,-14.390525817871094
D190K:T202G,-16.628036499023438
D190K:T202C,-12.086554527282715
D190K:R207A,-8.209087371826172
D190K:T211F,-12.265485763549805
D190K:A197M,-11.631099700927734
D190I:T202Y,-15.961007118225098
D190I:T202F,-16.429147720336914
D190K:K195M,-13.414977073669434
D190I:H199L,-18.54578399658203
D190G:H199R,-11.543800354003906
D190G:T202W,-14.30413818359375
D190G:T202R,-12.022151947021484
D190G:T202N,-14.118311882019043
D190G:T202K,-11.876241683959961
D190G:T202I,-9.838129997253418
D190G:T202E,-9.91604995727539
D190G:T202A,-13.408140182495117
D190G:R207W,-16.543155670166016
D190G:R207A,-7.936872959136963
D190G:T202G,-16.355823516845703
D190G:H199M,-15.699912071228027
D190G:H199L,-15.297521591186523
D190G:H199G,-12.689900398254395
D190G:H199F,-16.675853729248047
D190G:K195R,-11.677712440490723
D190G:A197W,-14.443784713745117
D190F:R207K,-13.171211242675781
D190F:T202W,-18.376113891601562
D190E:T211R,-6.160730361938477
D190E:T202K,-11.173809051513672
D190E:T202G,-15.653390884399414
D190E:T202E,-9.213617324829102
D190E:R207W,-15.840723991394043
D190E:T202W,-13.601705551147461
D190E:T211P,-16.590538024902344
D190E:T202R,-11.319719314575195
D190G:A197S,-10.217549324035645
D190L:H199R,-14.031831741333008
D190A:T211K,-7.52980375289917
D190A:T202W,-15.142071723937988
D190A:T202R,-12.860086441040039
D190A:T202K,-12.714176177978516
D190A:T202G,-17.193756103515625
D190A:T202C,-12.652274131774902
D190A:T202A,-14.246073722839355
D190A:R207W,-17.38109016418457
D190A:R207S,-9.456401824951172
D190A:R207C,-11.728859901428223
D190A:T211H,-10.686943054199219
D190A:N214C,-14.533525466918945
D190A:H199K,-12.924392700195312
D190A:K195T,-13.706523895263672
D190A:A197W,-15.281718254089355
N192E:T202G,-13.683038711547852
N192F:T202R,-8.892190933227539
N192A:R207N,-10.529016494750977
N192G:H199R,-10.092964172363281
N192R:T202K,-7.685835838317871
N192R:T202R,-7.8317461013793945
N192R:T202W,-10.113731384277344
N192R:T202S,-8.326314926147461
N192V:T202N,-9.816657066345215
N192G:T202N,-12.667476654052734
N192L:R207S,-3.706496000289917
N192G:T211L,-7.661557674407959
N192G:T202K,-10.425406455993652
N192L:T202E,-5.004077434539795
N192L:T202C,-6.902368068695068
N192G:T202I,-8.387293815612793
N192G:T202E,-8.465213775634766
N192G:T202C,-10.363504409790039
N192K:T202A,-9.073208808898926
N192K:T202W,-9.969206809997559
N192G:R207W,-15.092321395874023
N192G:R207K,-7.64840030670166
N192G:T202G,-14.904987335205078
N192C:T202Q,-9.547160148620605
N192C:T202R,-9.8488187789917
N192D:R207W,-14.547492027282715
N192L:T202N,-9.206338882446289
N192L:T202G,-11.443851470947266
N192R:N214G,-7.917830944061279
W194A:H199Q,-16.300336837768555
W194A:T202K,-15.057554244995117
W194A:R207C,-14.07223892211914
W194A:R207E,-19.035932540893555
W194A:R207W,-19.724468231201172
W194A:T202E,-13.097362518310547
W194A:T202G,-19.53713607788086
W194A:T202H,-16.629169464111328
W194C:R207D,-17.882606506347656
W194C:T202E,-10.490494728088379
W194C:T202G,-16.930267333984375
W194C:T202K,-12.450687408447266
W194C:T211G,-11.395698547363281
W194C:R207W,-17.11760139465332
W194D:N214L,-18.457260131835938
W194D:T202E,-15.440378189086914
W194E:N214T,-15.826086044311523
W194E:T202A,-18.048938751220703
W194E:T202E,-14.55684757232666
W194E:T202G,-20.996620178222656
W194E:T202Q,-16.361291885375977
W194E:T202R,-16.66295051574707
W194E:T211G,-15.462051391601562
W194E:T211K,-11.33266830444336
W194E:T211L,-13.753190994262695
W194E:T202K,-16.517040252685547
W194D:T202N,-19.64263916015625
W194F:R207A,-7.505002021789551
W194F:R207C,-10.459054946899414
W194F:T202C,-11.382469177246094
W194F:T202E,-9.48417854309082
W194F:T202F,-12.749013900756836
W194F:T202G,-15.923952102661133
W194F:T202N,-13.686441421508789
W194G:A197M,-15.018425941467285
W194F:T211H,-9.41713809967041
W194F:N214V,-12.189746856689453
W194G:N214V,-16.281158447265625
W194G:N214S,-14.694464683532715
W194G:N214M,-17.26137924194336
W194G:R207T,-13.852212905883789
W194G:R207W,-20.20269775390625
W194G:R207Y,-18.799848556518555
W194G:T202A,-17.06768035888672
W194G:T202E,-13.575590133666992
W194G:T202G,-20.015363693237305
W194G:T202K,-15.535781860351562
W194G:T202Q,-15.380033493041992
W194G:T202R,-15.681692123413086
W194G:T202S,-16.17626190185547
W194G:T211C,-14.594486236572266
W194G:T211D,-17.17473602294922
W194G:T211G,-14.480792999267578
W194G:T211M,-13.148350715637207
W194I:R207S,-8.485063552856445
W194I:T211K,-6.558465480804443
W194G:T211H,-13.508548736572266
W194K:R207S,-12.699911117553711
W194K:T202G,-20.437267303466797
W194K:T202S,-16.598163604736328
W194K:V210W,-24.47995376586914
W194G:T211V,-13.0026273727417
W194G:T211S,-14.348003387451172
W194K:T202K,-15.957685470581055
W194L:N214A,-10.524802207946777
W194R:T211G,-13.606260299682617
W194L:R207T,-8.335115432739258
W194L:T202A,-11.550581932067871
W194L:T202C,-9.956782341003418
W194L:T202E,-8.058491706848145
W194L:T202G,-14.498265266418457
W194L:T202S,-10.659163475036621
W194L:T202W,-12.446579933166504
W194L:T211L,-7.25483512878418
W194L:T211Q,-5.525180816650391
W194L:T202K,-10.018684387207031
W194M:T202K,-11.576284408569336
W194M:R207K,-8.799277305603027
W194M:R207Y,-14.840351104736328
W194M:T202S,-12.216763496398926
W194M:T211L,-8.812435150146484
W194M:T211W,-10.649747848510742
W194M:T202I,-9.538171768188477
W194N:R207A,-12.522994995117188
W194N:T202E,-14.502171516418457
W194M:T202G,-16.055866241455078
W194P:T202G,-19.96916389465332
W194P:T202K,-15.489582061767578
W194P:T211W,-14.5630464553833
W194G:T202W,-17.96367835998535
W194Q:T202G,-19.52511215209961
W194R:A197G,-16.418489456176758
W194Q:T202E,-13.085339546203613
W194R:T211K,-9.476877212524414
W194R:K195R,-14.462718963623047
W194R:N214E,-13.377325057983398
W194R:R207A,-10.721879959106445
W194R:R207T,-12.977680206298828
W194R:R207W,-19.328163146972656
W194R:T202G,-19.140830993652344
W194R:T202I,-12.623136520385742
W194R:T202Q,-14.505500793457031
W194R:T202R,-14.807159423828125
W194R:T202W,-17.08914566040039
W194R:T202Y,-15.497750282287598
W194R:T202E,-12.701056480407715
W194S:R207W,-18.80831527709961
W194S:R207Y,-17.405467987060547
W194S:T202C,-14.079500198364258
W194S:T202E,-12.181209564208984
W194S:T202G,-18.620983123779297
W194S:T202K,-14.141401290893555
W194S:T202Y,-14.977903366088867
W194S:T211G,-13.08641242980957
W194S:T211M,-11.7539701461792
W194S:T211R,-9.12832260131836
W194S:V210W,-22.663671493530273
W194T:T202R,-15.171892166137695
W194T:T202W,-17.453876495361328
W194S:R207E,-18.119779586791992
W194V:N214M,-14.260762214660645
W194V:N214V,-13.280542373657227
W194V:N214E,-11.251242637634277
W194V:R207H,-14.673259735107422
W194V:R207K,-9.758159637451172
W194V:T202E,-10.574974060058594
W194V:T202G,-17.014747619628906
W194V:T202K,-12.535165786743164
W194V:T202N,-14.777235984802246
W194V:T202R,-12.681076049804688
W194V:T202S,-13.17564582824707
W194V:T202Y,-13.371667861938477
W194V:T211G,-11.48017692565918
W194V:T211L,-9.771317481994629
W194V:T211S,-11.347387313842773
W194V:T211V,-10.0020112991333
W194Y:T202K,-11.738676071166992
W194Y:T202R,-11.884586334228516
K195R:R207W,-13.101152420043945
K195R:T202A,-9.96613597869873
K195R:T202G,-12.913819313049316
K195R:T202H,-10.005852699279785
K195R:T202I,-6.396125793457031
K195R:T202N,-10.676307678222656
K195R:T202Q,-8.27849006652832
K195R:T202S,-9.07471752166748
K195R:R207S,-5.176464080810547
K195R:T202R,-8.580148696899414
K195R:T202K,-8.43423843383789
K195R:R207C,-7.448922157287598
K195R:N214W,-11.359403610229492
K195R:N214L,-9.490927696228027
K195R:H199W,-13.360507011413574
K195R:H199G,-9.247896194458008
K195Q:T202K,-9.238832473754883
K195Q:T202G,-13.718414306640625
K195Q:N214L,-10.295522689819336
K195P:T202W,-19.616018295288086
K195Q:T202A,-10.770730972290039
K195P:R207W,-21.855037689208984
K195P:T202E,-15.227930068969727
K195M:T202I,-7.861176490783691
K195M:T202G,-14.378870010375977
K195M:R207W,-14.566203117370605
K195M:T211G,-8.84429931640625
K195L:T202R,-9.920731544494629
K195M:N214L,-10.955978393554688
K195P:T202K,-17.188121795654297
K195M:N214M,-11.624884605407715
K195L:T211R,-4.761742115020752
K195L:T211G,-8.719832420349121
K195L:T202Q,-9.619072914123535
K195L:T202K,-9.774821281433105
K195L:T202G,-14.254402160644531
K195L:T202F,-11.079463958740234
K195L:T202E,-7.814629077911377
K195L:T202A,-11.306718826293945
K195L:R207S,-6.517047882080078
K195L:R207K,-6.997815132141113
K195L:T202S,-10.415300369262695
K195L:T202W,-12.202716827392578
K195L:N214W,-12.699986457824707
K195L:H199R,-9.442378997802734
K195I:N214V,-11.305553436279297
K195H:T202K,-9.916215896606445
K195G:R207W,-18.257741928100586
K195G:T211V,-11.057672500610352
K195G:T211R,-8.57774829864502
K195G:T211P,-19.007556915283203
K195G:T211N,-13.73649787902832
K195G:T211G,-12.535839080810547
K195G:T211A,-11.040168762207031
K195G:T202Y,-14.427329063415527
K195G:T202W,-16.018722534179688
K195G:T202S,-14.231307029724121
K195G:T202R,-13.736738204956055
K195G:T202Q,-13.435079574584961
K195G:T202N,-15.832897186279297
K195G:T202K,-13.590827941894531
K195G:T202G,-18.07040786743164
K195G:T211E,-11.2642240524292
K195G:T202E,-11.630635261535645
K195G:R207S,-10.333053588867188
K195G:R207K,-10.813820838928223
K195G:R207H,-15.728921890258789
K195G:R207E,-17.56920623779297
K195G:R207Y,-16.854894638061523
K195G:T202A,-15.122725486755371
K195G:T202C,-13.528925895690918
K195W:T202R,-10.415884017944336
K195W:T202K,-10.269973754882812
K195W:T202G,-14.749554634094238
K195W:T202F,-11.574615478515625
K195W:T202E,-8.309781074523926
K195W:R207W,-14.936887741088867
K195W:R207I,-11.645478248596191
K195W:T211P,-15.686702728271484
K195W:T211Q,-5.776470184326172
K195W:H199W,-15.196242332458496
K195W:T211R,-5.256894111633301
K195V:V210I,-12.412117004394531
K195V:T202Y,-10.754985809326172
K195V:T202W,-12.346380233764648
K195V:T202S,-10.558963775634766
K195V:T202R,-10.064393997192383
K195V:T202K,-9.91848373413086
K195V:T202H,-11.49009895324707
K195V:T202G,-14.398065567016602
K195V:T202F,-11.223125457763672
K195V:T202A,-11.450382232666016
K195V:R207W,-14.585397720336914
K195V:R207T,-8.234914779663086
K195V:R207N,-11.096258163452148
K195V:T211V,-7.385328769683838
K195W:T211V,-7.736818313598633
K195V:R207K,-7.141477584838867
K195V:N214T,-9.227529525756836
K195V:N214R,-10.107666015625
K195Q:N214A,-9.744951248168945
K195T:T211L,-6.86126708984375
K195T:T211G,-8.570127487182617
K195T:T202S,-10.265595436096191
K195T:T202K,-9.625116348266602
K195T:T202G,-14.104697227478027
K195T:T202A,-11.157013893127441
K195T:R207A,-5.685746669769287
K195F:T211L,-7.810110092163086
K195R:T211Y,-7.822391033172607
K195R:T211V,-5.901082992553711
K195R:T211S,-7.246459484100342
K195R:T211N,-8.57990837097168
K195R:T211G,-7.379249095916748
K195R:T202W,-10.862133979797363
K195G:R207C,-12.605511665344238
K195G:N214W,-16.515993118286133
K195G:N214S,-12.749509811401367
K195G:N214P,-13.558841705322266
K195G:N214L,-14.647517204284668
K195G:N214E,-12.306903839111328
K195G:N214C,-15.410177230834961
K195G:N214A,-14.096945762634277
K195G:H199Q,-14.833610534667969
K195F:T202E,-8.61376667022705
K195A:N214W,-15.291231155395508
K195A:R207C,-11.38075065612793
K195A:R207A,-8.426697731018066
K195A:R207I,-13.741571426391602
K195A:T202A,-13.897964477539062
K195A:T202E,-10.405874252319336
K195A:T202G,-16.84564781188965
K195A:T202I,-10.327954292297363
K195A:T202N,-14.608136177062988
K195A:T202Q,-12.210317611694336
K195A:T202S,-13.006546020507812
K195A:T202W,-14.793962478637695
K195A:T211L,-9.602217674255371
K195A:T211W,-11.439530372619629
K195A:V210S,-18.83741569519043
K195A:T211R,-7.352987289428711
K195C:T202K,-10.769979476928711
K195C:N214P,-10.737993240356445
K195C:R207D,-16.2018985748291
K195C:T202A,-12.301877975463867
K195C:T202G,-15.249561309814453
K195C:T211E,-8.443376541137695
K195C:T202N,-13.012049674987793
K195C:T211H,-8.742746353149414
K195C:T211L,-8.006131172180176
K195C:T202E,-8.80978775024414
A197G:N214L,-11.446698188781738
A197G:N214T,-9.699054718017578
A197G:N214D,-9.199729919433594
A197G:R207A,-6.450639247894287
A197G:R207C,-9.404692649841309
A197G:R207D,-15.821927070617676
A197G:R207E,-14.368386268615723
A197G:R207H,-12.52810287475586
A197G:R207W,-15.056922912597656
A197G:T202E,-8.429816246032715
A197G:T202G,-14.869589805603027
A197G:T202K,-10.390008926391602
A197G:T211G,-9.335020065307617
A197G:T211M,-8.00257682800293
A197G:R207N,-11.56778335571289
A197G:T211S,-9.202230453491211
A197G:V210I,-12.883641242980957
A197K:N214E,-5.187075614929199
A197K:T211V,-3.9378442764282227
A197K:T211S,-5.2832207679748535
A197L:N214E,-7.756646156311035
A197M:N214L,-9.172101020812988
A197Q:N214C,-8.477920532226562
A197Q:T211W,-5.732034206390381
A197K:T211P,-11.887728691101074
A197T:N214W,-11.476924896240234
A197F:T202G,-14.2955961227417
A197F:T202K,-9.816015243530273
A197F:R207E,-13.794392585754395
A197W:R207C,-10.214994430541992
A197W:R207D,-16.63222885131836
A197W:R207T,-9.516740798950195
A197W:T202G,-15.679891586303711
A197W:V210I,-13.69394302368164
H199G:R207W,-14.113340377807617
H199G:T211A,-6.895767688751221
H199G:T211R,-4.433346748352051
H199G:T211S,-8.258647918701172
H199G:V210I,-11.940058708190918
H199P:R207T,-15.007112503051758
H199P:R207K,-13.913675308227539
H199G:R207S,-6.188652038574219
H199G:N214G,-9.678421020507812
H199K:N214M,-10.568580627441406
H199K:N214W,-11.768150329589844
H199K:R207A,-4.903615474700928
H199K:R207C,-7.857668876647949
H199W:R207T,-11.875467300415039
H199K:R207S,-5.585210800170898
H199K:T202S,-9.483464241027832
H199Y:T202S,-12.659008026123047
H199Y:T202R,-12.16443920135498
H199Y:T202G,-16.498109817504883
H199Y:T202E,-10.05833625793457
H199W:T211Q,-9.065533638000488
H199W:T211C,-12.617740631103516
H199W:R207W,-18.2259521484375
H199W:R207K,-10.78203010559082
H199W:R207A,-9.619668006896973
H199K:V210S,-15.31433391571045
H199R:N214K,-7.447694778442383
H199R:N214M,-10.025921821594238
H199R:R207K,-5.523319244384766
H199R:R207H,-10.438419342041016
H199R:R207E,-12.278703689575195
H199R:T202K,-8.300325393676758
H199C:T211M,-9.237146377563477
H199D:N214R,-10.268562316894531
H199C:T211D,-13.263532638549805
H199C:R207I,-13.000083923339844
H199C:T202R,-11.770488739013672
H199C:T211K,-6.440206527709961
H199A:T211R,-5.770436763763428
H199A:T211Q,-6.290012836456299
H199A:T211L,-8.01966667175293
H199A:R207W,-15.450429916381836
H199A:R207E,-14.761894226074219
H199A:N214S,-9.942197799682617
H199L:N214R,-12.243228912353516
H199M:V210I,-14.95007038116455
H199Q:V210S,-16.346899032592773
H199Q:T211V,-7.342395305633545
H199Q:R207W,-14.542465209960938
H199M:T211K,-7.27206563949585
H199R:T211W,-7.3737897872924805
H199R:T211R,-3.2872467041015625
H199R:T211M,-5.912894248962402
H199R:T211H,-6.273092746734619
H199R:T211G,-7.245337009429932
H199R:T211F,-8.41735553741455
H199R:T202Q,-8.144577026367188
H199R:T202E,-6.3401336669921875
H199L:T211L,-9.29019832611084
T202G:R207S,-9.854575157165527
T202G:R207T,-11.428779602050781
T202G:N214Q,-12.629303932189941
T202G:N214V,-13.857725143432617
T202G:N214C,-14.9316987991333
T202G:N214H,-13.619588851928711
T202G:N214L,-14.169038772583008
T202G:N214M,-14.837944984436035
T202G:N214P,-13.080362319946289
T202G:N214R,-13.301530838012695
T202G:N214S,-12.271031379699707
T202G:N214W,-16.037513732910156
T202G:N214Y,-14.470352172851562
T202G:N214A,-13.618467330932617
T202G:R207W,-17.77926254272461
T202G:R207A,-9.172980308532715
T202G:T211A,-10.561691284179688
T202G:R207D,-18.544267654418945
T202G:R207E,-17.090726852416992
T202E:R207A,-2.733206272125244
T202E:R207D,-12.104494094848633
T202E:R207K,-3.895569086074829
T202E:R207W,-11.339489936828613
T202E:R207Y,-9.936641693115234
T202E:T211A,-4.121917247772217
T202E:T211C,-5.731279373168945
T202E:T211G,-5.617586612701416
T202E:T211H,-4.6453423500061035
T202E:T211L,-3.908726692199707
T202E:T211R,-1.6594961881637573
T202E:T211S,-5.48479700088501
T202E:R207T,-4.989006519317627
T202G:R207C,-12.127033233642578
T202G:T211C,-12.171052932739258
T202G:T211E,-10.785745620727539
T202G:T211F,-13.229378700256348
T202G:T211G,-12.05735969543457
T202G:T211K,-7.927977085113525
T202G:T211L,-10.34850025177002
T202G:T211M,-10.7249174118042
T202G:T211N,-13.258018493652344
T202G:T211R,-8.09926986694336
T202G:T211S,-11.924570083618164
T202G:T211V,-10.579194068908691
T202G:T211Y,-12.50050163269043
T202G:R207Y,-16.376415252685547
T202G:T211I,-11.130353927612305
T202G:R207H,-15.250442504882812
T202N:N214E,-9.590913772583008
T202E:T211V,-4.139420509338379
T202R:N214G,-9.010673522949219
T202R:N214M,-10.504274368286133
T202R:N214R,-8.967859268188477
T202R:N214S,-7.9373602867126465
T202N:T211Y,-10.262990951538086
T202N:R207W,-15.541751861572266
T202N:T211K,-5.690465450286865
T202N:T211L,-8.11098861694336
T202N:T211P,-16.291566848754883
T202G:V210I,-15.605981826782227
T202G:V210K,-21.72360610961914
T202G:V210S,-19.583698272705078
T202S:N214G,-9.505242347717285
T202S:N214L,-10.329936981201172
T202S:T211W,-8.346711158752441
T202S:T211V,-6.7400922775268555
T202S:T211R,-4.260168075561523
T202S:T211K,-4.0888752937316895
T202S:T211E,-6.946643829345703
T202S:R207W,-13.94016170501709
T202S:R207N,-10.451021194458008
T202S:R207H,-11.411340713500977
T202S:R207E,-13.251625061035156
T202S:N214W,-12.19841194152832
T202S:N214V,-10.018623352050781
T202I:N214H,-7.101895332336426
T202I:N214G,-6.826650619506836
T202H:T211R,-5.191303253173828
T202H:T211V,-7.67122745513916
T202H:T211Y,-9.592535018920898
T202H:N214D,-9.014102935791016
T202H:R207D,-15.636301040649414
T202I:R207A,-2.6552860736846924
T202F:T211N,-10.083080291748047
T202F:T211Q,-5.443906784057617
T202F:V210S,-16.40876007080078
T202F:V210W,-18.459678649902344
T202F:T211G,-8.882421493530273
T202E:V210K,-15.283831596374512
T202F:R207W,-14.604324340820312
T202F:R207H,-12.075504302978516
T202E:N214C,-8.491925239562988
T202E:N214D,-5.482296466827393
T202E:N214Q,-6.189530372619629
T202E:N214W,-9.597740173339844
T202E:T211W,-5.746039390563965
T202E:V210I,-9.166208267211914
T202S:T211Y,-8.661399841308594
T202R:R207A,-4.839308738708496
T202I:T211A,-4.043996810913086
T202K:R207T,-6.9491987228393555
T202K:N214S,-7.791450023651123
T202Y:T211Q,-4.975766181945801
T202K:N214R,-8.821949005126953
T202K:N214G,-8.864763259887695
T202Y:T211S,-8.281490325927734
T202K:R207K,-5.855761528015137
T202K:R207E,-12.61114501953125
T202K:R207A,-4.693398475646973
T202K:R207C,-7.647451877593994
T202K:N214Y,-9.99077033996582
T202I:T211Y,-5.9828081130981445
T202W:T211G,-10.005674362182617
T202W:T211K,-5.876291751861572
T202W:R207C,-10.075347900390625
T202W:T211L,-8.296814918518066
T202Y:T211K,-4.284897327423096
T202W:T211M,-8.673232078552246
T202W:T211R,-6.047584533691406
T202W:R207T,-9.377094268798828
T202W:R207D,-16.492582321166992
T202K:N214C,-10.452117919921875
T202Y:T211P,-14.885998725891113
T202Y:T211I,-7.487274646759033
T202W:N214Y,-12.41866683959961
T202W:R207A,-7.1212944984436035
T202A:R207T,-8.481096267700195
T202A:T211L,-7.400816917419434
T202A:R207A,-6.225296497344971
T202A:R207C,-9.179349899291992
T202A:N214S,-9.323348045349121
T202A:N214K,-9.312034606933594
T202A:R207S,-6.906891822814941
T202A:V210W,-18.686935424804688
T202A:T211S,-8.976886749267578
T202A:T211R,-5.151586532592773
T202A:T211Q,-5.6711626052856445
T202A:R207K,-7.387659072875977
T202C:N214A,-9.076984405517578
T202C:R207E,-12.549243927001953
T202C:T211G,-7.5158772468566895
T202C:T211N,-8.716535568237305
T202C:R207W,-13.237780570983887
T202R:R207D,-14.210596084594727
T202R:R207C,-7.793362140655518
T202R:T211H,-6.7514448165893555
T202R:T211F,-8.895708084106445
T202R:T211A,-6.228019714355469
T202R:R207W,-13.445592880249023
T202R:R207T,-7.095108985900879
T202R:R207N,-9.956452369689941
T202R:T211G,-7.723689079284668
T202R:R207H,-10.91677188873291
T202K:R207W,-13.2996826171875
T202K:T211A,-6.082109451293945
T202K:T211G,-7.5777788162231445
T202Q:V210K,-17.088275909423828
T202Q:T211G,-7.422030448913574
T202Q:N214L,-9.533708572387695
T202Q:N214K,-7.624388694763184
T202Q:T211V,-5.943864345550537
T202Q:T211L,-5.713170528411865
T202Q:T211H,-6.449786186218262
T202Q:T211A,-5.926361083984375
T202K:T211L,-5.8689188957214355
T202K:T211M,-6.245336055755615
T202K:T211R,-3.6196885108947754
T202K:T211S,-7.444989204406738
T202K:T211V,-6.099612712860107
T202K:T211W,-7.706231594085693
T202R:T211I,-6.796683311462402
T202K:T211Y,-8.020920753479004
T202Q:R207A,-4.537650108337402
T202Q:R207W,-13.14393424987793
T202Q:N214S,-7.635701656341553
T202R:T211K,-3.594305992126465
T202R:T211M,-6.391246318817139
T202R:T211L,-6.014829158782959
T202Y:N214R,-9.658451080322266
T202Y:N214V,-10.214645385742188
T202W:T211Y,-10.448816299438477
T202W:V210S,-17.532012939453125
T202W:T211N,-11.20633316040039
T202W:T211V,-8.527508735656738
T202R:T211Y,-8.166831016540527
T202R:T211V,-6.245522975921631
T202R:T211R,-3.765598773956299
T202R:T211S,-7.590899467468262
R207H:N214G,-11.002857208251953
R207W:T211I,-11.31768798828125
R207S:N214Q,-4.891948699951172
R207S:N214S,-4.5336761474609375
R207S:N214L,-6.431683540344238
R207T:N214K,-6.0965681076049805
R207C:N214C,-9.466801643371582
R207A:T211H,-2.666165351867676
R207E:N214K,-11.758514404296875
V210W:N214V,-17.900413513183594
