mutant,prediction
A572C:E574A,-7.542072772979736
A572C:G586P,-1.798306941986084
A572C:L583D,-1.1833224296569824
A572C:L583D:R588Q,0.18774700164794922
A572C:L583E,-1.801232933998108
A572C:L583F,-7.116659641265869
A572C:L583I,-6.433356761932373
A572C:L583Q,-6.5634870529174805
A572C:L583W,-7.887171745300293
A572C:L583W:R588N,-5.673249244689941
A572C:N587T,-6.421525478363037
A572C:Q575A,-5.64357852935791
A572C:Q575C,-4.759580612182617
A572C:Q575C:R588F,-3.978494882583618
A572C:Q575C:Y576F:S578V:T581A,-12.880988121032715
A572C:Q575I,-6.35368537902832
A572C:Q575L,-5.484311103820801
A572C:Q575L:L583W:R588F,-9.236730575561523
A572C:Q575M,-6.047487258911133
A572C:Q575S:R588C,-5.955379009246826
A572C:Q575T,-6.117053508758545
A572C:Q575V,-6.058899879455566
A572C:Q575V:S578A:R588N,-5.823390483856201
A572C:R588A,-0.678307056427002
A572C:R588F,-2.5725808143615723
A572C:R588Q,-1.9825968742370605
A572C:S578D,-1.5167183876037598
A572C:S578D:L583D,0.65362548828125
A572C:S578D:R588A,1.1586408615112305
A572C:S578E,-3.446207046508789
A572C:S578H,-7.173379898071289
A572C:S578N,-6.108910083770752
A572C:S578V:R588Q,-5.0895209312438965
A572C:T573C:L583V,-9.192811965942383
A572C:T573F:L583D,-5.265836715698242
A572C:T573F:Y576C:S578D:R588C,-9.762434005737305
A572C:T573S:Q575H:S578V,-12.700712203979492
A572C:T573Y,-7.743463516235352
A572C:T581A:L583G:N587T:R588A,-9.553878784179688
A572D:E574V,-9.734159469604492
A572D:E574W,-10.12537956237793
A572D:L583D,-3.3965253829956055
A572D:Q575A,-7.856781482696533
A572D:Q575G,-7.882771968841553
A572D:Q575W,-8.695743560791016
A572D:R588F,-4.785783767700195
A572D:S578Q,-9.761274337768555
A572D:T573A,-9.080070495605469
A572D:T573N,-8.671494483947754
A572D:Y576C,-9.240338325500488
A572D:Y576V,-11.836994171142578
A572E:E574V,-11.078493118286133
A572E:L583C,-11.754938125610352
A572E:S578Q,-11.105607986450195
A572E:S578T,-10.660568237304688
A572E:S578W,-8.317641258239746
A572E:T581P,-8.389860153198242
A572E:T581Q,-10.79310417175293
A572E:Y576N,-12.476633071899414
A572F:E574C,-10.515294075012207
A572F:E574T,-11.148703575134277
A572F:G586C,-12.445539474487305
A572F:G586S,-9.472819328308105
A572F:Q575I,-9.727684020996094
A572F:Q575W,-9.856538772583008
A572F:Q575Y,-10.094111442565918
A572F:T573P,-12.471975326538086
A572F:Y576H,-8.958155632019043
A572G:E574F:Q575H,-9.676191329956055
A572G:E574Y,-6.730528831481934
A572G:G586A,-5.90554141998291
A572G:L583A,-6.319540023803711
A572G:L583E,-1.697987675666809
A572G:L583G,-6.5211687088012695
A572G:N587K,-10.152948379516602
A572G:N587T,-6.318280220031738
A572G:Q575C:S578W:R588Q,-4.691704750061035
A572G:Q575L:L583V,-8.307753562927246
A572G:Q575T:N587P:R588F,-5.528654098510742
A572G:S578A,-5.22883415222168
A572G:S578N:R588A,-3.330305576324463
A572G:S578Q:R588T,-4.784337520599365
A572G:T573C:E574P:S578W,-13.834068298339844
A572G:T573C:Y576W,-8.372602462768555
A572G:T573N,-6.355046272277832
A572G:T581Y,-7.044747829437256
A572G:Y576F:S578E:L583E:R588A,-1.5926874876022339
A572I:N587A,-9.540851593017578
A572I:N587H,-11.915275573730469
A572I:Q575V,-9.12555980682373
A572I:R588F,-5.639240264892578
A572I:S578N,-9.175569534301758
A572I:T573P,-12.164636611938477
A572I:T581F,-10.768667221069336
A572L:E574C,-10.168121337890625
A572L:E574K,-14.109127044677734
A572L:G586P,-4.825132846832275
A572L:L583S,-9.415298461914062
A572L:Q575F,-9.104623794555664
A572L:Q575K,-12.182567596435547
A572L:R588F,-5.599406719207764
A572L:R588H,-6.318015098571777
A572L:R588T,-3.720003604888916
A572L:S578D:G586I:N587P,-8.694772720336914
A572L:S578G,-7.793953895568848
A572L:S578N,-9.135736465454102
A572P:E574W,-12.256828308105469
A572P:N587V,-11.364213943481445
A572P:Q575P,-11.773148536682129
A572P:Q575Y,-11.064765930175781
A572P:S578D:L583Q,-9.071191787719727
A572P:Y576T,-13.867456436157227
A572Q:E574L,-10.700491905212402
A572Q:E574Q,-11.479469299316406
A572Q:L583V,-9.560195922851562
A572Q:Q575N:R588V,-4.157671928405762
A572Q:Q575R,-12.714900970458984
A572Q:R588A,-3.958148956298828
A572R:L583A,-11.55656623840332
A572R:L583W,-13.020953178405762
A572R:Q575D,-12.609024047851562
A572R:Q575G,-10.803350448608398
A572R:Y576F,-10.9649658203125
A572S:E574L:Q575V,-9.691710472106934
A572S:G586L,-6.410314083099365
A572S:L583D,-0.7491490840911865
A572S:L583E,-1.367059588432312
A572S:L583E:G586F,-6.270504474639893
A572S:L583I,-5.999183654785156
A572S:L583Q,-6.1293134689331055
A572S:N587T,-5.98735237121582
A572S:N587V,-6.58538818359375
A572S:Q575C,-4.325407028198242
A572S:Q575G,-5.235395431518555
A572S:Q575H,-5.856731414794922
A572S:Q575I,-5.919511795043945
A572S:Q575I:R588C,-6.409244537353516
A572S:Q575L,-5.050137996673584
A572S:Q575L:Y576W,-7.259861946105957
A572S:Q575L:Y576W:L583E,-5.707428932189941
A572S:Q575M,-5.613313674926758
A572S:Q575P:R588T,-4.333834648132324
A572S:Q575T,-5.682880401611328
A572S:Q575T:G586L,-9.173701286315918
A572S:Q575V:S578E,-5.7172675132751465
A572S:Q575Y,-6.285940170288086
A572S:R588F,-2.1384074687957764
A572S:R588K,-4.7156267166137695
A572S:R588Q,-1.5484235286712646
A572S:R588Y,-1.9099786281585693
A572S:S578C,-4.120674133300781
A572S:S578D:G586E,-2.5845789909362793
A572S:S578D:L583C:G586L,-9.417102813720703
A572S:S578E:G586L:R588A,-3.827495574951172
A572S:S578E:L583I,-6.091724395751953
A572S:S578E:L583W,-7.545538902282715
A572S:S578G,-4.332954406738281
A572S:S578G:R588F,-3.5518689155578613
A572S:S578G:T581N:N587T,-9.110734939575195
A572S:S578N,-5.674736976623535
A572S:S578T,-6.668858528137207
A572S:S578V,-6.026416778564453
A572S:S578V:G586L,-9.51723861694336
A572S:T573C,-5.8319501876831055
A572S:T573S,-6.222375869750977
A572S:T573S:Q575G:N587P,-8.834209442138672
A572S:T573S:Q575H,-9.159614562988281
A572S:T573S:R588Q,-4.851306915283203
A572S:T573S:S578T:N587T,-13.039600372314453
A572S:T573Y:E574S:G586L,-14.931709289550781
A572S:T573Y:Q575L,-9.439935684204102
A572S:Y576A,-8.524798393249512
A572S:Y576F,-5.3970112800598145
A572S:Y576F:S578C:N587T,-9.666051864624023
A572S:Y576W,-5.129217147827148
A572S:Y576W:R588Y,-4.11970329284668
A572T:E574T,-9.350103378295898
A572T:E574Y,-8.409171104431152
A572T:G586A,-7.584184646606445
A572T:G586Q,-8.737563133239746
A572T:L583H,-9.11618423461914
A572T:Q575C,-6.334978103637695
A572V:G586Y,-10.13135051727295
A572V:L583E,-3.754483699798584
A572V:L583K,-11.701335906982422
A572V:L583W,-9.840422630310059
A572V:N587P,-5.602848529815674
A572V:Q575F,-8.031048774719238
A572V:S578A,-7.285330295562744
A572V:Y576T,-11.476055145263672
A572W:Q575G,-10.693819046020508
A572W:R588V,-5.942946910858154
A572W:R588Y,-7.368402004241943
A572W:S578A,-10.356328964233398
A572W:S578M,-12.691760063171387
A572W:S578N,-11.133159637451172
A572W:S578P,-13.162343978881836
A572W:T573H,-11.914884567260742
A572W:Y576N,-13.943347930908203
A572Y:E574T,-11.187215805053711
A572Y:L583A,-9.835296630859375
A572Y:L583H:R588A,-8.277938842773438
A572Y:L583Q:G586C:R588A,-13.018512725830078
A572Y:L583S,-9.800983428955078
A572Y:S578V,-9.873101234436035
A572Y:T573Y,-11.155974388122559
A572Y:Y576R,-15.177010536193848
A572Y:Y576R:L583G,-18.447757720947266
D561A:A572C,-6.626620292663574
D561A:A572S:Q575V,-8.89768123626709
D561A:A572S:S578W,-7.598886489868164
D561A:E562D,-5.450986862182617
D561A:E562D:S578E,-5.543527603149414
D561A:E562D:T567A:L583Q:G586Q,-13.734965324401855
D561A:E562Q:T568I:E574I:T581Q,-23.566051483154297
D561A:E563A,-5.9291911125183105
D561A:E563A:I565L:R566N:Q575C:S578E:L583V:G586P:N587P:R588H,-13.901159286499023
D561A:E563A:I565L:R566N:Q575C:S578E:T581N:L583V:G586P:N587P:R588H,-15.611080169677734
D561A:E563A:R566N:Q575C:S578E:G586P:N587P:R588H,-8.766389846801758
D561A:E563A:R566N:Q575C:S578E:L583V:G586P:N587P:R588H,-11.693077087402344
D561A:E563A:R566T:Q575N:S578T,-12.530492782592773
D561A:E563A:T567A:A572C:Q575M:N587P,-13.538268089294434
D561A:E563A:T567A:T568V:S578G,-12.730515480041504
D561A:E563A:T573S,-9.232073783874512
D561A:E563D,-5.4399189949035645
D561A:E563D:R566G:T567C,-7.458470344543457
D561A:E563D:R566S:S578W,-9.02289867401123
D561A:E563D:R566T,-8.332721710205078
D561A:E563M:G586V,-11.597725868225098
D561A:E563M:R566V:Q575C,-11.944533348083496
D561A:E563M:S578W:R588Q,-8.390379905700684
D561A:E563N,-6.468573093414307
D561A:E563N:R566A:T567A:S578E:N587Q,-14.580095291137695
D561A:E563N:S578D,-4.631625175476074
D561A:E563N:T567C,-7.495821952819824
D561A:E563N:T567C:A572S:Q575I,-13.41533374786377
D561A:E563N:T567C:Q575I,-10.495841979980469
D561A:E563N:T567C:T568V:A572S:Q575I,-17.537538528442383
D561A:E563N:T573S,-9.771455764770508
D561A:E563P:I565V:R566Y:S578D:N587Q,-18.60883331298828
D561A:E563Q,-7.342638969421387
D561A:E563Q:R566A,-10.049114227294922
D561A:E563Q:R566A:A572S:Q575H,-15.905844688415527
D561A:E563Q:R566A:Q575N:S578W,-11.41468620300293
D561A:E563Q:R566A:Q575V,-12.754347801208496
D561A:E563Q:R566A:Q575V:S578W,-14.160786628723145
D561A:E563Q:R566A:S578V,-13.156038284301758
D561A:E563Q:R566T:T567C:Q575V:S578V,-17.074848175048828
D561A:E563Q:R566V:Q575I,-12.526267051696777
D561A:E563Q:R566V:Q575I:S578V,-15.633190155029297
D561A:E563Q:R566V:T567A:Q575I:S578V,-16.898847579956055
D561A:E563Q:S578G,-8.756099700927734
D561A:E563Q:T567S:Q575V,-10.553398132324219
D561A:E563S:I565L:N587P,-8.7157564163208
D561A:E563T:A572G:S578C:T581N,-12.776969909667969
D561A:E563T:I565C,-12.74393081665039
D561A:E563V:R566S:R588F,-8.628408432006836
D561A:E563V:T573C:Q575T:S578E:L583Q,-16.211158752441406
D561A:E574N,-7.162391662597656
D561A:I565E,-12.201501846313477
D561A:I565E:S578R,-20.016525268554688
D561A:I565L:A572Y:T573Y:Y576F:S578T,-22.863893508911133
D561A:I565V:R566V:N587Q,-13.217127799987793
D561A:L583G,-6.543702125549316
D561A:L583Q,-6.48277473449707
D561A:L583V,-6.199642181396484
D561A:N569R,-13.228897094726562
D561A:N587F,-8.715594291687012
D561A:N587Q,-7.319803237915039
D561A:Q575L:S578G,-6.817060470581055
D561A:Q575N:N587Q,-7.278936386108398
D561A:Q575V,-5.9781880378723145
D561A:R566A,-5.979429244995117
D561A:R566A:S578D,-4.142480850219727
D561A:R566A:S578D:L583S,-7.177287578582764
D561A:R566A:T567C:T568V:Q575C:S578W,-13.94123649597168
D561A:R566A:T573Y:Q575P:R588V,-12.009086608886719
D561A:R566A:V571F,-10.34617805480957
D561A:R566G,-4.264256477355957
D561A:R566G:S578D,-2.4273085594177246
D561A:R566G:T568V,-8.386462211608887
D561A:R566K:T567S:V571T:L583E:R588F,-4.2804341316223145
D561A:R566P,-10.358304023742676
D561A:R566S:S578N:N587T:R588Q,-9.901528358459473
D561A:R566S:T568V:Q575L,-11.70234489440918
D561A:R566S:T568V:T573S:Q575M:S578V,-18.67532730102539
D561A:R566T:R588H,-6.103280067443848
D561A:R566T:T567A:Q575C:S578V,-11.944253921508789
D561A:R566T:T568V:Q575V,-12.993196487426758
D561A:R566V:R588T,-2.796074628829956
D561A:R566W:A572C:T573S,-15.834434509277344
D561A:R566W:S578W,-10.58432388305664
D561A:R588F,-2.491868734359741
D561A:R588K,-5.069087982177734
D561A:R588P,0.804145097732544
D561A:R588Y,-2.263439893722534
D561A:S578A,-5.251367568969727
D561A:S578C,-4.474135398864746
D561A:S578D,-1.4360063076019287
D561A:S578E,-3.365494966506958
D561A:S578T,-7.022319793701172
D561A:S578V,-6.379878044128418
D561A:T567A:A572C:S578V:N587P,-11.295133590698242
D561A:T567A:T568V:A572S,-11.580310821533203
D561A:T567C:T568V,-8.422409057617188
D561A:T567Q,-9.423781394958496
D561A:T567Q:S578E,-9.516322135925293
D561A:T567Q:V571F,-13.79053020477295
D561A:T567S,-3.778480052947998
D561A:T567S:A572C:Q575G,-9.448049545288086
D561A:T567S:N587Q,-7.825328826904297
D561A:T568R,-13.725740432739258
D561A:T568V:A572S:Q575H:S578N,-16.00713539123535
D561A:T568V:S578N,-10.15040397644043
D561A:T573C,-6.18541145324707
D561A:T573S:G586L,-10.066658020019531
D561A:T581F,-7.621295928955078
D561A:V571C:L583I:G586E,-11.415400505065918
D561A:V571C:S578N:G586L,-13.079741477966309
D561A:V571D:L583D,-5.244982719421387
D561A:V571F,-7.639702796936035
D561A:V571F:L583Q,-10.849523544311523
D561A:V571F:Q575C,-9.04561710357666
D561A:V571F:S578G:L583E,-7.500730991363525
D561A:V571G,-8.31358814239502
D561A:V571S,-5.60085391998291
D561A:V571S:T581H,-10.099804878234863
D561C:A572S:R588Q,-4.954853057861328
D561C:E562D:E563G,-7.3311614990234375
D561C:E562D:G586P,-4.029102325439453
D561C:E563H:Q575L:S578E,-10.556343078613281
D561C:E563I,-8.506915092468262
D561C:E563S,-6.345219612121582
D561C:E563S:S578Q:L583D,-8.369280815124512
D561C:E563S:S578W,-7.751658916473389
D561C:E563T:R566S:S578D:T581A,-9.625479698181152
D561C:E574N,-7.295866966247559
D561C:G586L,-6.897250652313232
D561C:G586P:N587T,-4.918929576873779
D561C:G586S,-6.151584148406982
D561C:I565G,-11.830005645751953
D561C:I565L:N569R:V571D,-19.712825775146484
D561C:L583Q,-6.616250038146973
D561C:L583S,-6.441235542297363
D561C:L583V,-6.333117485046387
D561C:L583W,-7.939934730529785
D561C:N569K:L583F,-16.108348846435547
D561C:N569R,-13.362372398376465
D561C:Q575I,-6.4064483642578125
D561C:Q575V:G586E,-7.613697052001953
D561C:R566Q,-6.252728462219238
D561C:R566S:S578D:T581A,-6.282987594604492
D561C:R588Y,-2.3969151973724365
D561C:S578D,-1.569481611251831
D561C:T567C:T573V:Q575C,-8.758038520812988
D561C:T573C:N587T,-9.386746406555176
D561C:V571A,-6.999114036560059
D561C:Y576R,-11.817262649536133
D561E:A572E,-10.720941543579102
D561E:A572I,-10.230064392089844
D561E:A572L,-10.190231323242188
D561E:E562D,-5.987771034240723
D561E:E562P:E563H:E574C,-18.98974609375
D561E:E563Y,-9.08830738067627
D561E:E574D,-4.83266019821167
D561E:E574M,-8.127971649169922
D561E:E574Q,-8.655699729919434
D561E:G586S,-6.554893493652344
D561E:G586V,-7.052454948425293
D561E:I565D,-12.652024269104004
D561E:I565H:A572L:T581K,-26.12158966064453
D561E:I565V:E574Q,-12.369415283203125
D561E:I565V:R566T:A572C:G586L,-17.260746002197266
D561E:L583A,-6.878857612609863
D561E:L583T,-6.8672380447387695
D561E:N569M,-13.128376007080078
D561E:N569P:T573F,-19.25802230834961
D561E:N587A,-6.930265426635742
D561E:R566C,-5.134001731872559
D561E:R588N,-1.5958163738250732
D561E:S578Q,-8.004143714904785
D561E:S578R,-11.624760627746582
D561E:T567A,-5.07539701461792
D561E:T567A:V571Q:T573S:N587P,-13.969942092895508
D561E:V571F,-8.176487922668457
D561E:V571T:R588F,-3.4807543754577637
D561E:Y576F,-6.287257194519043
D561F:A572I,-11.641119003295898
D561F:A572R,-13.708240509033203
D561F:E562D,-7.398825168609619
D561F:E562D:E563S:R566T,-13.230419158935547
D561F:E562L,-11.419410705566406
D561F:E562R,-12.278287887573242
D561F:E562T:E563Q,-13.608794212341309
D561F:E563G:Q575M:S578D,-7.824365615844727
D561F:E563L,-10.087972640991211
D561F:E563Q:Q575L:Y576W,-13.630846977233887
D561F:E563Q:R566Y:S578E:G586L:R588F,-16.6489315032959
D561F:E574N,-9.1102294921875
D561F:E574S:S578T,-13.101757049560547
D561F:E574T,-9.64183235168457
D561F:I565A:R588N,-9.742657661437988
D561F:I565E,-14.149340629577637
D561F:L583K,-11.615211486816406
D561F:L583W,-9.754298210144043
D561F:N569G,-14.141447067260742
D561F:N569S,-11.486344337463379
D561F:N569W,-16.305776596069336
D561F:N587F,-10.663433074951172
D561F:Q575I,-8.22081184387207
D561F:R566A,-7.927267551422119
D561F:R566F,-9.798643112182617
D561F:R566T:Q575M:S578E:T581V:R588A,-11.591227531433105
D561F:S578E,-5.313333511352539
D561F:S578N,-7.976036548614502
D561F:S578T,-8.970158576965332
D561F:T567C:L583V:N587T:R588H,-12.1801118850708
D561F:T568A,-11.642047882080078
D561F:T568S,-10.788253784179688
D561F:T568V,-9.342998504638672
D561F:T573C,-8.13325023651123
D561F:T581C:R588H,-7.962088108062744
D561F:V571F:E574L,-13.654525756835938
D561F:Y576V,-11.490918159484863
D561G:A572S,-4.849283218383789
D561G:A572V,-7.2367072105407715
D561G:A572Y,-8.695966720581055
D561G:E562D,-4.107822418212891
D561G:E562D:A572S,-7.027315616607666
D561G:E562D:S578A:N587T,-9.154094696044922
D561G:E562D:T567P:Q575N,-6.941295623779297
D561G:E562I:E574W,-12.400468826293945
D561G:E563A,-4.586027145385742
D561G:E563A:R566A,-7.292501449584961
D561G:E563D:A572G,-7.347175598144531
D561G:E563D:I565V,-7.8104705810546875
D561G:E563D:R566A:S578T:G586Q:R588N,-12.147172927856445
D561G:E563D:S578D:G586E,-3.7618408203125
D561G:E563G:R566Y:S578E:T581C,-11.12898063659668
D561G:E563N,-5.125409126281738
D561G:E563N:R566V:T567A:S578N,-11.329919815063477
D561G:E563N:T567Q:A572C:S578C,-15.831084251403809
D561G:E563P,-6.785873889923096
D561G:E563Q:Q575T,-8.762861251831055
D561G:E563Q:R566A,-8.705949783325195
D561G:E563Q:R566A:Q575V,-11.41118335723877
D561G:E563Q:S578W,-7.405913352966309
D561G:E563S:Q575N:S578C,-6.028894901275635
D561G:E563S:S578A,-6.846993446350098
D561G:E563V:A572S,-8.809282302856445
D561G:E563V:R566A:T567S:S578Q:L583C,-18.139930725097656
D561G:E563V:R566C:Q575V:T581A:N587T:R588Y,-14.514595985412598
D561G:E563V:R566C:T573S:Q575V:T581A:N587T:R588Y,-17.81747817993164
D561G:E563V:R566C:V571C:T573S:Q575V:T581A:N587T:R588Y,-21.37820053100586
D561G:E563V:R566Y:T567S:Q575H:N587T,-16.956588745117188
D561G:E563W:R566S:Y576W:T581Y:G586A,-19.818164825439453
D561G:E574L,-5.996773719787598
D561G:E574T:G586I:N587T:R588Q,-11.902915954589844
D561G:G586F,-6.833235263824463
D561G:I565C:T567S:T573S,-11.866683959960938
D561G:I565L:A572S,-7.057363986968994
D561G:I565L:A572S:Q575N:S578T:T581N,-12.475783348083496
D561G:I565L:Q575C:S578T:N587T,-12.36100959777832
D561G:I565L:T567C:Q575V:S578T:N587P,-11.915651321411133
D561G:I565L:T567G:T568V:T573S:Q575N:N587T:R588Q,-16.7803955078125
D561G:I565L:T568V:T573S:Q575N:N587T:R588Q,-13.218881607055664
D561G:I565V:A572S:Q575I:S578G:N587T,-16.04433822631836
D561G:I565V:A572S:Q575L:T581N:R588Q,-11.032495498657227
D561G:I565V:R588Q,-4.272436141967773
D561G:L583D,0.2405538558959961
D561G:N569A:V571N:L583D:R588V,-9.282316207885742
D561G:N569Q,-10.536636352539062
D561G:N569S,-8.195341110229492
D561G:Q575C,-3.3357040882110596
D561G:Q575H:N587T:R588Q,-6.563817977905273
D561G:Q575T,-4.693177223205566
D561G:R566A,-4.636264801025391
D561G:R566A:S578V,-7.743188858032227
D561G:R566A:T567A:A572S:Q575V,-11.526649475097656
D561G:R566A:T568V:N587Q,-12.805318832397461
D561G:R566C:Q575V:T581A:N587T:R588Y,-10.554595947265625
D561G:R566C:T581A:N587T:R588Y,-7.849362373352051
D561G:R566D:S578H,-11.373764038085938
D561G:R566G:T567G:S578D,-4.645658493041992
D561G:R566G:V571C,-6.481814384460449
D561G:R566N:S578T,-8.339805603027344
D561G:R566N:T567A:S578A:L583V:N587Q,-14.8080472946167
D561G:R566S:Q575V:R588H,-6.749087333679199
D561G:R566T:A572C:S578G,-9.589720726013184
D561G:R566V:Q575T:S578E:R588A,-4.2939677238464355
D561G:R566V:S578V:R588C,-7.710055351257324
D561G:R588A,0.7455692291259766
D561G:R588C,-2.419522285461426
D561G:S578C,-3.1309714317321777
D561G:S578D,-0.09284210205078125
D561G:S578H,-5.7495036125183105
D561G:S578T,-5.6791558265686035
D561G:S578V,-5.03671407699585
D561G:S578V:L583W:R588A,-6.89486026763916
D561G:S578V:R588A,-2.3613548278808594
D561G:S578W,-3.336229085922241
D561G:T567A:A572C:Q575G,-8.86501693725586
D561G:T567A:Q575V,-5.90068244934082
D561G:T567A:S578T:R588V,-4.509844779968262
D561G:T567A:T568V:S578N:T581N:R588Q,-10.411748886108398
D561G:T567A:T568V:T573S:L583D,-8.45019245147705
D561G:T567A:V571C:Q575N,-6.715303421020508
D561G:T567C,-2.9570391178131104
D561G:T567C:A572C,-6.310705184936523
D561G:T567C:L583D,-0.7866952419281006
D561G:T567C:T573S:S578C:T581N,-9.171024322509766
D561G:T567M:S578C:T581K,-16.703262329101562
D561G:T567P:V571T,-5.256231307983398
D561G:T567S:Q575P:L583W,-11.043651580810547
D561G:T567S:T568V:Q575A:S578W,-10.25387191772461
D561G:T568H,-11.953569412231445
D561G:T568R:R588C,-12.872308731079102
D561G:T568V,-6.051995277404785
D561G:T568V:A572C:T573S:S578G,-14.1220064163208
D561G:T568V:S578T,-9.801361083984375
D561G:T568V:T573S:Q575N:S578A:N587P,-11.588356018066406
D561G:T573S,-5.232673168182373
D561G:T573S:Q575M:S578G,-9.33995532989502
D561G:T573S:S578C:T581N,-8.143775939941406
D561G:T573V:Y576T:S578E,-11.109914779663086
D561G:T573W,-7.7576375007629395
D561G:V571C:Q575V:T581N:N587T,-12.973526000976562
D561G:V571C:S578D:N587Q,-7.700413227081299
D561G:V571M,-6.291508674621582
D561G:V571P,-8.579221725463867
D561G:V571S,-4.257689952850342
D561G:Y576H,-4.160281181335449
D561H:A572C,-7.7586469650268555
D561H:A572S,-7.3244733810424805
D561H:A572T,-9.334044456481934
D561H:E562D:V571C:A572G:L583C,-18.237892150878906
D561H:E562G,-9.258007049560547
D561H:E562I,-10.31714916229248
D561H:E562S:E563C:T567A:T568E:E574M,-27.557836532592773
D561H:E562Y,-10.85598373413086
D561H:E563A:I565V:R566E:S578D,-14.318283081054688
D561H:E563C:R566S:T581N:L583V,-14.992597579956055
D561H:E563Q:S578D,-6.637717247009277
D561H:E563Q:V571C:A572C:L583D,-13.218709945678711
D561H:E563R:T567E:N569Q:V571Q:N587T,-34.04999542236328
D561H:E563S:T567S:T568V:V571T:T581N,-14.133523941040039
D561H:E563S:V571C:L583D,-8.734148979187012
D561H:E563W:S578E,-11.55018424987793
D561H:E563Y,-9.683548927307129
D561H:E563Y:Q575K:Y576W:G586C,-23.413223266601562
D561H:E574C,-8.192609786987305
D561H:E574D,-5.4279022216796875
D561H:G586E,-5.9070143699646
D561H:G586S,-7.150135040283203
D561H:G586T,-7.490839004516602
D561H:G586Y,-9.229413986206055
D561H:I565G:R566E:T567Y:T568K:A572Q:E574N,-45.1494255065918
D561H:I565L:R566A:A572S:Q575M:S578A,-16.91126251220703
D561H:I565L:R566T:Q575N:S578D:L583W,-12.161555290222168
D561H:I565N,-11.780025482177734
D561H:I565P:V571Y:L583N,-19.999452590942383
D561H:I565T:R566G:T567G:S578E,-14.350500106811523
D561H:I565V:R566C:S578W,-10.849397659301758
D561H:I565V:R566G,-9.10999870300293
D561H:I565Y:N569P,-23.949920654296875
D561H:L583E,-2.8525471687316895
D561H:N569C,-12.288333892822266
D561H:N569D,-10.283514976501465
D561H:N587P,-4.700911998748779
D561H:Q575C,-5.810894966125488
D561H:Q575C:G586E,-7.312928199768066
D561H:Q575N:T581N,-6.074034690856934
D561H:Q575S,-6.516961097717285
D561H:Q575V:S578D:R588A,-2.597907066345215
D561H:R566A:T573S,-10.414339065551758
D561H:R566E:L583T:R588T,-10.182289123535156
D561H:R566E:T567Y:T568K:A572Q,-32.83641052246094
D561H:R566E:T567Y:T568K:A572Q:E574N,-36.72584915161133
D561H:R566E:T568K,-19.50985336303711
D561H:R566E:T568K:A572Q,-26.143362045288086
D561H:R566N:A572G:S578E:G586D,-11.254974365234375
D561H:R566S,-6.581521034240723
D561H:R566S:G586L,-10.072341918945312
D561H:R566V:T567G:T573V:L583Q:N587T,-19.346229553222656
D561H:R566Y,-8.961158752441406
D561H:R588F,-3.6238951683044434
D561H:R588N,-2.1910581588745117
D561H:S578D:R588Q,-1.1969633102416992
D561H:S578F,-5.637598037719727
D561H:T567C,-5.432229995727539
D561H:T567F,-11.209156036376953
D561H:T567G:S578E:L583E:N587T:R588F,-8.793375968933105
D561H:T567P:A572C:L583D:R588N,-6.248720645904541
D561H:T567S:Q575I:S578G,-9.323987007141113
D561H:T568K,-14.129556655883789
D561H:T568M,-12.976202964782715
D561H:T568S,-9.972442626953125
D561H:T568V:T581Y,-12.321512222290039
D561H:T573H,-7.941948890686035
D561H:T573S:S578V:L583D,-8.64444351196289
D561H:T581A:R588F,-6.160860061645508
D561H:T581N,-6.114901542663574
D561H:V571D:L583P:R588T,-7.923287391662598
D561H:Y576F,-6.882498741149902
D561I:A572F,-11.758054733276367
D561I:A572G,-8.280811309814453
D561I:A572S,-7.949882507324219
D561I:A572S:Q575N,-7.909015655517578
D561I:E562F:T581Y:R588F,-15.025211334228516
D561I:E562Q:I565E:T567F,-26.202571868896484
D561I:E562R:S578W,-13.49432373046875
D561I:E563H,-9.957117080688477
D561I:E574P,-11.295141220092773
D561I:E574S,-9.1619873046875
D561I:E574W,-9.588899612426758
D561I:G586D,-5.876771926879883
D561I:G586L,-8.521210670471191
D561I:I565C:R566H:T568N:N569Q,-30.96004295349121
D561I:I565T:T568I:T581K:G586W,-30.21004867553711
D561I:N569S,-11.295941352844238
D561I:Q575P,-9.105219841003418
D561I:R566P:V571Y:T573K:S578T,-27.31790542602539
D561I:T568G:L583D,-11.305282592773438
D561I:T568I,-11.368268966674805
D561I:T573S,-8.333272933959961
D561I:T581H,-9.529340744018555
D561I:V571F:T573W,-15.22498607635498
D561I:V571P,-11.679821014404297
D561I:V571R,-12.407529830932617
D561I:V571Y,-9.845224380493164
D561I:Y576S,-10.099885940551758
D561L:A572Q,-11.475345611572266
D561L:E562D:R566A:A572G:E574Y:Y576W,-18.666597366333008
D561L:E562P,-11.307486534118652
D561L:E562R:R566E:N587T,-20.347488403320312
D561L:E562Y,-11.292840003967285
D561L:E563F:S578D,-8.540336608886719
D561L:E563T,-8.18432903289795
D561L:E574T,-9.262876510620117
D561L:G586P,-3.286477565765381
D561L:I565A,-11.577624320983887
D561L:I565S,-11.642609596252441
D561L:I565S:A572G,-14.893031120300293
D561L:I565V:V571M:Y576W:L583V,-18.05368423461914
D561L:L583I,-7.92152738571167
D561L:L583W,-9.37534236907959
D561L:N569T:S578T:L583A,-18.199819564819336
D561L:N587H,-10.336787223815918
D561L:N587Q,-8.888686180114746
D561L:Q575A,-7.131749153137207
D561L:Q575R,-10.923229217529297
D561L:R566C,-6.166099548339844
D561L:R566H:T568C:Q575R,-19.085796356201172
D561L:R566Q,-7.688135623931885
D561L:R566W,-10.7467679977417
D561L:R588A,-2.166477680206299
D561L:S578P,-9.626264572143555
D561L:T567A,-6.107495307922363
D561L:T567G:S578E:G586L:R588V,-9.551743507385254
D561L:T567Q:V571C:Y576F,-17.03090476989746
D561L:T567W,-13.60162353515625
D561L:T568N,-12.691701889038086
D561L:T573K,-11.479803085327148
D561L:T573S,-8.144720077514648
D561L:T581P,-6.320494174957275
D561L:V571Q,-10.137567520141602
D561L:Y576N,-10.407268524169922
D561M:A572W,-13.255658149719238
D561M:E562D:T568V:T581C:G586Q:N587P,-18.086181640625
D561M:E562L,-11.076359748840332
D561M:E562L:T581N:N587H,-18.281230926513672
D561M:E563D,-7.044706344604492
D561M:E563D:R566A,-9.751181602478027
D561M:E563L,-9.744921684265137
D561M:E563N,-8.073360443115234
D561M:E563N:Q575C,-9.47927474975586
D561M:E563N:Q575C:R588H,-9.416797637939453
D561M:E563N:R588A,-5.398001670837402
D561M:E563P,-9.73382568359375
D561M:E563Q,-8.947425842285156
D561M:E563Q:L583Y,-12.518259048461914
D561M:E563Q:T581F,-13.295768737792969
D561M:E563V,-8.837740898132324
D561M:E563V:A572S:Q575L:L583I,-16.96756935119629
D561M:E574V:L583D,-6.874688625335693
D561M:E574Y,-8.35784912109375
D561M:G586L,-8.368562698364258
D561M:I565V,-8.59145736694336
D561M:L583P:G586E,-8.416197776794434
D561M:L583Q,-8.087562561035156
D561M:L583Q:R588T,-5.427073955535889
D561M:N569D,-10.75627613067627
D561M:N587T,-7.945600986480713
D561M:Q575C,-6.283656120300293
D561M:Q575C:R588A,-3.6082966327667236
D561M:Q575C:R588Q,-4.912586212158203
D561M:Q575C:S578A,-8.262068748474121
D561M:Q575I,-7.877760887145996
D561M:Q575M,-7.571562767028809
D561M:Q575S,-6.98972225189209
D561M:Q575V:S578V,-10.689899444580078
D561M:Q575W,-8.00661563873291
D561M:R566A:R588N,-5.370294094085693
D561M:R566E:T567G:T581F,-18.167896270751953
D561M:R566G:E574M:Y576H:T581V,-15.78439712524414
D561M:R566K,-7.26111364364624
D561M:R566T:T581Y:L583Q,-14.77469253540039
D561M:R566V:A572S:Y576T:T581Y:G586E,-21.44634246826172
D561M:R566V:S578E,-7.153891563415527
D561M:R588A,-2.2023825645446777
D561M:R588F,-4.096656322479248
D561M:R588H,-4.815264701843262
D561M:R588T,-2.2172532081604004
D561M:S578D,-3.0407938957214355
D561M:S578K,-12.641622543334961
D561M:S578W,-6.284180641174316
D561M:T567A,-6.143400192260742
D561M:T567C,-5.904991149902344
D561M:T567G,-8.439255714416504
D561M:T568S,-10.44520378112793
D561M:T568V,-8.999946594238281
D561M:T568V:S578W,-10.40638542175293
D561M:T581Q,-8.7596435546875
D561M:V571C:A572G:G586L:R588Q,-13.808636665344238
D561M:V571T,-5.329843044281006
D561M:Y576H,-7.108232498168945
D561M:Y576P,-13.247170448303223
D561N:A572C:T573S:Q575G:G586L:N587T,-15.121889114379883
D561N:A572R,-8.078205108642578
D561N:A572S,-2.5102498531341553
D561N:E562D,-1.768789291381836
D561N:E562D:E563A:R566A:T567A:T581N:N587T,-13.174939155578613
D561N:E562D:E563A:T567A:N587T,-8.758543014526367
D561N:E562D:E563A:T567A:T581N:N587T,-10.468464851379395
D561N:E562D:E563M:Q575N,-6.809978008270264
D561N:E562D:E563M:Q575N:Y576F,-9.287496566772461
D561N:E562D:E563Q,-5.838473796844482
D561N:E562D:E563Q:I565V:S578C:T581N,-12.463292121887207
D561N:E562D:E563S:I565V:T567A:T568V:Q575I:S578V:G586L,-23.40692138671875
D561N:E562D:I565L:R566V:Q575C,-7.56639289855957
D561N:E562D:I565T:T573S:S578W:L583F,-15.541266441345215
D561N:E562D:I565V:R566A:T567Q:T568V,-18.462013244628906
D561N:E562D:I565V:T567A:Q575I:S578V:G586L,-16.345928192138672
D561N:E562D:I565V:T567A:T568V:Q575I:S578V:G586L,-20.46813201904297
D561N:E562D:N587T,-4.836648464202881
D561N:E562D:Q575I:S578V:G586L,-11.36655330657959
D561N:E562D:Q575N,-1.7279224395751953
D561N:E562D:S578C,-2.969970703125
D561N:E562D:T567A:N587T,-6.102306365966797
D561N:E562D:T567A:Q575I:S578V:G586L,-12.63221263885498
D561N:E562P,-6.056406497955322
D561N:E563C:Q575L:S578C:L583D,-4.526706695556641
D561N:E563N,-2.7863757610321045
D561N:E563N:I565V:T567A,-7.765749931335449
D561N:E563N:R566S:T581N:G586P,-5.117478370666504
D561N:E563N:T573C:E574S:Y576W,-12.040155410766602
D561N:E563Q:A572S:Q575I:S578A,-11.558366775512695
D561N:E563Q:Q575I:S578C,-7.861641883850098
D561N:E563Q:R566A:Q575T:S578W:R588Q,-9.16567325592041
D561N:E563S,-2.5295472145080566
D561N:E563S:T567C:A572C:S578G:G586L,-11.81474494934082
D561N:E563S:T568V,-6.651752471923828
D561N:E563V,-3.5507559776306152
D561N:G586D,-0.437139093875885
D561N:I565C:T573S:T581A:L583I:R588C,-15.128512382507324
D561N:I565L:Q575I:T581N:G586P:N587T,-8.02127742767334
D561N:I565L:T567G:Y576R:G586W,-20.10953140258789
D561N:I565V,-3.3044724464416504
D561N:I565V:Q575I:S578C,-7.505672931671143
D561N:I565V:Q575T:N587T,-9.135719299316406
D561N:I565V:R566A:R588Q,-4.639877796173096
D561N:I565V:T567A,-4.570130825042725
D561N:I565V:T567A:Q575H:S578N:T581N,-11.972533226013184
D561N:L583D,2.579586982727051
D561N:N587Y,-4.822057723999023
D561N:Q575I:S578V:G586L,-9.188520431518555
D561N:Q575N,0.45010989904403687
D561N:Q575P,-3.6655869483947754
D561N:Q575S:R588C,-2.192469596862793
D561N:Q575T,-2.3541440963745117
D561N:Q575V:R588V,0.1389787197113037
D561N:R566A,-2.297231674194336
D561N:R566A:A572S:Q575I,-8.216743469238281
D561N:R566G:S578D,1.254888653755188
D561N:R566S:G586E,-3.269331216812134
D561N:R566T:T568V:Q575M:S578T:R588Q,-11.677882194519043
D561N:R566V:S578A,-3.752779006958008
D561N:R566Y:R588A,-1.4715752601623535
D561N:R588A,3.0846023559570312
D561N:R588H,0.4717201590538025
D561N:R588Q,1.7803125381469727
D561N:R588T,3.0697317123413086
D561N:S578D,2.2461910247802734
D561N:S578E,0.31670230627059937
D561N:T567A:A572C:T573S:Q575P,-11.587794303894043
D561N:T567A:Q575C:T581Y,-6.056656360626221
D561N:T567A:Q575P:N587T:R588Q,-6.628034591674805
D561N:T567A:Q575T:R588Q,-2.248732805252075
D561N:T567A:T568V:S578N:N587T,-10.80172348022461
D561N:T567A:T568V:T573S:S578A,-10.259916305541992
D561N:T567C:A572G:S578D:L583V:R588A,-2.2828075885772705
D561N:T567F,-6.394932746887207
D561N:T567G,-3.152270793914795
D561N:T567G:E574A,-7.340677261352539
D561N:T567M,-5.959776401519775
D561N:T567S,-0.0962827205657959
D561N:T567S:T568V:S578G:G586L,-9.122770309448242
D561N:T568S,-5.1582183837890625
D561N:T568V:G586L,-7.20378303527832
D561N:T568V:Q575V,-6.418195724487305
D561N:T568V:S578N,-6.46820592880249
D561N:T568V:T573S:Q575C,-8.421759605407715
D561N:T568V:T573S:S578T:N587T:R588Q,-12.462000846862793
D561N:T573C:Q575N:S578F:N587Q,-7.741814613342285
D561N:T573F:Q575S:G586E,-7.287285327911377
D561N:T573S,-2.8936400413513184
D561N:T573S:Q575M:N587T,-8.655319213867188
D561N:T573S:S578D,-1.056692123413086
D561N:T573W:Q575S,-7.530584812164307
D561N:T573Y,-3.9805541038513184
D561N:T573Y:Q575I:L583W:R588P,-7.436979293823242
D561N:T581N:R588Q,0.07039141654968262
D561N:V571C,-3.1514787673950195
D561N:V571C:Q575V,-5.856712341308594
D561N:V571D,-3.7331295013427734
D561N:V571D:T581H,-8.232080459594727
D561P:A572E,-12.843809127807617
D561P:E562G,-10.785633087158203
D561P:E563N:S578G,-10.54168701171875
D561P:E574H,-10.576057434082031
D561P:E574V,-10.099897384643555
D561P:G586A,-8.587727546691895
D561P:I565Q:T568K:A572R:S578W:R588C,-33.70061492919922
D561P:I565R:T568H:E574F:R588V,-26.245798110961914
D561P:I565S:N569G,-21.654033660888672
D561P:I565Y,-14.111775398254395
D561P:L583S,-8.967412948608398
D561P:N569C,-13.815959930419922
D561P:N569L:T573H,-18.02752113342285
D561P:N587F,-11.375246047973633
D561P:S578G,-7.346068382263184
D561P:S578Q,-10.127012252807617
D561P:T567P,-8.806946754455566
D561P:T567P:E574L,-12.873929977416992
D561P:T568C,-10.750717163085938
D561P:T568D,-15.089863777160645
D561P:T573F,-10.015121459960938
D561P:T581V,-9.299236297607422
D561P:V571D,-10.074979782104492
D561P:V571P,-12.582037925720215
D561P:V571Q,-11.228337287902832
D561Q:A572C:Q575C:R588F,-7.780689239501953
D561Q:A572C:R588A,-4.480501174926758
D561Q:A572S,-6.721687316894531
D561Q:A572S:S578E,-6.814228057861328
D561Q:A572Y,-10.568371772766113
D561Q:E562A:T568G:N569Q:E574W:L583R,-37.14134216308594
D561Q:E562D:R566Y:S578Y,-12.604050636291504
D561Q:E562D:T567Q:S578E,-12.223594665527344
D561Q:E562D:T581N,-7.690147876739502
D561Q:E562Q,-9.241653442382812
D561Q:E562R,-10.859689712524414
D561Q:E563A:R566A:T573S:N587P,-12.76371955871582
D561Q:E563C:T568C:N569D:T573P,-24.017616271972656
D561Q:E563D:R566C:V571T:T581A:L583P,-12.318910598754883
D561Q:E563D:R566V:Q575E:G586E,-14.152050018310547
D561Q:E563D:R588H,-5.906682014465332
D561Q:E563D:T567A:T568V:V571C:Q575L,-17.048389434814453
D561Q:E563F,-9.337641716003418
D561Q:E563G:R566T:T581C,-11.245469093322754
D561Q:E563G:T567A:S578D:T581A:L583D,-5.344225883483887
D561Q:E563G:T567C:S578Q:L583P:R588T,-10.14648151397705
D561Q:E563G:Y576F:S578T,-11.775777816772461
D561Q:E563H:G586E,-10.230955123901367
D561Q:E563I:S578V:R588A,-9.334245681762695
D561Q:E563N,-6.9978132247924805
D561Q:E563N:Q575C,-8.403727531433105
D561Q:E563N:Q575C:R588T,-5.74323844909668
D561Q:E563N:Q575C:S578D,-6.566779136657715
D561Q:E563N:R566A,-9.7042875289917
D561Q:E563N:S578V,-10.104737281799316
D561Q:E563Q:L583W:N587T:R588F,-14.692157745361328
D561Q:E563Q:Q575C:R588F,-8.49670696258545
D561Q:E563Q:Q575C:R588H,-9.215315818786621
D561Q:E563Q:Q575T,-10.635265350341797
D561Q:E563Q:R566A,-10.578353881835938
D561Q:E563Q:R566A:Q575V:S578E,-13.376128196716309
D561Q:E563Q:R566C:S578G,-10.609602928161621
D561Q:E563Q:R566S:S578W,-11.454858779907227
D561Q:E563Q:R566V,-10.055488586425781
D561Q:E563Q:R566W:V571F:T573A:L583V,-24.583446502685547
D561Q:E563Q:R588N,-5.657956123352051
D561Q:E563Q:S578D,-6.034931182861328
D561Q:E563Q:S578V,-10.978803634643555
D561Q:E563S,-6.740984916687012
D561Q:E563S:T568V,-10.863189697265625
D561Q:E563S:T568V:T581C,-13.666962623596191
D561Q:E563T:A572S:N587P,-10.36011028289795
D561Q:E563T:I565L:R566V:Q575I:L583I,-17.616085052490234
D561Q:E563T:S578V,-10.25161075592041
D561Q:E563T:T567A:S578V,-11.517269134521484
D561Q:E563V:N587T,-10.830052375793457
D561Q:E563V:Q575N:S578D:N587Q,-9.931228637695312
D561Q:E563V:R566T:T567C:Q575I:R588N,-12.468341827392578
D561Q:E563W:S578H,-14.67457103729248
D561Q:E574V,-7.969485282897949
D561Q:G586E,-5.304227828979492
D561Q:L583D,-1.6318504810333252
D561Q:L583F,-7.565187454223633
D561Q:N569A,-11.784164428710938
D561Q:N587Q:R588A,-5.173684120178223
D561Q:N587R,-11.734536170959473
D561Q:Q575C,-5.208108425140381
D561Q:Q575C:R588Q,-3.837038993835449
D561Q:Q575C:S578V,-8.315032958984375
D561Q:Q575G,-6.118097305297852
D561Q:Q575L,-5.932839393615723
D561Q:Q575M,-6.4960150718688965
D561Q:Q575N:S578N:R588T,-3.8560826778411865
D561Q:Q575V,-6.507428169250488
D561Q:R566A,-6.508668899536133
D561Q:R566A:Q575C,-7.914583206176758
D561Q:R566A:T567Q:A572S:Q575V,-18.284223556518555
D561Q:R566A:T567Q:T568V,-16.781702041625977
D561Q:R566A:T568V:A572S:S578E,-13.642908096313477
D561Q:R566C:R588F,-4.345371246337891
D561Q:R566C:T567Q,-11.277284622192383
D561Q:R566N,-6.462843894958496
D561Q:R566S,-5.978734970092773
D561Q:R566S:V571T:L583P,-8.46725845336914
D561Q:R566T:Y576W,-8.904722213745117
D561Q:R566V,-5.985803604125977
D561Q:R566V:T567Q,-12.13663101196289
D561Q:R566V:T567Q:T568V:S578E,-16.351377487182617
D561Q:R588A,-1.1268351078033447
D561Q:R588F,-3.021108865737915
D561Q:S578D,-1.9652464389801025
D561Q:S578V,-6.90911865234375
D561Q:S578V:L583S:G586E,-11.445959091186523
D561Q:T567A:A572C:Q575V,-11.126752853393555
D561Q:T567A:T568V:A572S:Q575V:S578E,-14.907325744628906
D561Q:T567C:T568V:R588F,-8.170562744140625
D561Q:T567G:A572C,-10.717374801635742
D561Q:T567N,-8.777653694152832
D561Q:T567P:E574D,-7.699455738067627
D561Q:T567Q,-9.953022003173828
D561Q:T567Q:L583C:G586E:R588K,-18.094924926757812
D561Q:T567Q:Y576F:G586E,-13.932574272155762
D561Q:T567R:Q575L,-12.863919258117676
D561Q:T567S:A572S,-7.227212905883789
D561Q:T568V,-7.924399375915527
D561Q:T568V:A572S,-10.843893051147461
D561Q:T568V:A572S:Q575N:S578W:T581C,-15.013236999511719
D561Q:T568V:A572S:S578E:G586L,-14.427253723144531
D561Q:T573A:G586E,-8.817428588867188
D561Q:T581N,-5.512115478515625
D561Q:V571C:E574S:Y576W,-13.704238891601562
D561Q:V571T:L583E,-2.701862096786499
D561Q:Y576R,-12.213027954101562
D561R:A572S,-8.267141342163086
D561R:A572V,-10.654565811157227
D561R:E562D:E563G:I565T:L583V:N587V,-21.165124893188477
D561R:E562D:E563G:T567A:Q575N:S578G,-11.910633087158203
D561R:E562D:E563Q:S578T:R588A,-12.66937255859375
D561R:E562D:E563Q:T568V:Y576F:G586L,-21.685909271240234
D561R:E562D:S578N,-10.280923843383789
D561R:E563C,-9.122116088867188
D561R:E563D:V571C,-11.075335502624512
D561R:E563G:R566K:T567Q:Q575G:Y576F:S578F,-21.654586791992188
D561R:E563G:R566K:T567Q:Q575G:Y576F:S578F:G586Q,-25.463085174560547
D561R:E563G:R566K:T567Q:Q575G:Y576F:S578F:G586Q:N587Q:R588A,-26.834575653076172
D561R:E563G:R566K:T567Q:Q575G:Y576F:S578F:G586Q:R588A,-22.7877254486084
D561R:E563G:R566K:T567Q:T573Y:Q575G:Y576F:S578F:G586Q:N587Q:R588A,-31.22437286376953
D561R:E563G:T567Q:Q575G:Y576F,-18.038597106933594
D561R:E563G:T567Q:Q575G:Y576F:S578F,-19.27121353149414
D561R:E563G:T568V:A572S:T573S:G586L,-20.929750442504883
D561R:E563I:T567S:T568V:Q575N:S578E:T581C,-17.931312561035156
D561R:E563I:T567S:T568V:S578E,-15.168405532836914
D561R:E563L:R566V,-12.3984375
D561R:E563N:I565V:A572C:R588Q,-14.239580154418945
D561R:E563N:R566T:T567S:Q575C:S578E,-13.440051078796387
D561R:E563Q:R566V:Q575L:S578W,-15.138026237487793
D561R:E563Q:T568V,-13.539539337158203
D561R:E563Q:T573C:Q575I,-15.32981014251709
D561R:E563S:R566S:A572C:S578W:G586L,-18.713905334472656
D561R:E563T,-8.690140724182129
D561R:E563T:I565V:T581C:N587Q,-19.254478454589844
D561R:E563V,-9.307647705078125
D561R:E574F,-8.836180686950684
D561R:G586Q,-9.156147956848145
D561R:G586R,-12.567974090576172
D561R:I565C,-11.476133346557617
D561R:I565V:A572S:S578T,-15.730222702026367
D561R:N587R,-13.279991149902344
D561R:Q575C,-6.753562927246094
D561R:Q575F,-8.07178020477295
D561R:Q575M:R588Q,-6.6703996658325195
D561R:R566A:Q575W,-11.18299674987793
D561R:R566A:V571C:T581C,-14.418617248535156
D561R:R566D,-10.971909523010254
D561R:R566G:T568I:A572Q:G586Q,-23.118839263916016
D561R:R588A,-2.6722893714904785
D561R:S578K,-13.111528396606445
D561R:S578M,-9.661492347717285
D561R:S578V:G586L,-11.945393562316895
D561R:T567A:S578A,-8.591719627380371
D561R:T567A:T573S:T581N:L583D,-9.455766677856445
D561R:T567C:V571T:Q575L,-8.957643508911133
D561R:T567Q:S578E:L583W,-16.124523162841797
D561R:T567S:E574M:L583W:G586P,-13.149553298950195
D561R:T567S:S578E,-5.945714950561523
D561R:T567S:T568V:S578E,-10.067920684814453
D561R:T567W,-14.10743522644043
D561R:T568Y,-14.666536331176758
D561R:T573N,-8.452274322509766
D561R:T581Y,-9.141975402832031
D561R:V571C,-8.908370971679688
D561R:V571C:A572C:T573S:N587P,-15.860851287841797
D561R:V571C:L583W,-13.441875457763672
D561S:A572C,-5.819047927856445
D561S:A572C:T573S,-9.121931076049805
D561S:A572D,-8.032251358032227
D561S:A572E,-9.37658405303955
D561S:A572S:Q575C:T581N:L583D,-6.330366134643555
D561S:E562A,-7.168904781341553
D561S:E562D:Q575M,-7.337234973907471
D561S:E562D:S578D,-2.8064661026000977
D561S:E562L:R566C:A572L:S578D:G586E,-16.03384017944336
D561S:E562Y:R566Y:T581N,-15.182483673095703
D561S:E563D,-4.632346153259277
D561S:E563D:R566A:Q575C:Y576F:L583W,-15.755758285522461
D561S:E563D:R566S:Q575C:L583W,-12.748306274414062
D561S:E563F:Q575I:Y576F:R588A,-10.803007125854492
D561S:E563G:L583Y,-7.782914161682129
D561S:E563G:R566Y:T567A:S578G:R588Q,-10.076309204101562
D561S:E563N,-5.6610002517700195
D561S:E563N:I565T:R566A:T567S:T568V:T573Y:G586P:R588F,-20.34872055053711
D561S:E563N:I565T:R566A:T567S:T568V:T573Y:Q575M:G586P:R588F,-23.04254150390625
D561S:E563N:R566A,-8.367475509643555
D561S:E563N:R566A:G586P,-6.812115669250488
D561S:E563N:R566A:G586P:R588F,-6.031030654907227
D561S:E563N:R566A:T567S:T568V:T573Y:G586P:R588F,-15.048559188842773
D561S:E563N:R566A:T567S:T573Y:G586P:R588F,-10.926353454589844
D561S:E563N:R566A:T573Y:G586P:R588F,-10.420827865600586
D561S:E563N:R566Y:T567Q:Q575T,-19.131393432617188
D561S:E563N:S578W:N587Q:R588A,-8.438929557800293
D561S:E563Q:T567S:T573S:S578C,-11.544656753540039
D561S:E563S,-5.404171943664551
D561S:E563S:Q575M,-8.097992897033691
D561S:E563S:S578E:T581N,-7.206633567810059
D561S:E563V,-6.425380706787109
D561S:E563V:L583E,-4.8729472160339355
D561S:E563V:R566A:L583E,-7.5794219970703125
D561S:E563V:R566A:Q575M:Y576F:S578G,-15.716655731201172
D561S:E563V:R566A:T567C,-10.159104347229004
D561S:E563V:R566A:V571T:Y576F:N587T,-15.129334449768066
D561S:E563V:R566T:Q575L,-11.44882869720459
D561S:E563V:R566V:L583E,-7.056556224822998
D561S:E563V:R588F,-5.6442952156066895
D561S:E563V:S578E:L583P,-8.554344177246094
D561S:E563V:S578E:R588F,-5.736835956573486
D561S:E563V:T567A:L583E:R588F,-5.35752010345459
D561S:E563V:T567C,-7.452630043029785
D561S:E563V:V571T,-6.877481460571289
D561S:E563V:V571T:Y576F,-9.354999542236328
D561S:E563V:Y576F:L583E:N587T,-10.418325424194336
D561S:E574M:Y576W,-8.993338584899902
D561S:G586Q:N587T,-9.341740608215332
D561S:I565L,-4.673462390899658
D561S:I565L:Q575L:S578V:G586P,-8.355671882629395
D561S:I565Q,-10.125194549560547
D561S:L583D,-0.29503774642944336
D561S:L583E,-0.9129482507705688
D561S:L583E:N587T,-3.980807304382324
D561S:L583E:R588P,3.164151191711426
D561S:L583P,-4.501803874969482
D561S:L583P:N587T,-7.569663047790527
D561S:L583P:N587T:R588V,-5.134693622589111
D561S:L583Q,-5.675202369689941
D561S:N587R,-10.397724151611328
D561S:N587T,-5.533240795135498
D561S:N587T:R588F,-4.752155303955078
D561S:N587T:R588N,-3.3193182945251465
D561S:Q575C,-3.871295690536499
D561S:Q575C:L583W,-8.404801368713379
D561S:Q575C:R588N,-1.6573731899261475
D561S:Q575C:R588Y,-2.861781358718872
D561S:Q575C:S578G:L583E,-3.73232364654541
D561S:Q575C:S578G:L583E:R588F,-2.9512381553649902
D561S:Q575C:S578N,-6.62653923034668
D561S:Q575G,-4.781284332275391
D561S:Q575I,-5.465400695800781
D561S:Q575I:Y576F,-7.94291877746582
D561S:Q575I:Y576F:L583W:N587T,-15.544283866882324
D561S:Q575L:R588F,-3.814941167831421
D561S:Q575L:S578W,-6.002465724945068
D561S:Q575M,-5.159202575683594
D561S:Q575M:N587T,-8.22706127166748
D561S:Q575T,-5.228768825531006
D561S:Q575W:Y576W,-7.803979873657227
D561S:R566A,-5.17185640335083
D561S:R566A:E574F:L583E,-7.107954978942871
D561S:R566A:Q575C:S578V:N587T:R588F,-11.971467971801758
D561S:R566A:Q575L,-7.302501201629639
D561S:R566A:R588F,-4.39077091217041
D561S:R566A:T567A:Q575M:R588F,-8.350250244140625
D561S:R566A:T567A:R588F,-5.656429290771484
D561S:R566A:T567A:V571T,-6.889615535736084
D561S:R566A:T567A:Y576F,-8.915033340454102
D561S:R566A:V571T,-5.623957633972168
D561S:R566A:V571T:L583P:R588Q,-6.289310455322266
D561S:R566A:V571T:Q575M:L583E,-6.765344619750977
D561S:R566A:Y576F,-7.649374485015869
D561S:R566C:Q575L:S578D,-4.083341598510742
D561S:R566C:S578E:L583E,-2.329751491546631
D561S:R566C:T567A:N587T,-8.123161315917969
D561S:R566S:L583W,-9.175427436828613
D561S:R566V:Q575I:L583Q:R588Q,-9.487760543823242
D561S:R566W:T567A:R588F,-8.85488510131836
D561S:R566Y,-7.021559238433838
D561S:R566Y:T567A:Q575C,-9.693131446838379
D561S:R588C,-2.9551138877868652
D561S:R588F,-1.6842961311340332
D561S:R588H,-2.402904510498047
D561S:R588Q,-1.0943121910095215
D561S:R588V,-0.03041219711303711
D561S:S578C,-3.666563034057617
D561S:S578D:L583E,0.9239996671676636
D561S:S578E,-2.55792236328125
D561S:S578E:L583E:R588H,-0.9430118799209595
D561S:S578E:T581Y:L583H,-10.539369583129883
D561S:S578G,-3.878843069076538
D561S:S578M,-6.7792253494262695
D561S:S578N,-5.220625400543213
D561S:S578T:N587P:R588Q,-5.139609336853027
D561S:S578V,-5.572305679321289
D561S:T567A,-3.7310397624969482
D561S:T567A:Q575L:L583E,-4.309251308441162
D561S:T567A:Q575L:L583E:R588F,-3.528165817260742
D561S:T567A:Q575L:S578T:N587T:R588N,-10.464986801147461
D561S:T567A:Q575M:Y576F:G586E:R588F,-9.623327255249023
D561S:T567A:Q575M:Y576F:S578G,-10.315839767456055
D561S:T567A:R588F,-2.9499542713165283
D561S:T567A:R588Q,-2.3599703311920166
D561S:T567A:T581A,-6.26800537109375
D561S:T567A:V571A:T581V:L583P,-12.726776123046875
D561S:T567A:V571T:R588F,-3.402055263519287
D561S:T567A:Y576F,-6.208558082580566
D561S:T567A:Y576F:N587T,-9.27641773223877
D561S:T567C,-3.49263072013855
D561S:T567C:Q575C:L583V:R588H,-7.762755393981934
D561S:T567C:V571A:Q575L:L583D,-7.045616149902344
D561S:T567C:V571E:Q575T:T581V:R588N,-12.408468246459961
D561S:T567C:V571T:A572G:S578V,-10.302077293395996
D561S:T567G,-6.026895523071289
D561S:T567N:T568S:E574W:G586D,-18.413192749023438
D561S:T567P,-5.3397216796875
D561S:T567P:A572C,-8.693387985229492
D561S:T567P:A572S:G586L,-11.750036239624023
D561S:T567P:L583D,-3.1693778038024902
D561S:T567Q:G586F,-13.519654273986816
D561S:T567S:Q575V:N587T:R588Y,-7.7344865798950195
D561S:T568V,-6.587586879730225
D561S:T568V:V571C:A572S,-13.067802429199219
D561S:T568W,-13.572639465332031
D561S:T573S,-5.7682647705078125
D561S:T573S:S578A,-7.746677875518799
D561S:T573Y:Q575L:Y576F:L583E,-9.910908699035645
D561S:T581A:L583V:R588P,-3.851935386657715
D561S:T581V:R588Q,-4.460941791534424
D561S:V571A:A572C:Q575T:L583G,-15.445867538452148
D561S:V571A:Q575I:Y576F:S578D,-9.698655128479004
D561S:V571A:Q575T:L583E:N587T:R588Q,-8.96580982208252
D561S:V571A:S578C:T581A:N587T,-12.8640718460083
D561S:V571E:Q575C:L583P:R588Q,-9.536391258239746
D561S:V571E:Q575L:R588F,-8.81468391418457
D561S:V571E:R588V,-5.030155181884766
D561S:V571F,-6.832130432128906
D561S:V571F:Q575N,-6.791263580322266
D561S:V571T,-2.917482614517212
D561S:V571T:L583E,-1.3650493621826172
D561S:V571T:L583E:N587T,-4.432908535003662
D561S:V571T:L583E:R588Q,0.006020307540893555
D561S:V571T:L583P,-4.95390510559082
D561S:V571T:L583P:R588F,-4.172819137573242
D561S:V571T:N587T,-5.985342025756836
D561S:V571T:Q575L:R588Q,-3.677058219909668
D561S:V571T:Q575L:S578G:L583P:R588A,-5.8226518630981445
D561S:V571T:S578E,-3.010023355484009
D561S:V571T:S578G,-4.330944061279297
D561S:V571T:T573H:S578E,-6.546991348266602
D561S:V571T:Y576F,-5.39500093460083
D561S:V571T:Y576F:L583P,-7.431423187255859
D561S:V571T:Y576F:L583P:N587T:R588V,-8.064312934875488
D561S:V571T:Y576F:L583W:R588F,-9.147420883178711
D561S:V571T:Y576F:S578G:N587T,-9.876321792602539
D561S:V571Y:Y576W:L583E,-7.937507629394531
D561S:Y576E,-9.776322364807129
D561S:Y576F,-4.942899703979492
D561S:Y576F:L583E:N587T:R588N,-4.24440336227417
D561S:Y576F:L583P,-6.97932243347168
D561S:Y576F:L583P:N587T:R588A,-7.371822357177734
D561S:Y576F:L583P:N587T:R588N,-7.833258628845215
D561S:Y576F:L583P:R588N,-4.76539945602417
D561S:Y576F:L583W,-9.476405143737793
D561S:Y576F:L583W:R588Q,-8.105335235595703
D561S:Y576F:N587T,-8.010759353637695
D561S:Y576F:N587T:R588H,-7.948281764984131
D561S:Y576F:S578G,-6.356361389160156
D561S:Y576W,-4.675106048583984
D561T:E562R:R566C:Y576C:S578A:R588C,-17.985767364501953
D561T:E563F,-8.997842788696289
D561T:E563L,-8.329575538635254
D561T:E563S,-6.401185989379883
D561T:E574M,-7.780628204345703
D561T:E574Q,-8.308356285095215
D561T:G586T,-6.548253536224365
D561T:I565R,-12.69824504852295
D561T:I565S,-10.263168334960938
D561T:L583W,-7.995901107788086
D561T:N569H,-11.634024620056152
D561T:N569I,-11.685853004455566
D561T:N569I:A572V,-16.99277114868164
D561T:Q575N,-3.4215285778045654
D561T:R566G,-4.453697681427002
D561T:R566S:Q575K,-11.441011428833008
D561T:T567C:S578E,-4.5821852684021
D561T:T567W,-12.222182273864746
D561T:T568P,-12.298190116882324
D561T:T568P:V571Y,-17.113025665283203
D561T:T568Y,-12.781283378601074
D561T:V571T,-3.914496421813965
D561V:A572C:Q575M:S578N:R588Q,-11.546638488769531
D561V:A572S:N587T,-10.102330207824707
D561V:E562A,-8.818500518798828
D561V:E562D:E563Q:R566A:T567C:S578V,-17.20334243774414
D561V:E562D:Q575C,-7.698924541473389
D561V:E562D:R566A:A572C:Q575I:S578A,-17.33158302307129
D561V:E562D:T568E:V571K:G586T,-26.01028823852539
D561V:E562D:T568V:Q575L:S578C,-13.747041702270508
D561V:E562D:T573S:Q575N:G586L:R588Q,-11.67477798461914
D561V:E562Q,-9.554436683654785
D561V:E562R,-11.172472953796387
D561V:E563A:R566A:T567Q:Q575H:S578G,-19.979215621948242
D561V:E563D:T567C:T573S:S578G,-12.02553653717041
D561V:E563G:I565L:T573S:Y576F:S578C,-15.051340103149414
D561V:E563G:T567A:Q575C:N587T,-11.60110855102539
D561V:E563G:T567A:Q575L:S578N:T581N,-13.723145484924316
D561V:E563N:S578C,-8.511777877807617
D561V:E563N:V571D:Q575I:S578C:G586L,-19.144990921020508
D561V:E563Q:I565V:T567C:Q575N:T581N,-14.594681739807129
D561V:E563Q:R566A,-10.89113712310791
D561V:E563Q:R566A:Q575I:S578W,-15.29759407043457
D561V:E563Q:R566A:Q575M:S578W,-14.991395950317383
D561V:E563Q:R566A:S578V,-13.99806022644043
D561V:E563Q:R566V:T567C:A572S,-14.31501293182373
D561V:E563Q:R566V:T573S,-13.671154022216797
D561V:E563Q:T568V,-12.306867599487305
D561V:E563Q:T573S:R588Q,-10.116476058959961
D561V:E563S:I565V:R566S:T573S:S578A,-18.225318908691406
D561V:E563S:I565V:S578C:N587T,-15.036524772644043
D561V:E563S:I565V:T573S,-14.070366859436035
D561V:E563S:T567A:S578A,-10.297839164733887
D561V:E563V,-8.074976921081543
D561V:E563V:A572S:Q575M:T581N:R588Q,-14.027141571044922
D561V:E563V:S578D:T581Y,-10.032356262207031
D561V:E563V:S578E,-8.16751766204834
D561V:E563V:S578T:N587A,-14.944869041442871
D561V:E563Y,-9.393546104431152
D561V:E574Q:T581H,-13.45988941192627
D561V:G586P:R588P,1.5174808502197266
D561V:I565L:A572S:N587T,-12.31041145324707
D561V:I565L:R566G:V571Y:T573V:Q575C,-16.453556060791016
D561V:I565L:Y576F:T581Y,-12.594903945922852
D561V:I565R,-13.35082721710205
D561V:I565T:V571C:A572C:Q575M:S578N:R588Q,-20.40752410888672
D561V:I565T:V571C:A572C:Q575M:Y576W:S578N:R588Q,-22.61724853515625
D561V:I565V,-7.828693389892578
D561V:I565V:T567C:T568V:A572S:T573S:Q575W:Y576F:G586L:N587P,-28.59366798400879
D561V:I565V:T567C:T568V:A572S:T573S:Q575W:Y576F:S578G:G586L:N587P,-30.007129669189453
D561V:I565V:T567C:T568V:T573S:Q575W:Y576F:G586L:N587P,-25.674175262451172
D561V:I565V:T567C:T573S:Q575W:Y576F:G586L:N587P,-21.551971435546875
D561V:I565V:T573S:G586L:N587P,-14.918328285217285
D561V:I565V:T573S:Q575W:Y576F:G586L:N587P,-20.524721145629883
D561V:I565V:T573S:Y576F:G586L:N587P,-17.39584732055664
D561V:I565V:T581N,-9.538614273071289
D561V:N569G,-13.035632133483887
D561V:N587P,-4.410909175872803
D561V:N587T:R588Q,-5.811767578125
D561V:Q575D,-8.236554145812988
D561V:Q575H:S578T:N587T,-13.869441032409668
D561V:Q575H:Y576F,-9.529733657836914
D561V:Q575I,-7.114996910095215
D561V:Q575I:S578Q:N587T,-14.3772611618042
D561V:Q575M:S578N:R588Q,-8.192973136901855
D561V:Q575N:G586L:R588Q,-6.1938629150390625
D561V:Q575V,-6.820211410522461
D561V:R566A:Q575M,-9.515274047851562
D561V:R566N:G586Q:R588A,-7.9087677001953125
D561V:R566T:T573S:Q575N:N587P:R588Q,-9.194659233093262
D561V:R566V:T567C:T568V:N587T,-14.515899658203125
D561V:R566V:T568V:T573S:Q575T:S578G,-17.900524139404297
D561V:R588Q,-2.743908405303955
D561V:S578N:G586L,-10.361042022705078
D561V:S578V,-7.221901893615723
D561V:T567A,-5.380636215209961
D561V:T567C:S578W,-6.548666000366211
D561V:T567C:T581N:N587T:R588Q,-8.548937797546387
D561V:T567P,-6.989317893981934
D561V:T567Q:S578T,-14.01517105102539
D561V:T567S:A572C,-7.974169731140137
D561V:T567S:E574D:R588C,-6.133156776428223
D561V:T568D,-13.272234916687012
D561V:T568V,-8.2371826171875
D561V:T568V:S578C:T581N:N587T,-14.216144561767578
D561V:T568V:T573Y:E574L,-16.6939640045166
D561V:T568W,-15.222235679626465
D561V:T573F,-8.197492599487305
D561V:T573K,-10.752943992614746
D561V:T573S,-7.417860984802246
D561V:T573S:G586L:N587P,-11.20461368560791
D561V:T573S:N587P,-7.713792324066162
D561V:T573S:N587T:R588Q,-9.11465072631836
D561V:T581H:R588P,-4.536829471588135
D561V:V571C,-7.675699710845947
D561V:V571C:A572C:Q575M:S578N:R588Q,-15.10736083984375
D561V:V571C:Y576W,-9.88542366027832
D561V:V571D:G586P:R588P,-2.624892234802246
D561V:V571F,-8.48172664642334
D561W:A572E,-13.783774375915527
D561W:E562I,-12.784740447998047
D561W:E563D,-9.039536476135254
D561W:E563P,-11.728655815124512
D561W:E574A,-11.060977935791016
D561W:G586I,-10.727869033813477
D561W:G586L,-10.36339282989502
D561W:I565V,-10.586287498474121
D561W:L583I,-9.952262878417969
D561W:L583T,-9.930070877075195
D561W:R566N,-9.533221244812012
D561W:R566Y,-11.428749084472656
D561W:R566Y:S578C:T581A,-15.166895866394043
D561W:S578A,-8.850984573364258
D561W:S578H,-10.692285537719727
D561W:S578Y,-8.940217971801758
D561W:T567F,-13.676748275756836
D561W:T567V,-11.241239547729492
D561W:T568S,-12.440032958984375
D561W:T581V,-10.239201545715332
D561W:V571W:E574C,-16.865341186523438
D561W:Y576C,-10.546041488647461
D561Y:A572C,-8.273425102233887
D561Y:A572F,-11.647422790527344
D561Y:A572S:Q575S:L583W:G586E,-15.986771583557129
D561Y:A572W,-13.297675132751465
D561Y:E562I,-10.831927299499512
D561Y:E563G:T567F:A572S:Q575H:R588Q,-17.956295013427734
D561Y:E563H:R566V,-12.030096054077148
D561Y:E563H:T567S:V571C:Q575L:S578W,-17.449817657470703
D561Y:E563M,-10.001813888549805
D561Y:E574D,-5.942680358886719
D561Y:G586E,-6.421792507171631
D561Y:G586Q,-8.72825813293457
D561Y:G586Y,-9.744192123413086
D561Y:I565L:R566A:A572Y,-16.600492477416992
D561Y:I565V:T567Q:A572S,-17.703794479370117
D561Y:L583C,-9.763494491577148
D561Y:L583N,-7.654642105102539
D561Y:L583T,-7.977258205413818
D561Y:L583W,-9.453264236450195
D561Y:N569R,-14.875701904296875
D561Y:N569T:T581F:L583Q:R588T,-16.356929779052734
D561Y:N587C,-11.556190490722656
D561Y:N587T,-7.9876179695129395
D561Y:Q575D,-9.041335105895996
D561Y:Q575S:L583W,-11.565244674682617
D561Y:Q575S:L583W:G586E,-13.067277908325195
D561Y:R566F:L583H,-13.68472957611084
D561Y:R566P,-12.005108833312988
D561Y:R566Q:T568Y:N569D,-22.96347999572754
D561Y:R588V,-2.4847893714904785
D561Y:S578D,-3.082810878753662
D561Y:T567A,-6.185417175292969
D561Y:T567C,-5.94700813293457
D561Y:T567E,-12.017647743225098
D561Y:T567G:T568V:Q575T,-15.366865158081055
D561Y:T567G:V571C:Q575L:S578A:L583E,-14.59861946105957
D561Y:T568D,-14.07701587677002
D561Y:T568H,-14.943538665771484
D561Y:T568V,-9.041963577270508
D561Y:T568V:Q575G:S578N,-14.113109588623047
D561Y:V571C,-8.480480194091797
D561Y:V571C:T573S,-11.783363342285156
D561Y:V571M,-9.281476974487305
E562A:E563A:V571Y:L583Q,-15.384416580200195
E562A:E563T,-8.046014785766602
E562A:E563W,-11.756185531616211
E562A:E574D,-5.726444244384766
E562A:E574N,-8.592960357666016
E562A:G586L,-8.194344520568848
E562A:I565A:Y576P:S578N,-22.563982009887695
E562A:I565T:R566Q:T573Y:T581N,-18.9497013092041
E562A:L583D,-2.53317928314209
E562A:L583F:R588A,-5.791157245635986
E562A:N569A,-12.685493469238281
E562A:N569C:N587Q,-16.633726119995117
E562A:N587H,-10.19847297668457
E562A:R566G,-5.694825649261475
E562A:R566H:Y576P,-16.417409896850586
E562A:R566K,-7.086894989013672
E562A:R588Q,-3.332453727722168
E562A:R588T,-2.043034553527832
E562A:S578C,-5.904704570770264
E562A:S578K,-12.467403411865234
E562A:T573S:Y576F:R588A,-7.808566093444824
E562A:T581C,-7.507295608520508
E562A:V571C:Y576C,-11.937713623046875
E562A:V571D,-8.845895767211914
E562A:Y576K,-13.666866302490234
E562C:A572S,-8.728315353393555
E562C:A572S:E574P,-14.993066787719727
E562C:E563L,-10.676002502441406
E562C:E563L:I565E:R566Y:T568E,-33.66691970825195
E562C:E563N,-9.004441261291504
E562C:E563R:I565S:G586W,-24.52463150024414
E562C:E574A,-9.997228622436523
E562C:E574C,-9.596452713012695
E562C:G586D,-6.655204772949219
E562C:G586L:R588A,-6.624284744262695
E562C:G586P,-4.253463268280029
E562C:G586V,-9.051538467407227
E562C:I565C:G586R,-19.15763282775879
E562C:I565L,-8.016902923583984
E562C:I565P,-13.85357666015625
E562C:I565T,-11.108983993530273
E562C:I565W,-15.05026626586914
E562C:N587A,-8.929348945617676
E562C:R566V,-7.992431640625
E562C:T567D,-12.778843879699707
E562C:T568E,-15.315013885498047
E562C:T568H,-15.832602500915527
E562C:T568V:T573N:S578W,-14.442092895507812
E562C:T573K,-12.446788787841797
E562C:T573N,-8.913448333740234
E562C:T581K,-13.012094497680664
E562C:V571A:N587P:R588P,-5.620338439941406
E562C:V571E,-10.808565139770508
E562C:V571S,-8.136722564697266
E562D:A572C:T573Y:T581H:G586W,-20.758792877197266
E562D:A572G:Y576W:L583V:G586P,-9.009506225585938
E562D:A572S:Q575C:Y576F:S578C:R588Y,-9.172624588012695
E562D:A572S:Q575T,-7.860912322998047
E562D:A572S:S578T,-8.846891403198242
E562D:A572S:S578V:G586L,-11.695270538330078
E562D:A572V,-7.484949588775635
E562D:E563C:R566H:E574F:T581A,-15.322453498840332
E562D:E563C:R566T:L583W:G586L:R588Q,-15.498559951782227
E562D:E563G,-3.924732208251953
E562D:E563G:T567A:T573S:S578W,-9.899712562561035
E562D:E563G:T567G,-7.486246109008789
E562D:E563G:T573S:Q575H,-10.164854049682617
E562D:E563M:A572S:S578V:G586L,-16.777326583862305
E562D:E563M:A572S:T573S:S578V:G586L,-20.080209732055664
E562D:E563M:I565V:A572S:T573S:S578V:G586L,-23.79392433166504
E562D:E563M:I565V:T567Q:A572S:T573S:Q575G:S578V:G586L:N587T,-35.328514099121094
E562D:E563M:I565V:T567Q:A572S:T573S:Q575G:S578V:G586L:N587T:R588Q,-33.95744323730469
E562D:E563M:I565V:T567Q:A572S:T573S:Q575G:S578V:T581Y:G586L:N587T:R588Q,-37.75177001953125
E562D:E563M:I565V:T567Q:A572S:T573S:S578V:G586L,-29.944751739501953
E562D:E563M:I565V:T567Q:A572S:T573S:S578V:G586L:N587T,-33.012611389160156
E562D:E563M:I565V:T567Q:A572S:T573S:S578V:G586L:N587T:R588Q,-31.64154052734375
E562D:E563N,-5.373651504516602
E562D:E563N:A572S,-8.293144226074219
E562D:E563N:I565T:T573Y:Q575T:S578C,-19.028179168701172
E562D:E563N:Q575H:S578E:R588F,-7.622344493865967
E562D:E563N:S578C:G586P,-5.019473552703857
E562D:E563Q,-6.247716903686523
E562D:E563Q:A572C:T573S:Q575I,-15.904285430908203
E562D:E563Q:A572S:E574D:Q575M:S578D,-11.047003746032715
E562D:E563Q:G586P,-4.692357540130615
E562D:E563Q:G586P:R588A,-2.016998291015625
E562D:E563Q:I565V:R566K:Q575T:S578C,-16.30937385559082
E562D:E563Q:I565V:T567C,-10.98868179321289
E562D:E563Q:R566V:Q575L,-10.561970710754395
E562D:E563Q:T567C,-7.274966239929199
E562D:E563Q:T567C:Q575I:T581N,-11.984906196594238
E562D:E563Q:T567C:T573S,-10.577849388122559
E562D:E563Q:T567S:N587T,-9.821102142333984
E562D:E563Q:T567S:Q575V:S578W:N587T,-13.932775497436523
E562D:E563Q:T568V,-10.369922637939453
E562D:E563Q:T573S,-9.550600051879883
E562D:E563S:R566H:T573C:N587T,-14.441596984863281
E562D:E563S:R566V:T567A,-8.566089630126953
E562D:E563S:T567A:T573S,-9.68536376953125
E562D:E563S:T568V:T573V:S578T:R588C,-16.39657211303711
E562D:E563S:T573S,-8.419706344604492
E562D:E563S:T581N,-6.826744079589844
E562D:E563T:R566T:T567A:R588H,-9.616508483886719
E562D:E563T:T567C:A572S:T573S,-12.770149230957031
E562D:E563T:T567P:V571T,-8.846964836120605
E562D:E563V,-6.138031482696533
E562D:E563V:I565P:A572L,-20.563278198242188
E562D:E563V:S578D,-4.301083564758301
E562D:E563Y,-7.456600666046143
E562D:E574F:Y576F:T581N,-9.85400390625
E562D:E574M,-6.496264934539795
E562D:G586D,-3.024414539337158
E562D:G586F,-7.081477642059326
E562D:G586L,-5.668853759765625
E562D:G586L:N587Q,-9.715703010559082
E562D:G586P,-0.6226730346679688
E562D:I565F,-8.66869068145752
E562D:I565L:L583P,-6.422535419464111
E562D:I565L:T567C:T573S:Q575N,-8.675378799438477
E562D:I565L:V571T:Q575C:Y576F,-8.721647262573242
E562D:I565V,-5.891747951507568
E562D:I565V:A572S:S578W:R588Q,-8.846611022949219
E562D:I565V:N587P,-6.187679290771484
E562D:I565V:Q575M,-8.58556842803955
E562D:I565V:Q575W,-9.020622253417969
E562D:I565V:R566A:T567C,-9.625472068786621
E562D:I565V:R566A:T567C:G586L,-13.116292953491211
E562D:I565V:T567A:T568V:Q575C:S578T,-16.434890747070312
E562D:I565V:T567Q:A572S:T573S:S578V:G586L:N587T:R588Q,-26.559486389160156
E562D:I565V:T567Q:A572S:T573S:S578V:N587T:R588Q,-23.06866455078125
E562D:L583T,-5.235531806945801
E562D:L583V,-5.104720115661621
E562D:L583W,-6.711537837982178
E562D:L583W:G586P,-5.1561784744262695
E562D:N569G:V571L:R588Q,-13.367759704589844
E562D:N569M,-11.49666976928711
E562D:N569P,-13.543802261352539
E562D:N587C,-8.814464569091797
E562D:N587F,-7.620672225952148
E562D:N587Q,-6.224881649017334
E562D:Q575H:Y576F,-7.592789173126221
E562D:Q575I,-5.178051471710205
E562D:Q575I:S578G,-6.591512680053711
E562D:Q575I:T581C,-7.981823921203613
E562D:Q575L:T581Y,-8.103004455566406
E562D:Q575N:L583Y,-5.707998275756836
E562D:Q575P:L583Q,-9.462682723999023
E562D:Q575T,-4.94141960144043
E562D:Q575T:S578A,-6.919832706451416
E562D:Q575V,-4.883266448974609
E562D:R566A:S578V,-7.99143123626709
E562D:R566H:V571C:Q575F,-11.807343482971191
E562D:R566S:A572C,-7.708239555358887
E562D:R566S:T573V:T581A:G586L,-13.30080509185791
E562D:R566T:V571C:Q575G:Y576F:S578C,-14.62615966796875
E562D:R566V,-4.3616414070129395
E562D:R566V:T567A:R588Q,-4.256230354309082
E562D:R588F,-1.396946907043457
E562D:R588H,-2.1155552864074707
E562D:R588Q,-0.8069629669189453
E562D:S578C,-3.379213809967041
E562D:S578D,-0.34108448028564453
E562D:S578D:R588Q,1.029984951019287
E562D:S578E,-2.270573139190674
E562D:S578T:R588Q,-4.556328773498535
E562D:S578V,-5.284956455230713
E562D:S578W,-3.5844714641571045
E562D:T567A,-3.443690538406372
E562D:T567A:T568V:T581Y:G586L:R588V,-12.416074752807617
E562D:T567A:V571C:G586L,-10.495233535766602
E562D:T567C:E574L,-7.272265434265137
E562D:T567C:Q575H:Y576F:N587T,-11.687897682189941
E562D:T567C:Q575I,-6.205300331115723
E562D:T567C:Q575I:S578C,-7.406481742858887
E562D:T567G:N587P,-6.035477638244629
E562D:T567L,-8.80282974243164
E562D:T567M:T568C:T573V:S578N:T581Y,-22.833179473876953
E562D:T567Q:R588Q,-6.957790374755859
E562D:T567S:T568V:G586L:N587T,-13.3644437789917
E562D:T567S:T568V:V571C:Q575I:S578W,-14.772943496704102
E562D:T567S:V571C:A572C:Y576F,-12.075464248657227
E562D:T568R:V571T:G586R,-20.303245544433594
E562D:T568V:Q575I,-9.300256729125977
E562D:T568V:Q575I:Y576W:S578Q,-15.704385757446289
E562D:T568V:R588T,-3.639749050140381
E562D:T568V:T581A:G586L,-12.328023910522461
E562D:T568V:T581N,-8.01015853881836
E562D:T573C:Q575I:S578A,-10.06892204284668
E562D:T573S:G586P,-3.925556182861328
E562D:T573S:Q575C:S578E:G586L,-10.470191955566406
E562D:T573S:Q575M:S578G:R588Q,-8.21712875366211
E562D:T573S:T581N,-7.1908369064331055
E562D:T573W,-8.005880355834961
E562D:T573Y:G586P,-5.012470245361328
E562D:T581A,-4.714997291564941
E562D:T581N,-3.887953519821167
E562D:V571C:A572S:T573S:Q575H,-14.898368835449219
E562D:V571E:A572S:L583E,-8.544835090637207
E562D:V571E:A572S:T573S:L583E,-11.84771728515625
E562D:V571Y:S578V,-10.099791526794434
E562D:Y576C,-5.85150146484375
E562D:Y576F,-4.655550956726074
E562D:Y576R:N587A,-13.709392547607422
E562F:A572F,-13.709245681762695
E562F:E563A,-9.6378173828125
E562F:E563N,-10.177199363708496
E562F:E563R,-12.558271408081055
E562F:G586S,-9.72673511505127
E562F:L583F,-10.744573593139648
E562F:L583W,-11.51508617401123
E562F:N569K:V571Y:A572G:N587R,-31.91810417175293
E562F:N569M,-16.300216674804688
E562F:N569W,-18.066564559936523
E562F:N587A,-10.102107048034668
E562F:N587H,-12.476531028747559
E562F:R566V,-9.165189743041992
E562F:T567G,-10.543094635009766
E562F:T567M,-13.350600242614746
E562F:T568G,-15.426817893981934
E562F:T568I,-13.319459915161133
E562F:T568V,-11.10378646850586
E562F:T581H,-11.480531692504883
E562F:V571H,-12.834556579589844
E562F:Y576E,-14.292521476745605
E562F:Y576V,-13.25170612335205
E562G:A572W:T573C:N587K,-23.045928955078125
E562G:G586F,-9.756471633911133
E562G:G586Y,-9.677459716796875
E562G:I565H,-13.581113815307617
E562G:I565Y,-13.032196044921875
E562G:N569Q,-13.45987319946289
E562G:N587K,-11.75555419921875
E562G:R588C,-5.342759132385254
E562G:S578R,-12.668048858642578
E562G:T567W,-13.612813949584961
E562G:T568M,-13.424249649047852
E562G:T573K,-11.49099349975586
E562G:T573N:E574L:T581A,-14.561600685119629
E562G:T581P,-6.331684112548828
E562G:V571T,-5.30512809753418
E562G:Y576E,-12.16396713256836
E562G:Y576F,-7.330545425415039
E562G:Y576Q,-11.491678237915039
E562I:A572L,-12.2926607131958
E562I:E563I,-11.012654304504395
E562I:E563L,-10.779348373413086
E562I:E563Q,-9.981853485107422
E562I:G586Q:N587T,-12.788527488708496
E562I:I565R,-15.148017883300781
E562I:I565S,-12.71294116973877
E562I:L583R,-12.937199592590332
E562I:L583W,-10.445673942565918
E562I:N587Q,-9.959017753601074
E562I:Q575F,-8.636300086975098
E562I:Q575P,-9.986998558044434
E562I:T567G,-9.473682403564453
E562I:T568E,-15.418359756469727
E562I:V571L:A572V,-14.859228134155273
E562L:A572E,-13.109820365905762
E562L:A572L:T573W:Q575C:L583E,-18.26043701171875
E562L:A572R,-14.686065673828125
E562L:E563N,-9.39423656463623
E562L:E563N:R566A:S578V:R588F,-14.426549911499023
E562L:E563V:T567S:T568V:Y576F,-17.263866424560547
E562L:I565W,-15.440061569213867
E562L:N587V,-9.864513397216797
E562L:Q575N,-6.157751083374023
E562L:R566A:R588F,-8.124007225036621
E562L:R566D,-11.82287883758545
E562L:R588P,-2.121518611907959
E562L:S578N,-8.953861236572266
E562L:S578Y,-8.266263961791992
E562L:T567A:V571F,-11.831025123596191
E562L:T567Q:A572S:Q575L,-17.39958381652832
E562L:T568E,-15.704809188842773
E562L:T573F,-10.281131744384766
E562L:T573Q,-10.603805541992188
E562L:T573W:Q575L:S578G:L583E,-14.01813793182373
E562L:T581H,-10.697568893432617
E562L:V571A,-9.791301727294922
E562L:V571D:T573W,-16.168838500976562
E562L:V571F:L583P,-12.601789474487305
E562L:V571N,-10.174487113952637
E562L:V571T:Q575C:R588F,-7.275547981262207
E562L:Y576F,-8.676136016845703
E562L:Y576F:L583P,-10.71255874633789
E562L:Y576F:L583W:R588F,-12.428556442260742
E562P:A572C:S578F:N587K,-17.95446014404297
E562P:A572G,-9.716070175170898
E562P:E563H:Q575M,-14.086198806762695
E562P:E574A,-10.654056549072266
E562P:E574K,-14.194284439086914
E562P:E574Q:G586P:R588P,-5.67915153503418
E562P:I565N,-13.840694427490234
E562P:L583E,-4.9132161140441895
E562P:L583G,-9.736396789550781
E562P:N569G,-15.386303901672363
E562P:Q575C,-7.871563911437988
E562P:Q575C:L583D,-5.70121955871582
E562P:Q575C:L583P,-9.90798568725586
E562P:R566P,-13.550999641418457
E562P:R588P,-2.388550281524658
E562P:S578A,-8.444063186645508
E562P:S578E,-6.55819034576416
E562P:T567Q,-12.616477012634277
E562P:T567S,-6.971175193786621
E562P:T567Y:E574A:R588P,-13.27000617980957
E562P:T568E,-15.971840858459473
E562P:T568M,-15.036871910095215
E562P:T568P,-15.301444053649902
E562P:T573A,-9.978851318359375
E562P:T573C:S578F,-10.610724449157715
E562P:T573F,-10.548164367675781
E562P:T573F:R588C,-11.037896156311035
E562P:T573N,-9.570274353027344
E562P:T573Q,-10.870837211608887
E562P:T573S:G586E,-11.270566940307617
E562P:T573Y,-10.855446815490723
E562P:T573Y:R588P,-6.778347492218018
E562P:T581Y:L583D,-8.089632034301758
E562P:V571D,-10.608022689819336
E562P:V571D:L583D,-8.437678337097168
E562P:V571D:L583P:G586E,-14.146478652954102
E562P:V571D:R588P,-6.530922889709473
E562P:V571D:T573F,-14.690536499023438
E562P:V571D:T573Y:R588P,-10.920721054077148
E562P:V571D:T581H,-15.106973648071289
E562P:V571N,-10.441518783569336
E562P:V571P,-13.115080833435059
E562P:V571T:E574C,-10.705379486083984
E562P:Y576K:S578F:T581V,-20.028240203857422
E562Q:A572Q,-12.072967529296875
E562Q:A572T,-10.368522644042969
E562Q:E563A:R566W:T567Y:S578P:R588H,-25.415626525878906
E562Q:E563V,-9.399457931518555
E562Q:I565V,-9.15317440032959
E562Q:N569C,-13.322813034057617
E562Q:N569D,-11.3179931640625
E562Q:N569L,-13.997405052185059
E562Q:S578F,-6.672076225280762
E562Q:T567H,-12.347946166992188
E562Q:T568N:N587F,-18.731964111328125
E562Q:T581Q,-9.321361541748047
E562Q:V571A,-9.032142639160156
E562Q:Y576E,-12.750399589538574
E562Q:Y576K,-14.402801513671875
E562Q:Y576W,-7.64918327331543
E562R:A572D,-12.624364852905273
E562R:A572Q,-13.691003799438477
E562R:E563F,-12.592942237854004
E562R:E563Q,-11.127180099487305
E562R:I565A,-13.793282508850098
E562R:I565P,-15.102249145507812
E562R:I565Y,-15.236663818359375
E562R:L583P,-9.093917846679688
E562R:Q575T,-9.820882797241211
E562R:R588F,-6.27640962600708
E562R:R588H,-6.995018005371094
E562R:T568D,-16.214752197265625
E562R:T568N,-14.907360076904297
E562R:T568V,-11.17970085144043
E562R:T573F,-11.140008926391602
E562R:V571P,-13.706926345825195
E562R:Y576A,-12.662800788879395
E562S:A572G:Y576W:S578M:N587V,-17.728191375732422
E562S:A572I,-10.708633422851562
E562S:E563S:T568V:N587T,-14.417162895202637
E562S:E563T,-7.630800247192383
E562S:E574I,-8.922164916992188
E562S:G586C,-10.006182670593262
E562S:G586I,-8.14360523223877
E562S:I565Q,-11.9481201171875
E562S:N569I,-12.511765480041504
E562S:N569R,-14.244251251220703
E562S:N587C,-10.924739837646484
E562S:R566Q,-7.134606838226318
E562S:R588Q,-2.917238712310791
E562S:R588T,-1.627819538116455
E562S:S578N,-7.043551921844482
E562S:S578V,-7.395232200622559
E562S:T567R,-11.219388008117676
E562S:T568L,-12.17784309387207
E562S:V571F,-8.655056953430176
E562S:V571F:E574L:Q575C:L583D:R588P,-7.880511283874512
E562S:V571R,-11.665448188781738
E562S:V571Y,-9.103143692016602
E562S:Y576K,-13.2516508102417
E562S:Y576Q,-10.926959991455078
E562T:E563M,-9.400371551513672
E562T:E563R,-9.89500617980957
E562T:E563T,-7.660808563232422
E562T:E574F,-7.806848526000977
E562T:E574L,-8.385299682617188
E562T:E574N,-8.207754135131836
E562T:E574R,-12.269964218139648
E562T:I565D,-13.160601615905762
E562T:I565G:T573N:Q575I,-18.84653663635254
E562T:I565H,-13.046402931213379
E562T:N569D,-10.196850776672363
E562T:N569K,-13.257241249084473
E562T:Q575M,-7.012137413024902
E562T:Q575T,-7.0817036628723145
E562T:R566T:T568C:V571C,-15.589951515197754
E562T:S578D:L583E,-0.9289350509643555
E562T:S578P,-9.102745056152344
E562T:T567G,-7.879830360412598
E562T:T567G:Q575G:Y576W:N587A:R588Q,-14.154914855957031
E562T:T567Y,-11.01136589050293
E562T:T568K,-14.042892456054688
E562T:T568P,-13.1541109085083
E562T:T568Q,-13.792874336242676
E562T:T573F,-8.40083122253418
E562T:V571F:L583P:R588T,-8.060998916625977
E562T:V571Q:Q575H:T581F:G586E,-18.401660919189453
E562T:V571Y:Q575W:L583D,-10.091682434082031
E562V:A572R,-13.366445541381836
E562V:E563S:L583Y,-11.388620376586914
E562V:E563Y,-10.15756607055664
E562V:E574A,-9.067403793334961
E562V:G586P,-3.3236379623413086
E562V:I565T,-10.179159164428711
E562V:I565Y,-13.05816650390625
E562V:L583V,-7.805685043334961
E562V:N569H,-13.050626754760742
E562V:N569V,-12.701797485351562
E562V:N587C,-11.515429496765137
E562V:N587T,-7.946856498718262
E562V:R566D,-10.503257751464844
E562V:R566W,-10.783927917480469
E562V:R588N,-2.6650748252868652
E562V:S578V,-7.985921382904053
E562V:T567Y,-11.572046279907227
E562V:T568Y:V571D:S578A,-20.31867218017578
E562V:T581V:L583G,-11.516374588012695
E562V:V571A:R588F,-7.690596103668213
E562V:V571K,-12.004226684570312
E562V:Y576C,-8.55246639251709
E562V:Y576Q,-11.517648696899414
E562W:A572S,-11.611380577087402
E562W:E563Y,-13.97045612335205
E562W:E574C,-12.479516983032227
E562W:E574K,-16.420522689819336
E562W:G586Y,-13.516321182250977
E562W:I565F,-15.182546615600586
E562W:I565H:E574H:L583K,-28.457843780517578
E562W:I565N:Q575W,-19.1958065032959
E562W:L583S,-11.726694107055664
E562W:N569Q,-17.298734664916992
E562W:N569S,-14.957439422607422
E562W:Q575P,-12.766717910766602
E562W:Q575V,-11.39712142944336
E562W:R566A,-11.39836311340332
E562W:R588Q,-7.3208184242248535
E562W:S578Y,-10.75953483581543
E562W:T567C:T573Q:N587T,-17.192184448242188
E562W:T567H,-15.60037612915039
E562W:T567M:E574C:Q575N:Y576A:S578M,-28.72681999206543
E562W:T573C,-11.604345321655273
E562W:T581F,-13.040229797363281
E562W:V571E:Q575V,-16.39686393737793
E562W:V571R,-16.069026947021484
E562Y:A572R,-14.938450813293457
E562Y:E563F,-11.9864501953125
E562Y:E574S,-10.582601547241211
E562Y:I565L:R566Y:A572G:N587R,-24.39802360534668
E562Y:N569K,-15.389927864074707
E562Y:N569V:T573Q,-18.67898941040039
E562Y:R566C,-7.775265693664551
E562Y:R588F,-5.669917583465576
E562Y:S578A,-8.42941665649414
E562Y:S578M,-10.764846801757812
E562Y:S578N:L583W,-13.739751815795898
E562Y:T567S:N569S,-13.22208023071289
E562Y:T567Y,-13.144052505493164
E562Y:T568G:Y576H,-17.126731872558594
E562Y:T568H,-16.474782943725586
E562Y:T568L,-14.340538024902344
E562Y:T581C,-9.254776000976562
E563A:A572I,-9.076562881469727
E563A:A572T,-7.585300445556641
E563A:G586F,-7.5596818923950195
E563A:I565C,-8.784721374511719
E563A:I565S:V571F:A572L:Q575E:N587Y,-29.93280029296875
E563A:I565V:R566S:T568V:S578A,-14.647111892700195
E563A:L583I,-5.735927581787109
E563A:N569R,-12.61217975616455
E563A:N569S,-8.921788215637207
E563A:Q575C,-4.062150955200195
E563A:Q575C:R588F,-3.2810654640197754
E563A:Q575I,-5.656255722045898
E563A:Q575M:T581C,-8.153830528259277
E563A:Q575N,-2.615370035171509
E563A:Q575T,-5.419624328613281
E563A:Q575V,-5.361470699310303
E563A:R566A,-5.3627119064331055
E563A:R566A:Q575M:R588Y,-7.047018051147461
E563A:R566A:Q575M:T581C:R588Y,-9.850790023803711
E563A:R566A:R588Y,-4.35319709777832
E563A:R566A:T567C:A572S:S578W,-10.715892791748047
E563A:R566A:T567Q:Q575M:T581C:R588Y,-16.001617431640625
E563A:R566A:Y576W,-7.5724358558654785
E563A:R566C,-3.980499505996704
E563A:R566N:Q575C:S578E:G586P:N587P,-5.555912971496582
E563A:R566N:Q575C:S578E:G586P:N587P:R588H,-5.493435859680176
E563A:R566T:A572S:Q575A:Y576F:S578T,-16.985328674316406
E563A:R566T:A572S:Q575I,-11.468551635742188
E563A:R566V:T568V:Q575N,-8.921184539794922
E563A:R588A,0.01912236213684082
E563A:R588K,-4.452370643615723
E563A:S578D,-0.819288969039917
E563A:S578M,-6.970080375671387
E563A:S578V:R588Q,-4.392091751098633
E563A:T567G:Q575I,-9.217769622802734
E563A:T567Q:V571T:Y576F,-11.736682891845703
E563A:T567S:Q575P:S578G:N587Q,-12.696903228759766
E563A:T568V:V571C:A572S:Y576F,-15.736175537109375
E563A:T573Y:Q575N:R588F,-6.224081516265869
E563A:V571C:A572S,-9.136451721191406
E563A:V571D:L583D,-4.628265380859375
E563A:V571F,-7.022985458374023
E563A:V571H,-8.509212493896484
E563A:Y576C,-6.329706192016602
E563C:G586P,-2.2191076278686523
E563C:I565H,-12.502553939819336
E563C:I565Q,-11.434279441833496
E563C:L583C,-8.618203163146973
E563C:L583D,-1.6041231155395508
E563C:N569V,-11.597267150878906
E563C:N587F,-9.217106819152832
E563C:Q575E,-8.271716117858887
E563C:Q575L:S578T,-9.654478073120117
E563C:Q575N,-3.73360013961792
E563C:Q575T:L583D,-4.3675103187561035
E563C:R566A:R588Q,-5.109872341156006
E563C:R566A:T581N,-8.190862655639648
E563C:R566D:V571A:A572W:T581P,-22.847984313964844
E563C:R566K:T573V:N587T,-12.144144058227539
E563C:R566N:T567S:S578T,-10.690008163452148
E563C:R566W:T573S:G586L,-16.473102569580078
E563C:R588A,-1.0991077423095703
E563C:T567C:R588A,-2.126356840133667
E563C:T567G,-7.3359808921813965
E563C:T567G:V571T:E574L,-11.855066299438477
E563C:T567N,-8.74992561340332
E563C:T567Q:T568V:R588H,-13.985023498535156
E563C:T567S,-4.279992580413818
E563C:T568N,-11.624332427978516
E563C:T568V:G586P:R588P,-2.2642135620117188
E563C:T573C,-6.686924457550049
E563C:T573H,-7.311435222625732
E563C:T573Q,-8.179655075073242
E563C:V571C,-7.335188865661621
E563C:V571C:L583D,-5.164844989776611
E563C:V571D,-7.916839599609375
E563C:V571M,-8.136185646057129
E563C:V571S,-6.102366924285889
E563C:Y576S,-8.843963623046875
E563D:A572Q,-8.8004732131958
E563D:A572S,-5.0864577293396
E563D:A572W,-10.544880867004395
E563D:E574D,-3.1898860931396484
E563D:E574F,-5.655496597290039
E563D:E574R,-10.118613243103027
E563D:G586L,-5.657785892486572
E563D:I565L:R566A:T567S:V571C:S578Q,-15.34217357635498
E563D:I565L:R566V:S578N,-9.313898086547852
E563D:I565T:A572S,-10.386619567871094
E563D:I565T:R566A:A572G,-13.424022674560547
E563D:L583C,-7.0107011795043945
E563D:L583M,-6.463329315185547
E563D:L583P,-4.203387260437012
E563D:N569C,-10.050318717956543
E563D:N569Q,-10.773811340332031
E563D:Q575H:R588F,-4.323117256164551
E563D:Q575I,-5.166983604431152
E563D:Q575I:L583P:R588Q,-5.83233642578125
E563D:Q575I:S578A,-7.145397186279297
E563D:Q575M,-4.860785484313965
E563D:Q575M:L583V:N587T,-10.855332374572754
E563D:Q575N,-2.1260979175567627
E563D:R566A,-4.873439788818359
E563D:R566A:Q575L:L583G:N587T,-13.342691421508789
E563D:R566A:Q575S,-6.985419750213623
E563D:R566A:Q575T:S578T,-11.386192321777344
E563D:R566A:S578E,-4.965980529785156
E563D:R566A:T567A:Y576W:S578D,-6.511874198913574
E563D:R566A:T573P,-10.61775016784668
E563D:R566E,-7.547262191772461
E563D:R566F,-6.744814872741699
E563D:R566G:V571T:A572G:R588F,-6.079703330993652
E563D:R566S,-4.343505382537842
E563D:R566S:S578W,-5.749944686889648
E563D:R566S:T567A,-5.609163284301758
E563D:R566S:T567C:Q575C:N587T:R588F,-9.06344223022461
E563D:R566S:Y576F:N587T,-9.888883590698242
E563D:R566T:A572C,-8.413434028625488
E563D:R566V,-4.350573539733887
E563D:R566V:A572S:Q575V:S578T,-13.724666595458984
E563D:R566V:T567C:Y576F:N587T:R588Y,-9.913686752319336
E563D:R566V:V571C:R588N,-5.697372913360596
E563D:R566Y:L583W:R588A,-8.581289291381836
E563D:R566Y:T568D:E574L:G586R,-27.167709350585938
E563D:R566Y:V571E:G586E:N587P,-13.52085018157959
E563D:R588F,-1.3858792781829834
E563D:R588N,0.04695773124694824
E563D:S578P,-6.951393127441406
E563D:S578V,-5.27388858795166
E563D:T567A,-3.4326229095458984
E563D:T567A:A572S:Q575L:S578V,-11.589685440063477
E563D:T567A:Q575I,-6.432641983032227
E563D:T567A:S578C:L583E,-3.0813708305358887
E563D:T567A:S578V,-6.539546966552734
E563D:T567A:V571T,-3.8847239017486572
E563D:T567C:A572S:Q575I,-9.113725662231445
E563D:T567C:Q575M:S578A,-7.866447448730469
E563D:T567C:T568V:Q575I:S578A,-12.294851303100586
E563D:T567C:V571A:L583W:R588F,-10.539318084716797
E563D:T567Q,-8.317791938781738
E563D:T567Q:R588K,-10.11392593383789
E563D:T567S:T568V:V571C,-10.355417251586914
E563D:T568P,-11.002758979797363
E563D:T568V:E574V,-10.456460952758789
E563D:T568V:Q575G:S578V:L583W,-16.245502471923828
E563D:T568V:Q575I,-9.289188385009766
E563D:T573C:N587P,-5.375353813171387
E563D:T573S,-5.469847679138184
E563D:T581N:R588F,-3.0958003997802734
E563D:V571E:Q575V:N587Q:R588H,-13.856313705444336
E563D:Y576S,-7.236461639404297
E563F:A572C:Q575I:G586Y,-16.713565826416016
E563F:A572F,-12.263111114501953
E563F:I565L:R566G:A572C,-12.088497161865234
E563F:N587P,-5.83137845993042
E563F:Q575D,-9.657023429870605
E563F:Q575E,-10.032695770263672
E563F:R566A:S578N,-10.99716567993164
E563F:R566C,-6.859709739685059
E563F:R566D:T568C:S578H,-19.797531127929688
E563F:R566G,-6.526749610900879
E563F:R566N:T573K,-14.834062576293945
E563F:R566V,-7.719056129455566
E563F:R566V:G586D,-8.565438270568848
E563F:R566V:S578T,-11.468421936035156
E563F:R566Y:V571F:A572S:L583D,-15.20752239227295
E563F:S578D,-3.6984992027282715
E563F:S578E:N587T,-8.695846557617188
E563F:S578F,-6.768064498901367
E563F:S578Q,-9.729852676391602
E563F:S578Y:T581A:R588P,-6.062959671020508
E563F:T567A,-6.801105499267578
E563F:T567Q:V571E:Q575I,-19.686037063598633
E563F:T568V:T573S,-12.960535049438477
E563F:T573S,-8.838330268859863
E563F:T573S:R588T,-6.177841663360596
E563F:V571A:A572Q,-15.761638641357422
E563F:Y576F,-8.012965202331543
E563F:Y576N,-11.10087776184082
E563F:Y576R,-13.946280479431152
E563F:Y576W:N587Q,-11.792020797729492
E563G:A572C,-5.100366115570068
E563G:A572C:S578E,-5.192906856536865
E563G:A572C:S578T:T581V:L583P,-14.25278377532959
E563G:A572S,-4.666192531585693
E563G:E574G,-6.01989221572876
E563G:E574K,-9.475335121154785
E563G:E574N,-5.636137008666992
E563G:I565A,-8.482486724853516
E563G:I565D,-10.588984489440918
E563G:I565V:Q575G,-7.776318073272705
E563G:I565V:R566A:Q575M:S578W:T581N,-13.977069854736328
E563G:I565V:R566T:A572S:T581C,-14.076483726501465
E563G:I565V:R566Y:L583P:R588F,-11.271929740905762
E563G:I565V:V571C:Q575H:S578G:R588F,-12.590751647949219
E563G:I565V:Y576F:G586L,-11.428754806518555
E563G:L583D:R588F,1.204729676246643
E563G:L583I:R588F,-4.045304775238037
E563G:L583P:N587T,-6.85098123550415
E563G:L583W,-6.280205249786377
E563G:Q575G,-4.062602519989014
E563G:Q575G:G586L,-7.5534234046936035
E563G:Q575H:Y576F,-7.161456108093262
E563G:Q575L,-3.8773446083068848
E563G:Q575R,-7.828092098236084
E563G:Q575S:S578Q:T581C,-10.856857299804688
E563G:Q575W:S578W:T581C:G586P,-7.530426025390625
E563G:R566A,-4.453174591064453
E563G:R566A:A572C:Y576F:L583P,-12.320781707763672
E563G:R566A:Q575C:R588Q,-4.488018989562988
E563G:R566A:Q575L:R588H,-6.5213422775268555
E563G:R566S:T567A:Q575T:L583W:N587P,-12.781722068786621
E563G:R566T,-4.63950252532959
E563G:R566T:R588Q,-3.268433094024658
E563G:R566T:T567Q:Q575T:S578V:N587T,-19.728500366210938
E563G:R566T:T567Q:Y576F:L583P:R588Q,-13.93320083618164
E563G:R566T:T567S:Q575N:S578A:T581N,-8.792495727539062
E563G:R566T:T568V:S578E:R588A,-6.178889274597168
E563G:R566V:G586E,-5.432342529296875
E563G:R566V:T567A:Q575V:S578D:L583I:N587P:R588F,-8.658788681030273
E563G:R566V:T567A:Q575V:S578D:L583I:R588F,-8.362857818603516
E563G:R566Y:S578C,-7.504058837890625
E563G:R566Y:S578E:T581C,-9.199190139770508
E563G:R566Y:T567A:S578D,-5.7315874099731445
E563G:R588C,-2.2364320755004883
E563G:R588F,-0.9656141996383667
E563G:R588N,0.46722280979156494
E563G:S578C:R588N,-0.7339586019515991
E563G:S578D,0.0902482271194458
E563G:S578E:L583C,-6.682976722717285
E563G:S578N,-4.501943588256836
E563G:T567A:L583I:R588F,-5.310962677001953
E563G:T567A:Q575V:S578D:L583I:R588F,-6.179248809814453
E563G:T567A:S578D:L583I:R588F,-3.4740147590637207
E563G:T567A:S578G,-4.425819396972656
E563G:T567A:V571T:Q575I:S578D,-4.627530097961426
E563G:T567G:N587T,-8.376072883605957
E563G:T567G:Q575H,-8.245451927185059
E563G:T567Q,-7.89752721786499
E563G:T567Q:Q575G,-10.213430404663086
E563G:T567Q:Q575G:Y576F,-12.690948486328125
E563G:T568V:A572S,-8.788397789001465
E563G:T573H:Q575P:Y576R:G586L,-21.260150909423828
E563G:T573S:Q575L,-7.180227756500244
E563G:T581N:G586L,-6.947442054748535
E563G:T581V,-5.1133294105529785
E563G:V571A:L583G:N587T,-11.677990913391113
E563G:V571A:S578D:N587T,-6.570295333862305
E563G:V571C:N587P,-5.603353023529053
E563G:V571C:R588Q,-3.936352252960205
E563G:V571D:E574L,-9.956056594848633
E563G:V571F,-6.113448619842529
E563G:V571T:R588F,-1.417715311050415
E563G:Y576E,-9.057640075683594
E563H:A572C:R588Q,-6.909324645996094
E563H:A572C:S578D:R588Q,-5.072376251220703
E563H:E574Y,-8.406835556030273
E563H:G586W,-11.265073776245117
E563H:L583I,-8.006418228149414
E563H:L583T,-7.984227180480957
E563H:N569H:T573P:Q575E,-23.339916229248047
E563H:N587C,-11.563159942626953
E563H:R566A:L583I,-10.712892532348633
E563H:R566A:S578D,-5.796254634857178
E563H:R566A:T567G:T568V:A572S:S578C:T581C,-22.241369247436523
E563H:R566A:T567G:T568V:A572S:S578C:T581C:R588A,-19.566009521484375
E563H:R566A:T568V:A572S:S578C:T581C,-18.679855346679688
E563H:R566A:T568V:A572S:T581C,-17.478673934936523
E563H:R566C:T567G:A572S:N587T,-15.799856185913086
E563H:R566P,-12.012077331542969
E563H:R566V:N587T,-10.17819595336914
E563H:R566W:Q575H:S578E,-13.861438751220703
E563H:R566Y,-9.482905387878418
E563H:R566Y:S578E,-9.575446128845215
E563H:R588Q,-3.5556583404541016
E563H:R588T,-2.2662391662597656
E563H:S578D,-3.089779853820801
E563H:S578D:R588K,-4.885913372039795
E563H:S578E:L583I:N587P,-8.394889831542969
E563H:S578T:L583E,-7.123660087585449
E563H:T567A:S578W:R588A,-4.923465728759766
E563H:T567C:T568V:Q575L:G586L:R588T,-13.03715991973877
E563H:T567D:S578G:N587V,-16.976104736328125
E563H:T567Q:T568V:Q575V:S578N:R588F,-19.879154205322266
E563H:T568V:Q575M:S578E:G586Q,-15.643795013427734
E563H:T573S,-8.229610443115234
E563H:T581A,-7.463692665100098
E563H:V571C:G586E,-9.989482879638672
E563H:V571N,-8.902597427368164
E563H:V571Q:E574V,-14.389749526977539
E563H:V571T,-5.378829002380371
E563H:V571Y,-9.741562843322754
E563I:E574H,-9.743936538696289
E563I:E574R,-13.052133560180664
E563I:G586E,-6.602519512176514
E563I:G586T,-8.186344146728516
E563I:I565F,-11.591144561767578
E563I:L583E,-3.5480523109436035
E563I:L583E:G586C,-9.2659273147583
E563I:N569F,-14.581171989440918
E563I:N569W,-16.185470581054688
E563I:Q575G,-7.416388511657715
E563I:Q575L:G586E,-8.73316478729248
E563I:Q575R,-11.181878089904785
E563I:R566A:Q575G:S578E,-10.215404510498047
E563I:R566E:Q575V:S578A:N587Q:R588A,-16.535921096801758
E563I:R566W:S578D:T581N,-10.878390312194824
E563I:R588T,-2.4399971961975098
E563I:S578D,-3.263537883758545
E563I:S578E,-5.193026542663574
E563I:S578E:G586E,-6.6950602531433105
E563I:T567Q,-11.251313209533691
E563I:T567Q:S578E:R588Q,-9.972784042358398
E563I:T568C,-9.918596267700195
E563I:T568V:Q575P:G586L,-16.788341522216797
E563I:T568W,-16.207744598388672
E563I:T573K,-11.738451957702637
E563I:V571C,-8.66120719909668
E563I:V571D:Q575A:R588F,-10.751686096191406
E563I:Y576F,-7.578003883361816
E563L:A572C:T581N,-9.930767059326172
E563L:G586L,-8.358000755310059
E563L:I565P,-12.911933898925781
E563L:I565W,-14.108623504638672
E563L:N569C,-12.750534057617188
E563L:N587Q,-8.914029121398926
E563L:N587T,-7.935039043426514
E563L:Q575L,-6.997824668884277
E563L:Q575M:L583E:R588F,-5.227481842041016
E563L:R566C:Q575W:S578D:T581N,-9.193288803100586
E563L:R566E,-10.247477531433105
E563L:R566K,-7.250551700592041
E563L:R566W,-10.772110939025879
E563L:S578P,-9.651607513427734
E563L:S578W,-6.273618698120117
E563L:T567C,-5.8944292068481445
E563L:T568E,-14.373371124267578
E563L:T568F,-14.009943008422852
E563L:V571G,-9.907814025878906
E563M:A572I,-11.502381324768066
E563M:A572I:E574Q:S578T:L583K,-26.49212646484375
E563M:A572S,-8.001548767089844
E563M:A572V,-10.388973236083984
E563M:G586R,-12.30238151550293
E563M:I565C,-11.210540771484375
E563M:I565L,-7.290136337280273
E563M:I565V,-8.795770645141602
E563M:I565V:A572E,-15.7069730758667
E563M:L583A,-8.151174545288086
E563M:L583P,-7.118477821350098
E563M:L583T,-8.139554977416992
E563M:N569F,-14.562742233276367
E563M:N569T,-11.621553421020508
E563M:N569W,-16.16703987121582
E563M:Q575F,-7.806187152862549
E563M:Q575V:S578V:R588A,-8.218854904174805
E563M:R566C,-6.406318187713623
E563M:R566C:A572C,-9.759984970092773
E563M:R566D:G586F,-15.609761238098145
E563M:R566N:Q575L,-9.873350143432617
E563M:R566W:T581N,-12.696907997131348
E563M:S578C,-6.283236980438232
E563M:S578E,-5.174596309661865
E563M:S578Y,-7.149702072143555
E563M:T567A,-6.347713470458984
E563M:T567C,-6.109304428100586
E563M:T567G:T568V:A572S:S578E:R588F,-14.996723175048828
E563M:T567G:T568V:N569I:N587R,-28.92157554626465
E563M:T567Q:T568V,-15.355088233947754
E563M:T568I,-11.41993522644043
E563M:T568V,-9.20426082611084
E563M:T568V:A572S:S578V:L583S:R588Q,-16.894412994384766
E563M:T568V:T573C:Q575H:S578A:T581C,-19.83614158630371
E563M:T568V:V571G:E574S,-18.37649154663086
E563M:T573S:R588Q,-7.013869285583496
E563M:T573V:Q575C:S578E,-9.498956680297852
E563M:T581A,-7.619020462036133
E563M:T581C:L583D:N587T:R588T,-6.122854709625244
E563M:V571C:T573S,-11.945661544799805
E563N:A572S:T573S:Q575C,-10.823909759521484
E563N:A572S:Y576W,-8.324835777282715
E563N:A572T,-8.124682426452637
E563N:E574W,-7.754128456115723
E563N:G586E:R588A,-2.0222933292388916
E563N:I565F:R566W,-15.591207504272461
E563N:I565L,-5.40369987487793
E563N:I565L:R566G:T568C:E574H,-15.856562614440918
E563N:I565L:R566V:T567A:T573S,-12.155850410461426
E563N:I565L:T567S:T568V,-10.031431198120117
E563N:I565T:A572C:E574Y,-15.329554557800293
E563N:I565T:R566A:T567S:T568V:T573Y:Q575M:G586P:R588F,-20.577159881591797
E563N:I565V:T573S:R588T,-7.55172872543335
E563N:I565Y:T568K:N569D:E574T,-31.398937225341797
E563N:L583D,-1.0252749919891357
E563N:L583D:R588A,1.6500842571258545
E563N:L583E,-1.6431854963302612
E563N:L583E:N587A,-4.763711452484131
E563N:L583E:N587T,-4.711044788360596
E563N:L583E:R588A,1.032173752784729
E563N:L583E:R588F,-0.8621000051498413
E563N:L583M,-7.491983413696289
E563N:N569H,-11.367247581481934
E563N:N569Q,-11.802465438842773
E563N:N587H,-8.690568923950195
E563N:N587T,-6.2634782791137695
E563N:N587T:R588F,-5.482392311096191
E563N:Q575C,-4.601532936096191
E563N:Q575C:L583E,-3.0490994453430176
E563N:Q575C:R588T,-1.9410443305969238
E563N:Q575C:R588Y,-3.5920186042785645
E563N:Q575C:Y576W,-6.811257362365723
E563N:Q575H,-6.132857322692871
E563N:Q575I,-6.1956377029418945
E563N:Q575I:N587T:R588F,-8.48241138458252
E563N:Q575I:S578A,-8.174051284790039
E563N:Q575I:S578T:R588F,-9.163917541503906
E563N:Q575I:S578W,-7.602077007293701
E563N:Q575L,-5.326263904571533
E563N:Q575L:L583E:R588A,-1.0984711647033691
E563N:Q575L:N587T:R588A,-5.718763828277588
E563N:Q575L:R588F,-4.545178413391113
E563N:Q575L:S578W,-6.73270320892334
E563N:Q575M:S578T,-9.638805389404297
E563N:Q575N:S578T,-6.904117584228516
E563N:Q575V,-5.900852680206299
E563N:Q575V:L583E,-4.348419189453125
E563N:Q575V:S578V,-9.007776260375977
E563N:Q575V:S578W,-7.3072919845581055
E563N:Q575V:Y576W:R588A,-5.43521785736084
E563N:R566A,-5.902093887329102
E563N:R566A:A572C:R588Q,-7.884690761566162
E563N:R566A:A572S:S578D,-6.9846391677856445
E563N:R566A:Q575C,-7.308007717132568
E563N:R566A:Q575C:S578D:G586E,-6.9730939865112305
E563N:R566A:Q575H,-8.839332580566406
E563N:R566A:Q575H:S578T,-12.58869743347168
E563N:R566A:Q575I,-8.90211296081543
E563N:R566A:Q575I:S578V,-12.009037017822266
E563N:R566A:Q575I:S578W,-10.308551788330078
E563N:R566A:Q575L:S578W,-9.439178466796875
E563N:R566A:Q575M,-8.595914840698242
E563N:R566A:Q575V:N587T,-11.675187110900879
E563N:R566A:Q575V:S578D:N587Q:R588Q,-9.446159362792969
E563N:R566A:Q575V:S578V,-11.714251518249512
E563N:R566A:Q575V:S578W,-10.01376724243164
E563N:R566A:R588A,-3.2267343997955322
E563N:R566A:R588N,-3.688171148300171
E563N:R566A:R588Q,-4.531023979187012
E563N:R566A:S578D,-4.065145492553711
E563N:R566A:S578D:L583D,-1.8948020935058594
E563N:R566A:S578D:L583P:G586E,-7.603601932525635
E563N:R566A:S578V,-9.009017944335938
E563N:R566A:S578W,-7.30853271484375
E563N:R566A:T567A,-7.167751789093018
E563N:R566A:T567A:Q575H,-10.104990005493164
E563N:R566A:T567A:Q575L,-9.298397064208984
E563N:R566A:T567A:Q575M,-9.861572265625
E563N:R566A:T567A:Q575V:S578W,-11.279424667358398
E563N:R566A:T567A:S578V,-10.274676322937012
E563N:R566A:T567C:S578W,-8.335782051086426
E563N:R566A:T567Q,-12.052921295166016
E563N:R566A:T567Q:S578D:N587Q,-14.262821197509766
E563N:R566A:T567S:Q575H,-9.344858169555664
E563N:R566A:T567S:S578T,-10.15698528289795
E563N:R566A:T567S:T568V:Q575H:S578T,-17.216428756713867
E563N:R566A:T567S:T568V:T573Y:Q575M,-17.613441467285156
E563N:R566A:T567S:T568V:T573Y:Q575M:G586P,-16.058082580566406
E563N:R566A:T567S:T568V:T573Y:Q575M:G586P:R588F,-15.276998519897461
E563N:R566A:V571F:S578W:L583Q,-14.885101318359375
E563N:R566K:L583E,-4.026557445526123
E563N:R566K:L583E:N587T,-7.094416618347168
E563N:R566K:T567G:A572S:N587Q,-16.10684585571289
E563N:R566N:Y576F,-8.333786010742188
E563N:R566S,-5.372159481048584
E563N:R566S:A572C:Q575M:S578D:R588F,-8.801612854003906
E563N:R566S:T567S:A572C:N587T,-12.299210548400879
E563N:R566S:T568V:T573S:S578Q:N587P,-17.28758430480957
E563N:R566S:V571E:S578D:L583P:R588A,-7.896018028259277
E563N:R566T:R588H,-6.025944709777832
E563N:R566T:T573S:E574N:Q575L:S578V,-18.518310546875
E563N:R566V,-5.379227638244629
E563N:R566V:Q575H:S578W,-9.722905158996582
E563N:R566V:Q575I,-8.379246711730957
E563N:R566V:Q575I:S578V,-11.486170768737793
E563N:R566V:Q575I:S578W,-9.785685539245605
E563N:R566V:Q575L,-7.509872913360596
E563N:R566V:Q575M,-8.07304859161377
E563N:R566V:Q575M:S578V,-11.179972648620605
E563N:R566V:Q575M:S578W,-9.479487419128418
E563N:R566V:Q575V,-8.084461212158203
E563N:R566V:Q575V:L583D,-5.914117813110352
E563N:R566V:Q575V:S578V,-11.191385269165039
E563N:R566V:Q575V:S578W,-9.490900039672852
E563N:R566V:R588F,-4.598142623901367
E563N:R566V:R588Q,-4.0081586837768555
E563N:R566V:S578V,-8.486151695251465
E563N:R566V:S578W,-6.7856669425964355
E563N:R566V:T567A:Q575M,-9.338706970214844
E563N:R566V:T567A:Q575M:S578W,-10.745145797729492
E563N:R566V:T567A:Q575V:S578V,-12.457043647766113
E563N:R566V:T567A:Q575V:S578W,-10.756559371948242
E563N:R566V:T567A:S578W,-8.051324844360352
E563N:R566V:T567C:Q575H,-9.343714714050293
E563N:R566V:T567Q:T573S:Q575H:R588Q,-16.399106979370117
E563N:R566V:T567Q:T573Y:T581N,-17.62977409362793
E563N:R566V:T568V,-9.501433372497559
E563N:R566V:Y576F:S578E:T581V,-11.315916061401367
E563N:R566Y:V571E,-12.75153923034668
E563N:R588A,-0.5202596187591553
E563N:R588F,-2.4145333766937256
E563N:R588K,-4.991752624511719
E563N:R588N,-0.981696367263794
E563N:R588T,-0.5351302623748779
E563N:R588Y,-2.1861045360565186
E563N:S578D,-1.358670949935913
E563N:S578D:G586F:N587A,-9.38264274597168
E563N:S578E:G586E,-4.790193557739258
E563N:S578G:R588F,-3.8279948234558105
E563N:S578H,-7.015332221984863
E563N:S578N:G586E,-7.452896595001221
E563N:S578V,-6.302542686462402
E563N:S578V:L583G,-9.573290824890137
E563N:S578W,-4.602057933807373
E563N:T567A,-4.461277008056641
E563N:T567A:A572S:R588F,-6.599684715270996
E563N:T567A:Q575H:S578V,-10.505439758300781
E563N:T567A:Q575H:S578W,-8.804954528808594
E563N:T567A:Q575M,-7.155097961425781
E563N:T567A:Q575V,-7.166510581970215
E563N:T567A:Q575V:S578T,-10.915876388549805
E563N:T567A:T581Y:G586D:R588A,-6.426626682281494
E563N:T567A:V571Y,-9.27611255645752
E563N:T567C:Q575C:L583E:N587T,-7.1442084312438965
E563N:T567C:Q575T:S578W,-8.392694473266602
E563N:T567C:Y576W:N587T:R588A,-6.825092315673828
E563N:T567C:Y576W:R588A,-3.757233142852783
E563N:T567E:N569M:G586V,-22.854860305786133
E563N:T567G,-6.757132530212402
E563N:T567Q,-9.34644603729248
E563N:T567Q:L583Q,-12.556266784667969
E563N:T567Q:R588Q,-7.975377082824707
E563N:T567S,-3.7011446952819824
E563N:T567S:Q575C,-5.107058525085449
E563N:T567S:Q575L:S578V,-8.938713073730469
E563N:T567S:Q575N,-3.660277843475342
E563N:T567S:T568V:T573Y:Q575M,-14.906968116760254
E563N:T568V,-7.317824363708496
E563N:T568V:R588Y,-6.308309555053711
E563N:T573K,-9.833584785461426
E563N:T573S:Q575C,-7.904416084289551
E563N:T581P,-4.674276351928711
E563N:V571A:Q575T:N587P:R588F,-9.066535949707031
E563N:V571C:S578D:R588Y,-3.909878730773926
E563N:V571D,-7.337991714477539
E563N:V571E:R588Q,-6.824292182922363
E563N:V571F:S578H:G586L,-14.872901916503906
E563N:V571T:Q575H:N587T,-9.652816772460938
E563N:V571T:T581V,-7.014349460601807
E563N:V571Y:L583P,-10.046876907348633
E563N:Y576P,-11.565047264099121
E563N:Y576W,-5.405343055725098
E563N:Y576W:L583E,-3.852910041809082
E563N:Y576W:L583E:R588A,-1.1775503158569336
E563N:Y576W:L583E:R588F,-3.071824073791504
E563N:Y576W:N587T:R588F,-7.692116737365723
E563N:Y576W:R588A,-2.7299840450286865
E563N:Y576W:R588F,-4.624258041381836
E563N:Y576W:S578D:R588A,-0.893035888671875
E563N:Y576W:S578N:L583E:R588A,-3.9327945709228516
E563P:A572L,-11.236576080322266
E563P:A572Y,-11.622261047363281
E563P:E574L,-8.923067092895508
E563P:E574R,-12.807731628417969
E563P:G586S,-7.601238250732422
E563P:G586V,-8.098799705505371
E563P:I565P,-12.900837898254395
E563P:L583N,-7.590967178344727
E563P:L583V,-7.782771587371826
E563P:Q575H,-7.7933220863342285
E563P:R566F,-9.433934211730957
E563P:R566S,-7.032624244689941
E563P:R566S:L583I,-10.11231517791748
E563P:R566Y:V571A:L583I,-16.084636688232422
E563P:R588Y,-3.846569538116455
E563P:T567Q:R588Y,-9.997396469116211
E563P:T567W,-13.615870475769043
E563P:T573C,-7.76854133605957
E563P:T581Q,-8.737985610961914
E563P:V571E:T573W:R588A,-13.008316040039062
E563P:V571L,-8.49622631072998
E563P:V571P,-11.505515098571777
E563P:V571Q,-10.151814460754395
E563P:V571R,-12.233223915100098
E563P:Y576S:S578T:L583I,-16.754636764526367
E563Q:A572C,-7.423350811004639
E563Q:A572C:S578D:R588A,-2.911043643951416
E563Q:A572C:T573Y:Q575I:S578A,-16.791580200195312
E563Q:A572P,-11.768003463745117
E563Q:A572S,-6.989177703857422
E563Q:A572S:Q575I,-9.98919677734375
E563Q:A572S:Q575M:N587P:R588Q,-8.60785961151123
E563Q:A572S:Q575V,-9.694411277770996
E563Q:A572S:R588Q,-5.618107795715332
E563Q:A572S:S578E,-7.081718444824219
E563Q:A572S:T581N,-8.699098587036133
E563Q:A572S:Y576W:R588A,-6.523542881011963
E563Q:E574K,-11.798319816589355
E563Q:E574Q:L583E,-7.363211631774902
E563Q:E574W,-8.628194808959961
E563Q:G586E,-5.571718215942383
E563Q:G586P,-2.5143251419067383
E563Q:I565C:Q575L:S578V:R588H,-15.373261451721191
E563Q:I565L,-6.277765274047852
E563Q:I565L:Q575I:T581N,-10.98770523071289
E563Q:I565L:R566A:R588T,-6.323751449584961
E563Q:I565L:R566V:Q575L,-10.592019081115723
E563Q:I565L:R588Q,-4.90669584274292
E563Q:I565L:T567S:S578V,-9.890214920043945
E563Q:I565N,-11.444729804992676
E563Q:I565N:T567D:E574C,-22.202381134033203
E563Q:I565V,-7.783400058746338
E563Q:I565V:R566A:Q575I:S578W,-14.896333694458008
E563Q:I565V:R566A:Q575L:S578W,-14.026959419250488
E563Q:I565V:R566A:Q575M:S578W,-14.590134620666504
E563Q:I565V:R566A:Q575V:S578W,-14.601548194885254
E563Q:I565V:R566A:S578W,-11.89631462097168
E563Q:I565V:S578C,-8.984580993652344
E563Q:I565V:S578C:T581N,-10.694502830505371
E563Q:I565V:S578W,-9.189839363098145
E563Q:I565V:T567C,-8.810648918151855
E563Q:I565V:T567C:Q575I,-11.8106689453125
E563Q:I565V:T567C:S578C,-10.01183032989502
E563Q:I565V:T573S,-11.086282730102539
E563Q:L583C,-8.913420677185059
E563Q:L583D,-1.8993406295776367
E563Q:L583D:R588F,-1.1182551383972168
E563Q:L583E,-2.5172510147094727
E563Q:L583E:R588A,0.15810811519622803
E563Q:L583E:R588F,-1.7361656427383423
E563Q:L583E:R588N,-0.30332863330841064
E563Q:L583E:R588P,1.5598481893539429
E563Q:L583P:R588P,-2.0290074348449707
E563Q:N587A,-7.190210819244385
E563Q:N587P,-4.3656158447265625
E563Q:N587P:R588Q,-2.994546413421631
E563Q:N587T,-7.137543678283691
E563Q:Q575C,-5.475598335266113
E563Q:Q575C:R588A,-2.800239324569702
E563Q:Q575C:R588C,-5.965331077575684
E563Q:Q575C:R588N,-3.261676073074341
E563Q:Q575C:S578V,-8.58252239227295
E563Q:Q575C:Y576W,-7.6853227615356445
E563Q:Q575E:T581A,-11.103899002075195
E563Q:Q575H,-7.006922721862793
E563Q:Q575H:S578V,-10.113846778869629
E563Q:Q575H:S578W,-8.413362503051758
E563Q:Q575I,-7.069703578948975
E563Q:Q575I:S578C,-8.270885467529297
E563Q:Q575I:S578V,-10.176628112792969
E563Q:Q575I:S578W,-8.476142883300781
E563Q:Q575L:S578C,-7.401511192321777
E563Q:Q575L:S578W,-7.606768608093262
E563Q:Q575L:Y576W:S578A,-10.388467788696289
E563Q:Q575M:S578T,-10.512870788574219
E563Q:Q575M:S578V,-9.870429039001465
E563Q:Q575N,-4.028817653656006
E563Q:Q575N:S578T,-7.778183460235596
E563Q:Q575N:S578V,-7.135741710662842
E563Q:Q575N:S578W,-5.4352569580078125
E563Q:Q575P,-8.144514083862305
E563Q:Q575T,-6.833071708679199
E563Q:Q575V,-6.774918556213379
E563Q:Q575V:S578A,-8.753331184387207
E563Q:Q575V:S578C,-7.976099967956543
E563Q:Q575V:S578V,-9.881842613220215
E563Q:Q575V:S578W,-8.181357383728027
E563Q:R566A,-6.776159286499023
E563Q:R566A:A572S:Q575M:S578W,-13.79591178894043
E563Q:R566A:A572S:Q575V:S578V,-15.507810592651367
E563Q:R566A:A572S:S578W,-11.102090835571289
E563Q:R566A:N587T,-9.844018936157227
E563Q:R566A:Q575C,-8.182073593139648
E563Q:R566A:Q575C:S578T,-11.931439399719238
E563Q:R566A:Q575C:S578V,-11.288997650146484
E563Q:R566A:Q575H:S578V,-12.820322036743164
E563Q:R566A:Q575I,-9.776178359985352
E563Q:R566A:Q575I:S578A,-11.75459098815918
E563Q:R566A:Q575I:S578N,-12.531421661376953
E563Q:R566A:Q575I:S578V,-12.883102416992188
E563Q:R566A:Q575I:S578W,-11.1826171875
E563Q:R566A:Q575I:S578W:R588Q,-9.811548233032227
E563Q:R566A:Q575I:S578W:T581N,-12.892538070678711
E563Q:R566A:Q575L,-8.906805038452148
E563Q:R566A:Q575L:S578W,-10.313243865966797
E563Q:R566A:Q575M,-9.469980239868164
E563Q:R566A:Q575M:S578G,-10.883441925048828
E563Q:R566A:Q575M:S578V,-12.576904296875
E563Q:R566A:Q575M:S578W,-10.876419067382812
E563Q:R566A:Q575N:S578T,-10.484658241271973
E563Q:R566A:Q575N:S578V,-9.842216491699219
E563Q:R566A:Q575N:S578W,-8.141731262207031
E563Q:R566A:Q575P:S578V,-13.957913398742676
E563Q:R566A:Q575S,-8.888139724731445
E563Q:R566A:Q575T,-9.539546966552734
E563Q:R566A:Q575T:S578W,-10.945985794067383
E563Q:R566A:Q575V,-9.481393814086914
E563Q:R566A:Q575V:S578C,-10.682574272155762
E563Q:R566A:Q575V:S578N,-12.236637115478516
E563Q:R566A:Q575V:S578V,-12.588316917419434
E563Q:R566A:Q575V:S578W,-10.887832641601562
E563Q:R566A:Q575V:S578W:T581N,-12.597753524780273
E563Q:R566A:S578D,-4.939211368560791
E563Q:R566A:S578E,-6.86870002746582
E563Q:R566A:S578N,-9.531402587890625
E563Q:R566A:S578T,-10.525525093078613
E563Q:R566A:S578V,-9.88308334350586
E563Q:R566A:S578W,-8.182598114013672
E563Q:R566A:T567A,-8.041816711425781
E563Q:R566A:T567A:A572S:Q575V:S578T,-17.415908813476562
E563Q:R566A:T567A:A572S:S578W,-12.367749214172363
E563Q:R566A:T567A:Q575C:S578W,-10.854169845581055
E563Q:R566A:T567A:Q575I:S578T,-14.791202545166016
E563Q:R566A:T567A:Q575I:S578V,-14.148760795593262
E563Q:R566A:T567A:Q575I:S578W,-12.448275566101074
E563Q:R566A:T567A:Q575L,-10.172462463378906
E563Q:R566A:T567A:Q575M,-10.735637664794922
E563Q:R566A:T567A:Q575N:S578T,-11.750316619873047
E563Q:R566A:T567A:Q575N:S578V,-11.107874870300293
E563Q:R566A:T567A:Q575N:S578W,-9.407389640808105
E563Q:R566A:T567A:Q575T:S578W,-12.21164321899414
E563Q:R566A:T567A:Q575V:S578V,-13.853975296020508
E563Q:R566A:T567A:Q575V:S578W,-12.15349006652832
E563Q:R566A:T567A:S578T,-11.791183471679688
E563Q:R566A:T567A:S578V,-11.148741722106934
E563Q:R566A:T567A:S578W,-9.448256492614746
E563Q:R566A:T567A:T568V,-12.164022445678711
E563Q:R566A:T567A:T568V:S578V,-15.270946502685547
E563Q:R566A:T567C:Q575I:S578W,-12.209866523742676
E563Q:R566A:T567C:Q575L:S578W,-11.340492248535156
E563Q:R566A:T567C:Q575M:S578W,-11.903667449951172
E563Q:R566A:T567C:Q575N:S578V,-10.869465827941895
E563Q:R566A:T567C:Q575V:S578V,-13.61556625366211
E563Q:R566A:T567C:S578W,-9.209847450256348
E563Q:R566A:T567Q:L583Q,-16.13680648803711
E563Q:R566A:T567Q:Q575I:S578W,-17.333444595336914
E563Q:R566A:T567S,-7.281684875488281
E563Q:R566A:T567S:A572S:S578W,-11.607616424560547
E563Q:R566A:T567S:Q575I:S578V,-13.388628005981445
E563Q:R566A:T567S:Q575L:S578T,-13.16169548034668
E563Q:R566A:T567S:Q575V,-9.986919403076172
E563Q:R566A:T567S:Q575V:S578T,-13.736284255981445
E563Q:R566A:T567S:Q575V:S578W,-11.39335823059082
E563Q:R566A:T567S:S578V,-10.388608932495117
E563Q:R566A:T567V:V571T:E574D,-12.619850158691406
E563Q:R566A:T568V,-10.898365020751953
E563Q:R566A:T568V:S578V,-14.005289077758789
E563Q:R566A:T573V:Q575W:S578K:T581Q,-24.469261169433594
E563Q:R566A:T573Y:Q575I,-14.165975570678711
E563Q:R566A:T581N,-8.486080169677734
E563Q:R566A:V571T:E574Q:S578D:R588H,-10.174796104431152
E563Q:R566C,-5.393947124481201
E563Q:R566C:Q575I:R588N,-6.180043697357178
E563Q:R566K:E574V:G586I,-14.4756441116333
E563Q:R566N:N587T,-9.798192977905273
E563Q:R566N:S578W,-8.136773109436035
E563Q:R566Q:T567W:T568R:N587V,-29.794452667236328
E563Q:R566S,-6.246225357055664
E563Q:R566S:A572S:Q575M:S578E,-11.952079772949219
E563Q:R566S:E574D:S578W:R588Q,-7.304515838623047
E563Q:R566S:E574D:T581P:N587V,-12.413698196411133
E563Q:R566S:Q575C:L583W:R588Q,-10.8145751953125
E563Q:R566S:Q575I:S578V,-12.353168487548828
E563Q:R566S:Q575V:S578W,-10.357898712158203
E563Q:R566S:R588A,-3.5708658695220947
E563Q:R566S:S578G,-7.659686088562012
E563Q:R566S:T573S:Q575I,-12.549127578735352
E563Q:R566T,-6.96248722076416
E563Q:R566T:Q575M:S578W,-11.06274700164795
E563Q:R566T:R588Q,-5.591418266296387
E563Q:R566T:S578W,-8.368927001953125
E563Q:R566T:T567A:V571A:Q575I:Y576F:S578E:L583P:R588A,-16.751970291137695
E563Q:R566T:T567C:S578V,-11.096660614013672
E563Q:R566T:V571T:N587T,-10.482447624206543
E563Q:R566V,-6.253293514251709
E563Q:R566V:A572C:Q575V:S578D:R588N,-8.261322975158691
E563Q:R566V:A572S:Q575H,-12.110025405883789
E563Q:R566V:A572S:R588Q,-7.8017168045043945
E563Q:R566V:A572S:T573S:Q575H,-15.412907600402832
E563Q:R566V:A572S:T581N:R588Q,-9.511638641357422
E563Q:R566V:N587T,-9.321152687072754
E563Q:R566V:Q575C:S578W,-9.06564712524414
E563Q:R566V:Q575H,-9.190531730651855
E563Q:R566V:Q575H:S578W,-10.59697151184082
E563Q:R566V:Q575I,-9.253313064575195
E563Q:R566V:Q575I:S578V,-12.360237121582031
E563Q:R566V:Q575I:S578W,-10.659751892089844
E563Q:R566V:Q575L:S578C:N587T:R588Q,-11.281909942626953
E563Q:R566V:Q575L:S578V,-11.490861892700195
E563Q:R566V:Q575L:S578W,-9.790377616882324
E563Q:R566V:Q575M,-8.947113990783691
E563Q:R566V:Q575M:S578W,-10.353553771972656
E563Q:R566V:Q575N:S578V,-9.319351196289062
E563Q:R566V:Q575N:S578W,-7.618865966796875
E563Q:R566V:Q575V,-8.958527565002441
E563Q:R566V:Q575V:S578T,-12.707893371582031
E563Q:R566V:Q575V:S578V,-12.065450668334961
E563Q:R566V:Q575V:S578W,-10.36496639251709
E563Q:R566V:S578D,-4.416345596313477
E563Q:R566V:S578E,-6.345834255218506
E563Q:R566V:S578T,-10.00265884399414
E563Q:R566V:S578V,-9.360218048095703
E563Q:R566V:S578W,-7.659732818603516
E563Q:R566V:T567A,-7.518951416015625
E563Q:R566V:T567A:Q575H:S578W,-11.862628936767578
E563Q:R566V:T567A:Q575I:S578V,-13.625895500183105
E563Q:R566V:T567A:Q575I:S578W,-11.925410270690918
E563Q:R566V:T567A:Q575M:S578W,-11.619211196899414
E563Q:R566V:T567A:Q575V,-10.224185943603516
E563Q:R566V:T567A:Q575V:S578W,-11.630624771118164
E563Q:R566V:T567A:S578V:R588Q,-9.254806518554688
E563Q:R566V:T567A:S578W,-8.925390243530273
E563Q:R566V:T567C:Q575H:S578W,-11.62421989440918
E563Q:R566V:T567C:Q575L:S578W,-10.817626953125
E563Q:R566V:T567C:Q575M:S578N,-12.729606628417969
E563Q:R566V:T567C:Q575T:S578W,-11.450368881225586
E563Q:R566V:T567C:Q575V:S578V,-13.092700958251953
E563Q:R566V:T567C:Q575V:S578W,-11.392215728759766
E563Q:R566V:T567C:S578V,-10.387466430664062
E563Q:R566V:T567C:S578W,-8.686981201171875
E563Q:R566V:T567Q:A572S:T573S:Q575H,-21.563735961914062
E563Q:R566V:T567S,-6.758819103240967
E563Q:R566V:T567S:Q575T:S578W,-10.928646087646484
E563Q:R566V:T567S:S578V,-9.865743637084961
E563Q:R566Y:R588F,-7.844776630401611
E563Q:R588A,-1.3943252563476562
E563Q:R588C,-4.559416770935059
E563Q:R588F,-3.2885990142822266
E563Q:R588H,-4.00720739364624
E563Q:R588K,-5.865818023681641
E563Q:R588N,-1.855762004852295
E563Q:R588Q,-2.698615074157715
E563Q:R588T,-1.409195899963379
E563Q:S578A,-6.048097610473633
E563Q:S578C,-5.2708659172058105
E563Q:S578D,-2.232736587524414
E563Q:S578D:R588A,0.44262266159057617
E563Q:S578E,-4.162225246429443
E563Q:S578E:R588F,-3.3811397552490234
E563Q:S578E:T581Y,-7.956552028656006
E563Q:S578G,-5.483145713806152
E563Q:S578M,-8.383527755737305
E563Q:S578N,-6.824928283691406
E563Q:S578T,-7.819050312042236
E563Q:S578V,-7.176608562469482
E563Q:S578V:R588A,-4.501249313354492
E563Q:S578W,-5.476123809814453
E563Q:T567A,-5.3353424072265625
E563Q:T567A:A572S:Q575I:S578E:L583I,-14.427085876464844
E563Q:T567A:Q575H:S578W,-9.679019927978516
E563Q:T567A:Q575I,-8.33536148071289
E563Q:T567A:Q575I:S578G,-9.748823165893555
E563Q:T567A:Q575I:S578V,-11.442285537719727
E563Q:T567A:Q575L,-7.4659881591796875
E563Q:T567A:Q575L:S578V,-10.572911262512207
E563Q:T567A:Q575M,-8.029163360595703
E563Q:T567A:Q575N:S578V,-8.401399612426758
E563Q:T567A:Q575V:S578W,-9.447015762329102
E563Q:T567A:S578V,-8.442266464233398
E563Q:T567A:S578W,-6.741782188415527
E563Q:T567A:V571T:T581C,-8.591216087341309
E563Q:T567C,-5.096933364868164
E563Q:T567C:Q575I,-8.096952438354492
E563Q:T567C:Q575I:S578C,-9.298133850097656
E563Q:T567C:Q575I:S578T,-11.846318244934082
E563Q:T567C:Q575L:S578C,-8.428759574890137
E563Q:T567C:Q575M:N587T:R588V,-8.423644065856934
E563Q:T567C:Q575T,-7.860321044921875
E563Q:T567C:Q575V,-7.802167892456055
E563Q:T567C:Q575V:S578A,-9.780580520629883
E563Q:T567C:Q575V:S578C,-9.003348350524902
E563Q:T567C:Q575V:S578G:G586P,-7.660269737243652
E563Q:T567C:Q575V:S578W,-9.208606719970703
E563Q:T567C:S578C:R588A,-3.622755527496338
E563Q:T567C:S578C:T581N,-8.008035659790039
E563Q:T567C:T573S,-8.399816513061523
E563Q:T567C:T573S:Q575I,-11.399835586547852
E563Q:T567C:T573S:Q575I:S578C,-12.601016998291016
E563Q:T567C:T573S:Q575L,-10.530461311340332
E563Q:T567C:T573S:Q575L:S578A,-12.508874893188477
E563Q:T567C:T573S:Q575L:S578C,-11.731642723083496
E563Q:T567C:T573S:Q575M,-11.093637466430664
E563Q:T567C:T573S:Q575T:S578A,-13.141616821289062
E563Q:T567C:T573S:Q575T:S578C,-12.364385604858398
E563Q:T567C:T573S:Q575V:S578A,-13.083463668823242
E563Q:T567C:T573S:Q575V:S578C,-12.306231498718262
E563Q:T567C:T573S:S578C,-9.600997924804688
E563Q:T567C:T573Y:Q575I,-12.486749649047852
E563Q:T567H,-10.978172302246094
E563Q:T567K,-10.13624095916748
E563Q:T567P:Q575I:S578C,-11.145225524902344
E563Q:T567Q,-10.220512390136719
E563Q:T567Q:A572C:T573S:R588F,-16.095975875854492
E563Q:T567Q:A572S:Q575M:S578E,-15.926366806030273
E563Q:T567Q:A572S:T573S:T581N,-18.152809143066406
E563Q:T567Q:Q575V,-12.925745964050293
E563Q:T567Q:Q575V:S578V,-16.032669067382812
E563Q:T567Q:T568V:S578V,-17.449642181396484
E563Q:T567S,-4.575210094451904
E563Q:T567S:Q575I,-7.575229167938232
E563Q:T567S:Q575L:S578W,-8.11229419708252
E563Q:T567S:Q575V:S578W,-8.686882972717285
E563Q:T567S:Q575V:S578W:N587T,-11.754741668701172
E563Q:T567S:S578W:G586L,-9.4724702835083
E563Q:T567S:T568V:Q575I:S578V,-14.80435848236084
E563Q:T567S:T573H:Q575T:S578A:T581N,-14.563899993896484
E563Q:T568F:S578C,-14.413629531860352
E563Q:T568V,-8.191889762878418
E563Q:T568V:A572C:Q575V:S578W,-15.65722942352295
E563Q:T568V:A572S:Q575I,-14.111401557922363
E563Q:T568V:A572S:Q575V,-13.81661605834961
E563Q:T568V:Q575L,-10.322534561157227
E563Q:T568V:Q575T:S578W,-12.361716270446777
E563Q:T568V:Q575V,-10.897123336791992
E563Q:T568V:Q575V:S578W,-12.30356216430664
E563Q:T568V:S578G,-9.605350494384766
E563Q:T568V:T573S:Q575M:R588Q,-12.817523956298828
E563Q:T573S,-7.372567653656006
E563Q:T573S:Q575I,-10.372587203979492
E563Q:T573S:Q575I:S578C,-11.573768615722656
E563Q:T573S:Q575T,-10.135954856872559
E563Q:T573S:S578C,-8.573749542236328
E563Q:T573S:S578N:L583I,-13.207502365112305
E563Q:T581Q,-7.951586723327637
E563Q:T581Y:R588F,-7.082925796508789
E563Q:V571C:Q575I:S578C:T581N,-13.541528701782227
E563Q:V571C:Q575M,-10.324226379394531
E563Q:V571C:S578C:T581N,-10.541508674621582
E563Q:V571D:G586E,-9.714090347290039
E563Q:V571D:R588F,-7.430971622467041
E563Q:V571E,-9.069427490234375
E563Q:V571E:G586E,-10.571460723876953
E563Q:V571E:R588N,-6.855504989624023
E563Q:V571E:S578D:R588N,-5.018557071685791
E563Q:Y576E,-11.380624771118164
E563Q:Y576S,-9.139181137084961
E563Q:Y576W,-6.279408931732178
E563Q:Y576W:L583E,-4.726975440979004
E563Q:Y576W:L583E:R588F,-3.945889949798584
E563Q:Y576W:N587T:R588A,-6.671908855438232
E563Q:Y576W:R588A,-3.6040496826171875
E563R:A572S,-8.496183395385742
E563R:E574G,-9.849882125854492
E563R:G586T,-8.662548065185547
E563R:G586T:N587F:R588H,-14.04271125793457
E563R:I565W,-14.818134307861328
E563R:L583E:R588F,-3.243171215057373
E563R:L583M,-9.873054504394531
E563R:L583P,-7.613112449645996
E563R:N569Q,-14.183536529541016
E563R:Q575F,-8.300821304321289
E563R:Q575K,-11.378766059875488
E563R:R566P,-12.662040710449219
E563R:R566Q,-8.422988891601562
E563R:R566V:T567A:A572S,-11.945449829101562
E563R:S578V,-8.683614730834961
E563R:T567A:A572S,-9.761841773986816
E563R:T568E,-15.082881927490234
E563R:T568K,-15.301265716552734
E563R:T568S:S578H:G586C,-20.681739807128906
E563R:T568V,-9.698895454406738
E563R:T568V:A572W:E574A:T581H,-26.764169692993164
E563R:T573S,-8.879573822021484
E563R:T581P,-7.055347442626953
E563R:T581Q,-9.458592414855957
E563R:V571L,-9.216833114624023
E563R:V571S,-7.904590129852295
E563R:V571T:S578C:G586E:R588F,-7.950921058654785
E563R:Y576C,-9.25015926361084
E563R:Y576W,-7.786414623260498
E563S:A572C:N587T:R588Q,-7.989246368408203
E563S:A572C:Q575C:S578D:T581C:R588Y,-7.6556806564331055
E563S:A572C:R588C,-6.782188892364502
E563S:A572C:T573S:Q575M:L583D:G586E,-11.620850563049316
E563S:A572S,-5.858283042907715
E563S:A572S:L583E:R588C,-4.795581817626953
E563S:A572S:S578N:N587Q,-12.660375595092773
E563S:A572S:T573S:Q575P,-13.23599624633789
E563S:A572S:T581C,-8.662055969238281
E563S:E574K,-10.667425155639648
E563S:G586A,-5.593911170959473
E563S:G586L,-6.4296112060546875
E563S:I565L:T567S:Q575C:S578G:N587Q,-12.518621444702148
E563S:I565V:G586E:N587T,-11.22239875793457
E563S:I565V:Q575I:T581N:G586L,-14.853266716003418
E563S:I565V:T567C:S578V,-10.7866792678833
E563S:I565V:T567G:S578T,-13.963385581970215
E563S:I565V:T568V:S578N,-13.52995491027832
E563S:L583I,-6.0184807777404785
E563S:N569K:Q575K,-17.679790496826172
E563S:N587K,-9.841318130493164
E563S:Q575G,-5.254693031311035
E563S:Q575L,-5.069435119628906
E563S:Q575V:T581Y:R588A,-6.762991428375244
E563S:R566A,-5.645265102386475
E563S:R566A:Q575N:L583Q,-8.814218521118164
E563S:R566A:T567C:T568V:A572S:S578C,-14.915393829345703
E563S:R566A:T567S:Q575L,-8.2814359664917
E563S:R566A:T568V,-9.767470359802246
E563S:R566G,-3.9300928115844727
E563S:R566N:S578D,-3.7624917030334473
E563S:R566Q:Q575G:S578E,-8.193532943725586
E563S:R566T:Q575I,-8.831612586975098
E563S:R566T:S578A:L583E:R588C,-6.747304916381836
E563S:R566T:S578W:L583Q,-10.447853088378906
E563S:R566T:T567A:S578T,-10.846617698669434
E563S:R566T:T567C:Q575I:S578T,-13.608227729797363
E563S:R566T:T568V:S578N:T581N:N587T,-17.4868221282959
E563S:R566V,-5.12239933013916
E563S:R566V:T567C:A572S:Q575V:S578W,-13.180813789367676
E563S:R566V:T568V,-9.244604110717773
E563S:R566Y:S578Y:L583W,-14.09611988067627
E563S:R588C,-3.4285225868225098
E563S:R588F,-2.1577048301696777
E563S:R588H,-2.8763132095336914
E563S:R588Q,-1.567720890045166
E563S:S578D,-1.1018424034118652
E563S:S578F,-4.171407699584961
E563S:S578N,-5.694034099578857
E563S:S578N:N587Q,-9.740882873535156
E563S:S578Q,-7.133195400238037
E563S:T567A,-4.204448699951172
E563S:T567A:A572S,-7.123941421508789
E563S:T567A:Q575N:S578V,-7.270505905151367
E563S:T567A:Q575N:S578V:T581N,-8.980426788330078
E563S:T567A:Q575N:Y576F:S578V:T581N,-11.457944869995117
E563S:T567A:Q575V:S578W,-8.316122055053711
E563S:T567A:S578W:R588C,-6.100620269775391
E563S:T567A:T568V,-8.326653480529785
E563S:T567A:T568V:T581N,-10.036575317382812
E563S:T567A:T568V:T581N:N587T,-13.1044340133667
E563S:T567A:T573S,-7.507331848144531
E563S:T567A:T573S:S578T,-11.256697654724121
E563S:T567C:Q575V,-6.671273231506348
E563S:T567C:T568V:A572S:S578G:G586L,-15.912020683288574
E563S:T567G:T568V:Y576F:R588Q,-11.728958129882812
E563S:T567H,-9.847278594970703
E563S:T567H:T568F,-18.990041732788086
E563S:T567S,-3.4443161487579346
E563S:T567S:A572S:T573S:Q575N:N587P,-9.921756744384766
E563S:T567S:N587P,-3.7402474880218506
E563S:T567S:T568V:Q575T:T581N:R588Q,-10.668760299682617
E563S:T568C,-7.756900787353516
E563S:T568P,-11.774584770202637
E563S:T568S,-8.50625228881836
E563S:T568V,-7.060995578765869
E563S:T568V:E574I:T581F,-16.043193817138672
E563S:T568V:Q575C:S578A:G586L:R588Q,-12.56507396697998
E563S:T568V:S578D:L583V:N587P,-8.446666717529297
E563S:T568V:S578V,-10.167919158935547
E563S:T568V:T573S:Q575V:N587T,-16.13697052001953
E563S:T573Q,-7.343977928161621
E563S:T573S,-6.241673469543457
E563S:T581V:L583Y,-9.876253128051758
E563S:V571C,-6.499512195587158
E563S:V571C:Q575S:S578T,-12.360858917236328
E563S:V571L,-6.578932762145996
E563S:V571S,-5.266690254211426
E563S:Y576W:L583G:G586P,-6.863903045654297
E563T:E574T,-7.763530731201172
E563T:I565A,-10.078279495239258
E563T:I565H,-12.070578575134277
E563T:I565L:Q575I:T581N,-10.260512351989746
E563T:I565V:R566S:T568V:T573S:N587T,-19.725696563720703
E563T:I565W,-12.583935737609863
E563T:L583D,-1.1721479892730713
E563T:L583E:R588F,-1.0089730024337769
E563T:L583R,-10.367523193359375
E563T:N569T,-9.881989479064941
E563T:N569V,-11.165291786193848
E563T:N587K,-10.24501895904541
E563T:Q575I,-6.342511177062988
E563T:Q575L,-5.473136901855469
E563T:Q575N,-3.3016250133514404
E563T:Q575V,-6.047725677490234
E563T:R566A:A572S:T573S:S578A:R588Q,-12.87868595123291
E563T:R566A:Q575C:L583E:R588A,-3.22708797454834
E563T:R566A:Q575I,-9.048986434936523
E563T:R566A:T567A:Q575M,-10.008445739746094
E563T:R566A:T567A:Q575M:S578T,-13.757810592651367
E563T:R566A:T567S,-6.554492473602295
E563T:R566A:T567S:T568V,-10.67669677734375
E563T:R566C:Q575V:L583E:R588V,-3.384585380554199
E563T:R566T,-6.235294818878174
E563T:R566V,-5.526101112365723
E563T:R566V:G586L,-9.016921997070312
E563T:R566V:Q575M,-8.219921112060547
E563T:R566V:S578V,-8.633025169372559
E563T:R566V:T567C,-6.55334997177124
E563T:R566V:T567C:Q575I:S578V,-12.660293579101562
E563T:R566V:T567S:Q575I:S578V,-12.138569831848145
E563T:R566V:T567S:Q575L:S578T,-11.911638259887695
E563T:R566W:A572G:T581N,-14.207765579223633
E563T:R588Q,-1.9714224338531494
E563T:S578A,-5.320904731750488
E563T:S578E,-3.435032606124878
E563T:S578N:L583P,-8.134157180786133
E563T:S578T,-7.09185791015625
E563T:S578V,-6.449416160583496
E563T:T567A:Q575M:S578W,-8.708410263061523
E563T:T567A:Q575N:S578T,-8.316648483276367
E563T:T567C,-4.369740962982178
E563T:T567C:Q575V:S578T,-10.8243408203125
E563T:T567C:T568V:S578A:R588Q,-9.099289894104004
E563T:T567G:N587P,-7.199936866760254
E563T:T567H:A572T,-15.180044174194336
E563T:T567Q,-9.493319511413574
E563T:T567R,-10.273571968078613
E563T:T567S,-3.848017692565918
E563T:T567S:A572S:Q575H,-9.70474910736084
E563T:T567S:Q575L:S578V,-9.085586547851562
E563T:T567V,-7.711159706115723
E563T:T568P:N569G:A572V:T573F,-30.488370895385742
E563T:T568V:Q575N:S578T,-11.173195838928223
E563T:T573F,-7.425005912780762
E563T:T573S:S578A:N587T,-11.69164752960205
E563T:T573V,-6.260937690734863
E563T:T581C:N587Q,-10.193113327026367
E563T:T581V,-6.7091217041015625
E563T:V571C,-6.9032135009765625
E563T:V571C:E574S:S578T,-14.784177780151367
E563T:V571R,-10.719632148742676
E563T:V571S,-5.670392036437988
E563T:V571T:L583P,-5.831015110015869
E563T:Y576W,-5.552216529846191
E563V:A572D,-9.52686882019043
E563V:A572Q,-10.593507766723633
E563V:A572S:Q575C:L583E:N587T:R588F,-9.019745826721191
E563V:E574F,-7.448531150817871
E563V:I565L:T573S:T581N,-11.180883407592773
E563V:L583E,-2.4075655937194824
E563V:L583G:N587T,-10.298605918884277
E563V:L583P,-5.9964213371276855
E563V:L583P:R588A,-3.3210620880126953
E563V:L583S,-6.994805335998535
E563V:N569F:R588C,-13.930418014526367
E563V:N569T,-10.499496459960938
E563V:N587T,-7.027858257293701
E563V:Q575C:N587T,-8.433772087097168
E563V:Q575C:S578G:L583E,-5.2269415855407715
E563V:Q575L:T581V:L583E,-7.904839992523193
E563V:Q575M:N587C,-13.290252685546875
E563V:Q575M:S578G,-8.067281723022461
E563V:Q575S,-6.071979522705078
E563V:Q575T,-6.723386287689209
E563V:Q575T:L583D:N587P:R588F,-4.067888259887695
E563V:R566A,-6.666473865509033
E563V:R566A:L583E,-5.114040374755859
E563V:R566A:L583E:R588V,-2.6790709495544434
E563V:R566A:Q575L:G586E:R588F,-9.518067359924316
E563V:R566A:Q575L:S578G:L583E,-8.658146858215332
E563V:R566A:R588N,-4.452551364898682
E563V:R566A:T567A,-7.932132244110107
E563V:R566A:T567A:Q575M:R588F,-9.844867706298828
E563V:R566A:T567A:R588F,-7.1510467529296875
E563V:R566A:T567A:S578W,-9.338571548461914
E563V:R566A:V571T:L583P,-9.154996871948242
E563V:R566A:V571T:S578G,-8.532035827636719
E563V:R566C,-5.284261703491211
E563V:R566C:V571A:Q575T:T581V:L583W,-19.540468215942383
E563V:R566N,-6.620648384094238
E563V:R566S,-6.136539459228516
E563V:R566S:S578W:T581N,-9.252899169921875
E563V:R566S:V571E:S578D:T581F:R588F,-12.866591453552246
E563V:R566T:A572C,-10.20646858215332
E563V:R566T:Q575I,-9.852821350097656
E563V:R566T:Q575V:L583P,-11.59445858001709
E563V:R566T:T567A:T568V:S578V:R588A,-12.672229766845703
E563V:R566V,-6.143608093261719
E563V:R566V:V571A,-9.736291885375977
E563V:R588A,-1.284639835357666
E563V:R588F,-3.1789135932922363
E563V:S578E:R588C,-4.542272090911865
E563V:S578G,-5.37346076965332
E563V:S578H,-7.779712677001953
E563V:T567A,-5.2256574630737305
E563V:T567A:R588Q,-3.8545877933502197
E563V:T567A:V571T:Q575M,-8.37157917022705
E563V:T567A:V571T:Y576F:S578G:R588F,-8.787652969360352
E563V:T567A:Y576F:L583E:N587T,-9.21860122680664
E563V:T567C:Q575V:S578V:L583W,-15.332911491394043
E563V:T567L:V571S:R588N,-10.698773384094238
E563V:T567Q,-10.11082649230957
E563V:T567S,-4.465524673461914
E563V:T568C:A572S:L583E,-10.145169258117676
E563V:T568K,-13.684575080871582
E563V:T568V,-8.082204818725586
E563V:T568V:Q575H:Y576F,-13.49696159362793
E563V:T568V:V571T:Q575I,-11.534324645996094
E563V:T573S:Y576Q,-13.901533126831055
E563V:T581C,-6.7637715339660645
E563V:T581Q,-7.8419013023376465
E563V:T581V,-7.326628684997559
E563V:V571A,-7.552683353424072
E563V:V571C,-7.520720958709717
E563V:V571E,-8.959741592407227
E563V:V571T,-4.412100315093994
E563V:V571T:A572S:S578D:L583W,-10.02815055847168
E563V:V571T:Q575M:Y576F:R588F,-8.802353858947754
E563V:V571T:R588N,-2.1981775760650635
E563V:Y576F,-6.437517166137695
E563V:Y576F:L583E,-4.88508415222168
E563V:Y576F:N587T:R588F,-8.72429084777832
E563V:Y576F:R588F,-5.656432151794434
E563V:Y576T,-10.12913703918457
E563W:A572Y,-13.818840026855469
E563W:G586D,-7.899044990539551
E563W:I565P,-15.097416877746582
E563W:L583A:G586L,-13.612602233886719
E563W:L583E,-5.500229358673096
E563W:N569C,-14.936016082763672
E563W:N569S,-13.318214416503906
E563W:N569Y,-15.971762657165527
E563W:R566A:N569P:E574R:N587Y,-34.307857513427734
E563W:R566F:T567P,-14.504853248596191
E563W:R566Q,-9.898962020874023
E563W:R566V:L583E,-7.683838367462158
E563W:R588N,-4.838740348815918
E563W:R588T,-4.392174243927002
E563W:S578H,-10.872376441955566
E563W:T567P:Q575I:S578C:R588P,-10.051103591918945
E563W:T568F,-16.19542694091797
E563W:T568I,-13.390542030334473
E563W:T568L:E574S,-19.07379722595215
E563W:T568N:Q575L,-17.033172607421875
E563W:Y576T,-13.2218017578125
E563Y:E574Y,-8.758675575256348
E563Y:G586I,-9.133865356445312
E563Y:N569D:L583P,-13.193525314331055
E563Y:N569E,-13.753616333007812
E563Y:N569K,-14.217493057250977
E563Y:N587F,-10.721208572387695
E563Y:R566G:T567P:S578E,-9.236751556396484
E563Y:R566N,-7.939217567443848
E563Y:R566N:E574I:G586I,-16.42837142944336
E563Y:R566N:E574I:L583D:G586I,-14.258028030395508
E563Y:R566N:G586I,-11.794514656066895
E563Y:R588Q,-3.907498836517334
E563Y:R588Y,-4.269053936004639
E563Y:S578E,-5.3711090087890625
E563Y:T568D,-14.43582534790039
E563Y:T568I:E574V:G586I:N587F,-25.081676483154297
E563Y:T568M:A572G:L583W,-21.633716583251953
E563Y:T573S,-8.581451416015625
E563Y:V571R,-12.655708312988281
E574A:G586V,-7.431122779846191
E574A:L583P,-6.224828720092773
E574A:Q575C,-5.594320297241211
E574A:Q575I:N587Q,-11.235275268554688
E574A:Q575T,-6.951793670654297
E574A:S578C,-5.389587879180908
E574A:T581H,-8.687356948852539
E574C:N587H,-9.28257942199707
E574C:N587T,-6.8554887771606445
E574C:Q575F:N587V:R588P,-6.10055685043335
E574C:Q575P,-7.862459659576416
E574C:Q575S,-5.8996100425720215
E574C:S578D,-1.9506816864013672
E574C:Y576W,-5.997354030609131
E574D:G586E,-2.5249550342559814
E574D:L583Y,-4.593753814697266
E574D:N587P,-1.3188526630401611
E574D:N587T,-4.090780258178711
E574D:Q575N,-0.9820544719696045
E574D:R588N,1.1910011768341064
E574D:R588V,1.412048101425171
E574D:S578Y,-3.0905678272247314
E574F:G586Y,-8.312965393066406
E574F:L583M,-7.7848968505859375
E574F:N587A,-6.609058380126953
E574F:Q575I:S578C,-7.689732551574707
E574F:R588P,0.5885674953460693
E574F:S578V,-6.595456123352051
E574F:T581P,-4.967188835144043
E574G:L583A,-7.342311382293701
E574G:L583P,-6.309614658355713
E574G:R588F,-3.4921069145202637
E574G:S578M,-8.5870361328125
E574G:T581K,-11.47646427154541
E574H:L583M,-8.939815521240234
E574H:L583P,-6.679872512817383
E574H:L583V,-7.570137977600098
E574H:N587Q,-8.690299987792969
E574H:Q575F,-7.367581844329834
E574H:R588A,-1.9680910110473633
E574H:S578G,-6.056911468505859
E574H:S578R,-12.45847225189209
E574H:S578W,-6.04988956451416
E574H:T581A,-7.180415153503418
E574H:Y576Q,-11.28210163116455
E574H:Y576T,-10.812588691711426
E574H:Y576T:S578A,-12.79100227355957
E574I:G586F,-9.537302017211914
E574I:G586P,-3.078497886657715
E574I:G586R,-11.854183197021484
E574I:Q575C,-6.03977108001709
E574I:Q575V,-7.3390913009643555
E574I:R588V,-2.198887825012207
E574I:S578D,-2.7969093322753906
E574I:T581Y,-8.428184509277344
E574I:Y576H,-6.864348411560059
E574K:G586A,-10.383755683898926
E574K:Q575D,-11.850212097167969
E574K:Y576W,-9.938360214233398
E574L:G586L,-7.557805061340332
E574L:L583E:R588Q,-1.143480896949768
E574L:N587V,-7.732878684997559
E574L:S578N,-6.822227478027344
E574L:Y576S,-9.136480331420898
E574L:Y576W,-6.276708126068115
E574M:G586I,-8.173529624938965
E574M:G586V,-7.560948371887207
E574M:L583N,-7.0531158447265625
E574M:N587V,-7.984127521514893
E574M:Q575D,-8.43980884552002
E574M:Q575F,-7.042364120483398
E574M:Q575P:L583V,-11.31974983215332
E574M:Q575T,-7.081619739532471
E574M:R588H,-4.255755424499512
E574M:S578C,-5.519413948059082
E574M:S578N,-7.073476314544678
E574M:T581Y,-8.11255931854248
E574N:L583N,-6.6243205070495605
E574P:Q575S,-8.376731872558594
E574P:Q575W,-9.393625259399414
E574P:S578D,-4.427803039550781
E574P:T581A,-8.801715850830078
E574P:Y576R,-14.67558479309082
E574Q:G586I,-8.701257705688477
E574Q:G586Q,-8.654459953308105
E574Q:L583D,-2.67561674118042
E574Q:L583F:G586F,-13.512399673461914
E574Q:L583P,-6.882382869720459
E574Q:N587H,-10.340910911560059
E574Q:N587P,-5.141891956329346
E574Q:Q575C:T581H:L583D,-8.580482482910156
E574Q:Q575I,-7.845979690551758
E574Q:Q575L,-6.976605415344238
E574Q:Q575N,-4.805093765258789
E574Q:R588N,-2.632038116455078
E574Q:R588P,-0.7688612937927246
E574Q:R588Q,-3.474891185760498
E574Q:S578W,-6.252399444580078
E574Q:T581H,-9.344911575317383
E574Q:Y576N:S578H,-14.23110580444336
E574Q:Y576P,-13.215389251708984
E574R:G586A,-10.606768608093262
E574R:G586V,-11.194364547729492
E574R:L583G,-11.222395896911621
E574R:Q575A,-10.241559982299805
E574R:T581V,-11.318277359008789
E574R:Y576N,-13.51707935333252
E574S:L583H,-8.318717956542969
E574S:N587A,-7.252124309539795
E574S:Q575C:S578P,-10.321940422058105
E574S:T581P,-5.610255241394043
E574S:Y576P,-12.501026153564453
E574T:L583P,-6.457461357116699
E574T:Q575H,-7.358277320861816
E574T:R588V,-1.986069679260254
E574T:S578G,-5.834500312805176
E574V:L583S,-7.202096939086914
E574V:Q575A,-6.457202911376953
E574V:Q575D,-8.288866996765137
E574V:Q575F:S578V:L583M,-14.294711112976074
E574V:Q575W,-7.296164512634277
E574V:S578E,-4.259831428527832
E574V:Y576E,-11.478231430053711
E574W:G586W,-10.896855354309082
E574W:L583D,-2.3881659507751465
E574W:L583I,-7.638200283050537
E574W:L583M,-8.854874610900879
E574W:N587C,-11.194942474365234
E574W:N587V,-8.224405288696289
E574W:Q575P,-8.633339881896973
E574W:Q575S,-6.670490264892578
E574W:S578F,-5.7911272048950195
E574W:Y576K,-13.521852493286133
E574W:Y576N,-10.123941421508789
E574Y:L583N,-6.214990615844727
E574Y:N587A,-6.60063362121582
E574Y:R588A,-0.8047482967376709
E574Y:R588Q,-2.1090381145477295
E574Y:S578F,-4.7127251625061035
E574Y:S578P,-8.264535903930664
E574Y:Y576A,-9.085412979125977
E574Y:Y576E,-10.791048049926758
G586A:N587R,-10.587462425231934
G586A:R588A,0.020238637924194336
G586C:N587C,-12.354307174682617
G586C:R588P,-1.640775203704834
G586D:R588Q,0.5246872901916504
G586E:N587T:R588A,-1.894533634185791
G586E:N587V,-5.167928695678711
G586E:R588A,1.173325538635254
G586E:R588F,-0.7209482192993164
G586E:R588N,0.7118887901306152
G586E:R588P,2.5750656127929688
G586E:R588Q,-0.1309642791748047
G586E:R588V,0.9329357147216797
G586F:N587H,-10.398395538330078
G586F:N587Q:R588Q,-7.579225063323975
G586F:R588Y,-3.8939309120178223
G586L:N587P:R588Q,-2.4156830310821533
G586L:N587Y,-8.722122192382812
G586L:R588A,-0.8154618740081787
G586P:N587F,-3.8872804641723633
G586P:N587H:R588A,-1.2642316818237305
G586Q:R588C,-4.298232078552246
G586Q:R588Y,-2.798985242843628
G586R:R588F,-6.439239978790283
G586T:N587H,-8.580808639526367
G586T:N587T,-6.153717041015625
G586V:R588Q,-1.8716466426849365
G586W:R588F,-5.557260036468506
G586Y:R588Q,-3.4533638954162598
G586Y:R588V,-2.3894639015197754
I565A:E574P,-13.000537872314453
I565A:N569D:Y576Q:S578Y:L583K,-27.715038299560547
I565A:N587F,-12.178426742553711
I565A:R566S,-8.912327766418457
I565A:R588P,-2.6586880683898926
I565A:T567R:E574I,-18.300724029541016
I565A:T573A,-10.24898910522461
I565A:T573N,-9.840412139892578
I565C:E574I,-10.76234245300293
I565C:G586R,-13.348810195922852
I565C:G586S,-8.873639106750488
I565C:L583E,-4.576051235198975
I565C:N569A,-14.110454559326172
I565C:N569T,-12.66798210144043
I565C:N587Y,-11.359785079956055
I565C:Q575E,-10.625734329223633
I565C:R588C,-6.6182169914245605
I565C:S578V,-9.235408782958984
I565C:T567K,-12.19504165649414
I565C:T567N,-11.103943824768066
I565C:V571F,-10.495233535766602
I565C:Y576H:G586P,-6.803616523742676
I565C:Y576T,-12.297622680664062
I565D:A572D,-14.409154891967773
I565D:E574K,-16.570920944213867
I565D:G586R,-16.062610626220703
I565D:L583K,-15.236703872680664
I565D:L583Q,-12.052105903625488
I565D:N569E,-17.317333221435547
I565D:Q575A,-11.132197380065918
I565D:Q575V,-11.547518730163574
I565D:R566F,-13.420135498046875
I565D:R566S,-11.01882553100586
I565D:T567G:L583F,-16.166791915893555
I565D:T568E:E574K,-26.077112197875977
I565D:T581C,-11.64605712890625
I565D:T581N,-10.552206039428711
I565D:Y576A,-14.447590827941895
I565D:Y576C,-12.515754699707031
I565E:A572C:T573P:Q575E:R588N,-20.309852600097656
I565E:A572Q,-15.562055587768555
I565E:E574R:R588H,-16.817718505859375
I565E:G586A,-11.58366870880127
I565E:N569M,-18.24718475341797
I565E:N587Q,-12.975397109985352
I565E:Q575A,-11.218460083007812
I565E:R566A:Y576K:S578P,-25.382793426513672
I565E:R566F,-13.50639820098877
I565E:R566K,-11.311920166015625
I565E:R566S,-11.105088233947754
I565E:R566V:A572C:T573H:E574Q,-22.848751068115234
I565E:T567E,-16.02643585205078
I565E:T567E:Y576Q:G586I,-26.5203857421875
I565E:T567F,-15.732723236083984
I565E:T567M:T573Q:R588A,-17.027395248413086
I565E:T568S,-14.496009826660156
I565E:T573N,-12.033172607421875
I565E:T581F,-13.27688980102539
I565E:T581N,-10.638468742370605
I565E:V571A,-12.521232604980469
I565E:V571R,-16.305686950683594
I565E:V571S,-11.256447792053223
I565E:Y576C,-12.60201644897461
I565E:Y576H,-11.159038543701172
I565E:Y576K,-17.891891479492188
I565F:E574S,-10.6222562789917
I565F:N587H,-11.98560905456543
I565F:N587R,-14.42300033569336
I565F:Q575G,-8.806560516357422
I565F:Q575W,-9.619531631469727
I565F:R566E,-11.870956420898438
I565F:R588A,-3.8152990341186523
I565F:T567H:L583F,-17.162139892578125
I565F:T567S,-6.9961838722229
I565F:T567V,-10.859326362609863
I565F:V571M:T573A:Y576V,-20.635704040527344
I565F:V571N:Y576A,-16.071834564208984
I565F:V571R,-13.8677978515625
I565F:Y576E,-13.801599502563477
I565F:Y576T,-12.659796714782715
I565G:A572I:T573C,-17.756359100341797
I565G:E574N:S578R:G586R,-27.348360061645508
I565G:G586R,-15.643901824951172
I565G:N569M,-17.74221420288086
I565G:N587V,-12.089471817016602
I565G:Q575I,-11.423595428466797
I565G:R566E:T567F:N569R:Q575P:Y576T,-40.807960510253906
I565G:R566F,-13.001426696777344
I565G:R566N,-11.08422565460205
I565G:R566N:T573K,-17.722190856933594
I565G:R588T,-5.763087749481201
I565G:S578C,-9.624757766723633
I565G:T567F:T568K:V571E,-29.952072143554688
I565G:T567M,-14.792595863342285
I565G:T567Q,-14.574403762817383
I565G:T567V,-12.792243957519531
I565G:T567W,-17.18336296081543
I565G:T568H,-18.447357177734375
I565G:T568M,-16.99479866027832
I565G:T573N:Q575I,-14.528221130371094
I565G:T573W:R588P,-10.174324035644531
I565G:T581N,-10.13349723815918
I565G:V571N,-12.399445533752441
I565G:Y576C,-12.0970458984375
I565H:E574H,-13.371536254882812
I565H:E574I,-13.361944198608398
I565H:L583C,-13.571823120117188
I565H:N569H,-16.899715423583984
I565H:N569S,-14.993638038635254
I565H:Q575E,-13.225336074829102
I565H:Q575I,-11.728105545043945
I565H:R566D,-14.352347373962402
I565H:R566P,-15.813436508178711
I565H:S578C,-9.929267883300781
I565H:S578M,-13.041930198669434
I565H:S578T:R588H,-12.4149751663208
I565H:T567L:R588C,-15.842616081237793
I565H:T567M:T568I,-21.434986114501953
I565H:T567S:V571W,-15.438751220703125
I565H:T568K,-18.45266342163086
I565H:T573Y,-13.117883682250977
I565H:T581Y,-12.52241325378418
I565H:V571D,-12.870458602905273
I565H:V571K,-15.853315353393555
I565H:V571Q,-14.02381706237793
I565H:Y576W,-10.937810897827148
I565L:A572C:Y576W,-7.7714715003967285
I565L:A572S:S578T:L583I:R588T,-9.296141624450684
I565L:E574T,-6.629119873046875
I565L:G586E:R588A,-1.0347552299499512
I565L:L583F,-5.971074104309082
I565L:L583I,-5.287771224975586
I565L:L583Q,-5.417901515960693
I565L:N569S,-8.4736328125
I565L:N587C,-8.844512939453125
I565L:N587T,-5.27593994140625
I565L:N587Y,-7.4393815994262695
I565L:Q575H,-5.145318984985352
I565L:Q575H:Y576W,-7.355043411254883
I565L:Q575I:S578V,-8.315023422241211
I565L:Q575L:L583E:R588F,-2.005207061767578
I565L:Q575M:S578G:T581N,-8.025283813476562
I565L:Q575N,-2.1672139167785645
I565L:Q575R,-8.289472579956055
I565L:R566A,-4.914555549621582
I565L:R566A:Q575V:S578W,-9.026227951049805
I565L:R566A:T567Q:V571T:L583V:N587Q,-18.49102020263672
I565L:R566A:T567S:Q575T:S578G:T581N,-11.306851387023926
I565L:R566A:T568V:S578V:T581F:G586P,-14.936667442321777
I565L:R566H,-5.5525383949279785
I565L:R566H:T573F,-9.635052680969238
I565L:R566K:Y576W:T581V:G586L,-13.6586275100708
I565L:R566T,-5.100883483886719
I565L:R566V:T581Q,-8.273591995239258
I565L:R588F,-1.4269952774047852
I565L:S578A,-4.186493873596191
I565L:S578C,-3.409262180328369
I565L:S578C:T581N,-5.119183540344238
I565L:S578E,-2.300621509552002
I565L:S578T,-5.957446575164795
I565L:S578W,-3.6145198345184326
I565L:T567A:T568V:S578V:G586L,-14.193689346313477
I565L:T567A:V571T,-3.925839900970459
I565L:T567C,-3.2353298664093018
I565L:T567C:Q575I,-6.235348701477051
I565L:T567C:Q575L:L583E,-3.8135414123535156
I565L:T567Q:A572S:Q575G:S578D,-11.757355690002441
I565L:T567Q:T568V:A572S:Q575M:S578N,-20.84967041015625
I565L:T567R,-9.13916015625
I565L:T567S:Q575S:Y576F,-7.303105354309082
I565L:T567S:T568V:S578W,-8.2422513961792
I565L:T567S:T573S,-6.016489505767822
I565L:T567S:T573S:S578V:R588Q,-7.752344131469727
I565L:T567Y,-8.901130676269531
I565L:T568K,-11.932657241821289
I565L:T568R,-12.660867691040039
I565L:T568V,-6.330286026000977
I565L:T568V:A572S:S578T:R588Q,-11.628074645996094
I565L:T568V:T573S:Q575N:N587T:R588Q,-11.289092063903809
I565L:T568V:T573S:T581N:N587T:R588Q,-13.03987979888916
I565L:T573C,-5.120538234710693
I565L:T573S,-5.5109639167785645
I565L:T573S:Q575N:N587T:R588Q,-7.166886806488037
I565L:T573S:Q575T,-8.274351119995117
I565L:T573S:Q575V:N587T,-11.2840576171875
I565L:T573S:S578C:T581N:R588Q,-7.050996780395508
I565L:V571A,-5.800765037536621
I565L:V571C,-5.768802642822266
I565L:V571C:A572S:Q575V,-11.393529891967773
I565L:V571D,-6.3504533767700195
I565L:V571F:A572C,-9.928495407104492
I565L:Y576F,-4.685599327087402
I565L:Y576F:S578T:L583Q:N587T,-14.712644577026367
I565N:A572I,-13.795371055603027
I565N:E574C:Q575H,-14.099912643432617
I565N:E574W,-11.933555603027344
I565N:G586C,-13.092920303344727
I565N:N569A,-15.357015609741211
I565N:N569L,-15.932991027832031
I565N:N569V,-15.197845458984375
I565N:Q575D,-11.496622085571289
I565N:Q575M,-10.068865776062012
I565N:R566A,-10.081520080566406
I565N:R566S,-9.551586151123047
I565N:S578G,-8.788506507873535
I565N:S578M,-11.688888549804688
I565N:T567Q:L583V:N587H,-21.947511672973633
I565N:T567W,-16.13483238220215
I565N:T567Y,-14.068094253540039
I565N:T581F,-11.723386764526367
I565N:T581Y,-11.16937255859375
I565N:V571K,-14.500274658203125
I565P:A572F,-14.772418975830078
I565P:G586S,-10.789908409118652
I565P:G586W,-14.383099555969238
I565P:Q575C,-9.450668334960938
I565P:Q575E,-12.542003631591797
I565P:Q575M,-10.738574981689453
I565P:R588C,-8.534486770629883
I565P:R588F,-7.263668537139893
I565P:S578T,-11.794119834899902
I565P:T567K,-14.111310958862305
I565P:T567N,-13.02021312713623
I565P:V571D,-12.187126159667969
I565P:Y576F:S578R,-18.33729362487793
I565Q:A572E,-14.571014404296875
I565Q:L583D,-5.489468574523926
I565Q:L583W,-12.193317413330078
I565Q:N569A,-15.641782760620117
I565Q:N569M,-16.97844886779785
I565Q:N587Y,-12.89111328125
I565Q:R566A:E574C,-14.15391731262207
I565Q:R566S:T567F:N587C,-23.276962280273438
I565Q:R566Y,-12.21599006652832
I565Q:R588F,-6.878726959228516
I565Q:S578C:L583G:R588F,-11.350656509399414
I565Q:S578M,-11.973655700683594
I565Q:S578R,-15.474834442138672
I565Q:T567K,-13.72636890411377
I565Q:T567Y:V571N,-18.328731536865234
I565Q:T568E:A572L:L583D,-21.37615203857422
I565Q:T568H,-17.683591842651367
I565Q:T568L,-15.549347877502441
I565Q:T568Q:A572R:R588K,-27.417951583862305
I565Q:T573C,-10.572269439697266
I565Q:T573P,-13.404123306274414
I565Q:T581H,-12.158763885498047
I565Q:V571H,-13.512788772583008
I565R:A572T,-14.164913177490234
I565R:E574D,-10.258770942687988
I565R:L583H,-13.422969818115234
I565R:N569I,-17.459306716918945
I565R:N587K,-16.138376235961914
I565R:Q575K,-15.037925720214844
I565R:R566K:A572P:T573N:E574N:G586I,-30.166900634765625
I565R:R566P,-16.321199417114258
I565R:R588F,-8.454763412475586
I565R:S578A,-11.214262008666992
I565R:S578E,-9.328390121459961
I565R:S578P:L583G,-17.291025161743164
I565R:T567F,-16.04002571105957
I565R:T567G,-12.79736328125
I565R:T567R,-16.166929244995117
I565R:T567V,-13.604516983032227
I565R:V571H,-15.088825225830078
I565R:V571R,-16.61298942565918
I565R:Y576P,-17.60527801513672
I565S:A572V:G586V:N587V,-19.016300201416016
I565S:E574F,-10.289304733276367
I565S:E574P,-13.065523147583008
I565S:E574T,-11.221811294555664
I565S:G586S,-9.545927047729492
I565S:L583M,-11.097137451171875
I565S:N569Q,-15.40761947631836
I565S:N587F,-12.243412017822266
I565S:N587T,-9.868631362915039
I565S:Q575E,-11.29802131652832
I565S:Q575N,-6.759905815124512
I565S:R566C:G586V,-11.367751121520996
I565S:R566C:N569K:G586V,-20.30667495727539
I565S:R566H,-10.145230293273926
I565S:R566K:T567R:T568C:N587Q,-24.980182647705078
I565S:R588F,-6.019687175750732
I565S:T567A,-8.066431045532227
I565S:T567R,-13.731852531433105
I565S:T568P,-15.636567115783691
I565S:T568R,-17.253559112548828
I565S:V571W,-13.005910873413086
I565S:Y576V,-13.070898056030273
I565S:Y576W,-9.010497093200684
I565T:A572G:E574L:Y576W:T581N:N587T,-19.605072021484375
I565T:E574H,-9.943612098693848
I565T:G586P,-3.744802474975586
I565T:L583I,-8.379852294921875
I565T:Q575L,-7.430807113647461
I565T:R566A,-8.006636619567871
I565T:R566A:E574F:Q575A,-13.785080909729004
I565T:R566A:G586P,-6.451277256011963
I565T:R566E,-10.680459976196289
I565T:R588Q,-3.9290924072265625
I565T:R588T,-2.6396732330322266
I565T:S578Q,-9.494566917419434
I565T:T567G:T573C:Y576F,-14.2516508102417
I565T:T568H:Q575D,-19.445518493652344
I565T:T568S:N569A:G586T,-21.93545150756836
I565T:T581C,-8.103934288024902
I565T:T581N,-7.010083198547363
I565T:V571C:S578N:L583C,-16.459863662719727
I565T:Y576F,-7.777680397033691
I565V:A572C,-7.067381858825684
I565V:A572C:G586P,-5.512022495269775
I565V:A572C:L583D,-4.897037982940674
I565V:A572C:Q575V:S578F:T581N:R588Q,-11.344084739685059
I565V:A572S,-6.633208274841309
I565V:A572S:Q575C,-8.039122581481934
I565V:A572S:Q575L,-8.763853073120117
I565V:A572S:S578V,-9.740132331848145
I565V:A572S:S578V:N587T,-12.807991027832031
I565V:A572S:S578W:T581F:N587T,-15.455848693847656
I565V:A572S:T573S:S578V:N587T,-16.11087417602539
I565V:A572S:T573S:S578V:N587T:R588Q,-14.739805221557617
I565V:G586E:R588Y,-4.206234931945801
I565V:G586L,-7.204536437988281
I565V:L583P,-5.750137805938721
I565V:N569E,-12.188763618469238
I565V:N569Y:A572W:R588Y,-20.001216888427734
I565V:Q575A,-6.003627777099609
I565V:Q575A:S578V,-9.110551834106445
I565V:Q575C,-5.119629859924316
I565V:Q575I,-6.7137346267700195
I565V:Q575I:R588F,-5.9326491355896
I565V:Q575I:S578A,-8.692148208618164
I565V:Q575I:S578C,-7.914916038513184
I565V:Q575I:T581N,-8.42365550994873
I565V:Q575L:S578G,-7.257822036743164
I565V:Q575M,-6.407536506652832
I565V:Q575N:S578A,-5.651261806488037
I565V:Q575P,-7.788545608520508
I565V:Q575T,-6.477102756500244
I565V:Q575T:S578A,-8.45551586151123
I565V:Q575T:S578C:T581N,-9.388205528259277
I565V:Q575V:L583Q,-9.628769874572754
I565V:Q575W,-6.842589378356934
I565V:R566A:T567C,-7.447439670562744
I565V:R566A:T568V:A572S:Q575H:Y576F,-18.876646041870117
I565V:R566A:T568V:S578A:G586P,-10.965449333190918
I565V:R566K,-6.097087383270264
I565V:R566K:T568V,-10.219292640686035
I565V:R566S:T567C:T568V,-11.03971004486084
I565V:R566V,-5.897324562072754
I565V:R566V:A572S,-8.816817283630371
I565V:R566V:E574W:S578D,-8.618886947631836
I565V:R566V:N587T,-8.96518325805664
I565V:R566V:Y576F:N587P:R588Q,-7.299704551696777
I565V:R588N,-1.4997930526733398
I565V:R588Q,-2.3426461219787598
I565V:S578A,-5.692128658294678
I565V:S578A:T581N,-7.402049541473389
I565V:S578C,-4.9148969650268555
I565V:S578C:T581A,-7.451862335205078
I565V:S578H,-7.533429145812988
I565V:S578V,-6.820639610290527
I565V:S578V:T581N,-8.530560493469238
I565V:T567A,-4.979373931884766
I565V:T567A:A572C:Q575H:S578T:G586L,-18.510465621948242
I565V:T567A:A572S:Q575I:S578V:T581N,-15.715730667114258
I565V:T567A:A572S:T573Y:T581N,-13.998584747314453
I565V:T567A:Q575I:S578C:T581N,-10.890495300292969
I565V:T567A:Q575W:S578C,-9.309429168701172
I565V:T567A:S578G,-6.39283561706543
I565V:T567A:T568V:A572S,-12.021072387695312
I565V:T567A:T568V:A572S:S578T,-15.770438194274902
I565V:T567A:T568V:Q575H:S578C:N587T,-16.307857513427734
I565V:T567A:T568V:Q575N,-9.060712814331055
I565V:T567A:T568V:R588Q,-7.7305097579956055
I565V:T567A:T573S,-8.282257080078125
I565V:T567A:T573Y,-9.369171142578125
I565V:T567C,-4.740964889526367
I565V:T567C:A572S:S578C,-8.861639022827148
I565V:T567C:Q575I,-7.740983963012695
I565V:T567C:S578G:T581N,-7.864347457885742
I565V:T567C:T573S,-8.043848037719727
I565V:T567C:T573S:Q575I:S578C,-12.245048522949219
I565V:T567C:T573Y:S578A:T581N,-12.819095611572266
I565V:T567C:V571C:A572C:Q575W,-14.78422737121582
I565V:T567H,-10.622203826904297
I565V:T567Q:A572S:T573S:S578V:N587T:R588Q,-20.89063262939453
I565V:T567S,-4.219241142272949
I565V:T567S:A572S,-7.138733863830566
I565V:T567S:R588Q,-2.8481719493865967
I565V:T567S:T573S:Q575H:R588Q,-9.088293075561523
I565V:T567Y,-10.40676498413086
I565V:T568G,-12.158952713012695
I565V:T568V,-7.835920810699463
I565V:T568V:A572S:Q575I:S578N:T581N,-18.220598220825195
I565V:T568V:G586L:N587P,-11.622673034667969
I565V:T568V:L583W,-12.369426727294922
I565V:T568V:S578W,-9.242359161376953
I565V:T568W,-14.82097339630127
I565V:T573S,-7.016598701477051
I565V:T573S:Q575I,-10.016617774963379
I565V:T573S:Q575L:S578C,-10.348424911499023
I565V:T573S:Q575L:S578W:G586L,-14.044504165649414
I565V:T573S:Q575L:T581N,-10.85716438293457
I565V:T573S:Q575T:S578V,-12.886909484863281
I565V:T573S:Q575V:S578A,-11.70024585723877
I565V:T573S:S578G,-8.430060386657715
I565V:V571C:Q575P:S578A:T581N,-15.037601470947266
I565V:Y576A,-9.319021224975586
I565V:Y576F,-6.1912336349487305
I565V:Y576K:N587Y,-17.90835952758789
I565W:E574C,-13.029073715209961
I565W:E574H,-13.884893417358398
I565W:G586F,-14.144888877868652
I565W:G586Y,-14.065876960754395
I565W:N569C,-17.124797821044922
I565W:N569S,-15.50699520111084
I565W:Q575P,-13.31627368927002
I565W:Q575V,-11.946677207946777
I565W:R566G,-10.232746124267578
I565W:S578R,-17.05646514892578
I565W:T567D,-16.211463928222656
I565W:T568Y,-18.560331344604492
I565W:T581H,-13.740394592285156
I565W:T581Y,-13.035770416259766
I565W:Y576A:S578Q,-19.041152954101562
I565W:Y576P,-17.610872268676758
I565Y:E574M:L583A,-15.566519737243652
I565Y:G586S,-10.924323081970215
I565Y:L583G,-11.44991683959961
I565Y:L583N,-10.91405200958252
I565Y:N569Q,-16.786014556884766
I565Y:N587Q,-12.226017951965332
I565Y:N587R,-16.11151123046875
I565Y:Q575L,-10.309813499450684
I565Y:Q575W,-11.308042526245117
I565Y:S578A:L583I:G586C,-18.95514678955078
I565Y:S578H,-11.998882293701172
I565Y:T567Y:Q575K:S578P:L583H,-29.645841598510742
I565Y:T568A,-14.600423812866211
I565Y:T568A:Q575Y,-17.96687126159668
I565Y:T568K,-17.903743743896484
I565Y:T568W,-19.286426544189453
I565Y:T573N,-11.283794403076172
I565Y:T581Q,-12.061071395874023
I565Y:Y576W,-10.388893127441406
L583A:G586R,-10.289443969726562
L583A:G586Y,-7.893552303314209
L583C:R588A,-2.168376922607422
L583C:R588K,-6.639869689941406
L583D:G586D,1.3239617347717285
L583D:G586E,0.6683101654052734
L583D:N587T,-0.8975152969360352
L583D:N587Y,-3.0609569549560547
L583D:R588A,4.845703125
L583D:R588C,1.6806116104125977
L583D:R588F,2.9514293670654297
L583D:R588N,4.384266376495361
L583D:R588P,6.247443199157715
L583D:R588Q,3.5414133071899414
L583D:R588T,4.830832481384277
L583D:R588V,4.605313301086426
L583D:R588Y,3.1798582077026367
L583E:G586E,0.05039966106414795
L583E:G586T,-1.533424735069275
L583E:N587F,-3.8902063369750977
L583E:N587H,-3.942516803741455
L583E:N587T,-1.5154258012771606
L583E:N587T:R588Q,-0.14435625076293945
L583E:R588A,4.227792739868164
L583E:R588F,2.3335189819335938
L583E:R588H,1.6149104833602905
L583E:R588N,3.7663559913635254
L583E:R588Q,2.9235029220581055
L583E:R588V,3.98740291595459
L583E:R588Y,2.561947822570801
L583F:G586F,-8.666439056396484
L583F:G586Q,-7.571493148803711
L583F:G586R,-10.983318328857422
L583F:G586T,-6.848851203918457
L583F:G586Y,-8.587427139282227
L583G:G586C,-8.988622665405273
L583G:G586E,-4.7727813720703125
L583G:G586P,-1.715388298034668
L583G:R588P,0.8063516616821289
L583G:R588T,-0.6102590560913086
L583H:G586V,-7.429836273193359
L583I:G586E:R588N,-2.3678016662597656
L583I:G586T,-6.165548324584961
L583I:N587T,-6.147549629211426
L583I:R588Y,-2.070176124572754
L583K:N587R,-14.326761245727539
L583N:G586A,-5.3900041580200195
L583N:R588A,-0.0595240592956543
L583P:G586E,-3.5384559631347656
L583P:G586E:R588A,-0.8630967140197754
L583P:N587P:R588A,0.3430056571960449
L583P:N587T,-5.104281425476074
L583P:N587V,-5.702317237854004
L583P:R588F,-1.2553367614746094
L583P:R588N,0.17750024795532227
L583P:R588Q,-0.6653528213500977
L583P:R588T,0.6240663528442383
L583P:R588V,0.3985471725463867
L583P:R588Y,-1.0269079208374023
L583Q:G586L,-6.700641632080078
L583Q:N587R,-11.142162322998047
L583Q:R588A,-0.534461498260498
L583Q:R588F,-2.4287352561950684
L583Q:R588H,-3.147343635559082
L583Q:R588P,0.8672785758972168
L583Q:R588T,-0.5493321418762207
L583R:G586C,-12.742905616760254
L583R:N587R,-14.957372665405273
L583S:G586P,-1.4794468879699707
L583S:R588H,-2.9723291397094727
L583T:G586W,-9.395845413208008
L583V:G586L,-6.417509078979492
L583V:G586P,-1.371328353881836
L583V:R588F,-2.145602226257324
L583W:N587V,-8.199399948120117
L583W:R588F,-3.752419948577881
N569A:A572C,-11.335636138916016
N569A:G586L,-11.472790718078613
N569A:L583R,-15.007000923156738
N569A:N587F,-13.424610137939453
N569A:Q575C,-9.387884140014648
N569A:Q575W,-11.110843658447266
N569A:S578Y,-10.049615859985352
N569A:T573A,-11.495170593261719
N569A:T573Y,-12.371767044067383
N569A:V571E,-12.981712341308594
N569A:V571K,-15.107198715209961
N569A:Y576C,-11.655439376831055
N569C:E574G,-12.156545639038086
N569C:G586A,-10.538474082946777
N569C:G586C,-13.601228713989258
N569C:G586E,-9.385387420654297
N569C:G586R,-15.103679656982422
N569C:L583E,-6.330920219421387
N569C:N587Y,-13.114654541015625
N569C:R588Y,-6.873839378356934
N569C:T573P,-13.627664566040039
N569C:Y576F,-10.360872268676758
N569C:Y576W,-10.09307861328125
N569D:A572V,-11.18545150756836
N569D:E574S,-10.0101318359375
N569D:G586L,-9.369355201721191
N569D:L583W,-10.412039756774902
N569D:S578E,-5.971075057983398
N569D:T573S,-9.181417465209961
N569D:V571D:E574P:R588Q,-14.91458797454834
N569D:Y576H,-8.109025001525879
N569D:Y576K,-14.841876983642578
N569E:A572D:T573S,-17.34480094909668
N569E:A572D:T573S:Y576F,-19.82231903076172
N569E:A572D:T573S:Y576F:G586L,-23.313138961791992
N569E:A572L,-14.85554027557373
N569E:E574W,-13.033557891845703
N569E:L583C,-13.318784713745117
N569E:L583Y,-12.045881271362305
N569E:Q575S,-10.587028503417969
N569E:R588A,-5.799688816070557
N569E:S578C,-9.676229476928711
N569E:S578V,-11.581972122192383
N569E:T573C,-11.387505531311035
N569E:T573S,-11.777931213378906
N569E:V571K:Q575F,-18.32440948486328
N569E:Y576K,-17.438390731811523
N569F:A572D:Q575K,-20.849632263183594
N569F:A572V,-14.787603378295898
N569F:A572Y,-16.246864318847656
N569F:E574C,-13.268316268920898
N569F:E574I,-14.114543914794922
N569F:Q575H,-12.417924880981445
N569F:T573Q,-13.885873794555664
N569F:T573Y,-13.8704833984375
N569G:A572F,-15.648319244384766
N569G:A572Y,-15.6868314743042
N569G:L583Q,-12.130475044250488
N569G:N587K,-15.82318115234375
N569G:N587V,-12.586549758911133
N569G:R588A,-6.24529504776001
N569G:S578D,-7.083706378936768
N569G:S578H,-12.740367889404297
N569G:V571D:E574Q,-17.908987045288086
N569H:A572D,-13.73849868774414
N569H:A572G,-11.422050476074219
N569H:A572R,-16.659076690673828
N569H:E574Y,-11.65173625946045
N569H:Q575D,-12.293205261230469
N569H:Q575H,-11.108867645263672
N569H:R588C,-8.661361694335938
N569H:S578E:N587P,-8.560100555419922
N569H:S578F,-9.40424633026123
N569H:T573W,-13.999476432800293
N569H:V571F,-12.53837776184082
N569I:A572V,-13.530374526977539
N569I:E574A,-12.411863327026367
N569I:L583M,-12.519822120666504
N569I:N587K,-15.125984191894531
N569I:S578H,-12.043170928955078
N569I:S578N,-10.978700637817383
N569I:S578Y,-10.29110336303711
N569I:T573N,-11.328083038330078
N569I:T573Q,-12.628644943237305
N569I:T573S,-11.52634048461914
N569I:T573W,-14.051304817199707
N569I:T573Y,-12.61325454711914
N569I:Y576R,-16.63429069519043
N569I:Y576R:S578N,-19.38953399658203
N569I:Y576S,-13.292953491210938
N569K:E574N,-12.828361511230469
N569K:G586I,-12.794221878051758
N569K:G586T,-12.02478313446045
N569K:L583H,-13.126045227050781
N569K:Q575A,-11.228837013244629
N569K:Q575P,-13.013754844665527
N569K:Q575V,-11.644158363342285
N569K:R588Y,-7.929410457611084
N569K:T573A,-12.452125549316406
N569K:V571Y:E574W,-18.31226921081543
N569K:Y576E,-16.249866485595703
N569K:Y576K:L583T:R588K,-22.755901336669922
N569L:E574L:Q575T:Y576R,-23.799150466918945
N569L:L583C,-13.401681900024414
N569L:N587F,-14.000585556030273
N569L:N587Q,-12.604795455932617
N569L:N587Y,-13.789247512817383
N569L:Q575W,-11.686820030212402
N569L:S578M,-12.871789932250977
N569L:S578R,-16.372968673706055
N569L:T573V,-11.476391792297363
N569L:V571C,-12.118667602539062
N569L:Y576S,-13.627443313598633
N569M:E574D,-10.341558456420898
N569M:E574S:Y576W,-15.65995979309082
N569M:G586W,-15.656982421875
N569M:L583R,-16.34366798400879
N569M:Q575P,-13.39346694946289
N569M:T581A,-11.855602264404297
N569M:V571L,-12.958779335021973
N569M:Y576H,-11.549127578735352
N569M:Y576S,-14.388134002685547
N569P:A572G,-14.616191864013672
N569P:A572I,-17.786096572875977
N569P:A572P:Y576C,-22.737558364868164
N569P:E574A,-15.554176330566406
N569P:E574R,-19.317419052124023
N569P:G586T,-14.451628684997559
N569P:L583N,-14.100653648376465
N569P:N587C,-18.0022029876709
N569P:Q575H,-14.303009033203125
N569P:Q575W,-14.494644165039062
N569P:R588F,-10.584684371948242
N569P:S578N,-14.121013641357422
N569P:T573C,-14.278227806091309
N569P:T573N,-14.470396041870117
N569P:Y576K,-20.329113006591797
N569Q:A572C,-11.9605131149292
N569Q:A572V,-13.913763999938965
N569Q:A572Y,-15.373023986816406
N569Q:G586C,-14.324721336364746
N569Q:L583G,-11.877593994140625
N569Q:L583N,-11.341730117797852
N569Q:N587A,-11.727373123168945
N569Q:N587V,-12.272741317749023
N569Q:Q575E,-13.104095458984375
N569Q:Q575T:L583H:R588C,-16.047086715698242
N569Q:R588A,-5.931487560272217
N569Q:S578D,-6.769898891448975
N569R:A572C,-13.309609413146973
N569R:E574A,-14.144350051879883
N569R:E574R,-17.907590866088867
N569R:E574S,-14.087541580200195
N569R:E574Y,-13.436050415039062
N569R:Q575K:L583A:R588K,-20.623271942138672
N569R:R588V,-7.5209736824035645
N569R:T581F,-14.304285049438477
N569R:T581N,-11.665863990783691
N569R:Y576P,-18.32537078857422
N569S:E574V,-10.432842254638672
N569S:G586Q,-10.074050903320312
N569S:N587F,-11.70819091796875
N569S:Q575R:S578K,-20.110824584960938
N569S:T573N,-9.370176315307617
N569S:T581A,-8.80251693725586
N569S:T581H,-10.76450252532959
N569S:V571S,-8.593451499938965
N569S:Y576H,-8.496042251586914
N569T:E574C,-10.327127456665039
N569T:G586V,-9.78221321105957
N569T:Q575H,-9.476736068725586
N569T:Q575V,-9.244730949401855
N569T:S578D,-4.702549457550049
N569T:T573S,-9.84238052368164
N569T:T581F,-10.887839317321777
N569T:V571A:A572L:Q575P:R588Q,-19.216434478759766
N569T:V571F,-10.906246185302734
N569T:V571L,-10.17963981628418
N569V:A572P:E574D,-16.54404067993164
N569V:E574K,-15.551435470581055
N569V:G586C,-13.540674209594727
N569V:L583M,-12.11916446685791
N569V:Q575M,-10.516620635986328
N569V:S578K,-15.586679458618164
N569V:T573Q,-12.227987289428711
N569V:V571A:E574S,-15.547080993652344
N569V:V571P,-14.472230911254883
N569V:Y576F,-10.300317764282227
N569W:G586C,-16.802858352661133
N569W:G586F,-15.988429069519043
N569W:G586Y,-15.909417152404785
N569W:L583T,-14.14248275756836
N569W:Q575S:L583G,-16.46771240234375
N569W:R588Q,-9.71391487121582
N569W:S578Y,-13.152629852294922
N569W:T581P,-12.563640594482422
N569W:T581V,-14.451613426208496
N569W:V571N:S578T:N587F,-24.252857208251953
N569W:V571R,-18.46212387084961
N569W:Y576W,-13.294708251953125
N569Y:A572W:R588Y,-16.28750228881836
N569Y:E574I,-13.552957534790039
N569Y:E574P,-15.18385124206543
N569Y:Q575D,-13.04067611694336
N569Y:S578G,-10.332561492919922
N569Y:T581P,-10.397756576538086
N569Y:V571K:T581K,-23.247600555419922
N569Y:V571N:A572I:S578G,-20.728755950927734
N569Y:V571S,-11.246999740600586
N569Y:Y576K,-17.882442474365234
N569Y:Y576Q,-15.557750701904297
N569Y:Y576V,-15.189225196838379
N587A:R588H,-3.058049201965332
N587A:R588P,0.9565730094909668
N587C:R588N,-4.422509670257568
N587H:R588V,-3.059980869293213
N587K:R588C,-7.39225959777832
N587K:R588P,-2.825428009033203
N587P:R588H,-0.23345422744750977
N587P:R588N,1.9179911613464355
N587P:R588Q,1.0751380920410156
N587Q:R588A,-1.3714900016784668
N587T:R588A,-0.3924999237060547
N587T:R588F,-2.286773681640625
N587T:R588T,-0.40737056732177734
N587T:R588V,-0.6328897476196289
N587T:R588Y,-2.058344841003418
N587V:R588A,-0.9905357360839844
N587V:R588T,-1.005406379699707
N587Y:R588F,-4.4502153396606445
Q575A:G586I,-6.145209312438965
Q575A:L583V,-5.216599941253662
Q575A:N587R,-10.222253799438477
Q575A:S578E:L583A:N587Q,-9.498420715332031
Q575A:Y576W:S578G,-5.913098335266113
Q575C:G586L,-4.896735191345215
Q575C:L583A,-4.475032806396484
Q575C:L583D,0.7644298076629639
Q575C:L583E,0.14651930332183838
Q575C:L583E:N587T,-2.921339511871338
Q575C:L583E:R588A,2.821878433227539
Q575C:L583E:R588Q,1.51758873462677
Q575C:L583P,-3.442336320877075
Q575C:L583Q:R588N,-2.4018123149871826
Q575C:N587F,-6.848553657531738
Q575C:N587P:R588V,0.7331240177154541
Q575C:N587T,-4.473773002624512
Q575C:R588A,1.2694451808929443
Q575C:R588C,-1.895646333694458
Q575C:R588F,-0.624828577041626
Q575C:R588H,-1.3434369564056396
Q575C:R588N,0.8080084323883057
Q575C:R588Q,-0.03484463691711426
Q575C:R588T,1.2545745372772217
Q575C:R588V,1.0290553569793701
Q575C:R588Y,-0.39639973640441895
Q575C:S578D,0.4310338497161865
Q575C:S578D:G586E,-1.0709998607635498
Q575C:S578F,-2.6385316848754883
Q575C:S578G,-2.819375514984131
Q575C:S578T,-5.155280113220215
Q575C:S578V,-4.512838363647461
Q575C:S578W:R588A,-0.1369938850402832
Q575C:S578Y:R588N,-1.2596380710601807
Q575C:T581A:N587P,-4.2388105392456055
Q575C:T581H,-5.904865264892578
Q575C:T581P,-2.8845713138580322
Q575C:T581Y:G586F,-10.103686332702637
Q575C:T581Y:R588F,-4.419155120849609
Q575C:Y576E,-8.7168550491333
Q575C:Y576F,-3.883432388305664
Q575C:Y576F:T581N:G586E:R588A,-4.420027732849121
Q575C:Y576W,-3.615638494491577
Q575C:Y576W:L583E,-2.0632052421569824
Q575C:Y576W:R588A,-0.9402792453765869
Q575C:Y576W:R588F,-2.8345530033111572
Q575C:Y576W:R588Q,-2.2445690631866455
Q575D:G586I,-7.976873397827148
Q575D:G586T,-7.20743465423584
Q575D:L583H,-8.308696746826172
Q575D:L583W,-8.655081748962402
Q575D:N587Q,-8.168425559997559
Q575D:N587R,-12.053918838500977
Q575D:Y576F,-6.599094390869141
Q575D:Y576H,-6.352066993713379
Q575E:L583C,-9.340985298156738
Q575E:L583M,-8.79361343383789
Q575E:L583V,-7.42393684387207
Q575E:N587Q,-8.544097900390625
Q575E:N587R,-12.429591178894043
Q575F:N587Y,-7.955432415008545
Q575F:R588A,-0.048772335052490234
Q575F:T581V,-6.090761184692383
Q575G:G586S,-5.061057090759277
Q575G:L583T,-5.373402118682861
Q575G:R588Q,-0.9448332786560059
Q575G:S578D,-0.4789547920227051
Q575G:S578E,-2.4084434509277344
Q575G:Y576E,-9.626843452453613
Q575H:G586E,-4.439271926879883
Q575H:G586I,-6.792535781860352
Q575H:G586Q,-6.7457380294799805
Q575H:L583N,-5.672121524810791
Q575H:N587C,-9.573670387268066
Q575H:R588A,-0.26187896728515625
Q575H:S578D,-1.100290298461914
Q575H:S578F:R588Q,-2.7987864017486572
Q575H:S578H,-6.756951808929443
Q575H:S578V,-6.044162273406982
Q575H:S578Y,-5.004884719848633
Q575H:T581K,-10.140510559082031
Q575H:Y576F:L583D,-3.244412660598755
Q575I:G586E:R588P,-0.4249534606933594
Q575I:G586L,-6.490839958190918
Q575I:G586P,-1.44465970993042
Q575I:L583D:R588Q,0.5413942337036133
Q575I:L583E,-1.4475857019424438
Q575I:L583M,-7.296383857727051
Q575I:L583P:R588Q,-3.665371894836426
Q575I:N587T,-6.067878246307373
Q575I:R588A,-0.3246598243713379
Q575I:R588P,1.077080249786377
Q575I:R588Q,-1.6289496421813965
Q575I:S578A,-4.9784321784973145
Q575I:S578C,-4.201200485229492
Q575I:S578C:T581N,-5.911121368408203
Q575I:S578D:L583P,-3.199493408203125
Q575I:S578E,-3.092559814453125
Q575I:S578T,-6.749384880065918
Q575I:S578T:N587T,-9.817243576049805
Q575I:S578T:R588A,-4.074025630950928
Q575I:S578V,-6.106943130493164
Q575I:S578V:G586L,-9.597764015197754
Q575I:S578V:N587T,-9.174802780151367
Q575I:S578W,-4.406457901000977
Q575I:T581N,-4.709939956665039
Q575I:Y576F,-5.477537155151367
Q575I:Y576F:S578G,-6.890998840332031
Q575I:Y576F:T581A:L583V:R588H,-10.87871265411377
Q575I:Y576H,-5.2305097579956055
Q575I:Y576P,-11.369447708129883
Q575K:L583W,-10.335580825805664
Q575K:R588C,-6.291808128356934
Q575K:T581N,-7.511997222900391
Q575K:Y576P,-14.171504974365234
Q575K:Y576S,-10.871572494506836
Q575K:Y576S:T581P,-12.350229263305664
Q575K:Y576W,-8.011800765991211
Q575L:G586E,-3.632678747177124
Q575L:G586P,-0.5752856731414795
Q575L:L583D,0.03969883918762207
Q575L:L583D:R588Y,1.049213171005249
Q575L:L583E,-0.5782116651535034
Q575L:L583E:R588A,2.0971474647521973
Q575L:L583I,-5.210335731506348
Q575L:L583P,-4.167067527770996
Q575L:L583W,-6.664150238037109
Q575L:N587Q,-6.177494049072266
Q575L:N587T:R588Q,-3.827434778213501
Q575L:R588A,0.5447142124176025
Q575L:R588F,-1.3495595455169678
Q575L:R588N,0.08327746391296387
Q575L:R588Q,-0.759575605392456
Q575L:S578C,-3.3318264484405518
Q575L:S578C:T581N,-5.041747570037842
Q575L:S578D,-0.2936971187591553
Q575L:S578D:N587Q,-4.340546131134033
Q575L:S578E:L583E:R588F,0.11033320426940918
Q575L:S578G,-3.5441064834594727
Q575L:S578M,-6.444488525390625
Q575L:S578Q,-6.325050354003906
Q575L:S578T:T581A,-8.416975975036621
Q575L:S578V,-5.2375688552856445
Q575L:T581A,-4.667610168457031
Q575L:T581N,-3.8405661582946777
Q575L:T581P,-3.609302282333374
Q575L:Y576C,-5.80411434173584
Q575L:Y576F,-4.608163356781006
Q575L:Y576F:L583E,-3.055729866027832
Q575L:Y576F:L583Y,-8.178996086120605
Q575L:Y576F:S578G:N587T:R588F,-8.308398246765137
Q575L:Y576Q,-8.769296646118164
Q575L:Y576W,-4.34036922454834
Q575L:Y576W:L583E:R588A,-0.11257648468017578
Q575L:Y576W:R588A,-1.6650102138519287
Q575L:Y576W:S578D:L583E:N587T:R588A,-1.3434882164001465
Q575M:G586E,-4.195854187011719
Q575M:G586I,-6.5491180419921875
Q575M:G586V,-5.93653678894043
Q575M:L583D:R588Y,0.4860374927520752
Q575M:L583E,-1.1413873434066772
Q575M:L583E:N587T,-4.2092461585998535
Q575M:L583E:R588F,-0.3603018522262573
Q575M:L583P:R588Q,-3.359173536300659
Q575M:L583W,-7.227326393127441
Q575M:N587C,-9.330252647399902
Q575M:N587P,-2.9897520542144775
Q575M:N587Q,-6.740670204162598
Q575M:N587T,-5.761679649353027
Q575M:N587T:R588V,-3.3267104625701904
Q575M:R588P,1.3832786083221436
Q575M:R588V,-0.2588512897491455
Q575M:S578A:T581N,-6.382154941558838
Q575M:S578C,-3.8950021266937256
Q575M:S578C:G586L:N587P:R588Q,-6.310685157775879
Q575M:S578C:L583W:N587T,-11.496366500854492
Q575M:S578E:R588A,-0.11100220680236816
Q575M:S578E:T581A,-5.323326587677002
Q575M:S578G:R588F,-3.3261966705322266
Q575M:S578N,-5.449064254760742
Q575M:S578N:R588Q,-4.077995300292969
Q575M:S578T,-6.4431867599487305
Q575M:S578V,-5.800745010375977
Q575M:S578V:R588F,-5.019659042358398
Q575M:T581A:L583W,-9.764291763305664
Q575M:Y576F,-5.17133903503418
Q575M:Y576F:L583E,-3.618905544281006
Q575N:G586L:N587T,-6.517813682556152
Q575N:G586L:R588Q,-2.0788848400115967
Q575N:L583D,2.2112107276916504
Q575N:L583G,-3.2298808097839355
Q575N:L583P:R588P,2.0815439224243164
Q575N:N587T:R588Q,-1.6559228897094727
Q575N:R588F,0.8219523429870605
Q575N:R588T,2.701355457305908
Q575N:S578A,-1.9375462532043457
Q575N:S578A:T581N:R588Q,-2.276397943496704
Q575N:S578C,-1.1603145599365234
Q575N:S578C:T581N,-2.8702356815338135
Q575N:S578E,-0.05167388916015625
Q575N:S578E:L583C,-4.895410060882568
Q575N:S578G:G586L,-4.863415718078613
Q575N:S578N,-2.714376926422119
Q575N:S578Q,-4.153538227081299
Q575N:S578T,-3.708498954772949
Q575N:S578V,-3.0660572052001953
Q575N:T581F,-4.3074750900268555
Q575N:T581H:L583D,-2.2877402305603027
Q575P:G586P,-2.519470691680908
Q575P:G586T,-7.160688400268555
Q575P:L583R,-11.099861145019531
Q575P:R588T,-1.4143414497375488
Q575P:S578F,-5.30744743347168
Q575P:T581A,-6.611795425415039
Q575P:T581K,-11.278101921081543
Q575P:Y576T,-10.243968963623047
Q575R:G586A,-8.736513137817383
Q575R:G586Q,-9.889891624450684
Q575R:G586W,-12.419737815856934
Q575R:L583E,-4.528958797454834
Q575R:L583F,-9.844385147094727
Q575R:N587F,-11.524032592773438
Q575S:L583D,0.05836343765258789
Q575S:L583S,-5.146786689758301
Q575S:L583Y,-5.6828131675720215
Q575S:N587C,-8.7484130859375
Q575S:R588F,-1.330894947052002
Q575S:T581A,-4.6489458084106445
Q575S:T581V,-5.478610038757324
Q575S:Y576E,-9.422921180725098
Q575S:Y576Q,-8.750631332397461
Q575T:L583C,-7.607123374938965
Q575T:L583D,-0.593043327331543
Q575T:L583P:R588N,-2.5858869552612305
Q575T:L583Q:R588Q,-4.602138519287109
Q575T:N587K,-9.665914535522461
Q575T:N587P,-3.0593185424804688
Q575T:N587T,-5.831246376037598
Q575T:N587T:R588Q,-4.460176944732666
Q575T:R588F,-1.9823017120361328
Q575T:R588Y,-1.7538728713989258
Q575T:S578C,-3.964568614959717
Q575T:S578D,-0.9264392852783203
Q575T:S578E,-2.8559279441833496
Q575T:S578G,-4.176848411560059
Q575T:S578V,-5.870311260223389
Q575T:Y576F,-5.24090576171875
Q575V:G586E,-4.207267761230469
Q575V:G586F,-7.608678817749023
Q575V:G586I,-6.560531139373779
Q575V:G586L,-6.196054935455322
Q575V:G586R,-9.925559043884277
Q575V:L583C,-7.5489702224731445
Q575V:L583D,-0.5348899364471436
Q575V:L583E,-1.152800440788269
Q575V:L583E:R588Q,0.2182689905166626
Q575V:L583I,-5.784924507141113
Q575V:L583P:R588P,-0.6645567417144775
Q575V:N587A,-5.8257598876953125
Q575V:N587T,-5.773093223571777
Q575V:R588H,-2.642756700515747
Q575V:R588N,-0.49131131172180176
Q575V:R588T,-0.04474520683288574
Q575V:R588V,-0.2702643871307373
Q575V:S578A,-4.683647155761719
Q575V:S578A:T581N,-6.39356803894043
Q575V:S578C,-3.9064152240753174
Q575V:S578D,-0.8682858943939209
Q575V:S578D:R588Q,0.5027835369110107
Q575V:S578E,-2.79777455329895
Q575V:S578V,-5.81215763092041
Q575V:S578W,-4.111672878265381
Q575V:T581A:N587P,-5.538130283355713
Q575V:Y576W,-4.9149580001831055
Q575W:R588A,-0.45351457595825195
Q575W:R588F,-2.3477883338928223
Q575W:R588Q,-1.7578043937683105
Q575W:S578C:T581N,-6.039976119995117
Q575W:S578D,-1.2919259071350098
Q575W:S578D:R588V,1.1430435180664062
Q575W:S578F,-4.3614912033081055
Q575W:T581H,-7.627824783325195
Q575W:T581V,-6.4955034255981445
Q575W:Y576W,-5.338598251342773
Q575W:Y576W:R588F,-4.5575127601623535
Q575Y:G586Q,-7.1749467849731445
Q575Y:G586R,-10.586772918701172
Q575Y:L583P,-5.40286922454834
Q575Y:N587R,-11.298789024353027
Q575Y:N587V,-7.032341957092285
Q575Y:R588A,-0.6910877227783203
Q575Y:T581A,-5.903411865234375
R566A:A572C,-6.060141086578369
R566A:A572C:L583D,-3.8897972106933594
R566A:A572C:L583Q,-9.269962310791016
R566A:A572C:Q575G:N587P,-8.671975135803223
R566A:A572C:Q575T,-8.823528289794922
R566A:A572C:Q575T:R588Q,-7.45245885848999
R566A:A572C:S578D,-4.223193168640137
R566A:A572G:Q575M:Y576F,-11.12823486328125
R566A:A572L,-9.086967468261719
R566A:A572L:T573W:L583P:G586E:R588F,-17.672183990478516
R566A:A572S,-5.625967979431152
R566A:A572S:S578E,-5.718508720397949
R566A:A572S:S578W:L583E:R588V,-3.045003890991211
R566A:E574C:Q575C:S578D:R588F,-5.281985282897949
R566A:E574Y,-6.186582565307617
R566A:G586D,-3.552856922149658
R566A:G586E,-4.208508491516113
R566A:L583E,-1.1540414094924927
R566A:L583E:N587T,-4.221900463104248
R566A:L583E:N587T:R588F,-3.440814971923828
R566A:L583E:R588A,1.5213178396224976
R566A:L583P,-4.742897033691406
R566A:L583Q:G586P,-4.360936164855957
R566A:L583R,-9.73150634765625
R566A:L583V,-5.633162498474121
R566A:N587P,-3.002406120300293
R566A:N587P:R588P,1.074693202972412
R566A:N587T,-5.774333953857422
R566A:Q575C,-4.112388610839844
R566A:Q575C:L583P,-6.148811340332031
R566A:Q575C:R588A,-1.4370296001434326
R566A:Q575C:R588C,-4.602121353149414
R566A:Q575C:R588N,-1.8984663486480713
R566A:Q575C:Y576F,-6.589907646179199
R566A:Q575G:L583E,-3.4699440002441406
R566A:Q575H:R588F,-4.8626275062561035
R566A:Q575H:S578V:R588Q,-7.379567623138428
R566A:Q575H:S578W,-7.05015230178833
R566A:Q575I,-5.706493854522705
R566A:Q575I:S578T,-9.455860137939453
R566A:Q575I:S578V,-8.813417434692383
R566A:Q575I:S578W,-7.112933158874512
R566A:Q575K,-8.508550643920898
R566A:Q575L,-4.837120056152344
R566A:Q575L:S578G:R588Q,-4.879511833190918
R566A:Q575M,-5.400295257568359
R566A:Q575M:S578G:L583E,-5.26132345199585
R566A:Q575M:S578V,-8.507219314575195
R566A:Q575M:S578W,-6.806735038757324
R566A:Q575M:Y576F,-7.877814292907715
R566A:Q575N,-2.6656079292297363
R566A:Q575V,-5.411708831787109
R566A:Q575V:S578V,-8.518632888793945
R566A:Q575V:S578W,-6.818147659301758
R566A:R588A,-0.03111553192138672
R566A:R588F,-1.925389289855957
R566A:R588Q,-1.3354053497314453
R566A:R588Y,-1.69696044921875
R566A:S578A,-4.684887886047363
R566A:S578C:N587P:R588Q,-2.8325181007385254
R566A:S578D,-0.8695268630981445
R566A:S578D:R588Y,0.13998746871948242
R566A:S578E,-2.799015522003174
R566A:S578E:G586S,-5.544170379638672
R566A:S578E:N587T,-5.866874694824219
R566A:S578F,-3.9390923976898193
R566A:S578G,-4.119935989379883
R566A:S578T,-6.455840587615967
R566A:S578V,-5.813398838043213
R566A:S578V:R588Q,-4.442329406738281
R566A:S578W,-4.112914085388184
R566A:T567A,-3.972132921218872
R566A:T567A:Q575H:S578W,-8.315810203552246
R566A:T567A:Q575I:S578D:G586E,-6.637238025665283
R566A:T567A:Q575L:S578W,-7.509217262268066
R566A:T567A:Q575M:S578G,-8.079415321350098
R566A:T567A:Q575M:S578V,-9.77287769317627
R566A:T567A:Q575M:S578W,-8.072392463684082
R566A:T567A:Q575N,-3.9312660694122314
R566A:T567A:Q575N:S578W,-5.337705135345459
R566A:T567A:R588C,-4.461865425109863
R566A:T567A:S578V,-7.079056739807129
R566A:T567A:S578W,-5.378572463989258
R566A:T567A:T573S:Q575I,-10.27503490447998
R566A:T567A:T581N:N587T,-8.749913215637207
R566A:T567A:V571T:Q575L:R588F,-5.7737932205200195
R566A:T567A:V571T:Q575M:Y576F:L583E,-8.043140411376953
R566A:T567A:V571T:S578G:N587T:R588F,-8.124468803405762
R566A:T567C,-3.7337238788604736
R566A:T567C:A572S:S578W,-8.059656143188477
R566A:T567C:Q575I,-6.733742713928223
R566A:T567C:R588H,-3.6712467670440674
R566A:T567C:S578W,-5.140163421630859
R566A:T567C:T568V:A572S:T581N:R588Q,-11.114274024963379
R566A:T567C:V571E:A572G:S578C:R588F,-12.403984069824219
R566A:T567Q,-8.857301712036133
R566A:T567Q:A572C:T573V:L583W,-19.662919998168945
R566A:T567Q:A572S,-11.776795387268066
R566A:T567Q:A572S:S578E,-11.869335174560547
R566A:T567Q:Q575I,-11.857320785522461
R566A:T567Q:Q575V:S578E,-11.655076026916504
R566A:T567Q:R588A,-6.181942939758301
R566A:T567Q:R588Q,-7.486232757568359
R566A:T567Q:S578D:L583E:G586E,-6.969954490661621
R566A:T567Q:T568V:S578W,-14.385946273803711
R566A:T567Q:V571C,-12.418024063110352
R566A:T567Q:V571F:S578E,-13.316591262817383
R566A:T567S,-3.212000608444214
R566A:T567S:Q575L,-5.342645645141602
R566A:T567S:Q575N,-3.1711337566375732
R566A:T567S:Q575T:G586E,-7.477421760559082
R566A:T567S:Q575V,-5.917234420776367
R566A:T568C,-7.524585247039795
R566A:T568Q,-12.181032180786133
R566A:T568V,-6.828680038452148
R566A:T568V:A572S,-9.748172760009766
R566A:T568V:A572S:S578T:G586P,-11.942178726196289
R566A:T568V:Q575N,-6.787813186645508
R566A:T573H:R588F,-5.462357521057129
R566A:T573S:S578V:N587T,-12.184141159057617
R566A:T581A,-5.243439674377441
R566A:T581A:G586E:R588Q,-5.374403953552246
R566A:T581A:L583W,-9.776945114135742
R566A:T581C,-5.510247230529785
R566A:T581N,-4.416396141052246
R566A:V571C,-6.2671966552734375
R566A:V571E:L583Q:G586P,-9.360679626464844
R566A:V571F,-7.07322359085083
R566A:V571S:Y576W:S578D,-5.407151222229004
R566A:V571T,-3.1585757732391357
R566A:V571T:L583E,-1.606142520904541
R566A:V571T:L583E:R588F,-0.825056791305542
R566A:V571T:L583P:R588A,-2.519638776779175
R566A:V571T:L583P:R588F,-4.413912773132324
R566A:V571T:Q575M:L583E:N587T,-7.367822647094727
R566A:V571T:R588A,-0.4832165837287903
R566A:V571T:R588F,-2.377490282058716
R566A:V571T:S578G,-4.572037220001221
R566A:Y576F,-5.183993339538574
R566A:Y576F:L583E:N587T:R588F,-5.918333053588867
R566A:Y576F:S578G,-6.597454071044922
R566A:Y576N,-8.271905899047852
R566A:Y576S,-7.775971412658691
R566A:Y576W,-4.916199207305908
R566C:A572G,-4.574683666229248
R566C:A572S:Q575N:T581C,-7.0066609382629395
R566C:E574T,-5.745301723480225
R566C:G586E,-2.826296329498291
R566C:G586V,-4.566978454589844
R566C:L583E:R588F,1.0092562437057495
R566C:L583H,-5.511383056640625
R566C:L583N,-4.059145927429199
R566C:L583W:R588F,-5.0766825675964355
R566C:N569R,-11.280205726623535
R566C:N587C,-7.960694789886475
R566C:N587T,-4.3921217918396
R566C:Q575C,-2.7301766872406006
R566C:Q575C:Y576F:N587T:R588H,-8.213077545166016
R566C:Q575I:L583G:R588Y,-6.585515022277832
R566C:Q575L:Y576F,-5.9324259757995605
R566C:Q575P:R588F,-4.618007183074951
R566C:Q575T,-4.087649822235107
R566C:Q575V:S578E,-4.122036933898926
R566C:R588F,-0.5431771278381348
R566C:R588H,-1.2617855072021484
R566C:R588N,0.8896598815917969
R566C:S578A,-3.302675724029541
R566C:S578D,0.5126852989196777
R566C:S578E:N587P,-1.7127346992492676
R566C:S578T,-5.0736284255981445
R566C:S578W,-2.7307016849517822
R566C:S578Y,-3.391909122467041
R566C:T567A,-2.58992075920105
R566C:T567A:S578C:R588F,-3.010016679763794
R566C:T567C:N587T,-5.419370651245117
R566C:T567C:Q575C:Y576F:S578E:R588Q,-4.956415176391602
R566C:T567C:Y576F,-4.8290300369262695
R566C:T567Q:Q575I,-10.475109100341797
R566C:T567R,-8.255342483520508
R566C:T567S:Q575P:S578N:L583Q:R588A,-9.194323539733887
R566C:T567S:S578D:R588C,-0.4825727939605713
R566C:T567W,-10.084049224853516
R566C:T568F,-10.467025756835938
R566C:T568S,-6.891724109649658
R566C:T573P,-7.068573951721191
R566C:T573W:L583M,-11.448474884033203
R566C:T581A,-3.8612277507781982
R566C:T581A:N587T:R588Y,-5.919572830200195
R566C:T581A:R588Y,-2.8517134189605713
R566C:T581C,-4.128035068511963
R566C:V571A:Q575I:Y576F:L583D:R588P,-4.147040843963623
R566C:V571D,-5.466635227203369
R566C:V571T,-1.7763636112213135
R566C:V571W,-7.5294013023376465
R566C:Y576F:R588Q,-2.430711507797241
R566D:E574F,-9.11279296875
R566D:G586P,-4.068901538848877
R566D:G586Q,-9.432760238647461
R566D:L583R,-12.6492919921875
R566D:N587H,-11.119211196899414
R566D:N587T,-8.692119598388672
R566D:N587Y,-10.855562210083008
R566D:S578D,-3.7873129844665527
R566D:S578N,-8.379505157470703
R566D:T567K:Y576C:S578E,-15.456827163696289
R566D:T568A,-12.045515060424805
R566D:T568I,-11.962140083312988
R566D:T568M,-14.195483207702637
R566D:T581Y,-9.418587684631348
R566D:Y576C,-9.2977294921875
R566E:A572Q,-12.013805389404297
R566E:A572S,-8.299790382385254
R566E:E574S:G586P,-7.956536293029785
R566E:G586P:N587C:R588C,-10.951103210449219
R566E:N569G:S578H,-18.12066650390625
R566E:N587A,-8.500823974609375
R566E:Q575C,-6.786211967468262
R566E:Q575T,-8.143684387207031
R566E:Q575V,-8.085531234741211
R566E:R588Q,-4.009228229522705
R566E:S578W,-6.786736488342285
R566E:S578Y,-7.447944164276123
R566E:T567A:S578W,-8.05239486694336
R566E:T567P,-8.254637718200684
R566E:T567W,-14.140084266662598
R566E:T568L,-13.269832611083984
R566E:T568V,-9.50250244140625
R566E:V571D,-9.52267074584961
R566E:Y576F:R588Q,-6.486746788024902
R566F:A572E,-11.489052772521973
R566F:E574Q,-9.423810958862305
R566F:G586E,-6.079884052276611
R566F:L583N,-7.3127336502075195
R566F:N569I:A572L,-19.181800842285156
R566F:N569L,-13.135796546936035
R566F:N569Y,-13.496950149536133
R566F:Q575A:G586Q,-10.676261901855469
R566F:Q575F,-7.3019819259643555
R566F:Q575P,-8.652680397033691
R566F:Q575S:R588N,-4.475908279418945
R566F:R588N,-2.3639278411865234
R566F:T568C,-9.395960807800293
R566F:T568E,-14.084041595458984
R566F:V571P,-11.22728157043457
R566F:V571R,-11.95499038696289
R566G:A572P,-8.689620971679688
R566G:G586R,-8.211627960205078
R566G:L583D,1.1790415048599243
R566G:N569A,-8.973272323608398
R566G:N587Y,-6.2226033210754395
R566G:Q575L:L583P:R588N,-2.9444470405578613
R566G:Q575N,-0.9504355192184448
R566G:R588C,-1.4810346364974976
R566G:R588F,-0.21021687984466553
R566G:R588K,-2.787436008453369
R566G:S578D,0.845645546913147
R566G:S578D:R588T,3.506134033203125
R566G:S578D:T581N,-0.8642754554748535
R566G:S578E,-1.0838431119918823
R566G:S578G,-2.404763698577881
R566G:S578Y,-3.0589489936828613
R566G:T567G:Q575M,-7.246636867523193
R566G:T567L,-7.6160993576049805
R566G:T573S,-4.294185638427734
R566G:T581C,-3.795074939727783
R566G:Y576A,-6.5966081619262695
R566G:Y576F,-3.468820571899414
R566G:Y576W,-3.2010269165039062
R566H:E574L,-7.411441326141357
R566H:E574V,-7.511748313903809
R566H:G586C,-9.062332153320312
R566H:G586S,-6.089612007141113
R566H:G586Y,-8.168890953063965
R566H:L583P,-5.380879878997803
R566H:L583S,-6.379263877868652
R566H:N569Q,-11.95130443572998
R566H:R588V,-0.9094882011413574
R566H:S578D,-1.507509708404541
R566H:S578E:T581C:L583V:N587Q,-13.21430778503418
R566H:S578K,-11.10833740234375
R566H:S578P,-8.128885269165039
R566H:S578Q,-7.538862705230713
R566H:S578T,-7.093823432922363
R566H:T567G:T573S:E574F:S578V:G586P,-15.24895191192627
R566H:T567Q:A572S:Q575V:S578E,-15.212553024291992
R566H:T568V:A572C:T573S:L583I,-17.202903747558594
R566H:T568W:T573Y:Q575K,-24.64358901977539
R566H:V571C,-6.905179500579834
R566H:V571C:Q575F,-9.629310607910156
R566H:Y576K,-12.30780029296875
R566H:Y576P,-11.713886260986328
R566H:Y576W,-5.554182052612305
R566H:Y576W:L583P,-7.590604305267334
R566K:A572C:S578A:L583W:G586P,-10.693597793579102
R566K:A572I,-8.80369758605957
R566K:A572S:Q575L,-7.433509826660156
R566K:A572S:S578A,-7.281277656555176
R566K:A572V,-7.69028902053833
R566K:E574I:S578K,-14.781108856201172
R566K:G586E,-3.8854055404663086
R566K:L583E,-0.830938458442688
R566K:L583Y,-5.954204559326172
R566K:Q575I:S578A:T581H,-11.86075496673584
R566K:Q575P,-6.458201885223389
R566K:Q575V:S578E,-5.181146621704102
R566K:Q575V:S578E:N587Q,-9.227995872497559
R566K:R588F,-1.6022863388061523
R566K:R588Y,-1.3738574981689453
R566K:S578D,-0.5464239120483398
R566K:S578E,-2.475912570953369
R566K:S578G,-3.7968332767486572
R566K:S578P,-7.167799949645996
R566K:S578T,-6.132737636566162
R566K:S578V,-5.490295886993408
R566K:T567A:Y576W:R588F,-5.077669143676758
R566K:T568Q,-11.857929229736328
R566K:V571C,-5.944093704223633
R566K:V571Q,-7.679102420806885
R566K:V571T,-2.835472822189331
R566K:Y576N,-7.948802947998047
R566K:Y576T,-8.552510261535645
R566K:Y576W,-4.5930962562561035
R566N:G586E,-4.162683010101318
R566N:L583W,-7.194154739379883
R566N:Q575C:S578E:G586P:N587P,-2.8996758460998535
R566N:Q575E,-7.157898426055908
R566N:S578E,-2.753190040588379
R566N:S578E:G586P,-1.1978306770324707
R566N:S578E:G586P:N587P,-1.4937620162963867
R566N:S578E:T581C,-5.556962490081787
R566N:S578V,-5.767573356628418
R566N:T567A:Y576F:S578W,-7.810264587402344
R566N:T567G:S578E,-6.314703941345215
R566N:T567K:A572Y:E574P,-21.758132934570312
R566N:T567M,-9.029668807983398
R566N:T567Q:Q575H:S578D,-9.91176700592041
R566N:T567S:V571R:L583Q,-13.753135681152344
R566N:T568F,-11.803412437438965
R566N:T568V:R588F,-6.001769065856934
R566N:T573S,-5.963532447814941
R566N:T573S:Q575V:S578E:T581C,-11.565079689025879
R566N:T581C,-5.46442174911499
R566N:T581N,-4.370570182800293
R566N:V571H,-8.513625144958496
R566N:Y576F,-5.138167381286621
R566P:E574Q:Y576N,-17.496742248535156
R566P:L583A,-10.154468536376953
R566P:L583M,-11.381714820861816
R566P:N569P,-18.451120376586914
R566P:N569R,-17.04129409790039
R566P:T567A,-8.351008415222168
R566P:T567G,-10.64686393737793
R566P:T568F:Q575I,-19.228132247924805
R566P:T568H,-17.109130859375
R566P:T568K,-16.809925079345703
R566P:T568L,-14.974885940551758
R566P:T573V,-10.003795623779297
R566Q:E574M,-7.164531230926514
R566Q:L583I,-5.925989151000977
R566Q:N569A,-10.828268051147461
R566Q:N587A,-5.966825008392334
R566Q:Q575L,-4.9769439697265625
R566Q:S578G,-4.259759902954102
R566Q:T567M,-9.21531867980957
R566Q:T573C,-5.758756160736084
R566Q:V571D:E574L:S578C:T581H,-16.755786895751953
R566Q:V571R,-10.223438262939453
R566Q:V571Y,-7.661133766174316
R566Q:Y576C,-6.519767761230469
R566Q:Y576Q:G586W,-15.823295593261719
R566S:E574F:S578A:L583N:G586T,-13.464227676391602
R566S:E574M,-6.494772911071777
R566S:E574Y:Q575W,-8.785521507263184
R566S:L583D,-0.006196737289428711
R566S:L583Q:R588F,-4.605276107788086
R566S:N569L:S578D,-8.897539138793945
R566S:Q575I:S578N:L583D,-5.7614593505859375
R566S:Q575N:S578E,-2.2282145023345947
R566S:Q575P,-6.251370429992676
R566S:R588A,0.49881863594055176
R566S:R588F,-1.3954551219940186
R566S:R588Q,-0.8054711818695068
R566S:R588Y,-1.1670262813568115
R566S:S578D,-0.33959269523620605
R566S:S578K,-9.940421104431152
R566S:S578N:N587T:R588Q,-6.628574371337891
R566S:S578T,-5.925906181335449
R566S:S578W,-3.582979679107666
R566S:T567A,-3.4421987533569336
R566S:T567Q,-8.327367782592773
R566S:T567S:Q575W:S578D:N587T,-7.04185152053833
R566S:T567S:S578D,-0.8451184630393982
R566S:T567S:T568I,-9.01994514465332
R566S:T567S:Y576W,-4.891790390014648
R566S:T568V,-6.298746109008789
R566S:T568V:A572S,-9.218238830566406
R566S:T568V:V571C:S578D:G586E,-9.524553298950195
R566S:T573W,-8.004387855529785
R566S:T581P,-3.655197858810425
R566S:V571T:T573C,-5.5410990715026855
R566S:V571T:T581V:R588N,-3.781348705291748
R566S:Y576F,-4.654058933258057
R566T:A572C:L583E,-4.69403600692749
R566T:A572C:N587T,-9.31432819366455
R566T:A572C:T573H:L583W:N587T,-17.384801864624023
R566T:A572S,-5.812295913696289
R566T:A572S:Q575I:S578D,-6.975367069244385
R566T:A572S:T573V:Q575M:L583P:R588V,-11.026015281677246
R566T:A572S:T581N,-7.522216796875
R566T:A572Y,-9.658980369567871
R566T:L583A,-5.961921691894531
R566T:L583V,-5.819490432739258
R566T:L583W:R588Q,-6.055238723754883
R566T:N587T:R588A,-3.2853028774261475
R566T:Q575C,-4.298717021942139
R566T:Q575C:R588F,-3.5176315307617188
R566T:Q575C:R588Q,-2.927647590637207
R566T:Q575L,-5.0234479904174805
R566T:Q575N,-2.851936101913452
R566T:Q575V:N587T:R588N,-6.4519734382629395
R566T:R588A,-0.21744370460510254
R566T:R588F,-2.111717462539673
R566T:R588N,-0.6788804531097412
R566T:R588Q,-1.5217335224151611
R566T:R588V,-0.45783352851867676
R566T:S578A:R588H,-4.808738708496094
R566T:S578C:R588F,-3.312898874282837
R566T:S578E:R588F,-2.2042582035064697
R566T:S578V,-5.999727249145508
R566T:S578W:N587Q,-8.346091270446777
R566T:S578W:R588C,-4.788974285125732
R566T:T567A,-4.158461093902588
R566T:T567A:Q575I:S578V:N587T,-13.333263397216797
R566T:T567A:S578V:N587T,-10.333244323730469
R566T:T567A:V571A:Q575I:Y576F:S578E:L583P:R588A,-12.682286262512207
R566T:T567A:V571A:Y576F:S578E:L583P:R588A,-9.682267189025879
R566T:T567A:Y576F:S578E:L583P:R588A,-6.089582920074463
R566T:T567C,-3.9200520515441895
R566T:T567C:N587T,-6.987911224365234
R566T:T567D,-9.862824440002441
R566T:T567G:T568G:T573C:E574N:Q575H:S578C:T581P:G586C,-33.036399841308594
R566T:T567G:T581C,-9.258089065551758
R566T:T567P,-5.767143249511719
R566T:T567Q,-9.043630599975586
R566T:T567Q:G586F,-13.947075843811035
R566T:T567Q:T581N,-10.753551483154297
R566T:T567Q:V571A:T581A:R588F,-14.392193794250488
R566T:T568L:N587Q:R588F,-14.048101425170898
R566T:T568V,-7.015007972717285
R566T:T568V:Q575H,-9.952245712280273
R566T:T568V:Q575V:L583V:R588F,-11.8658447265625
R566T:T573A,-6.406003952026367
R566T:T573S,-6.195686340332031
R566T:T573V:L583P:R588V,-5.412701606750488
R566T:T573V:Q575M:L583P:R588V,-8.106521606445312
R566T:T581F,-7.241145133972168
R566T:T581Y,-6.687129974365234
R566T:V571A,-6.48548698425293
R566T:V571D:Q575M:R588T,-7.068507194519043
R566T:V571E,-7.892545700073242
R566T:Y576Q,-9.531454086303711
R566T:Y576W:G586W,-11.440873146057129
R566V:A572S:T573S:Q575H,-11.343223571777344
R566V:A572Y,-8.949786186218262
R566V:G586E,-3.685642719268799
R566V:L583I,-5.263299465179443
R566V:L583P:R588H,-4.1575541496276855
R566V:L583V,-5.110296726226807
R566V:L583V:R588V,-2.6753273010253906
R566V:L583W:R588F,-5.936028957366943
R566V:N569R,-12.139552116394043
R566V:N587A,-5.304135322570801
R566V:Q575C,-3.5895230770111084
R566V:Q575C:R588H,-3.527045965194702
R566V:Q575H,-5.120847225189209
R566V:Q575I,-5.183628082275391
R566V:Q575I:S578T,-8.93299388885498
R566V:Q575I:S578V,-8.290552139282227
R566V:Q575I:S578W,-6.590066909790039
R566V:Q575L,-4.314253807067871
R566V:Q575L:S578D,-2.4773061275482178
R566V:Q575L:S578T,-8.063619613647461
R566V:Q575M:S578W,-6.283868789672852
R566V:Q575M:Y576F:R588N,-5.141025543212891
R566V:Q575P,-6.258439064025879
R566V:Q575S:G586L:R588T,-5.125922203063965
R566V:Q575T:S578D:L583M,-7.4064130783081055
R566V:Q575V,-4.888842582702637
R566V:Q575V:L583V,-7.815530776977539
R566V:Q575V:S578V,-7.995766639709473
R566V:Q575V:S578W,-6.295281887054443
R566V:R588Q,-0.8125395774841309
R566V:R588T,0.4768795967102051
R566V:S578A,-4.162022113800049
R566V:S578D,-0.3466610908508301
R566V:S578E,-2.2761497497558594
R566V:S578F:N587Q,-7.463075637817383
R566V:S578N,-4.938852787017822
R566V:S578T,-5.932974815368652
R566V:S578V,-5.290533065795898
R566V:S578V:T581Y:G586L:N587P,-12.871612548828125
R566V:S578W,-3.59004807472229
R566V:S578W:R588C,-4.079780578613281
R566V:T567A,-3.4492671489715576
R566V:T567A:Q575I,-6.449286460876465
R566V:T567A:Q575M:S578V,-9.250012397766113
R566V:T567A:Q575V,-6.154500961303711
R566V:T567A:Q575V:S578V,-9.261425018310547
R566V:T567A:Q575V:S578W,-7.560939788818359
R566V:T567A:S578V,-6.556191444396973
R566V:T567A:S578W,-4.855706214904785
R566V:T567A:T568V:A572G:S578C,-12.023075103759766
R566V:T567A:T568V:Q575V,-10.27670669555664
R566V:T567A:T568V:Q575V:S578V,-13.383630752563477
R566V:T567C,-3.210858106613159
R566V:T567C:A572C,-6.5645246505737305
R566V:T567C:Q575C:S578W,-6.023211479187012
R566V:T567C:Q575H,-6.148096084594727
R566V:T567C:Q575I:S578V,-9.317801475524902
R566V:T567C:S578V,-6.317782402038574
R566V:T567G:S578D,-3.908174991607666
R566V:T567Q,-8.334436416625977
R566V:T567Q:G586F,-13.237881660461426
R566V:T567Q:L583D,-6.164092540740967
R566V:T567Q:L583P,-10.370859146118164
R566V:T567Q:L583P:R588A,-7.695499420166016
R566V:T567R,-9.114688873291016
R566V:T567S:Q575M,-5.382955551147461
R566V:T567S:V571T:A572C:Q575V:S578G,-10.61359691619873
R566V:T567S:Y576F:R588F,-4.385567665100098
R566V:T568E,-11.689800262451172
R566V:T568G:Q575F,-13.352977752685547
R566V:T568P,-11.019403457641602
R566V:T568V:L583I,-9.385504722595215
R566V:T568V:Q575L:S578D,-6.59951114654541
R566V:T568V:Q575V,-9.01104736328125
R566V:T568V:V571A,-9.89849853515625
R566V:T568V:V571E:A572C:G586E:R588T,-13.500768661499023
R566V:T568V:Y576F,-8.783332824707031
R566V:T568W,-13.29086685180664
R566V:T573K,-8.821575164794922
R566V:T573S,-5.486492156982422
R566V:T573S:G586L,-8.977313041687012
R566V:T581A,-4.720574378967285
R566V:V571A:A572S:T581A,-11.232751846313477
R566V:V571A:T581V:L583E:R588H,-7.528012275695801
R566V:V571C,-5.744330883026123
R566V:V571C:S578W,-7.15077018737793
R566V:V571D,-6.325981616973877
R566V:V571E:Y576F:L583P,-11.69729232788086
R566V:V571T:A572G:Y576W:S578G:G586F,-14.412761688232422
R566V:V571Y,-6.998444080352783
R566V:Y576A,-7.788914680480957
R566W:A572Q,-12.53843879699707
R566W:E574Q,-10.75089168548584
R566W:G586A,-8.560051918029785
R566W:Q575G:S578D,-6.383885860443115
R566W:Q575H:S578A:G586P:N587T,-12.33308219909668
R566W:Q575I:S578E:R588Q,-7.6264214515686035
R566W:Q575K,-11.707006454467773
R566W:Q575M:S578G,-10.012213706970215
R566W:Q575V,-8.610164642333984
R566W:R588F,-5.12384557723999
R566W:S578D,-4.067983150482178
R566W:S578D:R588Q,-2.696913719177246
R566W:S578G,-7.318392753601074
R566W:S578T,-9.654296875
R566W:S578V,-9.011855125427246
R566W:T567A:R588F,-6.389503479003906
R566W:T567F,-12.7091064453125
R566W:T567Y,-12.597980499267578
R566W:T573S,-9.20781421661377
R566W:V571Y,-10.719766616821289
R566W:Y576C,-9.578399658203125
R566W:Y576H,-8.135421752929688
R566Y:A572D,-10.123046875
R566Y:A572G:N587T,-10.874458312988281
R566Y:E574H,-9.199627876281738
R566Y:E574R,-12.50782585144043
R566Y:L583E,-3.003744125366211
R566Y:L583P:G586E:R588A,-5.41927433013916
R566Y:Q575A,-6.846089839935303
R566Y:Q575I:L583E,-6.003763198852539
R566Y:Q575M,-7.249998092651367
R566Y:Q575M:R588T,-4.589509963989258
R566Y:Q575T:Y576F:R588F,-9.015997886657715
R566Y:Q575W,-7.685051441192627
R566Y:R588F,-3.775092124938965
R566Y:R588H,-4.4937005043029785
R566Y:R588T,-1.8956890106201172
R566Y:S578D:N587V,-6.385124683380127
R566Y:S578E,-4.648718357086182
R566Y:S578E:R588F,-3.8676328659057617
R566Y:S578E:T581C,-7.45249080657959
R566Y:S578V:T581V:L583E:G586E,-10.979331970214844
R566Y:T567A:V571T:Y576F:S578G,-10.1649169921875
R566Y:T567C:V571T:Y576F:R588V,-6.078076362609863
R566Y:T567D,-11.526199340820312
R566Y:T568C,-9.374288558959961
R566Y:T568F,-13.69894027709961
R566Y:T568H,-14.579957962036133
R566Y:T568L,-12.44571304321289
R566Y:T581A:R588F,-6.3120574951171875
R566Y:T581H,-9.05512809753418
R566Y:T581Q,-8.438079833984375
R566Y:T581Y,-8.350503921508789
R566Y:V571A:L583E,-6.596428394317627
R566Y:V571F,-8.92292594909668
R566Y:V571F:Y576W:S578C,-12.333831787109375
R566Y:Y576F:S578D,-5.196747779846191
S578A:L583C,-6.822149276733398
S578A:L583F,-5.741406440734863
S578A:L583I,-5.058103561401367
S578A:L583P,-4.014835357666016
S578A:R588A,0.6969461441040039
S578A:R588Q,-0.6073436737060547
S578A:T581Q,-5.860315322875977
S578C:L583D,0.9691624641418457
S578C:L583E,0.3512519598007202
S578C:L583M,-5.497546195983887
S578C:L583Y:G586I,-8.627311706542969
S578C:N587T,-4.269040584564209
S578C:R588F,-0.42009592056274414
S578C:R588N,1.0127410888671875
S578C:R588Q,0.16988801956176758
S578C:R588T,1.4593071937561035
S578C:T581A,-3.7381465435028076
S578C:T581N:G586E,-4.4131364822387695
S578D:G586E,0.3349142074584961
S578D:G586F,-3.066497325897217
S578D:G586L,-1.6538732051849365
S578D:G586Y,-2.987485408782959
S578D:L583D,4.007291793823242
S578D:L583D:R588A,6.682651042938232
S578D:L583E,3.3893814086914062
S578D:L583E:G586E:R588A,4.56270694732666
S578D:L583E:R588F,4.170466899871826
S578D:L583I:R588Q,0.1283268928527832
S578D:L583P,-0.19947433471679688
S578D:L583P:R588F,0.581611156463623
S578D:L583Y,-1.7338848114013672
S578D:N587P,1.5410165786743164
S578D:N587Q:R588N,0.004021167755126953
S578D:N587T,-1.2309112548828125
S578D:R588A,4.512307167053223
S578D:R588C,1.3472156524658203
S578D:R588H,1.8994250297546387
S578D:R588Q,3.208017349243164
S578D:R588T,4.4974365234375
S578D:R588V,4.271917343139648
S578D:R588Y,2.8464622497558594
S578D:T581A,-0.7000172138214111
S578D:T581C,-0.9668245315551758
S578E:G586E,-1.5945744514465332
S578E:G586F,-4.995985984802246
S578E:G586L,-3.583361864089966
S578E:G586L:R588N,-1.3694393634796143
S578E:G586P,1.4628186225891113
S578E:G586V,-3.335256814956665
S578E:L583D:R588V,4.512772560119629
S578E:L583P,-2.128962993621826
S578E:N587P,-0.3884720802307129
S578E:N587Q,-4.139389991760254
S578E:N587T,-3.160399913787842
S578E:R588A,2.5828185081481934
S578E:R588H,-0.030063629150390625
S578E:R588P,3.984558582305908
S578E:R588Q,1.2785286903381348
S578F:G586I,-5.087914943695068
S578F:G586R,-8.452942848205566
S578F:L583D,0.9377262592315674
S578F:L583R,-8.257648468017578
S578F:R588K,-3.0287511348724365
S578F:R588P,2.8444817066192627
S578G:G586L,-4.904282569885254
S578G:L583E,0.13897192478179932
S578G:L583E:N587T:R588F,-2.1478018760681152
S578G:L583P,-3.4498836994171143
S578G:L583S,-4.448267936706543
S578G:N587A,-4.533987998962402
S578G:N587P,-1.709392786026001
S578G:R588F,-0.632375955581665
S578G:R588H,-1.3509843349456787
S578G:R588K,-3.209594964981079
S578G:R588N,0.8004610538482666
S578G:T581C,-4.217233657836914
S578H:L583S,-6.854519844055176
S578H:L583Y,-7.3905463218688965
S578H:R588V,-1.3847441673278809
S578H:T581F,-8.168055534362793
S578K:L583E,-6.211446762084961
S578K:L583M,-12.060245513916016
S578K:L583R,-14.788911819458008
S578M:L583V,-7.2405314445495605
S578M:N587C,-10.950275421142578
S578M:R588Q,-2.9427742958068848
S578N:L583R,-9.780275344848633
S578N:N587T,-5.823102951049805
S578N:N587T:R588Q,-4.452033519744873
S578N:R588A,-0.07988452911376953
S578N:R588Y,-1.7457294464111328
S578N:T581A,-5.292208671569824
S578P:N587P,-5.08035945892334
S578Q:G586Q,-8.002904891967773
S578Q:L583A,-7.263524055480957
S578Q:R588F,-3.4133195877075195
S578Q:R588P,-0.11730575561523438
S578Q:R588Q,-2.823335647583008
S578R:L583K,-14.209440231323242
S578R:L583T,-10.87252140045166
S578T:G586L,-7.24018669128418
S578T:G586Q,-7.557865142822266
S578T:L583P,-5.785788059234619
S578T:N587T,-6.817224979400635
S578T:R588A,-1.0740065574645996
S578T:R588C,-4.239098072052002
S578T:R588N,-1.5354433059692383
S578T:R588Q,-2.378296375274658
S578V:G586E:R588F,-3.8278722763061523
S578V:G586L,-6.597744941711426
S578V:G586S,-5.852078437805176
S578V:L583E:R588F,-0.7734051942825317
S578V:L583G:R588Q,-5.0066022872924805
S578V:L583P:R588A,-2.467987060546875
S578V:L583Q,-6.316744804382324
S578V:N587T,-6.174783229827881
S578V:R588A,-0.4315648078918457
S578V:R588C,-3.596656322479248
S578V:R588F,-2.325838565826416
S578V:R588H,-3.0444469451904297
S578V:R588N,-0.8930015563964844
S578V:R588V,-0.6719546318054199
S578V:R588Y,-2.097409725189209
S578V:T581N,-4.816844940185547
S578W:G586L,-4.8972601890563965
S578W:G586T,-4.492297172546387
S578W:L583E,0.14599430561065674
S578W:L583V,-4.333127021789551
S578W:R588A,1.2689201831817627
S578W:R588C,-1.8961713314056396
S578W:T581N,-3.1163601875305176
S578Y:G586P,-0.5122871398925781
S578Y:L583C,-6.911382675170898
S578Y:T581K,-9.270917892456055
S578Y:T581N:L583Q,-6.987388610839844
T567A:A572C:Q575M,-7.313145160675049
T567A:A572G:E574L:Q575T:S578A,-13.32486343383789
T567A:A572S,-4.185151100158691
T567A:A572S:L583D:R588A,0.6605520248413086
T567A:A572S:Q575C,-5.591065406799316
T567A:A572S:Q575C:L583D:R588V,-0.9857518672943115
T567A:A572S:Q575I:G586P:N587Q,-9.676660537719727
T567A:A572S:Q575L:S578T,-10.06516170501709
T567A:A572S:S578E:L583V,-7.204379558563232
T567A:A572S:T573S:S578C,-8.689215660095215
T567A:A572S:Y576F:N587T,-9.730528831481934
T567A:A572Y:G586W,-14.3701810836792
T567A:E574C,-5.053287506103516
T567A:E574L,-5.3326416015625
T567A:G586C,-6.983532905578613
T567A:G586F,-6.169103622436523
T567A:G586P,0.2897012233734131
T567A:L583E,0.28677523136138916
T567A:L583G,-4.536405563354492
T567A:L583G:R588F,-3.7553203105926514
T567A:L583H,-5.4527788162231445
T567A:L583P:R588A,-0.6267211437225342
T567A:L583T,-4.32315731048584
T567A:L583W,-5.799163818359375
T567A:N569Q,-9.872505187988281
T567A:N569V,-9.088458061218262
T567A:N587T,-4.333517074584961
T567A:Q575C,-2.671572208404541
T567A:Q575C:S578D:N587T:R588T,-1.241994857788086
T567A:Q575C:T581A:N587T,-8.276395797729492
T567A:Q575H,-4.2028961181640625
T567A:Q575H:S578T,-7.9522624015808105
T567A:Q575I,-4.265677452087402
T567A:Q575I:S578C:T581N,-7.176779747009277
T567A:Q575I:S578T,-8.015043258666992
T567A:Q575I:Y576F:S578A,-8.721609115600586
T567A:Q575L,-3.396303176879883
T567A:Q575L:L583E,-1.8438698053359985
T567A:Q575M,-3.9594788551330566
T567A:Q575M:S578V,-7.066403388977051
T567A:Q575M:S578W,-5.365918159484863
T567A:Q575N:S578V,-4.3317155838012695
T567A:Q575V,-3.9708919525146484
T567A:Q575V:S578N,-6.72613525390625
T567A:Q575V:S578W,-5.377330780029297
T567A:R588F,-0.4845726490020752
T567A:R588H,-1.2031810283660889
T567A:R588K,-3.0617916584014893
T567A:R588Q,0.10541129112243652
T567A:R588T,1.3948304653167725
T567A:R588V,1.169311285018921
T567A:S578A:T581N,-4.9539923667907715
T567A:S578C:R588F,-1.6857540607452393
T567A:S578E,-1.358198881149292
T567A:S578E:L583E:N587P:R588A,2.573662281036377
T567A:S578G,-2.67911958694458
T567A:S578G:N587T,-5.746978759765625
T567A:S578P,-6.05008602142334
T567A:S578V,-4.37258243560791
T567A:S578V:N587T,-7.440441131591797
T567A:S578V:R588N,-2.1586596965789795
T567A:S578V:R588T,-1.7120935916900635
T567A:S578V:R588V,-1.937612771987915
T567A:S578W,-2.6720972061157227
T567A:T568K,-10.990234375
T567A:T568V,-5.3878631591796875
T567A:T568V:G586L:R588Q,-7.507615089416504
T567A:T568V:L583V:G586E,-9.816584587097168
T567A:T568V:Q575C:S578T,-10.543143272399902
T567A:T568V:Q575G:S578E:L583H,-11.983427047729492
T567A:T568V:Q575I:T581A,-10.924847602844238
T567A:T568V:Q575M,-8.081684112548828
T567A:T568V:Q575T:S578N,-10.906494140625
T567A:T568V:T573S,-8.690746307373047
T567A:T568V:T573S:L583N,-11.425629615783691
T567A:T568V:T573S:S578T,-12.440112113952637
T567A:T568V:T573Y:L583F,-13.540653228759766
T567A:T568V:T573Y:S578C,-10.978841781616211
T567A:T568W,-12.372916221618652
T567A:T573H,-4.802626609802246
T567A:T573S:Q575I,-7.568560600280762
T567A:T573S:Y576W,-6.778265953063965
T567A:T573V,-4.184103965759277
T567A:T573Y:S578V:L583F,-12.525373458862305
T567A:T581A,-3.8026232719421387
T567A:T581A:G586E,-5.304656982421875
T567A:T581V:L583W,-9.165793418884277
T567A:T581V:R588Q,-3.261218309402466
T567A:V571A,-4.858342170715332
T567A:V571A:Q575M:S578E:L583E:R588V,-3.6573009490966797
T567A:V571A:Q575T:Y576F:S578E:L583W,-14.725295066833496
T567A:V571E,-6.2654008865356445
T567A:V571F:Y576F:T581A,-10.646890640258789
T567A:V571T,-1.717759132385254
T567A:V571T:A572S:L583P:G586E,-8.175708770751953
T567A:V571T:L583E:R588F,0.6157598495483398
T567A:V571T:N587T,-4.785618305206299
T567A:V571T:Q575I:L583E,-3.165344715118408
T567A:V571T:Q575L:Y576F:S578G:N587T,-10.807243347167969
T567A:V571T:S578G:G586E,-4.633254051208496
T567A:V571T:Y576F,-4.195277690887451
T567A:V571T:Y576F:L583E,-2.6428442001342773
T567A:Y576C,-4.939126968383789
T567A:Y576F,-3.7431764602661133
T567A:Y576F:L583E,-2.1907429695129395
T567A:Y576F:L583P:R588A,-3.1042394638061523
T567A:Y576F:R588F,-2.9620909690856934
T567A:Y576F:S578E:G586E,-5.3377509117126465
T567A:Y576F:S578E:L583P:R588A,-3.196780204772949
T567A:Y576F:S578G,-5.156638145446777
T567A:Y576W,-3.4753825664520264
T567C:A572C,-4.380915641784668
T567C:A572C:N587A,-7.501441955566406
T567C:A572E,-7.938451766967773
T567C:A572E:G586I,-11.79374885559082
T567C:A572S,-3.946742057800293
T567C:A572S:L583D,-1.7763981819152832
T567C:A572S:Q575N,-3.9058752059936523
T567C:A572S:Q575T,-6.710129261016846
T567C:A572S:Q575T:S578C,-7.91131067276001
T567C:A572S:Q575V:S578N,-9.407219886779785
T567C:A572S:Q575W:R588F,-6.294530391693115
T567C:A572S:T573S:S578V:N587T,-13.424407958984375
T567C:A572S:Y576F:S578V:T581A:N587P,-12.364080429077148
T567C:A572Y,-7.793426513671875
T567C:E574I,-5.661106109619141
T567C:G586A,-3.6823697090148926
T567C:G586E,-2.529282808303833
T567C:G586E:R588H,-2.4668056964874268
T567C:G586V,-4.269965171813965
T567C:L583D,1.143094778060913
T567C:L583E,0.5251842737197876
T567C:L583I,-4.106939315795898
T567C:L583V,-3.953936815261841
T567C:L583V:N587T,-7.021795749664307
T567C:L583W,-5.560754776000977
T567C:N569S:A572E:G586I,-18.05929946899414
T567C:N587C,-7.6636810302734375
T567C:N587F,-6.469888687133789
T567C:N587H,-6.522199630737305
T567C:Q575A,-3.3171613216400146
T567C:Q575C,-2.4331631660461426
T567C:Q575C:S578V:R588F,-4.759001731872559
T567C:Q575H,-3.964487314224243
T567C:Q575H:S578V,-7.071411609649658
T567C:Q575I,-4.027268409729004
T567C:Q575I:S578C,-5.228449821472168
T567C:Q575I:S578V,-7.13419246673584
T567C:Q575L,-3.1578941345214844
T567C:Q575L:L583E,-1.6054607629776
T567C:Q575L:R588A,-0.48253488540649414
T567C:Q575L:S578E,-3.2504348754882812
T567C:Q575M,-3.721069812774658
T567C:Q575M:L583G,-6.991817474365234
T567C:Q575M:N587Q,-7.767919540405273
T567C:Q575M:R588Q,-2.3500003814697266
T567C:Q575M:S578V,-6.827994346618652
T567C:Q575N,-0.986382246017456
T567C:Q575N:S578V,-4.093306541442871
T567C:Q575P,-5.102079391479492
T567C:Q575T,-3.7906363010406494
T567C:Q575T:L583P,-5.827058792114258
T567C:Q575V,-3.73248291015625
T567C:Q575V:S578A,-5.710896015167236
T567C:Q575V:S578T,-7.48184871673584
T567C:Q575V:S578V,-6.839406967163086
T567C:Q575V:T581N,-5.442403793334961
T567C:Q575V:T581N:L583W:R588F,-9.19482421875
T567C:Q575W:L583D:R588Y,-0.9762649536132812
T567C:R588A,1.6481101512908936
T567C:R588F,-0.24616360664367676
T567C:R588Q,0.34382033348083496
T567C:R588T,1.633239507675171
T567C:R588Y,-0.017734766006469727
T567C:S578A,-3.005662202835083
T567C:S578A:R588A,-0.3303029537200928
T567C:S578C,-2.2284305095672607
T567C:S578D,0.8096988201141357
T567C:S578E,-1.1197898387908936
T567C:S578G,-2.4407105445861816
T567C:S578G:N587T,-5.508569717407227
T567C:S578G:R588F,-1.6596250534057617
T567C:S578T,-4.776615142822266
T567C:S578T:L583W:R588F,-8.529035568237305
T567C:S578V,-4.134173393249512
T567C:T568C,-5.845359802246094
T567C:T568V,-5.149454116821289
T567C:T568V:A572S,-8.068946838378906
T567C:T568V:A572S:Q575H:S578T,-14.755552291870117
T567C:T568V:Q575N:S578A,-7.087000370025635
T567C:T568V:Q575T:S578A,-9.891254425048828
T567C:T568V:R588T,-2.4889657497406006
T567C:T568V:S578A,-7.127867698669434
T567C:T568V:S578C,-6.350635528564453
T567C:T568V:T573C,-8.061911582946777
T567C:T568V:T573S:Q575M:R588V,-8.711189270019531
T567C:T568V:T573Y:Q575N:S578A,-11.476798057556152
T567C:T573C,-3.939706563949585
T567C:T573C:L583I,-7.019396781921387
T567C:T573Q,-5.432436943054199
T567C:T573S,-4.330132484436035
T567C:T573S:Q575G:R588Q,-5.274965763092041
T567C:T573S:Q575I,-7.330151557922363
T567C:T573S:Q575I:S578A,-9.308565139770508
T567C:T573S:Q575I:S578C,-8.531332969665527
T567C:T573S:Q575M:S578A,-9.002366065979004
T567C:T573S:Q575V:S578A,-9.013779640197754
T567C:T573S:S578C,-5.531313896179199
T567C:T581N:L583G,-6.007917404174805
T567C:T581V,-4.393878936767578
T567C:V571A:A572C:Q575M:Y576F,-13.144939422607422
T567C:V571A:L583D:N587P,-2.74552059173584
T567C:V571A:Q575T:S578E:R588N,-5.26193904876709
T567C:V571A:Q575V,-7.325167179107666
T567C:V571A:T581A:L583W,-11.690403938293457
T567C:V571D,-5.169621467590332
T567C:V571E:A572C:Q575V:L583E,-10.533458709716797
T567C:V571G,-6.067882537841797
T567C:V571T:Q575C:R588A,-0.20990490913391113
T567C:V571T:Q575T:T581A:L583D,-4.609358310699463
T567C:Y576F,-3.504767417907715
T567C:Y576F:S578V,-6.611691474914551
T567C:Y576W:N587T,-6.304832458496094
T567C:Y576W:R588A,-0.5616142749786377
T567C:Y576W:R588F,-2.455888032913208
T567D:A572W,-15.34793758392334
T567D:E574V,-11.137311935424805
T567D:G586W,-13.308366775512695
T567D:N569T,-13.50951862335205
T567D:N587V,-10.635915756225586
T567D:Q575I,-9.970040321350098
T567D:R588Q,-5.598951816558838
T567D:S578G:T581H,-12.882433891296387
T567D:S578R:L583H:R588Y,-17.962650299072266
T567D:T573C,-9.882478713989258
T567D:T573N,-10.07464599609375
T567D:V571C,-10.530742645263672
T567D:V571E,-11.969764709472656
T567D:V571R,-14.347161293029785
T567E:A572G,-10.348310470581055
T567E:E574K,-14.82652473449707
T567E:N587F,-12.540529251098633
T567E:Q575F,-9.822020530700684
T567E:Q575P,-11.17271900177002
T567E:Q575R,-13.179281234741211
T567E:T581N,-8.807809829711914
T567E:V571F,-11.464637756347656
T567E:Y576V,-13.368014335632324
T567F:E574I,-11.438033103942871
T567F:E574M:S578T,-14.871773719787598
T567F:N569C,-14.687529563903809
T567F:N569F,-16.284862518310547
T567F:N587P,-7.100107192993164
T567F:T568E,-16.310367584228516
T567F:T568I,-13.14205551147461
T567F:T568S,-12.371637344360352
T567F:T581C,-9.607948303222656
T567F:T581N,-8.514097213745117
T567F:V571P,-13.453607559204102
T567G:A572C:G586L:N587P,-10.701932907104492
T567G:A572Y,-10.327691078186035
T567G:E574S:G586E,-9.195145606994629
T567G:E574W,-8.120023727416992
T567G:G586Y,-8.385947227478027
T567G:L583N,-6.2963972091674805
T567G:L583R,-10.58654499053955
T567G:L583T,-6.61901330947876
T567G:N569R,-13.517457008361816
T567G:N587Q,-7.608363151550293
T567G:Q575C:T581A:L583E,-5.95196008682251
T567G:Q575M:S578T,-10.004700660705566
T567G:Q575S:S578A:R588C,-8.141639709472656
T567G:R588F,-2.780428409576416
T567G:R588N,-1.3475914001464844
T567G:S578C:N587T,-7.830554485321045
T567G:S578D,-1.7245659828186035
T567G:S578E,-3.654054641723633
T567G:S578T,-7.310879707336426
T567G:S578W,-4.967952728271484
T567G:T568G:T573C:E574N:Q575H:S578C:T581P:G586C,-30.143596649169922
T567G:T568G:T573C:Q575H:S578C:T581P:G586C,-26.254159927368164
T567G:T568V:A572S:S578N,-13.358455657958984
T567G:T568V:G586L,-11.174539566040039
T567G:T568V:N569Y,-16.602819442749023
T567G:T568V:Q575P:N587T:R588Q,-13.455339431762695
T567G:T573S,-6.864397048950195
T567G:T573W,-9.389361381530762
T567G:V571L,-7.201656341552734
T567G:Y576A,-9.16681957244873
T567H:E574A,-11.096894264221191
T567H:E574V,-11.07577896118164
T567H:N569F,-16.38917350769043
T567H:N569G:A572Y:Q575N,-22.55445098876953
T567H:R588H,-6.846010684967041
T567H:R588N,-4.694565296173096
T567H:T568E,-16.4146785736084
T567H:T573V,-9.826932907104492
T567H:T573V:Q575N:T581Q:N587A,-16.788496017456055
T567K:A572Q,-12.700064659118652
T567K:A572R,-14.554004669189453
T567K:A572Y:L583H:R588A,-14.344493865966797
T567K:E574K,-13.795191764831543
T567K:L583T,-9.124055862426758
T567K:L583V,-8.993244171142578
T567K:N587C,-12.702988624572754
T567K:Q575W,-9.195430755615234
T567K:T573Q,-10.471744537353516
T567K:T573V:Y576C,-12.65847110748291
T567L:A572G,-9.87521743774414
T567L:A572P,-14.323115348815918
T567L:L583I,-9.704486846923828
T567L:N569I,-14.848254203796387
T567L:N569T,-13.164294242858887
T567L:N587V,-10.290691375732422
T567L:R588P,-2.5476975440979004
T567L:T568G,-15.07003402709961
T567L:T573S,-9.927680015563965
T567L:V571S:E574R:L583I:G586C,-25.7019100189209
T567M:E574F,-9.857551574707031
T567M:E574M:L583V:G586F,-18.517385482788086
T567M:L583P,-8.405441284179688
T567M:L583R,-13.394050598144531
T567M:N569I,-14.592476844787598
T567M:Q575H,-9.306257247924805
T567M:R588K,-8.165153503417969
T567M:R588Y,-5.3595051765441895
T567M:T568K,-16.093595504760742
T567M:T568M:R588T,-12.279752731323242
T567M:T573Y,-10.758816719055176
T567M:V571L:T581K,-17.212432861328125
T567M:Y576P:T581A,-17.275413513183594
T567M:Y576W,-8.578743934631348
T567N:A572C,-8.32912540435791
T567N:E574G,-9.248651504516602
T567N:E574I,-9.609315872192383
T567N:E574R,-12.927106857299805
T567N:G586A,-7.630579948425293
T567N:Q575I,-7.975478172302246
T567N:S578G,-6.388920783996582
T567N:T568W,-16.082717895507812
T567N:T581C,-7.779231548309326
T567N:V571N,-8.95132827758789
T567P:A572G,-6.12476110458374
T567P:A572S,-5.793832778930664
T567P:A572W:Y576R:S578N,-22.418333053588867
T567P:E574A,-7.062746524810791
T567P:E574D:L583D:N587H,-7.221867561340332
T567P:E574H,-7.5177903175354
T567P:E574Q:R588P,-3.6432013511657715
T567P:G586Y,-7.698773384094238
T567P:L583D,-0.7039961814880371
T567P:L583F,-6.637333393096924
T567P:L583W,-7.407845497131348
T567P:N569A,-10.85630989074707
T567P:Q575C:R588P,-0.2031548023223877
T567P:Q575N:L583G,-6.104220867156982
T567P:Q575T,-5.6377272605896
T567P:Q575W,-6.003213882446289
T567P:R588C,-3.364072322845459
T567P:R588P,1.2027592658996582
T567P:S578D:R588C,-1.5271244049072266
T567P:S578V,-5.981264114379883
T567P:T568I:N569I,-17.43567657470703
T567P:T568N,-10.724205017089844
T567P:T568P,-11.710134506225586
T567P:T568V:T573H:S578V,-13.640438079833984
T567P:T581H,-7.373291015625
T567P:V571D,-7.016712665557861
T567P:V571E:Q575M:Y576F:R588H,-12.98294448852539
T567P:V571F,-7.2410888671875
T567P:Y576F,-5.351858139038086
T567P:Y576F:S578G:L583E:N587Y:R588F,-9.663101196289062
T567P:Y576H,-5.104830741882324
T567P:Y576Q,-9.512990951538086
T567Q:A572C,-9.504493713378906
T567Q:A572S:G586E,-10.572354316711426
T567Q:A572S:R588K,-10.866454124450684
T567Q:A572S:S578E:L583I,-12.242551803588867
T567Q:E574I,-10.784685134887695
T567Q:E574Q,-10.996788024902344
T567Q:G586A,-8.805948257446289
T567Q:G586E,-7.65286111831665
T567Q:L583C:G586E,-12.496597290039062
T567Q:L583D:R588A,-1.305124282836914
T567Q:L583E:R588F,-3.8173084259033203
T567Q:L583P,-8.187250137329102
T567Q:L583Q,-9.360648155212402
T567Q:N569W,-17.235811233520508
T567Q:Q575C:L583Q,-10.766562461853027
T567Q:Q575L:R588Q,-6.910403251647949
T567Q:Q575M,-8.844648361206055
T567Q:Q575M:S578T,-12.594014167785645
T567Q:Q575N,-6.109960556030273
T567Q:Q575V,-8.856060981750488
T567Q:Q575V:S578D:N587P,-7.315044403076172
T567Q:R588A,-3.475468158721924
T567Q:R588F,-5.369741916656494
T567Q:R588N,-3.9369049072265625
T567Q:R588Q,-4.779757976531982
T567Q:S578D,-4.313879489898682
T567Q:S578D:G586E,-5.815913200378418
T567Q:S578D:T581C,-7.117651462554932
T567Q:S578E,-6.243368148803711
T567Q:S578E:G586E,-7.745401859283447
T567Q:S578F:L583W:R588Q,-10.545881271362305
T567Q:S578H,-9.970541000366211
T567Q:S578N,-8.906070709228516
T567Q:S578R,-13.965848922729492
T567Q:S578T:G586E,-11.402227401733398
T567Q:S578V,-9.25775146484375
T567Q:S578W,-7.5572662353515625
T567Q:T568V:A572S:Q575V,-15.897760391235352
T567Q:T568V:A572S:S578E,-13.285066604614258
T567Q:T568V:N587T,-13.340892791748047
T567Q:T568V:Q575C,-11.678947448730469
T567Q:T568V:Q575G:L583C:R588K,-19.228805541992188
T567Q:T573S,-9.453710556030273
T567Q:T573S:Q575V,-12.158944129943848
T567Q:T573S:S578V,-12.56063461303711
T567Q:T581A,-8.687792778015137
T567Q:V571C,-9.711549758911133
T567Q:V571C:T581C,-12.515321731567383
T567Q:V571D,-10.29319953918457
T567Q:V571E,-11.150569915771484
T567Q:V571F:S578V:L583Q,-16.834320068359375
T567Q:V571G,-11.191461563110352
T567Q:V571K,-13.276056289672852
T567Q:V571S,-8.478727340698242
T567Q:Y576H,-8.381318092346191
T567R:A572E,-13.84228229522705
T567R:A572I,-13.35140609741211
T567R:E574F,-10.419611930847168
T567R:E574L,-10.998064041137695
T567R:E574M,-11.249312400817871
T567R:G586F,-11.834525108337402
T567R:N569F,-16.411766052246094
T567R:N569M,-16.249717712402344
T567R:N569T,-13.470577239990234
T567R:N587F,-12.373720169067383
T567R:Q575R,-13.012472152709961
T567R:V571R,-14.308219909667969
T567S:A572L,-6.886017799377441
T567S:A572S:L583I,-6.504709243774414
T567S:A572S:T581N,-5.134940147399902
T567S:A572W,-8.883441925048828
T567S:E574Q,-5.3514862060546875
T567S:G586L,-3.996346950531006
T567S:L583E,1.046907663345337
T567S:L583Q,-3.715346574783325
T567S:L583S,-3.540332078933716
T567S:N569E,-8.980573654174805
T567S:N587P,-0.8014571070671082
T567S:Q575C,-1.9114398956298828
T567S:Q575C:G586P,-0.3560805320739746
T567S:Q575C:T581N,-3.621361017227173
T567S:Q575H,-3.4427640438079834
T567S:Q575I,-3.505544900894165
T567S:Q575I:S578A:T581N,-7.193879127502441
T567S:Q575I:S578V,-6.612468719482422
T567S:Q575L,-2.6361708641052246
T567S:Q575L:S578V,-5.7430949211120605
T567S:Q575M,-3.1993465423583984
T567S:Q575M:S578V,-6.306270599365234
T567S:Q575N,-0.4646589159965515
T567S:Q575N:S578F,-1.6972765922546387
T567S:Q575N:S578T,-4.214024543762207
T567S:Q575N:S578V,-3.5715830326080322
T567S:Q575V,-3.2107596397399902
T567S:Q575V:S578V,-6.317683696746826
T567S:R588K,-2.301659345626831
T567S:R588V,1.929443597793579
T567S:S578C,-1.706707239151001
T567S:S578C:T581C,-4.510479927062988
T567S:S578E,-0.598066508769989
T567S:S578N,-3.2607696056365967
T567S:S578R,-8.320548057556152
T567S:S578T:T581N,-5.964812755584717
T567S:S578V,-3.612449884414673
T567S:S578W,-1.9119648933410645
T567S:T568V,-4.627730846405029
T567S:T568V:A572S,-7.547224044799805
T567S:T568V:Q575L,-6.758376121520996
T567S:T568V:S578E:L583A,-7.789390563964844
T567S:T568V:S578N,-7.382974624633789
T567S:T568V:S578V:T581N:R588Q,-8.073506355285645
T567S:T568V:T573Y:Q575M,-11.711349487304688
T567S:T568V:V571C:R588V,-5.753483295440674
T567S:T573P:E574D,-7.272758483886719
T567S:T573S,-3.8084089756011963
T567S:T573S:G586P,-2.253049612045288
T567S:T573S:Q575G:S578E:T581C,-9.020625114440918
T567S:T573S:Q575I:S578C:N587T,-11.077468872070312
T567S:T573S:Q575I:S578V,-9.915351867675781
T567S:T573S:Q575M,-6.502229690551758
T567S:T573S:S578A,-5.786822319030762
T567S:T573V,-3.42397141456604
T567S:T573V:Q575D,-7.5455474853515625
T567S:T573Y,-4.895322799682617
T567S:T573Y:Q575M,-7.589143753051758
T567S:T581N,-2.215446949005127
T567S:V571A,-4.098209857940674
T567S:V571C,-4.066247463226318
T567S:V571C:Q575M,-6.760068416595459
T567S:V571D,-4.647898197174072
T567S:V571F,-4.872274398803711
T567S:V571P,-7.154956817626953
T567S:V571T:Q575M:T581A:L583W:R588F,-9.940832138061523
T567S:Y576K,-9.468868255615234
T567S:Y576W,-2.715250253677368
T567V:E574L,-8.435651779174805
T567V:E574V,-8.535959243774414
T567V:L583G,-7.639415740966797
T567V:L583W,-8.90217399597168
T567V:N569K,-13.307592391967773
T567V:N569M:G586E,-15.189338684082031
T567V:N569Q,-12.975515365600586
T567V:Q575W,-7.497541904449463
T567V:T568E:N569R:G586T:R588N,-24.70273780822754
T567V:T568V,-8.490873336791992
T567V:T573F,-8.45118236541748
T567V:T573S,-7.67155122756958
T567V:T573V,-7.287113666534424
T567V:T581F,-8.717010498046875
T567V:Y576A,-9.973974227905273
T567V:Y576E:T581Y:L583S,-18.508743286132812
T567W:E574K:Y576V,-22.758546829223633
T567W:E574W,-13.318296432495117
T567W:G586E,-10.261819839477539
T567W:L583K,-15.154205322265625
T567W:L583P,-10.796209335327148
T567W:L583Q,-11.96960735321045
T567W:N569L,-17.317733764648438
T567W:Q575K,-14.56186294555664
T567W:R588N,-6.545864105224609
T567W:T568H,-18.783565521240234
T567W:T568L,-16.649322509765625
T567W:T581F,-13.108128547668457
T567W:V571H,-14.612762451171875
T567Y:A572C,-10.04671573638916
T567Y:A572E,-13.604251861572266
T567Y:N569G,-15.613703727722168
T567Y:Q575R,-12.774441719055176
T567Y:S578C,-7.894230842590332
T567Y:T581A,-9.23001480102539
T567Y:V571G,-11.733682632446289
T567Y:Y576K,-15.656392097473145
T568A:A572S,-9.340747833251953
T568A:G586R,-13.641580581665039
T568A:G586T,-9.507112503051758
T568A:G586Y,-11.245687484741211
T568A:L583A,-9.490373611450195
T568A:L583H,-10.608375549316406
T568A:N569G,-15.341909408569336
T568A:N569I,-14.644712448120117
T568A:N587F,-11.86389446258545
T568A:Q575N,-6.380387783050537
T568A:S578Q,-10.615659713745117
T568A:T581K,-13.624526977539062
T568A:Y576K,-15.384597778320312
T568C:A572D:L583N,-13.119863510131836
T568C:E574G,-9.091302871704102
T568C:G586D,-5.664492607116699
T568C:L583I,-7.897800922393799
T568C:N569V,-12.640910148620605
T568C:Q575G,-7.1340131759643555
T568C:Q575N,-4.777243614196777
T568C:Q575V:Y576F:T581V:L583G:R588A,-13.96288013458252
T568C:R588Y,-3.808596134185791
T568C:S578C,-6.019291877746582
T568C:S578C:T581A:L583W,-13.089762687683105
T568C:S578N,-7.573354244232178
T568C:T573F,-8.900625228881836
T568C:T581V,-8.18474006652832
T568C:V571E:E574A:L583E:G586E,-13.955860137939453
T568C:V571H:S578D:L583Y:N587Q,-16.451820373535156
T568C:V571T:E574A:N587T:R588C,-13.016209602355957
T568C:V571W,-11.023248672485352
T568C:V571Y,-9.632946014404297
T568C:Y576W,-7.027834892272949
T568D:N587R,-17.089599609375
T568D:Q575P,-13.232087135314941
T568D:S578C,-10.358438491821289
T568D:S578E,-9.249797821044922
T568D:T573H,-12.694225311279297
T568D:T573P,-14.901568412780762
T568D:V571L,-12.797399520874023
T568D:V571T,-9.609357833862305
T568D:V571Y:N587Y,-19.203392028808594
T568E:A572L,-15.886683464050293
T568E:G586F,-14.409636497497559
T568E:N569C,-17.389545440673828
T568E:N569K,-18.44511604309082
T568E:N569Q,-18.113037109375
T568E:N587T,-12.574050903320312
T568E:N587V,-13.172086715698242
T568E:Q575A,-11.796103477478027
T568E:Q575R,-15.587583541870117
T568E:R588V,-7.071221828460693
T568E:T573F,-13.588705062866211
T568E:T573Y,-13.895988464355469
T568E:V571Q,-14.801921844482422
T568F:A572S,-12.062255859375
T568F:A572T,-14.071826934814453
T568F:E574G,-13.415955543518066
T568F:G586D,-9.989145278930664
T568F:L583Q,-12.352583885192871
T568F:N569M,-18.46139907836914
T568F:N587P,-9.43869400024414
T568F:R588F,-8.361677169799805
T568F:R588T,-6.482274532318115
T568F:S578V,-12.249687194824219
T568F:T573K,-15.780729293823242
T568F:T573Y,-13.532560348510742
T568F:T581C,-11.946535110473633
T568F:T581Y,-12.937089920043945
T568F:V571A:T573N:S578W,-17.246511459350586
T568F:V571D:G586Y:N587Q,-22.156417846679688
T568G:A572P,-16.1435546875
T568G:A572Q,-15.078744888305664
T568G:A572R,-16.93268585205078
T568G:A572Y,-15.211414337158203
T568G:L583P,-10.481658935546875
T568G:N569F,-17.925922393798828
T568G:N587F,-13.887876510620117
T568G:Q575F,-11.169368743896484
T568G:R588A,-5.769877910614014
T568G:S578A,-10.423650741577148
T568G:T573C:Q575H,-14.29493236541748
T568G:T573C:Q575H:S578C:T581P,-16.97477149963379
T568G:T573C:Q575H:S578C:T581P:G586C,-22.692646026611328
T568G:T573C:Q575H:T581P,-15.773590087890625
T568G:T573N,-11.549861907958984
T568G:Y576Q,-15.08388900756836
T568H:G586L,-13.51460075378418
T568H:L583W,-14.55728530883789
T568H:L583Y:G586I,-17.449909210205078
T568H:N569H,-18.19540786743164
T568H:N587Y,-15.255081176757812
T568H:Q575D,-14.145356178283691
T568H:Q575Y,-13.390226364135742
T568H:S578Y,-12.091426849365234
T568H:T573K,-16.661746978759766
T568H:T573S,-13.32666301727295
T568H:V571G,-15.064413070678711
T568I:A572V,-11.644796371459961
T568I:E574F,-9.826411247253418
T568I:E574Y,-9.817986488342285
T568I:G586D,-7.184261322021484
T568I:L583N,-9.072762489318848
T568I:L583P,-8.37430191040039
T568I:N569E,-14.81292724609375
T568I:R588N,-4.123956680297852
T568I:S578P,-11.122306823730469
T568K:A572P,-17.422893524169922
T568K:L583M,-14.020940780639648
T568K:L583P,-11.760997772216797
T568K:N569E,-18.199623107910156
T568K:N587C,-16.361007690429688
T568K:S578V,-12.831500053405762
T568K:T573K,-16.36254119873047
T568K:T573V,-12.643021583557129
T568L:A572Y,-14.655712127685547
T568L:E574K,-15.618170738220215
T568L:G586D,-8.735918045043945
T568L:G586F,-12.792980194091797
T568L:N569A,-15.871505737304688
T568L:N569M,-17.208171844482422
T568L:N587R,-15.821877479553223
T568L:Q575D,-12.011112213134766
T568L:Q575Y,-11.255982398986816
T568L:R588Y,-6.880021095275879
T568L:S578Y,-9.957181930541992
T568L:T573H,-11.426504135131836
T568L:T581P:L583Q:G586I,-16.433311462402344
T568L:T581Y,-11.683862686157227
T568L:Y576K,-16.85287857055664
T568L:Y576Q,-14.528186798095703
T568M:A572G,-11.821643829345703
T568M:A572P,-16.269540786743164
T568M:A572V,-13.87813949584961
T568M:E574Q,-13.417182922363281
T568M:L583I,-11.65091323852539
T568M:Q575V,-11.276455879211426
T568M:R588H,-8.508745193481445
T568M:S578H,-12.390935897827148
T568M:S578T,-12.320588111877441
T568M:T573N,-11.675848007202148
T568M:T581N,-10.281143188476562
T568M:V571G,-13.611856460571289
T568M:Y576A,-14.176527976989746
T568M:Y576Q,-15.20987319946289
T568M:Y576T,-14.740360260009766
T568N:E574H,-12.493315696716309
T568N:E574I,-12.483722686767578
T568N:E574K,-15.578500747680664
T568N:L583C,-12.693601608276367
T568N:L583R,-14.874897003173828
T568N:N569C,-15.733219146728516
T568N:N569M:A572C,-20.522167205810547
T568N:S578N,-10.605109214782715
T568N:S578Y,-9.917511940002441
T568N:T581K,-15.053136825561523
T568N:Y576C,-11.523334503173828
T568N:Y576F:S578W,-11.7338228225708
T568P:E574F,-12.324326515197754
T568P:G586F,-13.739239692687988
T568P:N587C,-15.472227096557617
T568P:S578F:L583D,-7.898068428039551
T568P:S578Q,-13.03019905090332
T568P:S578Y,-10.903440475463867
T568P:V571L,-12.475936889648438
T568P:Y576S,-13.905290603637695
T568P:Y576T,-15.004932403564453
T568Q:A572E,-16.385761260986328
T568Q:G586V,-12.717273712158203
T568Q:L583T,-12.53205680847168
T568Q:N569C,-17.357912063598633
T568Q:N587A,-12.595084190368652
T568Q:S578K,-17.23843765258789
T568Q:Y576R,-17.885391235351562
T568Q:Y576S,-14.54405403137207
T568R:A572V,-15.759703636169434
T568R:L583D,-8.282442092895508
T568R:L583E,-8.90035343170166
T568R:R588A,-7.7774271965026855
T568R:R588Q,-9.081716537475586
T568R:S578D,-8.615839004516602
T568R:T581K,-17.65605926513672
T568R:T581N,-12.162707328796387
T568R:V571A,-14.04547119140625
T568R:Y576C:S578D,-12.289308547973633
T568S:E574Q,-10.413421630859375
T568S:L583F,-9.33045482635498
T568S:L583G,-8.83820915222168
T568S:N587T,-8.635320663452148
T568S:Q575H,-8.50469970703125
T568S:T573P,-11.311773300170898
T568S:T581H,-10.066411972045898
T568S:T581P,-7.04611873626709
T568S:V571D,-9.709834098815918
T568S:Y576C,-9.240930557250977
T568S:Y576E,-12.878402709960938
T568V:A572C:L583D,-5.305527687072754
T568V:A572C:S578C:R588Q,-7.305983543395996
T568V:A572C:S578T,-11.225236892700195
T568V:A572G:Q575L:G586P,-7.947912216186523
T568V:A572G:T573Y,-11.76242446899414
T568V:A572G:T581Q,-11.254528045654297
T568V:A572S,-7.041698455810547
T568V:A572S:G586L,-10.532519340515137
T568V:A572S:G586L:R588Q,-9.161450386047363
T568V:A572S:Q575L:S578N,-11.927587509155273
T568V:A572S:Q575T:S578W,-11.211524963378906
T568V:A572S:S578N:G586L,-13.287763595581055
T568V:A572S:T581A,-9.578662872314453
T568V:E574M,-8.440437316894531
T568V:E574P:Q575S,-12.498936653137207
T568V:E574Y:S578Y,-9.66995906829834
T568V:G586D,-4.968587398529053
T568V:G586E,-5.624238967895508
T568V:L583K,-10.516624450683594
T568V:N569Q,-12.72905158996582
T568V:N587P,-4.4181365966796875
T568V:N587Q,-8.16905403137207
T568V:N587T,-7.190064430236816
T568V:N587V,-7.788100242614746
T568V:Q575C,-5.528119087219238
T568V:Q575C:S578T,-9.277484893798828
T568V:Q575H:S578N,-9.814687728881836
T568V:Q575I,-7.1222243309021
T568V:Q575L:S578T,-10.002216339111328
T568V:Q575M,-6.816025733947754
T568V:Q575M:G586P,-5.260666847229004
T568V:Q575N,-4.081338405609131
T568V:Q575P:G586P,-6.64167594909668
T568V:Q575P:L583E:R588F,-5.863515853881836
T568V:Q575P:T581Y:G586L,-15.482182502746582
T568V:Q575V:S578A,-8.805851936340332
T568V:Q575Y,-7.488652229309082
T568V:R588H,-4.059728145599365
T568V:R588Q,-2.75113582611084
T568V:R588T,-1.461716651916504
T568V:R588V,-1.6872358322143555
T568V:S578A,-6.100618362426758
T568V:S578C,-5.3233866691589355
T568V:S578E,-4.214745998382568
T568V:S578H,-7.941918849945068
T568V:S578N,-6.877449035644531
T568V:S578V,-7.229129314422607
T568V:S578V:T581N,-8.939050674438477
T568V:S578W,-5.528644561767578
T568V:T573S,-7.425088405609131
T568V:T573S:Q575H:S578G:T581N:R588Q,-12.114639282226562
T568V:T573S:S578A:R588Q,-8.032432556152344
T568V:T573S:S578G,-8.838549613952637
T568V:T573S:S578N,-10.18033218383789
T568V:T573S:T581N:N587T:R588Q,-10.831799507141113
T568V:T573V,-7.040650844573975
T568V:T573V:Q575F,-9.764781951904297
T568V:T581A:L583P:R588P,-4.61849308013916
T568V:T581H,-8.621156692504883
T568V:T581K,-11.325477600097656
T568V:T581N,-5.832126617431641
T568V:T581N:N587Q,-9.878974914550781
T568V:T581Q,-8.004107475280762
T568V:T581Q:L583D,-5.833763599395752
T568V:V571C:A572S,-10.602420806884766
T568V:V571C:L583D:R588Q,-4.141513824462891
T568V:V571C:Q575I:T581N,-12.392867088317871
T568V:V571E,-9.1219482421875
T568V:Y576F,-6.599723815917969
T568V:Y576F:T581N,-8.30964469909668
T568W:E574S,-15.238855361938477
T568W:E574Y,-14.58736515045166
T568W:G586S,-13.852412223815918
T568W:L583F,-14.870250701904297
T568W:N587Y,-16.338558197021484
T568W:Q575A,-13.397170066833496
T568W:Q575E,-15.604507446289062
T568W:R588C,-11.596990585327148
T568W:S578M,-15.421101570129395
T568W:S578T,-14.856623649597168
T568W:T573N,-14.211883544921875
T568W:T573W,-16.935104370117188
T568W:V571C:A572D:N587V,-23.900745391845703
T568W:V571R,-18.484397888183594
T568W:V571S:T581C,-16.238929748535156
T568W:Y576F,-13.584775924682617
T568Y:A572L,-15.699379920959473
T568Y:A572R,-17.80633544921875
T568Y:G586L,-12.809708595275879
T568Y:N569C:Y576N,-22.76767349243164
T568Y:N569I,-17.54234504699707
T568Y:Q575V,-12.024121284484863
T568Y:Q575Y,-12.685335159301758
T568Y:R588F,-8.537801742553711
T568Y:S578N,-12.07413101196289
T568Y:T573F,-13.40140151977539
T568Y:T573V,-12.237333297729492
T568Y:T581F,-13.667229652404785
T568Y:V571E:Y576F:N587T,-19.8640079498291
T573A:E574C,-7.300830841064453
T573A:G586S,-6.258356094360352
T573A:G586V,-6.755917549133301
T573A:L583P,-5.549623489379883
T573A:L583Y,-7.084033966064453
T573A:N587F,-8.955841064453125
T573A:N587P,-3.8091325759887695
T573A:R588P,0.5638980865478516
T573A:T581H:R588P,-3.9350528717041016
T573A:Y576H,-5.743692398071289
T573A:Y576N,-9.078632354736328
T573C:E574Y,-6.39256477355957
T573C:G586I,-6.767754554748535
T573C:L583C,-7.7561936378479
T573C:L583R,-9.937488555908203
T573C:Q575H,-5.849695682525635
T573C:Q575L,-5.043102264404297
T573C:S578N,-5.667701244354248
T573C:T581C,-5.7162299156188965
T573C:T581N:G586L,-8.113199234008789
T573F:G586E,-5.584547996520996
T573F:G586F,-8.985960006713867
T573F:L583D:R588P,2.164928913116455
T573F:Q575L:S578A,-8.191572189331055
T573F:R588C,-4.572246551513672
T573F:Y576A,-9.687820434570312
T573H:E574F:T581N:N587T,-11.8032808303833
T573H:E574K,-11.265604019165039
T573H:E574V,-7.704258918762207
T573H:E574W,-8.095478057861328
T573H:G586D,-4.383350372314453
T573H:L583N,-6.271851539611816
T573H:L583V,-6.463655948638916
T573H:N587K,-10.439495086669922
T573H:Q575C,-4.942882537841797
T573H:Q575P,-7.611798286437988
T573H:R588C,-4.026700496673584
T573H:R588F,-2.755882740020752
T573H:S578D,-1.7000203132629395
T573H:S578D:R588T,0.9604682922363281
T573H:S578K,-11.300848007202148
T573H:S578V,-6.643892288208008
T573H:Y576F,-6.014486312866211
T573K:E574D,-7.660887718200684
T573K:R588Y,-5.628451824188232
T573K:Y576V,-12.90809154510498
T573N:L583S,-6.139431476593018
T573N:Q575C,-4.5105390548706055
T573N:S578K,-10.868505477905273
T573P:N587C,-12.380743026733398
T573P:N587K,-12.646839141845703
T573P:Q575F,-8.468442916870117
T573P:Q575M,-8.438132286071777
T573P:R588A,-3.0689520835876465
T573P:Y576V,-12.014436721801758
T573Q:E574F,-7.893719673156738
T573Q:E574T:Q575R,-14.90761947631836
T573Q:E574V,-8.572478294372559
T573Q:Q575F,-7.129319190979004
T573Q:S578V,-7.512111663818359
T573Q:T581A,-6.942152976989746
T573Q:Y576Q,-11.043838500976562
T573S:L583E:R588F,-0.9693642854690552
T573S:L583I:N587P,-6.678504943847656
T573S:Q575C,-4.708797454833984
T573S:Q575C:S578A,-6.6872100830078125
T573S:Q575E,-7.8001322746276855
T573S:Q575G,-5.618785858154297
T573S:Q575H,-6.240121364593506
T573S:Q575I,-6.3029022216796875
T573S:Q575I:S578A,-8.281314849853516
T573S:Q575I:S578C,-7.504083633422852
T573S:Q575L,-5.433527946472168
T573S:Q575L:N587T:R588Q,-7.130317687988281
T573S:Q575L:R588Q,-4.0624589920043945
T573S:Q575L:S578N:T581N:N587T:R588Q,-11.59548282623291
T573S:Q575L:S578V:N587T:R588Q,-10.237241744995117
T573S:Q575M,-5.9967041015625
T573S:Q575M:S578C,-7.197885513305664
T573S:Q575N:S578N:R588Q,-4.646190643310547
T573S:Q575T:G586L,-9.557090759277344
T573S:Q575V,-6.008116722106934
T573S:Q575V:S578A,-7.986530303955078
T573S:Q575V:S578C,-7.209298133850098
T573S:Q575V:S578T,-9.757482528686523
T573S:R588Q,-1.9318137168884277
T573S:R588Y,-2.2933688163757324
T573S:S578A,-5.281296253204346
T573S:S578C,-4.504064559936523
T573S:S578F:G586L,-8.026321411132812
T573S:S578T,-7.052248954772949
T573S:S578V,-6.409807205200195
T573S:T581A,-5.839848518371582
T573S:T581H,-7.8018341064453125
T573S:T581N,-5.01280403137207
T573S:Y576T,-9.472021102905273
T573V:E574K,-10.64708137512207
T573V:E574N,-6.807882785797119
T573V:G586F,-7.821890830993652
T573V:L583P:R588V,-2.5198984146118164
T573V:Q575G:N587T,-8.302207946777344
T573V:Q575L,-5.049090385437012
T573V:Q575V,-5.623679161071777
T573V:S578K,-10.68232536315918
T573V:S578W,-4.324884414672852
T573V:T581C,-5.722218036651611
T573V:Y576C,-6.591914653778076
T573V:Y576F,-5.395963668823242
T573W:E574A:L583P,-12.0526762008667
T573W:E574L:T581H:G586L,-17.884601593017578
T573W:L583D,-3.657503604888916
T573W:L583P,-7.864269733428955
T573W:N587T:R588F,-8.11462116241455
T573W:Q575E,-10.325096130371094
T573W:Q575I,-8.827866554260254
T573W:Q575L,-7.958492279052734
T573W:Q575V,-8.5330810546875
T573W:S578E,-5.920388221740723
T573W:T581N,-7.537768363952637
T573W:Y576C,-9.50131607055664
T573W:Y576E,-13.138788223266602
T573Y:E574A:S578V,-11.685127258300781
T573Y:E574G:L583D,-6.492645740509033
T573Y:E574N,-8.279233932495117
T573Y:E574Q,-9.235757827758789
T573Y:G586C,-10.107671737670898
T573Y:G586V,-7.632513046264648
T573Y:G586W,-10.728142738342285
T573Y:L583D,-2.2194533348083496
T573Y:L583S,-7.424603462219238
T573Y:N587Q,-8.436646461486816
T573Y:Q575G,-6.705699920654297
T573Y:Q575L:R588P,-2.443342924118042
T573Y:Q575P:T581N,-10.174548149108887
T573Y:Q575T,-7.153184413909912
T573Y:Q575Y:S578N,-10.51148796081543
T573Y:S578C,-5.590978622436523
T573Y:S578F,-5.622414588928223
T573Y:S578G,-5.803258895874023
T573Y:S578M:R588P,-4.626541614532471
T573Y:S578V,-7.496721267700195
T573Y:T581F:L583F:R588Y,-11.491618156433105
T573Y:T581H:L583D,-6.718404293060303
T573Y:T581H:R588P,-4.811648845672607
T581A:G586P,-0.9816057682037354
T581A:R588A,0.13839411735534668
T581A:R588F,-1.7558796405792236
T581A:R588Y,-1.5274507999420166
T581C:L583K,-9.198190689086914
T581C:L583P,-4.8401947021484375
T581C:L583W:N587Q,-11.384126663208008
T581C:R588Q,-1.4327030181884766
T581F:G586Q,-8.156841278076172
T581F:L583F,-8.111335754394531
T581F:L583K,-10.74276065826416
T581F:L583P,-6.384764194488525
T581H:G586E,-6.0009846687316895
T581H:L583G:G586P,-6.214339256286621
T581K:L583F,-10.966264724731445
T581K:L583R,-14.228302955627441
T581K:L583S,-10.238078117370605
T581K:R588C,-7.693004131317139
T581K:R588Q,-5.832202434539795
T581K:R588V,-4.7683024406433105
T581N:G586D,-2.5563032627105713
T581N:G586E,-3.2119548320770264
T581N:L583D:G586V:R588T,-0.12180471420288086
T581N:N587T,-4.777780532836914
T581P:G586A,-4.133777618408203
T581P:G586T,-4.564515113830566
T581P:L583E,0.07377612590789795
T581P:R588C,-1.9683895111083984
T581Q:L583A,-6.951021194458008
T581Q:L583S,-6.916708469390869
T581V:G586L,-6.857450485229492
T581V:G586T,-6.452487945556641
T581V:L583T,-6.424129009246826
T581V:N587P,-3.6625609397888184
T581Y:G586I,-7.649623870849609
T581Y:G586L,-7.285147666931152
T581Y:G586V,-7.037042617797852
T581Y:L583D:G586F,-6.527428150177002
T581Y:L583G,-7.065074443817139
T581Y:L583Y,-7.365159511566162
V571A:A572C:Q575V:Y576F,-12.12910270690918
V571A:A572T,-8.521747589111328
V571A:G586Y,-8.417118072509766
V571A:L583E:R588N,0.17367160320281982
V571A:L583K,-9.987102508544922
V571A:L583P,-5.629106521606445
V571A:L583W:N587T,-11.194048881530762
V571A:Q575C:L583W:N587T,-12.59996223449707
V571A:Q575C:R588T,-2.3381097316741943
V571A:Q575C:Y576F:L583W:N587T:R588A,-12.402121543884277
V571A:Q575F:S578E:R588Y,-5.399842262268066
V571A:Q575H,-6.5299224853515625
V571A:Q575I:L583P:R588F,-7.8480401039123535
V571A:Q575M,-6.286504745483398
V571A:Q575M:L583W,-10.820011138916016
V571A:Q575N,-3.5518174171447754
V571A:Q575T:Y576F,-8.833589553833008
V571A:Q575W,-6.721558094024658
V571A:R588A,-0.9173250198364258
V571A:R588F,-2.811598777770996
V571A:R588N,-1.3787617683410645
V571A:R588Q,-2.2216148376464844
V571A:S578C,-4.79386568069458
V571A:S578E,-3.685225009918213
V571A:S578F,-4.8253021240234375
V571A:S578G,-5.006145477294922
V571A:S578G:R588F,-4.22506046295166
V571A:T581A:N587T:R588Q,-7.826438903808594
V571A:T581V,-6.959313869476318
V571A:Y576F,-6.070202827453613
V571A:Y576F:L583E:N587T:R588Q,-6.2145586013793945
V571C:A572C,-6.914388179779053
V571C:A572C:S578D,-5.07744026184082
V571C:A572Q,-10.194230079650879
V571C:A572S,-6.480215072631836
V571C:A572S:L583C,-11.32395076751709
V571C:A572S:T581N,-8.190135955810547
V571C:E574F:Q575C,-8.455167770385742
V571C:E574Q,-8.406682968139648
V571C:E574Y:S578T:T581N:G586P,-10.944756507873535
V571C:G586E,-5.062755584716797
V571C:G586L,-7.051543235778809
V571C:L583D,-1.3903779983520508
V571C:N587K,-10.463249206542969
V571C:N587Y,-8.792022705078125
V571C:Q575C,-4.966635704040527
V571C:Q575C:G586L,-8.457457542419434
V571C:Q575L:R588H,-5.628890037536621
V571C:Q575L:S578N,-8.446610450744629
V571C:Q575P:G586L:N587T,-14.194232940673828
V571C:Q575P:T581N,-9.345473289489746
V571C:Q575V,-6.265955924987793
V571C:Q575V:S578F,-7.498573303222656
V571C:Q575V:S578W:R588N,-5.45847225189209
V571C:R588C,-4.050454139709473
V571C:R588F,-2.7796363830566406
V571C:R588H,-3.4982447624206543
V571C:R588K,-5.356855392456055
V571C:S578A,-5.539134979248047
V571C:S578E,-3.6532626152038574
V571C:S578H,-7.380435466766357
V571C:S578T,-7.31008768081665
V571C:S578V,-6.6676459312438965
V571C:T573H:Q575I,-10.097709655761719
V571C:T573S,-6.86360502243042
V571C:T573S:Q575V:S578C,-10.770020484924316
V571C:T573S:S578C,-8.064786911010742
V571C:T573Y,-7.95051908493042
V571C:T573Y:Q575W,-11.07939338684082
V571C:T581Y,-7.355048656463623
V571C:Y576A,-9.166027069091797
V571C:Y576N,-9.126152992248535
V571D:A572C:E574A,-11.68444538116455
V571D:A572C:T573W:T581H,-17.822837829589844
V571D:E574A,-8.330779075622559
V571D:E574F,-7.630904197692871
V571D:E574G,-8.415565490722656
V571D:E574H,-8.785822868347168
V571D:E574Q,-8.988332748413086
V571D:E574Q:G586E:R588P,-6.413267135620117
V571D:E574Q:R588N,-6.774410724639893
V571D:E574Q:S578D,-7.151385307312012
V571D:G586E,-5.644406318664551
V571D:G586Y,-8.966806411743164
V571D:L583D,-1.9720287322998047
V571D:L583D:R588F,-1.1909432411193848
V571D:L583E,-2.5899391174316406
V571D:Q575D:G586I,-12.119246482849121
V571D:Q575L,-6.273017883300781
V571D:Q575Y,-7.508819580078125
V571D:R588F,-3.3612871170043945
V571D:R588K,-5.938506126403809
V571D:R588P,-0.06527328491210938
V571D:R588Y,-3.1328582763671875
V571D:S578F,-5.374990463256836
V571D:S578K,-11.90625286102295
V571D:S578N:L583E:R588T,-2.684694290161133
V571D:T573F:G586F,-13.128332138061523
V571D:T573F:L583D,-6.0545430183410645
V571D:T573Y,-8.532169342041016
V571D:T573Y:E574Q:L583D:R588P,-7.130687236785889
V571D:T581H,-8.64132308959961
V571D:Y576E:L583D,-9.28296947479248
V571D:Y576P:R588P,-8.434701919555664
V571D:Y576Q,-10.781023979187012
V571D:Y576T,-10.311511039733887
V571D:Y576T:S578F:L583P,-13.580551147460938
V571D:Y576W,-6.352097034454346
V571E:A572S,-7.919236183166504
V571E:A572S:L583E,-6.366802215576172
V571E:E574M,-9.317975997924805
V571E:E574Q:G586E:R588T,-8.687248229980469
V571E:E574W,-9.558252334594727
V571E:G586A,-7.654863357543945
V571E:G586D:R588H,-5.7836480140686035
V571E:G586E:R588F,-5.720691204071045
V571E:G586E:R588P,-2.4246773719787598
V571E:L583D,-2.8293991088867188
V571E:L583D:R588Q,-1.458329677581787
V571E:L583I,-8.07943344116211
V571E:N587A,-8.120269775390625
V571E:Q575I:R588Q,-6.628692626953125
V571E:Q575T:R588N,-5.54920768737793
V571E:Q575T:R588Q,-6.39206075668335
V571E:Q575T:S578E:R588Q,-6.4846014976501465
V571E:Q575V:R588Q,-6.333907127380371
V571E:R588F,-4.218657493591309
V571E:R588H,-4.937265872955322
V571E:R588N,-2.785820484161377
V571E:R588P,-0.9226436614990234
V571E:R588Q,-3.628673553466797
V571E:R588Y,-3.9902286529541016
V571E:S578Q,-9.194148063659668
V571E:S578V,-8.106666564941406
V571E:T573C,-7.912200450897217
V571E:T581A:N587P,-7.832639694213867
V571E:T581A:R588N,-5.322785377502441
V571E:T581F,-9.348085403442383
V571E:Y576F:L583W,-12.010766983032227
V571E:Y576F:R588Q,-6.106191635131836
V571F:A572D,-9.933618545532227
V571F:A572G:Q575H:Y576W,-12.764132499694824
V571F:A572S:S578W,-8.692680358886719
V571F:E574F,-7.855280876159668
V571F:E574H:L583N,-11.74508285522461
V571F:E574L,-8.433732986450195
V571F:E574S,-8.498346328735352
V571F:G586D,-5.213130950927734
V571F:G586I,-8.2220458984375
V571F:L583C,-9.210485458374023
V571F:L583D:G586D,-3.0427870750427246
V571F:L583W,-8.900254249572754
V571F:N587P,-4.662680149078369
V571F:Q575C:G586E,-7.274696350097656
V571F:R588F,-3.585663318634033
V571F:R588H,-4.304271697998047
V571F:R588N,-2.1528263092041016
V571F:R588Q,-2.9956793785095215
V571F:R588T,-1.7062602043151855
V571F:R588V,-1.931779384613037
V571F:R588Y,-3.357234477996826
V571F:S578A:T581N,-8.055082321166992
V571F:S578N,-7.121992588043213
V571F:S578T,-8.116114616394043
V571F:S578W,-5.773187637329102
V571F:T573C:S578T,-11.028572082519531
V571F:T573P,-10.11106014251709
V571F:T573Q,-8.771936416625977
V571F:T573S,-7.6696319580078125
V571F:T573S:R588N,-5.455709457397461
V571F:T573Y:E574V,-12.923836708068848
V571F:T581H:L583D,-6.6953558921813965
V571F:T581N:G586E,-7.578703880310059
V571G:A572Q,-11.674141883850098
V571G:E574Q:Q575H:L583D,-10.653489112854004
V571G:E574T,-9.46167278289795
V571G:G586F,-9.94407844543457
V571G:G586Q,-8.849133491516113
V571G:G586W,-11.378978729248047
V571G:N587T,-8.108492851257324
V571G:Q575V,-7.745867729187012
V571G:R588A,-2.365274429321289
V571G:R588N,-2.8267111778259277
V571G:R588P,-0.9635343551635742
V571G:R588Q,-3.6695642471313477
V571G:S578C,-6.241815090179443
V571G:S578C:L583F,-10.00480842590332
V571G:S578F,-6.273251533508301
V571G:T573P,-10.784944534301758
V571G:T573Y,-9.430431365966797
V571G:T581Y,-8.8349609375
V571G:Y576H,-7.271124839782715
V571H:A572C:T573S:Q575D,-16.631101608276367
V571H:L583Q,-9.062796592712402
V571H:L583T,-8.91047477722168
V571H:S578D:L583Y,-7.5868611335754395
V571H:S578D:L583Y:N587Q,-11.633709907531738
V571H:S578N,-8.608219146728516
V571H:T581F,-10.20131778717041
V571H:T581Q,-9.734878540039062
V571K:A572R,-15.612676620483398
V571K:A572W,-15.503145217895508
V571K:A572Y,-13.891406059265137
V571K:R588H,-7.062751770019531
V571K:R588V,-4.6902594566345215
V571K:T581Q,-11.007131576538086
V571L:A572S,-6.559635162353516
V571L:E574A,-7.828548908233643
V571L:E574C,-7.427772045135498
V571L:L583P,-5.676564693450928
V571L:Q575R,-9.721534729003906
V571L:Q575Y,-7.006589412689209
V571L:R588H,-3.577665328979492
V571L:R588P,0.43695688247680664
V571L:S578K,-11.404022216796875
V571L:S578Q,-7.834547519683838
V571L:S578W,-5.046581268310547
V571L:Y576K:G586I,-16.458782196044922
V571L:Y576K:L583P:G586I,-18.49520492553711
V571M:A572D,-9.928587913513184
V571M:A572Q,-10.995226860046387
V571M:A572S,-7.281211853027344
V571M:E574K,-12.090353965759277
V571M:E574R,-12.313366889953613
V571M:G586A,-7.016839027404785
V571M:G586I,-8.217016220092773
V571M:G586Y,-9.186151504516602
V571M:L583C,-9.20545482635498
V571M:N587T,-7.429577827453613
V571M:Q575M,-7.055539131164551
V571M:R588A,-1.6863594055175781
V571M:R588Q,-2.9906492233276367
V571M:S578F,-5.59433650970459
V571M:S578N,-7.116962432861328
V571M:T581P,-5.840375900268555
V571N:A572G,-7.226290225982666
V571N:E574P,-10.240619659423828
V571N:G586Q,-7.784368515014648
V571N:L583W,-8.509374618530273
V571N:N587Y,-9.207170486450195
V571N:S578P,-8.760297775268555
V571N:T573H,-7.5128374099731445
V571N:T573V:E574D:G586A:N587Q:R588N,-12.405282974243164
V571N:T581P,-5.454526424407959
V571P:G586V,-9.892147064208984
V571P:Q575M:L583I,-12.422943115234375
V571P:S578F,-7.882048606872559
V571P:T581Y,-10.443758010864258
V571Q:A572R,-13.783178329467773
V571Q:E574K,-13.02436637878418
V571Q:E574Q,-10.141691207885742
V571Q:E574W,-9.854240417480469
V571Q:L583E,-3.7432971000671387
V571Q:L583H,-9.482851028442383
V571Q:L583P,-7.332152843475342
V571Q:L583S,-8.330536842346191
V571Q:R588K,-7.091864109039307
V571Q:S578G,-6.709192276000977
V571Q:T573P,-11.04004192352295
V571Q:T581A,-7.832695960998535
V571Q:T581H,-9.794681549072266
V571R:E574R,-15.328788757324219
V571R:E574S,-11.508737564086914
V571R:L583G,-10.64788818359375
V571R:L583P,-9.413562774658203
V571R:R588N,-5.163217544555664
V571R:R588V,-4.9421706199646
V571R:T573V,-10.295585632324219
V571R:Y576E,-14.688080787658691
V571R:Y576F,-9.854658126831055
V571S:A572W,-10.705816268920898
V571S:L583A,-5.397018909454346
V571S:N587C,-8.964332580566406
V571S:N587V,-5.993794918060303
V571S:Q575D,-6.44947624206543
V571S:R588Y,-1.3183856010437012
V571S:S578D,-0.4909520149230957
V571T:A572C,-3.805767297744751
V571T:A572C:T581V,-7.172396659851074
V571T:A572F,-7.179765701293945
V571T:A572G:Q575F:S578T:L583W:R588A,-12.03416633605957
V571T:E574Y,-3.93220853805542
V571T:G586E,-1.9541347026824951
V571T:G586E:R588F,-1.1730492115020752
V571T:G586Q,-4.260600566864014
V571T:G586R,-7.672426700592041
V571T:L583E,1.100332260131836
V571T:L583E:N587T:R588F,-1.186441421508789
V571T:L583E:R588A,3.775691509246826
V571T:L583E:R588F,1.8814177513122559
V571T:L583E:R588N,3.3142547607421875
V571T:L583E:R588Q,2.4714016914367676
V571T:L583E:R588V,3.535301685333252
V571T:L583P,-2.488523244857788
V571T:L583P:R588A,0.18683600425720215
V571T:L583P:R588N,-0.2746007442474365
V571T:L583P:R588V,-0.05355381965637207
V571T:L583R,-7.477132320404053
V571T:L583W,-4.985606670379639
V571T:N587P,-0.7480323910713196
V571T:N587T,-3.5199601650238037
V571T:Q575C:Y576F,-4.335533142089844
V571T:Q575C:Y576F:L583W,-8.869038581848145
V571T:Q575E,-4.949350357055664
V571T:Q575F:R588V,-0.7412631511688232
V571T:Q575I:Y576F:N587T,-8.99749755859375
V571T:Q575L,-2.5827460289001465
V571T:Q575L:R588F,-1.8016605377197266
V571T:Q575L:S578C,-3.7839274406433105
V571T:Q575L:Y576F:L583P:N587T,-10.164546012878418
V571T:Q575L:Y576F:L583P:R588Q,-5.725617408752441
V571T:Q575M,-3.1459217071533203
V571T:Q575M:L583E:N587T,-4.661347389221191
V571T:Q575M:S578C:L583D:N587P,-2.4726905822753906
V571T:Q575V,-3.157334804534912
V571T:Q575V:R588F,-2.376249313354492
V571T:R588A,2.2232582569122314
V571T:R588F,0.32898443937301636
V571T:R588K,-2.248234510421753
V571T:R588N,1.7618215084075928
V571T:R588Q,0.9189683794975281
V571T:R588T,2.208387613296509
V571T:S578C,-1.6532824039459229
V571T:S578G,-1.8655624389648438
V571T:S578T,-4.201467037200928
V571T:T573H,-3.9890692234039307
V571T:T573S,-3.754984140396118
V571T:T573Y:E574A:Q575L:S578D,-9.324002265930176
V571T:T581A,-2.9890661239624023
V571T:T581Q,-4.334003448486328
V571T:Y576C,-4.125570297241211
V571T:Y576F,-2.929619312286377
V571T:Y576F:G586E,-4.431653022766113
V571T:Y576F:L583W,-7.463125228881836
V571T:Y576F:N587T:R588N,-3.7835559844970703
V571T:Y576F:S578E,-3.022160053253174
V571T:Y576F:S578G,-4.343080520629883
V571T:Y576F:S578G:L583E,-2.790647506713867
V571W:A572I,-12.62546443939209
V571W:E574W,-10.763648986816406
V571W:L583H,-10.39225959777832
V571W:L583K,-12.599557876586914
V571W:N587Q,-10.25198745727539
V571W:Q575D,-10.326715469360352
V571W:R588K,-8.001272201538086
V571W:Y576C:L583C,-14.722343444824219
V571Y:A572G:R588T,-5.4047675132751465
V571Y:E574A,-9.003241539001465
V571Y:E574H,-9.458285331726074
V571Y:E574L:G586D,-9.728200912475586
V571Y:E574L:Q575W:L583D:N587T,-12.908208847045898
V571Y:E574M,-9.133068084716797
V571Y:G586W,-11.153181076049805
V571Y:L583D,-2.644491195678711
V571Y:L583E,-3.262401580810547
V571Y:L583G,-8.085582733154297
V571Y:N587Q,-8.861684799194336
V571Y:N587T,-7.882694244384766
V571Y:Q575A,-7.104747295379639
V571Y:Q575D,-8.936410903930664
V571Y:Q575G,-7.130737781524658
V571Y:Q575K,-10.616910934448242
V571Y:R588A,-2.1394758224487305
V571Y:T573P,-10.559146881103516
V571Y:T573S,-8.117717742919922
V571Y:T581Q,-8.696737289428711
V571Y:Y576S,-9.884331703186035
Y576A:G586C,-11.323180198669434
Y576A:L583N,-8.340188980102539
Y576A:L583Q,-8.815126419067383
Y576C:G586L,-7.164290428161621
Y576C:L583A,-6.742588043212891
Y576C:L583D,-1.5031251907348633
Y576C:T581Y:L583M:R588T,-9.10367202758789
Y576E:G586D,-8.157322883605957
Y576E:G586Q,-11.119440078735352
Y576E:T581H,-11.809891700744629
Y576F:G586C,-8.195392608642578
Y576F:G586E,-3.9795520305633545
Y576F:L583A,-5.546637535095215
Y576F:L583E,-0.9250849485397339
Y576F:L583E:N587T,-3.9929442405700684
Y576F:L583P,-4.513940811157227
Y576F:L583V:R588V,-2.9692366123199463
Y576F:L583W:R588F,-6.229938507080078
Y576F:N587P,-2.773449659347534
Y576F:N587T,-5.545377731323242
Y576F:R588F,-1.6964328289031982
Y576F:R588H,-2.415041208267212
Y576F:R588N,-0.2635958194732666
Y576F:R588P,1.599581003189087
Y576F:R588Q,-1.1064488887786865
Y576F:R588V,-0.04254889488220215
Y576F:S578C:L583W,-8.212204933166504
Y576F:S578C:N587P,-3.9746310710906982
Y576F:S578C:T581V:N587T,-10.113188743591309
Y576F:S578E:L583E,-1.0176256895065308
Y576F:S578G,-3.890979766845703
Y576F:S578N,-5.232762336730957
Y576F:S578V,-5.584442138671875
Y576F:S578V:R588F,-4.803357124328613
Y576F:S578W,-3.8839573860168457
Y576F:T581V:L583G:R588P,-5.0377960205078125
Y576H:G586F,-7.133935928344727
Y576H:L583R,-9.255521774291992
Y576H:T581H,-6.7294416427612305
Y576K:G586I,-12.818639755249023
Y576K:L583A,-12.032461166381836
Y576K:L583Y,-12.534175872802734
Y576K:N587K,-15.865869522094727
Y576K:R588Y,-7.95382833480835
Y576K:S578G,-10.37680435180664
Y576N:G586E,-7.067464828491211
Y576N:R588H,-5.502954006195068
Y576N:S578A,-7.543844223022461
Y576N:S578G,-6.9788923263549805
Y576P:L583C,-13.213165283203125
Y576P:L583E,-6.816995143890381
Y576P:L583R,-15.39445972442627
Y576P:R588F,-7.588343143463135
Y576Q:G586R,-13.858976364135742
Y576Q:L583V,-9.565339088439941
Y576Q:N587A,-9.759178161621094
Y576Q:R588A,-3.963292121887207
Y576Q:R588Y,-5.62913703918457
Y576Q:T581P,-8.117308616638184
Y576R:G586E,-9.912866592407227
Y576R:G586W,-14.749178886413574
Y576R:L583R,-15.435864448547363
Y576R:T581A:G586W,-17.286144256591797
Y576S:G586Q,-8.877996444702148
Y576S:G586R,-12.28982162475586
Y576S:N587Q,-9.11634635925293
Y576S:R588C,-5.559228897094727
Y576S:S578K,-12.83337688446045
Y576S:S578Y,-7.137143135070801
Y576S:T581C,-7.873269081115723
Y576S:T581N,-6.779417991638184
Y576T:L583D,-3.9987945556640625
Y576T:L583F,-9.93213176727295
Y576T:L583Y,-9.739971160888672
Y576T:R588C,-6.658870697021484
Y576T:S578D,-4.33219051361084
Y576T:S578W:R588N,-5.361655235290527
Y576V:L583V,-9.196813583374023
Y576V:N587T,-9.337984085083008
Y576V:R588Y,-5.260611057281494
Y576V:S578T,-10.019491195678711
Y576V:T581K,-13.473397254943848
Y576W:G586D,-3.0561065673828125
Y576W:L583D,-0.039380550384521484
Y576W:L583E,-0.657291054725647
Y576W:L583E:N587T,-3.7251501083374023
Y576W:L583E:R588A,2.018068313598633
Y576W:L583E:R588F,0.12379443645477295
Y576W:L583I,-5.289414882659912
Y576W:N587T,-5.277583599090576
Y576W:R588A,0.465634822845459
Y576W:R588F,-1.4286389350891113
Y576W:R588Q,-0.8386549949645996
Y576W:S578A:N587P:R588H,-4.421591758728027
Y576W:S578C:G586P,-1.855546474456787
Y576W:S578D:L583E,1.1796568632125854
Y576W:S578T,-5.959090232849121
Y576W:S578W,-3.616163492202759
Y576W:T581H,-6.708675384521484
