mutant,prediction
D561C:E562D:G586P,-7.925474166870117
D561C:E562V:Q584P,-14.396526336669922
D561C:E564D,-8.798190116882324
D561C:E564L,-9.667104721069336
D561C:E564M,-9.854046821594238
D561C:E564V,-8.348306655883789
D561C:G577D,-10.417034149169922
D561C:G577Q:R585S:R588L,-4.68241024017334
D561C:G586L,-5.729123115539551
D561C:G586P:N587T,-7.597714424133301
D561C:G586S,-6.951632499694824
D561C:I565G,-11.987762451171875
D561C:L583P:Q584E:R588D,-2.3627591133117676
D561C:L583Q,-6.257092475891113
D561C:L583S,-5.446709632873535
D561C:L583V,-5.601771354675293
D561C:L583W,-7.116859436035156
D561C:N569K:L583F,-16.123811721801758
D561C:Q584M:R588D,-4.205413818359375
D561C:R566Q,-6.237236976623535
D561C:R588I,2.530684232711792
D561C:R588Y,-0.8920767307281494
D561C:S580A:R585V:N587D,-3.6134166717529297
D561C:T573C:N587T,-8.218803405761719
D561C:V571A,-6.629915237426758
D561C:V571T:Y576E:T581E:L583I:G586L,-19.5515193939209
D561C:Y576M,-9.11497688293457
D561C:Y576R,-11.413171768188477
D561E:E562D,-6.162059307098389
D561E:E562D:I565L:S580G,-11.7679443359375
D561E:E562Q:G577D,-18.394941329956055
D561E:E564C:V571T,-11.164210319519043
D561E:E564M,-10.823141098022461
D561E:G577C,-10.546775817871094
D561E:G577Y,-11.111900329589844
D561E:G586S,-7.920726776123047
D561E:G586V,-7.722808837890625
D561E:I565D,-14.511499404907227
D561E:I565L:G577R:R585S:G586E,-19.52547836303711
D561E:L583A,-6.836560249328613
D561E:L583T,-6.46202278137207
D561E:N587A,-6.025351524353027
D561E:N587I,-4.187682151794434
D561E:R566A:T573Y:R585N:R588Q,-10.561951637268066
D561E:R566C,-5.015742301940918
D561E:R566L,-7.929386138916016
D561E:R585Y:R588C,-1.4491360187530518
D561E:R588N,-1.5317447185516357
D561E:R588W,-3.4445807933807373
D561E:S580T,-6.849249839782715
D561E:T573H:Y576F:R585F:R588N,-9.710798263549805
D561E:T581D:R588S,-2.165435552597046
D561E:V571F,-9.092060089111328
D561E:V571T:R588F,-2.299854040145874
D561E:Y576D,-11.746753692626953
D561E:Y576F,-6.3231401443481445
D561F:E562D,-7.584856986999512
D561F:E562L,-12.406377792358398
D561F:E564G:P570V:S580R:T581V,-28.570072174072266
D561F:E564L,-12.058996200561523
D561F:E564L:T581H,-15.690863609313965
D561F:G577A,-12.261493682861328
D561F:I565A:R588N,-10.579740524291992
D561F:I565E,-14.934194564819336
D561F:L583K,-12.122814178466797
D561F:L583W,-9.508750915527344
D561F:N587F,-8.73811149597168
D561F:P570D,-13.851408004760742
D561F:Q584D,-4.598655700683594
D561F:Q584V,-7.971124649047852
D561F:R566A,-8.557567596435547
D561F:R566A:S580Y:L583M:G586V,-22.29889678955078
D561F:R566C:T568C:Q584S,-16.52220916748047
D561F:R566F,-10.041175842285156
D561F:R585F,-4.36702299118042
D561F:R585G,-1.024510383605957
D561F:R585Q:R588D,-2.236410140991211
D561F:R588D,-2.339843273162842
D561F:S580I,-9.532686233520508
D561F:S580P,-5.819340705871582
D561F:T568A,-12.947566986083984
D561F:T568S,-10.78885269165039
D561F:T568V,-11.497276306152344
D561F:T573C,-8.035311698913574
D561F:T573D,-10.039499282836914
D561F:T573G:R585L,-6.634973526000977
D561F:T581C:R588H,-7.641947269439697
D561F:T581D,-5.586585521697998
D561F:T581D:L583I:N587G,-11.531195640563965
D561F:T581E,-5.535083770751953
D561F:T581E:L583I:N587M,-10.94424819946289
D561F:Y576L,-11.717592239379883
D561F:Y576V,-11.628087997436523
D561G:E562D,-4.414369583129883
D561G:E562D:T581E:Q584E:R585H,-3.498764991760254
D561G:E562G:P570K:G577H:T581D:G586W,-36.13319396972656
D561G:E562Y:Q584N,-13.20732307434082
D561G:G577D,-9.638439178466797
D561G:G586F,-7.772363185882568
D561G:I565V:R588Q,-4.1699323654174805
D561G:L583A:Q584E:N587K,-9.41459846496582
D561G:L583D,-1.8168466091156006
D561G:L583E:Q584E:R588W,0.13039469718933105
D561G:L583V:G586M:R588S,-7.937696933746338
D561G:N569Q,-10.434810638427734
D561G:N587D,-1.8046355247497559
D561G:P570A,-5.709258556365967
D561G:P570A:V571F:Y576V:N587G:R588C,-19.578413009643555
D561G:Q584E,0.6478538513183594
D561G:Q584E:N587E,2.1754531860351562
D561G:Q584E:R585H:R588E,3.2804884910583496
D561G:Q584F,-7.192631244659424
D561G:R566A,-5.387080192565918
D561G:R566A:T568V:N587Q,-15.449921607971191
D561G:R566G:V571C,-7.398385524749756
D561G:R566K:P570C:Q584E:G586L:N587L,-8.982453346252441
D561G:R566V:G586N:R588H,-9.834238052368164
D561G:R566V:S580F,-10.760198593139648
D561G:R585A:R588V,4.372739315032959
D561G:R585C,-0.4213581085205078
D561G:R585H:R588S,0.09702062606811523
D561G:R585P,-1.7668700218200684
D561G:R588A,0.6897578239440918
D561G:R588C,0.04627561569213867
D561G:S580A:R585P,-4.630712032318115
D561G:S580A:R585V,-2.541411876678467
D561G:S580G,-3.292994976043701
D561G:S580G:N587T,-5.868378639221191
D561G:S580I,-6.362198352813721
D561G:T568H,-13.063547134399414
D561G:T568R:R588C,-12.2393798828125
D561G:T568V,-8.326789855957031
D561G:T568V:S580A:R588Q,-9.889833450317383
D561G:T573D,-6.869011402130127
D561G:T581G,-4.657557964324951
D561G:T581N:Q584E,-1.2241675853729248
D561G:V571C:R588S,-2.8562216758728027
D561G:V571C:T581E,-5.707943916320801
D561G:V571D:S580D:R585N:R588Y,-7.869088649749756
D561G:V571P,-9.149852752685547
D561G:V571S,-4.630724906921387
D561G:Y576H,-5.811275005340576
D561G:Y576M:S580A:R585P,-11.455867767333984
D561H:E562D:R566Y:Y576W:R585Q,-12.58670425415039
D561H:E562D:Y576F:S580N:G586E:R588F,-14.99755573272705
D561H:E562G,-10.954080581665039
D561H:E562I,-11.891573905944824
D561H:E562M:I565R:P570N:G577A,-39.1937255859375
D561H:E562Y,-12.66472053527832
D561H:G586E,-7.623021125793457
D561H:G586E:R588W,-7.808686256408691
D561H:G586H,-11.685264587402344
D561H:G586N,-9.95218276977539
D561H:G586S,-9.206685066223145
D561H:G586T,-9.328279495239258
D561H:G586Y,-11.080270767211914
D561H:I565V:Q584E:N587D,-6.638708591461182
D561H:I565V:R566G,-11.04819107055664
D561H:I565V:R566S:R585G,-7.3120245933532715
D561H:I565V:S580D:N587M,-13.3383207321167
D561H:L583E,-4.8766679763793945
D561H:L583E:R585Q,-4.773235321044922
D561H:N587D,-4.838283538818359
D561H:N587P,-5.274096488952637
D561H:P570A,-8.74290657043457
D561H:P570C,-8.253739356994629
D561H:P570E,-13.014752388000488
D561H:Q584C:R585I,-8.194043159484863
D561H:Q584C:R585I:G586M,-13.306916236877441
D561H:R566C:L583Q:N587L:R588P,-7.888099670410156
D561H:R566E:L583T:R588T,-10.580102920532227
D561H:R566E:T568K,-22.48660659790039
D561H:R566Q:V571T:Q584C:R585I:G586M:N587E:R588T,-13.960339546203613
D561H:R566S,-7.009722709655762
D561H:R566S:G586L,-10.449024200439453
D561H:R566S:N587M,-9.121414184570312
D561H:R566V:Y576C:S580W,-19.30146026611328
D561H:R566Y,-8.99647045135498
D561H:R585P,-4.800518035888672
D561H:R588D,-2.2030038833618164
D561H:R588F,-2.364254951477051
D561H:R588N,-2.8177032470703125
D561H:S580A:L583W:Q584A:R585Q:G586E,-19.146268844604492
D561H:S580D:R585E:R588E,-2.482072353363037
D561H:S580K,-12.62906265258789
D561H:S580W,-11.62175178527832
D561H:T568C:T581E,-11.760076522827148
D561H:T568K,-16.666534423828125
D561H:T568M,-13.628695487976074
D561H:T568S,-10.652012825012207
D561H:T568V:T581Y,-14.477444648742676
D561H:T573H,-9.974393844604492
D561H:T573P:R585K,-14.978300094604492
D561H:T581D,-5.449746131896973
D561H:T581E:R588S,-3.3998923301696777
D561H:T581N,-6.416895866394043
D561H:V571C:R585E:R588D,-3.7840394973754883
D561H:V571D:L583P:R588T,-11.88016414642334
D561H:V571F:S580A:L583P:R585D:R588G,-14.791068077087402
D561H:V571I:T581V:R585L:N587L,-9.658121109008789
D561H:V571T:Q584A,-9.70223331451416
D561H:V571T:Q584C:R585I:G586M,-14.528473854064941
D561H:V571T:Q584C:R585I:G586M:N587E:R588T,-10.012924194335938
D561H:Y576F,-7.6090989112854
D561I:E562F:T581Y:R588F,-13.60906982421875
D561I:E562M:R566C:P570C:G577F:N587M,-28.148868560791016
D561I:E562P:E564M:S580E:N587L,-23.122623443603516
D561I:E564C,-10.75399398803711
D561I:G577E,-12.518285751342773
D561I:G586D,-7.553849697113037
D561I:G586L,-7.509557723999023
D561I:I565C:R566H:T568N:N569Q,-32.50789260864258
D561I:I565T:T568I:T581K:G586W,-33.116371154785156
D561I:N587L,-3.3466477394104004
D561I:P570C,-7.779122352600098
D561I:P570H,-12.90628433227539
D561I:Q584A,-8.006057739257812
D561I:Q584S,-7.7920942306518555
D561I:Q584Y,-9.428594589233398
D561I:R585P,-4.325900554656982
D561I:T568G:L583D,-14.414713859558105
D561I:T568I,-11.413922309875488
D561I:T568Y:S580L:N587D:R588C,-18.263303756713867
D561I:T581D:L583I,-8.272601127624512
D561I:T581E,-4.923626899719238
D561I:T581H,-7.702123641967773
D561I:V571D:N587L,-9.096000671386719
D561I:V571I:G577T:L583M:G586S,-25.04145050048828
D561I:V571P,-11.708883285522461
D561I:V571R,-12.027603149414062
D561I:V571Y,-9.667227745056152
D561I:Y576S,-9.734811782836914
D561L:E562P,-13.561692237854004
D561L:E562Y,-12.51563549041748
D561L:E564M:G577F,-20.29550552368164
D561L:G586K,-13.505888938903809
D561L:G586P,-7.128297805786133
D561L:I565A,-12.020987510681152
D561L:I565S,-12.8193941116333
D561L:L583I,-7.693261623382568
D561L:L583W,-9.22282600402832
D561L:N587H,-9.40417766571045
D561L:N587Q,-7.643067359924316
D561L:Q584N,-7.972040176391602
D561L:R566A:S580D:T581E:L583P:R588Q,-15.120352745056152
D561L:R566C,-6.152616024017334
D561L:R566Q,-8.343204498291016
D561L:R588A,-2.194805145263672
D561L:R588D,-2.0539188385009766
D561L:T568N,-13.040667533874512
D561L:T573K,-12.396675109863281
D561L:T581E,-5.249159336090088
D561L:T581P,-7.228646755218506
D561L:V571D:Y576V:Q584G:R585A,-19.208953857421875
D561L:V571Q,-10.356061935424805
D561L:Y576N,-11.184492111206055
D561M:E562D:T568V:T581C:G586Q:N587P,-24.064149856567383
D561M:E562L,-11.85365104675293
D561M:E562L:T581N:N587H,-18.73406219482422
D561M:E564D:L583C,-15.002339363098145
D561M:G577C:R585L,-9.8556489944458
D561M:G577I,-13.624099731445312
D561M:G586L,-7.5682878494262695
D561M:I565V,-8.088491439819336
D561M:I565V:P570S:Y576S:Q584D,-17.881084442138672
D561M:L583E:R585H:N587E:R588Q,-2.022488594055176
D561M:L583E:R585H:R588Q,-3.5500879287719727
D561M:L583G:R585D,-6.133723258972168
D561M:L583I:R585P:R588E,-4.659363269805908
D561M:L583P:G586E,-11.781021118164062
D561M:L583Q,-8.096257209777832
D561M:L583Q:R588T,-5.108305931091309
D561M:N587D,-4.422396183013916
D561M:N587E,-2.6013875007629395
D561M:N587L,-3.4053778648376465
D561M:N587T,-6.704370498657227
D561M:P570L,-11.140626907348633
D561M:Q584D:R585N:N587T,-5.905317306518555
D561M:Q584H,-9.281190872192383
D561M:Q584P,-9.506441116333008
D561M:R566A:R585H:N587E:R588V,-2.570769786834717
D561M:R566A:R585N:R588T,-4.300894737243652
D561M:R566A:R585N:R588W,-7.474510669708252
D561M:R566A:R588N,-6.277669906616211
D561M:R566A:T581D:L583F:Q584N,-16.47249412536621
D561M:R566A:T581E,-8.858211517333984
D561M:R566K,-7.334736347198486
D561M:R566S:T568C:T581E:R585F:N587D,-13.787755966186523
D561M:R566S:T581D:R585N:N587E:R588Y,-3.857367515563965
D561M:R566S:T581D:R585N:R588Y,-5.384966850280762
D561M:R566S:T581E:N587D,-7.740614891052246
D561M:R566Y:R585N:R588F,-5.683969020843506
D561M:R585A:R588S,-0.5432462692260742
D561M:R585A:R588W,-2.7272634506225586
D561M:R585G,-0.4717836380004883
D561M:R585G:N587E:R588S,3.0541677474975586
D561M:R585G:R588Q,0.829014778137207
D561M:R585H,-4.519092082977295
D561M:R585H:N587D:R588E,-1.7897615432739258
D561M:R585H:R588E,-1.496352195739746
D561M:R585H:R588I,0.30141401290893555
D561M:R585I:R588A,-0.23473143577575684
D561M:R585I:R588D,-0.09384512901306152
D561M:R585I:R588Q,-1.1349170207977295
D561M:R585L:R588W,-2.7534542083740234
D561M:R585L:R588Y,-1.1700439453125
D561M:R585N,-3.412991523742676
D561M:R585N:N587E,-1.885392189025879
D561M:R585N:R588A,-1.2120075225830078
D561M:R585N:R588E,-0.39025163650512695
D561M:R585N:R588F,-1.2323722839355469
D561M:R585N:R588S,-1.4146394729614258
D561M:R585N:R588W,-3.59865665435791
D561M:R585Q,-4.0255537033081055
D561M:R585Q:N587E:R588I,2.322551727294922
D561M:R585Q:R588F,-1.8449344635009766
D561M:R585Q:R588S,-2.0272016525268555
D561M:R585S:R588L,2.8415589332580566
D561M:R585S:R588N,-0.8172593116760254
D561M:R585S:R588T,0.44352078437805176
D561M:R585S:R588W,-2.730095386505127
D561M:R585T,-2.5560617446899414
D561M:R585T:R588F,-0.3754425048828125
D561M:R585T:R588L,2.829927444458008
D561M:R585V:N587D:R588H,-1.9746708869934082
D561M:R585V:R588A,-0.09434652328491211
D561M:R585V:R588F,-0.11471128463745117
D561M:R585V:R588N,-0.5681595802307129
D561M:R585V:R588S,-0.2969784736633301
D561M:R585V:R588Y,-0.897585391998291
D561M:R585W:R588L,0.2331862449645996
D561M:R588A,-1.9280028343200684
D561M:R588D,-1.787116527557373
D561M:R588E,-1.1062469482421875
D561M:R588F,-1.9483675956726074
D561M:R588H,-3.5149178504943848
D561M:R588L,1.257002353668213
D561M:R588S,-2.1306347846984863
D561M:R588T,-1.141035795211792
D561M:S580A,-6.992828845977783
D561M:S580A:R585V:N587E:R588L,1.7544159889221191
D561M:S580A:R585V:R588L,0.22681665420532227
D561M:S580E,-7.174835681915283
D561M:S580G:T581D,-6.815627574920654
D561M:S580P,-5.266613960266113
D561M:T568S,-10.236125946044922
D561M:T568V,-10.944549560546875
D561M:T568V:R585N:R588V,-5.931977272033691
D561M:T568V:R585T:N587E,-7.844025135040283
D561M:T568V:S580A:R585L:N587D,-12.540603637695312
D561M:T573D,-9.486772537231445
D561M:T573V:Q584D:R585Q:R588A,-6.464704990386963
D561M:T581D,-5.033858776092529
D561M:T581E:Q584D,-4.899299144744873
D561M:T581E:R585N,-4.266361713409424
D561M:T581E:R585N:R588A,-2.065377712249756
D561M:T581E:R585V:R588W,-3.3343658447265625
D561M:T581L,-7.936314105987549
D561M:V571C:R585Q,-7.368901252746582
D561M:V571F:R585T:R588L,-3.0032172203063965
D561M:V571F:S580A:Q584E,-10.666893005371094
D561M:V571T,-5.350544452667236
D561M:V571T:T581D,-6.255416393280029
D561M:V571Y:T581V:L583Q:R585Y,-16.898231506347656
D561M:Y576F:S580G,-8.974980354309082
D561M:Y576F:S580G:R585G,-5.317777156829834
D561M:Y576H,-8.429035186767578
D561M:Y576P,-13.827468872070312
D561P:E562A:T573Y:G577W:Q584D:R585P,-25.020488739013672
D561P:E562G,-12.611373901367188
D561P:E562P:V571F:R585P,-21.456859588623047
D561P:E564C:T581H:L583D:Q584D,-16.740333557128906
D561P:E564D:T573K:Q584A:R585N,-23.931228637695312
D561P:G577H,-15.393721580505371
D561P:G586A,-10.904839515686035
D561P:I565Y,-15.850261688232422
D561P:L583S,-9.359055519104004
D561P:N587F,-10.258565902709961
D561P:P570S:Y576P,-20.111743927001953
D561P:Q584T,-9.71466064453125
D561P:R566C:Q584C:R585P,-13.557079315185547
D561P:R566L,-10.872637748718262
D561P:R585A,-4.614778995513916
D561P:S580E:L583D:Q584D:R585P:N587L,-9.00261402130127
D561P:S580I,-11.053139686584473
D561P:T568C,-12.56399917602539
D561P:T568D,-17.128063201904297
D561P:T568R:S580T:R585Q,-21.97472381591797
D561P:T573F,-12.025577545166016
D561P:T581G,-9.348499298095703
D561P:T581V,-9.659448623657227
D561P:V571D,-11.951520919799805
D561P:V571P,-13.84079360961914
D561P:V571Q,-12.162439346313477
D561Q:E562D:N587L,-6.363004684448242
D561Q:E562D:R566S:N587G,-12.198599815368652
D561Q:E562D:T581N,-8.958635330200195
D561Q:E562Q,-11.192283630371094
D561Q:E564G,-11.485633850097656
D561Q:E564H,-12.594221115112305
D561Q:G577F,-12.518960952758789
D561Q:G586E,-7.261617183685303
D561Q:I565L:R566C:T581E:L583V,-13.929733276367188
D561Q:I565V:Q584E,-5.983895301818848
D561Q:I565V:S580G,-9.92474365234375
D561Q:L583D,-4.489090919494629
D561Q:L583F,-8.170001983642578
D561Q:L583I:R585H:N587G,-10.51818561553955
D561Q:N587D,-4.476879596710205
D561Q:N587E,-2.6558709144592285
D561Q:N587E:R588A,-0.4548870325088501
D561Q:N587G,-6.830607891082764
D561Q:N587G:R588L,-1.4446187019348145
D561Q:N587M,-6.295162200927734
D561Q:N587Q:R588A,-5.229764461517334
D561Q:N587R,-11.37143325805664
D561Q:P570L:T573E:S580V:G586Y,-27.498910903930664
D561Q:Q584E,-2.02439022064209
D561Q:Q584E:N587E:R588A,1.704193115234375
D561Q:Q584M:R588C,-6.8834309577941895
D561Q:R566A,-8.059324264526367
D561Q:R566A:L583W:R585P:R588D,-10.800134658813477
D561Q:R566A:N587E,-6.53172492980957
D561Q:R566A:R585H:R588N,-6.722258567810059
D561Q:R566A:R585I:N587E:R588L,0.5475354194641113
D561Q:R566A:R585S,-6.474767684936523
D561Q:R566A:R585S:N587T,-9.050151824951172
D561Q:R566A:R588L,-2.673335075378418
D561Q:R566A:S580A:Q584E:G586P:N587D:R588D,-9.448135375976562
D561Q:R566A:S580A:R585D:N587P:R588P,-8.674466133117676
D561Q:R566A:Y576W:R585H:R588A,-7.038968563079834
D561Q:R566C:L583P:R585D:N587P:R588E,-6.900007247924805
D561Q:R566C:R585H:G586A:R588V,-6.736497402191162
D561Q:R566C:R588F,-3.7596778869628906
D561Q:R566C:T573Y:R585N:R588V,-6.371700763702393
D561Q:R566C:T581D,-6.8451690673828125
D561Q:R566G:R585N,-6.011286735534668
D561Q:R566G:Y576F:R585A:N587T,-10.779501914978027
D561Q:R566K:L583V:G586N,-16.108478546142578
D561Q:R566N,-6.854003429412842
D561Q:R566S,-6.648318767547607
D561Q:R566S:V571T:L583P,-12.443763732910156
D561Q:R566V,-7.713242053985596
D561Q:R566V:L583E:N587L,-7.321426868438721
D561Q:R566V:N587E:R588E,-3.16290283203125
D561Q:R566V:R585Q:R588D,-5.267938613891602
D561Q:R566V:R585T:R588V,-1.8437399864196777
D561Q:R566V:R588E,-4.690502166748047
D561Q:R566V:S580C:R588D,-9.751012802124023
D561Q:R566V:V571C:T581E:R585S:R588T,-7.337451934814453
D561Q:R566Y:T581E,-9.488436698913574
D561Q:R566Y:V571T:Y576F:N587L,-12.197239875793457
D561Q:R585H,-4.573575496673584
D561Q:R585H:N587E,-3.045976161956787
D561Q:R585H:R588L,0.8124136924743652
D561Q:R585H:R588Q,-3.2727770805358887
D561Q:R585I,-2.490198850631714
D561Q:R585N,-3.467474937438965
D561Q:R585N:N587E,-1.939875602722168
D561Q:R585P:R588L,0.9468750953674316
D561Q:R585Q,-4.0800371170043945
D561Q:R585T,-2.6105451583862305
D561Q:R585Y:R588N,-2.204021453857422
D561Q:R588A,-1.9824862480163574
D561Q:R588F,-2.0028510093688965
D561Q:S580A,-7.047312259674072
D561Q:S580A:Q584E:G586T:N587P:R588D,-8.058988571166992
D561Q:S580A:Q584T:R585Q:N587D:R588L,-5.363792419433594
D561Q:S580P:G586E:R588L,-3.0132551193237305
D561Q:S580P:L583C:R585H:N587Q,-13.323465347290039
D561Q:S580Q,-9.190536499023438
D561Q:T568V,-10.999032974243164
D561Q:T568V:P570V:S580P:R585H,-17.417572021484375
D561Q:T568V:R585H,-11.389139175415039
D561Q:T573A:G586E,-11.67320442199707
D561Q:T573G:G577Q:T581E:R588F,-15.733813285827637
D561Q:T573G:T581E:R588F,-6.3706793785095215
D561Q:T581D,-5.088342189788818
D561Q:T581D:N587E,-3.5607428550720215
D561Q:T581E,-5.036840438842773
D561Q:T581E:L583E:R588L,0.017354965209960938
D561Q:T581E:L583W,-9.863877296447754
D561Q:T581E:Q584F,-10.718245506286621
D561Q:T581E:R588F,-2.8562211990356445
D561Q:T581N,-6.0554914474487305
D561Q:V571T:L583E,-5.736822128295898
D561Q:Y576G:L583E:Q584T:N587D,-14.753024101257324
D561Q:Y576R,-13.306819915771484
D561V:E562A,-9.936972618103027
D561V:E562D:T568E:V571K:G586T,-29.962833404541016
D561V:E562H:S580W:Q584D,-18.237140655517578
D561V:E562Q,-10.323149681091309
D561V:E564C:T581K:Q584P,-22.506818771362305
D561V:E564L,-10.691618919372559
D561V:G577R,-14.263191223144531
D561V:G577W,-9.893458366394043
D561V:G586N,-8.72164535522461
D561V:G586P:R588P,-4.38958215713501
D561V:I565L:S580A,-10.002294540405273
D561V:I565L:S580A:R588Q,-8.701496124267578
D561V:I565L:Y576F:T581Y,-13.319684982299805
D561V:I565M,-9.091082572937012
D561V:I565Q:R566A:P570H:T573K:Y576I,-40.74404525756836
D561V:I565R,-15.10323715209961
D561V:I565S:T568L:G577V:R585F,-29.495698928833008
D561V:I565T:G577W:G586P:R588P,-17.43478775024414
D561V:I565V,-7.27384090423584
D561V:I565V:T581N,-9.145862579345703
D561V:I565W:R566Y:T568C:Q584Y:N587A,-33.82420349121094
D561V:L583D:Q584D:R585P,-3.7925424575805664
D561V:N587D,-3.607745409011841
D561V:N587P,-4.043558120727539
D561V:N587T:R588Q,-4.588921546936035
D561V:P570C:R588I,-2.202695369720459
D561V:R566A:T573Y:S580A:R585N:R588T,-11.794061660766602
D561V:R566N:G586Q:R588A,-9.696815490722656
D561V:R588D,-0.9724657535552979
D561V:R588Q,-2.013537645339966
D561V:S580G,-5.096105098724365
D561V:S580G:N587P,-5.825326919555664
D561V:S580G:T581N,-6.96812629699707
D561V:S580G:T581Y:Q584M:N587P:R588I,-8.379290580749512
D561V:T568D,-14.24023151397705
D561V:T568S:G577D:T581Y:L583Q:R585H,-25.0230712890625
D561V:T568V,-10.129899024963379
D561V:T568V:R585A:G586P:R588L,-5.889030456542969
D561V:T568W,-15.50868034362793
D561V:T573F,-9.137746810913086
D561V:T573K,-11.315221786499023
D561V:T581D,-4.219207763671875
D561V:T581D:R585Q,-4.115774631500244
D561V:T581D:R585Q:G586Q,-10.028705596923828
D561V:T581H:R588P,-5.2889404296875
D561V:T581V:L583D:G586P:R588E,-6.787006378173828
D561V:V571C,-6.657683372497559
D561V:V571C:S580G:T581Y:Q584M:N587P:R588I,-11.722638130187988
D561V:V571C:Y576F:S580G:T581Y:Q584M:N587P:R588I,-14.786863327026367
D561V:V571C:Y576W,-7.448206901550293
D561V:V571D:G577Y:T581H,-20.548542022705078
D561V:V571D:G586P:R588P,-10.138935089111328
D561V:V571F,-9.147480964660645
D561V:V571H:G577V,-18.933502197265625
D561V:Y576F:Q584G:G586L,-13.522686004638672
D561Y:E562D:S580E:L583D:N587E:R588Y,-7.417779922485352
D561Y:E562D:Y576P:Q584E,-14.531057357788086
D561Y:E562G:T581E:N587V,-12.9727783203125
D561Y:E562I,-11.435211181640625
D561Y:E564F:R566K:Q584Y:G586V:N587E,-24.147132873535156
D561Y:E564F:T573A:G586N:R588G,-20.761627197265625
D561Y:E564V,-10.14699649810791
D561Y:G577K,-15.881171226501465
D561Y:G577N:L583D,-12.338348388671875
D561Y:G586E,-7.166658401489258
D561Y:G586N,-9.495820999145508
D561Y:G586Q,-10.001441955566406
D561Y:G586Y,-10.623907089233398
D561Y:I565C:R585H,-11.749381065368652
D561Y:I565L:R566G:R585T:R588C,-7.326013088226318
D561Y:L583C,-8.453495979309082
D561Y:L583T,-7.291618824005127
D561Y:L583W,-8.915548324584961
D561Y:N587C,-8.724169731140137
D561Y:N587S,-7.041050434112549
D561Y:N587T,-6.663895130157471
D561Y:Q584C,-9.430952072143555
D561Y:R566A:R585H,-8.354471206665039
D561Y:R566A:Y576R:Q584V:G586V:N587E,-23.31342124938965
D561Y:R566F:L583H,-13.985459327697754
D561Y:R566P,-12.174062728881836
D561Y:R566S:N569K:S580I:Q584E:R588Q,-17.791912078857422
D561Y:R566S:T568G:S580L:L583Q:N587E,-23.942745208740234
D561Y:R566V:L583P:R585E:G586P:R588T,-10.174416542053223
D561Y:R566V:Q584E,-5.459203243255615
D561Y:R585A:R588F,-0.32050371170043945
D561Y:R585D,-2.7678518295288086
D561Y:R585F,-3.7738208770751953
D561Y:R585H:R588G,-2.7745962142944336
D561Y:R585M,-3.160696029663086
D561Y:R588D,-1.7466411590576172
D561Y:R588I,0.73199462890625
D561Y:R588V,0.20806550979614258
D561Y:S580D:Q584C,-12.153202056884766
D561Y:S580E:T581H:Q584E:R585E:R588Q,-5.544036865234375
D561Y:S580N:R585T:N587E,-4.575772285461426
D561Y:S580V:Q584C,-13.634032249450684
D561Y:T568D,-15.01440715789795
D561Y:T568H,-15.64083194732666
D561Y:T568V,-10.904074668884277
D561Y:T573D:G577P,-19.338768005371094
D561Y:T581E:R588Q,-3.641083240509033
D561Y:V571C,-7.431859016418457
D561Y:V571F:R585D:R588E,-5.578256130218506
E562A:E564C:V571F:S580H:G586M,-29.906301498413086
E562A:E564I:R585P:R588N,-12.018888473510742
E562A:G577C,-13.910496711730957
E562A:G577Q,-15.985771179199219
E562A:G577W:L583D:Q584D:R585P:G586P,-16.412473678588867
E562A:G577W:T581E,-14.055130004882812
E562A:G586L,-10.06193733215332
E562A:G586M,-11.735509872436523
E562A:I565T:R566Q:T573Y:T581N,-24.352134704589844
E562A:L583D,-6.928256988525391
E562A:L583F:R588A,-8.408184051513672
E562A:L583G:R585T,-8.375107765197754
E562A:N587H,-11.631025314331055
E562A:P570C:V571D:G577W:T581H:R585P,-26.547489166259766
E562A:P570Y:L583D,-15.370441436767578
E562A:Q584C,-11.96507740020752
E562A:Q584D:N587E,-5.011979579925537
E562A:Q584P,-12.000090599060059
E562A:Q584S,-10.344474792480469
E562A:R566A:T568V:T581Y:R585I,-18.737789154052734
E562A:R566G,-9.166448593139648
E562A:R566H:Y576P,-19.919527053833008
E562A:R566K,-9.828386306762695
E562A:R566K:Y576F:Q584N,-16.468860626220703
E562A:R585L,-5.061439037322998
E562A:R588D,-4.280766487121582
E562A:R588Q,-5.32183837890625
E562A:R588T,-3.634685754776001
E562A:S580H,-12.2765474319458
E562A:T573G,-10.137094497680664
E562A:T581C,-10.196939468383789
E562A:V571C:Y576C,-14.115921974182129
E562A:V571D,-12.371990203857422
E562A:Y576K,-16.840900421142578
E562A:Y576W:L583E:R585P:R588D,-5.658727645874023
E562C:E564C,-14.143199920654297
E562C:E564F,-16.017704010009766
E562C:G577D,-15.586675643920898
E562C:G586D,-10.943056106567383
E562C:G586L:R588A,-8.697779655456543
E562C:G586P,-10.191971778869629
E562C:G586V,-11.923355102539062
E562C:I565C:G586R,-23.679401397705078
E562C:I565K:N587R,-26.458770751953125
E562C:I565L,-11.283578872680664
E562C:I565P,-17.252422332763672
E562C:I565T,-13.925546646118164
E562C:I565W,-19.0311279296875
E562C:N587A,-10.225898742675781
E562C:P570F:S580W:R585N,-22.309518814086914
E562C:P570G:V571S:L583F:R585I,-18.49639129638672
E562C:P570Q:R585W,-16.31264877319336
E562C:P570Y:V571P:G577W,-30.119396209716797
E562C:Q584I:R585D:R588P,-8.165054321289062
E562C:R566V,-10.989234924316406
E562C:R585H:N587E,-6.3219685554504395
E562C:R585L,-5.8982648849487305
E562C:R585N,-6.743467330932617
E562C:S580R,-15.69757080078125
E562C:T568E,-18.445775985717773
E562C:T568H,-19.011783599853516
E562C:T573K,-15.460348129272461
E562C:T573N,-11.846096992492676
E562C:T581K,-14.590755462646484
E562C:V571A:N587P:R588P,-10.871516227722168
E562C:V571E,-12.996970176696777
E562C:V571S,-10.578961372375488
E562D:E564I:R566L:G586L,-17.880695343017578
E562D:E564M:T568H:P570C:V571S:T581N,-30.720073699951172
E562D:G586D,-6.386736869812012
E562D:G586F,-9.164280891418457
E562D:G586L,-6.34244441986084
E562D:G586L:N587Q,-9.589723587036133
E562D:G586M,-8.016016960144043
E562D:G586P,-5.635652542114258
E562D:I565F,-11.183775901794434
E562D:I565F:G577F,-19.51926612854004
E562D:I565L:L583P,-11.3011474609375
E562D:I565L:V571I:L583Q:N587D,-14.928712844848633
E562D:I565V,-6.8626484870910645
E562D:I565V:N587P,-7.5918707847595215
E562D:I565V:S580G,-8.644417762756348
E562D:I565W:G577D:G586Q:N587C,-33.150611877441406
E562D:L583D:N587D,-3.50217342376709
E562D:L583E:R585Q:N587T,-5.706888198852539
E562D:L583T,-6.106250762939453
E562D:L583V,-6.215093612670898
E562D:L583W,-7.730180740356445
E562D:L583W:G586P,-10.462690353393555
E562D:N587C,-7.538802146911621
E562D:N587E:R588L,4.010444641113281
E562D:N587F,-6.959541320800781
E562D:N587G,-5.550281524658203
E562D:N587L,-2.179534435272217
E562D:N587Q,-6.150422096252441
E562D:N587S,-5.855682373046875
E562D:P570C:R588Y,-5.214263916015625
E562D:P570C:S580A:G586M,-14.588724136352539
E562D:P570C:S580A:R588F,-7.295231819152832
E562D:P570L,-9.91478443145752
E562D:P570S:N587E,-5.586639404296875
E562D:Q584C,-8.245584487915039
E562D:Q584D,-2.8200857639312744
E562D:Q584E,-0.7440636157989502
E562D:Q584G,-6.607967853546143
E562D:Q584L,-6.0982232093811035
E562D:Q584R,-10.58045768737793
E562D:R566A:R585G,-3.1217944622039795
E562D:R566A:R585H,-7.169102668762207
E562D:R566A:R588S,-4.780645370483398
E562D:R566C:R585Q:R588D,-2.2146668434143066
E562D:R566G:R585V:N587D:R588F,-1.7260892391204834
E562D:R566G:V571A:T581E,-10.640419006347656
E562D:R566V,-6.432915687561035
E562D:R566V:V571Y:T581E:N587T,-15.458640098571777
E562D:R585A,-1.3157551288604736
E562D:R585G,0.7540595531463623
E562D:R585H,-3.2932488918304443
E562D:R585H:R588D,-0.951378583908081
E562D:R588F,-0.7225244045257568
E562D:R588H,-2.289074659347534
E562D:R588Q,-1.6023452281951904
E562D:S580A,-5.766985893249512
E562D:S580A:L583V,-9.078935623168945
E562D:S580A:Q584G:R585T,-7.8988847732543945
E562D:S580A:R585S:N587D,-4.475838661193848
E562D:S580A:R585W:R588C,-5.23330020904541
E562D:S580A:T581Y,-8.883993148803711
E562D:S580G:N587P,-5.414134979248047
E562D:S580R,-11.141251564025879
E562D:S580V:N587G,-9.753361701965332
E562D:T568R:V571T:G586R,-25.359533309936523
E562D:T568V:L583Y:Q584E,-11.270453453063965
E562D:T568V:R588T,-6.730755805969238
E562D:T568V:S580A,-12.582549095153809
E562D:T568V:T581N,-11.590728759765625
E562D:T573Y:G586P,-11.079627990722656
E562D:T573Y:S580A:T581N,-13.082983016967773
E562D:T581D,-3.8080155849456787
E562D:T581E:L583V,-7.0684638023376465
E562D:T581E:Q584E,-1.5974338054656982
E562D:T581N,-4.77516508102417
E562D:T581N:Q584M,-9.032628059387207
E562D:V571D:G577N:L583D:R585S,-15.317777633666992
E562D:V571E:L583I:R585A,-10.150734901428223
E562D:V571F:S580D:Q584I:R585H:N587E:R588P,-12.347294807434082
E562D:V571S:Q584F:R585I,-10.010775566101074
E562D:Y576C,-7.053081512451172
E562D:Y576F,-5.967368125915527
E562D:Y576R:N587A,-14.792929649353027
E562F:G577R,-19.551280975341797
E562F:G586S,-13.264235496520996
E562F:L583F,-12.588956832885742
E562F:L583W,-13.429462432861328
E562F:N587A,-11.368860244750977
E562F:N587H,-13.61081314086914
E562F:P570A,-12.800457000732422
E562F:P570R,-18.47742462158203
E562F:Q584L,-11.797504425048828
E562F:Q584S,-12.324262619018555
E562F:R566L,-13.272894859313965
E562F:R566V,-12.132196426391602
E562F:R585H,-8.99252986907959
E562F:R585K,-11.199722290039062
E562F:R585Q,-8.498991012573242
E562F:R585Y,-8.350147247314453
E562F:S580G,-10.384193420410156
E562F:S580N,-12.190210342407227
E562F:S580Y,-13.89016342163086
E562F:T568G,-18.64126205444336
E562F:T568I,-15.946090698242188
E562F:T568K:R585N,-20.008089065551758
E562F:T568R:P570V:V571L:L583Q:G586C,-40.204566955566406
E562F:T568V,-15.417987823486328
E562F:T581H,-12.234291076660156
E562F:V571H,-15.198786735534668
E562F:Y576E,-17.05242156982422
E562F:Y576V,-15.548798561096191
E562G:G586F,-12.670343399047852
E562G:G586M,-11.522079467773438
E562G:G586Y,-12.944602966308594
E562G:I565H,-16.92396354675293
E562G:I565Y,-16.057300567626953
E562G:L583P:R588G,-9.279073715209961
E562G:N569Q,-15.33279037475586
E562G:N587K,-12.894013404846191
E562G:P570W:Q584D:R588V,-12.43475341796875
E562G:Q584C,-11.751646995544434
E562G:Q584D:R585D:N587L,-4.281879901885986
E562G:Q584V,-9.698617935180664
E562G:R585P,-6.664850234985352
E562G:R585Q,-6.3057732582092285
E562G:R588C,-4.8517045974731445
E562G:R588D,-4.067336082458496
E562G:R588G,-4.705185890197754
E562G:R588L,-1.0232172012329102
E562G:S580D,-9.13145637512207
E562G:S580E,-9.455055236816406
E562G:S580F,-12.12840747833252
E562G:S580N,-9.996992111206055
E562G:T568C:L583P:R588G,-15.640905380249023
E562G:T568C:V571F:L583P:R588G,-21.474050521850586
E562G:T568M,-15.493027687072754
E562G:T573F:Q584T:G586R,-24.694286346435547
E562G:T573K,-14.4100923538208
E562G:T581P,-9.242063522338867
E562G:V571T,-7.630764007568359
E562G:Y576E,-14.85920238494873
E562G:Y576F,-9.473430633544922
E562G:Y576Q,-14.017255783081055
E562H:E564F:R588H,-15.873157501220703
E562H:E564Q:R585P,-15.158275604248047
E562H:E564V:T573F:Q584I:R585I:G586F,-28.062259674072266
E562H:G577V:L583K:Q584C,-29.73533058166504
E562H:G577W:Q584D,-14.425049781799316
E562H:G586K,-17.039085388183594
E562H:G586N,-13.336294174194336
E562H:G586R,-16.87816047668457
E562H:L583D:Q584D:R585P:R588P,-6.749928951263428
E562H:L583D:R585P:G586L:R588E,-8.906810760498047
E562H:L583E:G586E:N587E:R588A,-7.610342979431152
E562H:L583H,-12.466470718383789
E562H:L583P,-12.502872467041016
E562H:L583T,-11.132092475891113
E562H:N587C,-12.564643859863281
E562H:N587W,-14.611194610595703
E562H:P570K,-17.94025230407715
E562H:Q584C,-13.271425247192383
E562H:Q584D,-7.8459272384643555
E562H:Q584D:R585P:R588P,-6.444308280944824
E562H:Q584D:R588P,-6.188664436340332
E562H:R566A,-11.804839134216309
E562H:R566F,-13.288448333740234
E562H:R585P:G586L,-11.623929977416992
E562H:R588A,-5.728001117706299
E562H:R588P,-6.271722316741943
E562H:S580F,-13.648185729980469
E562H:S580W,-15.005863189697266
E562H:S580W:L583D:Q584D:R585P:R588P,-13.826807022094727
E562H:S580W:L583D:R585P:R588P,-13.90986442565918
E562H:S580W:T581H:L583D:Q584D:R585P,-19.115936279296875
E562H:S580W:T581H:Q584D:N587L,-17.83106231689453
E562H:T568L,-16.978628158569336
E562H:T568Y:P570W:Y576G,-35.312286376953125
E562H:T573V:R585I:R588W,-11.144571304321289
E562H:T581H:Q584C,-16.903291702270508
E562H:T581Y:R588Q,-9.745193481445312
E562H:V571D:Q584D,-13.595280647277832
E562H:V571D:S580W:L583D:Q584D:R585P:R588P,-19.576160430908203
E562H:V571G,-13.570289611816406
E562H:V571G:G577W:G586F,-26.41054916381836
E562H:V571G:Q584C,-18.912731170654297
E562H:V571Y:L583P:R588P,-16.442581176757812
E562H:Y576F,-10.993209838867188
E562I:E564I:V571I:T573A:Q584L,-25.761917114257812
E562I:G577C:Q584Y,-19.992897033691406
E562I:G577Q:G586M:R588G,-20.11868667602539
E562I:G577Q:R588G,-15.005813598632812
E562I:G577Y,-15.199684143066406
E562I:G586Q:N587T,-15.835013389587402
E562I:I565F:G577Q:G586M:R588G,-28.39931869506836
E562I:I565R,-19.135601043701172
E562I:I565S,-15.770304679870605
E562I:L583R,-14.979368209838867
E562I:L583W,-12.173736572265625
E562I:N587Q,-10.593977928161621
E562I:P570E,-15.816577911376953
E562I:P570N,-14.461134910583496
E562I:Q584D,-7.263641834259033
E562I:R585G,-3.6894965171813965
E562I:R585H,-7.736804962158203
E562I:R585P,-7.602343559265137
E562I:R585P:N587I,-8.531110763549805
E562I:R585S,-5.762143135070801
E562I:R588G,-5.642679214477539
E562I:R588S,-5.3483476638793945
E562I:S580L,-12.257577896118164
E562I:S580P,-8.48432731628418
E562I:S580T,-10.937034606933594
E562I:T568E,-18.3330135345459
E562I:T573D:R588F,-10.523865699768066
E562I:T573F:Y576V:G577K,-31.909143447875977
E562I:T573G,-10.861157417297363
E562L:E564C:L583E:R588F,-12.559576034545898
E562L:E564C:L583W:Q584C,-24.577878952026367
E562L:E564C:R566Y:L583E:R588F,-17.011173248291016
E562L:E564C:S580E,-17.45425033569336
E562L:E564C:Y576W:Q584I:R588P,-17.225175857543945
E562L:E564G:R585W:R588D,-13.70877456665039
E562L:G577D,-15.851877212524414
E562L:G577R,-18.673519134521484
E562L:I565W,-19.296329498291016
E562L:I565W:R588E,-16.273590087890625
E562L:L583D:Q584I,-11.713799476623535
E562L:N587V,-9.346354484558105
E562L:P570F:T573F:T581E:Q584C:R588C,-26.675559997558594
E562L:P570N,-14.839099884033203
E562L:Q584D,-7.64160680770874
E562L:R566A:R588F,-9.419898986816406
E562L:R566D,-14.068602561950684
E562L:R566K:V571H:T573A:G577H,-31.12991714477539
E562L:R585L,-6.163466930389404
E562L:R585N,-7.008669376373291
E562L:R588G,-6.020644187927246
E562L:R588P,-6.067401885986328
E562L:S580G:N587E,-7.97883415222168
E562L:S580N:Q584C,-16.654890060424805
E562L:S580V,-11.92774486541748
E562L:T568E,-18.710979461669922
E562L:T573F,-13.548074722290039
E562L:T573Q,-13.797517776489258
E562L:T581H,-11.356531143188477
E562L:V571A,-12.06475830078125
E562L:V571F:L583P,-18.131696701049805
E562L:V571N,-12.570154190063477
E562L:V571T:T581E,-9.799592018127441
E562L:Y576F,-10.788888931274414
E562L:Y576F:L583P,-15.362775802612305
E562L:Y576F:L583W:R588F,-13.435306549072266
E562L:Y576G,-14.156522750854492
E562L:Y576S:S580C,-17.76885986328125
E562M:E564C,-14.84947395324707
E562M:E564F:V571F:Q584G:R588F,-24.081327438354492
E562M:E564V:T568S:P570G:V571F:G577Y:S580H:T581P:L583Y:Q584F:R585L:R588N,-54.23229217529297
E562M:G577M,-17.575387954711914
E562M:I565V:V571Y:Q584W:R585D,-23.718923568725586
E562M:I565Y,-17.813831329345703
E562M:L583I,-11.46320915222168
E562M:P570R,-18.04073715209961
E562M:Q584K,-14.904869079589844
E562M:R566Q:T568L:T573Y:Y576M:Q584N,-37.0081787109375
E562M:R585K:R588E,-7.74029541015625
E562M:S580L,-13.076614379882812
E562M:T568D,-19.091632843017578
E562M:T568K,-20.287397384643555
E562M:T568S:P570G:V571F:G577Y:T581P:L583Y:Q584F:R585L:R588N,-42.519893646240234
E562M:T573H,-13.595256805419922
E562M:T581Y,-11.282744407653809
E562M:V571D:R585N:G586E:R588T,-13.289291381835938
E562M:V571K,-16.141372680664062
E562P:E564C:L583G:Q584F:N587E,-23.328842163085938
E562P:E564C:P570W:G577W:T581E:R588P,-32.030052185058594
E562P:E564C:Q584D:R585P,-16.022226333618164
E562P:E564C:T573Y:T581H:L583D:R588P,-23.573841094970703
E562P:E564C:V571H,-22.446002960205078
E562P:E564F:T573Y:G577A,-30.747900009155273
E562P:E564F:V571A:T573Y:G577A,-35.087989807128906
E562P:E564H:R585P:N587H,-22.840686798095703
E562P:E564M:T581H:L583D:Q584C:R588D,-23.668184280395508
E562P:E564Q:T573A:S580E,-23.59698486328125
E562P:G577F:S580D:Q584H:R585T,-23.80292320251465
E562P:G577W:R585D,-14.424365997314453
E562P:G577W:R585P,-16.000669479370117
E562P:L583E,-9.497696876525879
E562P:L583G,-12.49129867553711
E562P:P570F:S580F:L583D,-23.679901123046875
E562P:P570G,-14.790071487426758
E562P:P570W,-19.57108497619629
E562P:P570W:V571D:S580H:L583D,-31.27996826171875
E562P:P570Y:G577K,-29.400747299194336
E562P:Q584D,-9.082845687866211
E562P:Q584D:N587E,-7.555245876312256
E562P:Q584I,-12.849417686462402
E562P:Q584N:R585F:N587L,-11.70385456085205
E562P:Q584P,-14.543356895446777
E562P:R566D:G577L:R585N:N587E,-22.3682861328125
E562P:R566E:Q584E,-12.826895713806152
E562P:R566P,-17.251453399658203
E562P:R585A,-7.578514575958252
E562P:R585D:G586E,-10.92339038848877
E562P:R585E,-7.403591156005859
E562P:R585P,-9.421546936035156
E562P:R585T,-7.592978000640869
E562P:R588D,-6.824032783508301
E562P:R588E,-6.143163204193115
E562P:R588I,-4.345396995544434
E562P:R588P,-7.508640289306641
E562P:R588S,-7.167551040649414
E562P:S580E,-12.211751937866211
E562P:S580E:L583D,-12.517372131347656
E562P:S580F,-14.885104179382324
E562P:S580F:R588C,-13.32760238647461
E562P:S580F:T581E:Q584D,-15.655416488647461
E562P:S580F:T581H:L583D:N587E,-17.294992446899414
E562P:S580H:N587E,-13.292214393615723
E562P:T568E,-20.152217864990234
E562P:T568M,-18.249725341796875
E562P:T568P,-20.83770179748535
E562P:T573A,-13.577489852905273
E562P:T573C:G577Q:Q584E:N587L:R588E,-15.97720718383789
E562P:T573F,-14.989313125610352
E562P:T573F:Q584C,-20.331754684448242
E562P:T573F:R588C,-13.431812286376953
E562P:T573F:T581E:L583D:G586E:N587E,-17.6988525390625
E562P:T573H:S580E:T581H:Q584F:N587E,-25.426944732666016
E562P:T573N,-13.55253791809082
E562P:T573Q,-15.23875617980957
E562P:T573Y,-14.609878540039062
E562P:T573Y:G577A,-22.18965721130371
E562P:T573Y:R588P,-12.952615737915039
E562P:T573Y:S580F:L583D:R585D,-19.314041137695312
E562P:T581C:Q584C:N587L,-17.359037399291992
E562P:T581L,-12.973230361938477
E562P:T581Y:L583D,-12.588530540466309
E562P:V571D,-14.91525650024414
E562P:V571D:L583D,-15.220876693725586
E562P:V571D:L583P:G586E,-22.567291259765625
E562P:V571D:R585P:N587E,-13.643301010131836
E562P:V571D:R588P,-13.257993698120117
E562P:V571D:S580D:N587L,-16.913896560668945
E562P:V571D:S580E:L583D:R585P:G586D,-22.005962371826172
E562P:V571D:T573F,-20.738666534423828
E562P:V571D:T573Y:R588P,-18.701969146728516
E562P:V571D:T581H,-18.547122955322266
E562P:V571F:L583D:N587E,-13.777069091796875
E562P:V571G:S580F:R585F:G586P:R588N,-21.217056274414062
E562P:V571N,-14.011392593383789
E562P:V571P,-16.804529190063477
E562P:Y576C:S580D:Q584C:N587L:R588D,-18.315052032470703
E562P:Y576F:L583G:R585P,-15.811166763305664
E562Q:E564D,-13.517181396484375
E562Q:E564G,-14.310977935791016
E562Q:G577M,-16.41846466064453
E562Q:I565E:P570A:L583M,-25.44902229309082
E562Q:I565K:G577F:N587S,-30.108186721801758
E562Q:I565V,-10.968317985534668
E562Q:P570N,-14.123249053955078
E562Q:P570R,-16.883811950683594
E562Q:R585S,-5.424256801605225
E562Q:R588G,-5.304792881011963
E562Q:R588S,-5.010461330413818
E562Q:S580G:T581N,-10.662603378295898
E562Q:S580L,-11.91969108581543
E562Q:T568N:N587F,-19.71009063720703
E562Q:T581E,-7.862183570861816
E562Q:T581E:R585T:N587D:R588V,-2.286090850830078
E562Q:V571A,-11.348907470703125
E562Q:V571D:S580D:R585L:G586D:R588D,-15.060941696166992
E562Q:Y576E,-15.458808898925781
E562Q:Y576K,-17.22707748413086
E562Q:Y576W,-7.7993364334106445
E562Q:Y576W:R585E,-6.037024974822998
E562V:G586P,-9.461759567260742
E562V:I565H:G577W:Q584Y:G586E:R588P,-30.602352142333984
E562V:I565T,-13.195334434509277
E562V:I565Y,-16.37734603881836
E562V:L583V,-10.041200637817383
E562V:N569V,-14.827434539794922
E562V:N587C,-11.364909172058105
E562V:N587E:R588A,-3.0006675720214844
E562V:N587T,-9.304634094238281
E562V:P570Q,-14.558622360229492
E562V:R566D,-13.073188781738281
E562V:R566L,-11.399721145629883
E562V:R566L:R585N,-10.683725357055664
E562V:R588N,-5.002079963684082
E562V:S580C,-11.108892440795898
E562V:S580E,-9.775099754333496
E562V:T581E,-7.582621097564697
E562V:T581E:R588N,-5.85545015335083
E562V:T581V:L583G,-13.51192855834961
E562V:V571A:R588F,-8.888725280761719
E562V:V571K,-14.704885482788086
E562V:Y576C,-10.879188537597656
E562V:Y576I,-13.830471992492676
E562V:Y576Q,-14.337299346923828
E562Y:E564D,-14.628214836120605
E562Y:G577E,-16.567874908447266
E562Y:N569K,-17.967304229736328
E562Y:N569V:T573Q,-22.290882110595703
E562Y:Q584A:N587P,-12.784870147705078
E562Y:Q584E,-5.960766315460205
E562Y:R566C,-9.876672744750977
E562Y:R588F,-5.939227104187012
E562Y:T568G:Y576H,-22.45873260498047
E562Y:T568H,-19.67216682434082
E562Y:T568I:S580C,-19.84315299987793
E562Y:T568L,-17.16948890686035
E562Y:T568W:G577H:S580K:T581G,-40.736263275146484
E562Y:T581C,-11.694149017333984
E562Y:T581E,-8.97321605682373
E564C:G577W,-13.262859344482422
E564C:G577W:L583D:Q584D,-13.485422134399414
E564C:G577W:Q584C,-18.605300903320312
E564C:G577W:S580E:T581H,-19.940574645996094
E564C:G586C:N587H,-17.512378692626953
E564C:G586I,-10.848030090332031
E564C:G586Q,-12.596667289733887
E564C:I565D:P570F,-26.425495147705078
E564C:I565H:N569E:Y576D:G586Q:R588H,-40.0257568359375
E564C:I565V:G586P,-13.375750541687012
E564C:L583C,-11.048721313476562
E564C:L583D:Q584E,-4.830277442932129
E564C:L583D:R585D:R588P,-4.011434555053711
E564C:L583G,-10.009132385253906
E564C:N569E:P570Y:Q584W,-31.483856201171875
E564C:N587E,-5.156137466430664
E564C:N587M,-8.795429229736328
E564C:N587W,-13.365946769714355
E564C:P570C,-10.39260196685791
E564C:P570Y,-15.125921249389648
E564C:Q584C:G586E,-15.104324340820312
E564C:Q584C:R585Q:R588G,-10.21872329711914
E564C:Q584Y,-12.042075157165527
E564C:R566A:V571F:Q584C:N587D:R588N,-20.301414489746094
E564C:R566H:Q584C:R588P,-13.96732234954834
E564C:R585D,-5.363077163696289
E564C:R585D:G586E,-8.441224098205566
E564C:R585G,-3.026533603668213
E564C:R585P,-6.939380645751953
E564C:R588F,-4.503117561340332
E564C:S580C,-11.06337833404541
E564C:S580C:L583Y,-14.774205207824707
E564C:S580E:L583D,-10.035205841064453
E564C:S580E:R588D,-7.3877153396606445
E564C:S580F,-12.402937889099121
E564C:S580H:T581E:R585D:G586M,-16.983230590820312
E564C:T573A:G586E:R588P,-12.516207695007324
E564C:T573F:S580E:R588G,-13.84897518157959
E564C:T573Y,-12.12771224975586
E564C:T573Y:G577W,-18.70683479309082
E564C:T573Y:R588D,-9.785842895507812
E564C:T581D:L583G:R585F:R588D,-8.257444381713867
E564C:T581E:Q584C:N587E,-11.351947784423828
E564C:T581H:L583D,-10.621223449707031
E564C:T581H:L583D:N587E,-9.093624114990234
E564C:T581H:R585D,-8.994943618774414
E564C:V571D,-12.433090209960938
E564C:V571D:G577W:Q584D:N587E,-17.40155601501465
E564C:V571D:L583D:R588P,-11.08144760131836
E564C:V571D:T573Y:L583G:R585N,-20.486465454101562
E564C:V571D:Y576P:S580E:Q584D,-25.094364166259766
E564C:V571E:L583P,-16.79513168334961
E564C:V571F,-12.516881942749023
E564C:V571F:L583P,-17.090768814086914
E564C:V571F:Q584F:N587E,-16.67068862915039
E564C:V571F:S580H:Q584C,-23.513233184814453
E564C:V571I,-10.624509811401367
E564C:V571R,-14.641082763671875
E564C:Y576C:Q584C:G586F:N587E:R588P,-19.252389907836914
E564C:Y576G,-13.115594863891602
E564C:Y576G:G577W:S580E:R585Q:G586E,-25.715280532836914
E564C:Y576G:S580E:R585Q:N587D,-16.35141944885254
E564C:Y576K,-16.902000427246094
E564C:Y576P:G577W:T581E,-23.814712524414062
E564D:G577Y,-14.361352920532227
E564D:G586H,-13.648758888244629
E564D:G586K,-15.618468284606934
E564D:I565S,-14.931973457336426
E564D:L583C,-10.873353004455566
E564D:L583F,-10.49489974975586
E564D:N587Q,-9.755646705627441
E564D:P570D,-15.67806339263916
E564D:Q584R,-14.18568229675293
E564D:R585V,-4.674712181091309
E564D:R588I,-1.6878623962402344
E564D:S580H,-12.16227912902832
E564D:T573Q,-12.581221580505371
E564D:V571E,-12.045875549316406
E564D:V571T:S580G,-9.51169490814209
E564F:G577P,-18.450712203979492
E564F:G586H,-15.698631286621094
E564F:I565Q,-18.173961639404297
E564F:L583G,-11.883636474609375
E564F:N587Q,-11.805519104003906
E564F:R566H,-12.156648635864258
E564F:S580R,-16.796348571777344
E564F:S580W,-15.63511848449707
E564F:T568F,-19.110801696777344
E564F:T568G,-18.597076416015625
E564F:T568M,-17.64206314086914
E564F:Y576V,-15.50461483001709
E564G:G577N,-15.246380805969238
E564G:G586R,-16.251338958740234
E564G:L583D,-7.607784271240234
E564G:L583G:Q584M,-14.88502311706543
E564G:L583R,-14.934832572937012
E564G:P570D,-16.471858978271484
E564G:P570H,-16.13819122314453
E564G:P570K:Y576W,-18.103954315185547
E564G:P570V:S580R:T581V,-23.88835906982422
E564G:R585G,-3.644960880279541
E564G:R588Y,-5.9044189453125
E564G:S580E,-10.348012924194336
E564G:S580R:T581V,-18.9975528717041
E564G:T568E:T573P:R585V,-24.290950775146484
E564G:T568R:T573Y:R585L:G586P:N587S,-29.15564727783203
E564G:T568W,-19.496509552001953
E564G:Y576R,-16.425514221191406
E564H:G577D,-16.5379638671875
E564H:G586M,-13.523624420166016
E564H:G586Q,-14.323681831359863
E564H:I565V,-12.370256423950195
E564H:I565Y,-18.05884552001953
E564H:L583C,-12.775735855102539
E564H:L583G,-11.736146926879883
E564H:L583Q:Q584D,-12.294963836669922
E564H:N587Q,-11.658029556274414
E564H:Q584V,-11.700162887573242
E564H:R585D,-7.090091705322266
E564H:S580D:R588N,-9.405830383300781
E564H:S580Q,-13.417818069458008
E564H:T573A,-12.822338104248047
E564H:T573C,-11.764348983764648
E564H:T573F:G577W:Q584D:R585P,-20.985870361328125
E564H:V571A,-12.750844955444336
E564H:V571L,-13.048906326293945
E564H:V571L:R588P,-11.391643524169922
E564H:Y576A:G577V:R585H,-24.3049373626709
E564H:Y576G,-14.842609405517578
E564I:G577D,-14.994991302490234
E564I:G577W:L583D:R585A,-12.165133476257324
E564I:G577W:Q584C:G586E:N587E,-20.339889526367188
E564I:L583V,-10.179728507995605
E564I:N569F,-16.951871871948242
E564I:N569Q:R588W,-15.977027893066406
E564I:N587S,-9.820318222045898
E564I:N587Y,-11.670982360839844
E564I:P570F:G577F:T581E:R585T,-22.972888946533203
E564I:P570N:T573P:S580A:Q584W:R585K,-34.59685134887695
E564I:P570W:V571F:S580H,-28.7600154876709
E564I:Q584I:R585A,-8.96390438079834
E564I:Q584Y,-12.226117134094238
E564I:R566H:V571D:G577W:Q584D,-22.711605072021484
E564I:R588G,-5.163758277893066
E564I:S580C,-11.247420310974121
E564I:S580E,-9.913627624511719
E564I:S580Q,-11.874845504760742
E564I:T573F,-12.69118881225586
E564I:T573H:T581H:L583D:R585D,-14.9141263961792
E564I:T573L,-12.43341064453125
E564I:V571C,-10.211126327514648
E564I:V571D:N587A:R588H,-14.769498825073242
E564I:V571N,-11.713268280029297
E564I:Y576D,-15.355616569519043
E564I:Y576Q,-14.475828170776367
E564L:G577E,-15.825311660766602
E564L:G577W:R585P:N587E,-12.684450149536133
E564L:G577W:S580E:R585D,-15.681594848632812
E564L:G586R,-16.326457977294922
E564L:I565T:R585N,-13.127370834350586
E564L:I565V,-11.336788177490234
E564L:L583A,-10.954927444458008
E564L:L583D:R585W,-8.706719398498535
E564L:N569F,-17.461376190185547
E564L:P570F:G577W:T581E:R585P:G586E,-26.632741928100586
E564L:P570H,-16.21331024169922
E564L:P570L,-14.388923645019531
E564L:P570W,-17.7824649810791
E564L:Q584C,-12.71972370147705
E564L:Q584I,-11.060797691345215
E564L:Q584I:R585Q:N587T:R588S,-11.534396171569824
E564L:R585P,-7.632926940917969
E564L:R588E,-4.354543209075928
E564L:S580P:T581N:N587K,-16.87173843383789
E564L:S580Y,-12.665021896362305
E564L:T568D:V571N:Y576G,-29.58052635192871
E564L:T568G,-17.416118621826172
E564L:T568H:N587I:R588Q,-18.557571411132812
E564L:T568K,-19.498943328857422
E564L:T568M,-16.461105346679688
E564L:T573F,-13.200693130493164
E564L:T581V,-10.834564208984375
E564L:V571E,-12.914791107177734
E564L:V571F,-13.210428237915039
E564L:Y576N,-14.165987014770508
E564M:G577C,-14.85208511352539
E564M:G577W:Q584D:R585D:N587E,-11.212030410766602
E564M:G577W:S580E:T581H,-20.821063995361328
E564M:G586A,-12.266897201538086
E564M:G586F,-13.825362205505371
E564M:I565E,-17.81670570373535
E564M:L583D,-7.869845390319824
E564M:L583K:Q584E,-12.846244812011719
E564M:N587C,-12.199883460998535
E564M:P570F,-16.05340003967285
E564M:P570F:S580D:N587L,-18.052040100097656
E564M:P570F:Y576C,-20.203338623046875
E564M:P570V,-12.45503044128418
E564M:P570W,-17.969406127929688
E564M:Q584C,-12.906665802001953
E564M:Q584D,-7.481167316436768
E564M:Q584F,-13.245630264282227
E564M:R566S,-10.029073715209961
E564M:R566V,-11.09399700164795
E564M:R585E:R588P,-4.144650459289551
E564M:R585P,-7.819869041442871
E564M:R585V,-5.730568885803223
E564M:R588P,-5.9069623947143555
E564M:S580D,-10.286474227905273
E564M:S580H,-13.218135833740234
E564M:T568A,-15.830078125
E564M:T573F,-13.387636184692383
E564M:T581E:Q584M,-12.675057411193848
E564M:T581H:R588P,-9.538829803466797
E564M:V571D:R585A,-11.726190567016602
E564M:V571D:Y576C:T581H:R585P:N587L,-20.627418518066406
E564M:V571H:T573G:Y576T,-24.382465362548828
E564M:V571I,-11.504998207092285
E564M:V571I:L583D,-11.81061840057373
E564M:V571P,-15.202851295471191
E564M:V571Y:L583E:R588P,-11.835726737976074
E564M:V571Y:Q584V,-16.450607299804688
E564M:V571Y:T573F:L583E:R585E,-17.554088592529297
E564M:V571Y:Y576W:Q584I:R585P,-17.89087677001953
E564M:Y576F:T581H,-14.260316848754883
E564M:Y576G,-13.99608325958252
E564M:Y576I,-14.665446281433105
E564M:Y576W:S580H:L583E:N587D,-14.633861541748047
E564Q:G577W:G586F,-19.813905715942383
E564Q:G586M,-12.086519241333008
E564Q:G586V,-11.437538146972656
E564Q:G586W,-15.078718185424805
E564Q:I565A:T568R,-26.88450050354004
E564Q:I565F:T568R:T573F:Y576W:T581D:Q584H:R585P:N587S:R588G,-41.71510696411133
E564Q:I565K,-18.784990310668945
E564Q:I565K:L583G:Q584N:N587S:R588K,-31.125816345214844
E564Q:I565T:T573G:R585P,-17.20983123779297
E564Q:L583D:Q584D:R588P,-5.53894567489624
E564Q:N587V,-8.595335006713867
E564Q:Q584H,-12.125850677490234
E564Q:Q584W,-14.291015625
E564Q:R566E,-12.793718338012695
E564Q:R566N:T568V:R585G:N587P,-13.531761169433594
E564Q:R585D,-5.6529860496521
E564Q:R585P,-7.229289531707764
E564Q:R588G,-5.269625186920166
E564Q:R588P,-5.316382884979248
E564Q:S580D,-9.695895195007324
E564Q:S580D:N587T,-12.271278381347656
E564Q:S580Y,-12.261384010314941
E564Q:T568R:T573F:Y576W:T581D:Q584H:R585P:N587S:R588G,-33.434471130371094
E564Q:T573F:Q584H:R585P,-18.204904556274414
E564Q:T573F:S580D:N587T:R588Y,-16.696945190429688
E564Q:T573F:T581D:Q584H:R585P:N587S,-22.06231689453125
E564Q:T573F:T581D:Q584H:R585P:N587S:R588G,-20.358295440673828
E564Q:T573F:Y576W:T581D:Q584H:R585P:N587S:R588G,-21.14881706237793
E564Q:T581P:R585V,-7.972846984863281
E564Q:V571D:S580E:Q584D,-15.685791015625
E564Q:V571W:G586E,-17.666765213012695
E564Q:Y576A,-13.45492172241211
E564V:G577M,-15.468135833740234
E564V:G577W:R588N,-10.910436630249023
E564V:I565G,-15.756425857543945
E564V:I565M,-11.83523178100586
E564V:I565V,-10.017990112304688
E564V:L583D,-6.364105224609375
E564V:N587D,-6.351894378662109
E564V:N587I,-6.9872517585754395
E564V:P570S,-10.269579887390137
E564V:R585M,-5.130669593811035
E564V:R585Q:N587T,-8.530435562133789
E564V:T568K:T573C:R585C:G586K,-29.553974151611328
E564V:T573D,-11.41627025604248
E564V:V571E:Q584E,-9.436912536621094
E564V:V571F,-11.891630172729492
G577A:G586I,-11.744073867797852
G577A:G586W,-15.68485164642334
G577A:N587Y,-12.38298225402832
G577A:Q584I:R585Q:R588F,-8.979242324829102
G577A:Q584R,-15.25709342956543
G577A:R585D:G586T,-11.042524337768555
G577A:R585N,-6.863784313201904
G577A:R585W,-8.603595733642578
G577A:R585Y,-7.3275017738342285
G577C:G586E,-10.366006851196289
G577C:G586R,-16.237035751342773
G577C:L583K,-14.728960037231445
G577C:N587W,-13.970069885253906
G577C:Q584R,-14.965173721313477
G577C:Q584W,-14.605230331420898
G577C:R585W,-8.311676025390625
G577C:R588V,-2.9912829399108887
G577C:S580L,-12.198738098144531
G577C:S580P,-8.425487518310547
G577C:T581H,-10.919727325439453
G577C:T581N,-9.159881591796875
G577D:G586C,-13.947465896606445
G577D:G586F,-14.388349533081055
G577D:N587D,-8.420621871948242
G577D:N587S,-11.079751968383789
G577D:Q584I,-11.8107271194458
G577D:R585F:G586Q:N587L,-13.001843452453613
G577D:R585N:R588P,-5.7539544105529785
G577D:R588G,-6.423192024230957
G577D:T581D:L583Q:Q584E:R585I:R588Q,-7.84620475769043
G577E:G586P,-11.180537223815918
G577E:G586Q,-14.36095905303955
G577E:Q584E:R588G,-4.584928035736084
G577E:Q584I,-12.131543159484863
G577E:Q584T,-11.960521697998047
G577E:R585V,-6.614372253417969
G577E:R585W,-9.471844673156738
G577E:T581V,-11.905309677124023
G577F:G586D,-11.819083213806152
G577F:G586E,-11.413637161254883
G577F:G586H,-15.47588062286377
G577F:Q584C,-13.67793083190918
G577F:Q584M,-12.592952728271484
G577F:R585D,-7.014830589294434
G577F:R588V,-4.038913249969482
G577F:S580D:L583D:Q584D:R585T:R588E,-6.684637069702148
G577F:S580E,-11.381339073181152
G577H:G586L,-12.630855560302734
G577H:G586P,-11.924062728881836
G577H:L583Q,-13.158824920654297
G577H:Q584Y,-14.54989242553711
G577H:R588G,-7.4875335693359375
G577H:R588W,-9.377219200134277
G577H:T581G,-12.337885856628418
G577I:G586C,-15.315366744995117
G577I:G586E:N587V,-14.194950103759766
G577I:G586L,-12.93441390991211
G577I:L583G,-12.82050895690918
G577I:L583R,-17.12778091430664
G577I:N587A,-12.26154899597168
G577I:N587H,-14.503501892089844
G577I:N587V,-11.116803169250488
G577I:Q584M,-13.752575874328613
G577I:R585E,-7.73280143737793
G577I:R585T,-7.9221882820129395
G577I:R588V,-5.198536396026611
G577I:S580I,-14.346085548400879
G577K:L583F,-15.779191970825195
G577K:N587E,-10.265060424804688
G577K:Q584A,-15.728461265563965
G577K:R585V,-9.959003448486328
G577K:R588N,-10.065488815307617
G577K:S580V,-15.995739936828613
G577L:G586C,-14.92229175567627
G577L:L583E:N587E,-7.906232833862305
G577L:N587A:R588G,-10.164453506469727
G577L:N587M,-11.213729858398438
G577L:Q584D:G586H,-16.15937042236328
G577L:T581F,-12.522809982299805
G577M:G586P,-12.142159461975098
G577M:L583E:Q584L:R585Y:N587D:R588N,-11.250484466552734
G577M:Q584N,-12.985901832580566
G577M:R588G,-7.705630302429199
G577M:S580G,-11.19141960144043
G577M:T581N,-11.281672477722168
G577N:G586D,-11.427809715270996
G577N:G586M,-13.057089805603027
G577N:G586P,-10.676725387573242
G577N:L583F,-11.930747985839844
G577N:N587A,-10.710653305053711
G577N:Q584C,-13.286657333374023
G577N:R585Q,-7.840783596038818
G577N:R585T,-6.371291637420654
G577N:R588E,-4.9214768409729
G577N:R588T,-4.956265449523926
G577N:S580H,-13.598127365112305
G577N:S580V,-12.147296905517578
G577N:T581N:L583I:R585H:R588T,-10.515865325927734
G577P:G586Q,-15.805401802062988
G577P:L583F,-13.879003524780273
G577P:L583M,-13.88216781616211
G577P:Q584G,-13.597295761108398
G577P:Q584I,-13.5759859085083
G577P:Q584T,-13.404964447021484
G577P:R585A,-8.305082321166992
G577P:R585M,-8.964655876159668
G577P:R585N,-9.176475524902344
G577P:S580F:R585E:N587Q,-17.09663963317871
G577P:S580F:R585V,-13.778016090393066
G577P:S580N,-13.480257034301758
G577P:T581G,-13.038803100585938
G577Q:G586A,-14.06580638885498
G577Q:G586A:R588P,-12.408543586730957
G577Q:Q584A,-13.298935890197754
G577Q:Q584S,-13.084972381591797
G577Q:R585D,-8.042474746704102
G577Q:R585F,-9.048443794250488
G577Q:R585L:R588S,-5.803584575653076
G577Q:R588F,-7.1825151443481445
G577Q:R588P,-7.70587158203125
G577Q:S580F:Q584T:G586M,-23.70770263671875
G577Q:S580G,-11.144903182983398
G577Q:S580I,-14.214106559753418
G577Q:S580V,-13.566214561462402
G577Q:T581D:R588K,-12.754647254943848
G577Q:T581E:L583E:N587G:R588L,-7.809447288513184
G577R:G586H,-18.089244842529297
G577R:S580H,-16.602766036987305
G577R:S580P,-12.086483001708984
G577R:S580R:G586L,-22.626264572143555
G577R:T581G,-14.095187187194824
G577R:T581L,-14.756182670593262
G577S:L583E:Q584D:R585F:R588T,-3.944873332977295
G577S:N587A,-9.765214920043945
G577S:Q584A,-10.93458080291748
G577S:Q584C,-12.341219902038574
G577S:Q584C:R588N,-10.614048957824707
G577S:Q584M,-11.256241798400879
G577S:R585Q,-6.895346164703369
G577S:R585S,-5.414222717285156
G577S:S580A:G586P,-12.59512996673584
G577S:S580I,-11.849751472473145
G577S:T581L,-10.806106567382812
G577T:G586A,-13.081585884094238
G577T:G586D,-11.862506866455078
G577T:L583E,-8.710707664489746
G577T:R585C,-7.289045810699463
G577T:S580T,-11.969247817993164
G577T:T581L,-12.186241149902344
G577V:N587F,-13.079202651977539
G577V:N587Y,-13.826007843017578
G577V:Q584C,-14.365245819091797
G577V:Q584D:R585S:N587D:R588P,-5.991337299346924
G577V:Q584L,-12.21788501739502
G577V:R585C,-7.932937145233154
G577V:R588P,-7.365542411804199
G577V:S580R,-17.260913848876953
G577V:S580Y,-14.310543060302734
G577V:T581C,-12.597107887268066
G577W:G586E,-9.657269477844238
G577W:G586E:R588P,-8.000006675720215
G577W:G586P,-9.311631202697754
G577W:L583D:N587H,-11.893131256103516
G577W:L583D:Q584D,-6.801685333251953
G577W:L583D:Q584D:R585P,-7.057328701019287
G577W:L583D:R585N,-6.168747901916504
G577W:L583D:R588Q,-5.583944320678711
G577W:L583E,-6.910916328430176
G577W:L583E:Q584D:G586E:R588Q,-8.605207443237305
G577W:L583P:Q584N:R585D:R588P,-11.751338005065918
G577W:L583Y:Q584Y:R588C,-14.09078598022461
G577W:N587D,-6.872531890869141
G577W:N587E,-5.051523208618164
G577W:N587E:R588N,-3.324352264404297
G577W:N587E:R588P,-3.3942604064941406
G577W:N587Q,-9.826400756835938
G577W:N587S,-9.531661987304688
G577W:N587Y,-11.382326126098633
G577W:Q584D:R588P,-4.838801860809326
G577W:Q584E,-4.420042514801025
G577W:Q584M:R585P,-11.092228889465332
G577W:Q584W,-13.896492958068848
G577W:R585A,-4.991734027862549
G577W:R585D,-5.258462905883789
G577W:R585D:N587E:R588P,-2.0736007690429688
G577W:R585D:R588D,-2.916592597961426
G577W:R585M:N587D:R588Q,-4.643918037414551
G577W:R585P,-6.834766387939453
G577W:R588I,-1.7586164474487305
G577W:R588K,-9.065763473510742
G577W:R588P,-4.9218597412109375
G577W:S580D:L583D:R585T,-8.03406810760498
G577W:S580E:L583G:N587E,-11.422768592834473
G577W:S580E:N587E,-8.097372055053711
G577W:S580E:N587E:R588P,-6.4401092529296875
G577W:S580E:Q584D:N587E:R588P,-6.357051372528076
G577W:S580E:Q584D:R585D:N587E:R588P,-5.036391735076904
G577W:S580E:Q584D:R585P:N587E:R588P,-6.612695217132568
G577W:S580E:R585D:N587E:R588P,-5.119449615478516
G577W:S580E:T581E,-10.478342056274414
G577W:S580L,-11.489999771118164
G577W:S580R,-14.817230224609375
G577W:S580W:L583D:R588Q,-12.660821914672852
G577W:S580W:Q584C,-18.99843978881836
G577W:S580W:Q584C:G586F,-25.259578704833984
G577W:S580W:Q584C:N587Q:R588Q,-20.94491958618164
G577W:S580W:Q584C:R585A:N587H:R588Q,-21.118642807006836
G577W:S580W:Q584C:R585A:N587Q:R588Q,-19.357532501220703
G577W:S580W:Q584C:R585A:R588Q,-16.110254287719727
G577W:S580W:Q584C:R585E:N587Q:R588Q,-19.18260955810547
G577W:S580W:Q584C:R585E:R588Q,-15.935330390930176
G577W:S580W:Q584C:R588P,-17.34117889404297
G577W:S580W:Q584C:R588Q,-17.697643280029297
G577W:S580W:T581E:L583E:Q584C:N587L:R588P,-17.802732467651367
G577W:S580W:T581E:L583E:Q584C:R585I:N587L:R588P,-16.10946273803711
G577W:S580W:T581E:Q584C:N587L:R588P,-17.47093963623047
G577W:S580W:T581E:Q584C:R588P,-18.194547653198242
G577W:S580W:T581H:N587P,-18.01708984375
G577W:S580W:T581Y:L583D:Q584C:R585A:N587H:R588Q,-24.541271209716797
G577W:S580W:T581Y:L583D:Q584C:R585E:N587Q:R588Q,-22.605236053466797
G577W:S580W:T581Y:Q584C:R585A:N587H:R588Q,-24.23564910888672
G577W:S580W:T581Y:Q584C:R585A:N587Q:R588Q,-22.474538803100586
G577W:S580W:T581Y:Q584C:R585E:N587Q:R588Q,-22.29961585998535
G577W:T581E:Q584E:R585H,-5.663517951965332
G577W:T581E:Q584F:N587E:R588P,-9.929035186767578
G577W:T581G,-9.725454330444336
G577W:T581H,-10.210988998413086
G577W:T581Y,-9.69612979888916
G577Y:G586V,-12.316877365112305
G577Y:L583W:N587D,-12.973430633544922
G577Y:N587E:R588S,-4.327033042907715
G577Y:Q584F,-13.53438949584961
G577Y:Q584M,-12.11044692993164
G577Y:Q584S,-11.574822425842285
G577Y:S580I,-12.703956604003906
G577Y:T581F,-11.27375602722168
G586A:N587R,-11.890634536743164
G586A:R588A,-2.501688003540039
G586C:N587C,-10.455911636352539
G586C:N587E,-4.292654037475586
G586C:R588P,-4.162990570068359
G586D:N587D,-3.7770023345947266
G586D:N587E,-1.9559937715530396
G586D:R588E,-0.46085309982299805
G586D:R588G,-1.7795724868774414
G586D:R588I,1.3369131088256836
G586D:R588Q,-2.1827945709228516
G586E:N587D,-3.371556282043457
G586E:N587D:R588A,-1.170572280883789
G586E:N587E,-1.55054771900177
G586E:N587E:R588E,1.4721921682357788
G586E:N587T:R588A,-3.4525465965270996
G586E:N587V,-4.699836730957031
G586E:R588A,-0.8771629333496094
G586E:R588F,-0.8975276947021484
G586E:R588L,2.307842254638672
G586E:R588N,-1.3509759902954102
G586E:R588P,-1.420884132385254
G586E:R588Q,-1.777348518371582
G586E:R588S,-1.0797948837280273
G586E:R588V,1.2184300422668457
G586F:N587H,-11.269525527954102
G586F:N587Q:R588Q,-8.207616806030273
G586F:R588Y,-4.863391876220703
G586H:N587D,-7.433799743652344
G586H:N587Y,-11.943593978881836
G586H:R588G,-5.436369895935059
G586H:R588W,-7.326055526733398
G586K:N587L,-8.386490821838379
G586L:N587P:R588Q,-2.867724895477295
G586L:N587Y,-8.242504119873047
G586L:R588A,-1.2383170127868652
G586L:R588D,-1.09743070602417
G586M:N587A,-7.879309177398682
G586N:N587A,-8.173745155334473
G586N:N587Q,-8.654586791992188
G586N:N587Q:R588E,-5.631847381591797
G586N:R588C,-3.8498072624206543
G586P:N587F,-6.788907051086426
G586P:N587H:R588A,-5.539913177490234
G586P:R588L,2.653480291366577
G586Q:N587M,-8.024621963500977
G586Q:R588C,-4.355428695678711
G586Q:R588Y,-4.515185356140137
G586R:N587L,-8.225566864013672
G586R:N587W,-15.631385803222656
G586R:R588F,-6.768556594848633
G586R:R588S,-6.950823783874512
G586R:R588W,-9.134840965270996
G586S:N587E,-3.134211540222168
G586S:N587E:R588D,-0.7923413515090942
G586T:N587H,-9.791793823242188
G586T:N587T,-7.35878849029541
G586V:R588Q,-3.1630945205688477
G586W:R588F,-5.924452781677246
G586Y:R588Q,-5.234597682952881
G586Y:R588V,-2.238819122314453
I565A:G577I,-17.120311737060547
I565A:N569Q:V571R:Q584T,-28.01862144470215
I565A:N587D,-7.918607711791992
I565A:N587F,-11.681596755981445
I565A:P570F:T573D:R585A:G586C,-25.70502471923828
I565A:R566S,-10.090046882629395
I565A:R585A,-6.0378098487854
I565A:R585D,-6.304538726806641
I565A:R585F,-7.310507774353027
I565A:R588E,-4.602458477020264
I565A:R588P,-5.967935562133789
I565A:S580N,-11.212984085083008
I565A:T573A,-12.036785125732422
I565A:T573N,-12.011833190917969
I565A:Y576G,-14.057056427001953
I565C:G577D:R585T,-13.825052261352539
I565C:G577F,-15.606254577636719
I565C:G577V,-16.293569564819336
I565C:G586R,-16.219940185546875
I565C:G586S,-11.932575225830078
I565C:L583E,-7.602558135986328
I565C:N587E,-5.743165016174316
I565C:N587Y,-12.073966979980469
I565C:P570A,-11.468796730041504
I565C:P570S:R585M:G586R,-19.503219604492188
I565C:Q584C:G586L,-16.052505493164062
I565C:Q584E:R588V,-0.8151073455810547
I565C:Q584N:R588Q,-9.54621696472168
I565C:Q584R,-14.948078155517578
I565C:Q584W,-14.588134765625
I565C:R566N:T581D:R585D:G586V:R588A,-11.788418769836426
I565C:R585N:N587R,-13.742731094360352
I565C:R588C,-5.713262557983398
I565C:S580G,-9.052533149719238
I565C:S580T:T581G:G586L:N587C:R588I,-17.261882781982422
I565C:T573E,-12.836088180541992
I565C:T573V:G577Q,-21.357093811035156
I565C:T581D,-8.175636291503906
I565C:V571C:L583W:N587D:R588H,-15.120489120483398
I565C:V571C:S580D:L583W,-18.16339874267578
I565C:V571F,-13.10390853881836
I565C:Y576H:G586P,-14.303321838378906
I565C:Y576T,-13.978185653686523
I565D:G586R,-20.201759338378906
I565D:L583K,-18.693683624267578
I565D:L583Q,-15.219854354858398
I565D:N569E,-20.293148040771484
I565D:N587M,-13.364274978637695
I565D:P570Q,-19.081954956054688
I565D:P570R,-21.127582550048828
I565D:Q584C,-16.59502410888672
I565D:Q584P,-16.630037307739258
I565D:R566F,-16.612045288085938
I565D:R566S,-13.717432022094727
I565D:R585K,-13.849882125854492
I565D:S580P,-12.39021110534668
I565D:T573G,-14.767041206359863
I565D:T581C,-14.826886177062988
I565D:T581N,-13.124605178833008
I565D:V571S:Y576H:T581E,-19.525501251220703
I565D:Y576A,-17.73386001586914
I565D:Y576C,-15.402521133422852
I565E:G577S,-17.251258850097656
I565E:G586A,-14.95515251159668
I565E:N587Q,-13.49975872039795
I565E:N587S,-13.205018997192383
I565E:P570W,-20.65766143798828
I565E:Q584R,-17.929794311523438
I565E:R566F,-15.611943244934082
I565E:R566K,-13.458230018615723
I565E:R566S,-12.717329025268555
I565E:R585Q,-10.1490478515625
I565E:R585S,-8.667923927307129
I565E:R585V,-8.418824195861816
I565E:R588S,-8.254128456115723
I565E:S580Q,-15.259547233581543
I565E:T568S,-16.359619140625
I565E:T573L,-15.818111419677734
I565E:T573N,-14.639114379882812
I565E:T581F,-13.67325210571289
I565E:T581N,-12.124502182006836
I565E:V571A,-14.592574119567871
I565E:V571R,-18.209827423095703
I565E:V571S,-13.371978759765625
I565E:Y576C,-14.40241813659668
I565E:Y576D:G577D:R585S,-25.282974243164062
I565E:Y576H,-14.552529335021973
I565E:Y576I,-17.353702545166016
I565E:Y576K,-20.470745086669922
I565E:Y576T:S580T:L583E:Q584Y:R588L,-20.854379653930664
I565F:G577N,-16.224849700927734
I565F:G577P:G586P,-20.90561294555664
I565F:G577R,-19.229488372802734
I565F:G577S,-15.279411315917969
I565F:G577T,-16.6595458984375
I565F:G586K,-17.390731811523438
I565F:N587H,-13.289020538330078
I565F:N587R,-15.468594551086426
I565F:Q584M,-12.538094520568848
I565F:R566E,-14.100704193115234
I565F:R566E:P570K:Q584A,-28.047771453857422
I565F:R585F,-7.965941429138184
I565F:R585T,-6.707706928253174
I565F:R588A,-6.079648017883301
I565F:S580C,-12.660273551940918
I565F:T568K:G577Y,-28.255277633666992
I565F:V571N:Y576A,-19.607397079467773
I565F:V571R,-16.237977981567383
I565F:Y576E,-16.730628967285156
I565F:Y576T,-14.988052368164062
I565G:G577L,-18.79998016357422
I565G:G577M,-19.10759162902832
I565G:G586R,-18.647117614746094
I565G:N587I,-10.626707077026367
I565G:N587V,-11.31963062286377
I565G:Q584I:R585S:G586C,-17.61715316772461
I565G:R566F,-15.057403564453125
I565G:R566N,-12.368474006652832
I565G:R566N:T573K,-20.36935806274414
I565G:R588E,-6.675200939178467
I565G:R588T,-6.709989547729492
I565G:S580D,-12.420190811157227
I565G:S580K:T581N:L583I:G586L,-26.39092254638672
I565G:T568H,-21.250261306762695
I565G:T568M,-18.781761169433594
I565G:T581G,-12.84427261352539
I565G:T581N,-11.569962501525879
I565G:V571N,-14.54343032836914
I565G:Y576C,-13.847878456115723
I565H:G577V:R585E:N587H:R588T,-19.795686721801758
I565H:G577Y,-18.367740631103516
I565H:L583C,-14.879741668701172
I565H:N587G,-13.161894798278809
I565H:P570K,-20.526023864746094
I565H:Q584F,-16.196163177490234
I565H:R566D,-16.85869598388672
I565H:R566P,-18.60030746459961
I565H:R585H,-10.904862403869629
I565H:R585I,-8.82148551940918
I565H:T568K,-22.636417388916016
I565H:T573Y,-15.958732604980469
I565H:T581G,-13.661088943481445
I565H:T581Y,-13.63176441192627
I565H:V571D,-16.264110565185547
I565H:V571K,-18.49039077758789
I565H:V571Q,-16.47502899169922
I565H:Y576L,-17.550636291503906
I565H:Y576W,-11.305280685424805
I565K:G577C:Q584R,-26.776519775390625
I565K:G586L,-15.250646591186523
I565K:G586T,-16.594749450683594
I565K:N587Y,-16.614547729492188
I565K:Q584S,-15.533183097839355
I565K:R566Q,-15.758760452270508
I565K:S580F,-17.530546188354492
I565K:S580K,-19.89553451538086
I565K:S580V,-16.01442527770996
I565K:S580W,-18.888221740722656
I565K:T568V,-18.626907348632812
I565K:V571N,-16.65683364868164
I565K:V571Q,-17.771617889404297
I565L:G586E:R588A,-4.701279640197754
I565L:L583F,-7.810647964477539
I565L:L583F:N587D,-8.104057312011719
I565L:L583I,-7.121588706970215
I565L:L583Q,-7.791386604309082
I565L:L583V:Q584T:R588A,-8.447575569152832
I565L:N587C,-8.4597749710083
I565L:N587E,-2.2965173721313477
I565L:N587G,-6.471254348754883
I565L:N587S,-6.776655197143555
I565L:N587T,-6.399499893188477
I565L:N587Y,-8.6273193359375
I565L:P570C:Y576C:T581E:R585S:N587T,-13.527116775512695
I565L:P570R,-13.699115753173828
I565L:Q584T:R588Q,-6.035810947418213
I565L:R566A,-7.699970245361328
I565L:R566A:R585H,-8.090076446533203
I565L:R566A:R585H:N587E,-6.56247615814209
I565L:R566H,-7.422524452209473
I565L:R566H:T573F,-13.24593448638916
I565L:R566K:Y576W:T581V:G586L,-14.716970443725586
I565L:R585G:N587E:R588C,2.9181878566741943
I565L:R585P,-4.079760551452637
I565L:R585S:R588F,-0.05894064903259277
I565L:R588F,-1.6434972286224365
I565L:R588L,1.5618727207183838
I565L:S580A:Q584N:G586F:R588S,-14.526994705200195
I565L:S580E,-6.869965553283691
I565L:S580G,-5.6058855056762695
I565L:S580G:Q584F,-11.287290573120117
I565L:S580G:R588D,-3.2640151977539062
I565L:S580G:R588W,-5.791550636291504
I565L:S580W,-10.900994300842285
I565L:T568K,-15.94577693939209
I565L:T568R,-16.109771728515625
I565L:T568V,-10.639679908752441
I565L:T573C,-7.1777143478393555
I565L:T573G,-7.338574409484863
I565L:T573Y:S580D:Q584L,-15.185420989990234
I565L:T581D:R585Q:R588L,0.7604341506958008
I565L:T581E,-4.677486419677734
I565L:T581E:G586L,-8.11678695678711
I565L:T581E:N587G,-7.324624538421631
I565L:T581L,-7.631443977355957
I565L:V571A,-8.164210319519043
I565L:V571C,-7.167464256286621
I565L:V571D,-9.573470115661621
I565L:V571D:L583Q:N587G,-16.187877655029297
I565L:V571I:G586P,-10.497398376464844
I565L:V571T:S580P,-6.183300971984863
I565L:Y576F,-6.888340950012207
I565L:Y576F:R585P:N587T,-9.719367980957031
I565M:G577V:L583V,-18.111501693725586
I565M:G586E,-8.854893684387207
I565M:G586N,-11.18405532836914
I565M:L583I,-9.07421875
I565M:L583M,-9.766443252563477
I565M:L583T,-8.979854583740234
I565M:P570C,-9.485611915588379
I565M:P570S,-9.987841606140137
I565M:R566C:N569Q,-16.457157135009766
I565M:R566K,-8.98249626159668
I565M:R566Y:S580P,-11.365970611572266
I565M:R566Y:S580P:Q584P,-16.743423461914062
I565M:R588D,-3.4348764419555664
I565M:S580P,-6.914373874664307
I565M:T568H,-17.32906723022461
I565M:V571F,-11.609891891479492
I565M:V571T,-6.99830436706543
I565M:Y576V,-12.72312068939209
I565M:Y576W,-6.567269802093506
I565P:G586S,-14.454771041870117
I565P:G586W,-17.898033142089844
I565P:P570K,-19.80422592163086
I565P:Q584M:R588P,-12.393159866333008
I565P:R566P:G577A,-25.458290100097656
I565P:R585P,-10.048604011535645
I565P:R588C,-8.235458374023438
I565P:R588F,-7.612340927124023
I565P:T573L,-15.358591079711914
I565P:V571D,-15.542313575744629
I565Q:G577C,-16.903579711914062
I565Q:G577T,-17.9946346282959
I565Q:G586E:N587D,-12.987277030944824
I565Q:L583D,-9.921340942382812
I565Q:L583W,-14.442758560180664
I565Q:N587Y,-14.418924331665039
I565Q:P570W,-20.020902633666992
I565Q:Q584C,-14.958161354064941
I565Q:Q584M,-13.873183250427246
I565Q:Q584Y,-14.974059104919434
I565Q:R566A:G577W:S580E:Q584C:R588F,-26.27836799621582
I565Q:R566L,-14.2861909866333
I565Q:R566Y,-14.067317008972168
I565Q:R585D,-8.295061111450195
I565Q:R588F,-7.435101509094238
I565Q:S580Q,-14.622787475585938
I565Q:T568H,-21.168041229248047
I565Q:T568L,-18.665363311767578
I565Q:T568N:G577L:L583G:N587R,-37.875999450683594
I565Q:T573C,-12.969318389892578
I565Q:T573E,-15.18104362487793
I565Q:T573P,-17.451847076416016
I565Q:T573V:T581E:N587D:R588G,-13.781673431396484
I565Q:T581D,-10.52059268951416
I565Q:T581H,-13.247587203979492
I565Q:V571H,-16.212081909179688
I565Q:Y576D:G577Q:Q584I:R588Q,-29.849411010742188
I565Q:Y576G,-16.047578811645508
I565R:G577S,-18.787681579589844
I565R:G586M,-16.901775360107422
I565R:L583H,-16.326385498046875
I565R:N587G,-14.436038970947266
I565R:N587K,-18.27370834350586
I565R:P570A,-15.986933708190918
I565R:P570D,-20.958595275878906
I565R:R566H:Y576N:G577R,-33.1248664855957
I565R:R566P,-19.874452590942383
I565R:R585P,-12.04454517364502
I565R:R585Q,-11.685468673706055
I565R:R588F,-9.608282089233398
I565R:T573E:R585Q:N587R,-24.43875503540039
I565R:V571H,-18.385263442993164
I565R:V571R,-19.746246337890625
I565R:Y576G,-18.220760345458984
I565R:Y576M:N587I,-19.542823791503906
I565R:Y576P,-21.487384796142578
I565S:G577A,-16.00338363647461
I565S:G586S,-13.085415840148926
I565S:L583M,-12.413301467895508
I565S:N569Q,-17.34718894958496
I565S:N587F,-12.480003356933594
I565S:N587T,-10.99898910522461
I565S:P570N,-15.538040161132812
I565S:Q584L,-11.618684768676758
I565S:Q584R:G586E,-19.179065704345703
I565S:R566C:G586V,-14.64432430267334
I565S:R566C:N569K:G586V,-24.491783142089844
I565S:R566H,-12.022012710571289
I565S:R566P:V571R:R585S,-22.88194465637207
I565S:R585W,-9.447421073913574
I565S:R588F,-6.242985725402832
I565S:S580W:N587H,-20.50887107849121
I565S:T568P,-20.09540367126465
I565S:T568R,-20.709260940551758
I565S:V571W,-16.038578033447266
I565S:Y576V,-15.369978904724121
I565S:Y576W,-9.214128494262695
I565T:G577W,-13.045206069946289
I565T:G586P,-9.198592185974121
I565T:L583I,-9.763555526733398
I565T:N587S,-9.418622970581055
I565T:Q584E,-4.307003498077393
I565T:Q584S:R588L,-4.801932334899902
I565T:Q584Y:R585W,-12.848237991333008
I565T:R566A,-10.341938018798828
I565T:R566A:G586P,-13.074445724487305
I565T:R566E,-12.286155700683594
I565T:R585N:R588C,-4.192586421966553
I565T:R585Q,-6.362650394439697
I565T:R588I,-1.6455774307250977
I565T:R588Q,-5.165285110473633
I565T:R588T,-3.478132486343384
I565T:S580A:G586Q,-15.2428560256958
I565T:T568R:Y576I:S580H:L583H,-36.04435729980469
I565T:T573G,-9.980541229248047
I565T:T581C,-10.040386199951172
I565T:T581E:R588P,-5.662190914154053
I565T:T581N,-8.338105201721191
I565T:V571G:G586M,-17.220260620117188
I565T:Y576F,-9.53030776977539
I565V:G577A,-11.539284706115723
I565V:G586E:R588Y,-5.639906883239746
I565V:G586L,-7.398805618286133
I565V:G586L:R588L,-2.0128166675567627
I565V:L583D:Q584D,-4.182067394256592
I565V:L583D:R585D:R588N,-1.217294692993164
I565V:L583P,-8.533391952514648
I565V:N569E,-13.000069618225098
I565V:N587E,-2.431905746459961
I565V:N587M,-6.071196556091309
I565V:P570C:V571I:T573V:N587T:R588F,-16.727100372314453
I565V:P570S,-8.170599937438965
I565V:Q584D,-3.8764469623565674
I565V:Q584E,-1.8004248142242432
I565V:Q584E:R585V,0.033231496810913086
I565V:Q584F,-9.640910148620605
I565V:Q584H:R585T:N587E:R588C,-4.453683376312256
I565V:Q584P,-9.336958885192871
I565V:R566K,-7.165254592895508
I565V:R566K:T568V,-13.980817794799805
I565V:R566S:T568V:T581N:R585V,-13.278282165527344
I565V:R566V,-7.489276885986328
I565V:R566V:N587T,-10.06466007232666
I565V:R566V:R585H,-7.879382133483887
I565V:R566V:Y576F:N587P:R588Q,-9.981925964355469
I565V:R585M:R588L,2.354299783706665
I565V:R585P,-4.21514892578125
I565V:R585Q,-3.856071710586548
I565V:R585Q:G586M,-8.968944549560547
I565V:R585S,-2.374948263168335
I565V:R588D,-1.6176345348358154
I565V:R588I,0.8610012531280518
I565V:R588N,-2.2323338985443115
I565V:R588Q,-2.6587064266204834
I565V:S580A,-6.823347091674805
I565V:S580A:G586L:N587P:R588Q,-9.691072463989258
I565V:S580A:R585H,-7.213452339172363
I565V:S580A:T581N:Q584E,-6.536288261413574
I565V:S580C:T581N,-10.21116828918457
I565V:S580D:R588Y,-5.284008979797363
I565V:S580E:Q584D,-6.922295570373535
I565V:S580G:T581N,-7.613295078277588
I565V:T568G,-13.99834156036377
I565V:T568V,-10.775068283081055
I565V:T568V:G586L:N587P,-14.943592071533203
I565V:T568V:L583W,-15.602105140686035
I565V:T568V:L583W:R585D,-14.28144645690918
I565V:T568V:Q584E,-8.615987777709961
I565V:T568V:R585V,-8.941411972045898
I565V:T568V:V571D:R585G:N587G:R588I,-10.693849563598633
I565V:T568V:V571I:S580G:L583D,-16.80323028564453
I565V:T568W,-16.15384864807129
I565V:T581D:R585S,-3.279820203781128
I565V:T581E,-4.812874794006348
I565V:V571C:Y576F:S580A,-13.230918884277344
I565V:V571E:Q584E:N587E,-5.810332775115967
I565V:V571F:R585H,-10.182754516601562
I565V:Y576A,-10.440780639648438
I565V:Y576D,-12.447342872619629
I565V:Y576F,-7.02372932434082
I565V:Y576F:S580G:T581D:N587P,-10.439592361450195
I565V:Y576K:N587Y,-18.980972290039062
I565V:Y576W:Q584I:N587E:R588I,-2.085437059402466
I565W:G577E,-20.019695281982422
I565W:G577L:Q584M,-24.931167602539062
I565W:G577S:T581K:G586A,-30.40441131591797
I565W:G586F,-17.832801818847656
I565W:G586Y,-18.1070613861084
I565W:N587G:R588L,-8.83281421661377
I565W:N587M,-13.683357238769531
I565W:P570V,-16.46247100830078
I565W:R566G,-14.115477561950684
I565W:R585D,-10.251006126403809
I565W:S580I,-16.422637939453125
I565W:T568Y,-22.11792755126953
I565W:T581H,-15.203533172607422
I565W:T581Y,-14.68867301940918
I565W:Y576P,-21.27014923095703
I565Y:G586M,-14.760967254638672
I565Y:G586S,-14.309905052185059
I565Y:L583G,-12.973489761352539
I565Y:N569Q,-18.571678161621094
I565Y:N587M,-11.759786605834961
I565Y:N587Q,-12.89537239074707
I565Y:N587R,-16.836055755615234
I565Y:Q584L,-12.84317398071289
I565Y:S580D,-12.370344161987305
I565Y:S580I:R588I,-9.678560256958008
I565Y:S580T,-13.238428115844727
I565Y:T568A,-17.91394805908203
I565Y:T568K,-21.76975440979004
I565Y:T568R:Y576L:G577W:R585H,-35.93885803222656
I565Y:T568W,-21.842437744140625
I565Y:T573G:S580P:N587P,-15.029401779174805
I565Y:T573N,-14.03472900390625
I565Y:T581Y:Q584G:R585P:R588G,-15.021549224853516
I565Y:Y576Q:L583C:R588W,-21.806793212890625
I565Y:Y576W,-10.438617706298828
L583A:G586R,-12.52682113647461
L583A:G586Y,-10.113040924072266
L583A:Q584F,-9.259050369262695
L583A:R585A:R588A,0.21072769165039062
L583A:R588D,-1.2357745170593262
L583A:R588I,1.242861270904541
L583C:N587D,-4.658393859863281
L583C:Q584G,-8.069808959960938
L583C:Q584W,-11.682354927062988
L583C:R585H:R588H,-4.141020774841309
L583C:R585P:R588T,-1.6326773166656494
L583C:R588A,-2.1640005111694336
L583C:R588K,-6.851625442504883
L583D:G586D,-3.7892134189605713
L583D:G586E,-3.3837673664093018
L583D:G586E:N587D,-3.6771767139434814
L583D:G586E:R588I,1.4367389678955078
L583D:N587D:R588A,1.6019542217254639
L583D:N587E,1.221978783607483
L583D:N587E:R588P,2.879241466522217
L583D:N587E:R588S,3.2203307151794434
L583D:N587E:R588W,1.0363136529922485
L583D:N587G,-2.9527580738067627
L583D:N587T,-2.8810040950775146
L583D:N587Y,-5.108823776245117
L583D:Q584A,-4.241421699523926
L583D:Q584A:R588T,-1.2534706592559814
L583D:Q584C,-5.6480607986450195
L583D:Q584C:R585A:R588I,0.759833812713623
L583D:Q584C:R585H,-6.038166046142578
L583D:Q584C:R585I:R588A,-1.75380539894104
L583D:Q584D,-0.22256255149841309
L583D:Q584D:G586E:N587D,-3.59411883354187
L583D:Q584D:N587E:R588D,3.646907091140747
L583D:Q584D:N587E:R588E,4.327776908874512
L583D:Q584D:R585A:G586D:R588W,-2.3044321537017822
L583D:Q584D:R585D:N587E:R588W,2.4400312900543213
L583D:Q584D:R585E:R588F,3.7203683853149414
L583D:Q584D:R585I,1.4707088470458984
L583D:Q584D:R585P:N587E:R588A,3.2503767013549805
L583D:Q584D:R585P:N587E:R588L,6.43538236618042
L583D:Q584D:R585P:R588G,1.2258141040802002
L583D:Q584D:R585P:R588W,-0.6638715267181396
L583D:Q584D:R585S:N587E:R588N,4.616764068603516
L583D:Q584D:R585V:N587E:R588P,4.795955657958984
L583D:Q584D:R588W,-0.40822768211364746
L583D:Q584E,1.8534595966339111
L583D:Q584E:G586E:N587E,0.3029118776321411
L583D:Q584E:N587E,3.381058692932129
L583D:Q584E:R585D,3.174119234085083
L583D:Q584E:R585F:G586E:N587D:R588S,0.7949459552764893
L583D:Q584E:R585F:N587E,3.695749282836914
L583D:Q584E:R585I,3.5467309951782227
L583D:Q584E:R585I:G586E,0.4685840606689453
L583D:Q584E:R585I:R588N,5.27390193939209
L583D:Q584E:R585N,2.5694549083709717
L583D:Q584E:R585S,3.438016176223755
L583D:Q584E:R585S:N587E:R588F,7.146234512329102
L583D:Q584E:R585T:N587E,4.953984260559082
L583D:Q584E:R585V,3.6871159076690674
L583D:Q584E:R585V:R588E,6.709856033325195
L583D:Q584E:R585V:R588W,3.501450777053833
L583D:Q584E:R585W:N587E:R588E,5.379982948303223
L583D:Q584E:R588C,3.410961389541626
L583D:Q584E:R588D,4.195329666137695
L583D:Q584E:R588F,4.034078598022461
L583D:Q584E:R588G,3.5574800968170166
L583D:Q584F,-5.987025260925293
L583D:Q584F:R585D,-4.666365623474121
L583D:Q584I:R585M:R588D,-0.7194490432739258
L583D:Q584I:R588G,-2.285114288330078
L583D:Q584L,-3.500699996948242
L583D:Q584L:N587E,-1.9731007814407349
L583D:Q584L:N587E:R588A,0.22788333892822266
L583D:Q584L:R585T:N587E,-0.4001755714416504
L583D:Q584M:R585Q:R588Y,-3.0619044303894043
L583D:Q584M:R585T:N587D,-3.283566951751709
L583D:Q584N,-3.881871223449707
L583D:Q584N:N587D,-4.175280570983887
L583D:Q584T:R588P,-2.1608505249023438
L583D:R585A:N587D,0.988358736038208
L583D:R585D,1.0150392055511475
L583D:R585D:N587E,2.5426383018493652
L583D:R585D:N587E:R588D,4.884509086608887
L583D:R585D:N587E:R588W,2.356973171234131
L583D:R585D:R588I,5.835545539855957
L583D:R585D:R588P,2.672302007675171
L583D:R585E:R588C,3.014193058013916
L583D:R585F:N587E:R588E,4.559409141540527
L583D:R585G,3.3515827655792236
L583D:R585G:G586M,-1.7612900733947754
L583D:R585G:R588F,5.532201766967773
L583D:R585H,-0.695725679397583
L583D:R585H:N587E,0.8318735361099243
L583D:R585H:R588L,4.690263748168945
L583D:R585I,1.387650966644287
L583D:R585I:N587E,2.915250301361084
L583D:R585I:N587E:R588I,7.7357563972473145
L583D:R585L,1.2555773258209229
L583D:R585L:N587D:R588F,3.142787218093872
L583D:R585L:R588D,3.597447633743286
L583D:R585M:N587E:R588V,6.446371078491211
L583D:R585M:R588D,2.9640653133392334
L583D:R585N,0.41037487983703613
L583D:R585N:G586T:N587E:R588G,-1.1414101123809814
L583D:R585P,-0.5612642765045166
L583D:R585P:N587D,-0.8546736240386963
L583D:R585P:N587E:R588D,3.3082053661346436
L583D:R585Q,-0.20218729972839355
L583D:R585Q:N587E,1.3254119157791138
L583D:R585Q:R588V,4.094389915466309
L583D:R585S:G586D,-2.2046568393707275
L583D:R585S:R588T,4.266887187957764
L583D:R585T,1.2673046588897705
L583D:R585T:R588E,4.290044784545898
L583D:R585V,1.5280358791351318
L583D:R585V:G586E:N587D:R588C,-0.28601861000061035
L583D:R585V:N587D:R588C,2.792128324508667
L583D:R585V:R588C,3.0855376720428467
L583D:R588A,1.8953635692596436
L583D:R588C,1.2518813610076904
L583D:R588D,2.036249876022339
L583D:R588E,2.7171194553375244
L583D:R588F,1.8749988079071045
L583D:R588G,1.398400068283081
L583D:R588I,4.514885902404785
L583D:R588N,1.4215505123138428
L583D:R588P,1.351642370223999
L583D:R588Q,0.9951779842376709
L583D:R588T,2.68233060836792
L583D:R588V,3.9909565448760986
L583D:R588W,-0.4912855625152588
L583D:R588Y,1.0921247005462646
L583E:G586E,-3.4099409580230713
L583E:G586E:N587E,-1.882341742515564
L583E:G586E:R588S,-1.4115889072418213
L583E:G586T,-5.115199089050293
L583E:N587D,-0.6252033710479736
L583E:N587E,1.1958051919937134
L583E:N587E:R588S,3.194157123565674
L583E:N587F,-4.388192176818848
L583E:N587H,-5.340182304382324
L583E:N587M,-2.443485975265503
L583E:N587T,-2.907177686691284
L583E:N587T:R588Q,-1.6063792705535889
L583E:N587T:R588S,-0.9088256359100342
L583E:Q584A:R585Q,-4.1641621589660645
L583E:Q584C:R585A:G586M,-9.199718475341797
L583E:Q584C:R585N:R588F,-2.7776198387145996
L583E:Q584C:R585Q,-5.570801734924316
L583E:Q584C:R585Q:R588A,-3.3698172569274902
L583E:Q584C:R585Q:R588F,-3.3901820182800293
L583E:Q584C:R585T,-4.101309776306152
L583E:Q584D:N587M,-2.3604280948638916
L583E:Q584D:R585N,0.46725916862487793
L583E:Q584D:R585T,1.3241889476776123
L583E:Q584D:R585T:N587E:R588W,2.666123151779175
L583E:Q584D:R585W:R588Q,0.028246164321899414
L583E:Q584E,1.8272860050201416
L583E:Q584E:N587D,1.533876657485962
L583E:Q584E:R585I,3.520557403564453
L583E:Q584E:R585S,3.4118425846099854
L583E:Q584E:R585T:N587T,0.8248274326324463
L583E:Q584E:R585T:R588P,5.057474136352539
L583E:Q584L:G586E,-6.605020523071289
L583E:Q584L:R585P:G586D:N587E:R588F,-3.557891845703125
L583E:Q584M,-4.589256286621094
L583E:Q584M:N587D,-4.882665634155273
L583E:Q584M:N587D:R588Q,-3.581867218017578
L583E:Q584M:R585G,-0.9320533275604248
L583E:Q584M:R585I:R588Q,-1.595186471939087
L583E:Q584M:R585I:R588W,-3.0816500186920166
L583E:Q584M:R585L,-3.0280587673187256
L583E:Q584M:R585L:R588A,-0.8270745277404785
L583E:Q584M:R585Q,-4.485823631286621
L583E:Q584M:R585Q:R588A,-2.284839153289795
L583E:Q584M:R585Q:R588F,-2.305203914642334
L583E:Q584M:R585Q:R588W,-4.671488285064697
L583E:Q584M:R585T:N587D:R588Q,-2.0089423656463623
L583E:Q584M:R585T:R588Q,-1.7155327796936035
L583E:Q584M:R585V,-2.7556002140045166
L583E:Q584M:R588A,-2.388272523880005
L583E:Q584M:R588F,-2.408637285232544
L583E:Q584M:R588W,-4.774921417236328
L583E:Q584N:R585A,-2.3206562995910645
L583E:R585D,0.9888656139373779
L583E:R585D:N587E,2.5164647102355957
L583E:R585D:N587E:R588S,4.514817237854004
L583E:R585E:R588P,3.087780475616455
L583E:R585F,-0.01710343360900879
L583E:R585F:R588A,2.183880567550659
L583E:R585F:R588G,1.6869170665740967
L583E:R585F:R588V,4.279473304748535
L583E:R585G:R588I,8.145915985107422
L583E:R585G:R588Q,4.62620735168457
L583E:R585G:R588S,5.323760986328125
L583E:R585H,-0.7218992710113525
L583E:R585H:R588D,1.6199710369110107
L583E:R585H:R588E,2.3008406162261963
L583E:R585H:R588F,1.4587199687957764
L583E:R585H:R588I,4.098607063293457
L583E:R585H:R588L,4.664090156555176
L583E:R585H:R588Q,0.5788991451263428
L583E:R585I,1.3614773750305176
L583E:R585I:N587T:R588L,4.172082901000977
L583E:R585I:R588A,3.5624613761901855
L583E:R585I:R588E,4.384217262268066
L583E:R585I:R588F,3.5420966148376465
L583E:R585I:R588G,3.065497875213623
L583E:R585I:R588N,3.0886483192443848
L583E:R585I:R588Q,2.662275791168213
L583E:R585I:R588V,5.658054351806641
L583E:R585L,1.2294037342071533
L583E:R585L:N587E,2.757002830505371
L583E:R585L:N587E:R588Y,4.15474796295166
L583E:R585L:N587T,-1.345979928970337
L583E:R585L:R588A,3.4303877353668213
L583E:R585L:R588E,4.252143859863281
L583E:R585L:R588F,3.4100229740142822
L583E:R585L:R588G,2.933424234390259
L583E:R585L:R588H,1.8434727191925049
L583E:R585L:R588I,6.049910068511963
L583E:R585L:R588L,6.615393161773682
L583E:R585L:R588N,2.9565746784210205
L583E:R585L:R588Q,2.5302021503448486
L583E:R585L:R588V,5.5259809494018555
L583E:R585M:R588W,0.4103562831878662
L583E:R585N,0.3842012882232666
L583E:R585N:R588A,2.5851852893829346
L583E:R585N:R588E,3.4069411754608154
L583E:R585N:R588F,2.5648205280303955
L583E:R585N:R588G,2.088221788406372
L583E:R585N:R588H,0.9982702732086182
L583E:R585N:R588I,5.204707622528076
L583E:R585N:R588L,5.770190715789795
L583E:R585N:R588N,2.111372232437134
L583E:R585N:R588Q,1.684999704360962
L583E:R585N:R588S,2.3825533390045166
L583E:R585N:R588V,4.680778503417969
L583E:R585P,-0.5874378681182861
L583E:R585P:R588E,2.4353020191192627
L583E:R585P:R588S,1.4109141826629639
L583E:R585Q,-0.22836089134216309
L583E:R585Q:N587D,-0.5217702388763428
L583E:R585Q:R588A,1.9726231098175049
L583E:R585Q:R588E,2.7943789958953857
L583E:R585Q:R588F,1.9522583484649658
L583E:R585Q:R588H,0.3857080936431885
L583E:R585Q:R588I,4.5921454429626465
L583E:R585Q:R588L,5.157628536224365
L583E:R585Q:R588N,1.498810052871704
L583E:R585Q:R588Q,1.0724375247955322
L583E:R585Q:R588S,1.769991159439087
L583E:R585Q:R588V,4.068216323852539
L583E:R585S,1.2527625560760498
L583E:R585T,1.241131067276001
L583E:R585T:R588F,3.42175030708313
L583E:R585V,1.5018622875213623
L583E:R585V:R588Q,2.8026607036590576
L583E:R585W,-1.3556101322174072
L583E:R585W:G586E,-4.4337568283081055
L583E:R585W:N587E,0.1719890832901001
L583E:R585W:R588L,4.030379295349121
L583E:R585Y:N587D,-0.3729255199432373
L583E:R585Y:R588C,1.4779856204986572
L583E:R588A,1.869189977645874
L583E:R588D,2.0100762844085693
L583E:R588E,2.690945863723755
L583E:R588F,1.848825216293335
L583E:R588G,1.3722264766693115
L583E:R588H,0.2822749614715576
L583E:R588I,4.488712310791016
L583E:R588N,1.3953769207000732
L583E:R588Q,0.9690043926239014
L583E:R588S,1.666558027267456
L583E:R588V,3.964782953262329
L583E:R588W,-0.5174591541290283
L583E:R588Y,1.0659511089324951
L583F:G586F,-10.247669219970703
L583F:G586Q,-9.89946174621582
L583F:G586R,-12.935707092285156
L583F:G586T,-8.769936561584473
L583F:G586Y,-10.521927833557129
L583F:N587S,-6.939070701599121
L583F:Q584N:R588G,-5.858761787414551
L583F:Q584S:R585L,-6.147171974182129
L583F:Q584Y,-9.344869613647461
L583F:R585E,-2.224220037460327
L583F:R585I,-2.293260335922241
L583F:R585K,-6.583829879760742
L583F:R585W,-5.010347843170166
L583G:G586C,-9.145648956298828
L583G:G586D:N587E,-5.2813897132873535
L583G:G586E,-6.403542995452881
L583G:G586P,-6.057905197143555
L583G:N587E,-1.7977968454360962
L583G:N587E:R588S,0.2005552053451538
L583G:N587G,-5.972533702850342
L583G:N587I,-4.254162788391113
L583G:N587L:R588P,-0.9445241689682007
L583G:Q584A,-7.261197090148926
L583G:Q584C,-8.667837142944336
L583G:Q584D:R585D:N587E:R588T,2.593871831893921
L583G:Q584F:R585G:N587P:R588W,-6.264485836029053
L583G:Q584G:R585L:N587F,-9.525420188903809
L583G:Q584I,-7.008910179138184
L583G:Q584L,-6.520475387573242
L583G:Q584L:R585A:N587E:R588A,-1.2045035362243652
L583G:Q584L:R585Q:N587E,-4.8894429206848145
L583G:Q584T,-6.837888717651367
L583G:R585L:R588W,-1.9498634338378906
L583G:R585Q,-3.2219629287719727
L583G:R585S:R588L,3.6451497077941895
L583G:R588I,1.495110034942627
L583G:R588P,-1.66813325881958
L583G:R588T,-0.3374450206756592
L583H:G586V,-9.001378059387207
L583H:Q584P,-9.914938926696777
L583H:Q584W,-11.85485553741455
L583H:R585E,-2.7751734256744385
L583H:R585V,-2.703828811645508
L583I:G586C:N587M,-11.22941780090332
L583I:G586E:R588N,-4.648448467254639
L583I:G586T,-8.080877304077148
L583I:N587E,-1.7698732614517212
L583I:N587G,-5.944610118865967
L583I:N587T,-5.872856140136719
L583I:Q584E,-1.138392448425293
L583I:Q584L,-6.492551803588867
L583I:Q584S,-7.019309997558594
L583I:Q584S:R585V:G586I:R588Q,-8.049148559570312
L583I:R585A,-1.7100839614868164
L583I:R585I,-1.604201078414917
L583I:R585N:R588A,-0.3804931640625
L583I:R588Y,-1.8997273445129395
L583K:N587E,-5.913500785827637
L583K:N587R,-14.62906265258789
L583K:N587W,-14.123310089111328
L583K:Q584L,-10.63617992401123
L583K:R585D:R588P,-4.463177680969238
L583K:R585Y,-7.188822269439697
L583K:R588L,-2.0551109313964844
L583M:Q584I,-7.673210144042969
L583M:Q584I:G586D,-11.156803131103516
L583M:Q584R,-11.667009353637695
L583P:G586E,-7.652034282684326
L583P:G586E:R588A,-5.451050281524658
L583P:N587D,-4.8672966957092285
L583P:N587D:R588N,-3.1401257514953613
L583P:N587D:R588Q,-3.566498279571533
L583P:N587E,-3.046288013458252
L583P:N587E:R588F,-0.8656688928604126
L583P:N587P:R588A,-3.102125644683838
L583P:N587T,-7.149271011352539
L583P:N587T:R588E,-4.12653112411499
L583P:N587V,-6.195577144622803
L583P:Q584C,-9.916328430175781
L583P:Q584D,-4.4908294677734375
L583P:Q584D:R585V:N587E,-1.1295738220214844
L583P:Q584E,-2.4148073196411133
L583P:Q584E:R585A,-0.8274188041687012
L583P:Q584I,-8.257401466369629
L583P:Q584I:R588T,-5.269450664520264
L583P:Q584N:R585A:R588G,-4.858728885650635
L583P:Q584N:R585D:N587P:R588S,-5.5603485107421875
L583P:Q584N:R588G,-6.446117401123047
L583P:Q584Y,-9.932226181030273
L583P:R585A,-2.9864988327026367
L583P:R585D:R588D,-0.9113574028015137
L583P:R585E:G586D:N587E:R588P,-3.110306739807129
L583P:R585E:N587E:R588F,0.8966429233551025
L583P:R585E:R588H,-2.1975066661834717
L583P:R585E:R588Q,-1.510777235031128
L583P:R585F:N587T:R588N,-5.107409477233887
L583P:R585F:R588A,-2.0582127571105957
L583P:R585F:R588L,1.1267924308776855
L583P:R585F:R588N,-2.5320258140563965
L583P:R585G,-0.9166841506958008
L583P:R585G:R588E,2.106055736541748
L583P:R585H,-4.963992595672607
L583P:R585H:N587E,-3.4363932609558105
L583P:R585H:R588A,-2.7630085945129395
L583P:R585H:R588E,-1.9412527084350586
L583P:R585H:R588F,-2.7833733558654785
L583P:R585H:R588G,-3.259972095489502
L583P:R585H:R588I,-0.14348649978637695
L583P:R585H:R588N,-3.2368216514587402
L583P:R585H:R588Q,-3.663194179534912
L583P:R585H:R588V,-0.6674156188964844
L583P:R585I,-2.8806159496307373
L583P:R585I:R588A,-0.6796319484710693
L583P:R585I:R588E,0.14212393760681152
L583P:R585I:R588F,-0.6999967098236084
L583P:R585I:R588G,-1.1765954494476318
L583P:R585I:R588H,-2.2665469646453857
L583P:R585I:R588I,1.9398901462554932
L583P:R585I:R588L,2.505373239517212
L583P:R585I:R588N,-1.1534450054168701
L583P:R585I:R588Q,-1.579817533493042
L583P:R585I:R588V,1.4159610271453857
L583P:R585L,-3.0126895904541016
L583P:R585L:R588A,-0.8117055892944336
L583P:R585L:R588E,0.010050296783447266
L583P:R585L:R588F,-0.8320703506469727
L583P:R585L:R588G,-1.308669090270996
L583P:R585L:R588I,1.807816505432129
L583P:R585L:R588N,-1.2855186462402344
L583P:R585L:R588Q,-1.7118911743164062
L583P:R585L:R588S,-1.0143375396728516
L583P:R585L:R588V,1.2838873863220215
L583P:R585N,-3.8578920364379883
L583P:R585N:R588A,-1.6569080352783203
L583P:R585N:R588E,-0.8351521492004395
L583P:R585N:R588F,-1.6772727966308594
L583P:R585N:R588G,-2.153871536254883
L583P:R585N:R588I,0.9626140594482422
L583P:R585N:R588N,-2.130721092224121
L583P:R585N:R588Q,-2.557093620300293
L583P:R585N:R588S,-1.8595399856567383
L583P:R585N:R588V,0.43868494033813477
L583P:R585P,-4.829531192779541
L583P:R585Q,-4.470454216003418
L583P:R585Q:G586E,-7.548601150512695
L583P:R585Q:N587E:R588F,-0.7622356414794922
L583P:R585Q:R588A,-2.26947021484375
L583P:R585Q:R588L,0.9155349731445312
L583P:R585Q:R588N,-2.743283271789551
L583P:R585Q:R588Q,-3.1696557998657227
L583P:R585Q:R588S,-2.472102165222168
L583P:R585Q:R588V,-0.17387723922729492
L583P:R585S:N587P,-3.718553066253662
L583P:R585V,-2.7402310371398926
L583P:R585V:R588I,2.080275058746338
L583P:R585V:R588V,1.5563459396362305
L583P:R585Y:R588E,-1.2988696098327637
L583P:R588D,-2.2320170402526855
L583P:R588E,-1.5511474609375
L583P:R588F,-2.39326810836792
L583P:R588G,-2.8698668479919434
L583P:R588I,0.24661874771118164
L583P:R588L,0.8121018409729004
L583P:R588N,-2.8467164039611816
L583P:R588Q,-3.2730889320373535
L583P:R588S,-2.575535297393799
L583P:R588T,-1.5859363079071045
L583P:R588V,-0.2773103713989258
L583P:R588Y,-3.1761422157287598
L583Q:G586H,-11.107660293579102
L583Q:G586L,-7.406571388244629
L583Q:N587R,-11.155233383178711
L583Q:Q584E:R585L:R588D,2.0948777198791504
L583Q:Q584E:R585V,0.025465965270996094
L583Q:Q584E:R585V:R588I,4.845972061157227
L583Q:Q584E:R588D,0.5336799621582031
L583Q:Q584E:R588S,0.19016170501708984
L583Q:Q584E:R588V,2.488386631011963
L583Q:Q584E:R588W,-1.9938554763793945
L583Q:Q584I,-7.650784492492676
L583Q:Q584L:R585P:R588N,-5.690822601318359
L583Q:Q584P,-9.344724655151367
L583Q:Q584S,-7.689107894897461
L583Q:Q584S:R585V:G586I:R588G,-8.315725326538086
L583Q:R585D:R588I,2.1738953590393066
L583Q:R585L,-2.4060726165771484
L583Q:R585N,-3.251275062561035
L583Q:R585N:R588E,-0.22853517532348633
L583Q:R585N:R588V,1.045301914215088
L583Q:R585P,-4.222914218902588
L583Q:R585Y,-3.7149925231933594
L583Q:R588A,-1.7662863731384277
L583Q:R588D,-1.6254000663757324
L583Q:R588E,-0.9445304870605469
L583Q:R588F,-1.7866511344909668
L583Q:R588H,-3.353201389312744
L583Q:R588I,0.8532357215881348
L583Q:R588P,-2.3100075721740723
L583Q:R588S,-1.9689183235168457
L583Q:R588T,-0.9793193340301514
L583R:G586C,-13.452921867370605
L583R:N587R,-14.82063102722168
L583R:Q584F,-13.31407356262207
L583R:R585T,-6.059743404388428
L583S:G586N,-8.564197540283203
L583S:G586P,-5.889396667480469
L583S:Q584C,-8.49932861328125
L583S:Q584E,-0.9978079795837402
L583S:Q584S,-6.878726005554199
L583S:Q584V,-6.4462995529174805
L583S:R588H,-2.542819023132324
L583S:R588I,1.6636180877685547
L583T:G586K,-12.313207626342773
L583T:G586W,-11.30817985534668
L583T:N587E,-1.6755081415176392
L583T:Q584E:R585Q:N587L:R588T,2.770966053009033
L583T:R585F,-2.8884167671203613
L583T:R585M,-2.275291919708252
L583V:G586L,-6.751250743865967
L583V:G586P,-6.044458389282227
L583V:N587D:R588F,-1.4247398376464844
L583V:N587G,-5.959087371826172
L583V:Q584F,-8.993354797363281
L583V:Q584L:R585I,-4.81375789642334
L583V:Q584L:R588H,-5.892960548400879
L583V:R585P,-3.567593574523926
L583V:R585S:N587D:R588F,0.15981674194335938
L583V:R585S:N587D:R588Q,-0.7200040817260742
L583V:R585W:R588E,-1.313025951385498
L583V:R588F,-1.1313304901123047
L583V:R588I,1.5085563659667969
L583V:R588W,-3.497614860534668
L583W:N587D:R588G,-3.416426181793213
L583W:N587L,-4.103428363800049
L583W:N587V,-6.448727130889893
L583W:Q584C,-10.169477462768555
L583W:Q584C:R588Y,-8.771732330322266
L583W:Q584G,-8.531861305236816
L583W:R585H,-5.217142581939697
L583W:R585N:R588I,0.7094640731811523
L583W:R585Q,-4.723604202270508
L583W:R585Q:N587Y:R588I,-4.706301212310791
L583W:R585Q:R588L,0.6623849868774414
L583W:R585V,-2.9933810234069824
L583W:R588F,-2.6464180946350098
L583W:R588S,-2.8286852836608887
L583Y:Q584C,-9.053266525268555
L583Y:Q584D,-3.6277685165405273
L583Y:Q584P,-9.088279724121094
L583Y:Q584R,-11.388139724731445
L583Y:R585I,-2.017554998397827
L583Y:R585Q,-3.607393264770508
N569E:L583C,-13.405549049377441
N569E:L583Y,-12.75139045715332
N569E:P570G,-14.664732933044434
N569E:Q584H,-14.192769050598145
N569E:Q584I:R585L,-11.162880897521973
N569E:R585S,-7.456007957458496
N569E:R588A,-6.839580535888672
N569E:R588I,-4.220058441162109
N569E:S580E,-12.086413383483887
N569E:S580G,-10.822333335876465
N569E:S580Q,-14.04763126373291
N569E:T573C,-12.394163131713867
N569E:Y576I,-16.14178466796875
N569E:Y576K,-19.25882911682129
N569E:Y576P:G577Y:N587C,-31.227691650390625
N569F:G577W:T581P:L583E,-19.82786750793457
N569F:P570L,-17.095733642578125
N569F:Q584S,-13.805931091308594
N569F:R585F,-9.769402503967285
N569F:T573L,-15.649724960327148
N569F:T573Q,-16.156946182250977
N569F:T573Y,-15.528068542480469
N569K:G577H,-19.039012908935547
N569K:G577Q,-19.21059226989746
N569K:G586I,-14.011751174926758
N569K:G586T,-14.630863189697266
N569K:L583H,-14.384943008422852
N569K:N587D,-10.140867233276367
N569K:Q584C,-15.189898490905762
N569K:R585S,-8.262901306152344
N569K:R585T,-8.274532318115234
N569K:R588L,-4.461468696594238
N569K:R588Y,-8.449712753295898
N569K:T573A,-14.259044647216797
N569K:T581G,-12.993789672851562
N569K:Y576E,-18.297454833984375
N569K:Y576K:L583T:R588K,-25.75547218322754
N569Q:G577D,-17.050796508789062
N569Q:G577I:S580L:Q584D:R585Q:R588I,-18.32257843017578
N569Q:G577K,-20.716243743896484
N569Q:G586C,-14.743837356567383
N569Q:L583G,-12.248979568481445
N569Q:N587A,-11.690019607543945
N569Q:N587V,-10.545273780822754
N569Q:P570N:R585M,-15.110203742980957
N569Q:R585C,-7.833715915679932
N569Q:R585I,-7.230312347412109
N569Q:R585K,-11.520881652832031
N569Q:R588A,-6.722599983215332
N569Q:S580H,-14.577494621276855
N569Q:S580K,-17.00777244567871
N569Q:T573V:S580V,-17.849857330322266
N569V:G577V,-17.120988845825195
N569V:G586C,-13.918437004089355
N569V:L583M,-12.087879180908203
N569V:N587D,-8.391592979431152
N569V:R585Y,-7.845905780792236
N569V:T573E,-13.663507461547852
N569V:T573Q,-14.171036720275879
N569V:V571F:R585I,-12.238056182861328
N569V:V571P,-15.736809730529785
N569V:Y576F,-11.162408828735352
N587A:R588H,-2.152367115020752
N587A:R588P,-1.10917329788208
N587C:R588N,-2.908487319946289
N587C:R588W,-4.821323394775391
N587D:R588A,1.9075746536254883
N587D:R588D,2.0484609603881836
N587D:R588E,2.729330539703369
N587D:R588F,1.8872098922729492
N587D:R588G,1.4106111526489258
N587D:R588H,0.3206596374511719
N587D:R588I,4.527096748352051
N587D:R588L,5.0925798416137695
N587D:R588N,1.4337615966796875
N587D:R588Q,1.0073890686035156
N587D:R588S,1.7049427032470703
N587D:R588T,2.6945416927337646
N587D:R588V,4.003167629241943
N587E:R588A,3.728583335876465
N587E:R588C,3.0851011276245117
N587E:R588D,3.86946964263916
N587E:R588E,4.550339221954346
N587E:R588F,3.708218574523926
N587E:R588G,3.2316198348999023
N587E:R588H,2.1416683197021484
N587E:R588I,6.348105430603027
N587E:R588L,6.913588523864746
N587E:R588N,3.254770278930664
N587E:R588P,3.1848621368408203
N587E:R588Q,2.828397750854492
N587E:R588S,3.525951385498047
N587E:R588T,4.515550136566162
N587E:R588V,5.82417631149292
N587E:R588W,1.341934084892273
N587E:R588Y,2.925344467163086
N587G:R588F,-0.4665184020996094
N587G:R588G,-0.9431171417236328
N587G:R588T,0.34081339836120605
N587H:R588V,-0.7118115425109863
N587I:R588T,2.0591843128204346
N587K:R588C,-4.927305221557617
N587K:R588P,-4.827544212341309
N587L:R588G,2.4276294708251953
N587M:R588I,2.7088141441345215
N587P:R588H,-0.11515331268310547
N587P:R588N,0.9979486465454102
N587P:R588Q,0.5715761184692383
N587Q:R588A,-1.0462942123413086
N587Q:R588L,2.1387109756469727
N587S:R588D,-0.6106686592102051
N587S:R588S,-0.9541869163513184
N587T:R588A,-0.37439966201782227
N587T:R588D,-0.23351335525512695
N587T:R588E,0.4473562240600586
N587T:R588F,-0.39476442337036133
N587T:R588G,-0.8713631629943848
N587T:R588L,2.810605525970459
N587T:R588S,-0.5770316123962402
N587T:R588T,0.4125673770904541
N587T:R588V,1.7211933135986328
N587T:R588W,-2.7610487937927246
N587T:R588Y,-1.1776385307312012
N587V:R588A,0.5792942047119141
N587V:R588T,1.3662612438201904
N587W:R588V,-2.3856329917907715
N587Y:R588F,-2.6225838661193848
P570A:G577T,-12.576946258544922
P570A:G586L,-7.637333393096924
P570A:L583I,-7.495504856109619
P570A:R585Q,-4.09459924697876
P570A:T573F,-10.021442413330078
P570A:T573G,-7.712490081787109
P570A:T573K,-12.198918342590332
P570A:T581D,-5.102904319763184
P570A:T581V,-7.655313491821289
P570A:V571D,-9.947385787963867
P570A:V571H,-10.794394493103027
P570A:Y576A,-10.67930793762207
P570C:G577I,-13.203978538513184
P570C:G577N,-11.653081893920898
P570C:G577R,-14.657720565795898
P570C:G586D,-7.192458152770996
P570C:L583G:R585L,-5.4730634689331055
P570C:L583H,-8.246350288391113
P570C:L583Q,-7.676136016845703
P570C:L583V,-7.020814895629883
P570C:L583Y,-7.419692039489746
P570C:N587L,-2.9852561950683594
P570C:R585Q,-3.6054322719573975
P570C:R585Q:N587M,-5.7171244621276855
P570C:R585V,-1.875209093093872
P570C:R588A,-1.5078814029693604
P570C:R588C,-2.1513636112213135
P570C:R588T,-0.720914363861084
P570C:S580P,-4.846492767333984
P570C:T581C,-7.283167839050293
P570C:T581L,-7.516192436218262
P570C:T581N:R585Q:R588F,-3.2968344688415527
P570C:V571D,-9.458218574523926
P570C:V571E:R585C:N587E:R588H,-6.01483678817749
P570C:V571I:T573V:L583F:R585D,-15.038702964782715
P570C:V571P,-11.347491264343262
P570C:Y576W:L583I:Q584E:R585T:N587Q,-7.3121337890625
P570C:Y576W:R588F,-2.3187692165374756
P570D:G586D,-12.653287887573242
P570D:G586N,-14.577003479003906
P570D:L583E,-9.50148868560791
P570D:R588P,-7.512432098388672
P570D:R588S,-7.171342849731445
P570D:R588Y,-7.771949768066406
P570D:S580H,-14.82360553741455
P570D:S580K,-17.253883361816406
P570D:S580L,-14.080572128295898
P570D:T581C,-12.743997573852539
P570D:V571Q:T581P:Q584H:G586F,-29.37616539001465
P570D:Y576Q,-16.77774429321289
P570E:G586N,-13.877187728881836
P570E:L583W:R585F,-12.98222541809082
P570E:Q584Y,-13.828216552734375
P570E:R585A:N587M,-8.994180679321289
P570E:R588D,-6.128007888793945
P570E:S580V,-12.672958374023438
P570E:T573F,-14.293289184570312
P570E:T581H:L583F:Q584H,-21.240482330322266
P570F:N587M,-10.600866317749023
P570F:Q584L,-11.68425464630127
P570F:R588E,-5.466434955596924
P570F:R588G,-6.785154342651367
P570F:R588V,-4.19259786605835
P570F:S580D,-11.211423873901367
P570F:S580H:T581P:L583D:Q584D:N587E,-15.670906066894531
P570F:T573A,-12.900762557983398
P570F:T573D:Y576P:G577W:Q584Y,-35.48290252685547
P570F:T573N,-12.875808715820312
P570F:V571C,-11.83252239227295
P570F:V571C:T581D:R588Q,-11.436595916748047
P570F:V571D:L583D:R585P,-14.799792289733887
P570F:V571D:Y576C,-18.388465881347656
P570F:Y576A:S580P:R585H:R588W,-16.683849334716797
P570F:Y576C,-12.63911247253418
P570F:Y576L,-15.525053024291992
P570F:Y576N,-15.277877807617188
P570F:Y576T,-15.196596145629883
P570G:G577C,-12.912028312683105
P570G:G586L:N587L,-8.339860916137695
P570G:G586P,-8.356677055358887
P570G:L583I,-8.921640396118164
P570G:N587F,-9.680566787719727
P570G:Q584H,-10.776372909545898
P570G:Q584I,-9.307682991027832
P570G:Q584T,-9.136661529541016
P570G:Q584W,-12.94153881072998
P570G:R585D,-4.303508758544922
P570G:S580D,-8.346418380737305
P570G:T581D,-6.529040336608887
P570G:T581D:N587P,-7.258262634277344
P570G:T581D:R585I:R588H,-4.2216997146606445
P570G:V571F:G577Y:R585L:R588N,-16.021928787231445
P570G:V571F:G577Y:R588N,-17.583126068115234
P570G:V571F:G577Y:T581P:Q584F:R585L:R588N,-24.536191940307617
P570G:V571F:G577Y:T581P:R585L:R588N,-18.854785919189453
P570G:V571S:L583F:R585I,-11.036928176879883
P570G:V571T:Y576I,-13.94694709777832
P570G:Y576H,-9.924217224121094
P570G:Y576M:T581E:G586K,-22.412792205810547
P570H:G577R,-19.784881591796875
P570H:N587I,-9.764793395996094
P570H:Q584H,-13.988231658935547
P570H:Q584L,-12.031106948852539
P570H:Q584Y,-14.194365501403809
P570H:R585Q:R588A,-6.531610012054443
P570H:R585W,-9.859843254089355
P570H:R588F,-6.655407905578613
P570H:R588L,-3.450037956237793
P570H:S580F,-14.555228233337402
P570H:S580I,-13.686999320983887
P570H:S580L,-13.746904373168945
P570H:S580N,-12.423812866210938
P570H:S580R,-17.074134826660156
P570H:T581P:R585A:N587Q:R588E,-10.306034088134766
P570H:Y576G,-15.267885208129883
P570H:Y576L,-15.871905326843262
P570K:R585A,-8.423877716064453
P570K:R585K,-12.608564376831055
P570K:R585T,-8.43834114074707
P570K:S580F,-15.730467796325684
P570K:S580H,-15.665177345275879
P570K:S580I:R588Y,-13.464493751525879
P570K:T581L,-13.818593978881836
P570K:V571G:S580I:T581E:L583G:R588V,-20.385732650756836
P570K:Y576Q,-17.61931610107422
P570L:G586R,-15.960816383361816
P570L:G586T,-11.795045852661133
P570L:L583I,-10.309112548828125
P570L:Q584F,-12.693045616149902
P570L:Q584W,-14.329010963439941
P570L:R585E,-5.24932861328125
P570L:R585F,-6.6969499588012695
P570L:R588P,-5.354377746582031
P570L:S580A,-9.875482559204102
P570L:S580E,-10.057489395141602
P570L:T573G,-10.526098251342773
P570L:T573N,-11.398275375366211
P570L:V571A:G586A:N587F:R588I,-15.290297508239746
P570L:V571H,-13.608002662658691
P570L:V571R,-14.968986511230469
P570L:Y576P,-16.71012306213379
P570N:G577F,-15.449925422668457
P570N:G586H,-14.254825592041016
P570N:N587T,-9.6898193359375
P570N:R588N,-5.387264251708984
P570N:V571C,-10.457782745361328
P570N:V571D:R585D,-11.543128967285156
P570N:V571E,-12.65194320678711
P570N:V571F:R585V,-11.113924026489258
P570N:V571T:T573E:G577H,-23.092870712280273
P570N:Y576D,-15.602272987365723
P570N:Y576I,-14.215656280517578
P570Q:G577F,-16.16486167907715
P570Q:G577R,-18.778226852416992
P570Q:G586T,-12.612775802612305
P570Q:G586Y,-14.364767074584961
P570Q:L583Q,-11.79664134979248
P570Q:Q584F,-13.51077651977539
P570Q:S580D,-10.551620483398438
P570Q:S580P,-8.966998100280762
P570Q:T573E,-13.394694328308105
P570Q:T573Y,-13.273346900939941
P570Q:V571C,-11.172718048095703
P570Q:Y576V,-14.775745391845703
P570R:G586D,-13.35859203338623
P570R:G586K,-18.98509979248047
P570R:L583S,-13.03188705444336
P570R:N587C,-14.51065731048584
P570R:Q584C,-15.217439651489258
P570R:Q584C:R585S,-13.632883071899414
P570R:R585H,-10.265104293823242
P570R:R588N,-8.147828102111816
P570R:T573C,-13.228597640991211
P570R:T573D:Q584P:G586S,-25.272048950195312
P570R:T581V,-13.332280158996582
P570R:V571C,-13.21834659576416
P570R:V571E,-15.412506103515625
P570R:V571L,-14.513154983520508
P570R:Y576E,-18.324995040893555
P570R:Y576K,-20.093263626098633
P570S:G586F:R588D,-8.130361557006836
P570S:G586K,-13.321194648742676
P570S:L583I,-7.5085673332214355
P570S:L583T,-7.4142022132873535
P570S:Q584L,-7.406174659729004
P570S:R585M:G586R,-12.232455253601074
P570S:R588L,1.1748943328857422
P570S:T573Y,-9.655071258544922
P570S:V571C,-7.554442405700684
P570S:V571R:S580Q,-17.175506591796875
P570S:V571W,-11.826066970825195
P570S:V571W:R588T,-8.838116645812988
P570S:Y576F:T581H,-10.907186508178711
P570S:Y576H,-8.511143684387207
P570S:Y576M,-11.036250114440918
P570S:Y576Q,-11.819143295288086
P570S:Y576Q:Q584P,-17.196598052978516
P570S:Y576R,-13.334444999694824
P570V:G577D,-13.01801872253418
P570V:G577M,-14.300457000732422
P570V:G586A,-9.593477249145508
P570V:G586V,-9.354698181152344
P570V:L583C,-9.255790710449219
P570V:L583H:Q584C:R585Q,-14.667299270629883
P570V:L583V,-8.202754974365234
P570V:N587Q,-8.138084411621094
P570V:Q584P,-10.268259048461914
P570V:Q584R:N587D,-12.861528396606445
P570V:R588W,-5.076470851898193
P570V:S580R:R588Y,-11.731168746948242
P570V:T573P,-12.726932525634766
P570V:V571I,-8.831579208374023
P570V:V571Y,-10.487776756286621
P570V:Y576I,-11.992027282714844
P570V:Y576M,-11.715961456298828
P570V:Y576T,-11.598226547241211
P570W:G586E,-13.483328819274902
P570W:G586H,-17.54557228088379
P570W:G586I,-14.569475173950195
P570W:G586Q,-16.318111419677734
P570W:N587G,-13.052319526672363
P570W:Q584A,-14.340983390808105
P570W:Q584E,-8.246101379394531
P570W:R588P,-8.747919082641602
P570W:S580R:L583Q:G586D,-26.094152450561523
P570W:V571S,-13.524681091308594
P570W:Y576N,-17.193885803222656
P570Y:L583A:R588Y,-10.62208366394043
P570Y:L583F,-12.428716659545898
P570Y:Q584I,-12.125699043273926
P570Y:R585P:R588F,-6.517209053039551
P570Y:R585S,-6.857627868652344
P570Y:R588D,-6.100314140319824
P570Y:S580E:L583D:G586E,-14.871800422668457
P570Y:S580F,-14.161385536193848
P570Y:S580I,-13.293156623840332
P570Y:T573G,-11.956642150878906
P570Y:T581D,-9.34705638885498
P570Y:Y576W:G586Y:N587E:R588P,-12.58324146270752
Q584A:G586L,-7.3751020431518555
Q584A:N587A,-6.702237129211426
Q584A:N587D,-4.22921085357666
Q584A:R585D,-2.6151416301727295
Q584A:R585N:N587E,-1.692206859588623
Q584A:R585N:N587T,-5.795189380645752
Q584A:R585Q:N587E:R588T,0.6831820011138916
Q584A:R585S,-2.3512446880340576
Q584A:R588A,-1.7348172664642334
Q584A:R588F,-1.7551820278167725
Q584A:R588S,-1.9374492168426514
Q584C:N587D,-5.635849952697754
Q584C:N587E,-3.8148412704467773
Q584C:N587E:R588N,-2.08767032623291
Q584C:N587Q,-8.58971881866455
Q584C:R585A,-3.755052089691162
Q584C:R585A:R588N,-2.027881145477295
Q584C:R585E:N587L,-2.856519937515259
Q584C:R585F:R588I,-0.2072439193725586
Q584C:R585G:R588Y,-0.2874922752380371
Q584C:R585H,-5.732545852661133
Q584C:R585H:N587D:R588S,-4.0276031494140625
Q584C:R585H:R588A,-3.531561851501465
Q584C:R585I,-3.6491692066192627
Q584C:R585K,-7.939738750457764
Q584C:R585L,-3.781242847442627
Q584C:R585M,-4.41462516784668
Q584C:R585N,-4.626445293426514
Q584C:R585N:N587E:R588N,-1.3716750144958496
Q584C:R585N:R588F,-2.4458260536193848
Q584C:R585N:R588I,0.1940608024597168
Q584C:R585Q,-5.239007472991943
Q584C:R585Q:G586E:R588F,-6.136535167694092
Q584C:R585Q:R588F,-3.0583882331848145
Q584C:R585S,-3.7578840255737305
Q584C:R585T,-3.7695155143737793
Q584C:R585T:G586F:R588H,-9.416584014892578
Q584C:R585T:R588I,1.0509905815124512
Q584C:R585T:R588Q,-2.468717098236084
Q584C:R585V,-3.508784294128418
Q584C:R585V:R588H,-2.8947153091430664
Q584C:R585Y,-5.090162754058838
Q584C:R585Y:R588D,-2.7482924461364746
Q584C:R588A,-3.1414566040039062
Q584C:R588C,-3.7849388122558594
Q584C:R588D,-3.000570297241211
Q584C:R588E,-2.3197007179260254
Q584C:R588F,-3.1618213653564453
Q584C:R588G,-3.6384201049804688
Q584C:R588H,-4.728371620178223
Q584C:R588K,-7.8290815353393555
Q584C:R588L,0.043548583984375
Q584C:R588Q,-4.041642189025879
Q584C:R588V,-1.0458636283874512
Q584D:G586E:N587E,-1.4674898386001587
Q584D:G586L:N587M,-5.467935085296631
Q584D:G586S,-4.5787529945373535
Q584D:N587D,-0.21035146713256836
Q584D:N587E,1.6106570959091187
Q584D:N587E:R588D,3.9525275230407715
Q584D:N587E:R588H,2.2247262001037598
Q584D:N587E:R588Q,2.9114556312561035
Q584D:N587E:R588W,1.4249919652938843
Q584D:N587I,-0.8457088470458984
Q584D:N587M,-2.0286340713500977
Q584D:R585A:N587D,1.3770370483398438
Q584D:R585A:N587M:R588N,1.2859253883361816
Q584D:R585A:R588T,4.658397674560547
Q584D:R585D,1.4037175178527832
Q584D:R585E,1.845369577407837
Q584D:R585E:R588F,4.025988578796387
Q584D:R585G,3.7402610778808594
Q584D:R585H,-0.30704736709594727
Q584D:R585H:R588N,1.42012357711792
Q584D:R585I,1.7763292789459229
Q584D:R585I:R588A,3.977313280105591
Q584D:R585I:R588T,4.764280319213867
Q584D:R585L,1.6442556381225586
Q584D:R585N:N587E:R588N,4.053823471069336
Q584D:R585P,-0.17258596420288086
Q584D:R585P:R588P,1.4846768379211426
Q584D:R585Q,0.1864910125732422
Q584D:R585S,1.667614459991455
Q584D:R585S:R588D,4.009484767913818
Q584D:R585S:R588L,7.053603649139404
Q584D:R585T:N587E,3.183582305908203
Q584D:R585T:R588V,5.952559947967529
Q584D:R585V:R588Q,3.217512607574463
Q584D:R585Y,0.33533573150634766
Q584D:R588D,2.4249281883239746
Q584D:R588E,3.10579776763916
Q584D:R588F,2.2636771202087402
Q584D:R588G,1.7870783805847168
Q584D:R588H,0.6971268653869629
Q584D:R588L,5.4690470695495605
Q584D:R588P,1.7403206825256348
Q584D:R588Q,1.3838562965393066
Q584D:R588S,2.0814099311828613
Q584D:R588W,-0.10260725021362305
Q584D:R588Y,1.4808030128479004
Q584E:G586E,-0.9190669059753418
Q584E:G586L,-1.2802209854125977
Q584E:G586Q,-3.7538504600524902
Q584E:G586Y,-4.376316070556641
Q584E:N587D,1.8656706809997559
Q584E:N587D:R588Q,3.166469097137451
Q584E:N587E,3.6866793632507324
Q584E:N587E:R588A,5.8876633644104
Q584E:N587E:R588D,6.028549671173096
Q584E:N587E:R588F,5.867298603057861
Q584E:N587E:R588L,9.072668075561523
Q584E:N587E:R588N,5.4138503074646
Q584E:N587E:R588Q,4.987477779388428
Q584E:N587M,0.04738807678222656
Q584E:N587T,-0.4163036346435547
Q584E:R585A,3.7464685440063477
Q584E:R585A:N587E:R588Q,6.57486629486084
Q584E:R585A:R588D,6.088338851928711
Q584E:R585D,3.4797396659851074
Q584E:R585D:N587E,5.007339000701904
Q584E:R585D:N587E:R588C,6.564840793609619
Q584E:R585D:N587E:R588F,7.187958240509033
Q584E:R585D:N587E:R588L,10.393327713012695
Q584E:R585D:N587E:R588Q,6.3081374168396
Q584E:R585D:N587E:R588V,9.303915977478027
Q584E:R585D:R588D,5.821609973907471
Q584E:R585D:R588E,6.502479553222656
Q584E:R585D:R588L,8.865728378295898
Q584E:R585D:R588Q,4.780538082122803
Q584E:R585E,3.921391725540161
Q584E:R585E:R588G,5.6254119873046875
Q584E:R585G,5.816283226013184
Q584E:R585G:N587E,7.3438825607299805
Q584E:R585G:R588C,7.373785018920898
Q584E:R585G:R588W,5.630618095397949
Q584E:R585H,1.768974781036377
Q584E:R585H:N587E,3.296574115753174
Q584E:R585H:N587E:R588A,5.497558116912842
Q584E:R585H:N587E:R588F,5.477193355560303
Q584E:R585H:N587E:R588I,8.117080688476562
Q584E:R585H:N587E:R588N,5.023745059967041
Q584E:R585H:N587E:R588S,5.294926166534424
Q584E:R585H:N587E:R588W,3.1109089851379395
Q584E:R585H:R588L,7.154963970184326
Q584E:R585I,3.852351427078247
Q584E:R585I:N587E,5.379950523376465
Q584E:R585I:N587E:R588A,7.580934524536133
Q584E:R585I:N587E:R588D,7.721820831298828
Q584E:R585I:N587E:R588F,7.560569763183594
Q584E:R585I:N587E:R588L,10.765939712524414
Q584E:R585I:N587E:R588N,7.107121467590332
Q584E:R585I:R588A,6.053335189819336
Q584E:R585I:R588Q,5.153149604797363
Q584E:R585L,3.720277786254883
Q584E:R585L:N587E,5.24787712097168
Q584E:R585L:N587E:R588A,7.448861122131348
Q584E:R585L:N587E:R588H,5.861946105957031
Q584E:R585L:R588A,5.921261787414551
Q584E:R585L:R588F,5.900897026062012
Q584E:R585L:R588S,5.718629837036133
Q584E:R585L:R588V,8.016855239868164
Q584E:R585M,3.08689546585083
Q584E:R585M:N587D:R588D,5.135356426239014
Q584E:R585M:R588A,5.287879467010498
Q584E:R585N,2.875075340270996
Q584E:R585N:G586E:N587D,-0.49648094177246094
Q584E:R585N:N587E,4.402674674987793
Q584E:R585N:N587E:R588F,6.583293914794922
Q584E:R585N:N587E:R588N,6.12984561920166
Q584E:R585N:N587E:R588Q,5.703473091125488
Q584E:R585N:N587E:R588V,8.699251174926758
Q584E:R585N:R588Y,4.272820472717285
Q584E:R585P,1.9034361839294434
Q584E:R585P:N587E:R588E,6.453775405883789
Q584E:R585P:N587E:R588I,8.251541137695312
Q584E:R585P:N587E:R588N,5.158206462860107
Q584E:R585P:N587E:R588S,5.42938756942749
Q584E:R585P:R588A,4.104420185089111
Q584E:R585P:R588D,4.245306491851807
Q584E:R585P:R588E,4.926176071166992
Q584E:R585P:R588I,6.723942279815674
Q584E:R585Q,2.2625131607055664
Q584E:R585Q:N587E:R588F,5.970731735229492
Q584E:R585Q:N587E:R588Y,5.187857627868652
Q584E:R585Q:R588E,5.285253047943115
Q584E:R585Q:R588I,7.083019256591797
Q584E:R585Q:R588S,4.260865211486816
Q584E:R585Q:R588T,5.250463962554932
Q584E:R585S,3.7436366081237793
Q584E:R585S:N587V,2.1219468116760254
Q584E:R585T,3.7320051193237305
Q584E:R585T:G586M:N587V,-3.0025577545166016
Q584E:R585T:N587A:R588Q,2.2663674354553223
Q584E:R585T:N587E:R588A,7.460588455200195
Q584E:R585T:N587E:R588D,7.601474761962891
Q584E:R585T:N587E:R588L,10.645593643188477
Q584E:R585T:R588I,8.552511215209961
Q584E:R585V,3.992736339569092
Q584E:R585V:G586E,0.9145894050598145
Q584E:R585V:N587E,5.520335674285889
Q584E:R585V:N587E:R588A,7.721319675445557
Q584E:R585V:N587E:R588F,7.700954914093018
Q584E:R585V:N587E:R588I,10.340841293334961
Q584E:R585V:N587E:R588N,7.247506618499756
Q584E:R585V:R588C,5.550238132476807
Q584E:R585V:R588D,6.334606647491455
Q584E:R585V:R588L,9.378725051879883
Q584E:R585V:R588W,3.8070712089538574
Q584E:R585Y,2.411357879638672
Q584E:R585Y:N587E:R588A,6.139941215515137
Q584E:R585Y:R588A,4.61234188079834
Q584E:R588A,4.3600640296936035
Q584E:R588C,3.7165818214416504
Q584E:R588D,4.500950336456299
Q584E:R588E,5.181819915771484
Q584E:R588F,4.3396992683410645
Q584E:R588G,3.863100528717041
Q584E:R588H,2.773149013519287
Q584E:R588I,6.979586124420166
Q584E:R588L,7.545069217681885
Q584E:R588P,3.816342830657959
Q584E:R588Q,3.459878444671631
Q584E:R588S,4.1574320793151855
Q584E:R588T,5.147030830383301
Q584E:R588V,6.455657005310059
Q584E:R588W,1.9734148979187012
Q584E:R588Y,3.5568251609802246
Q584F:G586C,-11.50165843963623
Q584F:G586M,-10.794278144836426
Q584F:G586T,-10.46480941772461
Q584F:G586Y,-12.216800689697266
Q584F:N587A,-8.44784164428711
Q584F:N587E,-4.153805732727051
Q584F:N587F,-9.737802505493164
Q584F:N587L,-4.957796096801758
Q584F:R585D:N587E,-2.833146095275879
Q584F:R585D:N587E:R588P,-1.1758832931518555
Q584F:R585I,-3.988133668899536
Q584F:R585M,-4.753589630126953
Q584G:G586E,-6.782971382141113
Q584G:N587I,-4.6335906982421875
Q584G:N587V,-5.32651424407959
Q584G:R585M,-2.7770087718963623
Q584G:R585N:R588F,-0.8082096576690674
Q584G:R585P,-3.960468053817749
Q584G:R585P:R588L,1.4255211353302002
Q584H:G586R,-14.101380348205566
Q584H:N587E,-3.624605178833008
Q584H:N587E:R588I,1.195900797843933
Q584H:R585A:N587E:R588L,3.3487725257873535
Q584H:R585N:G586M:R588H,-8.935012817382812
Q584H:R585P,-5.407848358154297
Q584H:R588C,-3.59470272064209
Q584H:R588W,-5.337869644165039
Q584I:G586K,-12.793614387512207
Q584I:N587E,-2.1559152603149414
Q584I:N587K,-10.16832160949707
Q584I:R585D:R588V,1.9337222576141357
Q584I:R585E,-1.9212026596069336
Q584I:R585I,-1.9902429580688477
Q584I:R585N:N587Y:R588E,-4.747982025146484
Q584I:R585P:R588P,-2.281895399093628
Q584I:R585Q:R588D,-1.238210916519165
Q584I:R585Q:R588F,-1.3994619846343994
Q584I:R585Q:R588Q,-2.279282808303833
Q584I:R588D,-1.341644048690796
Q584I:R588F,-1.5028951168060303
Q584I:R588Y,-2.28576922416687
Q584K:N587L,-6.0155229568481445
Q584L:N587E,-1.6674803495407104
Q584L:N587H,-8.203468322753906
Q584L:R585A,-1.6076910495758057
Q584L:R585E,-1.4327678680419922
Q584L:R585F:R588G,-1.1763684749603271
Q584L:R585I,-1.5018081665039062
Q584L:R585I:R588P,0.1554546356201172
Q584L:R585S,-1.610522985458374
Q584L:R585T,-1.6221544742584229
Q584L:R585Y:G586E:N587D:R588D,-3.972487688064575
Q584L:R585Y:R588V,1.3537752628326416
Q584L:R588A,-0.9940955638885498
Q584L:R588D,-0.8532092571258545
Q584L:R588Q,-1.8942811489105225
Q584L:R588V,1.1014974117279053
Q584M:G586E,-7.335609436035156
Q584M:G586M,-9.370335578918457
Q584M:N587D,-4.550871849060059
Q584M:N587M,-6.369154453277588
Q584M:N587P,-4.986684799194336
Q584M:N587T,-6.832846164703369
Q584M:N587T:R588I,-2.0123400688171387
Q584M:R585A,-2.670073986053467
Q584M:R585A:R588F,-0.4894547462463379
Q584M:R585G:R588L,4.785729885101318
Q584M:R585H,-4.6475677490234375
Q584M:R585I,-2.5641911029815674
Q584M:R585I:R588A,-0.3632071018218994
Q584M:R585I:R588L,2.821798086166382
Q584M:R585I:R588W,-2.7498562335968018
Q584M:R585L:N587T:R588W,-5.457313537597656
Q584M:R585N:R588Y,-2.1437220573425293
Q584M:R585Q,-4.154029369354248
Q584M:R585Q:N587D,-4.447438716888428
Q584M:R585Q:R588A,-1.95304536819458
Q584M:R585Q:R588F,-1.9734101295471191
Q584M:R585T:R588F,-0.5039181709289551
Q584M:R588A,-2.056478500366211
Q584M:R588F,-2.07684326171875
Q584M:R588K,-6.74410343170166
Q584M:R588L,1.1285266876220703
Q584M:R588Q,-2.9566640853881836
Q584M:R588S,-2.259110450744629
Q584M:R588W,-4.443127632141113
Q584N:G586S,-8.238061904907227
Q584N:N587D,-3.8696601390838623
Q584N:R585A,-1.9888622760772705
Q584N:R585D,-2.2555911540985107
Q584N:R585E:R588D,0.5279312133789062
Q584N:R585H:R588W,-4.152021408081055
Q584N:R585N,-2.860255479812622
Q584N:R585N:N587F:R588T,-3.9287023544311523
Q584N:R585T,-2.0033257007598877
Q584N:R588A,-1.3752667903900146
Q584N:R588D,-1.2343804836273193
Q584N:R588G,-1.8722302913665771
Q584N:R588L,1.8097383975982666
Q584N:R588W,-3.761915922164917
Q584P:G586W,-13.482525825500488
Q584P:N587H,-10.385842323303223
Q584P:R585Q:G586D:R588T,-5.769662857055664
Q584P:R588Q,-4.076655387878418
Q584R:G586K,-16.78741455078125
Q584R:G586W,-15.78238582611084
Q584R:N587V,-9.299003601074219
Q584R:R585Q,-7.573880672454834
Q584S:N587E,-2.1942386627197266
Q584S:N587R,-10.90980052947998
Q584S:R585A,-2.1344492435455322
Q584S:R585C,-2.631969690322876
Q584T:G586A,-8.215165138244629
Q584T:N587A,-6.278928756713867
Q584T:N587G,-6.15963077545166
Q584T:N587I,-4.441259384155273
Q584T:N587S,-6.465031623840332
Q584T:N587V,-5.134182929992676
Q584T:R585A:G586F:N587H:R588T,-10.20667839050293
Q584T:R585F,-3.1978023052215576
Q584T:R585G:R588Y,1.5424554347991943
Q584T:R585N:R588L,2.589491605758667
Q584T:R585N:R588T,0.1914534568786621
Q584T:R585P,-3.768136739730835
Q584T:R585Q:N587E:R588D,0.46040987968444824
Q584T:R585S,-1.927936315536499
Q584T:R585V:R588F,0.5017826557159424
Q584T:R585Y,-3.2602150440216064
Q584V:N587V,-4.911101341247559
Q584V:R585E,-1.527099609375
Q584V:R585P,-3.5450551509857178
Q584V:R588K,-5.776052474975586
Q584V:R588P,-1.6321485042572021
Q584V:R588W,-3.47507643699646
Q584W:G586E,-10.395517349243164
Q584W:G586R,-16.26654624938965
Q584W:G586Y,-13.852766036987305
Q584W:N587G,-9.964508056640625
Q584W:N587H,-12.325758934020996
Q584W:N587Y,-12.120573043823242
Q584W:R585D:N587E:R588N,-2.741940498352051
Q584W:R585V,-5.4837141036987305
Q584W:R588D,-4.975500106811523
Q584W:R588F,-5.136751174926758
Q584W:R588W,-7.503035545349121
Q584Y:G586T,-10.141742706298828
Q584Y:N587D,-5.651747703552246
Q584Y:N587H,-10.366726875305176
Q584Y:R585Q,-5.2549052238464355
Q584Y:R585Q:R588A,-3.0539212226867676
Q584Y:R585W:R588Y,-4.984409332275391
Q584Y:R588D,-3.016468048095703
Q584Y:R588F,-3.1777191162109375
Q584Y:R588L,0.027650833129882812
R566A:G586D,-7.359447002410889
R566A:G586E,-6.954000949859619
R566A:G586E:N587E,-5.426401615142822
R566A:L583E,-4.207648277282715
R566A:L583E:G586E:N587D,-7.579204559326172
R566A:L583E:G586E:N587L,-6.562186241149902
R566A:L583E:N587T,-6.783031463623047
R566A:L583E:N587T:R588F,-4.602412700653076
R566A:L583E:R585H,-4.597753524780273
R566A:L583E:R585I,-2.514376640319824
R566A:L583E:R585N:R588A,-1.2906689643859863
R566A:L583E:R585N:R588E,-0.46891307830810547
R566A:L583E:R585N:R588Q,-2.190854549407959
R566A:L583E:R585N:R588V,0.8049240112304688
R566A:L583E:R585Q,-4.104214668273926
R566A:L583E:R585Q:N587D:R588F,-2.2170050144195557
R566A:L583E:R585Q:R588A,-1.903231143951416
R566A:L583E:R585S:R588S,-0.6247396469116211
R566A:L583E:R588A,-2.0066640377044678
R566A:L583E:R588E,-1.184908151626587
R566A:L583E:R588I,0.6128580570220947
R566A:L583G:R585A:N587E:R588A,-1.8852782249450684
R566A:L583G:R585H:N587A:R588K,-12.844432830810547
R566A:L583P,-8.44974136352539
R566A:L583P:Q584C:N587E,-12.264582633972168
R566A:L583P:Q584C:R588Q,-12.49138355255127
R566A:L583P:R585H:R588Q,-7.539048194885254
R566A:L583P:R585N:R588S,-5.73539400100708
R566A:L583P:R585Q,-8.346307754516602
R566A:L583Q:G586P,-10.575634002685547
R566A:L583Q:Q584E:R585L:R588D,-1.7809762954711914
R566A:L583Q:Q584E:R585L:R588T,-1.1348953247070312
R566A:L583Q:Q584E:R585V:R588I,0.9701180458068848
R566A:L583Q:R585L:R588F,-4.101307392120361
R566A:L583R,-11.508522033691406
R566A:L583S:R585G:G586A:N587D,-8.371620178222656
R566A:L583V,-7.187803745269775
R566A:L583W:R585P:R588D,-6.616664886474609
R566A:L583W:R588D,-6.361021041870117
R566A:N587D,-4.1692633628845215
R566A:N587E,-2.348254680633545
R566A:N587E:R588E,0.6744850873947144
R566A:N587E:R588L,3.0377345085144043
R566A:N587E:R588V,1.9483221769332886
R566A:N587E:R588Y,-0.9505096673965454
R566A:N587M,-5.987545967102051
R566A:N587P,-4.605076313018799
R566A:N587P:R588P,-2.9478135108947754
R566A:N587T,-6.451237678527832
R566A:N587T:R588S,-4.452885627746582
R566A:P570C,-7.584719657897949
R566A:P570C:T581E,-8.438089370727539
R566A:P570F:Y576A:T581Y,-21.96331214904785
R566A:P570S:Y576H:L583Q:N587A,-19.120704650878906
R566A:Q584C,-9.218294143676758
R566A:Q584C:R588Y,-7.820549488067627
R566A:Q584E,-1.7167739868164062
R566A:Q584E:N587E,-0.18917465209960938
R566A:Q584E:N587E:R588D,2.152695655822754
R566A:Q584E:R585D:R588T,2.591836929321289
R566A:Q584E:R585H,-2.106879234313965
R566A:Q584E:R585H:N587E,-0.5792800188064575
R566A:Q584E:R585H:R588A,0.09410476684570312
R566A:Q584E:R585H:R588L,3.2791099548339844
R566A:Q584E:R585Q:N587E:R588Q,1.2150567770004272
R566A:Q584E:R585Y,-1.46449613571167
R566A:Q584E:R588L,3.669215202331543
R566A:Q584K,-10.614986419677734
R566A:Q584M,-8.133316040039062
R566A:Q584M:N587E,-6.605717182159424
R566A:Q584M:R585H:G586M:N587Q,-16.88357162475586
R566A:R585A,-2.2884654998779297
R566A:R585D:N587E,-1.027595043182373
R566A:R585D:R588D,-0.21332406997680664
R566A:R585H,-4.2659592628479
R566A:R585H:G586F,-10.52709674835205
R566A:R585H:N587E,-2.7383599281311035
R566A:R585H:N587E:R588L,2.6476292610168457
R566A:R585H:N587E:R588T,0.24959087371826172
R566A:R585H:N587P:R588Q,-3.694383144378662
R566A:R585H:R588N,-2.538788318634033
R566A:R585H:R588Y,-2.8682141304016113
R566A:R585I,-2.1825826168060303
R566A:R585I:G586E:R588F,-3.0801103115081787
R566A:R585I:N587E:R588N,1.0721876621246338
R566A:R585I:R588H,-1.5685136318206787
R566A:R585K,-6.473152160644531
R566A:R585L:R588A,-0.11367225646972656
R566A:R585N,-3.1598587036132812
R566A:R585N:N587D,-3.453268051147461
R566A:R585N:N587E,-1.6322593688964844
R566A:R585N:N587T,-5.7352423667907715
R566A:R585N:R588L,2.226130485534668
R566A:R585N:R588Q,-1.859060287475586
R566A:R585N:R588S,-1.1615066528320312
R566A:R585Q,-3.772420883178711
R566A:R585Q:G586E,-6.850567817687988
R566A:R585Q:G586E:N587T,-9.42595100402832
R566A:R585Q:G586E:N587T:R588Y,-8.028205871582031
R566A:R585Q:N587D,-4.065830230712891
R566A:R585Q:N587E,-2.244821548461914
R566A:R585Q:R588G,-2.0684003829956055
R566A:R585T,-2.302928924560547
R566A:R585T:R588F,-0.12230968475341797
R566A:R585V,-2.0421977043151855
R566A:R585V:N587E,-0.5145983695983887
R566A:R585V:N587E:R588L,4.8713908195495605
R566A:R585V:N587E:R588V,3.7819786071777344
R566A:R585Y,-3.6235761642456055
R566A:R588A,-1.6748700141906738
R566A:R588D,-1.5339837074279785
R566A:R588E,-0.853114128112793
R566A:R588F,-1.695234775543213
R566A:R588G,-2.1718335151672363
R566A:R588I,0.9446520805358887
R566A:R588L,1.5101351737976074
R566A:R588Q,-2.5750555992126465
R566A:R588S,-1.8775019645690918
R566A:R588Y,-2.4781088829040527
R566A:S580A:G586D:N587G:R588N,-11.143255233764648
R566A:S580A:G586E:N587G:R588H,-11.850912094116211
R566A:S580A:G586E:N587V:R588G,-9.735511779785156
R566A:S580A:L583D:Q584S:G586D:R588E,-11.228007316589355
R566A:S580A:L583D:Q584T:N587S:R588E,-10.487607955932617
R566A:S580A:L583G:G586I:R588E,-11.206645965576172
R566A:S580A:Q584D:R585P:G586A:R588E,-8.592214584350586
R566A:S580A:R585G:G586D:R588P,-4.908823013305664
R566A:S580A:R585P:G586D:N587P:R588E,-8.185415267944336
R566A:S580A:R585Y:G586A:R588Q,-9.889291763305664
R566A:S580A:T581G:L583D:R585Q:R588H,-9.474145889282227
R566A:S580C,-8.255495071411133
R566A:S580C:T581C:R585H:R588V,-7.92332649230957
R566A:S580C:T581E,-9.108865737915039
R566A:S580D,-6.5981035232543945
R566A:S580D:L583W:R585T:R588Q,-8.551417350769043
R566A:S580D:Q584C,-11.940544128417969
R566A:S580D:Q584E:N587D,-4.732432842254639
R566A:S580D:Q584L:R585W,-10.816999435424805
R566A:S580D:R585H,-6.988208770751953
R566A:S580D:T581E,-7.451473712921143
R566A:S580D:T581E:G586E,-10.529621124267578
R566A:S580D:T581E:L583D,-7.757094383239746
R566A:S580D:T581E:R585V,-5.617817401885986
R566A:S580E:T581N:R585D:R588A,-5.272080421447754
R566A:S580F,-9.595054626464844
R566A:S580I,-8.726825714111328
R566A:S580P,-5.013481140136719
R566A:S580P:L583P,-9.58736801147461
R566A:S580P:Q584M:G586E,-12.349090576171875
R566A:S580P:R585H:R588L,-0.017597198486328125
R566A:S580P:T581E:L583C:R585H:N587E,-9.094341278076172
R566A:S580P:T581E:L583P:G586E:R588L,-8.132896423339844
R566A:T568C,-10.237686157226562
R566A:T568Q,-15.061378479003906
R566A:T568V,-10.691417694091797
R566A:T568V:L583D:R588I,-6.176531791687012
R566A:T568V:R585Q:R588A,-8.387001037597656
R566A:T568V:R588L,-5.3054280281066895
R566A:T568V:S580A:T581N:R588T,-12.439330101013184
R566A:T568V:S580P:T581E:R588K,-15.169055938720703
R566A:T568V:T581E:R588D,-9.202917098999023
R566A:T573D:L583C,-13.598624229431152
R566A:T573D:R588K,-11.720279693603516
R566A:T573H:R588F,-7.124754905700684
R566A:T573Y:L583D:R585A:N587D:R588V,-4.034893989562988
R566A:T573Y:N587M:R588A,-9.230537414550781
R566A:T581C,-7.4501566886901855
R566A:T581D,-4.780725955963135
R566A:T581D:N587T,-7.356109619140625
R566A:T581E,-4.72922420501709
R566A:T581E:G586E:N587E,-6.27977180480957
R566A:T581E:L583E:N587T,-7.636402130126953
R566A:T581E:L583P:Q584C:R585H:R588Q,-13.734859466552734
R566A:T581E:N587E,-3.201624870300293
R566A:T581E:Q584E:R585V,-0.736487865447998
R566A:T581E:R585G,-1.0720210075378418
R566A:T581E:R585H,-5.119329452514648
R566A:T581E:R585H:N587Q,-8.366607666015625
R566A:T581E:R585N:R588A,-1.8122448921203613
R566A:T581E:R588I,0.0912819504737854
R566A:T581F:R585Q:G586Q:N587M:R588F,-13.037196159362793
R566A:T581L:R585Q:R588F,-5.3991289138793945
R566A:T581N,-5.747875213623047
R566A:V571A:N587D:R588V,-4.212780475616455
R566A:V571A:R588I,-3.3954415321350098
R566A:V571A:Y576F:L583E:R585Q:R588F,-9.327914237976074
R566A:V571C,-7.219201564788818
R566A:V571C:R585H:G586E,-10.687454223632812
R566A:V571C:S580F:L583E:G586E:N587D,-16.641752243041992
R566A:V571D:R585I,-7.931936264038086
R566A:V571E:L583Q:G586P,-16.113140106201172
R566A:V571E:L583S:R585N:R588E,-8.831514358520508
R566A:V571E:T581E:L583Q:R588D,-11.892131805419922
R566A:V571F,-9.708998680114746
R566A:V571F:L583Q:Q584E:R588D,-9.175318717956543
R566A:V571F:R588S,-7.710646629333496
R566A:V571F:S580P:R588Q,-9.545827865600586
R566A:V571I:L583E:R585I:R588N,-4.727978706359863
R566A:V571T,-5.097411632537842
R566A:V571T:L583E,-5.429205894470215
R566A:V571T:L583E:R585H:R588A,-3.6183269023895264
R566A:V571T:L583E:R585H:R588I,-0.9988048076629639
R566A:V571T:L583E:R585H:R588L,-0.4333217144012451
R566A:V571T:L583E:R585I,-3.735934257507324
R566A:V571T:L583E:R585I:R588L,1.650054931640625
R566A:V571T:L583E:R585N,-4.713210105895996
R566A:V571T:L583E:R585N:R588A,-2.5122263431549072
R566A:V571T:L583E:R585N:R588E,-1.6904704570770264
R566A:V571T:L583E:R585N:R588G,-3.0091898441314697
R566A:V571T:L583E:R585N:R588Q,-3.41241192817688
R566A:V571T:L583E:R585N:R588V,-0.41663336753845215
R566A:V571T:L583E:R585Q,-5.325772285461426
R566A:V571T:L583E:R585Q:R588A,-3.124788522720337
R566A:V571T:L583E:R585Q:R588F,-3.145153284072876
R566A:V571T:L583E:R585Q:R588G,-3.6217520236968994
R566A:V571T:L583E:R585Q:R588L,0.060216665267944336
R566A:V571T:L583E:R585Q:R588Q,-4.0249738693237305
R566A:V571T:L583E:R585Q:R588V,-1.0291955471038818
R566A:V571T:L583E:R588F,-3.248586416244507
R566A:V571T:L583E:R588I,-0.6086993217468262
R566A:V571T:L583P:R585H:R588I,-5.240898132324219
R566A:V571T:L583P:R585H:R588L,-4.6754150390625
R566A:V571T:L583P:R585H:R588V,-5.764827251434326
R566A:V571T:L583P:R585I:R588A,-5.777043342590332
R566A:V571T:L583P:R585I:R588S,-5.97967529296875
R566A:V571T:L583P:R585N:R588I,-4.1347975730896
R566A:V571T:L583P:R585N:R588V,-4.658726692199707
R566A:V571T:L583P:R585Q:R588F,-7.387246608734131
R566A:V571T:L583P:R585V:R588A,-5.636658668518066
R566A:V571T:L583P:R588A,-7.470314979553223
R566A:V571T:L583P:R588F,-7.490679740905762
R566A:V571T:L583V:N587D,-8.702770233154297
R566A:V571T:Q584Y,-10.45574951171875
R566A:V571T:R585I:R588A,-1.2031562328338623
R566A:V571T:R585N:N587D:R588G,-2.9708051681518555
R566A:V571T:R585N:R588F,-2.2007970809936523
R566A:V571T:R585N:R588I,0.4390897750854492
R566A:V571T:R588A,-2.896427631378174
R566A:V571T:R588F,-2.916792392730713
R566A:V571T:S580N:L583E,-9.016990661621094
R566A:V571T:T581E:L583E:Q584M:G586F,-16.80117416381836
R566A:V571T:T581E:R585Q:N587T,-8.42273235321045
R566A:V571T:Y576F:R585Q,-8.058202743530273
R566A:V571T:Y576F:T581E:R585Q:N587T,-11.486957550048828
R566A:Y576F,-6.9400787353515625
R566A:Y576F:L583E:N587T:R588F,-7.666637420654297
R566A:Y576F:R585V,-5.106422424316406
R566A:Y576F:S580A:T581E:L583E,-10.98908519744873
R566A:Y576F:S580N:R585Q:G586E,-13.502577781677246
R566A:Y576N,-10.664557456970215
R566A:Y576S,-9.540409088134766
R566A:Y576W,-4.666377067565918
R566A:Y576W:L583I:N587D:R588A,-6.056274890899658
R566A:Y576W:Q584E,-2.5072970390319824
R566A:Y576W:Q584M,-8.923839569091797
R566A:Y576W:R585H,-5.056482315063477
R566A:Y576W:S580A:G586E:N587D:R588H,-10.28770637512207
R566A:Y576W:S580A:L583D:G586S:R588D,-10.155779838562012
R566A:Y576W:S580A:T581N:R585D:N587P:R588Q,-7.510004997253418
R566A:Y576W:T581E:R585Q:N587P,-6.145536422729492
R566C:G586E,-4.8349738121032715
R566C:G586V,-6.220719814300537
R566C:L583D:R585G,1.594756007194519
R566C:L583D:R585H:G586A:N587D,-7.448634147644043
R566C:L583E:Q584E,0.07045924663543701
R566C:L583E:R588F,0.09199845790863037
R566C:L583H,-6.294312000274658
R566C:L583W:R588F,-4.403244972229004
R566C:N587C,-6.39248514175415
R566C:N587T,-4.332210540771484
R566C:Q584C,-7.099267482757568
R566C:Q584F,-7.438231945037842
R566C:Q584W,-9.074196815490723
R566C:R585G,1.9003764390945435
R566C:R585I,-0.06355535984039307
R566C:R585I:R588D,2.2783150672912598
R566C:R585L:R588H,0.41843998432159424
R566C:R585N,-1.040831446647644
R566C:R585Q,-1.6533936262130737
R566C:R585S,-0.17227017879486084
R566C:R588F,0.4237924814224243
R566C:R588G,-0.05280625820159912
R566C:R588H,-1.142757773399353
R566C:R588I,3.0636792182922363
R566C:R588L,3.629162311553955
R566C:R588N,-0.029655814170837402
R566C:R588S,0.2415252923965454
R566C:S580A:R585I:G586A:R588E,-4.607329368591309
R566C:S580D:R585H:R588I,-0.048675537109375
R566C:T568F,-12.30938720703125
R566C:T568S,-7.8639655113220215
R566C:T573L:Y576V:L583F:Q584M,-22.51282501220703
R566C:T573P,-9.5929536819458
R566C:T581C,-5.331129550933838
R566C:T581D,-2.661698579788208
R566C:T581D:N587M:R588G,-3.0693700313568115
R566C:T581E,-2.610196828842163
R566C:T581E:Q584N,-6.186447620391846
R566C:T581E:R585I:N587D:R588H,-0.5962657928466797
R566C:T581E:R588A,-0.4092128872871399
R566C:T581N:N587D,-3.922257661819458
R566C:V571A:G577Y,-13.949904441833496
R566C:V571D,-7.506180286407471
R566C:V571D:R585W:N587M,-10.641688346862793
R566C:V571E:Y576C:R585A,-9.856884002685547
R566C:V571T,-2.978384494781494
R566C:V571T:R585H,-3.3684897422790527
R566C:V571W,-9.37179946899414
R566C:Y576C:R585H,-6.29686975479126
R566C:Y576F:R588Q,-3.5202531814575195
R566C:Y576M,-8.581981658935547
R566D:G586P,-9.076446533203125
R566D:G586Q,-12.256868362426758
R566D:L583R,-13.976606369018555
R566D:N587H,-11.352326393127441
R566D:N587T,-8.919321060180664
R566D:N587Y,-11.147140502929688
R566D:R585N:R588A,-3.4269585609436035
R566D:S580N,-9.931722640991211
R566D:S580T:G586T,-14.717676162719727
R566D:S580V,-10.547018051147461
R566D:T568A,-14.609790802001953
R566D:T568C:Y576L:L583Q:R588T,-20.72096824645996
R566D:T568I,-13.687602996826172
R566D:T568M,-15.427759170532227
R566D:T568W:V571D:S580F,-30.0068359375
R566D:T581Y,-9.460945129394531
R566D:V571H:G577T,-21.3192138671875
R566D:Y576C,-10.493875503540039
R566D:Y576M:S580A:Q584E:R585W,-14.89767074584961
R566E:G586P:N587C:R588C,-11.630738258361816
R566E:N587A,-8.586508750915527
R566E:P570D,-14.989767074584961
R566E:P570V:R588Y,-9.313133239746094
R566E:Q584K,-12.5592041015625
R566E:Q584S,-9.541910171508789
R566E:Q584Y,-11.178411483764648
R566E:R585T,-4.247147560119629
R566E:R585V:R588F,-1.8057971000671387
R566E:R588I,-0.9995665550231934
R566E:R588Q,-4.5192742347717285
R566E:R588W,-6.005737781524658
R566E:S580A:L583I:N587G,-14.628524780273438
R566E:T568L,-14.869714736938477
R566E:T568V,-12.635635375976562
R566E:T581E,-6.673442840576172
R566E:T581E:R588G,-4.969422340393066
R566E:V571D,-11.569425582885742
R566E:Y576F:R588Q,-7.583498954772949
R566E:Y576V:G577I:G586V,-26.725452423095703
R566F:G586E,-8.437609672546387
R566F:N587W,-12.041672706604004
R566F:P570H,-14.195489883422852
R566F:R585L,-3.798264980316162
R566F:R588N,-3.632291793823242
R566F:S580H,-11.013373374938965
R566F:T568C,-11.721294403076172
R566F:T568E,-16.345775604248047
R566F:T568I:V571S:T573P:R585I,-21.965482711791992
R566F:T573D,-10.71724796295166
R566F:T573E,-10.924785614013672
R566F:V571D:S580E:Q584D:R585E:G586E,-15.387441635131836
R566F:V571P,-12.998088836669922
R566F:V571Q:T573K:S580C:L583Q,-27.667531967163086
R566F:V571R,-13.316808700561523
R566G:G577Y,-10.396796226501465
R566G:G586R,-11.492987632751465
R566G:L583D,-2.8494322299957275
R566G:L583D:R585M:R588D,0.4202535152435303
R566G:N587E,-1.0162125825881958
R566G:N587G,-5.190949440002441
R566G:N587L,-1.8202027082443237
R566G:N587Y,-7.347014904022217
R566G:Q584F,-8.22521686553955
R566G:Q584F:R585Y:R588F,-5.7923197746276855
R566G:Q584Y,-7.9021501541137695
R566G:R585A,-0.956423282623291
R566G:R585H,-2.9339170455932617
R566G:R588C,-0.9863100051879883
R566G:R588F,-0.3631925582885742
R566G:R588K,-5.030452728271484
R566G:S580C:T581D,-7.828325271606445
R566G:S580P:T581E,-4.534809112548828
R566G:T581C,-6.118114471435547
R566G:T581D:N587G,-6.095821380615234
R566G:T581E,-3.397181987762451
R566G:T581E:L583P:R588V,-3.674492359161377
R566G:T581E:R585E:R588C,-0.07736849784851074
R566G:T581E:R585S:N587E,-0.28502607345581055
R566G:V571A:T581E,-7.73727560043335
R566G:Y576A,-9.025087356567383
R566G:Y576F,-5.608036518096924
R566G:Y576L,-9.579689979553223
R566G:Y576W,-3.3343348503112793
R566H:G577H,-12.789961814880371
R566H:G586C,-9.418661117553711
R566H:G586S,-8.260218620300293
R566H:G586Y,-10.133804321289062
R566H:L583P,-8.172294616699219
R566H:L583S,-6.755295753479004
R566H:N569Q,-12.521991729736328
R566H:N587E,-2.0708084106445312
R566H:N587I,-4.527174472808838
R566H:N587S,-6.5509467124938965
R566H:Q584C,-8.940848350524902
R566H:Q584D,-3.515349864959717
R566H:Q584K,-10.337539672851562
R566H:Q584T,-7.11090087890625
R566H:R588D,-1.2565374374389648
R566H:R588S,-1.6000556945800781
R566H:R588V,0.6981692314147949
R566H:S580K,-11.682596206665039
R566H:T581D,-4.503279685974121
R566H:T581L,-7.405735015869141
R566H:V571C,-6.941755294799805
R566H:Y576K,-13.816672325134277
R566H:Y576M,-10.423563003540039
R566H:Y576P,-13.296890258789062
R566H:Y576P:G577W,-19.876012802124023
R566H:Y576P:T581E:R585D:N587E,-11.302000999450684
R566H:Y576W,-4.388930797576904
R566H:Y576W:L583P,-8.962818145751953
R566K:G577P,-13.098220825195312
R566K:G577V,-12.228554725646973
R566K:G586E,-6.283896446228027
R566K:L583E,-3.537543535232544
R566K:L583Y,-6.916575908660889
R566K:L583Y:Q584E,-4.757495880126953
R566K:N587I,-4.13451623916626
R566K:P570D,-12.375444412231445
R566K:Q584C:N587A,-11.314626693725586
R566K:Q584N:R585G:R588L,2.2611913681030273
R566K:Q584T,-6.718242645263672
R566K:Q584V,-6.495161056518555
R566K:R585Q:R588I,1.7181897163391113
R566K:R588F,-1.025130271911621
R566K:R588Y,-1.808004379272461
R566K:S580A,-6.069591522216797
R566K:S580D:Q584E:R588Q,-2.468120574951172
R566K:S580E:R585V:G586I,-8.582235336303711
R566K:S580F,-8.92495059967041
R566K:S580T,-6.796083927154541
R566K:T568Q,-14.391274452209473
R566K:T581D,-4.110621452331543
R566K:T581E,-4.059119701385498
R566K:T581E:N587G,-6.706257343292236
R566K:T581E:R585H,-4.449224948883057
R566K:T581E:R588H,-3.4450507164001465
R566K:V571A:Y576G:R585I:R588F,-10.10381031036377
R566K:V571C,-6.549097061157227
R566K:V571L:G577C:S580V,-19.3348445892334
R566K:V571Q,-9.166021347045898
R566K:V571T,-4.42730712890625
R566K:Y576N,-9.994453430175781
R566K:Y576T,-9.913169860839844
R566K:Y576W,-3.996272563934326
R566L:L583C,-9.035454750061035
R566L:N569E,-13.711034774780273
R566L:N587A,-7.436906337738037
R566L:N587R,-11.85843276977539
R566L:N587S,-7.623009204864502
R566L:P570Q,-12.499841690063477
R566L:Q584S,-8.392308235168457
R566L:R585L,-3.1092724800109863
R566L:R585T,-3.0975451469421387
R566L:R588C,-3.1129684448242188
R566L:S580V:G586E,-11.95169734954834
R566L:T568Q,-15.855995178222656
R566L:T568S,-10.777608871459961
R566L:T568V,-11.48603343963623
R566L:T568Y:N569Q:V571F:L583E:Q584M,-34.56271743774414
R566L:T581Y,-7.787477493286133
R566L:V571H,-11.26683235168457
R566L:V571T:R588V,-1.5954508781433105
R566L:Y576C,-8.82040786743164
R566N:G577W,-9.249655723571777
R566N:G586E,-5.748680114746094
R566N:G586H,-9.81092357635498
R566N:L583W,-7.497570514678955
R566N:P570V,-7.561338901519775
R566N:R588L,2.715456008911133
R566N:S580C,-7.050174713134766
R566N:S580C:G586L,-10.48947525024414
R566N:S580Q,-7.677599906921387
R566N:T568F,-13.22309398651123
R566N:T568F:S580T,-16.81342887878418
R566N:T568I:R585Q,-9.910765647888184
R566N:T568V:N587D,-9.779505729675293
R566N:T568V:R588F,-7.305477142333984
R566N:T568Y:Q584L:R585M:N587E:R588E,-10.933721542358398
R566N:T581C,-6.24483585357666
R566N:T581E:N587Q,-6.771181583404541
R566N:T581E:R585M,-2.59608793258667
R566N:T581N,-4.54255485534668
R566N:V571H,-9.266895294189453
R566N:Y576F,-5.734757900238037
R566P:G577K,-19.878211975097656
R566P:G577R,-19.034406661987305
R566P:L583A,-11.663196563720703
R566P:L583M,-12.075246810913086
R566P:N587S,-11.038089752197266
R566P:T568F:T573H:R585H,-24.45773696899414
R566P:T568H,-19.63787078857422
R566P:T568K,-20.207210540771484
R566P:T568L,-17.13519287109375
R566P:T573L:R585D,-12.330522537231445
R566P:T573V,-12.808744430541992
R566Q:G577A,-11.52719497680664
R566Q:G577N,-11.891632080078125
R566Q:G577W:R588I,-5.706031799316406
R566Q:G586M,-9.060288429260254
R566Q:L583I,-7.244887828826904
R566Q:N587A,-6.713851451873779
R566Q:Q584A,-7.883216857910156
R566Q:Q584H,-9.09961986541748
R566Q:R585H,-4.337520599365234
R566Q:R585Y,-3.6951375007629395
R566Q:S580T,-7.537749767303467
R566Q:T568E:G577K:R585E,-24.96407699584961
R566Q:T568E:Y576R:G577K:R585E,-34.087425231933594
R566Q:T568R:V571D:S580F:T581E:L583D,-28.860614776611328
R566Q:T573C,-7.301013469696045
R566Q:V571R,-11.90476131439209
R566Q:V571Y,-9.54438591003418
R566Q:Y576C,-8.097352981567383
R566Q:Y576Q:G586W,-19.66053581237793
R566S:G577Q:T581E:R585V:R588H,-10.233627319335938
R566S:G586I:N587S,-9.581681251525879
R566S:L583C:Q584P:G586D:N587E:R588K,-16.649921417236328
R566S:L583D,-2.7704689502716064
R566S:L583Q:R588F,-4.251499652862549
R566S:N569V:Q584L,-13.758111953735352
R566S:N587D,-2.7582578659057617
R566S:N587E,-0.9372493028640747
R566S:N587G,-5.11198616027832
R566S:N587I,-3.393615245819092
R566S:N587T:R588L,0.34575700759887695
R566S:P570H:T581N,-13.172897338867188
R566S:P570Y:G586S,-15.568843841552734
R566S:Q584A,-6.4006500244140625
R566S:Q584C:R585S,-6.2227325439453125
R566S:Q584E,-0.3057684898376465
R566S:Q584F,-8.14625358581543
R566S:Q584M,-6.722311019897461
R566S:Q584M:R585G,-3.065107822418213
R566S:Q584N,-6.041099548339844
R566S:Q584T:R588D,-3.6354711055755615
R566S:R585I:N587D,-1.0649864673614502
R566S:R585L,-0.9036507606506348
R566S:R585M:R588F,0.6435861587524414
R566S:R585N,-1.7488532066345215
R566S:R585N:R588A,0.4521307945251465
R566S:R585N:R588S,0.24949884414672852
R566S:R585N:R588Y,-0.3511080741882324
R566S:R585Q,-2.361415386199951
R566S:R585S:R588F,1.3003273010253906
R566S:R585V,-0.6311922073364258
R566S:R585W,-3.4886646270751953
R566S:R588A,-0.26386451721191406
R566S:R588F,-0.2842292785644531
R566S:R588G,-0.7608280181884766
R566S:R588Q,-1.1640501022338867
R566S:R588W,-2.6505136489868164
R566S:R588Y,-1.067103385925293
R566S:S580A:R585M:G586P:R588N,-5.40621280670166
R566S:S580D,-5.187098026275635
R566S:S580D:Q584E,-3.028017997741699
R566S:S580P,-3.602475643157959
R566S:S580Y,-7.752586841583252
R566S:T568C:T573V:T581E,-14.403244018554688
R566S:T568V,-9.280411720275879
R566S:T581D,-3.369720458984375
R566S:T581D:Q584V:R585I,-4.965860366821289
R566S:T581D:R585N:R588Y,-1.2559800148010254
R566S:T581D:R585Q,-3.266287326812744
R566S:T581E,-3.31821870803833
R566S:T581E:G586E,-6.396365642547607
R566S:T581E:L583S:Q584M:R585A:G586M,-14.25805377960205
R566S:T581E:Q584M:N587Q:R588K,-13.309600830078125
R566S:T581E:Q584M:R585Q,-7.472248077392578
R566S:T581E:R585G:R588Y,1.736729621887207
R566S:T581E:R585K,-5.9155168533325195
R566S:T581E:R585M:R588F,-0.20978403091430664
R566S:T581N:R585F:N587P,-4.751401901245117
R566S:T581P,-5.297706127166748
R566S:V571A:R585G:N587D:R588I,1.3793578147888184
R566S:V571C:Q584I:R585I,-7.798439025878906
R566S:V571C:R585Q,-5.704762935638428
R566S:V571D:Q584E:R585W:R588T,-4.090986728668213
R566S:V571I:R588F,-4.225002288818359
R566S:V571T:R585F:R588G,-1.6676950454711914
R566S:V571T:T573C,-7.040004253387451
R566S:V571T:T581E:L583D,-4.845396995544434
R566S:V571T:T581V:R588N,-5.416516304016113
R566S:Y576E:G577N:R585Q,-18.75562858581543
R566S:Y576F,-5.529073238372803
R566S:Y576F:L583E:N587L:R588F,-2.956638813018799
R566S:Y576W:L583E:Q584M:R588A,-5.643643856048584
R566V:G586E,-6.607918739318848
R566V:L583D:Q584L:R585V:N587E:R588N,-1.9420452117919922
R566V:L583E:R585S:R588L,3.1089799404144287
R566V:L583I,-6.827244281768799
R566V:L583P:R585M:N587E:R588E,-2.625504493713379
R566V:L583P:R588H,-7.489590167999268
R566V:L583V,-6.841721534729004
R566V:L583V:R588V,-2.545144557952881
R566V:L583W:R585N,-7.640813827514648
R566V:L583W:R588F,-6.17618989944458
R566V:N587A,-6.296207904815674
R566V:N587G,-6.176909446716309
R566V:P570D,-12.699466705322266
R566V:P570H:S580E:L583D:Q584E:N587E,-12.030588150024414
R566V:P570R,-13.404770851135254
R566V:Q584C,-8.872212409973145
R566V:Q584C:R588T,-5.884261131286621
R566V:Q584D,-3.446713924407959
R566V:Q584E,-1.3706917762756348
R566V:Q584E:N587E,0.1569075584411621
R566V:Q584E:R585T:N587E,1.729832649230957
R566V:Q584W,-10.847142219543457
R566V:R585D,-2.2091121673583984
R566V:R585G,0.12743139266967773
R566V:R585H,-3.919877052307129
R566V:R585H:R588E,-0.8971371650695801
R566V:R585K,-6.12706995010376
R566V:R585L:R588D,0.37329626083374023
R566V:R585N,-2.8137764930725098
R566V:R585N:R588F,-0.6331572532653809
R566V:R585N:R588G,-1.1097559928894043
R566V:R585V,-1.696115493774414
R566V:R585W,-4.553587913513184
R566V:R585Y,-3.277493953704834
R566V:R588L,1.856217384338379
R566V:R588Q,-2.228973388671875
R566V:R588T,-0.541820764541626
R566V:S580A,-6.393613815307617
R566V:S580A:Q584E:R588Q,-2.9337353706359863
R566V:S580D:L583D,-6.557641983032227
R566V:S580D:T581D:L583D:R585I,-5.769242286682129
R566V:S580E:Q584W:R585T:R588N,-10.5928955078125
R566V:T568E,-14.516085624694824
R566V:T568P,-15.201570510864258
R566V:T568V:L583I,-13.642807006835938
R566V:T568V:S580D:T581N:R585A,-13.352216720581055
R566V:T568V:V571A,-14.685428619384766
R566V:T568V:V571C:T581E:G586E:R588L,-12.234210968017578
R566V:T568V:Y576F,-13.40955924987793
R566V:T568W,-15.724116325378418
R566V:T573G:G577Q:T581E,-17.26073455810547
R566V:T573K,-11.530657768249512
R566V:T581D,-4.434643745422363
R566V:T581D:L583A,-8.012288093566895
R566V:T581D:Q584E,-2.2755637168884277
R566V:T581D:Q584E:N587Q:R588A,-3.3218579292297363
R566V:T581E,-4.383141994476318
R566V:T581E:Q584T:R585H,-8.28573989868164
R566V:T581E:R588Q,-3.082343578338623
R566V:T581G,-6.676103591918945
R566V:T581N:R585H:N587E:R588L,1.1216899156570435
R566V:V571A:T581V:L583E:R588H,-11.04487133026123
R566V:V571C,-6.873119354248047
R566V:V571C:R585Q,-6.769686222076416
R566V:V571C:S580D:T581E:R588L,-5.062749862670898
R566V:V571D,-9.279125213623047
R566V:V571D:L583D:R585N:R588F,-6.688131332397461
R566V:V571D:R585N:R588F,-6.382510662078857
R566V:V571E:Q584L:R588C,-10.70485782623291
R566V:V571E:Y576F:L583P,-16.70539093017578
R566V:V571Y,-9.12674331665039
R566V:Y576A,-10.01104736328125
R566V:Y576F:L583P:R585I,-9.47461223602295
R566V:Y576F:N587E,-5.066397190093994
R566V:Y576F:R585C:G586P:N587E,-6.709037780761719
R566V:Y576F:R585C:G586P:N587E:R588I,-1.8885319232940674
R566V:Y576F:R585C:N587E,-3.976529121398926
R566V:Y576F:R585H:G586N,-12.391410827636719
R566Y:G577C,-11.739456176757812
R566Y:G577W,-11.030718803405762
R566Y:G586H,-11.591986656188965
R566Y:L583E,-4.783390045166016
R566Y:L583E:R585F:N587I,-5.39746618270874
R566Y:L583E:R585N:R588V,0.22918224334716797
R566Y:L583G:R585N:N587D:R588H,-6.740337371826172
R566Y:L583G:R585Q,-7.673559188842773
R566Y:L583P:G586E:R588A,-9.902647018432617
R566Y:N587D:R588H,-4.130936622619629
R566Y:N587D:R588S,-2.7466535568237305
R566Y:Q584A:R588A,-6.186413764953613
R566Y:Q584D,-4.3685383796691895
R566Y:Q584M:R585I:R588F,-4.83516788482666
R566Y:Q584W,-11.768966674804688
R566Y:R585A,-2.8642077445983887
R566Y:R585D:R588E,-0.10819673538208008
R566Y:R585H:N587D:R588S,-3.136758804321289
R566Y:R585L,-2.8903985023498535
R566Y:R585L:R588P,-1.23313570022583
R566Y:R585M,-3.5237808227539062
R566Y:R585Q,-4.34816312789917
R566Y:R588E,-1.428856372833252
R566Y:R588F,-2.270977020263672
R566Y:R588H,-3.837527275085449
R566Y:R588T,-1.4636452198028564
R566Y:S580A,-7.315438270568848
R566Y:S580D:L583P:R585P:G586E:R588F,-12.900903701782227
R566Y:S580E:T581E:R585I:G586L:N587D,-10.390254974365234
R566Y:S580G:R588T,-3.2454142570495605
R566Y:S580N,-8.03938102722168
R566Y:T568C,-10.81342887878418
R566Y:T568C:T581D,-11.718299865722656
R566Y:T568F,-15.004157066345215
R566Y:T568H,-16.003917694091797
R566Y:T568L,-13.501238822937012
R566Y:T568V:G586P:N587L,-13.2760591506958
R566Y:T581D,-5.356468200683594
R566Y:T581E,-5.304966449737549
R566Y:T581E:G586I:N587Q:R588S,-10.718186378479004
R566Y:T581E:R588I,-0.4844602942466736
R566Y:T581H,-8.083463668823242
R566Y:T581Y,-7.568603515625
R566Y:V571A:L583E,-9.123483657836914
R566Y:V571A:T581E,-9.645059585571289
R566Y:V571C:Y576V:T581G:R585Q,-17.784215927124023
R566Y:V571F,-10.284740447998047
R566Y:Y576F:R585I:G586E,-8.900696754455566
R585A:G586E:N587E:R588I,4.857347011566162
R585A:N587D:R588F,3.4745984077453613
R585A:N587D:R588L,6.679968357086182
R585A:N587D:R588N,3.0211501121520996
R585A:N587D:R588Q,2.5947775840759277
R585A:N587E,3.114987850189209
R585A:N587E:R588A,5.315971851348877
R585A:N587E:R588C,4.672489643096924
R585A:N587E:R588D,5.456858158111572
R585A:N587E:R588H,3.7290568351745605
R585A:N587E:R588I,7.9354939460754395
R585A:N587E:R588L,8.5009765625
R585A:N587E:R588N,4.842158794403076
R585A:N587E:R588Q,4.415786266326904
R585A:N587E:R588S,5.113339900970459
R585A:N587E:R588T,6.102938652038574
R585A:N587E:R588V,7.411564826965332
R585A:N587T,-0.9879951477050781
R585A:R588A,3.78837251663208
R585A:R588D,3.9292588233947754
R585A:R588E,4.610128402709961
R585A:R588F,3.768007755279541
R585A:R588G,3.2914090156555176
R585A:R588H,2.2014575004577637
R585A:R588I,6.407894611358643
R585A:R588L,6.973377704620361
R585A:R588N,3.3145594596862793
R585A:R588Q,2.8881869316101074
R585A:R588S,3.585740566253662
R585A:R588T,4.575339317321777
R585A:R588V,5.883965492248535
R585A:R588W,1.4017233848571777
R585A:R588Y,2.985133647918701
R585C:G586D:R588W,-2.579390048980713
R585C:G586E,-1.988278865814209
R585C:N587E,2.6174674034118652
R585C:N587T,-1.4855155944824219
R585C:R588C,2.647369861602783
R585C:R588F,3.2704873085021973
R585C:R588G,2.793888568878174
R585C:R588P,2.747130870819092
R585C:R588W,0.904202938079834
R585D:G586E,-1.7574872970581055
R585D:N587D:R588N,2.7544212341308594
R585D:N587E,2.8482589721679688
R585D:N587E:R588A,5.049242973327637
R585D:N587E:R588D,5.190129280090332
R585D:N587E:R588E,5.870998859405518
R585D:N587E:R588F,5.028878211975098
R585D:N587E:R588I,7.668765068054199
R585D:N587E:R588N,4.575429916381836
R585D:N587E:R588S,4.846611022949219
R585D:N587I,0.3918929100036621
R585D:N587Y,-3.482543468475342
R585D:R588A,3.52164363861084
R585D:R588D,3.662529945373535
R585D:R588E,4.343399524688721
R585D:R588F,3.501278877258301
R585D:R588G,3.0246801376342773
R585D:R588H,1.9347286224365234
R585D:R588I,6.141165733337402
R585D:R588L,6.706648826599121
R585D:R588N,3.047830581665039
R585D:R588P,2.9779224395751953
R585D:R588Q,2.621458053588867
R585D:R588S,3.319011688232422
R585D:R588T,4.308610916137695
R585D:R588V,5.617236614227295
R585D:R588W,1.1349945068359375
R585E:G586H,-5.378078460693359
R585E:N587D,1.468902349472046
R585E:N587D:R588D,3.8107728958129883
R585E:N587E,3.2899107933044434
R585E:N587E:R588A,5.490894794464111
R585E:N587E:R588E,6.312650680541992
R585E:N587E:R588I,8.110417366027832
R585E:N587E:R588N,5.0170817375183105
R585E:N587E:R588P,4.947173595428467
R585E:N587E:R588V,7.586487770080566
R585E:R588C,3.3198134899139404
R585E:R588D,4.104182243347168
R585E:R588F,3.9429309368133545
R585E:R588I,6.582818031311035
R585E:R588N,3.4894826412200928
R585E:R588Q,3.063110113143921
R585E:R588W,1.5766465663909912
R585E:R588Y,3.1600568294525146
R585F:N587D,0.02128124237060547
R585F:N587D:R588H,0.635350227355957
R585F:N587D:R588S,2.0196332931518555
R585F:N587E,1.8422898054122925
R585F:N587E:R588A,4.04327392578125
R585F:N587E:R588D,4.184160232543945
R585F:N587E:R588L,7.228279113769531
R585F:N587E:R588Q,3.1430883407592773
R585F:N587E:R588S,3.840641975402832
R585F:N587E:R588T,4.830240726470947
R585F:N587E:R588W,1.656624674797058
R585F:N587E:R588Y,3.240035057067871
R585F:N587I,-0.6140761375427246
R585F:N587T:R588G,-0.5566725730895996
R585F:R588A,2.515674591064453
R585F:R588F,2.495309829711914
R585F:R588H,0.9287595748901367
R585F:R588I,5.135196685791016
R585F:R588P,1.9719533920288086
R585F:R588S,2.313042640686035
R585F:R588T,3.3026416301727295
R585F:R588V,4.611267566680908
R585F:R588W,0.12902545928955078
R585G:G586E,0.5790562629699707
R585G:N587D:R588N,5.0909647941589355
R585G:N587D:R588Q,4.664592266082764
R585G:N587E,5.184802532196045
R585G:N587E:R588A,7.385786533355713
R585G:N587E:R588F,7.365421772003174
R585G:N587E:R588H,5.7988715171813965
R585G:N587E:R588L,10.570791244506836
R585G:N587E:R588N,6.911973476409912
R585G:N587E:R588Q,6.48560094833374
R585G:N587E:R588S,7.183154582977295
R585G:N587E:R588T,8.17275333404541
R585G:N587E:R588V,9.481379508972168
R585G:N587E:R588W,4.9991374015808105
R585G:N587L,4.380812168121338
R585G:N587Q:R588F,2.5905442237854004
R585G:R588A,5.858187198638916
R585G:R588C,5.214704990386963
R585G:R588D,5.999073505401611
R585G:R588F,5.837822437286377
R585G:R588H,4.2712721824646
R585G:R588K,1.1705622673034668
R585G:R588L,9.043191909790039
R585G:R588N,5.384374141693115
R585G:R588P,5.3144659996032715
R585G:R588Q,4.958001613616943
R585G:R588S,5.655555248260498
R585G:R588T,6.645153999328613
R585G:R588V,7.953780174255371
R585G:R588W,3.4715380668640137
R585G:R588Y,5.054948329925537
R585H:G586D,-3.8736982345581055
R585H:G586E,-3.468252182006836
R585H:G586F:N587Q,-9.898520469665527
R585H:G586M:R588Q,-4.202179908752441
R585H:N587D,-0.6835145950317383
R585H:N587D:R588L,4.702474594116211
R585H:N587D:R588S,1.3148374557495117
R585H:N587E,1.1374939680099487
R585H:N587E:R588A,3.3384780883789062
R585H:N587E:R588C,2.694995880126953
R585H:N587E:R588F,3.318113327026367
R585H:N587E:R588L,6.5234832763671875
R585H:N587E:R588N,2.8646650314331055
R585H:N587E:R588Q,2.4382925033569336
R585H:N587E:R588S,3.1358461380004883
R585H:N587E:R588T,4.1254448890686035
R585H:N587E:R588V,5.434071063995361
R585H:N587G,-3.037242889404297
R585H:N587L,0.3335038423538208
R585H:N587M,-2.5017971992492676
R585H:N587M:R588E,0.5209426879882812
R585H:N587P,-1.1193275451660156
R585H:N587Q,-3.637383460998535
R585H:N587T:R588I,1.8550171852111816
R585H:N587Y,-5.193308353424072
R585H:R588A,1.8108787536621094
R585H:R588C,1.1673965454101562
R585H:R588D,1.9517650604248047
R585H:R588E,2.6326346397399902
R585H:R588F,1.7905139923095703
R585H:R588G,1.3139152526855469
R585H:R588I,4.430400848388672
R585H:R588L,4.995883941650391
R585H:R588N,1.3370656967163086
R585H:R588P,1.2671575546264648
R585H:R588Q,0.9106931686401367
R585H:R588S,1.6082468032836914
R585H:R588T,2.5978457927703857
R585H:R588V,3.9064717292785645
R585H:R588W,-0.575770378112793
R585H:R588Y,1.0076398849487305
R585I:G586D:R588W,-1.9759867191314697
R585I:G586F,-4.567865371704102
R585I:G586P,-1.0392374992370605
R585I:N587D,1.3998620510101318
R585I:N587D:R588C,2.9573638439178467
R585I:N587D:R588E,4.422601699829102
R585I:N587D:R588F,3.5804812908172607
R585I:N587D:R588V,5.696438789367676
R585I:N587E,3.2208704948425293
R585I:N587E:R588A,5.421854496002197
R585I:N587E:R588F,5.401489734649658
R585I:N587E:R588I,8.041377067565918
R585I:N587E:R588S,5.219222545623779
R585I:N587E:R588T,6.208821773529053
R585I:N587H:R588G,-1.6110966205596924
R585I:N587I,0.7645046710968018
R585I:N587L,2.4168806076049805
R585I:N587T,-0.8821122646331787
R585I:N587T:R588P,0.7751505374908447
R585I:R588A,3.8942553997039795
R585I:R588C,3.2507731914520264
R585I:R588E,4.716011047363281
R585I:R588F,3.8738906383514404
R585I:R588G,3.397291898727417
R585I:R588H,2.307340383529663
R585I:R588I,6.513777732849121
R585I:R588L,7.07926082611084
R585I:R588N,3.4204423427581787
R585I:R588Q,2.994069814682007
R585I:R588S,3.6916234493255615
R585I:R588T,4.681222438812256
R585I:R588V,5.9898481369018555
R585I:R588W,1.5076062679290771
R585I:R588Y,3.0910165309906006
R585K:N587D:R588T,0.0972435474395752
R585K:N587E:R588Y,0.32804620265960693
R585L:G586D,-1.9223952293395996
R585L:G586E:R588C,0.040552616119384766
R585L:N587D,1.2677884101867676
R585L:N587D:R588C,2.8252902030944824
R585L:N587D:R588F,3.4484076499938965
R585L:N587D:R588H,1.8818573951721191
R585L:N587D:R588Q,2.568586826324463
R585L:N587D:R588W,1.0821232795715332
R585L:N587D:R588Y,2.6655335426330566
R585L:N587E,3.088797092437744
R585L:N587E:R588C,4.646298885345459
R585L:N587E:R588N,4.815968036651611
R585L:N587E:R588S,5.087149143218994
R585L:N587E:R588T,6.076747894287109
R585L:N587E:R588V,7.385374069213867
R585L:N587E:R588Y,4.486542224884033
R585L:N587P:R588F,3.012594699859619
R585L:N587S,-1.391341209411621
R585L:N587T,-1.014185905456543
R585L:N587T:R588F,1.166433334350586
R585L:N587Y,-3.2420053482055664
R585L:R588A,3.7621817588806152
R585L:R588C,3.118699550628662
R585L:R588D,3.9030680656433105
R585L:R588E,4.583937644958496
R585L:R588F,3.741816997528076
R585L:R588G,3.2652182579040527
R585L:R588H,2.175266742706299
R585L:R588I,6.381703853607178
R585L:R588L,6.9471869468688965
R585L:R588N,3.2883687019348145
R585L:R588Q,2.8619961738586426
R585L:R588S,3.5595498085021973
R585L:R588T,4.5491485595703125
R585L:R588V,5.85777473449707
R585L:R588Y,2.9589428901672363
R585M:G586E,-2.150331497192383
R585M:G586P,-1.8046934604644775
R585M:G586V,-3.5360774993896484
R585M:N587C,-3.7078428268432617
R585M:N587D,0.6344060897827148
R585M:N587D:R588L,6.020395278930664
R585M:N587E,2.4554147720336914
R585M:N587E:R588A,4.656398773193359
R585M:N587E:R588H,3.069483757019043
R585M:N587E:R588L,7.841403961181641
R585M:N587E:R588N,4.182585716247559
R585M:N587E:R588Q,3.7562131881713867
R585M:N587E:R588S,4.453766822814941
R585M:N587E:R588V,6.7519917488098145
R585M:N587W,-5.75439453125
R585M:R588A,3.1287994384765625
R585M:R588C,2.4853172302246094
R585M:R588D,3.269685745239258
R585M:R588E,3.9505553245544434
R585M:R588F,3.1084346771240234
R585M:R588H,1.541884422302246
R585M:R588I,5.748321533203125
R585M:R588L,6.313804626464844
R585M:R588N,2.6549863815307617
R585M:R588T,3.915766477584839
R585N:G586D,-2.7675976753234863
R585N:G586E:N587P,-3.091373920440674
R585N:G586Y:R588V,-1.5228238105773926
R585N:N587D,0.42258596420288086
R585N:N587D:R588E,3.4453258514404297
R585N:N587D:R588L,5.80857515335083
R585N:N587D:R588S,2.420938014984131
R585N:N587D:R588T,3.410537004470825
R585N:N587E,2.2435946464538574
R585N:N587E:R588H,2.857663631439209
R585N:N587E:R588I,7.064100742340088
R585N:N587E:R588L,7.629583835601807
R585N:N587E:R588N,3.9707655906677246
R585N:N587E:R588Q,3.5443930625915527
R585N:N587E:R588S,4.241946697235107
R585N:N587E:R588T,5.231545448303223
R585N:N587E:R588V,6.5401716232299805
R585N:N587G,-1.9311423301696777
R585N:N587L,1.43960440158844
R585N:N587L:R588Y,2.8373494148254395
R585N:R588A,2.9169793128967285
R585N:R588C,2.2734971046447754
R585N:R588D,3.057865619659424
R585N:R588E,3.7387351989746094
R585N:R588F,2.8966145515441895
R585N:R588G,2.420015811920166
R585N:R588H,1.330064296722412
R585N:R588I,5.536501407623291
R585N:R588L,6.10198450088501
R585N:R588N,2.4431662559509277
R585N:R588P,2.373258113861084
R585N:R588Q,2.016793727874756
R585N:R588S,2.7143473625183105
R585N:R588T,3.703946352005005
R585N:R588V,5.012572288513184
R585N:R588W,0.5303301811218262
R585N:R588Y,2.1137404441833496
R585P:G586D,-3.739236831665039
R585P:G586D:R588I,1.0812692642211914
R585P:G586E,-3.3337907791137695
R585P:G586K,-9.365743637084961
R585P:G586L,-3.6949448585510254
R585P:G586S,-4.917454719543457
R585P:N587E:R588D,3.613825798034668
R585P:N587H:R588Q,-3.9632339477539062
R585P:N587L,0.4679652452468872
R585P:N587L:R588D,2.809835433959961
R585P:N587Q,-3.5029220581054688
R585P:R588A,1.9453401565551758
R585P:R588D,2.086226463317871
R585P:R588I,4.564862251281738
R585P:R588P,1.4016189575195312
R585P:R588Q,1.0451545715332031
R585P:R588T,2.732307195663452
R585P:R588V,4.040933132171631
R585Q:G586E,-2.9747138023376465
R585Q:G586L,-3.3358678817749023
R585Q:G586M,-5.009439945220947
R585Q:G586R,-8.845743179321289
R585Q:N587D,-0.18997621536254883
R585Q:N587D:R588C,1.367525577545166
R585Q:N587D:R588H,0.42409276962280273
R585Q:N587E,1.6310323476791382
R585Q:N587E:R588A,3.8320164680480957
R585Q:N587E:R588D,3.972902774810791
R585Q:N587E:R588H,2.2451014518737793
R585Q:N587E:R588L,7.017021656036377
R585Q:N587E:R588N,3.358203411102295
R585Q:N587E:R588Q,2.931830883026123
R585Q:N587E:R588S,3.6293845176696777
R585Q:N587E:R588V,5.927609443664551
R585Q:N587G:R588F,-0.3630852699279785
R585Q:N587L,0.8270422220230103
R585Q:N587P,-0.6257891654968262
R585Q:N587T,-2.4719505310058594
R585Q:N587T:R588A,-0.2709665298461914
R585Q:N587T:R588S,-0.4735984802246094
R585Q:N587Y,-4.699769973754883
R585Q:R588A,2.304417133331299
R585Q:R588C,1.6609349250793457
R585Q:R588E,3.1261730194091797
R585Q:R588F,2.2840523719787598
R585Q:R588H,0.7175021171569824
R585Q:R588I,4.923939228057861
R585Q:R588L,5.48942232131958
R585Q:R588Q,1.4042315483093262
R585Q:R588S,2.101785182952881
R585Q:R588T,3.091384172439575
R585Q:R588V,4.400010108947754
R585Q:R588W,-0.08223199844360352
R585Q:R588Y,1.50117826461792
R585S:N587D:R588Q,2.5919456481933594
R585S:N587E:R588A,5.313139915466309
R585S:N587E:R588L,8.49814510345459
R585S:N587E:R588N,4.839326858520508
R585S:N587E:R588S,5.110507965087891
R585S:N587E:R588T,6.100107192993164
R585S:R588A,3.7855405807495117
R585S:R588D,3.926426887512207
R585S:R588E,4.607296466827393
R585S:R588F,3.7651758193969727
R585S:R588H,2.1986255645751953
R585S:R588I,6.405062675476074
R585S:R588L,6.970545768737793
R585S:R588N,3.311727523803711
R585S:R588Q,2.885354995727539
R585S:R588S,3.5829086303710938
R585S:R588T,4.572507858276367
R585S:R588V,5.881133556365967
R585S:R588W,1.3988914489746094
R585S:R588Y,2.982301712036133
R585T:G586C,-4.247328281402588
R585T:G586E,-1.5052218437194824
R585T:G586E:R588C,0.05227994918823242
R585T:G586P,-1.1595838069915771
R585T:G586V,-2.890967845916748
R585T:G586V:R588L,2.495021343231201
R585T:N587D,1.2795157432556152
R585T:N587D:R588A,3.480499744415283
R585T:N587D:R588V,5.576092720031738
R585T:N587E,3.100524425506592
R585T:N587E:R588A,5.30150842666626
R585T:N587E:R588L,8.486513137817383
R585T:N587E:R588N,4.827695369720459
R585T:N587E:R588S,5.098876476287842
R585T:N587E:R588V,7.397101402282715
R585T:N587E:R588Y,4.498269557952881
R585T:N587T,-1.0024585723876953
R585T:R588A,3.773909091949463
R585T:R588D,3.914795398712158
R585T:R588F,3.753544330596924
R585T:R588G,3.2769455909729004
R585T:R588H,2.1869940757751465
R585T:R588I,6.393431186676025
R585T:R588L,6.958914279937744
R585T:R588N,3.300096035003662
R585T:R588P,3.2301878929138184
R585T:R588Q,2.8737235069274902
R585T:R588S,3.571277141571045
R585T:R588T,4.56087589263916
R585T:R588W,1.3872599601745605
R585T:R588Y,2.970670223236084
R585V:G586E,-1.244490623474121
R585V:G586P,-0.8988525867462158
R585V:G586V:R588F,-0.4496173858642578
R585V:N587D,1.5402469635009766
R585V:N587D:R588L,6.926236152648926
R585V:N587D:R588N,3.2674179077148438
R585V:N587E,3.361255645751953
R585V:N587E:R588E,6.383995532989502
R585V:N587E:R588F,5.541874885559082
R585V:N587E:R588L,8.747244834899902
R585V:N587E:R588N,5.08842658996582
R585V:N587E:R588P,5.018518447875977
R585V:N587E:R588T,6.349206924438477
R585V:N587T,-0.741727352142334
R585V:N587T:R588A,1.459256649017334
R585V:R588A,4.034640312194824
R585V:R588C,3.391158103942871
R585V:R588D,4.1755266189575195
R585V:R588E,4.856396198272705
R585V:R588F,4.014275550842285
R585V:R588G,3.5376768112182617
R585V:R588H,2.447725296020508
R585V:R588I,6.654162406921387
R585V:R588L,7.2196455001831055
R585V:R588N,3.5608272552490234
R585V:R588Q,3.1344547271728516
R585V:R588S,3.8320083618164062
R585V:R588T,4.82160758972168
R585V:R588V,6.130233287811279
R585V:R588W,1.6479911804199219
R585V:R588Y,3.2314014434814453
R585W:N587D,-1.317225456237793
R585W:N587D:R588V,2.97935152053833
R585W:N587E,0.503783106803894
R585W:N587E:R588A,2.7047672271728516
R585W:N587E:R588L,5.889772415161133
R585W:N587E:R588N,2.230954170227051
R585W:N587E:R588Q,1.8045815229415894
R585W:N587E:R588S,2.5021352767944336
R585W:N587E:R588T,3.491734027862549
R585W:R588E,1.9989237785339355
R585W:R588F,1.1568031311035156
R585W:R588G,0.6802043914794922
R585W:R588L,4.362173080444336
R585W:R588N,0.7033548355102539
R585W:R588Q,0.27698230743408203
R585W:R588S,0.9745359420776367
R585W:R588T,1.964134931564331
R585W:R588V,3.2727608680725098
R585W:R588W,-1.2094812393188477
R585Y:G586E:R588V,1.470707893371582
R585Y:G586F:N587E,-4.481259822845459
R585Y:N587D,-0.04113149642944336
R585Y:N587D:R588S,1.9572205543518066
R585Y:N587D:R588W,-0.22679662704467773
R585Y:N587E,1.7798770666122437
R585Y:N587E:R588A,3.980861186981201
R585Y:N587E:R588C,3.337378978729248
R585Y:N587E:R588G,3.4838976860046387
R585Y:N587E:R588H,2.3939461708068848
R585Y:N587E:R588L,7.165866374969482
R585Y:N587E:R588N,3.5070481300354004
R585Y:N587E:R588Q,3.0806756019592285
R585Y:N587E:R588T,4.767827987670898
R585Y:N587E:R588V,6.076454162597656
R585Y:N587E:R588W,1.5942119359970093
R585Y:N587V,-1.3694119453430176
R585Y:R588A,2.4532618522644043
R585Y:R588C,1.8097796440124512
R585Y:R588D,2.5941481590270996
R585Y:R588E,3.275017738342285
R585Y:R588F,2.4328970909118652
R585Y:R588H,0.8663468360900879
R585Y:R588I,5.072783946990967
R585Y:R588L,5.6382670402526855
R585Y:R588N,1.9794487953186035
R585Y:R588Q,1.5530762672424316
R585Y:R588S,2.2506299018859863
R585Y:R588V,4.548854827880859
S580A:G586L,-6.30314302444458
S580A:G586L:N587P:R588Q,-5.731566905975342
S580A:G586V,-7.32773494720459
S580A:L583D:Q584D:G586I:R588G,-5.546677589416504
S580A:L583D:Q584I:G586D:R588N,-8.60939884185791
S580A:L583D:Q584S:G586S:R588A,-9.352127075195312
S580A:L583G,-6.18923807144165
S580A:L583Q,-6.831112384796143
S580A:L583V:N587D,-6.46920108795166
S580A:N587E:R588A,0.8647412061691284
S580A:N587G,-5.510979652404785
S580A:N587K,-9.348649024963379
S580A:N587P,-3.593064308166504
S580A:N587Q,-6.111120223999023
S580A:N587T,-5.439225673675537
S580A:Q584A:G586M:N587E:R588E,-7.362176895141602
S580A:Q584C,-8.206282615661621
S580A:Q584C:R585V,-6.372626304626465
S580A:Q584D,-2.7807841300964355
S580A:Q584D:R585Q:N587D:R588C,-1.4132585525512695
S580A:Q584E,-0.7047619819641113
S580A:Q584E:G586D:N587T:R588E,-3.7409987449645996
S580A:Q584E:G586H:N587T:R588L,-5.034547328948975
S580A:Q584E:G586T:N587I:R588K,-8.903573989868164
S580A:Q584E:R585D:G586P:N587T:R588D,-2.3501245975494385
S580A:Q584G,-6.568666458129883
S580A:Q584M,-7.121304512023926
S580A:Q584N:G586V:N587T:R588S,-11.48101806640625
S580A:Q584V,-6.153253555297852
S580A:R585A:G586L:R588H,-4.101685523986816
S580A:R585I,-1.1705706119537354
S580A:R585I:R588F,1.0100486278533936
S580A:R585L:R588S,0.6957077980041504
S580A:R585V:R588L,4.355803489685059
S580A:R585Y:R588D,-0.26969385147094727
S580A:R588G,-1.1598215103149414
S580A:R588Q,-1.5630435943603516
S580A:R588S,-0.8654899597167969
S580A:R588T,0.12410902976989746
S580A:T581C,-6.438144683837891
S580A:T581C:N587G,-9.085282325744629
S580A:T581D,-3.76871395111084
S580A:T581E,-3.717212200164795
S580A:T581E:Q584D:R585Q:R588L,1.8552680015563965
S580A:T581E:R585D,-2.396552562713623
S580A:T581E:R585H:R588C,-2.5498156547546387
S580A:T581E:R585Q:G586H:N587D,-11.047578811645508
S580A:T581N,-4.73586368560791
S580A:T581N:Q584E:R585D:R588E,1.7666161060333252
S580A:T581N:Q584N:R585D:N587T:R588Q,-8.266039848327637
S580A:T581V:L583E:R585T:R588F,-2.8993728160858154
S580C:G586A,-9.082313537597656
S580C:G586F,-10.640778541564941
S580C:G586P,-7.112150192260742
S580C:L583D,-4.6852617263793945
S580C:L583G:R585P:G586N:N587E:R588D,-9.498520851135254
S580C:L583Y:R585Q:G586E:N587E:R588L,-4.151593208312988
S580C:N587D,-4.673050880432129
S580C:N587K,-10.864448547363281
S580C:Q584D,-4.296583652496338
S580C:R585Q,-4.276208400726318
S580C:T581D,-5.284513473510742
S580C:T581E,-5.233011722564697
S580D:G586C,-8.542503356933594
S580D:G586D,-6.2058424949646
S580D:G586E,-5.80039644241333
S580D:G586E:N587T:R588L,-2.989790916442871
S580D:G586E:R588P,-4.143133640289307
S580D:G586L,-6.161550521850586
S580D:G586N,-8.129558563232422
S580D:G586P:R588N,-3.7275874614715576
S580D:G586T,-7.505654335021973
S580D:L583D,-3.027869939804077
S580D:L583D:Q584C,-8.370309829711914
S580D:L583D:Q584C:R585N,-7.654314994812012
S580D:L583D:Q584C:R588I,-3.549804449081421
S580D:L583D:Q584D:R585M:R588D,0.324873685836792
S580D:L583D:Q584E,-0.8687899112701416
S580D:L583D:Q584E:R585I:N587E:R588S,4.350432872772217
S580D:L583D:Q584E:R588D,1.4730803966522217
S580D:L583D:Q584M:R585V:R588F,-3.271056890487671
S580D:L583D:Q584M:R588F,-5.104713439941406
S580D:L583D:Q584N:G586E,-9.682268142700195
S580D:L583D:R585A:R588D,0.9013888835906982
S580D:L583D:R585I:N587D,-1.6280078887939453
S580D:L583D:R585N:N587D,-2.6052839756011963
S580D:L583D:R585N:N587D:R588N,-0.8781130313873291
S580D:L583D:R585N:R588V,1.9847023487091064
S580D:L583D:R585Q:N587G:R588H,-4.957505226135254
S580D:L583D:R585S:R588A,0.7576706409454346
S580D:L583D:R588A,-0.8268859386444092
S580D:L583D:R588F,-0.8472506999969482
S580D:L583D:R588H,-2.4138009548187256
S580D:L583D:R588S,-1.0295178890228271
S580D:L583E,-3.0540435314178467
S580D:L583E:G586E:N587D,-6.425600051879883
S580D:L583E:G586E:N587D:R588L,-1.0396106243133545
S580D:L583E:N587D,-3.3474528789520264
S580D:L583E:N587D:R588Q,-2.046654462814331
S580D:L583E:Q584E:R585E,0.8673481941223145
S580D:L583E:Q584E:R585Q:R588Q,0.509268045425415
S580D:L583E:R585D:R588H,-1.1193149089813232
S580D:L583E:R585L:N587E,0.03475356101989746
S580D:L583E:R585P,-3.309687376022339
S580D:L583E:R585W:G586L,-7.517160415649414
S580D:L583E:R588A,-0.8530595302581787
S580D:L583G:N587D:R588P,-4.6837921142578125
S580D:L583G:R585S:N587E,-2.9354896545410156
S580D:L583M,-6.711945533752441
S580D:L583P,-7.296136856079102
S580D:L583P:Q584N:R585A:R588G,-7.5809783935546875
S580D:L583P:R585T:R588W,-5.908876895904541
S580D:L583P:R588I,-2.475630760192871
S580D:L583Q,-6.689519882202148
S580D:L583Q:N587D,-6.982929229736328
S580D:L583Q:Q584E,-4.530439853668213
S580D:L583Q:R585E:R588Q,-3.6264097690582275
S580D:L583S:Q584D:R585L:R588F,-2.054262638092041
S580D:L583W:G586E,-10.627433776855469
S580D:N587A,-5.488685607910156
S580D:N587D,-3.0156588554382324
S580D:N587D:R588F,-0.8350396156311035
S580D:N587D:R588G,-1.311638355255127
S580D:N587D:R588V,1.2809181213378906
S580D:N587E,-1.1946502923965454
S580D:N587T,-5.297633171081543
S580D:N587T:R588S,-3.299281120300293
S580D:Q584C,-8.064689636230469
S580D:Q584C:R585A,-6.477301597595215
S580D:Q584C:R585N:R588V,-3.052117347717285
S580D:Q584C:R585P:R588D,-5.978463172912598
S580D:Q584C:R585Y:R588D,-5.470541477203369
S580D:Q584C:R585Y:R588L,-2.426422595977783
S580D:Q584C:R588D,-5.722819805145264
S580D:Q584D,-2.6391916275024414
S580D:Q584D:R585L:G586E,-4.1561408042907715
S580D:Q584E,-0.5631694793701172
S580D:Q584E:N587E:R588L,6.350419044494629
S580D:Q584E:R585A:R588P,2.6814818382263184
S580D:Q584E:R585G:R588I,7.914539337158203
S580D:Q584E:R585L:N587D,0.7046189308166504
S580D:Q584E:R585V:R588G,2.9745073318481445
S580D:Q584E:R585V:R588Q,2.5712852478027344
S580D:Q584E:R588A,1.6378145217895508
S580D:Q584E:R588D,1.778700828552246
S580D:Q584E:R588Q,0.7376289367675781
S580D:Q584F,-8.403654098510742
S580D:Q584I:R585Q:N587E,-4.774731159210205
S580D:Q584I:R588H,-5.791694641113281
S580D:Q584I:R588P,-4.748500823974609
S580D:Q584L,-5.917328834533691
S580D:Q584L:R585V:R588H,-3.4696035385131836
S580D:Q584M,-6.979712009429932
S580D:Q584M:N587T,-9.555095672607422
S580D:Q584M:R585L:R588Y,-4.020769119262695
S580D:Q584M:R588S,-4.981359958648682
S580D:Q584N:G586D,-9.782093048095703
S580D:Q584N:R585H:R588W,-6.874270439147949
S580D:R585A,-1.1348609924316406
S580D:R585A:N587E,0.3927382230758667
S580D:R585A:R588I,3.68564510345459
S580D:R585D,-1.4015898704528809
S580D:R585D:G586E:N587E,-2.9521374702453613
S580D:R585G,0.9349536895751953
S580D:R585G:N587D,0.6415443420410156
S580D:R585G:R588Y,2.3326988220214844
S580D:R585H,-3.1123547554016113
S580D:R585H:R588T,-0.12440371513366699
S580D:R585I:N587D:R588A,0.8785965442657471
S580D:R585L,-1.1610517501831055
S580D:R585L:N587D,-1.4544610977172852
S580D:R585L:R588Q,0.13974666595458984
S580D:R585N,-2.006254196166992
S580D:R585N:R588Q,-0.7054557800292969
S580D:R585P:G586E:R588E,-3.0333003997802734
S580D:R585P:N587E,-1.4502941370010376
S580D:R585Q,-2.618816375732422
S580D:R585Q:R588S,-0.6204643249511719
S580D:R585Q:R588W,-2.8044815063476562
S580D:R585S,-1.137692928314209
S580D:R585S:R588D,1.2041773796081543
S580D:R585T,-1.1493244171142578
S580D:R585T:N587D:R588Q,-0.1419353485107422
S580D:R585T:N587T,-3.724708080291748
S580D:R585V,-0.8885931968688965
S580D:R585W:G586E:R588Y,-5.426467418670654
S580D:R585Y,-2.4699716567993164
S580D:R585Y:G586D:R588A,-3.7525806427001953
S580D:R585Y:R588A,-0.26898765563964844
S580D:R585Y:R588F,-0.2893524169921875
S580D:R588A,-0.5212655067443848
S580D:R588D,-0.38037919998168945
S580D:R588E,0.3004903793334961
S580D:R588F,-0.5416302680969238
S580D:R588G,-1.0182290077209473
S580D:R588H,-2.108180522918701
S580D:R588I,2.0982565879821777
S580D:R588L,2.6637396812438965
S580D:R588N,-0.9950785636901855
S580D:R588P,-1.0649867057800293
S580D:R588Q,-1.4214510917663574
S580D:R588S,-0.7238974571228027
S580D:R588V,1.5743274688720703
S580D:R588W,-2.907914638519287
S580D:R588Y,-1.3245043754577637
S580D:T581C,-6.2965521812438965
S580D:T581D,-3.6271214485168457
S580D:T581D:R585M:R588N,-0.972135066986084
S580D:T581D:R585T:G586E:R588P,-3.4750804901123047
S580D:T581E,-3.575619697570801
S580D:T581E:L583E:Q584C:N587Q:R588A,-10.296148300170898
S580D:T581E:N587P,-4.304841995239258
S580D:T581E:Q584C,-8.918059349060059
S580D:T581E:Q584C:R585H:R588A,-7.107181549072266
S580D:T581E:Q584F:R585W,-10.280840873718262
S580D:T581E:R585H,-3.9657249450683594
S580D:T581E:R585N,-2.8596243858337402
S580D:T581E:R585Q,-3.47218656539917
S580D:T581E:R585W,-4.599435806274414
S580D:T581E:R588I,1.2448863983154297
S580D:T581E:R588L,1.8103694915771484
S580D:T581E:R588V,0.720957338809967
S580D:T581H,-6.354116439819336
S580D:T581N:L583D:R585I,-3.2066197395324707
S580E:G586E,-6.123995780944824
S580E:L583D,-3.3514692783355713
S580E:L583D:G586E:N587E,-4.902017116546631
S580E:L583D:N587D,-3.644878625869751
S580E:L583D:N587E,-1.823870062828064
S580E:L583D:N587E:R588A,0.37711405754089355
S580E:L583D:Q584D:N587E,-1.7408121824264526
S580E:L583D:Q584D:R585I:N587E,-0.04754078388214111
S580E:L583D:Q584D:R585P:N587D:R588W,-4.003129959106445
S580E:L583D:Q584D:R585P:N587E,-1.9964560270309448
S580E:L583D:Q584D:R585S:R588H,-1.0697858333587646
S580E:L583D:Q584E,-1.1923892498016357
S580E:L583D:Q584E:G586E:N587E:R588F,-0.5623177289962769
S580E:L583D:Q584E:R585C:N587E:R588I,6.245584487915039
S580E:L583D:Q584E:R585I:G586E,-2.5772645473480225
S580E:L583D:Q584E:R585P:R588F,0.732586145401001
S580E:L583D:Q584E:R585P:R588V,2.848543882369995
S580E:L583D:R585C:R588A,-0.06061720848083496
S580E:L583D:R585E:N587E:R588A,2.13942551612854
S580E:L583D:R585F:R588F,-0.8561594486236572
S580E:L583D:R585G,0.30573391914367676
S580E:L583D:R585H:N587E,-2.213975429534912
S580E:L583D:R585I,-1.6581978797912598
S580E:L583D:R585I:R588Y,-0.2604527473449707
S580E:L583D:R585L,-1.790271520614624
S580E:L583D:R585M:G586E:R588D,-3.159930467605591
S580E:L583D:R585M:N587E:R588V,3.400522470474243
S580E:L583D:R585P,-3.6071131229400635
S580E:L583D:R585P:R588G,-1.903092622756958
S580E:L583D:R585T,-1.7785441875457764
S580E:L583D:R585V,-1.517812967300415
S580E:L583D:R585V:G586E:N587E:R588F,-0.8877414464950562
S580E:L583D:R585V:G586E:R588F,-2.4153406620025635
S580E:L583D:R585W:N587D:R588N,-2.941523790359497
S580E:L583D:R585W:R588Y,-2.9775402545928955
S580E:L583D:R588A,-1.1504852771759033
S580E:L583D:R588F,-1.1708500385284424
S580E:L583D:R588T,-0.36351823806762695
S580E:L583D:R588V,0.9451076984405518
S580E:L583E,-3.377642869949341
S580E:L583E:N587D,-3.6710522174835205
S580E:L583E:Q584D:R585V,-1.4609286785125732
S580E:L583E:Q584E:G586E:N587D:R588S,-2.5917670726776123
S580E:L583E:R585D:N587E:R588S,1.468968152999878
S580E:L583E:R585I:N587D:R588V,2.318796157836914
S580E:L583E:R585L:G586E:N587E:R588P,-1.7097300291061401
S580E:L583E:R585N:R588S,-0.6632955074310303
S580E:L583E:R585T:G586E:N587E:R588T,-0.3673144578933716
S580E:L583E:R588H,-2.7635738849639893
S580E:L583E:R588V,0.9189341068267822
S580E:L583P,-7.619736194610596
S580E:L583P:G586D:N587E,-9.575730323791504
S580E:L583P:Q584E:R585A:G586E:N587D,-7.244824409484863
S580E:N587D,-3.3392581939697266
S580E:N587E,-1.5182496309280396
S580E:N587E:R588F,0.6623696088790894
S580E:N587E:R588Y,-0.12050449848175049
S580E:N587L,-2.322239875793457
S580E:N587S,-5.998387813568115
S580E:Q584A:R585N:N587E,-4.73805570602417
S580E:Q584C:R585H:N587D:R588S,-7.073451995849609
S580E:Q584D,-2.9627909660339355
S580E:Q584D:G586E,-6.040937900543213
S580E:Q584D:N587E,-1.4351917505264282
S580E:Q584D:N587K:R588H,-8.833528518676758
S580E:Q584D:R585A:N587E:R588Q,1.4529953002929688
S580E:Q584D:R585A:N587E:R588W,-0.03346824645996094
S580E:Q584D:R585E:N587D:R588N,0.23328232765197754
S580E:Q584D:R585G:G586E:N587E:R588P,0.8011273145675659
S580E:Q584D:R585N:N587D:R588F,-0.3595857620239258
S580E:Q584D:R585P:N587E:R588P,-0.03357279300689697
S580E:Q584D:R585P:R588P,-1.5611720085144043
S580E:Q584D:R585Q:N587D:R588W,-3.3384323120117188
S580E:Q584D:R585T:R588A,0.8111181259155273
S580E:Q584D:R588T,0.02516007423400879
S580E:Q584E,-0.8867688179016113
S580E:Q584E:G586D,-4.370361804962158
S580E:Q584E:G586E:R588F,-1.7842965126037598
S580E:Q584E:N587D,-1.180178165435791
S580E:Q584E:N587E,0.640830397605896
S580E:Q584E:R585A:R588Y,2.09836483001709
S580E:Q584E:R585D:R588W,0.24822568893432617
S580E:Q584E:R585H,-1.27687406539917
S580E:Q584E:R585I:R588F,2.987121820449829
S580E:Q584E:R585L,0.6744289398193359
S580E:Q584E:R585M:N587E:R588D,3.9105162620544434
S580E:Q584E:R585P,-1.1424126625061035
S580E:Q584E:R585Q:N587D,-1.0767450332641602
S580E:Q584E:R585W:N587E,-0.3829857110977173
S580E:Q584E:R585Y:N587E,0.8931082487106323
S580E:Q584E:R588F,1.2938504219055176
S580E:Q584E:R588I,3.933737277984619
S580E:Q584L:R588Y,-4.843183517456055
S580E:Q584N,-6.622099876403809
S580E:Q584P:R585A,-6.835914134979248
S580E:R585A,-1.4584603309631348
S580E:R585D,-1.725189208984375
S580E:R585D:N587D:R588S,-0.020246505737304688
S580E:R585D:N587E,-0.19758999347686768
S580E:R585D:N587E:R588D,2.144280433654785
S580E:R585D:R588F,0.4554300308227539
S580E:R585E,-1.2835371494293213
S580E:R585F,-2.7311582565307617
S580E:R585F:G586E:R588E,-2.7865653038024902
S580E:R585F:R588F,-0.5505390167236328
S580E:R585G,0.6113543510437012
S580E:R585H:G586E:N587E,-4.986501693725586
S580E:R585H:R588N,-1.7087831497192383
S580E:R585I,-1.3525774478912354
S580E:R585I:G586E:N587E,-2.903125286102295
S580E:R585I:N587D:R588S,0.35236525535583496
S580E:R585I:N587E:R588S,2.1733739376068115
S580E:R585P,-3.301492691040039
S580E:R585Q:R588P,-1.2851529121398926
S580E:R588A,-0.8448648452758789
S580E:R588D,-0.7039785385131836
S580E:R588E,-0.023108959197998047
S580E:R588F,-0.865229606628418
S580E:R588I,1.7746572494506836
S580E:R588P,-1.3885860443115234
S580E:R588S,-1.0474967956542969
S580E:R588Y,-1.6481037139892578
S580E:T581D:L583D:Q584E,-2.0972611904144287
S580E:T581D:L583D:Q584E:N587E:R588G,1.1343586444854736
S580E:T581D:L583D:R588F,-2.0757219791412354
S580E:T581E,-3.899219036102295
S580E:T581H,-6.67771577835083
S580E:T581H:N587L,-5.95410680770874
S580E:T581H:R588D,-4.335845470428467
S580E:T581N,-4.91787052154541
S580E:T581Y:L583E:R588E,-3.471910238265991
S580F:G586E,-8.797348022460938
S580F:G586F,-11.980338096618652
S580F:G586Q,-11.632131576538086
S580F:G586Q:R588P,-9.974868774414062
S580F:L583D:Q584D:R585D:R588E,-1.5983641147613525
S580F:L583D:Q584W:R588A,-11.141207695007324
S580F:L583D:R588C,-4.467319488525391
S580F:L583F:Q584D:R588H,-9.00860595703125
S580F:L583P:G586E,-13.371234893798828
S580F:L583W:Q584C:R585N:R588D,-12.830814361572266
S580F:N587A,-8.485637664794922
S580F:N587C,-10.354859352111816
S580F:N587E:R588D,-1.8497315645217896
S580F:N587F,-9.775598526000977
S580F:N587T,-8.294584274291992
S580F:Q584C,-11.061641693115234
S580F:Q584C:R585H:R588C,-9.894245147705078
S580F:Q584C:R585N:R588D,-8.003776550292969
S580F:Q584C:R588C,-9.50413990020752
S580F:Q584C:R588D,-8.719771385192871
S580F:Q584D,-5.636143207550049
S580F:Q584D:R585N:G586E,-7.998294830322266
S580F:Q584D:R588D,-3.2942728996276855
S580F:Q584D:R588P,-3.9788804054260254
S580F:Q584E:R585G:R588T,3.0850329399108887
S580F:R585A,-4.131812572479248
S580F:R585P,-5.974844932556152
S580F:R585V,-3.885544776916504
S580F:R585Y,-5.466923236846924
S580F:R588N,-3.992030143737793
S580F:R588Q,-4.418402671813965
S580F:T581E,-6.572571277618408
S580F:T581E:L583D:Q584C:R585D:R588C,-9.342470169067383
S580F:T581E:L583D:Q584C:R585H:R588C,-11.05323600769043
S580F:T581E:Q584C:R585D:R588C,-9.036849975585938
S580F:T581E:Q584C:R585H:R588C,-10.747615814208984
S580F:T581E:Q584C:R588C,-10.35750961303711
S580F:T581E:R588A,-4.37158727645874
S580F:T581E:R588N,-4.845400333404541
S580G:G586C:N587Y,-12.40522575378418
S580G:G586E,-4.859915733337402
S580G:G586L,-5.221069812774658
S580G:L583H,-6.319253921508789
S580G:L583I,-5.0792412757873535
S580G:L583I:N587G,-7.726378917694092
S580G:N587A,-4.5482048988342285
S580G:N587E,-0.2541697025299072
S580G:N587T,-4.357152462005615
S580G:N587W,-8.46397876739502
S580G:Q584E,0.377311110496521
S580G:Q584E:N587I,-0.5514554977416992
S580G:Q584E:R585N:R588G,2.7973270416259766
S580G:Q584M:N587Q,-9.28650951385498
S580G:Q584W,-9.099139213562012
S580G:R585A,-0.19438040256500244
S580G:R585L,-0.22057116031646729
S580G:R585Q,-1.6783357858657837
S580G:R585V,0.0518873929977417
S580G:R588A,0.4192150831222534
S580G:R588I,3.0387372970581055
S580G:R588T,1.2061821222305298
S580G:R588V,2.514808177947998
S580G:T581E,-2.635138988494873
S580G:T581E:R588G,-0.9311185479164124
S580G:T581N,-3.6537904739379883
S580G:T581N:N587T:R588Q,-4.928375720977783
S580G:T581V:R585D:N587T:R588Q,-5.1929755210876465
S580G:T581Y:Q584M:N587P:R588I,-5.06495475769043
S580G:T581Y:R585I:G586L:R588H,-6.030736923217773
S580H:G586E,-8.732057571411133
S580H:G586F,-11.915047645568848
S580H:G586M,-10.766783714294434
S580H:L583D,-5.959530830383301
S580H:L583D:Q584I:R585P,-9.898689270019531
S580H:L583G,-8.979307174682617
S580H:L583H:Q584L,-13.386475563049316
S580H:N587E:R588P,-2.469048500061035
S580H:Q584C,-10.99635124206543
S580H:Q584D:R588W,-5.7565178871154785
S580H:Q584H,-10.80611515045166
S580H:Q584I,-9.337425231933594
S580H:Q584I:R588P,-7.68016242980957
S580H:Q584L,-8.848990440368652
S580H:Q584M,-9.911373138427734
S580H:Q584M:R588P,-8.254110336303711
S580H:R585A,-4.066522121429443
S580H:R585P,-5.909554481506348
S580H:R585T,-4.0809855461120605
S580H:R588P,-3.996647834777832
S580H:T581E,-6.5072808265686035
S580H:T581E:Q584M,-10.764742851257324
S580H:T581H:L583D:R585D:N587E:R588P,-5.08587646484375
S580H:T581P:Q584C,-13.829208374023438
S580I:L583T:R585Q:G586I:N587E,-10.58734130859375
S580I:N587K,-11.335779190063477
S580I:Q584F,-10.532377243041992
S580I:R585I,-3.157700777053833
S580I:T581E:L583E:R585D:G586E:R588I,-2.9731175899505615
S580I:T581Y,-7.967979431152344
S580I:T581Y:R585L:G586Y:N587M:R588G,-13.349848747253418
S580K:G586T,-12.867593765258789
S580K:L583K,-15.525288581848145
S580K:L583T,-11.287296295166016
S580K:L583V,-11.396138191223145
S580K:R585S:G586D:R588G,-8.279204368591309
S580K:T581D,-8.989060401916504
S580K:T581D:G586E:N587E,-10.539608001708984
S580L:G586T,-9.694282531738281
S580L:Q584L,-8.10595703125
S580L:Q584W,-12.228248596191406
S580L:R585I,-3.21760630607605
S580N:G586D,-7.071378231048584
S580N:G586I,-7.752079010009766
S580N:G586W,-11.69285774230957
S580N:L583H:R585L:G586S:N587E,-9.698284149169922
S580N:L583I:Q584E:R585Y:N587D:R588C,-3.2098073959350586
S580N:L583Y:R585F:G586S:N587E,-10.118132591247559
S580N:N587C,-8.223443984985352
S580N:Q584A:R585G:N587E:R588E,0.6839556694030762
S580N:R585Q,-3.4843521118164062
S580N:R588P,-1.9305224418640137
S580N:T581D:R585A,-2.905268669128418
S580N:T581E,-4.441155433654785
S580P:G586E,-4.215774059295654
S580P:G586H,-8.278017044067383
S580P:G586I,-5.3019208908081055
S580P:L583C,-5.5026116371154785
S580P:L583E,-1.469421148300171
S580P:L583V,-4.4495768547058105
S580P:N587D:R588F,0.7495827674865723
S580P:N587D:R588N,0.29613447189331055
S580P:N587E,0.38997209072113037
S580P:N587I:R588S,-0.06804180145263672
S580P:Q584A,-5.073428153991699
S580P:Q584G,-4.842451095581055
S580P:Q584H:R585N:N587E:R588E,-1.0234971046447754
S580P:Q584L,-4.332706451416016
S580P:R585L:G586E:N587P:R588I,1.4367074966430664
S580P:R585Y,-0.8853492736816406
S580P:R588A,1.063356876373291
S580P:R588H,-0.5235581398010254
S580P:R588K,-3.624268054962158
S580P:R588L,4.248362064361572
S580P:T581D,-2.04249906539917
S580P:T581E,-1.990997314453125
S580P:T581E:L583E,-2.322791337966919
S580P:T581E:R585H:R588K,-4.867743492126465
S580P:T581E:R585T,-0.4180721640586853
S580P:T581P:Q584E:G586E:N587S,-7.842090606689453
S580Q:L583D:R585Y,-5.0604095458984375
S580Q:L583V:R585P:G586T:N587A:R588Q,-14.82370376586914
S580Q:N587Y,-9.810270309448242
S580Q:Q584D,-4.924008846282959
S580Q:R585D,-3.6864070892333984
S580Q:R585E,-3.2447550296783447
S580Q:R588P,-3.349803924560547
S580Q:R588T,-2.019115686416626
S580Q:T581G:R585G:R588P,-2.838932514190674
S580Q:T581G:R588P,-6.496135711669922
S580Q:T581N:Q584E:N587L:R588I,0.8241069316864014
S580R:G586L,-11.677408218383789
S580R:L583G,-11.56350326538086
S580R:L583R,-15.870776176452637
S580R:R585W,-9.261923789978027
S580R:R588L,-2.852118492126465
S580R:T581P,-11.070964813232422
S580R:T581V,-11.695388793945312
S580R:T581Y,-11.355114936828613
S580T:G586L:N587P,-7.758857727050781
S580T:G586M,-8.703207015991211
S580T:N587L,-2.866725444793701
S580T:Q584E:G586T:N587T:R588E,-5.767302989959717
S580T:Q584G:R585Y:R588G,-5.338860034942627
S580T:Q584N,-7.1665849685668945
S580T:R585F,-3.275643825531006
S580T:R585Q,-3.48690128326416
S580T:R585Y,-3.3380565643310547
S580T:R588H,-2.9762654304504395
S580T:R588W,-3.7759995460510254
S580T:T581D,-4.495206356048584
S580V:L583C,-8.56806468963623
S580V:L583G,-7.528476238250732
S580V:Q584G,-7.907904624938965
S580V:R585M,-3.2752647399902344
S580V:R588F,-2.0224609375
S580V:T581D:R585I:G586F,-9.675817489624023
S580V:T581H,-7.834947109222412
S580V:T581H:G586M,-12.947820663452148
S580V:T581Y:Q584D:G586Q,-13.149959564208984
S580W:G586C,-12.897130966186523
S580W:G586F,-13.338014602661133
S580W:G586W,-15.181949615478516
S580W:L583S,-10.233765602111816
S580W:N587V,-8.698567390441895
S580W:Q584C,-12.419318199157715
S580W:Q584C:R585E:G586M:N587Q:R588Q,-17.716360092163086
S580W:Q584D:R585T,-5.420894622802734
S580W:Q584F,-12.758282661437988
S580W:R585S,-5.492321014404297
S580W:R588D,-4.735007286071777
S580W:R588F,-4.896258354187012
S580W:R588H,-6.462808609008789
S580W:R588I,-2.25637149810791
S580W:R588P,-5.419614791870117
S580W:R588Y,-5.679132461547852
S580W:T581N,-8.948899269104004
S580W:T581Y,-10.19388484954834
S580Y:G586V,-9.751630783081055
S580Y:L583E,-5.619532585144043
S580Y:L583Q:Q584E:R585S:G586E:R588E,-5.566778659820557
S580Y:N587V,-6.909428119659424
S580Y:N587Y,-10.090941429138184
S580Y:Q584I:G586T:N587E:R588N,-10.499887466430664
S580Y:R585G,-1.6305351257324219
S580Y:T581D:R585I:G586D:R588Y,-6.585186958312988
T568A:G577V,-17.288658142089844
T568A:G586R,-17.215028762817383
T568A:G586T,-13.049257278442383
T568A:G586Y,-14.801248550415039
T568A:L583A,-11.843498229980469
T568A:L583H,-12.803338050842285
T568A:N587F,-12.322250366210938
T568A:P570F:V571K:G577Q:S580D:R585W,-37.83985900878906
T568A:P570N,-15.380288124084473
T568A:Q584A,-12.201654434204102
T568A:Q584V,-11.555264472961426
T568A:R588I,-3.4453468322753906
T568A:S580C,-12.64549446105957
T568A:S580D,-10.988101959228516
T568A:S580K:Q584E:R588H,-13.57689094543457
T568A:S580T,-11.85618782043457
T568A:T573G:S580F:T581C:R585W,-22.09762954711914
T568A:T581K,-15.39714527130127
T568A:Y576K,-18.48411750793457
T568C:G577W,-12.940954208374023
T568C:G586D,-9.84542465209961
T568C:G586H,-13.502222061157227
T568C:L583I,-9.65930461883545
T568C:N569V,-14.460016250610352
T568C:Q584I,-10.0453462600708
T568C:R585H:R588E,-3.7291975021362305
T568C:R585Q,-6.25839900970459
T568C:R585Q:R588S,-4.26004695892334
T568C:R585Y,-6.109554290771484
T568C:R588Y,-4.964087009429932
T568C:S580G:R588D,-5.801730632781982
T568C:S580N:R585Q:N587M:R588F,-9.777256965637207
T568C:S580Q,-11.368898391723633
T568C:S580T,-9.952166557312012
T568C:T573F,-12.185242652893066
T568C:T581V,-9.819112777709961
T568C:V571W,-13.976804733276367
T568C:V571Y,-11.958803176879883
T568C:Y576F:G577V:T581H,-22.080730438232422
T568C:Y576G,-12.793689727783203
T568C:Y576W,-7.152355194091797
T568D:G577T,-19.3048095703125
T568D:N587R,-18.11385726928711
T568D:R585F,-10.611205101013184
T568D:R585W,-11.949711799621582
T568D:S580A:G586H:N587W,-27.61233901977539
T568D:S580E,-13.971744537353516
T568D:T573H,-16.35541534423828
T568D:T573P,-18.76202392578125
T568D:T581G,-14.072227478027344
T568D:V571D:T581D:Q584F:N587E,-21.73392677307129
T568D:V571L,-15.564050674438477
T568D:V571T,-12.147453308105469
T568D:V571Y:N587Y,-21.32607078552246
T568E:G577F,-19.32180404663086
T568E:G577K,-22.778972625732422
T568E:G577K:R585E,-21.01666259765625
T568E:G577N,-18.930530548095703
T568E:G586F,-17.247451782226562
T568E:N569K,-20.833770751953125
T568E:N569Q,-19.909896850585938
T568E:N587T,-13.561697006225586
T568E:N587V,-12.608003616333008
T568E:P570E,-19.456192016601562
T568E:R585C,-9.896446228027344
T568E:R585D,-9.665654182434082
T568E:R585S,-9.40175724029541
T568E:R588V,-6.689736843109131
T568E:S580H,-16.64022445678711
T568E:S580T,-14.576648712158203
T568E:T573F,-16.809724807739258
T568E:T573Y,-16.43029022216797
T568E:V571I,-14.92708683013916
T568E:V571Q,-16.94658660888672
T568F:G577M:T581L:L583V:Q584C:R585S,-30.839374542236328
T568F:G577Y,-18.40554428100586
T568F:G586D,-14.036153793334961
T568F:L583Q,-14.519830703735352
T568F:N587P,-11.281783103942871
T568F:Q584F,-16.233966827392578
T568F:R585M,-9.62474536895752
T568F:R588F,-8.371941566467285
T568F:R588T,-7.564609527587891
T568F:S580D,-13.274810791015625
T568F:S580D:R585Y,-13.022533416748047
T568F:S580Q,-15.559627532958984
T568F:T573K,-18.553447723388672
T568F:T573Y,-15.996536254882812
T568F:T581C,-14.126863479614258
T568F:T581Y,-13.669568061828613
T568F:V571D:G586Y:N587Q,-26.0845890045166
T568G:G577K,-21.831497192382812
T568G:L583P,-14.612724304199219
T568G:N569F,-20.122928619384766
T568G:N587F,-14.095233917236328
T568G:P570Y,-18.481021881103516
T568G:R585L:G586R,-17.426815032958984
T568G:R588A,-7.837852478027344
T568G:S580K,-18.123023986816406
T568G:T573N,-14.425470352172852
T568G:Y576Q,-17.64688491821289
T568H:G577Q,-20.915454864501953
T568H:G577W,-18.13144302368164
T568H:G586L,-14.991621017456055
T568H:L583W,-16.379358291625977
T568H:L583Y:G586I,-19.427440643310547
T568H:N587Y,-16.35552406311035
T568H:S580W,-18.62919807434082
T568H:T573K,-19.553207397460938
T568H:V571G,-17.193626403808594
T568I:G586D,-10.827259063720703
T568I:G586N,-12.750974655151367
T568I:L583P,-11.917552947998047
T568I:N569E,-16.38422966003418
T568I:P570L,-14.355306625366211
T568I:R585F,-7.028975009918213
T568I:R585L,-5.782467842102051
T568I:R585V,-5.510009288787842
T568I:R588N,-5.616494655609131
T568I:S580C,-11.723306655883789
T568I:S580L,-12.25454330444336
T568I:T573E,-12.908988952636719
T568I:T573E:N587W,-19.591197967529297
T568K:L583M,-16.111356735229492
T568K:L583P,-16.695547103881836
T568K:N569E,-21.16222381591797
T568K:N587C,-16.7573184967041
T568K:P570R,-21.996658325195312
T568K:T573K,-20.122547149658203
T568K:T573V,-16.844852447509766
T568L:G577H,-18.241195678710938
T568L:G586D,-12.533235549926758
T568L:G586F,-15.310779571533203
T568L:N587E:R588V,-3.225466251373291
T568L:N587R,-16.237606048583984
T568L:P570A,-13.247674942016602
T568L:P570G,-14.673810958862305
T568L:R585I,-7.35637092590332
T568L:R588Y,-7.651897430419922
T568L:T573C:S580W:T581D:L583G:Q584I,-27.393901824951172
T568L:T573H,-14.479162216186523
T568L:T581P:L583Q:G586I,-20.01406478881836
T568L:T581Y,-12.16664981842041
T568L:V571Y:R585D:N587E:R588N,-10.071184158325195
T568L:Y576K,-19.267906188964844
T568L:Y576Q,-16.657691955566406
T568M:G577C,-16.371681213378906
T568M:G577M:R588T,-15.505520820617676
T568M:L583I,-12.381294250488281
T568M:N587G,-11.730958938598633
T568M:N587L,-8.360212326049805
T568M:P570W,-19.489002227783203
T568M:Q584F,-14.765226364135742
T568M:R588H,-8.469752311706543
T568M:R588L,-3.6978321075439453
T568M:T573N,-13.470455169677734
T568M:T581N,-10.955842971801758
T568M:V571G,-14.725126266479492
T568M:Y576A,-15.56509780883789
T568M:Y576Q,-16.691869735717773
T568M:Y576T,-15.791242599487305
T568M:Y576W:Q584E:R585S:R588G,-4.426687717437744
T568N:G577K:R585K,-23.034835815429688
T568N:G577L,-17.746917724609375
T568N:G586K,-17.75497817993164
T568N:L583C,-13.009862899780273
T568N:L583R,-16.277545928955078
T568N:P570C:T581E:R585I:N587T:R588W,-14.27489185333252
T568N:P570D,-17.814573287963867
T568N:P570R,-18.519878387451172
T568N:Q584V,-11.934289932250977
T568N:R585S,-7.060321807861328
T568N:S580N,-12.232664108276367
T568N:T581K,-15.77617073059082
T568N:Y576C,-12.794816017150879
T568P:G577I,-21.166912078857422
T568P:G577L,-20.77383804321289
T568P:G586F,-17.93293571472168
T568P:G586K,-20.781898498535156
T568P:N587C,-16.307456970214844
T568P:P570Q,-19.501169204711914
T568P:Q584W,-18.98917007446289
T568P:R585Y,-11.41952133178711
T568P:S580I,-16.522769927978516
T568P:S580K,-19.7559871673584
T568P:T581D,-12.57667064666748
T568P:V571L,-16.309953689575195
T568P:Y576S,-17.336353302001953
T568P:Y576T,-18.37921905517578
T568Q:G586V,-15.649417877197266
T568Q:L583D:R585H,-11.881250381469727
T568Q:L583T,-14.388631820678711
T568Q:L583T:N587L,-13.665023803710938
T568Q:N587A,-13.951961517333984
T568Q:P570S,-15.39661979675293
T568Q:P570Y:V571F:R588H,-24.846784591674805
T568Q:R585Q:R588N,-9.354921340942383
T568Q:S580K,-19.26971435546875
T568Q:T573G,-14.699982643127441
T568Q:V571A:S580K,-23.60980796813965
T568Q:V571A:S580K:T581H,-27.24167251586914
T568Q:V571F:T581Y:L583I:Q584F:R588D,-26.77268409729004
T568Q:V571K:R585F,-18.84646987915039
T568Q:Y576M:L583Y:G586Q,-27.634437561035156
T568Q:Y576R,-20.308876037597656
T568Q:Y576S,-16.850078582763672
T568R:G577C,-19.573516845703125
T568R:L583D,-12.591276168823242
T568R:L583E,-12.617449760437012
T568R:P570A,-16.483688354492188
T568R:P570E,-20.755535125732422
T568R:P570F:Q584N,-24.35108184814453
T568R:Q584T:R585A:G586W:N587H:R588N,-25.597049713134766
T568R:R585A,-10.698266983032227
T568R:R588A,-10.084671974182129
T568R:R588D,-9.943785667419434
T568R:R588Q,-10.984857559204102
T568R:S580F,-18.00485610961914
T568R:T581K,-19.416948318481445
T568R:T581N,-14.15767765045166
T568R:V571A,-16.625749588012695
T568R:Y576C:R585Y:G586E,-19.26146125793457
T568S:G577C,-13.394998550415039
T568S:L583F,-10.093669891357422
T568S:L583G,-9.432535171508789
T568S:N587T,-8.68252182006836
T568S:P570G:V571F:G577Y:T581P:L583Y:Q584F:R585L:R588N,-34.354156494140625
T568S:P570G:V571F:G577Y:T581P:Q584F:R585L:R588N,-30.643329620361328
T568S:S580E:L583E:G586W,-17.589853286743164
T568S:S580P,-7.244765758514404
T568S:T573P,-13.943265914916992
T568S:T573Q:S580I:R585G:G586N:R588E,-15.758331298828125
T568S:T581H,-9.739006042480469
T568S:T581P,-8.939996719360352
T568S:V571D,-11.856492042541504
T568S:V571D:R585C,-10.766624450683594
T568S:V571D:R585C:G586D,-14.25021743774414
T568S:V571D:T573Y:R585C:G586D,-19.69419288635254
T568S:V571D:T573Y:R585C:G586D:N587E,-18.166593551635742
T568S:Y576C,-10.257076263427734
T568S:Y576E,-14.557134628295898
T568V:G577D,-14.94277572631836
T568V:G577K:L583E:R585V,-17.106361389160156
T568V:G577K:L583E:R585V:G586V,-21.570255279541016
T568V:G577K:L583E:R585V:G586V:R588C,-20.012752532958984
T568V:G577K:S580C:L583E:R585V:G586V:R588C,-24.39239501953125
T568V:G577P,-16.70803451538086
T568V:G577W:R588P,-11.737422943115234
T568V:G586D,-10.299156188964844
T568V:G586E,-9.893710136413574
T568V:G586E:N587E,-8.366110801696777
T568V:L583E:R585V,-5.3137006759643555
T568V:L583K,-14.25666332244873
T568V:L583P:N587L,-10.665842056274414
T568V:N569Q,-15.739147186279297
T568V:N587D,-7.108972549438477
T568V:N587G,-9.462700843811035
T568V:N587P,-7.544785499572754
T568V:N587Q,-10.062841415405273
T568V:N587T,-9.390947341918945
T568V:N587V,-8.43725299835205
T568V:P570C:R588C,-8.966926574707031
T568V:Q584C,-12.158003807067871
T568V:Q584D,-6.7325053215026855
T568V:Q584E,-4.656483173370361
T568V:Q584E:R585G,-0.9992799758911133
T568V:Q584F,-12.496968269348145
T568V:Q584L,-10.010643005371094
T568V:Q584M:R585H,-11.463130950927734
T568V:R585A,-5.228174686431885
T568V:R585A:G586E:N587E,-6.778722286224365
T568V:R585F,-6.500872611999512
T568V:R585G:N587M,-5.270052433013916
T568V:R585H,-7.2056684494018555
T568V:R585H:N587D,-7.499077796936035
T568V:R585L:N587E:R588S,-1.7284140586853027
T568V:R585L:R588E,-2.231625556945801
T568V:R585L:R588F,-3.0737462043762207
T568V:R585N,-6.099567890167236
T568V:R585N:N587E,-4.5719685554504395
T568V:R585Q,-6.712130069732666
T568V:R585T,-5.242638111114502
T568V:R585V,-4.981906890869141
T568V:R588E,-3.792823314666748
T568V:R588H,-6.201494216918945
T568V:R588Q,-5.514764785766602
T568V:R588T,-3.8276121616363525
T568V:R588V,-2.518986225128174
T568V:R588W,-7.001228332519531
T568V:S580A,-9.679405212402344
T568V:S580A:G586E,-12.757552146911621
T568V:S580A:R588L,-4.2934160232543945
T568V:S580A:R588Q,-8.378606796264648
T568V:S580C:T581D,-12.100076675415039
T568V:S580C:T581D:N587Q,-15.347354888916016
T568V:S580D:Q584E,-7.378732681274414
T568V:S580D:T581E:L583E,-10.722977638244629
T568V:S580E,-9.861412048339844
T568V:S580E:R588Q,-8.560613632202148
T568V:S580G,-8.597332000732422
T568V:S580G:T581E:N587P,-10.179924011230469
T568V:S580P:L583C:G586E:R588K,-17.88296127319336
T568V:S580P:L583C:Q584M:R585H:R588K,-19.45238494873047
T568V:S580T,-10.40589714050293
T568V:S580T:T581V,-13.863178253173828
T568V:S580W,-13.892440795898438
T568V:T573C:G586Y:N587E,-15.176958084106445
T568V:T573C:Q584Y,-15.52750015258789
T568V:T573E,-12.38088607788086
T568V:T573G:S580G:R585F:N587Q,-15.044377326965332
T568V:T573V,-11.538756370544434
T568V:T573V:Q584N,-15.115007400512695
T568V:T581D,-7.72043514251709
T568V:T581D:L583V:R588A,-8.831400871276855
T568V:T581D:R585H,-8.110540390014648
T568V:T581E,-7.668933391571045
T568V:T581E:L583I,-10.966404914855957
T568V:T581H,-10.447429656982422
T568V:T581K,-13.946855545043945
T568V:T581N,-8.68758487701416
T568V:T581N:N587Q,-11.934863090515137
T568V:V571A:T581E:R585H,-12.399131774902344
T568V:V571C:L583D:R588Q,-9.163732528686523
T568V:V571C:R585A:G586M,-13.684394836425781
T568V:V571C:R585L,-8.597713470458984
T568V:V571C:T573L:L583I,-19.022014617919922
T568V:V571C:T581D:N587T:R588T,-10.651214599609375
T568V:V571C:T581D:R585V:R588S,-7.23177433013916
T568V:V571D:G577D,-20.692129135131836
T568V:V571E,-12.353071212768555
T568V:V571E:R585Q:G586E,-15.32778549194336
T568V:V571I,-10.756336212158203
T568V:V571T:G586M:N587G:R588H,-15.183062553405762
T568V:V571Y:Q584D:N587L,-11.605867385864258
T568V:Y576F,-9.87978744506836
T568V:Y576F:T581N,-11.751810073852539
T568W:G577R,-23.143199920654297
T568W:G586S,-16.856155395507812
T568W:L583F,-16.180875778198242
T568W:N587Y,-16.997547149658203
T568W:R585K,-14.791643142700195
T568W:R588C,-10.636842727661133
T568W:S580D,-14.916593551635742
T568W:S580E,-15.240193367004395
T568W:S580N,-15.782129287719727
T568W:T573N,-16.580978393554688
T568W:T581G:Q584E,-13.181596755981445
T568W:T581L,-16.001670837402344
T568W:V571R,-20.151691436767578
T568W:V571S:T581C,-18.888145446777344
T568W:Y576F,-15.258569717407227
T568Y:G577Q,-19.90939712524414
T568Y:G586L,-13.985563278198242
T568Y:P570G,-16.17043113708496
T568Y:Q584D:R585P,-10.718849182128906
T568Y:R588F,-8.365643501281738
T568Y:S580G,-12.328031539916992
T568Y:S580H:R585E,-14.437861442565918
T568Y:S580K,-18.630451202392578
T568Y:T573F,-16.369672775268555
T568Y:T573V,-15.269455909729004
T568Y:T581F,-13.967035293579102
T568Y:V571E:Y576F:N587T,-21.723379135131836
T568Y:Y576M,-17.371417999267578
T573A:G577H,-13.603141784667969
T573A:G577M,-13.821237564086914
T573A:G586S,-9.07339859008789
T573A:G586V,-8.875480651855469
T573A:L583P,-8.985474586486816
T573A:L583Y,-8.122413635253906
T573A:N587F,-8.467985153198242
T573A:N587G,-7.058724880218506
T573A:N587P,-5.140809535980225
T573A:Q584G,-8.116411209106445
T573A:R585P,-4.66723108291626
T573A:R585V,-2.5779309272766113
T573A:R588P,-2.754324436187744
T573A:S580I,-9.26255989074707
T573A:T581H:R588P,-6.386191368103027
T573A:Y576H,-8.71163558959961
T573A:Y576N,-11.20029067993164
T573C:G577R,-14.302453994750977
T573C:G577T,-11.732511520385742
T573C:G586I,-7.517891883850098
T573C:L583C,-7.718582630157471
T573C:L583R,-10.98626708984375
T573C:S580L,-8.26447582244873
T573C:S580R,-11.591705322265625
T573C:T581C,-6.927900791168213
T573C:T581E:L583E:R585H:R588N,-3.2016966342926025
T573C:T581E:R585W,-5.2307844161987305
T573C:T581L,-7.160925388336182
T573C:T581N:G586L,-8.664920806884766
T573C:T581V:R585A:G586M:R588D,-7.99449348449707
T573D:G577Y,-13.210769653320312
T573D:L583V,-8.669734954833984
T573D:N587P,-6.087007522583008
T573D:Q584P,-10.735239028930664
T573D:R585D:N587E,-2.509526252746582
T573D:R588D,-3.0159149169921875
T573D:R588S,-3.359433174133301
T573D:R588W,-5.543450355529785
T573D:S580P,-6.495412349700928
T573D:T581L,-9.165112495422363
T573D:Y576E,-13.807781219482422
T573E:G577W,-12.144445419311523
T573E:G586L,-9.004624366760254
T573E:G586V,-10.029216766357422
T573E:N587I,-6.4940900802612305
T573E:Q584E,-3.406243324279785
T573E:R588A,-3.3643393516540527
T573E:S580H,-11.219234466552734
T573E:T581E,-6.418693542480469
T573E:T581G,-8.711654663085938
T573E:T581V,-9.022603988647461
T573E:Y576F,-8.629548072814941
T573F:G577F:T581E,-15.0122709274292
T573F:G577P,-15.71588134765625
T573F:G586E,-8.901557922363281
T573F:G586F,-12.08454704284668
T573F:G586H,-12.963800430297852
T573F:L583D:R588P,-4.471768379211426
T573F:Q584H:R585P,-11.231258392333984
T573F:Q584L:N587P,-9.747712135314941
T573F:Q584S,-9.545248031616211
T573F:R585N,-5.107415199279785
T573F:R585P,-6.079054355621338
T573F:R588C,-4.265908718109131
T573F:R588D,-3.4815402030944824
T573F:S580A,-8.687252044677734
T573F:S580R,-14.061517715454102
T573F:S580Y,-11.111148834228516
T573F:T581E:N587E,-5.149181365966797
T573F:T581E:Q584C,-12.019221305847168
T573F:Y576A,-12.304686546325684
T573F:Y576C:S580F:N587L,-14.968940734863281
T573G:G577W:T581E:Q584Y:G586Y,-22.84068489074707
T573G:G586F,-9.775594711303711
T573G:G586M,-8.627330780029297
T573G:L583D:Q584Y,-9.17841625213623
T573G:L583E:R588F,-1.665632724761963
T573G:N587C,-8.150115966796875
T573G:R585D,-2.193798303604126
T573G:R588F,-1.333838701248169
T573G:R588Q,-2.2136595249176025
T573G:S580G,-5.296226978302002
T573G:T581C:L583A:R585D:N587Q,-12.593023300170898
T573G:T581E:N587E,-2.840228796005249
T573G:T581L:L583D:Q584D:N587D,-7.837757110595703
T573G:Y576A,-9.995734214782715
T573H:G577R,-16.378376007080078
T573H:G586D,-8.91311264038086
T573H:G586N,-10.83682918548584
T573H:L583V,-8.741470336914062
T573H:N587K,-11.914327621459961
T573H:Q584E:G586P:N587T,-8.578332901000977
T573H:Q584I,-9.11303424835205
T573H:R588C,-3.872018337249756
T573H:R588F,-3.248900890350342
T573H:S580A:R588Y,-6.8956170082092285
T573H:S580E,-8.47536849975586
T573H:S580H,-11.083431243896484
T573H:T581D,-6.334392070770264
T573H:Y576F,-8.493744850158691
T573H:Y576G:T581D:R588Q,-11.46545124053955
T573K:G577W,-14.580008506774902
T573K:N587E,-6.4732866287231445
T573K:Q584D,-7.91782808303833
T573K:R588Y,-6.603140830993652
T573K:S580A,-10.864727973937988
T573K:S580K:L583F:G586Q,-25.98453712463379
T573K:Y576G:N587G,-17.07988166809082
T573K:Y576Q:G577K:R585L:N587R:R588T,-30.040409088134766
T573K:Y576V,-14.947259902954102
T573L:G577N:L583E:Q584P,-19.21909523010254
T573L:G586R,-14.514806747436523
T573L:G586Y,-12.101027488708496
T573L:L583D,-5.871252059936523
T573L:Q584M,-9.82309341430664
T573L:Q584R,-13.242944717407227
T573L:R585M,-4.637815952301025
T573L:R585W,-6.589447498321533
T573L:S580N:L583P:R585T:R588D,-9.812508583068848
T573L:T581K,-12.696924209594727
T573L:T581P,-8.398488998413086
T573L:Y576C,-9.715568542480469
T573L:Y576D,-14.053468704223633
T573L:Y576R:R585C,-13.599113464355469
T573N:G577V,-13.409439086914062
T573N:L583S,-7.543522357940674
T573N:N587D,-4.680043697357178
T573N:N587W,-11.068843841552734
T573N:Q584D:G586H:R588L,-6.057977676391602
T573N:Q584L:R585T:R588D,-3.6669182777404785
T573N:R585L,-2.825436592102051
T573N:R585Q,-4.283201217651367
T573N:R585S,-2.8020777702331543
T573N:R588W,-4.572299480438232
T573N:S580A,-7.250476360321045
T573N:S580K:R585N,-11.754827499389648
T573N:Y576G,-10.818492889404297
T573P:G577V,-16.858932495117188
T573P:N587C,-12.471785545349121
T573P:N587K,-14.320934295654297
T573P:R588A,-5.635143280029297
T573P:S580R,-16.074234008789062
T573P:T581D,-8.740999221801758
T573P:T581D:Q584Y:R588N,-12.372166633605957
T573P:Y576V,-14.782501220703125
T573Q:G577C,-13.360713005065918
T573Q:G577K,-17.86551284790039
T573Q:G577Q,-15.43598747253418
T573Q:Q584P,-11.45030689239502
T573Q:Y576H:S580Y:T581G:Q584T,-22.31946563720703
T573Q:Y576Q,-13.680902481079102
T573V:G586F,-10.984330177307129
T573V:L583P:R588V,-5.0005035400390625
T573V:N587E,-3.19559383392334
T573V:Q584H:N587H:R588V,-10.587209701538086
T573V:R585G,-1.0659899711608887
T573V:R585N,-4.007197856903076
T573V:R585Y,-4.4709153175354
T573V:S580Q,-9.730259895324707
T573V:T581C,-8.29749584197998
T573V:T581E,-5.576563358306885
T573V:T581E:Q584D,-5.493505477905273
T573V:T581E:R588Q,-4.2757649421691895
T573V:T581F:N587D,-8.437374114990234
T573V:T581Y:Q584F:R585V:N587K,-18.17275619506836
T573V:Y576C,-8.873130798339844
T573V:Y576F,-7.787417888641357
T573V:Y576M,-11.548348426818848
T573Y:G577A,-13.02375602722168
T573Y:G577I,-14.939088821411133
T573Y:G577Q:Q584D,-14.724052429199219
T573Y:G577W,-12.02309799194336
T573Y:G577W:R585P,-12.278741836547852
T573Y:G586C,-11.264228820800781
T573Y:G586V,-9.907869338989258
T573Y:G586W,-13.549047470092773
T573Y:L583D,-5.74959659576416
T573Y:L583K:Q584I:R585Y:G586Y,-22.851707458496094
T573Y:L583S,-8.60086441040039
T573Y:N587L,-4.720366954803467
T573Y:N587Q,-8.691253662109375
T573Y:N587S,-8.396514892578125
T573Y:Q584D,-5.360918045043945
T573Y:Q584D:R585V,-3.527261734008789
T573Y:Q584D:R588A,-3.1599340438842773
T573Y:Q584D:R588D,-3.019047737121582
T573Y:Q584E,-3.284895896911621
T573Y:Q584L:R585Q:R588G,-6.831601619720459
T573Y:R585D,-4.123316287994385
T573Y:R585L:R588L,1.5032110214233398
T573Y:R585P:N587E,-4.172020435333252
T573Y:R588S,-3.4456238746643066
T573Y:S580A,-8.307817459106445
T573Y:S580D,-8.16622543334961
T573Y:S580E,-8.489824295043945
T573Y:S580E:Q584D,-8.406766891479492
T573Y:S580E:R588D,-6.14795446395874
T573Y:S580E:T581H:G586L:R588D,-13.219121932983398
T573Y:S580F,-11.163177490234375
T573Y:S580P:G586M:R588L,-6.3084869384765625
T573Y:T581E,-6.297346115112305
T573Y:T581E:R588S,-4.298994064331055
T573Y:T581F:L583F:R588Y,-11.453535079956055
T573Y:T581H:L583D,-9.381464004516602
T573Y:T581H:Q584D:R585P,-9.248428344726562
T573Y:T581H:R588P,-7.418580055236816
T581C:G586M,-8.687175750732422
T581C:G586N,-8.981611251831055
T581C:L583K,-11.015402793884277
T581C:L583P,-8.148189544677734
T581C:L583W:N587Q,-11.648618698120117
T581C:Q584S:N587E,-5.76854133605957
T581C:R585A,-1.9869141578674316
T581C:R585A:R588Q,-0.6861157417297363
T581C:R585G:R588F,2.263519763946533
T581C:R585L,-2.0131049156188965
T581C:R588Q,-2.2735042572021484
T581D:G586D,-4.38846492767334
T581D:G586E,-3.9830188751220703
T581D:G586F,-7.166008949279785
T581D:G586K,-10.014971733093262
T581D:G586S,-5.566682815551758
T581D:G586T,-5.688276767730713
T581D:G586Y,-7.440268039703369
T581D:L583D:G586E,-4.288639068603516
T581D:L583D:N587E,0.3171069025993347
T581D:L583D:Q584E:G586E:R588N,-0.4023882746696472
T581D:L583D:Q584E:R585I:R588I,7.46236515045166
T581D:L583D:Q584W:R585H:R588D,-6.57609748840332
T581D:L583D:R585N:R588I,4.3260087966918945
T581D:L583D:R585V:N587T:R588T,1.035731315612793
T581D:L583E,-1.236665964126587
T581D:L583E:Q584E:R585H:R588D,2.8741791248321533
T581D:L583E:R585N:G586E:N587E:R588S,-0.07286620140075684
T581D:L583E:R588F,0.943953275680542
T581D:L583G,-4.2302680015563965
T581D:L583I,-4.2023444175720215
T581D:L583M,-4.894567966461182
T581D:L583P,-5.478759288787842
T581D:L583P:R588Q,-4.1779608726501465
T581D:L583Y:R588S,-2.6173462867736816
T581D:N587A:R588N,-1.9441370964050293
T581D:N587E,0.6227273344993591
T581D:N587E:R588A,2.823711395263672
T581D:N587G,-3.5520095825195312
T581D:N587P:R588F,0.5465250015258789
T581D:N587Q,-4.1521501541137695
T581D:Q584C,-6.247312545776367
T581D:Q584C:R585G,-2.590109348297119
T581D:Q584C:R585I:R588H,-3.939972162246704
T581D:Q584C:R588C,-4.689810752868652
T581D:Q584C:R588S,-4.248960494995117
T581D:Q584D,-0.8218140006065369
T581D:Q584D:G586E:N587E:R588N,-0.6451907753944397
T581D:Q584E,1.2542080879211426
T581D:Q584E:G586E:N587E,-0.29633963108062744
T581D:Q584E:R585H:R588D,3.2059731483459473
T581D:Q584E:R585H:R588W,0.6784377098083496
T581D:Q584H,-6.057076454162598
T581D:Q584M,-5.162334442138672
T581D:Q584M:R585Q,-5.058901309967041
T581D:Q584M:R585Q:R588S,-3.060549259185791
T581D:Q584N,-4.4811224937438965
T581D:R585A,0.6825166344642639
T581D:R585A:R588N,2.4096875190734863
T581D:R585A:R588P,2.3397793769836426
T581D:R585D,0.4157877564430237
T581D:R585D:G586E:N587E:R588S,0.8635920286178589
T581D:R585F:R588F,1.590437889099121
T581D:R585G:G586E:R588Y,1.0719294548034668
T581D:R585G:G586F,-3.508805751800537
T581D:R585G:G586T:R588N,-0.30390262603759766
T581D:R585G:R588S,4.750683307647705
T581D:R585G:R588V,7.048908233642578
T581D:R585H,-1.2949771881103516
T581D:R585H:G586E,-4.373124122619629
T581D:R585H:N587E,0.23262208700180054
T581D:R585H:N587E:R588N,1.9597930908203125
T581D:R585H:R588D,1.0468931198120117
T581D:R585I:R588W,0.6027343273162842
T581D:R585K,-3.5021700859069824
T581D:R585L,0.6563258767127991
T581D:R585M,0.022943556308746338
T581D:R585M:R588N,1.7501144409179688
T581D:R585N,-0.18887656927108765
T581D:R585N:G586E:N587E:R588S,0.25892770290374756
T581D:R585N:N587E,1.3387227058410645
T581D:R585N:N587E:R588S,3.3370747566223145
T581D:R585N:N587Q:R588T,-0.4482037425041199
T581D:R585N:R588I,4.631629467010498
T581D:R585Q,-0.8014387488365173
T581D:R585Q:N587E,0.72616046667099
T581D:R585S,0.6796846985816956
T581D:R585S:G586E:N587D,-2.6918716430664062
T581D:R585S:N587D,0.3862752914428711
T581D:R585T,0.6680532097816467
T581D:R585T:R588C,2.225554943084717
T581D:R585V:N587T:R588A,0.5543847680091858
T581D:R585V:R588C,2.486286163330078
T581D:R585Y,-0.6525940299034119
T581D:R585Y:R588V,3.6439828872680664
T581D:R588A,1.296112060546875
T581D:R588C,0.6526299118995667
T581D:R588D,1.4369983673095703
T581D:R588G,0.7991486191749573
T581D:R588H,-0.29080289602279663
T581D:R588I,3.9156341552734375
T581D:R588N,0.822299063205719
T581D:R588Q,0.3959265351295471
T581D:R588T,2.0830790996551514
T581D:R588V,3.39170503616333
T581D:R588W,-1.0905370712280273
T581E:G586A,-5.556042194366455
T581E:G586E,-3.9315171241760254
T581E:G586E:N587L,-3.2079079151153564
T581E:G586E:R588N,-2.204346179962158
T581E:G586F:N587V,-8.736196517944336
T581E:G586L,-4.292671203613281
T581E:G586M,-5.966243267059326
T581E:G586M:N587D,-6.259652614593506
T581E:G586N,-6.260679244995117
T581E:G586Q,-6.766300678253174
T581E:G586S,-5.515181064605713
T581E:G586Y,-7.388766288757324
T581E:L583A,-4.4310150146484375
T581E:L583D:G586N:N587V:R588D,-5.846118927001953
T581E:L583D:Q584C,-6.501431465148926
T581E:L583D:R585H,-1.549095869064331
T581E:L583E,-1.185164213180542
T581E:L583E:N587D,-1.4785735607147217
T581E:L583E:Q584E,0.9739158153533936
T581E:L583E:Q584L:R585F:R588S,-2.0672011375427246
T581E:L583E:Q584M,-5.442626953125
T581E:L583E:Q584M:R585Q,-5.339193344116211
T581E:L583E:Q584M:R585T:R588F,-1.689082384109497
T581E:L583E:Q584M:R588A,-3.241642713546753
T581E:L583E:Q584M:R588F,-3.262007474899292
T581E:L583E:R585F:N587T,-3.445857286453247
T581E:L583E:R585G,2.472038984298706
T581E:L583E:R585H:R588Q,-0.2744710445404053
T581E:L583E:R585I,0.5081072449684143
T581E:L583E:R585I:N587T:R588G,-0.36325591802597046
T581E:L583E:R585I:R588W,0.32244205474853516
T581E:L583E:R585L,0.37603360414505005
T581E:L583E:R585Q,-1.0817310810089111
T581E:L583E:R585Q:R588A,1.1192529201507568
T581E:L583E:R585Q:R588F,1.0988881587982178
T581E:L583E:R585Q:R588W,-1.2673962116241455
T581E:L583E:R585V:N587T:R588A,0.274092435836792
T581E:L583E:R585V:R588A,2.8494760990142822
T581E:L583E:R588A,1.015819787979126
T581E:L583E:R588F,0.9954550266265869
T581E:L583G:R585A,-2.5913777351379395
T581E:L583I,-4.150842666625977
T581E:L583P,-5.427257537841797
T581E:L583P:N587D:R588Y,-4.3229217529296875
T581E:L583P:R585A:N587E:R588I,2.5082364082336426
T581E:L583P:R585A:R588D,-1.4979987144470215
T581E:L583P:R585F,-5.112566947937012
T581E:L583P:R585F:N587D:R588I,-0.5854701995849609
T581E:L583P:R585Q,-5.323824405670166
T581E:L583P:R588F,-3.246638298034668
T581E:L583Q,-4.820640563964844
T581E:L583W,-5.680407524108887
T581E:L583W:R585I:R588V,0.30944061279296875
T581E:N587D,-1.1467795372009277
T581E:N587D:R588H,-0.5327104926109314
T581E:N587D:R588I,3.6737265586853027
T581E:N587E,0.674229085445404
T581E:N587E:R588N,2.401400089263916
T581E:N587H,-5.861758708953857
T581E:N587L,-0.12976104021072388
T581E:N587M,-2.965062141418457
T581E:N587M:R588G,-1.2610416412353516
T581E:N587P,-1.582592487335205
T581E:N587Q,-4.100648403167725
T581E:N587T,-3.4287538528442383
T581E:Q584A:R585G:R588W,-1.3176331520080566
T581E:Q584C,-6.195810794830322
T581E:Q584C:G586E,-9.273958206176758
T581E:Q584C:R585A,-4.60842227935791
T581E:Q584C:R585A:R588N,-2.881251335144043
T581E:Q584C:R585D,-4.87515115737915
T581E:Q584C:R585G:R588D,-0.19673728942871094
T581E:Q584C:R585M:R588A,-3.0670113563537598
T581E:Q584C:R585N:N587E:R588N,-2.2250452041625977
T581E:Q584C:R585Q,-6.092377662658691
T581E:Q584C:R588A,-3.9948267936706543
T581E:Q584C:R588F,-4.015191555023193
T581E:Q584D,-0.7703122496604919
T581E:Q584D:R585N:N587E:R588N,3.200453281402588
T581E:Q584D:R588S,1.2280397415161133
T581E:Q584E,1.3057098388671875
T581E:Q584E:N587T,-1.2696738243103027
T581E:Q584E:R585D:G586D:R588Q,0.4435749053955078
T581E:Q584E:R585F:G586F,-4.6407365798950195
T581E:Q584E:R585S,2.8902664184570312
T581E:Q584E:R585V,3.1393661499023438
T581E:Q584F,-6.534775257110596
T581E:Q584G:N587M:R588W,-6.855551242828369
T581E:Q584H:G586Y,-12.540970802307129
T581E:Q584I,-4.536884307861328
T581E:Q584K,-7.592502117156982
T581E:Q584L,-4.048449516296387
T581E:Q584L:R585G:N587M,-2.5029382705688477
T581E:Q584M,-5.110832691192627
T581E:Q584M:G586E:R588A,-5.987995624542236
T581E:Q584M:G586M,-10.223705291748047
T581E:Q584M:N587D,-5.404242038726807
T581E:Q584M:N587Q,-8.358110427856445
T581E:Q584M:R585I,-3.4175612926483154
T581E:Q584M:R585V,-3.2771763801574707
T581E:Q584M:R588F,-2.930213451385498
T581E:Q584N:R585E:G586D,-6.150901794433594
T581E:Q584P,-6.230823993682861
T581E:Q584T:R585H,-4.75596809387207
T581E:Q584W:R588L,-2.7847514152526855
T581E:R585A,0.7340183854103088
T581E:R585A:R588A,2.935002326965332
T581E:R585A:R588C,2.291520118713379
T581E:R585A:R588I,5.5545244216918945
T581E:R585A:R588L,6.120007514953613
T581E:R585A:R588Q,2.0348167419433594
T581E:R585A:R588S,2.732370376586914
T581E:R585A:R588V,5.030595302581787
T581E:R585C:N587P,-0.4927244186401367
T581E:R585E,0.9089415669441223
T581E:R585F,-0.5386795401573181
T581E:R585F:N587D:R588I,3.988417148590088
T581E:R585F:R588I,4.281826496124268
T581E:R585G,2.8038330078125
T581E:R585G:N587E,4.331432342529297
T581E:R585H,-1.2434754371643066
T581E:R585H:G586E,-4.321622371673584
T581E:R585H:G586E:N587E:R588A,-0.5930391550064087
T581E:R585H:G586E:N587E:R588N,-1.06685209274292
T581E:R585H:G586E:N587E:R588Q,-1.4932246208190918
T581E:R585H:N587D:R588A,0.6640992164611816
T581E:R585H:N587E,0.28412383794784546
T581E:R585H:N587E:R588A,2.485107898712158
T581E:R585H:N587E:R588N,2.0112948417663574
T581E:R585H:N587E:R588Q,1.5849223136901855
T581E:R585H:R588D,1.0983948707580566
T581E:R585H:R588H,-0.6294063925743103
T581E:R585H:R588L,4.142513751983643
T581E:R585H:R588N,0.4836955666542053
T581E:R585H:R588Q,0.05732303857803345
T581E:R585I,0.8399012684822083
T581E:R585I:R588A,3.0408852100372314
T581E:R585I:R588Q,2.140699625015259
T581E:R585K,-3.4506683349609375
T581E:R585K:G586E,-6.528815269470215
T581E:R585L,0.707827627658844
T581E:R585L:G586F:R588T,-2.5653584003448486
T581E:R585L:N587D:R588S,2.4127702713012695
T581E:R585L:R588H,1.3218965530395508
T581E:R585L:R588S,2.706179618835449
T581E:R585L:R588V,5.004404544830322
T581E:R585M,0.07444530725479126
T581E:R585M:R588A,2.2754292488098145
T581E:R585M:R588C,1.6319470405578613
T581E:R585M:R588I,4.894951343536377
T581E:R585M:R588L,5.460434436798096
T581E:R585M:R588N,1.8016161918640137
T581E:R585M:R588Q,1.3752436637878418
T581E:R585M:R588S,2.0727972984313965
T581E:R585N:N587E,1.3902244567871094
T581E:R585N:R588A,2.0636091232299805
T581E:R585N:R588C,1.4201269149780273
T581E:R585N:R588N,1.5897960662841797
T581E:R585N:R588V,4.1592020988464355
T581E:R585N:R588Y,1.2603702545166016
T581E:R585Q,-0.7499369978904724
T581E:R585Q:G586E:N587D:R588A,-1.9205093383789062
T581E:R585Q:R588A,1.4510469436645508
T581E:R585Q:R588C,0.8075647950172424
T581E:R585Q:R588F,1.4306821823120117
T581E:R585Q:R588I,4.070569038391113
T581E:R585Q:R588L,4.636052131652832
T581E:R585Q:R588N,0.9772339463233948
T581E:R585Q:R588Q,0.5508614182472229
T581E:R585Q:R588T,2.238013982772827
T581E:R585Q:R588V,3.546639919281006
T581E:R585Q:R588W,-0.9356021881103516
T581E:R585S:N587E,2.2587857246398926
T581E:R585S:R588P,2.388449192047119
T581E:R585T,0.7195549607276917
T581E:R585T:G586E:N587E:R588L,4.554996490478516
T581E:R585T:N587E,2.2471542358398438
T581E:R585T:N587E:R588I,7.067660331726074
T581E:R585T:R588T,3.707505941390991
T581E:R585V,0.980286180973053
T581E:R585V:N587D,0.6868767738342285
T581E:R585V:R588D,3.3221564292907715
T581E:R585V:R588H,1.5943551063537598
T581E:R585V:R588N,2.7074570655822754
T581E:R585W,-1.8771862983703613
T581E:R585W:N587D:R588L,3.215393543243408
T581E:R585W:R588L,3.508802890777588
T581E:R585Y,-0.6010922789573669
T581E:R585Y:N587D,-0.8945016860961914
T581E:R585Y:N587G,-3.24822998046875
T581E:R585Y:R588A,1.5998916625976562
T581E:R585Y:R588L,4.7848968505859375
T581E:R585Y:R588N,1.1260786056518555
T581E:R585Y:R588S,1.3972597122192383
T581E:R588A,1.34761381149292
T581E:R588C,0.7041316628456116
T581E:R588D,1.4885001182556152
T581E:R588E,2.169369697570801
T581E:R588F,1.3272490501403809
T581E:R588G,0.8506503701210022
T581E:R588H,-0.2393011450767517
T581E:R588I,3.9671359062194824
T581E:R588K,-3.3400111198425293
T581E:R588L,4.532618999481201
T581E:R588N,0.8738008141517639
T581E:R588Q,0.44742828607559204
T581E:R588S,1.144981861114502
T581E:R588V,3.443206787109375
T581E:R588W,-1.0390353202819824
T581E:R588Y,0.5443750023841858
T581F:G586Q,-9.333702087402344
T581F:L583D:G586S:N587E:R588G,-5.156583786010742
T581F:L583F,-7.407303810119629
T581F:L583K,-10.861871719360352
T581F:L583P,-7.994659423828125
T581F:Q584I,-7.104286193847656
T581F:Q584K,-10.159904479980469
T581F:Q584L,-6.615851402282715
T581F:Q584S,-7.142609596252441
T581F:R585Q,-3.3173389434814453
T581F:R588G,-1.7167515754699707
T581G:G586L:R588D,-4.243762493133545
T581G:G586W,-11.25140380859375
T581G:L583D,-3.4519522190093994
T581G:L583D:R588D,-1.1100819110870361
T581G:L583F,-7.132863521575928
T581G:L583K,-10.587431907653809
T581G:N587Q,-6.393610000610352
T581G:Q584E,-0.9872517585754395
T581G:R585P,-3.401975631713867
T581H:G586E,-6.7100138664245605
T581H:L583D:N587L:R588D,-0.8720080852508545
T581H:L583G:G586P,-9.68977165222168
T581H:N587I:R588P,-2.9033708572387695
T581H:Q584D,-3.548809051513672
T581H:R585D:R588P,-0.6539444923400879
T581K:L583F,-11.11782455444336
T581K:L583R,-14.763960838317871
T581K:L583S,-10.288180351257324
T581K:Q584K,-13.870424270629883
T581K:R588C,-5.573790550231934
T581K:R588Q,-5.830493927001953
T581K:R588V,-2.8347153663635254
T581L:G586K,-12.917427062988281
T581L:L583K,-11.248427391052246
T581L:Q584D,-3.724269390106201
T581L:Q584F,-9.48873233795166
T581L:R588L,1.5786619186401367
T581L:R588T,-0.8193762302398682
T581N:G586D,-5.35561466217041
T581N:G586E,-4.950168609619141
T581N:L583D:G586D:N587E:R588E,-1.1108957529067993
T581N:L583D:G586V:R588T,-3.6535837650299072
T581N:L583G:N587D,-5.490826606750488
T581N:L583G:Q584T,-8.70991039276123
T581N:L583W:Q584E,-4.539978981018066
T581N:N587E:R588F,1.836197018623352
T581N:N587T,-4.447404861450195
T581N:Q584C:R585H:R588N,-5.877396583557129
T581N:Q584E,0.28705859184265137
T581N:Q584E:R588H,0.9011275768280029
T581N:R585F,-1.557330846786499
T581N:R585H,-2.2621266841888428
T581N:R585Q:N587P,-2.4978106021881104
T581N:R588D,0.4698488712310791
T581N:R588E,1.1507184505462646
T581N:R588G,-0.1680009365081787
T581N:R588I,2.9484846591949463
T581P:G586A,-7.535529613494873
T581P:G586T,-7.616262435913086
T581P:L583D:R585G:G586D:N587E:R588E,1.585471272468567
T581P:L583E,-3.16465163230896
T581P:N587L,-2.109248638153076
T581P:Q584D,-2.7497997283935547
T581P:Q584M:R585T:R588S,-3.51904296875
T581P:R585E:N587C:R588G,-4.00218391418457
T581P:R585G,0.824345588684082
T581P:R588C,-1.2753558158874512
T581P:R588L,2.553131580352783
T581V:G586L,-6.896582126617432
T581V:G586T,-8.240686416625977
T581V:L583T,-6.660388469696045
T581V:N587D,-3.750690460205078
T581V:N587E,-1.9296818971633911
T581V:N587P,-4.1865034103393555
T581V:N587W,-10.139491081237793
T581V:Q584E,-1.298201084136963
T581V:Q584M,-7.714743614196777
T581V:Q584T:R585G:G586F:R588I,-4.753201484680176
T581V:R585F:R588F,-0.9619712829589844
T581V:R585L,-1.8960833549499512
T581V:R585N:N587T,-5.316669464111328
T581V:R585S,-1.8727245330810547
T581Y:G586I,-7.281301021575928
T581Y:G586L,-6.556308269500732
T581Y:G586V,-7.580900192260742
T581Y:L583D:G586F,-9.683764457702637
T581Y:L583G,-6.442403316497803
T581Y:L583W:R585Y:R588S,-5.693414688110352
T581Y:L583Y,-6.827833652496338
T581Y:N587E:R588D,0.7524622678756714
T581Y:Q584C,-8.459447860717773
T581Y:Q584I,-6.8005218505859375
T581Y:Q584M:N587P,-8.103692054748535
T581Y:Q584M:N587P:R588I,-3.2831859588623047
T581Y:R585C,-2.027139186859131
T581Y:R585H,-3.507112503051758
T581Y:R585H:R588D,-1.1652421951293945
T581Y:R585Q:R588T,-0.025623083114624023
T581Y:R585Y,-2.864729404449463
T581Y:R588L,2.26898193359375
V571A:G586L:R588G,-6.075374126434326
V571A:G586Y,-10.875490188598633
V571A:L583E:R585L:R588Q,-1.8098912239074707
V571A:L583E:R585N,-3.955892324447632
V571A:L583E:R588N,-2.944716691970825
V571A:L583E:R588S,-2.6735355854034424
V571A:L583G:Q584A,-11.60129165649414
V571A:L583G:Q584A:R585H,-11.991395950317383
V571A:L583G:Q584A:R585H:R588H,-11.377326965332031
V571A:L583K,-11.781193733215332
V571A:L583P,-8.913980484008789
V571A:L583W:N587T,-11.742514610290527
V571A:L583W:R585L,-7.60593318939209
V571A:L583W:R585T:R588F,-5.4135870933532715
V571A:L583W:R585V:R588G,-5.629454612731934
V571A:N587D,-4.633502960205078
V571A:N587D:R588Q,-3.332704544067383
V571A:N587D:R588Y,-3.235757827758789
V571A:N587S,-7.292632579803467
V571A:Q584A,-8.275895118713379
V571A:R585I,-2.646822214126587
V571A:R585I:R588Q,-1.3460237979888916
V571A:R585L,-2.778895854949951
V571A:R585L:N587D,-3.072305202484131
V571A:R585L:N587D:R588T,-0.08435416221618652
V571A:R585N,-3.624098300933838
V571A:R585N:R588F,-1.443479061126709
V571A:R585Q,-4.236660480499268
V571A:R585T:R588G,-1.063148021697998
V571A:R585V,-2.506437301635742
V571A:R585V:R588F,-0.3258180618286133
V571A:R588A,-2.1391096115112305
V571A:R588D,-1.9982233047485352
V571A:R588F,-2.1594743728637695
V571A:R588G,-2.636073112487793
V571A:R588N,-2.6129226684570312
V571A:R588Q,-3.039295196533203
V571A:S580K,-12.42428207397461
V571A:S580Q,-9.347160339355469
V571A:S580T,-7.9304280281066895
V571A:T581D:R585N,-4.528970241546631
V571A:T581D:R588G,-3.540945053100586
V571A:T581E,-5.1934638023376465
V571A:T581E:L583E:R585H:N587T:R588Q,-7.189948081970215
V571A:T581E:L583E:R585H:R588Q,-4.614564895629883
V571A:T581F:R585A:R588Q,-4.872678756713867
V571A:T581L,-8.147420883178711
V571A:T581V,-7.797374725341797
V571A:T581V:R585T:R588L,-0.8384604454040527
V571A:Y576F,-7.404318332672119
V571A:Y576F:L583E:N587T:R588Q,-9.010697364807129
V571A:Y576F:L583E:R585Q:N587T,-10.208063125610352
V571A:Y576F:L583E:R588S,-5.737760543823242
V571A:Y576F:L583G:Q584A:R585H:R588H,-14.441551208496094
V571A:Y576F:L583P:R585N:N587T:R588L,-8.451604843139648
V571A:Y576F:L583W:R585F,-11.916665077209473
V571A:Y576F:L583W:R585S:N587T,-13.222183227539062
V571A:Y576F:L583W:R588L,-6.845366477966309
V571A:Y576F:T581D:N587P:R588A,-6.837428569793701
V571A:Y576F:T581D:R585T:N587P:R588A,-5.264503479003906
V571A:Y576F:T581D:R588A,-6.108206272125244
V571A:Y576F:T581E:R585Q,-8.154254913330078
V571C:G577C,-10.631207466125488
V571C:G577E:Q584C:N587I,-18.062583923339844
V571C:G577W:R585P,-10.17811393737793
V571C:G586E,-6.421494483947754
V571C:G586L,-6.78264856338501
V571C:L583D,-3.648967981338501
V571C:L583D:R585F,-3.334277391433716
V571C:L583D:R585V:G586E:N587D:R588C,-3.629366159439087
V571C:L583E:Q584E:R588H,-0.9019925594329834
V571C:N587D,-3.6367568969726562
V571C:N587K,-9.828154563903809
V571C:N587Y,-8.146551132202148
V571C:Q584C,-8.68578815460205
V571C:Q584C:G586L,-12.125089645385742
V571C:Q584C:R585G,-5.028584957122803
V571C:Q584C:R588F,-6.505168914794922
V571C:Q584D:G586L:N587M,-8.811283111572266
V571C:Q584E,-1.184267520904541
V571C:Q584E:R585M,-0.2564520835876465
V571C:Q584E:R585T:R588D,2.730527877807617
V571C:Q584M,-7.6008100509643555
V571C:Q584N:R585V,-5.085942268371582
V571C:R585A,-1.7559590339660645
V571C:R585A:R588C,-0.1984572410583496
V571C:R585D,-2.0226879119873047
V571C:R585I,-1.650076150894165
V571C:R585M,-2.415532112121582
V571C:R585N,-2.627352237701416
V571C:R585P,-3.5989913940429688
V571C:R585P:G586L,-7.038292407989502
V571C:R585Q,-3.2399144172668457
V571C:R585S,-1.7587909698486328
V571C:R585T,-1.7704224586486816
V571C:R585T:R588H,-1.15635347366333
V571C:R585W,-4.36716365814209
V571C:R588C,-1.7858457565307617
V571C:R588F,-1.1627283096313477
V571C:R588G,-1.639327049255371
V571C:R588H,-2.729278564453125
V571C:R588K,-5.829988479614258
V571C:R588S,-1.3449954986572266
V571C:R588W,-3.529012680053711
V571C:S580A:Q584D:N587S:R588N,-7.349499702453613
V571C:S580A:Q584E:R588L,1.3378796577453613
V571C:S580C:Q584E:N587D:R588S,-3.85896635055542
V571C:S580D:G586E,-9.143743515014648
V571C:S580D:L583E:Q584E:R585A:R588F,-0.4703032970428467
V571C:S580D:L583Q:R585H:R588N,-8.695801734924316
V571C:S580D:T581E:Q584C:G586E,-15.339553833007812
V571C:S580D:T581N:Q584E,-5.778538703918457
V571C:S580E,-6.389196395874023
V571C:S580F:L583W:Q584C:R585N:R588D,-16.17416000366211
V571C:S580G:L583D:R585V:G586E:N587D:R588C,-5.411134719848633
V571C:S580H:L583K:Q584D:R585S,-14.770744323730469
V571C:S580P,-4.4809746742248535
V571C:T573E,-8.908670425415039
V571C:T573Y,-8.787322998046875
V571C:T573Y:Q584E,-6.628243446350098
V571C:T573Y:S580A:Q584E,-9.492084503173828
V571C:T581E,-4.196717739105225
V571C:T581E:L583W:R588G,-7.319734573364258
V571C:T581E:N587E,-2.6691184043884277
V571C:T581E:N587E:R588V,1.6274585723876953
V571C:T581E:R588A,-1.9957337379455566
V571C:T581Y,-6.460354804992676
V571C:Y576A,-9.824623107910156
V571C:Y576N,-10.132051467895508
V571C:Y576W:S580A:G586N:R588Q,-11.104223251342773
V571C:Y576W:S580A:R585D:N587D:R588Q,-4.669663906097412
V571C:Y576W:T581E,-4.987240791320801
V571D:G577A:R588G,-11.625112533569336
V571D:G577W:L583D:G586D:N587E:R588S,-12.591737747192383
V571D:G577W:Q584D:R588P,-10.588155746459961
V571D:G577W:Q584L:R585M:G586E:R588D,-15.332016944885254
V571D:G577W:Q584N:R585Q:R588V,-11.504715919494629
V571D:G577W:R585L:R588G,-9.063257217407227
V571D:G577W:S580E:N587E,-13.846725463867188
V571D:G577W:S580E:Q584D:R585D:N587E:R588P,-10.785745620727539
V571D:G577W:S580E:Q584D:R585P:N587E:R588P,-12.362049102783203
V571D:G577W:S580E:T581H:Q584D:R588P,-17.265871047973633
V571D:G577W:S580W:R585P:R588P,-18.003734588623047
V571D:G577W:T581H:R588P,-14.303079605102539
V571D:G577Y:S580Q:R585E:G586E:R588H,-19.31117057800293
V571D:G586D:N587E:R588E,-4.682607173919678
V571D:G586E,-8.827500343322754
V571D:G586E:N587E,-7.299901008605957
V571D:G586Y,-12.284749984741211
V571D:L583D,-6.054973602294922
V571D:L583D:N587D,-6.348382949829102
V571D:L583D:Q584D:G586E,-9.05006217956543
V571D:L583D:Q584D:R585E,-4.209604263305664
V571D:L583D:Q584D:R585N,-5.25592041015625
V571D:L583D:Q584D:R585W:R588S,-4.997379779815674
V571D:L583D:Q584D:R588C,-4.414413928985596
V571D:L583D:Q584E:N587E,-2.3682942390441895
V571D:L583D:Q584E:R585A:N587E:R588D,1.5609643459320068
V571D:L583D:Q584L,-9.250053405761719
V571D:L583D:R585I:N587E,-2.8341031074523926
V571D:L583D:R585N:R588T,-2.351027250289917
V571D:L583D:R585P:R588P,-4.653354644775391
V571D:L583D:R585Q:R588Y,-4.553795337677002
V571D:L583D:R588F,-3.874354600906372
V571D:L583E,-6.081147193908691
V571D:L583E:N587E,-4.5535478591918945
V571D:L583E:Q584D:R585P:R588G,-4.549712657928467
V571D:L583E:Q584D:R585Q:G586E,-8.972803115844727
V571D:L583E:Q584D:R585V,-4.164433002471924
V571D:L583E:Q584E:G586D,-7.405660152435303
V571D:L583E:Q584E:R585M,-2.9942517280578613
V571D:L583E:Q584L:R585E:R588F,-5.333295822143555
V571D:L583E:R585A,-4.4937591552734375
V571D:L583E:R585N:N587E,-3.837552547454834
V571D:L583E:R585Q:R588S,-3.9793620109558105
V571D:L583G:R585P:R588E,-6.307652950286865
V571D:L583P:Q584I,-14.006755828857422
V571D:L583P:Q584I:R588S,-12.008402824401855
V571D:L583P:R585T:N587E:R588S,-5.224363803863525
V571D:L583P:R585Y:R588L,-4.684973239898682
V571D:L583Q:Q584E:R588P,-5.900280475616455
V571D:N587D:R588T,-3.054811716079712
V571D:N587E:R588W,-4.407419204711914
V571D:N587L,-5.025744438171387
V571D:Q584A:R585T:R588F,-5.931610584259033
V571D:Q584C,-11.09179401397705
V571D:Q584D,-5.666295528411865
V571D:Q584D:N587Q,-8.91357421875
V571D:Q584D:R585D,-4.345635890960693
V571D:Q584D:R585D:R588D,-2.00376558303833
V571D:Q584D:R585D:R588F,-2.1650166511535645
V571D:Q584D:R585I:R588I,0.8474822044372559
V571D:Q584D:R585M:N587E,-3.210880756378174
V571D:Q584D:R585P,-5.921939373016357
V571D:Q584D:R585P:R588G,-4.217918872833252
V571D:Q584D:R585P:R588P,-4.264676570892334
V571D:Q584D:R588A,-3.4653115272521973
V571D:Q584D:R588C,-4.10879373550415
V571D:Q584D:R588D,-3.324425220489502
V571D:Q584D:R588P,-4.009032726287842
V571D:Q584E,-3.590273380279541
V571D:Q584E:N587E,-2.062674045562744
V571D:Q584E:R585D,-2.269613742828369
V571D:Q584E:R585D:R588S,-0.27126169204711914
V571D:Q584E:R585F,-3.275582790374756
V571D:Q584E:R585P:N587L:R588P,-1.4650453329086304
V571D:Q584E:R585V:R588S,0.24173498153686523
V571D:Q584E:R585W:R588Q,-3.313291072845459
V571D:Q584F:R585L:N587D:R588W,-10.348634719848633
V571D:Q584I,-9.432868003845215
V571D:Q584I:R585P,-9.688511848449707
V571D:Q584L,-8.944433212280273
V571D:Q584L:N587D:R588P,-7.58057975769043
V571D:Q584L:R585I,-7.251161575317383
V571D:Q584L:R588L,-3.558443784713745
V571D:Q584M:R585N:R588F,-7.110201358795166
V571D:Q584T:R585S:N587E,-6.149690628051758
V571D:R585C:N587V:R588E,-3.2584352493286133
V571D:R585D,-4.428693771362305
V571D:R585D:G586E,-7.506840705871582
V571D:R585D:R588V,-0.13211679458618164
V571D:R585E:R588G,-2.2830212116241455
V571D:R585G,-2.0921502113342285
V571D:R585G:N587D:R588I,2.4349465370178223
V571D:R585G:N587E:R588F,1.6160683631896973
V571D:R585H,-6.139458656311035
V571D:R585L,-4.188155651092529
V571D:R585N,-5.033358097076416
V571D:R585N:R588H,-4.4192891120910645
V571D:R585P,-6.004997253417969
V571D:R585P:N587E,-4.477397918701172
V571D:R585Q:R588C,-4.088418483734131
V571D:R585T,-4.176428318023682
V571D:R585V,-3.9156970977783203
V571D:R585V:N587E,-2.3880977630615234
V571D:R588D,-3.4074831008911133
V571D:R588E,-2.7266135215759277
V571D:R588F,-3.5687341690063477
V571D:R588G,-4.045332908630371
V571D:R588K,-8.235994338989258
V571D:R588L,-0.36336421966552734
V571D:R588P,-4.092090606689453
V571D:R588S,-3.7510013580322266
V571D:R588W,-5.935018539428711
V571D:R588Y,-4.3516082763671875
V571D:S580A:R588D,-6.27132511138916
V571D:S580D,-8.471603393554688
V571D:S580D:L583D:Q584L,-11.97230339050293
V571D:S580D:L583D:R585S:N587D,-7.486076354980469
V571D:S580D:L583D:R585W,-9.801039695739746
V571D:S580D:L583E:Q584E:R585Q:N587E,-5.013284683227539
V571D:S580D:L583Q:Q584D:R585L,-10.794617652893066
V571D:S580D:Q584D,-8.388545036315918
V571D:S580D:Q584D:R585L:N587L:R588A,-3.902754306793213
V571D:S580D:Q584D:R585L:R588A,-4.626363277435303
V571D:S580D:Q584D:R588A,-6.187561511993408
V571D:S580D:Q584E:G586D,-9.79611587524414
V571D:S580D:Q584E:N587D:R588N,-4.878761291503906
V571D:S580D:Q584I:R585T:R588D,-8.24032211303711
V571D:S580D:Q584L:R585P:R588N,-10.195155143737793
V571D:S580D:R585M:R588Y,-6.146042823791504
V571D:S580D:R588N,-6.744431972503662
V571D:S580D:T581D:L583D:N587D:R588S,-7.9771528244018555
V571D:S580D:T581Y:Q584D:R585L:N587L:R588A,-7.019761562347412
V571D:S580E,-8.795202255249023
V571D:S580E:G586E:R588I,-7.05284309387207
V571D:S580E:L583D:Q584D:R585E,-7.255453109741211
V571D:S580E:L583D:R585E:G586E:N587E,-8.889059066772461
V571D:S580E:L583D:R585E:R588I,-2.518004894256592
V571D:S580E:L583D:R585I,-7.407551288604736
V571D:S580E:L583D:R585S,-7.516265869140625
V571D:S580E:L583D:R585T:N587E:R588C,-4.44279670715332
V571D:S580E:L583D:R585V:N587D,-7.560575485229492
V571D:S580E:L583E:Q584D:N587E:R588P,-5.859076499938965
V571D:S580E:L583E:Q584D:R585E:R588D,-4.939756393432617
V571D:S580E:L583E:Q584D:R585Q:R588S,-6.942152976989746
V571D:S580E:L583E:Q584E:R585T,-5.394990921020508
V571D:S580E:L583E:R585P:N587E:R588A,-5.654056549072266
V571D:S580E:L583Y:R585W,-13.529844284057617
V571D:S580E:N587E,-7.267602920532227
V571D:S580E:Q584D,-8.71214485168457
V571D:S580E:Q584D:N587E,-7.184545040130615
V571D:S580E:Q584D:R585E,-6.949832916259766
V571D:S580E:Q584D:R585M:R588H,-7.170259952545166
V571D:S580E:Q584D:R585P:R588P,-7.310525417327881
V571D:S580E:Q584E,-6.636122226715088
V571D:S580E:Q584L:R585M:R588A,-8.861482620239258
V571D:S580E:Q584M:R585W:G586E:R588T,-14.16667652130127
V571D:S580E:R585D,-7.474542617797852
V571D:S580E:R585H,-9.185307502746582
V571D:S580E:R585H:G586E:N587E,-10.735855102539062
V571D:S580E:R585S,-7.21064567565918
V571D:S580E:R588I,-3.974696159362793
V571D:S580E:R588Q,-7.494403839111328
V571D:S580E:T581D:G586D:R588F,-11.003047943115234
V571D:S580E:T581D:G586E:N587E,-11.250621795654297
V571D:S580F:Q584D:R585P,-11.64113998413086
V571D:S580F:T581E:Q584C:R585N:N587E:R588N,-13.693599700927734
V571D:S580F:T581E:Q584D:R585N:N587E:R588N,-8.268101692199707
V571D:S580K,-13.833541870117188
V571D:S580N:L583D:R585P:R588C,-8.340901374816895
V571D:S580W,-12.826231002807617
V571D:T573F:G586F,-17.833900451660156
V571D:T573F:L583D,-11.87838363647461
V571D:T573Y,-11.193328857421875
V571D:T573Y:Q584D:R585D:N587E:R588D,-5.92014217376709
V571D:T573Y:R588D,-8.851459503173828
V571D:T581D:Q584L:R585C:N587D:R588F,-6.872226715087891
V571D:T581D:R585C:G586E:R588I,-3.821998119354248
V571D:T581E,-6.602723598480225
V571D:T581E:L583D,-6.90834379196167
V571D:T581E:N587E,-5.075124263763428
V571D:T581E:Q584C:R585N:N587E:R588N,-7.974398612976074
V571D:T581E:Q584D:R585N:N587E:R588N,-2.5489001274108887
V571D:T581E:R588D,-4.260853290557861
V571D:T581H,-9.381219863891602
V571D:T581N:R585T:R588F,-3.867830753326416
V571D:T581Y:Q584M:R585I:N587D:R588T,-8.73600959777832
V571D:Y576C:L583D:R588G,-8.500890731811523
V571D:Y576E:G586E:N587E,-15.749897003173828
V571D:Y576E:L583D,-14.504969596862793
V571D:Y576E:T581D:G586E,-18.182369232177734
V571D:Y576E:T581E:R585P,-15.30836296081543
V571D:Y576F:G577W,-15.3927001953125
V571D:Y576P:R588P,-13.790573120117188
V571D:Y576Q,-13.357402801513672
V571D:Y576T,-12.45677375793457
V571D:Y576W,-6.539876461029053
V571E:G577W:G586E:N587E,-13.6671781539917
V571E:G577W:L583D:Q584E,-10.263171195983887
V571E:G577W:L583E:R585V:G586D,-14.098361015319824
V571E:G577W:T581D:G586D:N587E,-14.977496147155762
V571E:G586A,-10.240179061889648
V571E:G586D:N587D,-9.314510345458984
V571E:G586D:R588H,-8.407032012939453
V571E:G586E:N587E,-7.08805513381958
V571E:G586E:R588F,-6.435035228729248
V571E:G586E:R588P,-6.9583916664123535
V571E:G586E:R588S,-6.617302417755127
V571E:G586K,-14.647607803344727
V571E:L583D,-5.843128204345703
V571E:L583D:N587E,-4.315528869628906
V571E:L583D:N587E:R588A,-2.1145448684692383
V571E:L583D:Q584E:N587E:R588F,0.024170637130737305
V571E:L583D:Q584E:R585I:N587E,-0.4631774425506592
V571E:L583D:Q584E:R585V:G586E:R588F,-2.7479186058044434
V571E:L583D:R585N:N587E,-3.5995335578918457
V571E:L583D:R585V:G586E:N587E:R588F,-3.3794000148773193
V571E:L583D:R585V:N587E,-2.48187255859375
V571E:L583D:R588Q,-4.542329788208008
V571E:L583E:N587D:R588C,-4.6052093505859375
V571E:L583E:N587D:R588Q,-4.861912727355957
V571E:L583E:N587E,-4.341702461242676
V571E:L583E:N587E:R588P,-2.6844396591186523
V571E:L583E:Q584D,-5.786243438720703
V571E:L583E:Q584D:R585T:N587E,-2.6857194900512695
V571E:L583E:R585I:N587E:R588Y,-1.2506861686706543
V571E:L583E:R585M:R588T,-1.9535353183746338
V571E:L583E:R585N,-5.153306007385254
V571E:L583E:R585Q,-5.765868186950684
V571E:L583E:R585V:N587D,-4.329054832458496
V571E:L583E:R588D,-3.5274312496185303
V571E:L583I,-8.834980010986328
V571E:L583P:N587D,-10.404804229736328
V571E:L583P:R585V:N587T:R588V,-6.556545257568359
V571E:L583Q:R585Y,-9.252500534057617
V571E:N587A,-8.303943634033203
V571E:N587D,-5.830916881561279
V571E:N587D:R588A,-3.6299328804016113
V571E:N587D:R588L,-0.4449276924133301
V571E:N587D:R588P,-4.173654079437256
V571E:N587E,-4.009908199310303
V571E:N587E:R588F,-1.8292890787124634
V571E:N587E:R588L,1.376080870628357
V571E:N587P:R588L,-0.8807406425476074
V571E:Q584D,-5.454449653625488
V571E:Q584D:N587D,-5.747859001159668
V571E:Q584D:N587E,-3.9268503189086914
V571E:Q584D:R585A:G586E:R588D,-4.60333776473999
V571E:Q584D:R585L:G586E:N587D:R588I,-2.4443020820617676
V571E:Q584D:R585N,-4.738454341888428
V571E:Q584D:R585V,-3.620793342590332
V571E:Q584D:R585Y:R588V,-0.9055948257446289
V571E:Q584E,-3.378427505493164
V571E:Q584E:G586E:N587E,-4.9289751052856445
V571E:Q584E:G586E:N587E:R588N,-3.2018041610717773
V571E:Q584E:R585E,-1.6161158084869385
V571E:Q584E:R585I,-1.6851561069488525
V571E:Q584E:R588F,-1.1978082656860352
V571E:Q584E:R588P,-1.7211647033691406
V571E:Q584F:R588G,-9.514892578125
V571E:Q584K,-12.276639938354492
V571E:Q584N:R585Y,-8.861480712890625
V571E:Q584T,-9.050000190734863
V571E:R585A:N587D,-4.243528366088867
V571E:R585D:G586E,-7.294994354248047
V571E:R585D:R588T,-1.2288968563079834
V571E:R585E,-3.775195837020874
V571E:R585E:N587C,-8.41085433959961
V571E:R585E:R588L,1.6107933521270752
V571E:R585F,-5.2228169441223145
V571E:R585F:R588I,-0.402310848236084
V571E:R585G:N587D:R588L,3.212275505065918
V571E:R585G:N587E:R588I,4.467801094055176
V571E:R585G:R588F,0.30031490325927734
V571E:R585H,-5.927612781524658
V571E:R585I,-3.844236135482788
V571E:R585I:N587E,-2.316636800765991
V571E:R585K,-8.134805679321289
V571E:R585M:G586Y:N587M:R588L,-7.870790958404541
V571E:R585N:N587E:R588C,-1.7364110946655273
V571E:R585Q,-5.434074401855469
V571E:R585Q:N587E:R588N,-2.1793041229248047
V571E:R585Q:N587L,-4.710465431213379
V571E:R585S,-3.952950954437256
V571E:R585S:N587D:R588V,0.0502166748046875
V571E:R585S:R588V,0.3436260223388672
V571E:R585T,-3.9645824432373047
V571E:R585V,-3.7038512229919434
V571E:R585V:N587E,-2.1762518882751465
V571E:R588D,-3.1956372261047363
V571E:R588F,-3.3568882942199707
V571E:R588G,-3.833487033843994
V571E:R588H,-4.923438549041748
V571E:R588I,-0.7170014381408691
V571E:R588L,-0.1515183448791504
V571E:R588N,-3.8103365898132324
V571E:R588P,-3.880244731903076
V571E:R588Q,-4.236709117889404
V571E:R588S,-3.5391554832458496
V571E:R588W,-5.723172664642334
V571E:R588Y,-4.1397624015808105
V571E:S580D:L583D:Q584E:R585E,-4.643985748291016
V571E:S580D:L583D:Q584I:R585Y:R588Q,-10.695816040039062
V571E:S580D:L583D:R585I,-6.872106075286865
V571E:S580D:L583D:R585L:R588I,-2.183673620223999
V571E:S580D:L583E:Q584E:N587D,-6.7258806228637695
V571E:S580D:L583P:Q584T:R588E,-13.323396682739258
V571E:S580D:Q584D:N587D,-8.470108032226562
V571E:S580D:Q584D:R585M:N587E,-5.72128438949585
V571E:S580D:Q584N:R585H:R588W,-12.411778450012207
V571E:S580D:R585L:N587E:R588F,-2.9903407096862793
V571E:S580D:R585L:R588T,-3.71060848236084
V571E:S580D:R585M:R588S,-5.333589553833008
V571E:S580D:R585Q:N587E:R588P,-4.971461772918701
V571E:S580D:T581D:L583E:Q584E:R585H:R588D,-5.385578155517578
V571E:S580D:T581E:G586E:R588Q,-10.89047622680664
V571E:S580D:T581E:L583D:R588W,-9.604413032531738
V571E:S580E,-8.583356857299805
V571E:S580E:L583D,-8.88897705078125
V571E:S580E:L583D:G586E:R588F,-9.786504745483398
V571E:S580E:L583D:N587E,-7.361378192901611
V571E:S580E:L583D:N587E:R588H,-6.747308731079102
V571E:S580E:L583D:Q584D:N587E:R588W,-7.463984489440918
V571E:S580E:L583D:Q584D:R585G:N587E,-3.6211163997650146
V571E:S580E:L583D:Q584D:R588W,-8.991584777832031
V571E:S580E:L583D:Q584E:G586D:R588F,-8.03287124633789
V571E:S580E:L583D:Q584E:N587E,-5.202297210693359
V571E:S580E:L583D:Q584E:R585I:R588F,-2.856006383895874
V571E:S580E:L583D:Q584E:R588E,-3.7071568965911865
V571E:S580E:L583D:R585A:N587E:R588S,-3.775636911392212
V571E:S580E:L583D:R585D:R588W,-7.7539825439453125
V571E:S580E:L583D:R585H,-9.279082298278809
V571E:S580E:L583D:R585H:G586E:N587E,-10.829628944396973
V571E:S580E:L583D:R585I:N587D:R588S,-5.490762710571289
V571E:S580E:L583D:R585I:R588F,-5.0150861740112305
V571E:S580E:L583D:R585W:R588E,-6.890052795410156
V571E:S580E:L583D:R585Y:N587D,-8.930109024047852
V571E:S580E:L583E:N587D:R588I,-4.388053894042969
V571E:S580E:L583E:N587E,-7.387551784515381
V571E:S580E:L583E:Q584D:R588Q,-7.531293869018555
V571E:S580E:L583E:Q584E:G586E,-9.834217071533203
V571E:S580E:L583E:Q584E:N587E:R588G,-3.5244505405426025
V571E:S580E:L583E:R585A:N587E:R588N,-4.072991371154785
V571E:S580E:L583E:R585E:N587D:R588T,-4.458297252655029
V571E:S580E:L583E:R585E:N587E:R588S,-3.626887321472168
V571E:S580E:L583E:R585G:N587E:R588T,-0.7423970699310303
V571E:S580E:L583E:R585M:N587E,-6.459735870361328
V571E:S580E:L583E:R585N:N587D:R588N,-6.765393257141113
V571E:S580E:L583E:R585S:N587D:R588L,-2.238013982772827
V571E:S580E:N587D:R588L,-3.490777015686035
V571E:S580E:N587E:R588I,-2.2352514266967773
V571E:S580E:Q584D:R585L,-6.939101219177246
V571E:S580E:Q584E,-6.424276351928711
V571E:S580E:Q584E:G586D,-9.907869338989258
V571E:S580E:Q584E:N587E,-4.896677494049072
V571E:S580E:Q584E:R585H:R588F,-4.633762359619141
V571E:S580E:Q584V:R585L:R588A,-8.110586166381836
V571E:S580E:R585D:N587D,-7.5561065673828125
V571E:S580E:R585I:R588F,-4.709465980529785
V571E:S580E:R585M:N587D,-7.94895076751709
V571E:S580E:R585S,-6.998799800872803
V571E:S580E:R585S:R588L,-1.6128110885620117
V571E:S580E:R588H,-7.969287395477295
V571E:S580E:R588S,-6.5850043296813965
V571E:S580E:T581D:R585I:G586E:R588F,-8.692483901977539
V571E:S580E:T581E:R585Q:G586E:N587D,-12.704849243164062
V571E:S580F,-11.256708145141602
V571E:S580G,-7.319276332855225
V571E:S580V,-9.74058723449707
V571E:S580W,-12.614385604858398
V571E:T573C,-8.891105651855469
V571E:T581D:L583E:Q584E:R585H:R588D,-2.6633284091949463
V571E:T581D:L583P:Q584G:R585Q:R588L,-9.231668472290039
V571E:T581D:Q584E:R585I:G586E,-5.668174743652344
V571E:T581D:Q584E:R588A,-2.082315444946289
V571E:T581D:R585D:G586E:R588I,-3.3793606758117676
V571E:T581E,-6.390877723693848
V571E:T581E:Q584I:R585A:R588H,-7.872934341430664
V571E:T581E:Q584L:R588F,-7.405338287353516
V571E:T581F,-8.958279609680176
V571E:Y576F:L583W,-13.428770065307617
V571E:Y576F:R585L:R588I,-2.2200284004211426
V571E:Y576F:R585N,-7.88573694229126
V571E:Y576F:R585S:N587L:R588F,-4.112947463989258
V571E:Y576F:R588Q,-7.300933837890625
V571F:G577M,-15.242795944213867
V571F:G577Q:T581H:Q584C:R588P,-22.513324737548828
V571F:G577W,-12.412267684936523
V571F:G577W:G586M,-17.5251407623291
V571F:G577W:L583P,-16.986154556274414
V571F:G577W:Q584E:G586E:R588D,-10.989463806152344
V571F:G577W:Q584F,-18.093671798706055
V571F:G577W:Q584H,-17.564472198486328
V571F:G577W:T581P:Q584E:G586E:N587E:R588D,-12.294721603393555
V571F:G577W:T581P:Q584E:G586E:R588D,-13.822320938110352
V571F:G577Y:R588N,-11.95895767211914
V571F:G586D,-9.31673812866211
V571F:G586I,-9.997438430786133
V571F:L583C,-10.198129653930664
V571F:L583D:G586D,-9.622358322143555
V571F:L583D:N587E,-4.611166000366211
V571F:L583D:Q584D:N587E:R588N,-2.8009371757507324
V571F:L583D:Q584I:N587E,-8.29468059539795
V571F:L583D:Q584N:R585C:N587D:R588E,-5.895817279815674
V571F:L583D:Q584N:R585M:R588Q,-7.48640251159668
V571F:L583D:Q584N:R585P:G586D:R588W,-13.639918327331543
V571F:L583D:R585L:R588E,-1.5548276901245117
V571F:L583D:R585Y:R588K,-8.373128890991211
V571F:L583E:Q584D:R585F:R588D,-3.4253199100494385
V571F:L583E:Q584D:R585V:R588Q,-2.9474263191223145
V571F:L583G:Q584I:R585G:N587E:R588L,-2.271263360977173
V571F:L583P:Q584D,-10.323974609375
V571F:L583P:Q584D:G586T,-15.107378959655762
V571F:L583P:Q584D:R585L:R588C,-7.20527458190918
V571F:L583P:Q584E:R585D:N587E:R588C,-3.842191219329834
V571F:L583P:Q584I:N587E:R588V,-8.26637077331543
V571F:L583P:Q584I:R585S:N587E:R588P,-9.321127891540527
V571F:L583P:Q584L,-13.60211181640625
V571F:L583P:Q584L:N587E:R588V,-7.77793550491333
V571F:L583P:Q584L:R585F:N587E:R588V,-7.463244438171387
V571F:L583P:Q584N:R585C:G586E:N587E,-14.443961143493652
V571F:L583P:R588I,-5.586525917053223
V571F:L583Q:Q584D:R585L:N587D:R588L,-3.063579559326172
V571F:L583Q:Q584D:R585P:N587E:R588D,-6.103531360626221
V571F:L583Q:R585E:N587D:R588F,-6.150893211364746
V571F:L583Q:R585S,-8.215858459472656
V571F:L583W,-10.660181999206543
V571F:N587E,-4.305545330047607
V571F:N587E:R588W,-4.491210460662842
V571F:N587P,-6.562366962432861
V571F:N587W,-12.51535415649414
V571F:Q584D,-5.750086784362793
V571F:Q584D:N587D:R588D,-3.7016258239746094
V571F:Q584D:N587E,-4.222487449645996
V571F:Q584D:R585P:R588P,-4.348467826843262
V571F:Q584E,-3.6740646362304688
V571F:Q584E:G586E:R588D,-4.410341262817383
V571F:Q584E:N587D:R588D,-1.6256036758422852
V571F:Q584E:R585L,-2.1128668785095215
V571F:Q584E:R585Q,-3.570631504058838
V571F:Q584E:R588D,-1.3321943283081055
V571F:Q584F,-11.514549255371094
V571F:Q584F:N587E:R588P,-8.329687118530273
V571F:Q584F:R585D:N587E:R588P,-7.009027481079102
V571F:Q584F:R585L:R588Q,-8.65255355834961
V571F:Q584I:N587E,-7.9890594482421875
V571F:Q584I:R585G:N587E:R588Q,-3.031057834625244
V571F:Q584I:R585P:R588P,-8.115039825439453
V571F:Q584I:R588P,-7.859395980834961
V571F:Q584K,-12.572277069091797
V571F:Q584L,-9.028223991394043
V571F:Q584N:R585T:N587E:R588N,-4.581699848175049
V571F:Q584T:R585H,-9.735742568969727
V571F:Q584T:R588S,-7.347285270690918
V571F:Q584W:R585D:N587E:R588N,-8.575084686279297
V571F:R585A:R588I,0.5747499465942383
V571F:R585C,-4.743276596069336
V571F:R585E:N587E,-2.543233633041382
V571F:R585G,-2.1759414672851562
V571F:R585G:R588F,0.004677772521972656
V571F:R585H,-6.223249912261963
V571F:R585I,-4.139873504638672
V571F:R585N,-5.117149353027344
V571F:R585P:N587W,-12.770998001098633
V571F:R585P:R588P,-4.431525707244873
V571F:R585Q,-5.729711532592773
V571F:R585V,-3.999488353729248
V571F:R585V:R588D,-1.6576180458068848
V571F:R585V:R588L,1.3865008354187012
V571F:R585Y,-5.580866813659668
V571F:R588D,-3.491274356842041
V571F:R588F,-3.6525254249572754
V571F:R588G,-4.129124164581299
V571F:R588H,-5.219075679779053
V571F:R588N,-4.105973720550537
V571F:R588Q,-4.532346248626709
V571F:R588T,-2.84519362449646
V571F:R588V,-1.5365676879882812
V571F:R588W,-6.018809795379639
V571F:R588Y,-4.435399532318115
V571F:S580A:Q584E:N587E,-5.010307788848877
V571F:S580D,-8.555394172668457
V571F:S580D:L583D:G586E,-11.93916130065918
V571F:S580D:L583E:Q584D:G586E,-11.882277488708496
V571F:S580D:L583G:Q584I:R588Y,-14.166559219360352
V571F:S580D:L583P:Q584D:R585M:N587E:R588L,-5.204819679260254
V571F:S580D:Q584D,-8.472335815429688
V571F:S580D:Q584D:N587E,-6.944736957550049
V571F:S580D:Q584D:N587E:R588L,-1.5587478876113892
V571F:S580D:Q584D:R585M:N587E:R588L,-0.6309323310852051
V571F:S580D:Q584E:R588P,-4.739051342010498
V571F:S580D:Q584I:N587E:R588P,-9.054046630859375
V571F:S580D:Q584I:R585H:N587E:R588P,-9.444151878356934
V571F:S580D:Q584I:R588P,-10.581645965576172
V571F:S580E,-8.87899398803711
V571F:S580E:G586E:N587D,-12.250550270080566
V571F:S580E:L583P:G586E:R588C,-14.973526000976562
V571F:S580E:R585V,-7.045337200164795
V571F:S580E:R588S,-6.880641460418701
V571F:S580E:T581D:L583D:R588A,-7.88850212097168
V571F:S580E:T581D:L583E:R588S,-8.117307662963867
V571F:S580P:R588L,-1.584782600402832
V571F:T573G,-9.347602844238281
V571F:T573G:L583G,-12.672998428344727
V571F:T573P,-13.669271469116211
V571F:T573Q,-11.905998229980469
V571F:T581D,-6.738016605377197
V571F:T581D:G586E:R588E,-6.793423652648926
V571F:T581D:Q584L:R585G:G586E:R588F,-7.173419952392578
V571F:T581E,-6.686514854431152
V571F:T581E:L583P:Q584D:R588S,-9.17899227142334
V571F:T581E:N587E:R588D,-2.817045211791992
V571F:T581E:Q584C:R585Q,-11.925521850585938
V571F:T581E:Q584D:R588S,-4.605104923248291
V571F:T581E:R585A:G586E:R588N,-6.45010232925415
V571F:T581E:R588D,-4.344644546508789
V571F:T581H:L583D,-9.770631790161133
V571F:T581N:G586E,-10.783312797546387
V571F:T581Y:L583I:Q584F,-17.92902946472168
V571F:T581Y:L583I:Q584F:R588D,-15.587160110473633
V571F:T581Y:Q584F,-14.631556510925293
V571F:T581Y:R585L:R588D,-5.047083377838135
V571G:G577S,-12.640084266662598
V571G:G577W,-12.220427513122559
V571G:G577W:S580W:N587Q:R588Q,-21.243785858154297
V571G:G577W:S580W:T581E:L583E:Q584C:R585I:N587L:R588P,-21.75076675415039
V571G:G586F,-11.90244197845459
V571G:G586Q,-11.554235458374023
V571G:G586W,-13.746376991271973
V571G:N587T,-8.21668815612793
V571G:Q584H:R588F,-8.612890243530273
V571G:Q584V,-8.930716514587402
V571G:R585D,-4.320645332336426
V571G:R585L,-4.08010721206665
V571G:R585Q,-5.537871837615967
V571G:R588A,-3.4403209686279297
V571G:R588N,-3.9141340255737305
V571G:R588P,-3.984042167663574
V571G:R588Q,-4.340506553649902
V571G:S580T,-9.231639862060547
V571G:T573P,-13.477432250976562
V571G:T573Y,-11.085281372070312
V571G:T581Y,-8.758312225341797
V571G:Y576H,-9.941353797912598
V571H:G577L:S580H:Q584D:N587M,-23.380945205688477
V571H:G577T,-14.975275993347168
V571H:G577V,-15.61916732788086
V571H:L583Q,-10.56363296508789
V571H:L583T,-9.799468994140625
V571H:N587I,-7.5251288414001465
V571H:N587M,-8.708053588867188
V571H:R585N,-5.880366802215576
V571H:R585P:R588T,-3.8640549182891846
V571H:R588G,-4.892341613769531
V571H:S580D,-9.318611145019531
V571H:S580H:L583E:Q584M,-16.839529037475586
V571H:S580H:Q584M,-16.507736206054688
V571H:S580H:T581E:L583E:Q584M:R588P,-16.03563690185547
V571H:S580H:T581E:Q584M:R588P,-15.703842163085938
V571H:T581F,-10.017133712768555
V571H:Y576T:G577Q:S580H:L583E:G586F,-34.91375732421875
V571H:Y576W:T581E,-8.240255355834961
V571I:G577P,-13.833244323730469
V571I:G577W,-10.519895553588867
V571I:G586Q,-9.853703498840332
V571I:L583G,-7.26616907119751
V571I:L583H,-8.47825813293457
V571I:N587D,-4.234182357788086
V571I:N587Q,-7.188051223754883
V571I:Q584E,-1.7816929817199707
V571I:Q584E:R588E,1.2410469055175781
V571I:R585C,-2.850904941558838
V571I:R585I,-2.2475016117095947
V571I:R585N,-3.2247776985168457
V571I:R585S,-2.3562164306640625
V571I:R585V:R588Q,-0.8063182830810547
V571I:R588F,-1.7601537704467773
V571I:R588L,1.445216178894043
V571I:R588P,-2.283510208129883
V571I:R588Y,-2.543027877807617
V571I:S580A:R588F,-4.623995780944824
V571I:S580G,-5.722541809082031
V571I:S580G:R588I,-0.9020358324050903
V571I:S580Q,-8.947839736938477
V571I:T573C,-7.294371128082275
V571I:T581E:R585V,-2.960486888885498
V571I:T581N,-5.8127946853637695
V571I:T581P,-6.773630619049072
V571I:T581Y:R585F,-6.74308967590332
V571I:Y576F,-7.004997730255127
V571I:Y576L,-10.976651191711426
V571K:G577V,-16.99843978881836
V571K:Q584D,-7.892576694488525
V571K:Q584P,-13.35308837890625
V571K:R588H,-7.361565589904785
V571K:R588V,-3.6790575981140137
V571L:G577P,-14.53062629699707
V571L:L583P,-9.212042808532715
V571L:N587S,-7.590694427490234
V571L:Q584Y,-9.99649429321289
V571L:R585P,-4.893799304962158
V571L:R585S,-3.0535988807678223
V571L:R588G,-2.9341349601745605
V571L:R588H,-4.0240864753723145
V571L:R588P,-2.9808926582336426
V571L:S580F,-10.357357025146484
V571L:Y576K:G586I,-19.020713806152344
V571L:Y576K:L583P:G586I,-23.594600677490234
V571N:G577N,-12.789705276489258
V571N:G577W,-11.424612045288086
V571N:G586Q,-10.758419036865234
V571N:L583W,-9.672526359558105
V571N:N587H:R588G,-8.149856567382812
V571N:N587W,-11.527698516845703
V571N:N587Y,-9.64869213104248
V571N:R585I:R588C,-1.5947158336639404
V571N:R588I,-0.024982929229736328
V571N:S580C,-9.225130081176758
V571N:T573H,-10.275009155273438
V571N:T581P,-7.678346633911133
V571P:G577F,-15.974116325378418
V571P:G586V,-12.102519035339355
V571P:S580H:L583D:R585D:G586E,-15.355644226074219
V571P:S580P,-8.776252746582031
V571P:T581D,-8.543498039245605
V571P:T581Y,-10.755633354187012
V571Q:L583E,-6.29206657409668
V571Q:L583H,-10.497756958007812
V571Q:L583P,-10.534159660339355
V571Q:L583S,-9.11716079711914
V571Q:Q584Y,-11.318611145019531
V571Q:R585L,-4.399074554443359
V571Q:R585T,-4.387347221374512
V571Q:R588K,-8.44691276550293
V571Q:R588S,-3.9619202613830566
V571Q:S580L,-10.871150016784668
V571Q:T573E,-11.525595664978027
V571Q:T573P,-13.79640007019043
V571Q:T581H,-9.59213924407959
V571R:G577W,-14.536468505859375
V571R:L583G,-11.28274154663086
V571R:L583P,-12.531232833862305
V571R:R585C,-6.867477893829346
V571R:R585S,-6.37278938293457
V571R:R588N,-6.230175018310547
V571R:R588V,-3.660768985748291
V571R:S580T,-11.547679901123047
V571R:S580Y,-13.245084762573242
V571R:T573D,-13.315131187438965
V571R:T573V,-12.68053913116455
V571R:Y576E,-16.40734100341797
V571R:Y576F,-11.021570205688477
V571S:G577R,-14.068353652954102
V571S:G577W,-9.69862174987793
V571S:G586K,-12.229598999023438
V571S:L583A,-6.6971435546875
V571S:L583F:R585I,-5.412758827209473
V571S:N587C,-7.755156993865967
V571S:N587V,-4.7411885261535645
V571S:Q584A,-7.055299758911133
V571S:Q584N,-6.695749282836914
V571S:R585Y,-2.867220878601074
V571S:R588Y,-1.7217535972595215
V571S:S580N:T581Y:Q584C,-15.166731834411621
V571S:Y576L,-10.155376434326172
V571T:G577D,-9.348770141601562
V571T:G577N,-9.16577434539795
V571T:G577W:Q584C:R585D,-11.822461128234863
V571T:G586E,-4.299704551696777
V571T:G586E:R588F,-2.1190853118896484
V571T:G586Q,-7.134488105773926
V571T:G586R,-10.170733451843262
V571T:L583E,-1.553351640701294
V571T:L583E:N587T:R588F,-1.9481160640716553
V571T:L583E:Q584C:R585Q:G586E:N587D,-10.163915634155273
V571T:L583E:Q584M:R588Q,-4.510015487670898
V571T:L583E:R585F:R588F,0.9419581890106201
V571T:L583E:R585H:R588P,-0.2861940860748291
V571T:L583E:R585H:R588S,0.05489516258239746
V571T:L583E:R585I,0.13991975784301758
V571T:L583E:R585I:R588A,2.3409037590026855
V571T:L583E:R585I:R588E,3.1626594066619873
V571T:L583E:R585I:R588F,2.3205389976501465
V571T:L583E:R585I:R588L,5.525909423828125
V571T:L583E:R585I:R588N,1.8670907020568848
V571T:L583E:R585I:R588V,4.436496734619141
V571T:L583E:R585L,0.00784611701965332
V571T:L583E:R585L:R588F,2.1884653568267822
V571T:L583E:R585L:R588Q,1.3086445331573486
V571T:L583E:R585L:R588V,4.3044233322143555
V571T:L583E:R585N,-0.8373563289642334
V571T:L583E:R585N:N587T:R588L,1.9732491970062256
V571T:L583E:R585N:R588A,1.3636276721954346
V571T:L583E:R585N:R588F,1.3432629108428955
V571T:L583E:R585N:R588G,0.8666641712188721
V571T:L583E:R585N:R588L,4.548632621765137
V571T:L583E:R585N:R588Q,0.4634420871734619
V571T:L583E:R585N:R588S,1.1609957218170166
V571T:L583E:R585N:R588V,3.4592206478118896
V571T:L583E:R585Q,-1.449918508529663
V571T:L583E:R585Q:R588A,0.7510654926300049
V571T:L583E:R585Q:R588F,0.7307007312774658
V571T:L583E:R585Q:R588N,0.2772524356842041
V571T:L583E:R585Q:R588Q,-0.14912009239196777
V571T:L583E:R585Q:R588S,0.5484335422515869
V571T:L583E:R585Q:R588V,2.84665846824646
V571T:L583E:R585V,0.2803046703338623
V571T:L583E:R585V:R588E,3.303044557571411
V571T:L583E:R585V:R588F,2.460923910140991
V571T:L583E:R585V:R588L,5.666294097900391
V571T:L583E:R585V:R588N,2.0074756145477295
V571T:L583E:R585V:R588Q,1.5811030864715576
V571T:L583E:R585V:R588V,4.576881408691406
V571T:L583E:R585V:R588Y,1.6780498027801514
V571T:L583E:R588A,0.647632360458374
V571T:L583E:R588E,1.4693882465362549
V571T:L583E:R588F,0.627267599105835
V571T:L583E:R588G,0.15066885948181152
V571T:L583E:R588I,3.2671544551849365
V571T:L583E:R588L,3.8326375484466553
V571T:L583E:R588N,0.17381930351257324
V571T:L583E:R588Q,-0.25255322456359863
V571T:L583E:R588V,2.743225336074829
V571T:L583G:Q584E:R585T:R588F,1.3656706809997559
V571T:L583G:Q584M:R588F,-6.6237969398498535
V571T:L583P,-5.795444965362549
V571T:L583P:R585F,-5.480754375457764
V571T:L583P:R585F:N587T:R588A,-5.855154037475586
V571T:L583P:R585F:R588E,-2.458014488220215
V571T:L583P:R585I:R588A,-1.9011895656585693
V571T:L583P:R585I:R588F,-1.9215543270111084
V571T:L583P:R585I:R588G,-2.398153066635132
V571T:L583P:R585I:R588N,-2.37500262260437
V571T:L583P:R585I:R588V,0.19440317153930664
V571T:L583P:R585L:R588A,-2.0332632064819336
V571T:L583P:R585L:R588E,-1.2115073204040527
V571T:L583P:R585L:R588F,-2.0536279678344727
V571T:L583P:R585L:R588G,-2.530226707458496
V571T:L583P:R585L:R588Q,-2.9334487915039062
V571T:L583P:R585N:R588F,-2.8988304138183594
V571T:L583P:R585N:R588G,-3.375429153442383
V571T:L583P:R585N:R588N,-3.352278709411621
V571T:L583P:R585N:R588V,-0.7828726768493652
V571T:L583P:R585Q,-5.692011833190918
V571T:L583P:R585Q:N587T:R588Y,-6.869650363922119
V571T:L583P:R585Q:R588E,-2.669271945953369
V571T:L583P:R585V:N587T:R588Q,-5.2363739013671875
V571T:L583P:R585V:R588F,-1.7811694145202637
V571T:L583P:R585V:R588N,-2.2346177101135254
V571T:L583P:R585V:R588Q,-2.6609902381896973
V571T:L583P:R585V:R588V,0.33478832244873047
V571T:L583P:R588A,-3.594460964202881
V571T:L583P:R588E,-2.772705078125
V571T:L583P:R588G,-4.091424465179443
V571T:L583P:R588N,-4.068274021148682
V571T:L583P:R588S,-3.797092914581299
V571T:L583P:R588V,-1.4988679885864258
V571T:L583R,-8.854226112365723
V571T:L583W,-6.048594951629639
V571T:L583W:R585F:N587T:R588I,-3.4887819290161133
V571T:L583W:R585L,-4.487397193908691
V571T:L583W:R588I,-1.2280888557434082
V571T:N587D,-1.5149669647216797
V571T:N587P,-1.950779914855957
V571T:N587T,-3.7969412803649902
V571T:Q584C:G586E:R588F,-7.461525917053223
V571T:Q584C:R588F,-4.383378982543945
V571T:Q584D,-1.1384997367858887
V571T:Q584I,-4.905072212219238
V571T:R585F:N587D,-1.2002763748168945
V571T:R585F:N587T,-3.482250690460205
V571T:R585H:N587P:R588F,-0.16026592254638672
V571T:R585H:R588F,0.5689563751220703
V571T:R585I,0.4717137813568115
V571T:R585I:R588A,2.6726977825164795
V571T:R585I:R588F,2.6523330211639404
V571T:R585I:R588N,2.1988847255706787
V571T:R585I:R588Q,1.7725121974945068
V571T:R585K,-3.8188557624816895
V571T:R585L,0.33964014053344727
V571T:R585L:R588Q,1.6404385566711426
V571T:R585N,-0.5055623054504395
V571T:R585N:R588A,1.6954216957092285
V571T:R585N:R588E,2.5171775817871094
V571T:R585N:R588F,1.6750569343566895
V571T:R585N:R588Q,0.7952361106872559
V571T:R585P,-1.4772014617919922
V571T:R585Q,-1.1181244850158691
V571T:R585Q:R588A,1.0828595161437988
V571T:R585Q:R588F,1.0624947547912598
V571T:R585Q:R588S,0.8802275657653809
V571T:R585Q:R588V,3.178452491760254
V571T:R585S,0.36299896240234375
V571T:R585T,0.3513674736022949
V571T:R585V,0.6120986938476562
V571T:R585V:R588D,2.9539690017700195
V571T:R588A,0.979426383972168
V571T:R588D,1.1203126907348633
V571T:R588F,0.9590616226196289
V571T:R588G,0.48246288299560547
V571T:R588K,-3.7081985473632812
V571T:R588L,4.164431571960449
V571T:R588N,0.5056133270263672
V571T:R588Q,0.07924079895019531
V571T:R588S,0.77679443359375
V571T:R588T,1.7663934230804443
V571T:S580A:R585H,-4.4755048751831055
V571T:S580A:R585V,-2.2517433166503906
V571T:T573E,-6.786880970001221
V571T:T573H,-6.651077747344971
V571T:T581D:Q584A,-6.062231063842773
V571T:T581E,-2.074927806854248
V571T:T581E:L583E:R585Q,-2.303288698196411
V571T:T581E:L583P,-6.648815155029297
V571T:T581E:R585N,-1.3589324951171875
V571T:T581E:R585Q,-1.9714946746826172
V571T:T581F:R585L:N587M:R588F,-3.012204647064209
V571T:T581N:R585G:R588D,2.905494451522827
V571T:Y576C,-5.371495246887207
V571T:Y576F,-4.285782337188721
V571T:Y576F:G586E,-7.363929271697998
V571T:Y576F:L583E:R585Q,-4.514142990112305
V571T:Y576F:L583P:R585F:R588E,-5.5222392082214355
V571T:Y576F:L583P:R585L:R588A,-5.097487926483154
V571T:Y576F:L583P:R585S:N587T:R588N,-8.12332534790039
V571T:Y576F:L583W,-9.11281967163086
V571T:Y576F:L583W:R585Q:R588N,-7.282215595245361
V571T:Y576F:N587T:R588N,-5.133995056152344
V571T:Y576F:R585F:R588N,-2.2439208030700684
V571T:Y576F:R585S:N587T,-5.276609420776367
V571T:Y576F:R585V:N587T,-5.027509689331055
V571T:Y576F:R588L,1.1002068519592285
V571T:Y576F:S580N,-7.873567581176758
V571T:Y576F:T581E,-5.139152526855469
V571T:Y576F:T581E:L583P:N587T,-12.288423538208008
V571T:Y576G:G577W:R585Q,-14.129104614257812
V571T:Y576R:G577L:S580K,-27.5311336517334
V571W:G577A,-15.194751739501953
V571W:G577P,-17.507444381713867
V571W:L583H,-12.152458190917969
V571W:L583K,-15.056072235107422
V571W:N587Q,-10.862251281738281
V571W:R585L,-6.053774833679199
V571W:R585N,-6.898977279663086
V571W:R585Q:R588C,-5.954037666320801
V571W:R588K,-10.101613998413086
V571W:S580A,-10.478815078735352
V571W:S580G,-9.39674186706543
V571W:T573E,-13.180295944213867
V571W:Y576C:L583C,-16.129894256591797
V571Y:G577F,-13.93246078491211
V571Y:G577T:L583D,-14.281505584716797
V571Y:G577V,-14.619775772094727
V571Y:G586L:N587G,-11.683408737182617
V571Y:G586W,-13.702043533325195
V571Y:L583D,-5.902591705322266
V571Y:L583E,-5.928765296936035
V571Y:L583E:Q584M:R585Q,-10.082794189453125
V571Y:L583G,-8.922367095947266
V571Y:N587D,-5.890380382537842
V571Y:N587D:R588P,-4.233117580413818
V571Y:N587G,-8.244108200073242
V571Y:N587Q,-8.844249725341797
V571Y:N587T,-8.172354698181152
V571Y:Q584D,-5.513913154602051
V571Y:Q584G:R585P:R588L,-4.171449661254883
V571Y:Q584M,-9.854433059692383
V571Y:Q584M:R585E,-8.092122077941895
V571Y:R585Q:R588N,-3.766366958618164
V571Y:R588A,-3.395987033843994
V571Y:S580E:Q584C:R585H:N587D:R588S,-12.67042350769043
V571Y:S580H,-11.25088119506836
V571Y:S580H:Q584I:R588P,-13.277132987976074
V571Y:S580H:T581E:L583E:Q584M,-16.69350814819336
V571Y:S580H:T581E:Q584M,-16.361713409423828
V571Y:S580H:T581E:Q584M:R588P,-14.704450607299805
V571Y:T573G,-9.111429214477539
V571Y:T573P,-13.433097839355469
V571Y:T581D,-6.501842975616455
V571Y:T581D:N587Q,-9.74912166595459
V571Y:Y576S,-11.261526107788086
V571Y:Y576W:L583D:Q584I:R585P,-10.632272720336914
Y576A:G586C,-12.301528930664062
Y576A:L583Q,-10.448546409606934
Y576A:R585D,-5.160616397857666
Y576A:S580F,-12.200477600097656
Y576A:T581E:R585K:R588A,-7.730960369110107
Y576C:G577F:Q584C:G586E:R588C,-19.348514556884766
Y576C:G586L,-7.58923864364624
Y576C:L583A,-7.7275824546813965
Y576C:L583D,-4.455557823181152
Y576C:L583D:N587L,-3.7319490909576416
Y576C:N587D,-4.443346977233887
Y576C:Q584P,-9.52739143371582
Y576C:Q584R:R585S,-10.242694854736328
Y576C:R585H:N587D,-4.833452224731445
Y576C:R585H:R588A,-2.3390588760375977
Y576C:R588L,1.2360515594482422
Y576C:S580D,-6.87218713760376
Y576C:S580D:L583D,-7.177807331085205
Y576C:S580D:L583D:R585P:R588D,-5.091581344604492
Y576C:S580D:T581G,-10.018518447875977
Y576C:S580D:T581G:G586P:R588V,-8.454450607299805
Y576C:S580D:T581G:R588V,-5.721941947937012
Y576C:S580E:L583P:R585D:N587E:R588C,-7.363913059234619
Y576C:S580F,-9.869138717651367
Y576C:S580F:T581E:N587L,-9.998899459838867
Y576C:S580H,-9.803848266601562
Y576C:T581E:R588C,-3.4458060264587402
Y576C:T581E:R588F,-2.822688579559326
Y576C:T581Y:L583M:R588T,-8.26869010925293
Y576D:G586E,-11.565984725952148
Y576D:L583A,-12.065483093261719
Y576D:L583M,-12.477533340454102
Y576D:Q584D:R585L:R588E,-3.8208417892456055
Y576D:Q584E,-6.3287577629089355
Y576D:R585E,-6.725525856018066
Y576D:S580V,-12.69091796875
Y576D:T581D,-9.392709732055664
Y576E:G577A,-16.029775619506836
Y576E:G577F,-16.785486221313477
Y576E:G577N:R585Q,-16.29077911376953
Y576E:G577W:G586E:N587E,-16.579666137695312
Y576E:G577W:T581D:N587E:R588P,-12.749128341674805
Y576E:G586D,-11.933588981628418
Y576E:G586Q,-14.362926483154297
Y576E:L583E:N587E,-7.254190444946289
Y576E:Q584E:R585I:R588F,-2.417025327682495
Y576E:Q584L,-11.645075798034668
Y576E:R585E,-6.687684059143066
Y576E:T581H,-12.081863403320312
Y576F:G577H,-12.255779266357422
Y576F:G586C,-8.884477615356445
Y576F:G586E,-6.142371654510498
Y576F:G586M:N587Q,-11.424375534057617
Y576F:L583A,-6.64186954498291
Y576F:L583E,-3.3960187435150146
Y576F:L583E:N587T,-5.971402168273926
Y576F:L583E:Q584A,-7.331819534301758
Y576F:L583E:R585S:N587D,-2.1048715114593506
Y576F:L583M:R585N:R588S,-4.339573383331299
Y576F:L583P,-7.6381120681762695
Y576F:L583P:N587L,-6.91450309753418
Y576F:L583P:R585L:R588S,-4.078562259674072
Y576F:L583V:R588V,-2.0795974731445312
Y576F:L583W:R585F:N587P:R588V,-4.009216785430908
Y576F:L583W:R588F,-5.7106428146362305
Y576F:N587D,-3.3576340675354004
Y576F:N587E,-1.5366255044937134
Y576F:N587P,-3.7934470176696777
Y576F:N587T,-5.639608383178711
Y576F:N587T:R588G,-3.9355878829956055
Y576F:Q584A:R588S,-5.001673698425293
Y576F:Q584E,-0.9051446914672852
Y576F:Q584M:R585S,-5.737130641937256
Y576F:Q584S:N587V,-8.40775203704834
Y576F:R585F:R588G,-1.04551362991333
Y576F:R585G:N587T:R588E,1.040334701538086
Y576F:R585I,-1.3709533214569092
Y576F:R585I:N587Y:R588F,-3.993537187576294
Y576F:R585L,-1.5030269622802734
Y576F:R585L:N587D,-1.7964363098144531
Y576F:R585N,-2.34822940826416
Y576F:R585N:R588G,-0.6442089080810547
Y576F:R585Q,-2.96079158782959
Y576F:R585Q:N587T:R588S,-3.53782320022583
Y576F:R585Q:R588A,-0.7598075866699219
Y576F:R585Q:R588N,-1.2336206436157227
Y576F:R585S:N587T,-4.055051803588867
Y576F:R585S:R588N,0.24750280380249023
Y576F:R585V,-1.2305684089660645
Y576F:R588F,-0.8836054801940918
Y576F:R588H,-2.450155735015869
Y576F:R588I,1.7562813758850098
Y576F:R588N,-1.3370537757873535
Y576F:R588P,-1.4069619178771973
Y576F:R588Q,-1.7634263038635254
Y576F:R588V,1.2323522567749023
Y576F:S580A:Q584C:R585E:N587K,-15.993002891540527
Y576F:S580A:R585I,-4.234795570373535
Y576F:S580E,-6.110073566436768
Y576F:S580F:Q584F:R588S,-12.466479301452637
Y576F:S580G,-4.845993518829346
Y576F:S580G:L583M,-8.835689544677734
Y576F:S580T,-6.654559135437012
Y576F:T581D,-3.9690966606140137
Y576F:T581D:R585I:G586F:R588Q,-7.23616361618042
Y576F:T581E,-3.9175949096679688
Y576F:T581E:G586F:N587D,-10.47214126586914
Y576F:T581E:L583E:N587D,-4.542798042297363
Y576F:T581E:L583E:R585Q,-4.145956039428711
Y576F:T581E:L583E:R588G,-2.5453684329986572
Y576F:T581E:N587M:R588K,-8.515928268432617
Y576F:T581E:N587Q,-7.164873123168945
Y576F:T581E:Q584C:N587D,-9.553444862365723
Y576F:T581E:R585F:N587D,-3.8963136672973633
Y576F:T581E:R585M,-2.989779472351074
Y576F:T581E:R588F,-1.7369756698608398
Y576F:T581N:R585H,-5.326351165771484
Y576F:T581V:L583G:R588P,-8.1896390914917
Y576F:T581V:N587D,-6.814915180206299
Y576F:T581V:R585L:R588F,-2.779688835144043
Y576G:G577D:S580H,-20.212982177734375
Y576G:G577N,-14.37607479095459
Y576G:G577P,-16.324329376220703
Y576G:G577R,-17.380714416503906
Y576G:L583F,-10.418390274047852
Y576G:N587Y,-11.235061645507812
Y576G:Q584D,-6.348800182342529
Y576G:Q584D:R588W,-6.534465312957764
Y576G:Q584F,-12.113263130187988
Y576G:Q584T,-9.944351196289062
Y576G:R585H:N587A:R588Q,-8.287601470947266
Y576G:R585V,-4.598201751708984
Y576G:T581H,-10.063724517822266
Y576H:G577F,-12.635539054870605
Y576H:G577K,-16.092708587646484
Y576H:G586F,-10.561185836791992
Y576H:G586K,-13.410148620605469
Y576H:L583R,-11.932717323303223
Y576H:N587D,-4.59345817565918
Y576H:R585V,-2.4663925170898438
Y576H:S580C,-8.67969036102295
Y576H:T581H,-7.931915760040283
Y576I:G577I,-16.59633445739746
Y576I:G577K,-18.89388084411621
Y576I:G577W,-13.680343627929688
Y576I:G586C,-12.92147445678711
Y576I:L583M,-11.090917587280273
Y576I:N587E,-5.57362174987793
Y576I:N587P,-7.830443382263184
Y576I:Q584N,-10.677472114562988
Y576I:R585W,-8.12503719329834
Y576I:T581F,-10.521993637084961
Y576K:G577E,-18.66629409790039
Y576K:G586H,-17.358654022216797
Y576K:G586I,-14.382558822631836
Y576K:L583A,-13.795909881591797
Y576K:L583Y,-13.92909049987793
Y576K:N587K,-16.70307159423828
Y576K:N587L,-9.49465560913086
Y576K:R588G,-8.514244079589844
Y576K:R588Y,-8.82051944732666
Y576L:G577L,-16.137916564941406
Y576L:G577R,-17.98473358154297
Y576L:G586A,-11.738550186157227
Y576L:G586W,-15.140950202941895
Y576L:Q584G,-10.740702629089355
Y576L:Q584I,-10.719392776489258
Y576L:R585M,-6.108062744140625
Y576L:R585Q,-6.932445049285889
Y576L:S580V,-11.238958358764648
Y576M:G577R,-17.774009704589844
Y576M:G586K,-15.93525505065918
Y576M:N587F,-10.881553649902344
Y576M:Q584D,-6.7420973777771
Y576M:Q584F,-12.506560325622559
Y576M:Q584Y,-12.183493614196777
Y576M:R588F,-4.644536018371582
Y576M:T581D:R588A,-5.529043197631836
Y576M:T581N,-8.697176933288574
Y576N:G586E,-9.866849899291992
Y576N:Q584I,-10.472217559814453
Y576N:Q584N,-10.364953994750977
Y576N:Q584W:R585L:R588A,-10.343891143798828
Y576N:R585T,-5.215778350830078
Y576N:R588H,-6.1746344566345215
Y576P:G577H,-18.890037536621094
Y576P:G577M,-19.10813331604004
Y576P:L583C,-14.063467025756836
Y576P:L583E,-10.03027629852295
Y576P:L583R,-17.33115005493164
Y576P:N587E,-8.170883178710938
Y576P:R585L:R588D,-5.795414447784424
Y576P:R588F,-7.5178632736206055
Y576P:R588L,-4.312493324279785
Y576P:S580A,-12.562324523925781
Y576P:S580K,-17.782670974731445
Y576P:S580T,-13.288816452026367
Y576P:S580V,-13.901562690734863
Y576P:T581D:G586E:N587E:R588P,-10.496639251708984
Y576Q:G586R,-16.55722427368164
Y576Q:L583V,-10.919998168945312
Y576Q:N587A,-10.37448501586914
Y576Q:R585W,-8.631864547729492
Y576Q:R588A,-5.407064914703369
Y576Q:R588Y,-6.210303783416748
Y576Q:S580V,-11.811128616333008
Y576Q:T581P,-10.440906524658203
Y576R:G586E,-12.201497077941895
Y576R:G586W,-17.228422164916992
Y576R:L583G:Q584E:R588Y,-8.89192008972168
Y576R:L583G:Q584V,-15.738157272338867
Y576R:L583R,-16.756019592285156
Y576R:Q584K:N587A,-18.628917694091797
Y576R:R585K,-11.720647811889648
Y576R:R585N,-8.407354354858398
Y576R:S580L,-14.03422737121582
Y576R:S580W:L583D:Q584P:G586R:R588S,-28.834125518798828
Y576S:G577V:Q584G,-18.39218521118164
Y576S:G586Q,-11.577485084533691
Y576S:G586R,-14.613730430603027
Y576S:N587Q,-8.911832809448242
Y576S:R588C,-4.107052803039551
Y576S:R588D,-3.3226842880249023
Y576S:T581C,-9.23885726928711
Y576S:T581N,-7.536576271057129
Y576T:G577E,-15.155448913574219
Y576T:G577K,-18.500080108642578
Y576T:G577W,-13.286542892456055
Y576T:L583D,-7.0130414962768555
Y576T:L583F,-10.693952560424805
Y576T:L583Y,-10.41824722290039
Y576T:N587I,-7.636187553405762
Y576T:Q584E:R588L,0.8376483917236328
Y576T:R585F,-6.392730236053467
Y576T:R588C,-5.149919033050537
Y576T:R588E,-3.684680938720703
Y576T:S580I:T581D:R585S,-10.878708839416504
Y576T:T581C:L583W:Q584I:R585T,-17.219348907470703
Y576V:G577L,-16.048412322998047
Y576V:G577N,-14.89059066772461
Y576V:L583V,-10.258323669433594
Y576V:N587T,-9.521757125854492
Y576V:Q584E,-4.787293910980225
Y576V:R585D,-5.625714302062988
Y576V:R585P,-7.202017784118652
Y576V:R585T:R588T,-2.385497808456421
Y576V:R588Y,-5.548628807067871
Y576V:T581K,-14.077666282653809
Y576V:T581L,-10.753701210021973
Y576W:G586D,-4.274116039276123
Y576W:L583D,-1.0961434841156006
Y576W:L583D:R588S,0.9022085666656494
Y576W:L583E,-1.1223170757293701
Y576W:L583E:N587T,-3.6977007389068604
Y576W:L583E:Q584E,1.0367629528045654
Y576W:L583E:Q584E:R585L:N587T,0.02257704734802246
Y576W:L583E:Q584E:R585L:R588F,4.7785797119140625
Y576W:L583E:Q584M,-5.379779815673828
Y576W:L583E:Q584M:N587D:R588Q,-4.3723907470703125
Y576W:L583E:Q584M:N587T:R588Q,-6.654364585876465
Y576W:L583E:Q584M:N587T:R588S,-5.95681095123291
Y576W:L583E:Q584M:R585I:N587D,-3.979917526245117
Y576W:L583E:Q584M:R585I:N587D:R588Q,-2.679119110107422
Y576W:L583E:Q584M:R585I:R588W,-3.872173309326172
Y576W:L583E:Q584M:R585Q:R588A,-3.07536244392395
Y576W:L583E:Q584M:R585Q:R588Q,-3.975548028945923
Y576W:L583E:Q584M:R585Q:R588W,-5.462011337280273
Y576W:L583E:Q584M:R585T:N587T:R588Q,-5.081439971923828
Y576W:L583E:Q584M:R588A,-3.178795576095581
Y576W:L583E:Q584M:R588F,-3.19916033744812
Y576W:L583E:Q584M:R588Q,-4.078981399536133
Y576W:L583E:Q584M:R588W,-5.5654449462890625
Y576W:L583E:R585I:R588F,2.7515735626220703
Y576W:L583E:R585L:R588F,2.619499921798706
Y576W:L583E:R585Q,-1.0188839435577393
Y576W:L583E:R585Q:R588F,1.1617352962493896
Y576W:L583E:R585Q:R588W,-1.2045490741729736
Y576W:L583E:R585T:N587T:R588L,3.2612133026123047
Y576W:L583E:R588A,1.0786669254302979
Y576W:L583E:R588F,1.0583021640777588
Y576W:L583E:R588S,0.8760349750518799
Y576W:L583E:R588W,-1.3079822063446045
Y576W:L583I,-4.087995529174805
Y576W:N587D,-1.0839323997497559
Y576W:N587E:R588H,1.3511451482772827
Y576W:N587I,-1.719289779663086
Y576W:N587T,-3.3659067153930664
Y576W:Q584E:N587D,1.0751476287841797
Y576W:Q584E:R585L:N587T:R588Q,1.6551694869995117
Y576W:Q584E:R585P,1.1129131317138672
Y576W:Q584E:R585V:R588L,8.588202476501465
Y576W:Q584E:R585V:R588W,3.0165481567382812
Y576W:Q584E:R588W,1.182891845703125
Y576W:Q584F:R585I:R588V,-0.48207998275756836
Y576W:Q584G,-4.495347023010254
Y576W:Q584H:R585F:R588Y,-4.230291843414307
Y576W:Q584I,-4.474037170410156
Y576W:Q584M,-5.047985553741455
Y576W:Q584M:N587D,-5.341394901275635
Y576W:Q584M:R585I,-3.3547141551971436
Y576W:Q584M:R585I:R588A,-1.1537301540374756
Y576W:Q584M:R585Q,-4.944552421569824
Y576W:Q584M:R585Q:N587D:R588A,-3.036977767944336
Y576W:Q584M:R585Q:R588F,-2.7639331817626953
Y576W:Q584M:R585Q:R588Q,-3.643754005432129
Y576W:Q584M:R585Q:R588W,-5.130217552185059
Y576W:Q584M:R585T:N587T:R588Q,-4.749645709991455
Y576W:Q584M:R585T:R588Q,-2.174262046813965
Y576W:Q584M:R588A,-2.847001552581787
Y576W:Q584M:R588F,-2.867366313934326
Y576W:Q584M:R588W,-5.2336506843566895
Y576W:Q584T:R588S,-2.304663896560669
Y576W:Q584Y,-6.148861408233643
Y576W:R585G,2.866680145263672
Y576W:R585G:R588F,5.047299385070801
Y576W:R585H:R588N,0.5465426445007324
Y576W:R585I:R588L,6.2887372970581055
Y576W:R585I:R588W,0.717083215713501
Y576W:R585L,0.7706747055053711
Y576W:R585L:N587E:R588E,5.321013927459717
Y576W:R585L:R588F,2.9512939453125
Y576W:R585M,0.13729238510131836
Y576W:R585Q,-0.6870899200439453
Y576W:R585Q:G586E:R588A,-1.5642528533935547
Y576W:R585Q:N587A:R588A,-1.2525420188903809
Y576W:R585Q:R588A,1.5138940811157227
Y576W:R585Q:R588F,1.4935293197631836
Y576W:R585Q:R588Q,0.61370849609375
Y576W:R585T:N587D,0.48899269104003906
Y576W:R585T:N587T:R588F,0.3876376152038574
Y576W:R585T:R588Q,2.083200454711914
Y576W:R585T:R588V,5.078979015350342
Y576W:R585V,1.04313325881958
Y576W:R585W,-1.8143391609191895
Y576W:R588A,1.4104609489440918
Y576W:R588F,1.3900961875915527
Y576W:R588Q,0.5102753639221191
Y576W:R588S,1.2078289985656738
Y576W:R588W,-0.9761881828308105
Y576W:S580A:Q584E:G586P:N587D:R588D,-2.179332971572876
Y576W:S580D,-3.512772560119629
Y576W:S580D:L583D:Q584E,-1.6593129634857178
Y576W:S580D:L583E:R585Q:R588W,-3.9267985820770264
Y576W:S580D:N587T,-6.088156223297119
Y576W:S580D:Q584M:N587T:R588A,-8.144634246826172
Y576W:S580D:R585G,0.14443063735961914
Y576W:S580D:R585I,-1.8195011615753174
Y576W:S580D:R585L,-1.9515748023986816
Y576W:S580D:R585Q:N587T:R588F,-3.8041038513183594
Y576W:S580D:T581E,-4.366142749786377
Y576W:S580D:T581E:L583E:Q584M:R588F,-6.7747802734375
Y576W:S580G:R585Q:N587D:R588S,-0.7639161348342896
Y576W:S580H,-6.444433689117432
Y576W:S580H:Q584M,-10.701896667480469
Y576W:S580H:R588F,-4.263814449310303
Y576W:S580H:R588P,-4.787170886993408
Y576W:S580N:T581E:R588H,-4.61760950088501
Y576W:S580P,-1.9281501770019531
Y576W:T581D:L583D:Q584M:R585Q:R588S,-4.1566925048828125
Y576W:T581D:N587P,-2.424617290496826
Y576W:T581D:Q584M:R585Q:R588S,-3.851072311401367
Y576W:T581E,-1.6438932418823242
Y576W:T581E:L583D:Q584M:R585Q:R588F,-3.9229235649108887
Y576W:T581E:L583E,-1.9756872653961182
Y576W:T581E:L583E:N587T:R588L,0.8349182605743408
Y576W:T581E:L583E:Q584M,-6.233149528503418
Y576W:T581E:L583E:Q584M:R585Q,-6.129716396331787
Y576W:T581E:L583E:Q584M:R588A,-4.03216552734375
Y576W:T581E:L583E:Q584M:R588F,-4.052530288696289
Y576W:T581E:L583E:R585Q:R588A,0.32872992753982544
Y576W:T581E:L583E:R585T:N587P,-1.1319844722747803
Y576W:T581E:L583E:R585T:R588L,4.983226776123047
Y576W:T581E:L583E:R588A,0.2252967357635498
Y576W:T581E:L583E:R588F,0.20493197441101074
Y576W:T581E:L583E:R588L,3.41030216217041
Y576W:T581E:L583G:R585E:N587E,-1.6793782711029053
Y576W:T581E:Q584E:R585Q:N587T,-1.956763744354248
Y576W:T581E:Q584E:R585T:R588L,7.4741010665893555
Y576W:T581E:Q584M,-5.901355743408203
Y576W:T581E:Q584M:G586E:R588A,-6.7785186767578125
Y576W:T581E:Q584M:N587T,-8.476739883422852
Y576W:T581E:Q584M:R585I:R588A,-2.0071003437042236
Y576W:T581E:Q584M:R585Q,-5.797922611236572
Y576W:T581E:Q584M:R588A,-3.700371742248535
Y576W:T581E:Q584M:R588F,-3.720736503601074
Y576W:T581E:Q584M:R588W,-6.0870208740234375
Y576W:T581E:R585I,0.04937821626663208
Y576W:T581E:R585I:R588F,2.229997396469116
Y576W:T581E:R585V,0.1897631287574768
Y576W:T581E:R588A,0.5570908188819885
Y576W:T581E:R588H,-1.0298242568969727
Y576W:T581E:R588L,3.742095947265625
Y576W:T581E:R588S,0.35445886850357056
Y576W:T581H,-4.422389984130859
