mutant,prediction
A572C:E574A,-8.282079696655273
A572C:E574A:Q584C:R585V,-11.867213249206543
A572C:E574A:S578V:Q584C:R585P,-15.538859367370605
A572C:E574A:T581S:N582G,-13.855155944824219
A572C:L583D,-5.6820292472839355
A572C:L583D:Q584C:R585H,-11.449725151062012
A572C:L583D:Q584C:R585T:R588Y,-7.196533203125
A572C:L583D:R585A:R588Y,-1.9778637886047363
A572C:L583E,-5.59813117980957
A572C:L583F,-8.583389282226562
A572C:L583G:R588D,-6.136952877044678
A572C:L583I,-7.651947021484375
A572C:L583W,-9.912947654724121
A572C:L583W:Q584E,-9.649842262268066
A572C:N582A:Q584E:R585G:R588H,-1.6027019023895264
A572C:N582D,-5.831754684448242
A572C:N582D:L583D:Q584C:R585H,-13.094076156616211
A572C:N582D:L583D:R585M:R588F,-4.629563331604004
A572C:N582D:L583D:R585M:R588T,-4.744364261627197
A572C:N582D:L583E:R585Q,-6.699626922607422
A572C:N582D:Q584C:R585G:R588G,-5.044765472412109
A572C:N582D:R585G,-2.150369167327881
A572C:N582D:R585N:R588T,-2.865152597427368
A572C:N582D:R588A,-3.4486119747161865
A572C:N582E:L583D:R585L:R588Y,-2.4257025718688965
A572C:N582E:L583D:R585N,-5.249232292175293
A572C:N582E:L583D:R588A,-3.1862921714782715
A572C:N582E:L583E:Q584E:R585V:R588Y,-2.000572681427002
A572C:N582E:Q584E:R585V:R588Y,-0.5898444652557373
A572C:N582E:R585N,-3.754605770111084
A572C:N582E:R585N:R588H,-3.4670522212982178
A572C:N582E:R585V:R588Y,-0.8529496192932129
A572C:N582E:R585Y:R588M,-2.025973320007324
A572C:N582G,-7.230426788330078
A572C:N582P,-4.335689544677734
A572C:N582V:R585N,-4.46713924407959
A572C:N587E,-4.266127109527588
A572C:N587L,-4.022361755371094
A572C:Q575A,-6.3093180656433105
A572C:Q575C,-6.441238880157471
A572C:Q575C:R588F,-3.6800384521484375
A572C:Q575C:Y576F:S578V:T581A,-15.416426658630371
A572C:Q575H:L583V:R585F:N587L:R588S,-10.186479568481445
A572C:Q575I,-7.456283092498779
A572C:Q575I:Q584E,-7.193177700042725
A572C:Q575I:S578V:N582D:R585H:N587D,-13.691263198852539
A572C:Q575L,-7.241613388061523
A572C:Q575L:L583W:R588F,-10.205957412719727
A572C:Q575L:S578D:T581M:N582E,-11.122575759887695
A572C:Q575L:S578Y:L583G:R585T,-13.624096870422363
A572C:Q575L:V579T,-7.627579689025879
A572C:Q575M,-7.808160305023193
A572C:Q575M:N582G,-10.851184844970703
A572C:Q575S:R588C,-4.987179756164551
A572C:Q575S:V579W:R585A:R588C,-10.420422554016113
A572C:Q575T,-6.994983196258545
A572C:Q575V,-6.953503131866455
A572C:Q575V:S578C:Q584E:R588D,-7.564924240112305
A572C:Q575V:S578V:T581D:N582E:R588D,-7.655422210693359
A572C:Q584C,-8.75846004486084
A572C:Q584C:R585H:R588C,-8.481260299682617
A572C:Q584C:R585S:R588F,-4.848154067993164
A572C:Q584E:N587L:R588D,-1.492894172668457
A572C:R585A,-2.719172239303589
A572C:R585E,-2.8377904891967773
A572C:R585H,-5.3840413093566895
A572C:R585H:N587G:R588A,-5.3699259757995605
A572C:R585Q,-3.6445469856262207
A572C:R585Q:R588L,-0.532860279083252
A572C:R585S,-3.038297176361084
A572C:R585S:R588L,0.07338953018188477
A572C:R585T:R588G,-1.6901230812072754
A572C:R585V,-3.201479196548462
A572C:R585V:R588H,-2.913925886154175
A572C:R585V:R588Y,-0.9655442237854004
A572C:R585Y:R588C,-2.9428343772888184
A572C:R588A,-1.80426025390625
A572C:R588F,-1.4262022972106934
A572C:R588G,-2.510741949081421
A572C:R588I,-0.8226475715637207
A572C:R588M,-1.9092974662780762
A572C:S578A:Q584C:R585V:R588E,-7.776714324951172
A572C:S578A:T581M:N582D:R585N:R588L,-8.388254165649414
A572C:S578D,-4.561880111694336
A572C:S578D:L583D,-6.056506156921387
A572C:S578D:N582D,-6.206232070922852
A572C:S578D:N582D:L583D:Q584C:R585H,-13.46855354309082
A572C:S578D:R585H,-5.758518218994141
A572C:S578D:R588A,-2.1787374019622803
A572C:S578D:R588D,-2.295517683029175
A572C:S578D:T581D:N582E:R588T,-1.8887343406677246
A572C:S578D:T581E,-4.8526506423950195
A572C:S578D:T581E:Q584C:R588A,-7.040565490722656
A572C:S578D:T581E:R585E:N587D:R588W,-3.494032144546509
A572C:S578D:V579A:N582A:R585D,-7.456725597381592
A572C:S578E,-3.076054573059082
A572C:S578E:N587E,-3.1547789573669434
A572C:S578G:T581V:N582G:L583E,-14.484488487243652
A572C:S578H,-8.695611953735352
A572C:S578M:T581D:N582H:R585F,-11.323591232299805
A572C:S578V:L583G:N587E:R588D,-9.210704803466797
A572C:S578V:N582E,-7.069835662841797
A572C:S578V:T581E:L583E:R585A,-7.415699005126953
A572C:S578V:T581N:N582D,-9.988037109375
A572C:S578V:V579A:Q584E:R588D,-7.291157245635986
A572C:S578W:L583W:R588I,-10.92762565612793
A572C:S578W:T581M:Q584C:R585H:R588H,-17.666057586669922
A572C:S578Y:N587D,-7.573554039001465
A572C:T573A:E574A:Q584C,-16.6693115234375
A572C:T573A:Q584F,-12.89842414855957
A572C:T573F:L583D,-10.749996185302734
A572C:T573F:Q575S:R585A,-10.060754776000977
A572C:T573F:T581S:R585P:R588D,-9.209754943847656
A572C:T573Y,-9.493654251098633
A572C:T573Y:Y576G,-16.563241958618164
A572C:T581E,-4.47817325592041
A572C:T581E:L583D:Q584C:R588A,-8.160715103149414
A572C:T581E:L583E,-5.888901710510254
A572C:T581E:N582A:R588F,-3.364315986633301
A572C:T581E:N582D:L583D:Q584C:R588A,-9.80506706237793
A572C:T581E:N582D:L583E,-7.533253192901611
A572C:T581E:N582D:Q584C:N587D,-11.092544555664062
A572C:T581E:N582D:Q584C:R585H,-11.89022159576416
A572C:T581E:N582E:L583D,-5.86020565032959
A572C:T581E:R585H,-5.674812316894531
A572C:T581M,-7.806482791900635
A572C:T581M:L583W:Q584C:R585I,-17.223438262939453
A572C:T581S:N587L,-6.552414417266846
A572C:V579A:N582D:L583D:R585H:R588A,-8.778072357177734
A572C:V579W,-11.088875770568848
A572C:Y576W:Q584M:R588F,-8.629537582397461
A572D:E574V,-10.562311172485352
A572D:L583D,-7.531445026397705
A572D:N582E,-5.924223899841309
A572D:Q575A,-8.158733367919922
A572D:Q575G,-8.243053436279297
A572D:Q575W,-12.00550365447998
A572D:Q584H,-11.294771194458008
A572D:R585N,-5.716615676879883
A572D:R585T,-5.21619987487793
A572D:R588F,-3.275618076324463
A572D:R588I,-2.6720633506774902
A572D:T573A,-9.85299301147461
A572D:T581I,-9.682432174682617
A572D:V579D,-10.951701164245605
A572D:Y576D,-14.370379447937012
A572D:Y576G,-13.106407165527344
A572E:E574V,-11.149835586547852
A572E:L583C,-11.797525405883789
A572E:N582C,-9.382049560546875
A572E:N582L,-6.685217380523682
A572E:Q584E,-6.361237525939941
A572E:R585A,-5.1561126708984375
A572E:R585H,-7.820981502532959
A572E:S578W,-11.003775596618652
A572E:T581P,-10.215898513793945
A572E:T581Q,-9.968393325805664
A572F:E574C,-11.5703706741333
A572F:N582R,-13.279205322265625
A572F:Q575G:L583H:Q584C,-19.41646385192871
A572F:Q575I,-10.280191421508789
A572F:Q575W,-12.979995727539062
A572F:Q575Y,-11.337169647216797
A572F:R588E,-4.646179676055908
A572F:T573A:R585F,-10.64184284210205
A572F:Y576H,-11.319533348083496
A572G:E574F:Q575H,-14.665114402770996
A572G:E574Y,-10.083388328552246
A572G:L583A,-8.355598449707031
A572G:L583E,-5.621271133422852
A572G:L583G,-8.426454544067383
A572G:N582E:L583G:R585P:R588L,-4.892868995666504
A572G:N582E:Q584D,-4.7839860916137695
A572G:N582E:R585Q:R588S,-1.3856678009033203
A572G:N582E:R585V,-3.1120247840881348
A572G:N582K,-9.859130859375
A572G:N582P,-4.358829498291016
A572G:N587K,-10.433265686035156
A572G:Q575C:R585Q:N587G:R588F,-5.5293498039245605
A572G:Q575L:L583V,-11.218072891235352
A572G:Q584Y:R585I:R588S,-6.295535087585449
A572G:R585A,-2.74231219291687
A572G:R585E,-2.8609304428100586
A572G:R585L:R588D,-1.0363829135894775
A572G:R585Q:R588L,-0.5560002326965332
A572G:R588S,-2.0411181449890137
A572G:S578A,-6.579852104187012
A572G:S578E:N582P:R588D,-0.9811193943023682
A572G:S578V:T581E:L583E:R588I,-5.542314529418945
A572G:S578V:V579Y:N587L,-12.233134269714355
A572G:T573E,-9.232105255126953
A572G:T581E,-4.501313209533691
A572G:T581E:L583D,-5.995940208435059
A572G:T581N:N582P:Q584E:N587M,-7.328553199768066
A572G:T581Y,-8.637142181396484
A572G:V579C:T581E:R588H,-6.702899932861328
A572G:Y576F:N582E:R588E,-4.631466865539551
A572G:Y576F:S578E:L583E:R588A,-5.025430679321289
A572G:Y576W:S578V:T581S:L583Y,-17.203895568847656
A572H:E574L,-12.781623840332031
A572H:E574Y,-13.464034080505371
A572H:L583E:N587A:R588G,-9.771642684936523
A572H:L583S,-11.75833511352539
A572H:N587H,-12.314360618591309
A572H:Q575F,-11.370794296264648
A572H:Q575N,-10.089645385742188
A572H:Q584F,-12.486035346984863
A572H:R585T,-6.770569801330566
A572H:R588L,-4.479501724243164
A572H:T573E,-12.612751007080078
A572H:T573G:S578R:R588T,-16.27515411376953
A572H:T573L,-11.697425842285156
A572H:T581E,-7.881958961486816
A572H:V579I,-11.12187671661377
A572H:Y576F,-10.489838600158691
A572I:E574F:V579W:N587W,-23.91823959350586
A572I:N582H,-8.968184471130371
A572I:N587A,-8.27975082397461
A572I:N587H,-10.556535720825195
A572I:N587W,-11.128061294555664
A572I:Q575V,-8.599464416503906
A572I:Q584G,-9.38835334777832
A572I:Q584V,-9.449828147888184
A572I:R585L,-4.925566673278809
A572I:R585P,-5.524058818817139
A572I:R588F,-3.0721635818481445
A572I:T581F,-10.41830825805664
A572I:Y576G,-12.902952194213867
A572K:E574H,-14.720341682434082
A572K:L583V,-12.626068115234375
A572K:N582M,-10.096773147583008
A572K:N587C,-12.459983825683594
A572K:Q575H,-13.23861312866211
A572K:Q575W,-14.641433715820312
A572K:R585N,-8.352545738220215
A572K:R585N:R588Y,-6.116610527038574
A572K:R585Y,-8.902019500732422
A572K:R588C,-7.198909759521484
A572K:R588E,-6.3076171875
A572K:Y576G,-15.74233627319336
A572L:E574C,-10.520849227905273
A572L:E574C:N582G:L583E,-14.974601745605469
A572L:L583S,-10.128936767578125
A572L:N582G:Q584C:N587D,-13.974832534790039
A572L:N582Q,-6.123065948486328
A572L:N587E,-6.04051399230957
A572L:Q575C:R585L:N587H,-12.031000137329102
A572L:Q575F,-9.741395950317383
A572L:Q575K,-11.974305152893066
A572L:Q575L:R585D:N587Y,-11.66098690032959
A572L:Q584C,-10.532846450805664
A572L:Q584C:R585G,-6.851461410522461
A572L:Q584K,-12.557083129882812
A572L:R585F:R588F,-3.014946937561035
A572L:R585M,-6.026172161102295
A572L:R588F,-3.200589179992676
A572L:R588H,-5.674236297607422
A572L:R588T,-3.315390110015869
A572L:S578D:Q584C,-10.907323837280273
A572L:S578G,-8.318852424621582
A572L:V579T:T581E:R588E,-4.273395538330078
A572M:L583Y,-11.153791427612305
A572M:Q575Y:R588A,-8.269386291503906
A572M:Q584C,-10.897726058959961
A572M:Q584E,-6.063563823699951
A572M:R588K,-8.477906227111816
A572M:S578C,-9.467557907104492
A572M:T573K:E574V:T581Y,-22.145326614379883
A572M:T581E,-6.617440223693848
A572M:T581M,-9.945749282836914
A572M:V579I,-9.8573579788208
A572M:Y576G,-13.396257400512695
A572M:Y576K,-16.444929122924805
A572N:E574I,-10.264318466186523
A572N:N582E,-5.069272041320801
A572N:N582L,-5.242741107940674
A572N:Q575A,-7.303781986236572
A572N:Q575D,-9.425134658813477
A572N:Q584A,-8.63254451751709
A572N:R585W,-6.73189115524292
A572N:S578H:V579R:T581K,-25.092411041259766
A572N:T573E,-10.203428268432617
A572N:T581A,-8.263376235961914
A572P:E574I:N587E,-12.452056884765625
A572P:N582A,-8.938223838806152
A572P:N582R,-13.558774948120117
A572P:N582V,-7.890820026397705
A572P:N582Y,-9.659104347229004
A572P:N582Y:R585D,-8.268411636352539
A572P:N587V,-8.714462280273438
A572P:Q575P,-10.397769927978516
A572P:Q575P:T581I,-14.043384552001953
A572P:Q575P:Y576W:T581I,-16.684532165527344
A572P:Q575P:Y576W:T581I:L583K,-24.684993743896484
A572P:Q575Y,-11.616739273071289
A572P:Q584G,-10.845870018005371
A572P:R585G,-3.6094954013824463
A572P:S578I,-10.662567138671875
A572P:T581D,-7.3767290115356445
A572P:T581W,-13.590265274047852
A572P:Y576M,-14.504149436950684
A572P:Y576T,-14.960094451904297
A572Q:E574L,-11.614995956420898
A572Q:L583V,-10.377880096435547
A572Q:N582K,-12.073148727416992
A572Q:N582Q,-6.585836887359619
A572Q:Q575N:R588V,-5.692176342010498
A572Q:R585C,-6.233541011810303
A572Q:R588A,-4.041418075561523
A572Q:R588E,-4.059429168701172
A572Q:T573M,-11.236751556396484
A572Q:T581W,-12.723944664001465
A572Q:V579C:T581E,-9.20447063446045
A572Q:V579I,-9.955248832702637
A572Q:Y576D,-14.758121490478516
A572R:L583A,-13.34785270690918
A572R:L583F:R588I,-10.234027862548828
A572R:L583W,-14.92834186553955
A572R:N582P,-9.351083755493164
A572R:N587S,-12.170673370361328
A572R:Q575D,-13.446065902709961
A572R:Q575G,-11.409032821655273
A572R:Q575L:S578D:R585S,-11.482378959655762
A572R:Q584L,-12.943290710449219
A572R:R585L:N587G,-10.664026260375977
A572R:R588I,-5.83804178237915
A572R:T581W,-15.502181053161621
A572R:V579E,-14.429792404174805
A572R:V579H,-15.226162910461426
A572R:V579I,-12.733485221862793
A572R:Y576F,-12.101447105407715
A572S:E574I:S578V:N582D:R585A,-10.799461364746094
A572S:E574L:Q575V,-10.502396583557129
A572S:L583D,-4.040487766265869
A572S:L583D:R585V,-3.0545639991760254
A572S:L583E,-3.9565892219543457
A572S:L583G:R585G,-3.080388069152832
A572S:L583I,-6.010405540466309
A572S:N582A,-4.193203926086426
A572S:N582A:Q584E:R585L,-3.022300958633423
A572S:N582C:R588H,-5.016014575958252
A572S:N582D:L583E,-5.600940704345703
A572S:N582D:L583E:R585H:N587D,-7.196540832519531
A572S:N582D:R585Q,-3.6473569869995117
A572S:N582E,-2.4332666397094727
A572S:N582E:R588Y,-0.19733166694641113
A572S:N582P:R588C,-1.2203092575073242
A572S:N582S,-4.963473320007324
A572S:N582V,-3.1458003520965576
A572S:N582V:R588M,-0.8676950931549072
A572S:N587D,-2.9448227882385254
A572S:N587E,-2.6245851516723633
A572S:N587G,-4.914888381958008
A572S:N587V,-3.969442844390869
A572S:Q575C,-4.799696922302246
A572S:Q575C:N582E,-4.687102794647217
A572S:Q575C:N582E:R588V,-1.4562618732452393
A572S:Q575C:T581E:L583E:R585Q:R588F,-3.1971399784088135
A572S:Q575G,-4.752096176147461
A572S:Q575G:N582Q,-4.913372993469238
A572S:Q575G:N582V:L583C,-10.52521800994873
A572S:Q575G:T581E,-5.042867183685303
A572S:Q575G:V579C:T581D,-7.327083587646484
A572S:Q575H,-7.111725807189941
A572S:Q575H:Y576F:T581D:L583G:R588V,-11.081296920776367
A572S:Q575I,-5.814741134643555
A572S:Q575I:N582A:L583D,-8.956710815429688
A572S:Q575I:R588C,-4.340902328491211
A572S:Q575I:S578A:N582E,-8.071456909179688
A572S:Q575I:T581E:R585F:N587E:R588H,-5.711040496826172
A572S:Q575I:V579C,-8.30388069152832
A572S:Q575I:Y576F:S578A:R585P,-10.773395538330078
A572S:Q575I:Y576W:S578I:N582E:R585I,-10.835336685180664
A572S:Q575L,-5.600071907043457
A572S:Q575L:L583E:R585G:N587D:R588M,-1.4502711296081543
A572S:Q575L:R585T,-4.779452800750732
A572S:Q575L:S578A:R585L:R588S,-4.892159461975098
A572S:Q575L:V579I:Q584E,-8.867654800415039
A572S:Q575L:Y576W,-8.241220474243164
A572S:Q575L:Y576W:L583E,-9.651948928833008
A572S:Q575M,-6.166618347167969
A572S:Q575M:N582D:R588V,-4.580129623413086
A572S:Q575M:R585V:R588M,-2.9025895595550537
A572S:Q575N:N582A:L583E:R585E:R588M,-4.474671363830566
A572S:Q575N:T581E:R585K,-7.608731269836426
A572S:Q575P:R588T,-3.0063507556915283
A572S:Q575T,-5.35344123840332
A572S:Q575V:R585H,-6.508600234985352
A572S:Q575V:S578E,-4.200613021850586
A572S:Q575V:S578E:V579A:N587M,-8.910381317138672
A572S:Q575V:S578E:V579A:R585H:N587G,-10.404474258422852
A572S:Q575V:V579T:L583G:R585N,-9.593637466430664
A572S:Q575W:L583D:R585Q:N587D:R588M,-7.5871734619140625
A572S:Q575W:S578I,-11.886232376098633
A572S:Q575W:T581D:L583E:Q584M:R585Q,-14.030452728271484
A572S:Q575W:V579Y,-13.707151412963867
A572S:Q575W:Y576W:Q584M:R585T,-14.897262573242188
A572S:Q575Y,-6.871720314025879
A572S:Q584C,-7.116918563842773
A572S:Q584E,-2.2827556133270264
A572S:Q584E:R585P,-1.9734504222869873
A572S:Q584K,-9.141155242919922
A572S:Q584M,-7.1080474853515625
A572S:Q584M:R585V:R588L,-3.01043701171875
A572S:Q584W,-9.121501922607422
A572S:R585G,1.1355242729187012
A572S:R585H,-3.742499589920044
A572S:R585L,-1.6380634307861328
A572S:R585M,-2.610243558883667
A572S:R585M:R588D,-0.34388136863708496
A572S:R585Q,-2.003005266189575
A572S:R585Q:R588L,1.1086814403533936
A572S:R588D,-0.279498815536499
A572S:R588F,0.21533942222595215
A572S:R588G,-0.8692002296447754
A572S:R588I,0.8188941478729248
A572S:R588K,-4.6970977783203125
A572S:R588S,-0.3764364719390869
A572S:R588Y,-0.30992603302001953
A572S:S578C,-5.686749458312988
A572S:S578D:T581E,-3.211108922958374
A572S:S578E:L583I,-4.899057388305664
A572S:S578E:L583W,-7.16005802154541
A572S:S578E:N587G,-3.8035402297973633
A572S:S578E:V579I:L583I:R585H:N587M,-11.697957992553711
A572S:S578G,-4.902923583984375
A572S:S578G:R588F,-2.141723155975342
A572S:S578I,-5.917547225952148
A572S:S578I:N587D:R588L,-3.204822063446045
A572S:S578I:V579Y:Q584M,-15.672338485717773
A572S:S578L:N582A:R585N:R588L,-4.008986473083496
A572S:S578V,-5.540888786315918
A572S:T573D,-7.161957740783691
A572S:T573Y:Q575L,-10.906323432922363
A572S:T581A:N587D,-6.026332855224609
A572S:T581D,-2.631709337234497
A572S:T581D:N582V,-3.2316486835479736
A572S:T581D:R588M,-0.3536040782928467
A572S:T581E,-2.8366317749023438
A572S:T581E:N582V,-3.4365711212158203
A572S:T581E:N587G,-5.205658912658691
A572S:T581E:R585H:N587G,-6.402297496795654
A572S:T581M,-6.16494083404541
A572S:T581M:Q584C,-10.735998153686523
A572S:T581V:R585I,-5.152486801147461
A572S:V579A,-5.184055328369141
A572S:V579A:L583G:R585V,-8.414044380187988
A572S:V579I,-6.076549530029297
A572S:V579T,-2.9318273067474365
A572S:V579Y,-7.738466262817383
A572S:V579Y:Q584E,-7.475360870361328
A572S:V579Y:R588T,-5.092066764831543
A572S:Y576A,-9.965264320373535
A572S:Y576F,-5.444511413574219
A572S:Y576F:N587D:R588F,-3.082272529602051
A572S:Y576G:T581D:R585A,-8.23306655883789
A572S:Y576W,-5.187009811401367
A572S:Y576W:Q584M,-9.749197006225586
A572S:Y576W:Q584M:R588A,-7.366053581237793
A572S:Y576W:R588L,-2.0753233432769775
A572S:Y576W:R588Y,-2.9510750770568848
A572S:Y576W:S578I:N587D:R588F,-6.196457862854004
A572S:Y576W:S578I:Q584E:R588A,-5.912448406219482
A572S:Y576W:T581E,-5.477780818939209
A572S:Y576W:T581E:Q584M:R588M,-7.761861801147461
A572S:Y576W:V579Y:R585G,-6.698229789733887
A572T:E574Y,-9.451143264770508
A572T:L583H,-9.206157684326172
A572T:N582I,-4.026369571685791
A572T:N582M,-5.002322196960449
A572T:Q575C,-5.8321332931518555
A572T:Q584A,-7.028974533081055
A572T:R588L,-0.4666104316711426
A572T:T573G,-7.507139205932617
A572T:T573L,-7.684535026550293
A572T:T581E,-3.869067907333374
A572T:T581M,-7.1973772048950195
A572T:V579E,-8.805292129516602
A572T:Y576M:T581E:N582A:L583D,-14.224306106567383
A572V:L583E,-6.530040740966797
A572V:L583K,-13.119771957397461
A572V:L583W,-10.844858169555664
A572V:N582Q,-5.2805891036987305
A572V:N587L,-4.9542717933654785
A572V:Q575F,-8.898919105529785
A572V:R588L,-2.0076260566711426
A572V:S578A,-7.488622665405273
A572V:V579A:T581F,-12.342453002929688
A572V:Y576G,-12.1889009475708
A572V:Y576T,-12.78852653503418
A572W:N587L,-9.20821762084961
A572W:Q575G,-11.57949447631836
A572W:Q584E,-9.110153198242188
A572W:R585E,-8.023646354675293
A572W:R585I,-8.493613243103027
A572W:R585N,-9.053055763244629
A572W:R585P,-9.063953399658203
A572W:R588V,-6.142417907714844
A572W:R588Y,-7.137323379516602
A572W:S578A,-11.742568016052246
A572W:S578M,-13.474420547485352
A572W:T573H,-14.559497833251953
A572W:V579I,-12.903946876525879
A572W:V579R,-18.095653533935547
A572Y:L583A,-11.310283660888672
A572Y:L583H:R588A,-10.409944534301758
A572Y:L583S,-11.332374572753906
A572Y:N582F,-8.343132019042969
A572Y:N582I,-7.613299369812012
A572Y:N587E,-7.243951320648193
A572Y:Q575E:T581D:R585T:R588L,-7.415875434875488
A572Y:Q584V,-10.78169059753418
A572Y:R585I,-6.285581588745117
A572Y:R585Q,-6.622371196746826
A572Y:R585V,-6.179303169250488
A572Y:S578V,-10.16025447845459
A572Y:T573Y,-12.471478462219238
A572Y:T581V:L583V:R585G,-10.923433303833008
D561A:A572C,-7.2637553215026855
D561A:A572C:R588D,-4.9973931312561035
D561A:A572C:Y576F:S578E:V579C:R588I,-8.17544174194336
D561A:A572S:Q575V,-8.388314247131348
D561A:A572S:S578W,-10.001646041870117
D561A:E562D,-5.830639839172363
D561A:E562D:S578E,-4.719291687011719
D561A:E562D:Y576W:S578G:R585I:R588Y,-7.713271141052246
D561A:E574I:Q584K,-14.754096984863281
D561A:E574N,-6.959019660949707
D561A:I565E,-12.182899475097656
D561A:I565E:S578R,-19.584423065185547
D561A:I565M,-8.381400108337402
D561A:I565V:Y576W:S578D:V579A:L583V,-17.02606201171875
D561A:L583D:R585I,-3.691333770751953
D561A:L583G,-7.292264938354492
D561A:L583V,-7.029672622680664
D561A:N582D:Q584E:N587E:R588D,-2.269960880279541
D561A:N582D:R588D,-2.4543421268463135
D561A:N582T,-5.199118614196777
D561A:N582V,-3.6762919425964355
D561A:N582V:Q584F:R585S:R588V,-4.191192626953125
D561A:N587D,-3.475314140319824
D561A:N587E,-3.1550769805908203
D561A:N587F,-5.949020862579346
D561A:N587G,-5.445379734039307
D561A:N587G:R588H,-5.1578264236450195
D561A:Q575A:Q584C,-9.769325256347656
D561A:Q575E:Q584D:R585T:R588M,-4.760771751403809
D561A:Q575E:S578C:V579K:T581I,-22.169612884521484
D561A:Q575I:L583N:R585Y:R588I,-7.673662185668945
D561A:Q575I:V579T:R585F:R588V,-3.314716339111328
D561A:Q575L:R585Y:N587S:R588G,-7.6510491371154785
D561A:Q575L:S578G,-8.487626075744629
D561A:Q575S:R585I:N587E:R588L,-1.437360405921936
D561A:Q575V,-5.8424530029296875
D561A:Q584E,-2.8132472038269043
D561A:Q584E:R585V,-1.8273236751556396
D561A:Q584L:R585F:R588V,-3.4003639221191406
D561A:Q584L:R585Q,-6.273990631103516
D561A:R585F,-2.8907103538513184
D561A:R585H,-4.272991180419922
D561A:R585L:N587D,-2.567516565322876
D561A:R585M,-3.140735149383545
D561A:R588F,-0.3151521682739258
D561A:R588I,0.2884025573730469
D561A:R588K,-5.2275896072387695
D561A:R588L,0.035334110260009766
D561A:R588S,-0.9069280624389648
D561A:R588Y,-0.8404176235198975
D561A:S578A,-5.445662498474121
D561A:S578C,-6.217241287231445
D561A:S578D,-3.4508297443389893
D561A:S578D:Q584E:R585D,-1.797032356262207
D561A:S578D:T581E:R585H,-4.938239097595215
D561A:S578D:V579A,-6.089024543762207
D561A:S578E,-1.9650044441223145
D561A:S578E:N582V:R585Y,-2.7942142486572266
D561A:S578E:V579I,-5.495693206787109
D561A:S578V,-6.071380615234375
D561A:S578V:N582D:R585I:R588L,-3.7243998050689697
D561A:S578V:T581E:N582L:N587G,-8.79205322265625
D561A:S578V:V579C:T581E:N582L:N587G,-11.2811918258667
D561A:S578W:N582V:N587G,-10.424751281738281
D561A:S578W:T581E,-7.746556282043457
D561A:S578W:T581E:N587E,-7.82528018951416
D561A:T568V:Q575C:R588D,-7.881535530090332
D561A:T568V:V571D:A572S:Q575N:S578E:V579A:R585L:N587D:R588A,-14.04157829284668
D561A:T568V:V579A,-10.532256126403809
D561A:T573F:T581E,-8.435090065002441
D561A:T573G,-7.005194664001465
D561A:T573L:Q575P:V579K,-18.49913215637207
D561A:T573V:S578D:T581E:Q584M:R585D,-10.654128074645996
D561A:T581E:N582L:N587G,-5.797024726867676
D561A:T581E:N582T:L583F:R585V,-8.899951934814453
D561A:T581E:N587E,-3.445847749710083
D561A:T581E:N587E:R588A,-1.0627052783966064
D561A:T581E:R585D:N587E,-2.0551557540893555
D561A:T581E:R585H,-4.5637617111206055
D561A:T581E:R585V:N587E,-2.4599242210388184
D561A:T581E:R588A,-0.9839808940887451
D561A:T581E:R588D,-1.1007611751556396
D561A:T581F,-7.66129732131958
D561A:T581G:L583A:R585D:R588F,-6.580050468444824
D561A:T581M,-6.695432662963867
D561A:V571A:S578G:R585L:R588F,-4.836495399475098
D561A:V571D:A572S:Q575N:S578E:R585L:N587D,-8.968817710876465
D561A:V571D:A572S:Q575N:S578E:R585L:N587D:R588A,-6.585674285888672
D561A:V571D:A572S:Q575N:S578E:V579A:R585L:N587D:R588A,-9.223868370056152
D561A:V571D:L583D,-7.039310455322266
D561A:V571D:N582D:Q584E:N587E,-7.004654884338379
D561A:V571D:Q575N:S578E:R585L:N587D,-6.4229559898376465
D561A:V571D:Q584C,-10.115741729736328
D561A:V571D:R585L:N587D,-5.035848140716553
D561A:V571D:S578E:R585L:N587D,-3.924499750137329
D561A:V571E:N582P:Q584E:R588D,-2.7835464477539062
D561A:V571E:S578W:T581E:N582V:N587L,-10.269828796386719
D561A:V571F,-7.747152328491211
D561A:V571F:N582D,-9.391504287719727
D561A:V571F:Q575C,-10.000988006591797
D561A:V571F:Q575G:T581E:R585H,-11.440796852111816
D561A:V571F:Q584C:R588L,-9.206522941589355
D561A:V571F:S578D:Q584E:N587E:R588D,-5.670886039733887
D561A:V571F:S578D:R588D,-5.855267524719238
D561A:V571F:S578G:L583E,-11.51494312286377
D561A:V571F:T581E,-8.037922859191895
D561A:V571F:T581E:N582G:R585V,-10.095023155212402
D561A:V571G,-7.185075283050537
D561A:V571S,-4.936809062957764
D561A:V571S:T581H,-9.521720886230469
D561A:V571T:T573Y:S578E:T581L:R588E,-9.407902717590332
D561A:V571Y:Y576W:S578C:Q584L:R585S,-16.03558349609375
D561A:V579A:Q584C,-10.285604476928711
D561A:V579A:Q584M,-10.2767333984375
D561A:V579A:R585Q:R588L,-2.060004711151123
D561E:A572E,-8.639281272888184
D561E:A572I,-7.848301887512207
D561E:A572L,-7.976727485656738
D561E:E562D,-4.769225120544434
D561E:E564C:V571T,-9.20791244506836
D561E:E564M,-9.103075981140137
D561E:E564Q:Q575Y:T581H,-16.34243392944336
D561E:E574D,-4.987386703491211
D561E:E574M,-7.552616119384766
D561E:I565D,-11.417791366577148
D561E:I565H:A572L:T581K,-23.899791717529297
D561E:L583A,-6.159994125366211
D561E:N569M,-10.448034286499023
D561E:N569P:T573F,-17.302244186401367
D561E:N582T,-4.137703895568848
D561E:N582W,-5.748809337615967
D561E:N587A,-4.461324691772461
D561E:R585Y:R588C,-0.7703697681427002
D561E:R588W,-1.6069700717926025
D561E:S578E:R585Q:R588F,2.400466203689575
D561E:S578I:T581E:N587Y:R588M,-7.4349684715271
D561E:S578R,-9.416462898254395
D561E:T581D:R588S,0.06863808631896973
D561E:T581S,-4.544990539550781
D561E:V571D:S578W:N582G:R585W:R588L,-10.344063758850098
D561E:V571F,-6.685737609863281
D561E:V571T:R588F,-0.002493917942047119
D561E:V579A,-4.653132438659668
D561E:V579A:N582T:Q584L,-10.51639175415039
D561E:V579K:Q584C:R588C,-13.321809768676758
D561E:Y576D,-10.348499298095703
D561E:Y576F,-4.913588523864746
D561F:A572I,-11.601122856140137
D561F:A572R,-14.970556259155273
D561F:E562D,-8.522046089172363
D561F:E562G:V571F:E574L:T581E,-21.641096115112305
D561F:E562L,-12.491771697998047
D561F:E564K:N587G,-14.471960067749023
D561F:E564L,-12.082842826843262
D561F:E564L:T581H,-16.667755126953125
D561F:E574N,-9.650425910949707
D561F:I565E,-14.874305725097656
D561F:I565L:V571A:Q575I:V579C:T581D,-16.967899322509766
D561F:I565V:T568C:T581M,-17.022235870361328
D561F:L583K,-13.768218994140625
D561F:L583W,-11.493303298950195
D561F:N569G,-13.963418960571289
D561F:N569S,-11.711936950683594
D561F:N569W,-16.465734481811523
D561F:N582P,-5.916046142578125
D561F:N582V,-6.3676981925964355
D561F:N587F,-8.640426635742188
D561F:Q575I,-9.036639213562012
D561F:Q575N:T581E:N587G,-10.926012992858887
D561F:Q575P:T581E,-9.16541862487793
D561F:Q575P:T581E:R588T,-6.51901912689209
D561F:Q584D,-6.45379638671875
D561F:Q584V,-9.384222984313965
D561F:R585F,-5.582116603851318
D561F:R585G,-2.0863735675811768
D561F:R585Q:R588D,-2.958540916442871
D561F:R588D,-3.501396656036377
D561F:S578D:N582C,-8.899943351745605
D561F:S578D:N582C:N587K,-15.122665405273438
D561F:S578D:N582C:R585S:N587K,-13.97356128692627
D561F:S578E,-4.6564106941223145
D561F:S578G:R585Q:R588D,-5.315603733062744
D561F:T568A,-10.252960205078125
D561F:T568V,-10.585468292236328
D561F:T568V:Q575P:T581E:L583V:R588T,-15.290048599243164
D561F:T568V:Q575P:T581E:R588T,-11.3367280960083
D561F:T568V:Q575P:Y576W:T581E:L583V:R588T,-17.931198120117188
D561F:T573A:Q575S:T581M:R585M:R588G,-13.864351272583008
D561F:T573D,-10.383855819702148
D561F:T573G:R585L,-8.788803100585938
D561F:T581C:R588H,-8.911336898803711
D561F:T581D,-5.853607177734375
D561F:T581D:L583I:N587G,-11.687178611755371
D561F:T581E,-6.058529853820801
D561F:T581E:L583I:N587M,-11.594648361206055
D561F:V571F:E574L,-15.62899398803711
D561F:V571F:E574L:T581E,-15.919764518737793
D561F:V571H:S578D:N582C:R585S:N587K,-18.40140151977539
D561F:V579C,-8.256897926330566
D561F:V579I,-9.298447608947754
D561F:Y576L,-12.393245697021484
D561G:A572C:T581E,-6.856787204742432
D561G:A572C:Y576F:T581S:R588S,-9.825294494628906
D561G:A572G:Q575C:V579Y:R588F,-11.274396896362305
D561G:A572S,-4.924474716186523
D561G:A572S:S578V:N582P,-8.067789077758789
D561G:A572V,-7.497926712036133
D561G:A572Y,-9.543840408325195
D561G:A572Y:S578E:V579A,-11.070686340332031
D561G:E562D,-5.132901191711426
D561G:E562D:A572S,-7.678761959075928
D561G:E562D:A572S:N582A:R585Q,-8.783248901367188
D561G:E562D:N582G:R585N,-7.855722427368164
D561G:E562D:S578W:V579M:R585N:N587D,-13.720495223999023
D561G:E562D:T581E:Q584E:R585H,-6.357204437255859
D561G:E562D:V571I:A572C:R585F,-12.473039627075195
D561G:E564A,-7.692246437072754
D561G:E574L,-7.569048881530762
D561G:E574Y:Q575N:S578G:Q584E:R588F,-10.082673072814941
D561G:I565F:N569H:V571P:T581E,-22.974937438964844
D561G:I565L:A572S,-7.208670139312744
D561G:I565L:V579A:N582D:Q584E,-8.682250022888184
D561G:L583A:Q584E:N587K,-12.483287811279297
D561G:L583D,-3.8732404708862305
D561G:L583E:Q584E:R588W,-3.1182684898376465
D561G:N569Q,-9.85563850402832
D561G:N569S,-8.322792053222656
D561G:N582D:N587E,-4.101689338684082
D561G:N582P:Q584E:R585T:N587G:R588W,-3.404235601425171
D561G:N582P:R588I,0.8378543853759766
D561G:N587D,-2.7775754928588867
D561G:Q575C,-4.632450103759766
D561G:Q575C:N582D,-6.276801586151123
D561G:Q575C:N582E:R585A:R588W,-2.6436567306518555
D561G:Q575C:N582E:R588A,-2.1367132663726807
D561G:Q575C:R585I:R588V,-0.5219640731811523
D561G:Q575C:R588S,-2.4630253314971924
D561G:Q575C:S578V:N582D:R585Q:R588I,-5.364218711853027
D561G:Q575C:S578V:N582E:R585Q:N587E,-7.05075216293335
D561G:Q575C:S578W:R588L,-5.900196075439453
D561G:Q575D:T581E:L583C:N587L,-11.920794486999512
D561G:Q575I:S578V:N582D:Q584E:R588M,-7.745662689208984
D561G:Q575M:N582E:R585H:N587E:R588W,-6.754171371459961
D561G:Q575M:S578V:N582D:R585I:R588T,-7.112705707550049
D561G:Q575T,-5.18619441986084
D561G:Q575V:Q584E,-4.881608963012695
D561G:Q575V:T581E:N582L:L583E:R588M,-4.6289825439453125
D561G:Q575V:T581M:R588Y,-6.527859687805176
D561G:Q575Y:Q584F:N587W,-16.89401626586914
D561G:Q584E,-2.1155083179473877
D561G:Q584E:N587E,-2.19423246383667
D561G:Q584E:R585H:R588E,-0.9470155239105225
D561G:Q584F,-7.273460388183594
D561G:R585A:R588V,2.3204574584960938
D561G:R585C,-2.187594175338745
D561G:R585H:R588S,-1.4058277606964111
D561G:R585P,-2.0693085193634033
D561G:R588A,0.00452876091003418
D561G:R588C,-0.9047749042510986
D561G:S578A:Q584E:N587E,-4.563542366027832
D561G:S578C,-5.51950216293335
D561G:S578D,-2.7530908584594727
D561G:S578H,-6.886822700500488
D561G:S578V,-5.373641490936279
D561G:S578V:L583W:R588A,-8.716043472290039
D561G:S578V:N582D:R588W,-6.610025405883789
D561G:S578V:Q584E:R585N,-4.7903337478637695
D561G:S578V:R588A,-2.9904990196228027
D561G:S578W,-6.7580461502075195
D561G:S578W:N582D:R588I,-5.037642478942871
D561G:S578W:T581C:N582I,-10.637250900268555
D561G:S578W:V579C,-9.247185707092285
D561G:T568H,-11.723126411437988
D561G:T568V,-7.196322441101074
D561G:T568V:Q575C:N582D:R585N:N587E:R588S,-8.683608055114746
D561G:T568V:Q575M:N587D,-11.216041564941406
D561G:T568V:Q575M:V579M:N582D:R585F:R588V,-13.174352645874023
D561G:T568V:Q575V:S578I:R585A,-11.86587905883789
D561G:T568V:S578V:N587E:R588Y,-8.034139633178711
D561G:T568V:S578V:T581E:N587E:R588W,-10.152877807617188
D561G:T568V:T581M,-10.81540298461914
D561G:T568V:V571C:T581M,-14.069944381713867
D561G:T568V:V571T:T573H:T581N:N582D,-15.936925888061523
D561G:T568V:V579M:N582D:R585F:R588V,-9.553594589233398
D561G:T568Y:V579M:T581H:R585M,-19.425790786743164
D561G:T573D,-6.9947099685668945
D561G:T573V:Y576T:S578E,-12.677512168884277
D561G:T581E:N582G:R585H,-6.909046649932861
D561G:T581G,-5.889147758483887
D561G:T581M,-5.99769401550293
D561G:T581M:N582D:R585H:N587E:R588E,-6.552276611328125
D561G:T581N:Q584E,-3.276763439178467
D561G:T581W,-8.677997589111328
D561G:V571C:R588S,-3.463730573654175
D561G:V571C:S578A:N582E:R588L,-4.778183937072754
D561G:V571C:T581E,-5.923925876617432
D561G:V571M,-6.149059295654297
D561G:V571P,-8.567386627197266
D561G:V571S,-4.239069938659668
D561G:V571T:Q575L:L583W:R585V,-10.921201705932617
D561G:V579A:T581E,-5.307579040527344
D561G:V579M,-6.508016586303711
D561G:V579M:R585G,-2.826631546020508
D561G:V579T:T581M,-6.383660316467285
D561G:Y576H,-6.686836242675781
D561H:A572C,-8.328292846679688
D561H:A572C:T581N:N582L:L583I,-13.01496696472168
D561H:A572L:Q584C:R585G,-10.992351531982422
D561H:A572S,-6.686750411987305
D561H:A572T,-7.719186782836914
D561H:E562D:A572C:Q575M:R585P,-14.394031524658203
D561H:E562D:V571C:A572G:L583C,-19.533443450927734
D561H:E562G,-9.862220764160156
D561H:E562G:V579Y:T581P:Q584A,-22.09705924987793
D561H:E562I,-10.707183837890625
D561H:E562K,-10.33271312713623
D561H:E562Y,-11.549622535705566
D561H:E564Q:V571F:A572I:E574Y:R588E,-23.569490432739258
D561H:E574C,-8.699949264526367
D561H:E574D,-7.113338470458984
D561H:I565L:S578E:V579C:N587M,-9.874449729919434
D561H:I565N,-12.626829147338867
D561H:I565V:Q584E:N587D,-8.619314193725586
D561H:I565V:V571I:A572S:Q575M,-17.988454818725586
D561H:I565Y:N569P,-22.49136734008789
D561H:L583E,-5.551617622375488
D561H:L583E:R585Q,-5.008762359619141
D561H:N569C,-11.411138534545898
D561H:N569D,-9.175565719604492
D561H:N582A,-5.788232803344727
D561H:N582C,-6.89859676361084
D561H:N582D:R585N,-5.465038776397705
D561H:N582P:R585N:N587M:R588A,-3.657405376434326
D561H:N587D,-4.539851188659668
D561H:Q575C,-6.394725799560547
D561H:Q575C:N582E:N587E:R588H,-6.073302268981934
D561H:Q575C:S578G:T581M:R585F:R588E,-9.82009506225586
D561H:Q575N:T581N,-7.800601005554199
D561H:Q575S,-6.414505481719971
D561H:Q575V:S578D:R588A,-4.898324966430664
D561H:Q584C:R585I,-7.832301139831543
D561H:R585P,-3.8315844535827637
D561H:R588D,-1.8745274543762207
D561H:R588F,-1.3796892166137695
D561H:S578A:L583V:R588D,-8.19715690612793
D561H:S578C:L583G:R585H:N587D,-13.093290328979492
D561H:S578C:N582A:R585Q:N587D,-8.785226821899414
D561H:S578F,-6.105794906616211
D561H:S578I,-7.512576103210449
D561H:S578I:V579A:L583I,-13.615314483642578
D561H:S578W:N582L:R588M,-6.303092002868652
D561H:T568C:T581E,-7.724490165710449
D561H:T568K,-13.83468246459961
D561H:T568M,-10.482060432434082
D561H:T568V:A572S:S578D:N582P:L583D,-13.5218505859375
D561H:T568V:T581Y,-13.385197639465332
D561H:T573H,-9.327129364013672
D561H:T581A:R588F,-4.4611992835998535
D561H:T581D,-4.226737976074219
D561H:T581E:N582A:R585L:R588F,-2.410005569458008
D561H:T581E:R588S,-2.2622358798980713
D561H:T581M:N587M:R588I,-6.466788291931152
D561H:T581N,-5.302144527435303
D561H:V571A:A572L:N582V:L583N,-18.238611221313477
D561H:V571C:R585E:R588D,-3.779456615447998
D561H:V571D:A572S:L583I:R585S:N587M,-13.542095184326172
D561H:V571I:T581V:R585L:N587L,-9.8927001953125
D561H:V571T:Q584A,-8.340323448181152
D561H:V571Y:Q575M:T581Y:N582D:R585A,-16.950172424316406
D561H:V579A,-6.779084205627441
D561H:V579A:L583I,-10.24362850189209
D561H:Y576F,-7.039539813995361
D561H:Y576W:V579A:N582D:Q584L:R585G,-11.123693466186523
D561I:A572F,-12.33608627319336
D561I:A572G,-9.535318374633789
D561I:A572K,-13.99752426147461
D561I:A572S,-7.870635986328125
D561I:A572S:Q575N,-10.36909294128418
D561I:E562F:T581Y:R588F,-14.742602348327637
D561I:E564C,-11.768993377685547
D561I:E574F:Q575L:T581Q:L583W:Q584E,-23.074182510375977
D561I:N569S,-11.268953323364258
D561I:N569W:E574A:N582Y,-22.48565101623535
D561I:N587L,-5.15973424911499
D561I:Q575P,-8.43166446685791
D561I:Q584A,-8.775452613830566
D561I:Q584Y,-10.458837509155273
D561I:R585P,-5.015470027923584
D561I:S578D:T581D:N587L,-5.620059490203857
D561I:S578M:N582P,-9.574224472045898
D561I:S578Y:N582I:Q584C:R585A,-11.86286449432373
D561I:T568G:L583D,-14.317920684814453
D561I:T581D:L583I,-8.875167846679688
D561I:T581E,-5.615546226501465
D561I:T581H,-9.909687042236328
D561I:T581S:R588F,-5.093627452850342
D561I:V571D:N587L,-7.628065586090088
D561I:V571P,-11.513547897338867
D561I:V571R,-12.351226806640625
D561I:V571Y,-9.9105806350708
D561L:A572Q,-11.401390075683594
D561L:E562C:T568D:V579W,-26.390369415283203
D561L:E562G:T568F:N582S,-21.059490203857422
D561L:E562Y,-12.385562896728516
D561L:E564G:S578C:R588F,-11.95492935180664
D561L:I565A,-12.316793441772461
D561L:I565S,-13.220863342285156
D561L:I565S:A572G,-17.431406021118164
D561L:I565S:A572G:T581L,-21.18442726135254
D561L:I565S:A572G:Y576E:T581L,-29.64865493774414
D561L:I565V:V571M:Y576W:L583V,-19.68431282043457
D561L:L583I,-8.441373825073242
D561L:L583W,-10.702375411987305
D561L:N582H,-8.111650466918945
D561L:N587H,-9.700002670288086
D561L:Q575A,-7.098745346069336
D561L:R588A,-2.5936875343322754
D561L:R588D,-2.71046781539917
D561L:S578E:T581E,-4.156252861022949
D561L:S578E:T581M,-7.484561920166016
D561L:T573K,-11.843396186828613
D561L:T581E,-5.267601013183594
D561L:T581N:N582W:N587K,-16.09467887878418
D561L:T581P,-8.56838607788086
D561L:V571F:T581R,-17.048864364624023
D561M:A572N,-10.744882583618164
D561M:A572N:T581V:Q584E:R588G,-12.291387557983398
D561M:A572W,-14.936275482177734
D561M:E562L,-12.287029266357422
D561M:E562L:T581N:N587H,-18.17145538330078
D561M:E564D:L583C,-15.767499923706055
D561M:E574V:L583D,-11.583135604858398
D561M:E574Y,-11.435861587524414
D561M:I565C:Q575L:T581D:R585T:R588F,-12.078031539916992
D561M:I565C:V579A:T581E:L583I,-18.91330337524414
D561M:I565V,-9.905584335327148
D561M:L583G:R585D,-8.388236999511719
D561M:L583I:R585P:R588E,-6.353124618530273
D561M:N569D,-10.597692489624023
D561M:N582D,-7.207367897033691
D561M:N582D:R585A:R588D,-3.4727752208709717
D561M:N582D:R585H,-8.404006958007812
D561M:N582D:R585H:R588V,-5.173165798187256
D561M:N582D:R585L,-6.2995710372924805
D561M:N582D:R585N,-6.8871660232543945
D561M:N582D:R585N:N587E:R588M,-4.687784671783447
D561M:N582D:R585N:R588A,-4.504022598266602
D561M:N582D:R585N:R588F,-4.125965118408203
D561M:N582D:R585N:R588M,-4.609060287475586
D561M:N582D:R585Y:R588I,-4.071883201599121
D561M:N582D:R588A,-4.824225425720215
D561M:N582D:R588D,-4.941005706787109
D561M:N582D:R588F,-4.446167945861816
D561M:N582D:R588H,-6.9198150634765625
D561M:N582D:R588I,-3.8426129817962646
D561M:N582E,-5.450422286987305
D561M:N582E:R585N:N587D:R588M,-3.2510757446289062
D561M:N582F,-6.740921974182129
D561M:N582K,-11.211605072021484
D561M:N582W,-9.296887397766113
D561M:N587D,-5.961977958679199
D561M:N587E,-5.641740798950195
D561M:N587L,-5.397975444793701
D561M:Q575C,-7.816852569580078
D561M:Q575C:N582D:R585N:N587D:R588D,-7.273601055145264
D561M:Q575C:N582D:R585N:R588M,-6.86289644241333
D561M:Q575C:N582D:R585T:R588S,-6.471160888671875
D561M:Q575C:N582E:R588F,-4.943058013916016
D561M:Q575C:R585H:N587E:R588E,-6.727084159851074
D561M:Q575C:R585H:R588E,-6.648359775543213
D561M:Q575C:R585I:R588H,-6.649653434753418
D561M:Q575C:R585N:N587D:R588D,-5.629249572753906
D561M:Q575C:R585N:R588D,-5.230287551879883
D561M:Q575C:R585N:R588M,-5.218544960021973
D561M:Q575C:R588A,-5.433710098266602
D561M:Q575C:R588M,-5.538747310638428
D561M:Q575C:S578A,-10.186162948608398
D561M:Q575C:S578A:R585H,-11.382801055908203
D561M:Q575C:S578A:R585H:N587E:R588E,-9.096393585205078
D561M:Q575C:S578A:R585H:R588E,-9.017669677734375
D561M:Q575C:S578V:R585A:N587D:R588I,-6.377856254577637
D561M:Q575C:T581E,-8.107624053955078
D561M:Q575C:T581E:N582E:R585S:R588L,-3.734236717224121
D561M:Q575C:T581E:R585Y:N587D:R588Y,-6.499920845031738
D561M:Q575I,-8.831896781921387
D561M:Q575M,-9.1837739944458
D561M:Q575M:N582E:R585Q:R588T,-5.881924629211426
D561M:Q575M:R585N:R588A,-6.480428695678711
D561M:Q575M:R585V:R588T,-5.551450729370117
D561M:Q575S,-7.836632251739502
D561M:Q575V:N582A:R585D:R588D,-6.319405555725098
D561M:Q575V:N582D:R585N:R588Y,-7.417330741882324
D561M:Q575V:S578V,-11.32414436340332
D561M:Q575W,-11.531702041625977
D561M:Q584H,-10.820968627929688
D561M:R585A:R588S,-1.9253613948822021
D561M:R585A:R588W,-3.6868178844451904
D561M:R585G,-1.8816311359405518
D561M:R585G:N587E:R588S,0.20906901359558105
D561M:R585H,-6.759654998779297
D561M:R585H:N587D:R588E,-4.793485164642334
D561M:R585H:R588E,-4.394523620605469
D561M:R585H:R588I,-3.394899845123291
D561M:R585I:R588A,-2.3002283573150635
D561M:R585I:R588D,-2.417008638381958
D561M:R585I:R588M,-2.4052655696868896
D561M:R585L:R588W,-4.247250556945801
D561M:R585L:R588Y,-2.419283866882324
D561M:R585N,-5.242814064025879
D561M:R585N:N587E,-5.321537971496582
D561M:R585N:R588A,-2.8596713542938232
D561M:R585N:R588E,-2.8776824474334717
D561M:R585N:R588F,-2.4816133975982666
D561M:R585N:R588M,-2.9647085666656494
D561M:R585N:R588S,-3.0733892917633057
D561M:R585N:R588W,-4.834845542907715
D561M:R585Q,-5.020160675048828
D561M:R585Q:N587E:R588I,-1.7341299057006836
D561M:R585Q:R588F,-2.258960247039795
D561M:R585Q:R588M,-2.7420554161071777
D561M:R585Q:R588S,-2.850736141204834
D561M:R585S:R588L,-1.3022241592407227
D561M:R585S:R588T,-1.7675113677978516
D561M:R585S:R588W,-4.0059428215026855
D561M:R585T,-4.742397308349609
D561M:R585T:R588F,-1.9811971187591553
D561M:R585T:R588L,-1.6307108402252197
D561M:R585T:R588M,-2.464292287826538
D561M:R585V:N587D:R588H,-4.688501358032227
D561M:R585V:R588A,-2.1939504146575928
D561M:R585V:R588F,-1.8158924579620361
D561M:R585V:R588S,-2.407668352127075
D561M:R585V:R588Y,-2.341157913208008
D561M:R585W:R588L,-4.001354217529297
D561M:R585Y:R588M,-3.514181613922119
D561M:R588A,-3.1798739433288574
D561M:R588D,-3.296654224395752
D561M:R588E,-3.197885036468506
D561M:R588F,-2.801815986633301
D561M:R588H,-5.275463104248047
D561M:R588L,-2.4513297080993652
D561M:R588M,-3.2849111557006836
D561M:R588S,-3.39359188079834
D561M:R588T,-2.916616916656494
D561M:S578D,-5.937493324279785
D561M:S578G:T581D,-8.005927085876465
D561M:S578I:T581E:Q584D:R585F:N587M,-11.797443389892578
D561M:S578I:T581E:Q584D:R585F:N587M:R588S,-9.628018379211426
D561M:S578K,-12.367733001708984
D561M:S578V:N587E:R588A,-6.253626346588135
D561M:S578V:R588M,-6.279938697814941
D561M:S578W,-9.942449569702148
D561M:S578W:R585N:N587E:R588L,-6.5892839431762695
D561M:S578W:T581E:N582D:L583E:R585N:R588M,-10.689990997314453
D561M:T568V,-10.380725860595703
D561M:T568V:N582E:R588H,-9.980578422546387
D561M:T568V:Q575V:Q584E,-12.883720397949219
D561M:T568V:R585N:R588V,-6.829682350158691
D561M:T568V:R585T:N587E,-9.63883113861084
D561M:T568V:S578W,-14.76015853881836
D561M:T573D,-10.179113388061523
D561M:T573V:N582D,-10.94840145111084
D561M:T573V:Q584D:R585Q:R588A,-7.064088821411133
D561M:T581D,-5.64886474609375
D561M:T581D:N582D:R585V:R588D,-4.04093074798584
D561M:T581D:R585I:R588M,-2.4911139011383057
D561M:T581E:N582D:L583E:R585N:R588M,-6.310559272766113
D561M:T581E:N582D:R585N,-7.177936553955078
D561M:T581E:N582D:R585N:R588A,-4.794794082641602
D561M:T581E:N582D:R585N:R588M,-4.8998308181762695
D561M:T581E:N582D:R585Y:N587D:R588D,-5.860008716583252
D561M:T581E:Q584D,-6.539824485778809
D561M:T581E:R585N,-5.5335845947265625
D561M:T581E:R585N:R588A,-3.150442361831665
D561M:T581E:R585V:R588W,-4.459896087646484
D561M:T581L,-9.316038131713867
D561M:T581Q,-8.907066345214844
D561M:V571C:R585Q,-8.274702072143555
D561M:V571F:R585T:R588L,-6.301510810852051
D561M:V571T,-6.31177282333374
D561M:V571T:T581D,-6.397621154785156
D561M:V579A:T581E,-8.491981506347656
D561M:V579A:T581E:N582D:R585Y:N587D:R588D,-8.49820327758789
D561M:V579C:T581E,-8.342926979064941
D561M:V579M:N587E,-9.771143913269043
D561M:V579M:T581E:N582D:R585N:R588M,-9.029233932495117
D561M:V579M:T581E:N587E,-10.061914443969727
D561M:Y576F:S578I:T581E:Q584D:R585F:N587M:R588S,-12.526666641235352
D561M:Y576H,-9.871238708496094
D561N:A572C:L583E:R585M,-5.449841499328613
D561N:A572C:N582A:L583D:R585M:R588D,-4.91472053527832
D561N:A572C:N582D:Q584C:R585H,-11.386778831481934
D561N:A572C:N587L:R588D,-1.5433275699615479
D561N:A572C:Q575G:R585H:R588C,-5.903765678405762
D561N:A572C:Q575I:N582A:L583D:R585M:R588D,-8.183601379394531
D561N:A572C:Q584C,-8.545787811279297
D561N:A572C:R585Y,-4.204001426696777
D561N:A572C:R588D,-1.7083685398101807
D561N:A572C:T581M:Q584E:R588H,-7.04315185546875
D561N:A572R,-8.990124702453613
D561N:A572S,-2.333189010620117
D561N:A572S:Q575V:L583D:R585L,-5.686118125915527
D561N:A572S:S578I,-5.7048749923706055
D561N:A572W:N582A:R585N,-10.487727165222168
D561N:A572W:R585N,-8.840383529663086
D561N:E562D,-2.5416152477264404
D561N:E562D:E574M:Q584L,-11.81978702545166
D561N:E562D:Q575N,-5.040071487426758
D561N:E562D:S578C,-5.682503700256348
D561N:E562D:T568V:V571C:R585P,-10.304560661315918
D561N:E562S:E564V:V571D,-13.273757934570312
D561N:E562T:I565M:N582A:Q584D,-12.403308868408203
D561N:E562T:T573Y:T581H:N587L,-14.491003036499023
D561N:E564C:E574C:V579W:N582P:L583E,-19.251094818115234
D561N:E564S:L583D,-7.204904556274414
D561N:E564T,-5.83270263671875
D561N:E564V:Y576W:N582A:R588D,-7.766844749450684
D561N:E574A:Q575F:T581P:N582Y,-13.621391296386719
D561N:E574D:Q584H,-8.017728805541992
D561N:I565C:A572S:N582A:R585A:R588C,-7.9952392578125
D561N:I565L:Q584M,-6.63370943069458
D561N:I565V,-4.12989616394043
D561N:I565V:A572C:Q575I:T581M:Q584E,-14.942153930664062
D561N:I565V:Q575I:S578C,-10.539665222167969
D561N:L583D,-1.2819546461105347
D561N:L583E:R585V:R588A,2.1710097789764404
D561N:N569M:Q584C,-12.791481018066406
D561N:N582A,-1.43467116355896
D561N:N582A:L583D:R585M:R588D,-0.7273181676864624
D561N:N582A:L583W:R588F,-4.399015426635742
D561N:N582D:Q584C:R585H,-7.199375629425049
D561N:N582T,-1.9100937843322754
D561N:N587L,0.37771284580230713
D561N:N587Y,-3.8230063915252686
D561N:Q575I:S578W:N582A:Q584E:R588V,-5.589037895202637
D561N:Q575L:T581S:Q584E,-5.108486175537109
D561N:Q575N,-2.2857844829559326
D561N:Q575P,-2.8942172527313232
D561N:Q575P:Q584C,-7.465274333953857
D561N:Q575P:S578C:R585A,-4.566875457763672
D561N:Q575P:T581S:L583E:Q584C:R585W,-12.956079483032227
D561N:Q575S:R588C,-0.5871050357818604
D561N:Q575T,-2.5949084758758545
D561N:Q575T:N582P,-2.7431955337524414
D561N:Q575V:R588V,0.6774122714996338
D561N:Q575V:S578L:T581D:R585S,-4.737842559814453
D561N:Q584C,-4.35838508605957
D561N:Q584D,-0.47336554527282715
D561N:Q584D:R585I,0.4062800407409668
D561N:Q584F:R585S:R588C,-2.059230327606201
D561N:Q584L,-3.5278220176696777
D561N:R585H,-0.983966588973999
D561N:R585M:R588F,2.909489870071411
D561N:R588A,2.5958144664764404
D561N:R588H,0.500225305557251
D561N:R588L,3.3243587017059326
D561N:R588T,2.8590714931488037
D561N:S578A:T581M:L583W:Q584E:R585F,-11.052515029907227
D561N:S578D,-0.1618051528930664
D561N:S578D:N582L,-0.22267961502075195
D561N:S578D:V579W:T581E,-7.354048728942871
D561N:S578E,1.3240201473236084
D561N:S578E:R585T,2.144639015197754
D561N:S578F:V579L:N582E,-5.163060665130615
D561N:S578W:R588E,-1.8016293048858643
D561N:T568V:Q575V,-7.371137619018555
D561N:T568V:R588M,-2.3269317150115967
D561N:T568V:T581M,-8.224117279052734
D561N:T573A:Q584A,-7.054180145263672
D561N:T573F:E574A:N582G:R588D,-9.726633071899414
D561N:T573F:V579W:Q584C:R585A,-14.859594345092773
D561N:T573M:Y576L,-11.225006103515625
D561N:T573Y,-5.093579292297363
D561N:T573Y:Q575V:T581N:Q584E,-8.757829666137695
D561N:T581E,-0.07809877395629883
D561N:T581E:R585G:R588A,5.986428737640381
D561N:T581W,-6.086711883544922
D561N:V571C,-3.0418694019317627
D561N:V571C:A572G:N582Q,-7.413688659667969
D561N:V571C:E574H:R585Y:R588E,-6.953601837158203
D561N:V571C:N582E:R585T,-2.108656167984009
D561N:V571C:Q575P:R585F:R588F,-3.201915979385376
D561N:V571C:Q575V,-5.80797004699707
D561N:V571C:T581M:N582D,-8.30530071258545
D561N:V571C:T581S:L583D:Q584C:R588L,-8.525918960571289
D561N:V571D,-2.255659341812134
D561N:V571D:N582C:Q584D:R585I:N587E,-4.898482322692871
D561N:V571D:T573F:V579W:L583D:N587L,-15.55468463897705
D561N:V571D:T581H,-6.840571403503418
D561N:V571I:V579I:T581N,-7.817649841308594
D561N:V579Y,-4.97993278503418
D561Y:A572C,-9.242551803588867
D561Y:A572C:N582E:L583E:Q584E:R585V:R588Y,-7.055722236633301
D561Y:A572C:Q575L:S578C:R585E,-14.08803939819336
D561Y:A572C:R585Q,-8.69969654083252
D561Y:A572F,-12.066460609436035
D561Y:A572G:Q575C:T581N:L583V:Q584E:R588C,-14.897159576416016
D561Y:A572G:R585N,-8.945489883422852
D561Y:A572G:T581H:N582T:L583M:Q584E:R588C,-18.542556762695312
D561Y:A572G:T581L:L583M:Q584E:R585I:R588C,-14.70825481414795
D561Y:A572G:T581N:L583Y:Q584E:R585D:R588C,-12.126433372497559
D561Y:A572M:T581D:N582V,-12.067605972290039
D561Y:A572N:S578A:T581N:Q584E:R585D:R588G,-10.437122344970703
D561Y:A572N:T581N:N582S:Q584E:N587G:R588G,-14.24514389038086
D561Y:A572S:Q575A:T581N:L583M:Q584E:R588C,-13.453368186950684
D561Y:A572S:Q575C:V579Y:R588T,-12.401052474975586
D561Y:A572W,-14.428407669067383
D561Y:E562D:I565V:Q575V:R585Q,-14.375249862670898
D561Y:E562G:T581E:N587V,-12.490833282470703
D561Y:E562I,-11.621442794799805
D561Y:E562S:I565V:V571M:E574M:Q575G:T581C:N582D:R585A:R588V,-26.349201202392578
D561Y:E562S:I565V:V571M:E574M:R585A:R588V,-19.067481994628906
D561Y:E562S:I565V:V571M:E574M:T581C:N582D:R585A:R588V,-24.14296531677246
D561Y:E562S:I565V:V571M:E574M:T581C:R585A:R588V,-22.498615264892578
D561Y:E564K:Q575W:L583A:N587E,-21.58279037475586
D561Y:E564N:S578L:L583V:Q584E,-18.173736572265625
D561Y:E564V,-11.01253604888916
D561Y:E574C:N582T:Q584E:R588H,-11.18631649017334
D561Y:E574D,-8.02759838104248
D561Y:E574D:L583D:R585I:R588V,-5.411738872528076
D561Y:E574D:Q575G:V579C:R585G,-9.041587829589844
D561Y:E574D:R585I:R588V,-3.917112350463867
D561Y:I565C:R585H,-13.208564758300781
D561Y:I565H:A572I:N587W,-25.426332473754883
D561Y:I565V:Q575V:V579A:T581E:R585A,-13.624553680419922
D561Y:I565V:V571M:E574M:R585A:R588V,-14.006769180297852
D561Y:I565V:V571M:R585A,-11.699933052062988
D561Y:I565V:V571M:R585A:R588V,-8.46909236907959
D561Y:I565V:V571R:A572L:S578E:R585K,-23.548254013061523
D561Y:L583C,-10.22833251953125
D561Y:L583D:Q584E:R585Q:R588M,-3.465709686279297
D561Y:L583N,-9.519063949584961
D561Y:L583W,-10.780694961547852
D561Y:N582D:R585W:R588A,-5.866383075714111
D561Y:N582I,-5.5032219886779785
D561Y:N582P:R585T:R588I,-1.0180625915527344
D561Y:N587C,-8.842384338378906
D561Y:N587S,-8.023025512695312
D561Y:Q575D,-9.298418045043945
D561Y:Q575S:L583W,-13.05431079864502
D561Y:Q584C,-9.62620735168457
D561Y:R585A:R588F,-0.8257186412811279
D561Y:R585D,-3.6644575595855713
D561Y:R585F,-4.869507312774658
D561Y:R585H:R588G,-4.575127601623535
D561Y:R585M,-5.119532108306885
D561Y:R588D,-2.788787364959717
D561Y:R588I,-1.690394401550293
D561Y:R588V,-1.8243088722229004
D561Y:S578A:T581E,-7.7152299880981445
D561Y:S578D,-5.42962646484375
D561Y:S578E:N582V:R588H,-4.256187438964844
D561Y:T568C:A572G:S578V:T581N:Q584E:R588G,-14.77503776550293
D561Y:T568D,-12.702392578125
D561Y:T568H,-14.399662017822266
D561Y:T568V,-9.872858047485352
D561Y:T568V:N582E,-9.76026439666748
D561Y:T568V:S578E:N582T:R585H,-12.080914497375488
D561Y:T573G:S578V,-11.979019165039062
D561Y:T581D:N582E:N587M:R588A,-4.716835021972656
D561Y:T581S:N582E:R585A:R588Y,-3.768442153930664
D561Y:T581S:R585H,-8.781841278076172
D561Y:V571C,-8.309690475463867
D561Y:V571C:Q575L:S578V:L583D:R588M,-13.575450897216797
D561Y:V571C:S578D:V579T:T581E:R588I,-5.996150016784668
D561Y:V571E:A572N:T581N:Q584E:R585E:R588G,-10.197267532348633
D561Y:V571F:R585D:R588E,-5.970126152038574
D561Y:V571L:A572G:T581E:Q584E:N587M:R588G,-12.86567211151123
D561Y:V571M,-8.825594902038574
D561Y:V571M:R585A,-7.357364654541016
D561Y:V579A:T581E:N582D:L583E:N587D,-11.438156127929688
D561Y:V579H,-11.078516006469727
D561Y:V579Y,-10.24775505065918
E562A:E564C:T573Y:Q575I:L583D,-22.062664031982422
E562A:E574D,-8.521135330200195
E562A:E574N,-9.431353569030762
E562A:L583D,-7.043313026428223
E562A:L583F:R588A,-7.561530590057373
E562A:L583G:R585T,-8.943979263305664
E562A:N569A,-12.779741287231445
E562A:N582A,-7.1960296630859375
E562A:N582G:L583D:R588D,-7.819974422454834
E562A:N587H,-10.271858215332031
E562A:Q575I:Q584D,-9.503604888916016
E562A:Q584C,-10.119743347167969
E562A:Q584D:N587E,-6.313448429107666
E562A:R585L,-4.6408891677856445
E562A:R588D,-3.2823243141174316
E562A:R588T,-2.902287006378174
E562A:S578A:V579W:Q584D,-15.50550651550293
E562A:S578C,-8.6895751953125
E562A:S578K,-12.353403091430664
E562A:T573G,-9.47752857208252
E562A:T573V:Q584D:R588M,-7.6976518630981445
E562A:T581C,-8.979818344116211
E562A:V571D,-8.017017364501953
E562A:V571F:S578V:Q584D:R588D,-11.63418960571289
E562A:V579W:R588D,-10.183797836303711
E562A:V579Y,-10.741291046142578
E562A:Y576K,-15.666946411132812
E562A:Y576W:L583E:R585P:R588D,-7.024896621704102
E562C:A572S,-9.410685539245605
E562C:E564C,-13.309042930603027
E562C:E564F,-14.172595977783203
E562C:E564Y,-13.898652076721191
E562C:E574A,-10.959501266479492
E562C:E574C,-11.423883438110352
E562C:I565L,-9.149019241333008
E562C:I565W,-16.494731903076172
E562C:N587A,-9.311210632324219
E562C:Q575K:Y576W:N587D,-15.917450904846191
E562C:R585H:N587E,-8.14018726348877
E562C:R585L,-5.957026481628418
E562C:R585N,-6.544621467590332
E562C:S578W:N582P:L583G:R588C,-14.134617805480957
E562C:T568E,-14.989381790161133
E562C:T568H,-16.20933723449707
E562C:T573K,-13.731389999389648
E562C:T581K,-13.544766426086426
E562C:T581W,-13.16420841217041
E562C:V571E,-8.953198432922363
E562C:V571I:V579W:N582C:Q584C,-24.433439254760742
E562C:V571S,-8.72528076171875
E562D:A572G:Q575C:T581M:N582D,-14.482097625732422
E562D:A572G:Q575G:T581S:N587D,-12.100079536437988
E562D:A572G:T581I,-10.610444068908691
E562D:A572K:S578K:T581K:R588S,-22.742271423339844
E562D:A572S:Q575C:R585T,-6.733365058898926
E562D:A572S:Q575C:Y576F:S578C:R588Y,-11.357587814331055
E562D:A572S:Q575G:S578G:V579T:L583D,-11.744039535522461
E562D:A572S:Q575T,-8.107728958129883
E562D:A572S:Q584E,-5.037042617797852
E562D:A572S:S578I:Q584E,-8.40872859954834
E562D:A572S:S578W:V579I,-13.2102689743042
E562D:A572S:Y576F:R588S,-6.029373645782471
E562D:A572V,-7.873600006103516
E562D:E564M:Q575T:R585P,-12.340700149536133
E562D:E564S:V579W:R585Y,-15.807979583740234
E562D:E564T:Q584D,-9.485699653625488
E562D:E574F:Y576F:T581N,-12.702898979187012
E562D:E574M,-8.29196548461914
E562D:I565F,-9.343928337097168
E562D:I565L:E574L:Y576W:R588E,-10.504936218261719
E562D:I565L:V571T:Q575C:Y576F,-10.939724922180176
E562D:I565L:V579M:N582A:L583V,-14.768548965454102
E562D:I565V,-7.096855640411377
E562D:I565V:Q575M,-10.717613220214844
E562D:I565V:Q575W,-13.06554126739502
E562D:I565V:T573Y:Q575L:S578C:R585P,-18.288902282714844
E562D:I565V:V571I:Q575I,-13.704113960266113
E562D:L583D:N587D,-4.6478753089904785
E562D:L583V,-6.707607269287109
E562D:L583W,-8.47983169555664
E562D:N569M,-11.187383651733398
E562D:N569P,-12.973627090454102
E562D:N582A:Q584M:R585V:R588F,-5.216692924499512
E562D:N582D,-4.398638725280762
E562D:N582D:Q584D:R588H,-4.797122955322266
E562D:N582D:Q584E,-4.135533332824707
E562D:N582D:Q584E:R585D:R588E,-0.37971019744873047
E562D:N582D:R585N:R588M,-1.8003308773040771
E562D:N587C,-6.54152250289917
E562D:N587E:R588L,0.2786751985549927
E562D:N587F,-5.626955509185791
E562D:N587G,-5.123314380645752
E562D:N587L,-2.5892462730407715
E562D:N587S,-5.722163677215576
E562D:Q575C:R585Q,-4.465267658233643
E562D:Q575C:S578A:L583D:N587D,-9.271020889282227
E562D:Q575C:T581A:N582G,-11.132657051086426
E562D:Q575C:V579C:Q584E:R585S,-6.085051536560059
E562D:Q575C:Y576W:T581E:Q584M,-12.502229690551758
E562D:Q575H:Y576F,-10.218802452087402
E562D:Q575I,-6.023167610168457
E562D:Q575I:S578G,-8.380229949951172
E562D:Q575I:T581C,-9.454299926757812
E562D:Q575I:T581S,-8.553220748901367
E562D:Q575I:T581S:Q584E,-8.290115356445312
E562D:Q575L:T581Y,-10.23509693145752
E562D:Q575M:S578A:Q584D:N587D,-9.829353332519531
E562D:Q575N:L583Y,-10.079866409301758
E562D:Q575T,-5.561867713928223
E562D:Q575T:Q584E,-5.298762321472168
E562D:Q575T:S578A,-7.931177616119385
E562D:Q575T:T581M,-9.180948257446289
E562D:Q575V,-5.520387649536133
E562D:Q575V:N582D:Q584E:R585D:R588E,-3.145810604095459
E562D:Q584C,-7.325344562530518
E562D:Q584D,-3.4403247833251953
E562D:Q584E,-2.4911818504333496
E562D:Q584G,-6.309276580810547
E562D:Q584L,-6.494781494140625
E562D:R585A,-1.2860567569732666
E562D:R585G,0.9270980358123779
E562D:R585H,-3.950925827026367
E562D:R585H:R588D,-1.6845636367797852
E562D:R588F,0.006913185119628906
E562D:R588H,-2.466733932495117
E562D:S578A:R585V,-4.137673377990723
E562D:S578C,-5.895175933837891
E562D:S578C:N587M,-7.96674919128418
E562D:S578D,-3.1287643909454346
E562D:S578E,-1.6429390907287598
E562D:S578E:T581E,-1.9337098598480225
E562D:S578L:T581F,-10.58690357208252
E562D:S578V,-5.74931526184082
E562D:S578V:T581V:N582P:R588L,-6.272186756134033
E562D:S578W,-7.1337199211120605
E562D:S578W:V579T:T581V:N582D,-12.650308609008789
E562D:T568G:Q575E:Y576W:T581H:N582C,-24.33367919921875
E562D:T568V:A572C:N587L,-11.594358444213867
E562D:T568V:E574M:T581S,-15.639726638793945
E562D:T568V:L583Y:Q584E,-12.13601303100586
E562D:T568V:Q575H:S578A:V579T:T581S,-17.42319107055664
E562D:T568V:Q575I,-10.840876579284668
E562D:T568V:R588T,-4.925596714019775
E562D:T568V:S578E:T581E:N587V,-8.17500114440918
E562D:T568V:T581N,-8.733251571655273
E562D:T568V:V579C:Q584D:N587E,-10.825897216796875
E562D:T573Y:S578E:N582A:Q584D:R588D,-7.016209125518799
E562D:T581A,-5.835797309875488
E562D:T581D,-2.8401355743408203
E562D:T581D:N582C,-5.597842693328857
E562D:T581E:L583V,-6.998377799987793
E562D:T581E:Q584E,-2.7819526195526123
E562D:T581M,-6.3733673095703125
E562D:T581M:Q584C,-10.944424629211426
E562D:T581N,-3.9155421257019043
E562D:T581N:Q584M,-8.477728843688965
E562D:T581S,-5.284339904785156
E562D:V571C:A572C:S578C:T581S:Q584E,-15.604066848754883
E562D:V571C:T581M:Q584C,-14.198966979980469
E562D:V571C:T581S:Q584E,-8.275775909423828
E562D:V571D:S578D:R585A,-4.1288652420043945
E562D:V571E:A572S:L583E,-8.799251556396484
E562D:V571E:L583I:R585A,-6.83897590637207
E562D:V571I:Q575C:R585V,-7.360577583312988
E562D:V571I:Q575H:R585I,-9.778884887695312
E562D:V571I:Q575I:S578A,-11.730855941772461
E562D:V571I:Q575M,-9.713422775268555
E562D:V571S:Q584F:R585I,-8.629945755004883
E562D:V571T:Q575V:N582D:R588D,-5.647132873535156
E562D:V571Y:S578V,-10.335121154785156
E562D:V579A:R585Q,-4.849626064300537
E562D:V579C:R585N:R588A,-2.540081262588501
E562D:V579C:T581D:N587M,-7.400848388671875
E562D:Y576F,-5.652937412261963
E562D:Y576F:V579T:Q584D:R585L,-5.81714391708374
E562D:Y576W:N582D:Q584M,-11.601974487304688
E562D:Y576W:V579Y:R588T,-7.941641807556152
E562F:A572F,-14.763740539550781
E562F:E564W,-16.926490783691406
E562F:L583F,-12.148415565490723
E562F:L583W,-13.477973937988281
E562F:N569M,-16.185523986816406
E562F:N569W,-18.45040512084961
E562F:N582R,-14.020322799682617
E562F:N587A,-10.19881534576416
E562F:N587H,-12.475601196289062
E562F:Q584L,-11.49292278289795
E562F:R585H,-8.949068069458008
E562F:R585K,-10.026071548461914
E562F:R585Q,-7.209573268890381
E562F:R585Y,-7.981699466705322
E562F:T568G,-15.250947952270508
E562F:T568K:R585N,-17.126018524169922
E562F:T568V,-12.570137977600098
E562F:T573A:T581N:N582Y:R588H,-14.810527801513672
E562F:T581H,-12.33734130859375
E562F:V571H,-12.18027114868164
E562F:Y576E,-16.216655731201172
E562G:E564Y:V571F:R585C,-17.234939575195312
E562G:I565H,-14.964452743530273
E562G:I565Y,-13.852468490600586
E562G:N569Q,-13.198356628417969
E562G:N582G,-8.764354705810547
E562G:N582W,-9.455202102661133
E562G:N587K,-11.944053649902344
E562G:Q584C,-10.292388916015625
E562G:Q584D:R585D:N587L,-4.851635932922363
E562G:Q584V,-9.33779525756836
E562G:R585P,-5.4120259284973145
E562G:R585Q,-5.178475379943848
E562G:R588C,-4.24749231338501
E562G:R588D,-3.4549689292907715
E562G:R588G,-4.044670104980469
E562G:R588L,-2.6096444129943848
E562G:S578E:Q584E:R588F,-1.585677146911621
E562G:S578E:R585H:N587D,-6.205583095550537
E562G:S578I,-9.093017578125
E562G:S578R,-13.122856140136719
E562G:T568A:N569M:A572L:E574D:V579F,-32.2999267578125
E562G:T568M,-12.062501907348633
E562G:T568M:T573H:N582E,-17.136146545410156
E562G:T573K,-12.587897300720215
E562G:T581P,-9.312887191772461
E562G:V571T,-6.47008752822876
E562G:Y576E,-14.185558319091797
E562G:Y576F,-8.61998176574707
E562H:E564F:R588H,-14.310125350952148
E562H:E564Q:Q575I:N582G:L583D,-20.513160705566406
E562H:E564Q:R585P,-12.397324562072754
E562H:E564T,-13.335281372070312
E562H:E574A:T581S:N582G:L583D,-18.452285766601562
E562H:E574N:L583D:R585E,-11.317587852478027
E562H:E574V,-11.815399169921875
E562H:L583H,-12.917766571044922
E562H:N582G,-10.332930564880371
E562H:N582G:Q584D:R585P,-10.709663391113281
E562H:N582G:R585P,-10.023625373840332
E562H:N587C,-11.077141761779785
E562H:N587W,-12.584603309631348
E562H:Q575C,-9.543743133544922
E562H:Q575H:N582G:L583D:N587L,-16.228382110595703
E562H:Q575H:T581Y,-16.28236961364746
E562H:Q575I:L583D,-12.053413391113281
E562H:Q575T,-10.09748649597168
E562H:Q584C,-11.860963821411133
E562H:Q584D,-7.9759440422058105
E562H:R588A,-4.906764030456543
E562H:S578A:N582E:Q584D,-10.232659339904785
E562H:T568L,-13.491166114807129
E562H:T568V:N569I:Q575N:T581Y,-26.563058853149414
E562H:T573F:Q575K:Q584V:R585P,-21.677547454833984
E562H:T573V:R585I:R588W,-9.743326187133789
E562H:T573Y:N582G,-15.639182090759277
E562H:T581H:Q584C,-16.445877075195312
E562H:V571D:Q584D,-10.44427490234375
E562H:V571G,-11.398629188537598
E562H:V571G:Q584C,-15.969686508178711
E562H:V579L,-10.81332778930664
E562H:V579M,-11.419309616088867
E562H:Y576F,-10.188556671142578
E562I:A572L,-12.528083801269531
E562I:A572Y:E574C:T581E:R585N:R588W,-17.853179931640625
E562I:E564I:V571I:T573A:Q584L,-23.866989135742188
E562I:E564N:V579H:N582G:Q584H,-27.071334838867188
E562I:I565S,-14.810327529907227
E562I:L583W,-12.291838645935059
E562I:N569S:T581I:L583K,-24.156545639038086
E562I:N582R,-12.834187507629395
E562I:Q575F,-10.34589958190918
E562I:Q575P,-9.67318344116211
E562I:Q584D,-7.252331256866455
E562I:R585G,-2.884908437728882
E562I:R585H,-7.762932300567627
E562I:R585P,-6.256988525390625
E562I:R585S,-5.4171881675720215
E562I:R588G,-4.8896331787109375
E562I:R588S,-4.39686918258667
E562I:S578W:L583I:Q584M,-18.972457885742188
E562I:T568E,-14.690851211547852
E562I:T573D:R588F,-8.42119026184082
E562I:T573G,-10.495135307312012
E562I:V571L:A572V,-14.863007545471191
E562I:V579M,-10.695696830749512
E562K:A572H,-13.783012390136719
E562K:A572I,-12.025187492370605
E562K:E564M,-13.279961585998535
E562K:E574L,-11.382259368896484
E562K:I565L:T573D:R585E,-11.74250316619873
E562K:N569F,-14.978981018066406
E562K:N582D,-7.836174964904785
E562K:N582E,-6.079229354858398
E562K:N582H,-9.326643943786621
E562K:N582S,-8.60943603515625
E562K:N582W,-9.925694465637207
E562K:Q575D,-10.435091972351074
E562K:Q575E,-10.288928985595703
E562K:Q584C,-10.762880325317383
E562K:Q584F,-11.086669921875
E562K:R585H,-7.388462066650391
E562K:T568F,-14.135539054870605
E562K:T581M,-9.810903549194336
E562K:T581P:Q584D,-10.469417572021484
E562K:T581Q:L583D,-11.030500411987305
E562K:T581R,-13.593057632446289
E562K:V571G,-10.300546646118164
E562K:Y576M,-13.405092239379883
E562L:A572E,-13.348356246948242
E562L:A572N:E574Y:Q575W:Q584E,-23.48430633544922
E562L:A572P:R585H,-15.211532592773438
E562L:A572R,-15.926810264587402
E562L:E564C:E574C,-17.727291107177734
E562L:E564C:L583E:R588F,-11.81775951385498
E562L:E564C:L583W:Q584C,-23.464834213256836
E562L:E564D:N569C:A572S:N582T:R585W,-25.24421501159668
E562L:E564G:R585W:R588D,-12.606086730957031
E562L:E574A:Q575L:Q584Y,-19.0069637298584
E562L:E574A:Q575L:Y576F:R585N,-16.45134735107422
E562L:E574A:R585Q,-10.275835037231445
E562L:E574A:T581A:N582G,-16.94322395324707
E562L:E574H:Y576W:Q584E:R588G,-13.472990036010742
E562L:I565W,-16.353919982910156
E562L:I565W:R588E,-13.988788604736328
E562L:N582G:Q584C:R585Q:N587L,-13.630197525024414
E562L:N587V,-8.147595405578613
E562L:Q575C:N582M,-10.401874542236328
E562L:Q575L:R585Q,-9.235368728637695
E562L:Q575M:N582G:N587L,-13.222753524780273
E562L:Q575M:N587D:R588F,-7.982531547546387
E562L:Q575N,-9.222469329833984
E562L:Q584D,-7.410050868988037
E562L:R585L,-5.816215515136719
E562L:R585N,-6.403810501098633
E562L:R588G,-5.0473527908325195
E562L:S578D:R585Q:N587D,-6.954596519470215
E562L:S578Y,-9.711203575134277
E562L:T568E,-14.848570823669434
E562L:T573F,-11.791979789733887
E562L:T573V:Q575C:T581D:R585V:R588M,-9.540701866149902
E562L:T573Y:N582G,-15.073288917541504
E562L:T581H,-11.30892562866211
E562L:V571A,-9.796091079711914
E562L:V571T:Q575C:R588F,-6.965405464172363
E562L:V571T:T581E,-7.763540267944336
E562L:V579L,-10.247434616088867
E562L:Y576F,-9.622663497924805
E562L:Y576F:L583W:R588F,-12.587007522583008
E562L:Y576G,-13.793601989746094
E562M:A572F,-14.482748031616211
E562M:E564C,-13.915655136108398
E562M:E564F:V571F:Q584G:R588F,-20.243797302246094
E562M:I565V:V571Y:Q584W:R585D,-21.584758758544922
E562M:I565Y,-15.60257339477539
E562M:L583I,-10.935980796813965
E562M:N569K:A572V:Y576M:N587K,-35.00371170043945
E562M:N582L,-7.532310962677002
E562M:Q575L,-10.525647163391113
E562M:Q584K,-14.066730499267578
E562M:R585K:R588E,-7.379948139190674
E562M:S578C:R588M,-8.334219932556152
E562M:T568D,-15.118680000305176
E562M:T568K,-17.16522979736328
E562M:T573H,-12.657675743103027
E562M:T581I,-11.117050170898438
E562M:T581Y,-11.898035049438477
E562M:V571F:Q575I:Q584A:N587D,-19.26075553894043
E562M:V571K,-13.80987548828125
E562M:V579T,-7.857402801513672
E562M:Y576A:N582Y:L583M,-21.56519317626953
E562N:A572Y,-11.947613716125488
E562N:E564H:V571I:A572E:T573F:Q575I:N582P:L583A:R585P,-34.283729553222656
E562N:E564H:V571I:A572E:T573F:Q575I:S578W:N582P:L583A:R585P,-38.66316223144531
E562N:E564H:V571I:N582P:L583A:R585P,-19.322538375854492
E562N:E564H:V571I:Q575I:N582P:L583A:R585P,-22.591419219970703
E562N:E564H:V571I:T573F:Q575I:N582P:L583A:R585P,-27.659385681152344
E562N:E564Q:S578R,-17.600635528564453
E562N:E564V,-10.73977279663086
E562N:E574A,-8.877063751220703
E562N:E574L,-9.972822189331055
E562N:I565M:V571M:N582D:R585W,-17.052255630493164
E562N:L583A,-8.92744255065918
E562N:L583A:R585P,-8.61813735961914
E562N:L583E,-6.193115234375
E562N:N569L,-12.52415943145752
E562N:N569M:Y576G:S578K:T581Y,-31.516387939453125
E562N:N569Y,-12.967706680297852
E562N:N582G:L583D,-9.320036888122559
E562N:N587E,-4.861111164093018
E562N:Q575C,-7.0362229347229
E562N:R585F,-4.596744537353516
E562N:R585P,-4.473081588745117
E562N:R588V,-1.5515460968017578
E562N:S578E:L583E:R588M,-2.803661584854126
E562N:S578G,-7.139449119567871
E562N:T568H,-14.126899719238281
E562N:T568K,-14.476179122924805
E562N:T568L,-10.983646392822266
E562N:T573M:N582C:Q584G:R585I:R588F,-12.266427993774414
E562N:V571E:Q584D:R585S:R588A,-4.024550437927246
E562N:V571F,-9.45318603515625
E562N:V571F:E574H:N587E,-15.579504013061523
E562N:V571I,-8.12076473236084
E562N:V571I:L583A:R585P,-11.95651626586914
E562N:V579E:L583D,-11.504009246826172
E562N:Y576W,-7.4235358238220215
E562S:A572G:Y576W:S578M:N587V,-17.43714714050293
E562S:A572I,-10.894075393676758
E562S:E564I,-11.466361999511719
E562S:E574I,-10.143163681030273
E562S:E574N:N582E,-8.83078384399414
E562S:N569I,-12.591100692749023
E562S:N582K,-10.70930004119873
E562S:N587C,-8.847947120666504
E562S:N587W,-10.355408668518066
E562S:Q584E,-4.797606468200684
E562S:Q584F,-9.955558776855469
E562S:R588I,-1.6959567070007324
E562S:R588T,-2.4143123626708984
E562S:S578V,-8.055739402770996
E562S:T568L,-11.261971473693848
E562S:T573H:V579W,-17.14842414855957
E562S:V571F,-9.731512069702148
E562S:V571I,-8.399089813232422
E562S:V571M:Q575S:N582C:Q584C,-18.433536529541016
E562S:V571R,-12.087162971496582
E562S:V571Y,-9.646516799926758
E562S:V579F,-9.786772727966309
E562S:Y576K,-15.178971290588379
E562T:A572K,-13.650300979614258
E562T:E564G:Q584C:R585S,-14.997915267944336
E562T:E564K,-11.312726974487305
E562T:E564M:E574M:N582P,-17.75165557861328
E562T:E564M:Q575K:R585E:N587D,-17.12755584716797
E562T:E564N,-11.158251762390137
E562T:E564T:A572L:Y576F,-19.883365631103516
E562T:E564Y:Q575F:V579A:R585S:R588A,-14.896932601928711
E562T:E574F,-10.866259574890137
E562T:E574L,-10.167987823486328
E562T:E574L:Q575L:N582P:L583D,-14.8651123046875
E562T:E574N,-8.86021900177002
E562T:I565C:A572M:Y576F:R585Q,-20.616792678833008
E562T:I565D,-14.38040542602539
E562T:I565H,-14.220673561096191
E562T:L583D:R585F,-6.286536693572998
E562T:N569D,-10.012228012084961
E562T:N569D:V571D:R585V,-11.494635581970215
E562T:N569K,-13.954524993896484
E562T:N582D,-6.621904373168945
E562T:N582H,-8.112372398376465
E562T:N587D,-5.376513957977295
E562T:Q575K:S578D:T581E:R585E:N587D,-10.704665184020996
E562T:Q575M,-8.598310470581055
E562T:Q575T,-7.785132884979248
E562T:Q575W:Y576W:T581E:R585E,-12.528545379638672
E562T:Q584D:N587H,-10.386762619018555
E562T:Q584E,-4.714447021484375
E562T:Q584Y,-10.111615180969238
E562T:R585M,-5.041934967041016
E562T:R585P,-4.668247222900391
E562T:S578D:L583E,-6.762758255004883
E562T:T568K,-14.671344757080078
E562T:T573F,-10.04551887512207
E562T:T573F:L583E:R585E,-10.106635093688965
E562T:T573L:V579M:R588V,-9.982352256774902
E562T:T573M:E574C:V579W,-21.250276565551758
E562T:T573M:Y576W:N582P:L583D,-14.073806762695312
E562T:T581E,-5.268322944641113
E562T:V571H:T581Y:Q584D:R588W,-14.110063552856445
E562T:V571Y:N582G,-12.606382369995117
E562T:V571Y:Q575K:T581E:N582G,-18.90966796875
E562T:V571Y:Q575W:L583D,-17.026670455932617
E562T:V571Y:T573M:E574L:N582G,-22.6090087890625
E562T:V571Y:T573M:V579W:T581E:R585E,-20.218181610107422
E562T:V571Y:T573M:Y576W:V579W:N582P,-24.066457748413086
E562T:V571Y:V579W:L583D,-17.959457397460938
E562T:V579W,-11.87902545928955
E562T:Y576W:S578D:V579W:L583E,-16.305381774902344
E562V:A572R,-15.294795989990234
E562V:E574A,-10.186676025390625
E562V:E574A:L583E:Q584E,-11.334299087524414
E562V:I565V:E574M:Q575M:R588G,-17.916343688964844
E562V:I565Y,-14.223135948181152
E562V:L583V,-10.045318603515625
E562V:N569H,-13.619138717651367
E562V:N569V,-13.416315078735352
E562V:N582G,-9.13502311706543
E562V:N582V,-6.691938400268555
E562V:N582Y,-8.460222244262695
E562V:N587C,-9.879234313964844
E562V:N587E:R588A,-3.787580966949463
E562V:Q575F:L583E:R585Q:R588V,-7.508637428283691
E562V:Q575F:S578L:L583E:R585Q:R588V,-10.756308555603027
E562V:Q575F:S578L:N582D:L583E:R585Q:R588V,-12.400660514831543
E562V:S578V,-9.087026596069336
E562V:T568V:V579A,-13.547903060913086
E562V:T568Y:V571D:S578A,-19.1981201171875
E562V:T581E,-6.382769584655762
E562V:T581V:L583G,-13.794181823730469
E562V:V571A:R588F,-6.402876853942871
E562V:V571K,-12.430438041687012
E562W:A572S,-12.134586334228516
E562W:E574C,-14.147785186767578
E562W:I565F,-16.17836570739746
E562W:I565H:E574H:L583K,-32.87989807128906
E562W:I565N:Q575W,-24.043350219726562
E562W:L583S,-13.75587272644043
E562W:N569K:N582G,-21.608722686767578
E562W:N569Q,-17.065750122070312
E562W:N569S,-15.532903671264648
E562W:Q575P,-12.695613861083984
E562W:Q575V,-12.354825973510742
E562W:R585A,-8.120494842529297
E562W:R585N,-9.268522262573242
E562W:S578Y,-12.575915336608887
E562W:T581F,-14.173669815063477
E562W:V571E:Q575V,-14.44320011138916
E562W:V571E:Q575V:N582I,-14.891271591186523
E562W:V571R,-16.615177154541016
E562W:V579H,-15.612091064453125
E562W:V579R,-18.311119079589844
E562Y:A572R,-16.611530303955078
E562Y:E564D,-12.440034866333008
E562Y:N569K,-16.385705947875977
E562Y:N582A,-9.056076049804688
E562Y:Q584E,-7.145627498626709
E562Y:R588F,-4.6475324630737305
E562Y:S578A,-9.778042793273926
E562Y:S578M,-11.509895324707031
E562Y:T568G:Y576H,-19.215473175048828
E562Y:T568H,-16.753246307373047
E562Y:T568L,-13.609992980957031
E562Y:T581C,-10.839864730834961
E562Y:T581E,-7.6995038986206055
E562Y:T581M,-11.027812957763672
E562Y:V579Y,-12.601337432861328
E564A:E574D,-8.286081314086914
E564A:E574N:R585H,-10.392937660217285
E564A:L583D,-6.808259010314941
E564A:L583I:R585S:R588C,-6.155232906341553
E564A:N582V,-5.913571834564209
E564A:N587C,-9.100868225097656
E564A:R585A,-3.8454020023345947
E564A:S578F:T581N:N582T:L583V:Q584Y,-19.64994239807129
E564A:S578H:T581M:L583F:Q584D,-18.522945404052734
E564A:T568A,-9.798833847045898
E564A:T568Y,-13.582111358642578
E564A:T573A:Q575C:V579W:N587E,-18.363842010498047
E564A:V571D:N582G:Q584D,-11.511025428771973
E564A:V571P,-11.502405166625977
E564A:V571T,-6.062388896942139
E564A:Y576W:L583E,-9.365509033203125
E564C:A572C:T581Y:R585P:R588D,-12.482553482055664
E564C:A572M,-12.77088737487793
E564C:A572V,-11.563531875610352
E564C:E574A,-10.538895606994629
E564C:E574A:V579W:R585D,-16.0496768951416
E564C:E574C:S578D:N587D,-11.776717185974121
E564C:E574L:T581H:N582G:R585P,-18.953285217285156
E564C:E574Y:Q575V:L583G:R585V:R588G,-16.636493682861328
E564C:I565S:V571I:T573Y:S578E,-22.221534729003906
E564C:I565V:E574M:Q575S:Q584L:N587D,-22.737537384033203
E564C:L583C,-11.617401123046875
E564C:L583D:Q584E,-7.675739765167236
E564C:L583G,-10.660131454467773
E564C:N582A,-8.091562271118164
E564C:N582G:R585N:N587L,-9.001998901367188
E564C:N582P,-6.59250545501709
E564C:N582Y:R585G:N587E:R588D,-2.943418502807617
E564C:N587E,-6.522943019866943
E564C:N587M,-8.515792846679688
E564C:N587W,-11.73891544342041
E564C:Q575C:N587E,-8.776779174804688
E564C:Q575N,-8.94267463684082
E564C:Q575N:N587E,-9.02139949798584
E564C:Q575V:S578D,-9.584796905517578
E564C:Q584C:R585Q:R588G,-8.795759201049805
E564C:Q584Y,-11.57828140258789
E564C:R585D,-5.053526878356934
E564C:R585G,-2.7628333568573
E564C:R585P,-6.134913444519043
E564C:R588F,-3.683018207550049
E564C:T573H:E574V:V579L,-19.679370880126953
E564C:T573Y,-11.750470161437988
E564C:T573Y:R588D,-9.484107971191406
E564C:T581D:L583G:R585F:R588D,-8.293974876403809
E564C:T581E:Q584C:N587E,-11.384771347045898
E564C:T581H:L583D,-12.523757934570312
E564C:T581H:L583D:N587E,-12.602481842041016
E564C:T581H:R585D,-9.638439178466797
E564C:T581R,-13.845453262329102
E564C:V571D,-8.91254997253418
E564C:V571D:T573Y:L583G:R585N,-18.11450958251953
E564C:V571F,-11.115018844604492
E564C:V571F:Q584F:N587E,-16.088590621948242
E564C:V571F:V579W:L583D:Q584E,-19.24801254272461
E564C:V571F:V579W:T581H:L583D:N587L,-23.930988311767578
E564C:V571I,-9.782596588134766
E564C:V571M:N582D:R588G,-10.182355880737305
E564C:V571R,-13.470669746398926
E564C:V571T:Q575C:T581A:R585N,-12.208118438720703
E564C:V579A,-9.082412719726562
E564C:V579W,-13.345691680908203
E564C:V579W:L583D,-14.84031867980957
E564C:V579W:L583D:Q584D,-15.526355743408203
E564C:V579W:N582P:R585P:N587E,-13.263397216796875
E564C:V579W:N587E,-13.424415588378906
E564C:V579W:T581E,-13.636462211608887
E564C:Y576F:N582G,-12.385892868041992
E564C:Y576G,-13.51380729675293
E564C:Y576G:T581A:L583E:Q584C,-22.577102661132812
E564C:Y576K,-16.562477111816406
E564C:Y576T:N582A:Q584D,-16.44681167602539
E564D:I565S,-13.275335311889648
E564D:L583C,-10.204484939575195
E564D:L583F,-9.427288055419922
E564D:N569H,-12.558441162109375
E564D:N569I,-12.561691284179688
E564D:Q575N,-7.529758453369141
E564D:R585V,-4.045378684997559
E564D:R588I,-1.6665468215942383
E564D:T581R,-12.432537078857422
E564D:V571D:Y576W:S578W:Q584E:R588V,-11.02626895904541
E564D:V571E,-7.11967658996582
E564D:V579A,-7.669496536254883
E564D:V579L,-8.554723739624023
E564F:A572C:Y576A:R585Q:R588C,-16.89788246154785
E564F:L583G,-11.523683547973633
E564F:N582C,-10.065478324890137
E564F:S578C,-10.448659896850586
E564F:T568F,-15.251487731933594
E564F:T568G,-14.806289672851562
E564F:T568M,-13.648942947387695
E564F:T573D:N582D:Q584G,-17.12320899963379
E564F:T573M,-12.119962692260742
E564G:A572T,-10.176708221435547
E564G:E574G:Q584C,-15.54499626159668
E564G:L583D,-8.093038558959961
E564G:L583G:Q584M,-15.376510620117188
E564G:L583N,-11.062325477600098
E564G:N569G,-14.794072151184082
E564G:N569I,-14.128800392150879
E564G:N582T,-8.721177101135254
E564G:N582V,-7.19835090637207
E564G:Q575C,-8.85224723815918
E564G:Q575K,-12.61092758178711
E564G:Q575N,-9.096868515014648
E564G:Q575W,-12.567096710205078
E564G:R585G,-2.9170262813568115
E564G:R588Y,-4.362476348876953
E564G:S578A,-8.967720985412598
E564G:T568L:N569Y:Q575N,-23.483448028564453
E564G:T581E:N582L:R585L,-6.042259216308594
E564G:Y576F:V579T:R588G,-8.206367492675781
E564H:A572P,-14.508617401123047
E564H:A572Y:T581V,-17.86923599243164
E564H:E574H:R585F,-13.079687118530273
E564H:I565N,-15.703675270080566
E564H:I565V,-11.560304641723633
E564H:I565Y,-15.348873138427734
E564H:L583C,-12.390918731689453
E564H:L583G,-11.433649063110352
E564H:N569S,-13.161914825439453
E564H:N582E:L583D:R585I:R588T,-5.073723316192627
E564H:N582Y,-9.585959434509277
E564H:Q575T,-10.02531623840332
E564H:Q584V,-10.834199905395508
E564H:R585D,-5.827044486999512
E564H:T568K:E574I:N587C:R588S,-23.61178970336914
E564H:T573A,-11.033910751342773
E564H:V571A,-10.289813995361328
E564H:V571I:N582S:L583W,-18.69927215576172
E564H:V571L,-10.395137786865234
E564H:V571M,-10.988182067871094
E564H:V579I,-10.748424530029297
E564H:Y576G,-14.287324905395508
E564I:A572Q,-12.83021068572998
E564I:E574A:V579G:Q584D:R588E,-12.773273468017578
E564I:I565Y:T568L:Q575G:N582R:R585Q,-28.669321060180664
E564I:L583N:R585Q,-10.32670783996582
E564I:L583V,-10.358970642089844
E564I:N569F,-15.192808151245117
E564I:N569Q:R588W,-13.474706649780273
E564I:N587S,-9.373526573181152
E564I:N587Y,-10.441328048706055
E564I:Q575I,-9.674530029296875
E564I:Q584Y,-11.539712905883789
E564I:R588G,-4.728989601135254
E564I:S578C:L583C:R585F:R588C,-13.060239791870117
E564I:S578D,-6.78012752532959
E564I:T568D:N569A:T581C,-24.71508026123047
E564I:T573F,-11.473616600036621
E564I:T573H:T581H:L583D:R585D,-16.280736923217773
E564I:T573L,-10.51188850402832
E564I:V571C,-9.660191535949707
E564I:V571D:N587A:R588H,-11.032814025878906
E564I:V579G,-10.35768985748291
E564I:V579Y,-11.598255157470703
E564I:Y576D,-14.739211082458496
E564K:A572L,-12.296964645385742
E564K:A572P,-13.626055717468262
E564K:E574A:T581A,-13.511362075805664
E564K:L583G:Q584C:R588M,-12.844039916992188
E564K:N569W,-17.03314971923828
E564K:N582E,-6.222580909729004
E564K:N582S,-8.752787590026855
E564K:Q575L,-9.389385223388672
E564K:Q575T:T581G:R585P,-12.343984603881836
E564K:Q584C,-10.906232833862305
E564K:R585V,-5.349251747131348
E564K:R588M,-4.057069778442383
E564K:S578K,-13.139892578125
E564K:T568M,-12.676345825195312
E564K:T573H:Q575Y:R585P,-15.537967681884766
E564K:T581S,-8.865227699279785
E564K:V571D:R585A:N587E,-7.414000511169434
E564K:V571I,-9.673553466796875
E564K:V579C,-8.82431411743164
E564K:V579M,-10.464578628540039
E564L:A572H:R585T,-13.085653305053711
E564L:A572M,-12.641753196716309
E564L:A572S,-8.860944747924805
E564L:I565V,-10.657651901245117
E564L:L583A,-10.460140228271484
E564L:L583D:R585W,-9.359735488891602
E564L:N569F,-15.102241516113281
E564L:N569H:T573K:N587F,-23.581459045410156
E564L:N569K:V579Y,-20.484661102294922
E564L:N569T,-12.68276596069336
E564L:Q575G,-8.521319389343262
E564L:Q575K,-12.32759952545166
E564L:Q584C,-10.886140823364258
E564L:R585P,-6.005778789520264
E564L:R588E,-3.9499526023864746
E564L:S578Y,-9.302273750305176
E564L:T568G,-13.813602447509766
E564L:T568K,-16.00887680053711
E564L:T568M,-12.656254768371582
E564L:T568M:S578H:L583E:Q584F:N587E,-23.548763275146484
E564L:T573F,-11.383050918579102
E564L:T573M:Q584Y:R585T,-15.440719604492188
E564L:T581Q,-9.659133911132812
E564L:T581V,-9.801355361938477
E564L:V571E,-8.403458595275879
E564L:V571F,-10.985883712768555
E564L:V579W:R585D,-11.825864791870117
E564M:A572C,-11.275541305541992
E564M:A572C:N582G:Q584C,-18.88962173461914
E564M:A572C:T581S,-13.805593490600586
E564M:A572D,-13.124956130981445
E564M:A572E,-13.712480545043945
E564M:A572I,-12.921502113342285
E564M:A572R:R588H,-16.003381729125977
E564M:A572W:Q575S,-18.73501205444336
E564M:E574A:N582G:R588D,-11.959477424621582
E564M:E574I,-12.170589447021484
E564M:E574L,-12.278573989868164
E564M:E574L:N582P,-12.426860809326172
E564M:E574L:V579W,-19.18004608154297
E564M:E574L:V579W:R585E,-17.830434799194336
E564M:E574L:Y576W:R585P,-14.610418319702148
E564M:I565E,-16.194684982299805
E564M:L583D,-8.582764625549316
E564M:L583K:Q584E,-14.825492858886719
E564M:L583N:Q584D,-12.238089561462402
E564M:N587C,-10.875373840332031
E564M:Q575H,-11.654003143310547
E564M:Q575I,-10.35701847076416
E564M:Q575W:Y576W:V579W:N582G:L583D,-27.137094497680664
E564M:Q584C,-11.659194946289062
E564M:Q584D,-7.774175643920898
E564M:Q584F,-11.98298454284668
E564M:R585P,-6.778832912445068
E564M:R585V,-6.102214813232422
E564M:S578D:T581E:R585E,-6.403773307800293
E564M:S578D:V579W,-14.36408805847168
E564M:S578F:L583D:Q584D:R585P:N587E,-11.00312614440918
E564M:T568A,-11.573339462280273
E564M:T568L:T573G:E574M:T581E:N582I,-23.494760513305664
E564M:T573F,-12.156105041503906
E564M:T573M,-11.90032958984375
E564M:T573M:Q575K,-17.912845611572266
E564M:T573M:Q575L:Q584M,-19.516727447509766
E564M:T573M:S578D:N582G:L583E,-16.728557586669922
E564M:T573M:S578D:N582P:Q584M:R585E,-15.635666847229004
E564M:T581E:Q584M,-11.941094398498535
E564M:V571D:A572C:L583D:Q584C:R588D,-17.543193817138672
E564M:V571D:R585A,-8.088238716125488
E564M:V571H:T573G:Y576T,-23.11403465270996
E564M:V571I,-10.426515579223633
E564M:V571I:L583D,-11.921142578125
E564M:V571P,-13.276910781860352
E564M:V571S:T581M:N582G:R585H:R588S,-14.63791275024414
E564M:V571Y:E574L:Y576W:N582P:L583D,-21.148441314697266
E564M:V571Y:Q575C:V579Y:T581A:N587A,-24.64828109741211
E564M:V571Y:Q575K:S578H:V579Y,-27.38727378845215
E564M:V571Y:Q584V,-15.290407180786133
E564M:V571Y:T573F:L583E:R585E,-16.80302619934082
E564M:V571Y:Y576W:S578D:R585E:N587D,-13.738919258117676
E564M:V579W,-13.98961067199707
E564M:Y576F:T581H,-14.571700096130371
E564M:Y576G,-14.157726287841797
E564N:I565A,-13.520663261413574
E564N:I565E,-15.287245750427246
E564N:I565V:V571L,-13.700669288635254
E564N:L583M:N587Y,-14.52250862121582
E564N:L583V,-10.13401985168457
E564N:N569V,-13.505016326904297
E564N:N569W:N582E:R585I:R588F,-13.12523365020752
E564N:N582I:L583D,-8.123397827148438
E564N:Q584K,-12.775993347167969
E564N:R585E,-4.831087112426758
E564N:R585W,-7.730723857879639
E564N:S578K,-12.985416412353516
E564N:T568K,-15.874491691589355
E564N:T573F,-11.248665809631348
E564N:T581E,-6.471469879150391
E564N:V579H,-12.204065322875977
E564N:V579W,-13.082172393798828
E564N:V579W:T581E:Q584C:R585D,-16.553308486938477
E564N:Y576A,-13.600102424621582
E564N:Y576H,-10.488922119140625
E564Q:A572G,-9.627265930175781
E564Q:N582H:L583E:Q584L:R588T,-11.056365966796875
E564Q:N582H:L583E:R588T,-7.3158721923828125
E564Q:N582P:L583D,-7.059637069702148
E564Q:N587V,-6.840305328369141
E564Q:Q575C:T581H:Q584D,-12.941509246826172
E564Q:Q575L,-8.47093391418457
E564Q:Q575M,-9.037481307983398
E564Q:Q584H,-10.674675941467285
E564Q:Q584W,-11.992363929748535
E564Q:R585D,-4.026031494140625
E564Q:R585P,-5.107418060302734
E564Q:R588G,-3.7400624752044678
E564Q:S578K:L583V,-16.174758911132812
E564Q:T573F:Q584H:R585P,-15.433337211608887
E564Q:T573F:T581D:Q584H:R585P:N587S,-18.487062454223633
E564Q:T573F:T581D:Q584H:R585P:N587S:R588G,-16.810401916503906
E564Q:T573F:Y576W:T581D:Q584H:R585P:N587S:R588G,-19.451549530029297
E564Q:T581M,-9.035802841186523
E564Q:T581P:R585V,-8.022356033325195
E564Q:V571K:N582Q,-11.916439056396484
E564Q:V579F,-10.142784118652344
E564Q:V579M,-9.546126365661621
E564Q:V579W,-12.318196296691895
E564Q:V579W:N587E,-12.396921157836914
E564Q:V579W:T581H:L583D:N587E,-18.476459503173828
E564Q:Y576A,-12.836126327514648
E564Q:Y576W:S578W:R588I,-9.072549819946289
E564S:A572Y,-13.088176727294922
E564S:L583W,-11.648494720458984
E564S:N569I,-13.453338623046875
E564S:N582L:Q584M,-10.546010971069336
E564S:N582Q,-6.084226131439209
E564S:Q584Y,-11.057012557983398
E564S:R585F,-5.737307548522949
E564S:R585P,-5.613644599914551
E564S:R585V,-4.937026023864746
E564S:R585V:R588M,-2.658921003341675
E564S:R588I,-2.558194637298584
E564S:S578K:N582T:Q584H,-20.10838508605957
E564S:T568D:Q575C:V579R,-24.546424865722656
E564S:T581C,-9.354082107543945
E564S:T581D,-6.008798122406006
E564S:T581K,-12.60289192199707
E564S:T581N,-7.08420467376709
E564S:V571R,-12.949400901794434
E564T:A572C:E574A:T581E,-14.61822509765625
E564T:A572S:E574N,-12.473902702331543
E564T:A572W,-15.418633460998535
E564T:E574I,-11.127826690673828
E564T:E574L:N582S:R588F,-10.89222240447998
E564T:E574M,-11.583052635192871
E564T:I565L:T568V:Y576F:L583F,-20.441917419433594
E564T:I565V,-10.387943267822266
E564T:N569E,-13.18925952911377
E564T:N569H:N582H,-16.707334518432617
E564T:N569K:E574N:S578D,-19.279491424560547
E564T:N569T:N582D:N587A,-16.503795623779297
E564T:N582E,-5.9327802658081055
E564T:N582G,-9.088398933410645
E564T:N587W,-11.340071678161621
E564T:Q575F:R585K,-12.098623275756836
E564T:Q575Y,-10.371233940124512
E564T:Q584D,-6.731412410736084
E564T:R585L,-5.137577056884766
E564T:R585P,-5.736069679260254
E564T:R588A,-3.6622323989868164
E564T:R588V,-2.8145341873168945
E564T:R588W,-5.637406826019287
E564T:T568M,-12.386545181274414
E564T:T581Y,-10.471973419189453
E564T:V571D:E574F:S578V:R585P:N587L,-16.923095703125
E564T:V571D:N582P:Q584D:N587E,-9.42675495147705
E564T:Y576D,-14.378935813903809
E564T:Y576W,-8.6865234375
E564V:A572V:Q575S:R585C,-13.159296035766602
E564V:I565G,-15.17282485961914
E564V:I565M,-11.262434005737305
E564V:I565V,-10.299955368041992
E564V:L583D,-7.45201301574707
E564V:N587D,-6.356348037719727
E564V:Q575G:S578D:T581E:Q584M:R585D,-12.000364303588867
E564V:Q575K,-11.969902038574219
E564V:Q575W:T581H:L583D,-18.0056095123291
E564V:R585M,-6.021769046783447
E564V:T573D,-10.573482513427734
E564V:V571E:Q584E,-7.782655715942383
E564V:V571F,-10.628186225891113
E564V:V571P:Y576H:S578K,-23.25909996032715
E564V:V579D,-10.872268676757812
E564V:V579E,-11.184381484985352
E564V:V579L,-9.48080825805664
E564W:A572C,-13.36146354675293
E564W:A572Y:Q575T,-19.146869659423828
E564W:E574D,-12.146509170532227
E564W:I565M,-14.479108810424805
E564W:L583H,-14.801920890808105
E564W:L583M,-13.480192184448242
E564W:N582F,-10.35196590423584
E564W:N582G,-12.217084884643555
E564W:N582K,-14.822649002075195
E564W:N587G,-11.54308795928955
E564W:N587V,-10.59764289855957
E564W:Q575V:Q584W,-18.51580238342285
E564W:Q575W,-15.142745971679688
E564W:Q584A,-12.624738693237305
E564W:R588C,-7.700222015380859
E564W:R588F,-6.41286039352417
E564W:S578C,-12.314949035644531
E564W:T568G,-16.672578811645508
E564W:T573H:Y576W:Q584Y:R585Y:N587G,-24.733810424804688
E564W:T573H:Y576W:S578H:L583E:Q584Y:R585Y:N587G,-30.652748107910156
E564W:T573H:Y576W:S578H:Q584Y:R585Y:N587G,-29.24201774597168
E564W:T573K,-16.040626525878906
E564W:T581D,-9.259908676147461
E564W:T581N,-10.335315704345703
E564W:V571G,-13.282783508300781
E564W:V571G:A572S:L583F,-20.224632263183594
E564W:V571S:A572W,-20.40777587890625
E564W:V579D,-14.088943481445312
E564W:Y576F,-12.072710990905762
E564W:Y576W:Q584Y,-16.94927215576172
E564W:Y576W:Q584Y:N587G,-19.318300247192383
E564W:Y576W:Q584Y:R585Y:N587G,-19.547569274902344
E564Y:E574L,-12.224263191223145
E564Y:I565A,-14.373791694641113
E564Y:I565S:T581D:R585Q,-14.820854187011719
E564Y:L583D:N587E,-8.607178688049316
E564Y:L583K,-15.034287452697754
E564Y:N569G,-15.229488372802734
E564Y:N569G:Q575C:T581E:L583D,-19.268722534179688
E564Y:N569W:V571R:Q584E,-24.495149612426758
E564Y:N582M,-8.457852363586426
E564Y:N587V,-8.457409858703613
E564Y:Q575C,-9.287664413452148
E564Y:Q575C:N582P:L583D:N587E,-11.009302139282227
E564Y:Q575C:N582P:L583D:Q584D:R585D,-10.225923538208008
E564Y:Q575K,-13.046342849731445
E564Y:Q575T,-9.841407775878906
E564Y:Q575Y,-11.359686851501465
E564Y:Q584D:R585N,-7.399662494659424
E564Y:Q584W,-13.609468460083008
E564Y:R585I,-6.154182434082031
E564Y:R588M,-4.755722522735596
E564Y:T573A:T581H:N582G,-18.47793960571289
E564Y:T573F,-12.101794242858887
E564Y:T573Y:N582P:L583D:R588D,-11.716630935668945
E564Y:T581D,-7.119676113128662
E564Y:T581D:N582E:Q584C,-11.57813835144043
E564Y:T581H:Q584D,-12.304777145385742
E564Y:V571A,-10.105905532836914
E564Y:V571C:A572Y:Q584D,-18.139633178710938
E564Y:V571D,-9.502159118652344
E564Y:V571D:N582G:Q584C,-17.116241455078125
E564Y:V571D:Q575C:Q584D,-12.442032814025879
E564Y:V571D:T573Y:L583D:Q584D,-16.98907470703125
E564Y:V571S:T581E:N582D:L583D:Q584D:R585T:N587E:R588M,-9.990071296691895
E564Y:V579H,-13.057193756103516
E564Y:V579I,-10.564516067504883
E564Y:V579M:N582P,-11.311517715454102
E564Y:Y576A,-14.453230857849121
E574A:L583E:R588D,-3.2390429973602295
E574A:N582D,-5.7390289306640625
E574A:N582G,-7.137701034545898
E574A:N582G:R585N:R588G,-5.140837669372559
E574A:N587G,-6.4637041091918945
E574A:N587L,-3.929636001586914
E574A:Q575C,-6.348513126373291
E574A:Q575C:R585Q:N587L:R588F,-2.879415988922119
E574A:Q575L:Q584Y:R588F,-9.521749496459961
E574A:Q575P:T581S:N582A:N587M,-13.450535774230957
E574A:Q575T,-6.902257442474365
E574A:Q584D:R588W,-4.372746467590332
E574A:Q584G:R585F,-7.464023590087891
E574A:R585H:R588C,-3.817476749420166
E574A:R585I,-3.215031385421753
E574A:R585P,-3.785371780395508
E574A:R585W,-5.6447014808654785
E574A:R588G,-2.418016195297241
E574A:S578C,-7.235565185546875
E574A:S578E:Q584A:R588L,-3.322319746017456
E574A:S578F:N582D:L583D:N587L,-9.033519744873047
E574A:T581E,-4.3854475021362305
E574A:T581E:Q584E:R585P:R588M,-1.5349318981170654
E574A:T581H,-8.67958927154541
E574A:V579I,-7.625365257263184
E574A:V579M,-8.224080085754395
E574A:V579W:L583D,-12.490776062011719
E574C:N587E,-4.637784004211426
E574C:N587H,-9.282232284545898
E574C:N587W,-9.853755950927734
E574C:Q575C:Y576W:Q584L,-13.194539070129395
E574C:Q575P,-7.665948867797852
E574C:Q575S,-6.832675457000732
E574C:Q584C:R585N:N587D,-9.208876609802246
E574C:R585Q,-4.016203880310059
E574C:S578D,-4.933536529541016
E574C:S578D:N582G:R585E,-6.626948356628418
E574C:S578D:V579Y:T581E:L583E:Q584M,-16.389827728271484
E574C:T581E:Q584M:R585E,-8.06240463256836
E574C:V579W,-11.460533142089844
E574C:V579W:R585E,-10.110919952392578
E574C:Y576W,-7.20020866394043
E574D:L583Y,-7.799571514129639
E574D:N582C,-5.730155944824219
E574D:N582Y:R585N,-5.020469665527344
E574D:Q575C:Q584M,-9.788471221923828
E574D:Q575N,-5.470905303955078
E574D:Q584F,-7.867295742034912
E574D:Q584L,-6.712943077087402
E574D:Q584M:R585S:N587G:R588A,-6.3714141845703125
E574D:Q584V:R585P,-6.279607772827148
E574D:R585I:R588V,1.1380374431610107
E574D:R585L:R588L,1.0470354557037354
E574D:R588L,0.1392378807067871
E574D:R588V,0.2583918571472168
E574D:S578E:T581E:L583I,-5.616415977478027
E574D:S578L,-6.220120429992676
E574D:S578Y,-5.959638595581055
E574D:T581E:R588H,-2.9756662845611572
E574F:L583M,-10.19483757019043
E574F:N582D:N587L,-7.36801815032959
E574F:N582G:Q584L:R585D,-11.281533241271973
E574F:N582L,-5.949581623077393
E574F:N587A,-8.33509349822998
E574F:N587E,-5.967431545257568
E574F:N587L,-5.723666191101074
E574F:Q575F:N582D:N587L,-11.147624969482422
E574F:Q575I:S578C,-12.29847526550293
E574F:Q575T:T581W:L583M,-19.301801681518555
E574F:Q584H,-11.146659851074219
E574F:R585M,-5.953089714050293
E574F:R585P,-5.579401969909668
E574F:R585Q:R588F,-2.584650993347168
E574F:R588I,-2.523952007293701
E574F:S578L,-9.136378288269043
E574F:S578V,-8.883734703063965
E574F:T581P,-9.480262756347656
E574F:T581V:Q584K,-15.970272064208984
E574F:T581W,-12.188091278076172
E574F:V579F,-10.614768028259277
E574G:L583A,-8.520583152770996
E574G:N582C,-7.133234024047852
E574G:N582M,-5.799551963806152
E574G:N587D,-4.77448844909668
E574G:Q584D:R588S,-2.8921399116516113
E574G:R585G,-0.6941416263580322
E574G:R585I,-3.4958813190460205
E574G:R588F,-1.6143264770507812
E574G:R588W,-3.9675588607788086
E574G:S578M,-8.476688385009766
E574G:T581K,-11.055469512939453
E574H:L583M,-10.353723526000977
E574H:L583V,-10.000913619995117
E574H:N582R,-12.315486907958984
E574H:N582W:Q584L,-13.521958351135254
E574H:Q575F,-9.827199935913086
E574H:Q584D,-6.733630657196045
E574H:Q584Y,-11.181655883789062
E574H:R585G,-2.3662078380584717
E574H:R585M,-6.11197566986084
E574H:R585P,-5.738287925720215
E574H:R585Y,-6.2768635749816895
E574H:R588A,-3.6644506454467773
E574H:R588S,-3.8781685829162598
E574H:S578G,-8.404655456542969
E574H:S578R,-13.449117660522461
E574H:S578W,-10.42702579498291
E574H:T581A,-9.12910270690918
E574H:T581I,-9.693206787109375
E574H:T581V:N582H:L583I:Q584F,-21.028076171875
E574H:Y576D,-14.38115406036377
E574H:Y576T,-13.716806411743164
E574H:Y576T:S578A,-16.086116790771484
E574I:N582S,-7.500063896179199
E574I:N587E,-5.161175727844238
E574I:Q575C,-7.336287498474121
E574I:Q575V,-7.8485517501831055
E574I:R585Q,-4.539595603942871
E574I:R588V,-1.8516106605529785
E574I:S578D,-5.456928253173828
E574I:S578W:N582Q,-9.623160362243652
E574I:T581Y,-9.509050369262695
E574I:Y576H,-9.390673637390137
E574L:N582G:Q584D:R585P:N587L,-8.445150375366211
E574L:N582S:Q584D:R585E,-6.944472789764404
E574L:N582S:Q584D:R585E:R588L,-3.8327860832214355
E574L:N582T,-7.313200950622559
E574L:N587V,-6.614017486572266
E574L:Q575I:L583E:N587L,-9.70500373840332
E574L:Q584D,-5.8764729499816895
E574L:Q584D:R585E,-4.52686071395874
E574L:Q584K,-11.78572940826416
E574L:R585D,-3.799743413925171
E574L:R585P,-4.881130218505859
E574L:R588D,-2.9240732192993164
E574L:R588M,-2.912330150604248
E574L:T581D,-5.2762837409973145
E574L:T581G,-8.700969696044922
E574L:T581M,-8.809514999389648
E574L:T581R,-12.591670036315918
E574L:V579A,-7.828629970550537
E574L:V579W,-12.09190845489502
E574L:Y576F:N587E,-8.167810440063477
E574L:Y576L,-11.815921783447266
E574L:Y576W,-7.831584453582764
E574M:L583N,-10.001591682434082
E574M:N582G,-8.58070182800293
E574M:N582G:Q584D,-9.266738891601562
E574M:N582G:Q584D:R588E,-6.901607990264893
E574M:N582L,-5.598552227020264
E574M:N582M,-6.961702346801758
E574M:N587V,-6.961259841918945
E574M:Q575D,-9.780946731567383
E574M:Q575F,-9.317283630371094
E574M:Q575P:L583V,-12.59788703918457
E574M:Q575T,-8.345258712768555
E574M:Q575V:T581P:R585P,-11.586029052734375
E574M:Q584H,-10.79563045501709
E574M:Q584K,-12.13297176361084
E574M:Q584M,-10.09986400604248
E574M:R585N,-5.217474937438965
E574M:R585Y,-5.766948223114014
E574M:R588H,-5.250124454498291
E574M:S578C,-8.678565979003906
E574M:T581Y,-9.964277267456055
E574M:V579T:Q584E:R588A,-3.2773962020874023
E574M:Y576D,-13.871238708496094
E574M:Y576W:R585E,-6.829214572906494
E574N:L583N,-8.346580505371094
E574N:N582K,-9.531254768371582
E574N:N582T,-6.005432605743408
E574N:Q584C:R588I,-5.0889692306518555
E574N:R585S:R588G,-1.0569005012512207
E574N:S578A:T581E,-6.542747497558594
E574N:T581G,-7.393200874328613
E574N:T581S,-6.4127197265625
E574N:V579D:N582G:R588A,-9.457430839538574
E574N:Y576L,-10.508153915405273
E574V:L583S,-8.692639350891113
E574V:N582D,-6.169843673706055
E574V:N582L,-4.586366653442383
E574V:Q575A,-6.647407531738281
E574V:Q575D,-8.768760681152344
E574V:Q575F:S578V:L583M,-15.606257438659668
E574V:Q575W,-10.494176864624023
E574V:Q584G,-8.08048152923584
E574V:S578E,-3.4141440391540527
E574V:T581E,-4.816263198852539
E574V:T581M,-8.144572257995605
E574V:T581N:Q584C:R588L,-7.146117687225342
E574V:V579I,-8.056180953979492
E574V:Y576E,-12.98971939086914
E574Y:L583N,-10.336759567260742
E574Y:N582C:Q584K,-15.225846290588379
E574Y:N582T,-7.995611190795898
E574Y:N587A,-8.319231986999512
E574Y:Q575V:T581E:N582D:R585Q:N587Y,-14.06689167022705
E574Y:R585G,-2.191460371017456
E574Y:R588A,-3.4897031784057617
E574Y:R588D,-3.6064834594726562
E574Y:R588L,-2.7611589431762695
E574Y:R588W,-5.464877605438232
E574Y:S578F,-7.837751388549805
E574Y:S578W:L583W:Q584E:N587L,-15.549676895141602
E574Y:T581M,-9.491926193237305
E574Y:V579T,-6.258811950683594
E574Y:Y576A,-13.292248725891113
E574Y:Y576E,-14.337072372436523
I565A:N582A,-8.987306594848633
I565A:N582T,-9.462729454040527
I565A:N587D,-7.738925457000732
I565A:N587F,-10.212632179260254
I565A:R585A,-5.871733665466309
I565A:R585D,-5.949272155761719
I565A:R585F,-7.154321670532227
I565A:R588E,-4.974832534790039
I565A:R588M,-5.061858654022217
I565A:T573A,-11.15613842010498
I565A:T581R,-14.741198539733887
I565A:Y576G,-14.409551620483398
I565C:A572S:Q575C:Q584E,-11.493368148803711
I565C:E574I,-12.039228439331055
I565C:L583E,-8.367505073547363
I565C:N569A,-14.18783187866211
I565C:N569T,-13.324459075927734
I565C:N582D:R585M:N587E:R588H,-8.456681251525879
I565C:N582R,-13.22467041015625
I565C:N587E,-7.035501003265381
I565C:N587Y,-10.992454528808594
I565C:Q575E,-11.053882598876953
I565C:Q584E:R588V,-3.4628305435180664
I565C:Q584W,-13.532417297363281
I565C:R588C,-5.482937812805176
I565C:R588M,-4.678671360015869
I565C:S578L:R588W,-9.796480178833008
I565C:S578V,-9.951804161071777
I565C:T573E,-11.978338241577148
I565C:T581D,-7.0426249504089355
I565C:V571C:L583W:N587D:R588H,-16.04827117919922
I565C:V571F,-11.62757682800293
I565C:V571F:S578Y:V579F:N582G,-22.383852005004883
I565C:V571P:V579G:N582L:L583Y:Q584C:R585D,-25.165952682495117
I565C:Y576T,-14.62598991394043
I565D:A572D,-15.439671516418457
I565D:A572H,-16.994041442871094
I565D:L583K,-17.40331268310547
I565D:N569E,-16.546737670898438
I565D:N582F,-10.580758094787598
I565D:N582F:L583C,-15.75394058227539
I565D:N587M,-11.47442626953125
I565D:Q575A,-11.524768829345703
I565D:Q575V,-12.168952941894531
I565D:Q584C,-13.973910331726074
I565D:R585K,-11.676496505737305
I565D:T573G,-13.331694602966309
I565D:T581C,-12.833984375
I565D:T581N,-10.564107894897461
I565D:V571S:Y576H:T581E,-15.862302780151367
I565D:Y576A,-16.822256088256836
I565E:A572Q,-15.531106948852539
I565E:N569M,-17.539642333984375
I565E:N582L,-9.167421340942383
I565E:N587S,-12.074422836303711
I565E:Q575A,-11.228462219238281
I565E:R585Q,-8.563690185546875
I565E:R585S,-7.9574408531188965
I565E:R585V,-8.120622634887695
I565E:R588S,-6.937121868133545
I565E:T573L,-13.212783813476562
I565E:T581F,-13.69149112701416
I565E:T581N,-10.267801284790039
I565E:V571A,-12.178625106811523
I565E:V571R,-16.132997512817383
I565E:V571S,-10.967002868652344
I565E:Y576H,-13.41476821899414
I565E:Y576K,-19.22480583190918
I565F:A572N,-11.771507263183594
I565F:N587H,-11.312812805175781
I565F:Q575G,-8.795876502990723
I565F:Q575W,-12.558326721191406
I565F:Q584M,-11.151826858520508
I565F:R585F,-6.403998851776123
I565F:R585T,-5.769021987915039
I565F:R588A,-4.206498622894287
I565F:V571R,-13.616092681884766
I565F:Y576E,-15.05386734008789
I565F:Y576T,-14.258853912353516
I565G:N569M,-17.648534774780273
I565G:N582C,-11.973145484924316
I565G:N582M,-10.639463424682617
I565G:N582T,-11.338204383850098
I565G:N582Y,-11.583662033081055
I565G:N587V,-10.639020919799805
I565G:Q575I,-12.484319686889648
I565G:Q575K:T581M:L583Y:N587H,-28.397329330444336
I565G:R588E,-6.850307464599609
I565G:R588T,-6.569039344787598
I565G:S578C,-12.356327056884766
I565G:T568H,-18.559951782226562
I565G:T568M,-15.556610107421875
I565G:T581G,-12.725973129272461
I565G:T581N,-10.376693725585938
I565G:V579E,-14.442434310913086
I565H:A572I:N587W,-20.37118148803711
I565H:E574H,-15.290714263916016
I565H:E574I,-14.325572967529297
I565H:L583C,-14.416303634643555
I565H:N569H,-16.770259857177734
I565H:N569H:T581R:R585M:R588F,-21.47467803955078
I565H:N569S,-15.187299728393555
I565H:N582P,-9.39140796661377
I565H:N582W,-12.9769926071167
I565H:N587G,-11.61214828491211
I565H:Q575E,-13.340227127075195
I565H:Q575I,-12.512001037597656
I565H:Q584F,-14.137968063354492
I565H:R585H,-10.439760208129883
I565H:R585I,-8.363475799560547
I565H:S578C,-12.38400936126709
I565H:S578M,-13.344283103942871
I565H:T568K,-18.936912536621094
I565H:T573Y,-14.549372673034668
I565H:T581G,-12.753654479980469
I565H:T581W:Q584V,-19.15896987915039
I565H:T581Y,-13.669719696044922
I565H:V571D,-11.71145248413086
I565H:V571K,-15.581560134887695
I565H:Y576L,-15.868608474731445
I565H:Y576W,-11.884269714355469
I565L:A572C:R585P,-6.162292957305908
I565L:A572C:S578I:T581N,-11.004539489746094
I565L:A572C:Y576W,-9.112747192382812
I565L:A572K,-10.95694351196289
I565L:A572S:R585H,-6.026695251464844
I565L:L583F,-6.680181980133057
I565L:L583F:N587D,-7.079143524169922
I565L:L583I,-5.748739719390869
I565L:N569S,-8.228373527526855
I565L:N582K,-7.932783603668213
I565L:N582S,-4.701807975769043
I565L:N587C,-6.071430683135986
I565L:N587E,-2.362919807434082
I565L:N587G,-4.653222560882568
I565L:N587S,-5.252071857452393
I565L:N587Y,-6.319873809814453
I565L:Q575A:L583V:R585Y,-8.588701248168945
I565L:Q575C:N582I,-4.9861040115356445
I565L:Q575C:S578W:T581S,-11.447517395019531
I565L:Q575C:V579A:T581C,-10.6073579788208
I565L:Q575G:N582L:R585H,-5.747943878173828
I565L:Q575G:T581D:R588T,-1.9298796653747559
I565L:Q575H,-6.85006046295166
I565L:Q575H:Y576W,-9.491209030151367
I565L:Q575I:S578V,-8.548103332519531
I565L:Q575L:L583E:R588F,-3.987933874130249
I565L:Q575L:R588L,-2.226719379425049
I565L:Q575M:S578G:T581N,-9.423271179199219
I565L:Q575N,-4.782651901245117
I565L:Q575W:T581E:N582G:R588L,-8.47498893737793
I565L:R585G:N587E:R588C,2.792304515838623
I565L:R585P,-1.9748902320861816
I565L:R585S:R588F,1.626110553741455
I565L:R588F,0.4770050048828125
I565L:R588L,0.827491283416748
I565L:S578A,-4.653505325317383
I565L:S578A:V579A,-7.291699409484863
I565L:S578C,-5.425084114074707
I565L:S578C:T581N,-6.586338996887207
I565L:S578D:T581E:R585H:R588G,-2.469421148300171
I565L:S578E,-1.1728472709655762
I565L:S578L,-5.531867027282715
I565L:S578W,-6.663628101348877
I565L:T568K,-11.977987289428711
I565L:T568V,-7.101904392242432
I565L:T568V:A572C:T573Y:L583V:N587L,-20.383838653564453
I565L:T568V:V571I:Q575P:V579I:T581N,-18.23911476135254
I565L:T573G,-6.213037490844727
I565L:T573Y:Q575N:T581N:Q584E,-10.987052917480469
I565L:T581D:R585Q:R588L,1.284498691558838
I565L:T581E,-2.5749661922454834
I565L:T581E:N587G,-4.94399356842041
I565L:T581L,-6.037217140197754
I565L:T581M,-5.903275489807129
I565L:V571A,-5.356273651123047
I565L:V571C,-5.538736820220947
I565L:V571C:A572S:Q575V,-10.850698471069336
I565L:V571D,-4.752526760101318
I565L:V571F:A572C,-11.1423978805542
I565L:V579C,-4.773334503173828
I565L:V579T,-2.670161724090576
I565L:Y576F,-5.182845592498779
I565L:Y576F:S578F:T581M:Q584M,-15.32901668548584
I565M:A572V,-10.424360275268555
I565M:L583I,-8.76959228515625
I565M:L583M,-9.611178398132324
I565M:N569I,-12.83543586730957
I565M:Q575C,-7.5588836669921875
I565M:R588D,-3.0386853218078613
I565M:S578C,-8.44593620300293
I565M:S578E,-4.193699359893799
I565M:S578H,-9.813257217407227
I565M:S578L,-8.552719116210938
I565M:T568H,-14.649560928344727
I565M:V571F,-9.975847244262695
I565M:V571T,-6.05380392074585
I565M:V579H,-11.328413009643555
I565M:Y576W,-7.946196556091309
I565N:A572I,-14.319303512573242
I565N:A572N,-13.667805671691895
I565N:E574C:Q575H,-17.610862731933594
I565N:N569A,-15.71699333190918
I565N:N569L,-16.227710723876953
I565N:N569V,-15.81025505065918
I565N:N587L,-8.320898056030273
I565N:Q575D,-12.729207992553711
I565N:Q575M,-12.106697082519531
I565N:S578G,-10.843001365661621
I565N:S578M,-12.587100982666016
I565N:T568F:Y576H:T581S,-23.267929077148438
I565N:T568H:N569G:S578L:N587Y,-33.30946350097656
I565N:T581F,-13.070883750915527
I565N:T581H:Q584G,-16.625839233398438
I565N:T581M,-12.105018615722656
I565N:T581Y,-12.912538528442383
I565N:V571K,-14.82437801361084
I565N:V579M,-12.615342140197754
I565S:A572N,-13.42590045928955
I565S:E574F,-14.13274097442627
I565S:L583M,-12.550165176391602
I565S:N569Q,-15.72105884552002
I565S:N582H,-11.378853797912598
I565S:N587F,-11.11670207977295
I565S:Q575E,-12.341139793395996
I565S:Q575N,-10.742490768432617
I565S:Q584L,-11.984527587890625
I565S:R585W,-9.794057846069336
I565S:R588F,-5.482833385467529
I565S:T581M,-11.863113403320312
I565S:V571W,-15.195980072021484
I565S:Y576L:S578L,-18.117191314697266
I565S:Y576W,-10.885183334350586
I565V:A572C,-8.5299711227417
I565V:A572C:L583D,-10.02459716796875
I565V:A572N,-9.524435043334961
I565V:A572S,-6.888429641723633
I565V:A572S:Q575C,-9.142265319824219
I565V:A572S:Q575H:Q584E,-11.19118881225586
I565V:A572S:Q575L,-9.94264030456543
I565V:A572S:Q575N:R585H,-10.583524703979492
I565V:A572S:S578E:V579A:T581E:R588T,-6.059647083282471
I565V:A572S:S578V,-9.88345718383789
I565V:A572S:T581M,-10.507509231567383
I565V:E574F:Q575M:L583W:R588D,-17.311214447021484
I565V:E574N:Q575M:T581M:L583F,-19.861059188842773
I565V:E574V:S578E:T581E,-8.047483444213867
I565V:L583D:Q584D,-6.523232460021973
I565V:N569E,-11.48645305633545
I565V:N569Y:A572W:R588Y,-19.665210723876953
I565V:N582A:Q584E,-5.726806163787842
I565V:N582E,-4.229973793029785
I565V:N582T,-6.465333938598633
I565V:N582T:R585H,-7.661972999572754
I565V:N587E,-4.421292781829834
I565V:N587M,-6.41414213180542
I565V:Q575A,-6.464483737945557
I565V:Q575A:S578V,-9.459510803222656
I565V:Q575C,-6.596404552459717
I565V:Q575C:R588I,-3.231649398803711
I565V:Q575C:V579T:N587D,-7.3813323974609375
I565V:Q575H:Q584E,-8.645328521728516
I565V:Q575I,-7.611448764801025
I565V:Q575I:Q584D,-8.297486305236816
I565V:Q575I:Q584E,-7.348343372344971
I565V:Q575I:R588D,-5.345086574554443
I565V:Q575I:R588F,-4.850248336791992
I565V:Q575I:S578A,-9.980758666992188
I565V:Q575I:S578C,-10.752336502075195
I565V:Q575I:S578C:Q584E,-10.489232063293457
I565V:Q575I:S578C:T581M,-14.371417999267578
I565V:Q575I:S578H:N582P,-12.2679443359375
I565V:Q575I:T581E:N587M,-9.973793029785156
I565V:Q575I:T581N,-8.772703170776367
I565V:Q575I:T581N:Q584E,-8.509598731994629
I565V:Q575I:Y576F:V579M:T581M:R588D,-15.992219924926758
I565V:Q575L:Q584E,-7.133673667907715
I565V:Q575L:S578A:T581N:Q584E,-10.664237976074219
I565V:Q575L:S578G,-9.753841400146484
I565V:Q575L:S578G:Q584E,-9.49073600769043
I565V:Q575L:T581E:L583D:R585Q:R588D,-6.372958660125732
I565V:Q575M,-7.9633259773254395
I565V:Q575M:R585P,-7.6540207862854
I565V:Q575N:S578A,-9.210334777832031
I565V:Q575P,-7.44945764541626
I565V:Q575S:L583W:N587D:R588G,-11.064029693603516
I565V:Q575T,-7.150148868560791
I565V:Q575T:S578A,-9.519458770751953
I565V:Q575T:S578C:T581N,-11.452292442321777
I565V:Q575W,-10.311253547668457
I565V:Q584C:R588M,-6.6355204582214355
I565V:Q584D,-5.028605937957764
I565V:Q584E,-4.079463005065918
I565V:Q584E:R585V,-3.0935394763946533
I565V:Q584F,-9.237415313720703
I565V:Q584H:R585T:N587E:R588C,-7.384787559509277
I565V:R585M:R588L,-1.2952642440795898
I565V:R585P,-4.033263206481934
I565V:R585Q,-3.799712657928467
I565V:R585S,-3.19346284866333
I565V:R588D,-2.0762062072753906
I565V:R588I,-0.9778132438659668
I565V:S578A,-6.711877822875977
I565V:S578A:T581M,-10.330958366394043
I565V:S578A:T581N,-7.873132705688477
I565V:S578C,-7.483456611633301
I565V:S578C:Q584E,-7.220351219177246
I565V:S578C:T581A,-10.564967155456543
I565V:S578C:T581A:Q584E:R585I,-9.422216415405273
I565V:S578C:T581A:R585I,-9.685320854187012
I565V:S578C:V579T:T581A:Q584E:R585I,-9.808181762695312
I565V:S578D:T581A:N582E:R585V,-6.700037956237793
I565V:S578H,-8.850777626037598
I565V:S578L,-7.590239524841309
I565V:S578V,-7.3375959396362305
I565V:S578V:T581N,-8.49885082244873
I565V:T568G,-11.841087341308594
I565V:T568V,-9.160277366638184
I565V:T568V:A572S:Q575H:Q584E,-16.00889778137207
I565V:T568V:L583W,-14.885822296142578
I565V:T568V:L583W:R585D,-13.49513053894043
I565V:T568V:Q575L:S578G:Q584E,-14.30844497680664
I565V:T568V:Q584E,-8.897171974182129
I565V:T568V:R585V,-8.17435359954834
I565V:T568V:S578A:N587M:R588M,-11.323055267333984
I565V:T568V:S578W,-13.53971004486084
I565V:T568V:S578W:Q584M,-18.101896286010742
I565V:T568V:V571C:A572C:T581M:Q584E,-19.95819664001465
I565V:T568V:V571C:L583E:R585D:R588M,-10.156749725341797
I565V:T568V:V571D:R585G:N587G:R588I,-6.951495170593262
I565V:T573H:T581S:Q584E:R588F,-9.034554481506348
I565V:T573V:N582D:L583V,-13.681273460388184
I565V:T573Y:T581S,-12.178873062133789
I565V:T581D:R585S,-3.279311180114746
I565V:T581E,-4.633338928222656
I565V:T581M,-7.961648464202881
I565V:T581M:Q584E,-7.698543071746826
I565V:T581S,-6.872621059417725
I565V:T581Y:N582D:Q584E,-10.150413513183594
I565V:V571C:Q575P:S578A:T581N,-14.234563827514648
I565V:V571C:S578V:L583G:R585C,-14.61703109741211
I565V:V571C:Y576F:S578C:V579T:T581A:Q584E:R585I,-15.961373329162598
I565V:V571E:Q584E:N587E,-6.246561527252197
I565V:V571E:Y576G:T581M:Q584D:N587G,-20.17467498779297
I565V:V571F:N582D,-10.657720565795898
I565V:V571F:Q575N:N582C:N587L,-14.104491233825684
I565V:V571F:R585H,-10.210006713867188
I565V:V571I:S578V,-10.675973892211914
I565V:V571I:T581M,-11.300025939941406
I565V:V571S:N582V,-6.802964210510254
I565V:V579A,-6.980762958526611
I565V:V579H,-10.365934371948242
I565V:V579T,-4.728534698486328
I565V:V579W,-11.244041442871094
I565V:Y576A,-11.761971473693848
I565V:Y576D,-12.676129341125488
I565V:Y576F,-7.241218566894531
I565V:Y576F:S578C:V579T:T581A:Q584E:R585I,-12.706832885742188
I565V:Y576K:N587Y,-18.496505737304688
I565W:A572H,-17.22109603881836
I565W:E574C,-14.188966751098633
I565W:E574H,-15.677499771118164
I565W:N569C,-16.900156021118164
I565W:N569S,-15.574085235595703
I565W:N587G:R588L,-8.887247085571289
I565W:N587M,-11.701480865478516
I565W:Q575H:V579T:T581E,-14.872509002685547
I565W:Q575P,-12.736795425415039
I565W:Q575V,-12.396007537841797
I565W:R585D,-8.239214897155762
I565W:S578R,-17.031431198120117
I565W:T568Y,-17.898386001586914
I565W:T581H,-14.214818954467773
I565W:T581Y,-14.05650520324707
I565W:V579R,-18.3523006439209
I565Y:E574M:L583A,-17.813871383666992
I565Y:L583G,-12.347049713134766
I565Y:L583N,-12.595050811767578
I565Y:N569A:Q575P:Q584C:N587Y,-27.075815200805664
I565Y:N569Q,-15.608161926269531
I565Y:N587M,-10.20271110534668
I565Y:Q575L,-11.185347557067871
I565Y:Q575W,-14.099822044372559
I565Y:Q584L,-11.871630668640137
I565Y:S578H,-12.6393461227417
I565Y:S578I,-11.502822875976562
I565Y:T568A,-12.616338729858398
I565Y:T568A:Q575Y,-16.942197799682617
I565Y:T568A:Q575Y:N582I,-17.390270233154297
I565Y:T568K,-17.824928283691406
I565Y:T568V:Q575G:R585M,-15.219463348388672
I565Y:T581Q,-11.475187301635742
I565Y:T581Y:Q584G:R585P:R588G,-14.126758575439453
I565Y:Y576W,-10.772285461425781
L583A:Q584F,-9.03990364074707
L583A:R585A:R588A,-0.2936832904815674
L583A:R588D,-1.8786940574645996
L583A:R588I,-0.7803010940551758
L583C:N587D,-5.572144031524658
L583C:Q584G,-8.728171348571777
L583C:Q584W,-11.748823165893555
L583C:R585H:R588H,-6.082267761230469
L583C:R585P:R588T,-2.217477798461914
L583C:R588A,-2.7900400161743164
L583C:R588K,-7.3244194984436035
L583D:N587D:R588A,0.48955416679382324
L583D:N587E,-1.5733509063720703
L583D:N587E:R588S,0.5960736274719238
L583D:N587E:R588W,-1.1653828620910645
L583D:N587G,-3.8636536598205566
L583D:N587Y,-5.530304908752441
L583D:Q584A,-4.9453043937683105
L583D:Q584A:R588T,-2.2989048957824707
L583D:Q584C,-6.065683841705322
L583D:Q584C:R585A:R588I,-1.2326979637145996
L583D:Q584C:R585H,-7.262322425842285
L583D:Q584C:R585I:R588A,-2.8028957843780518
L583D:Q584D,-2.1806640625
L583D:Q584D:N587E:R588D,0.006973743438720703
L583D:Q584D:N587E:R588E,0.1057429313659668
L583D:Q584D:R585D:N587E:R588W,-0.46072840690612793
L583D:Q584D:R585E:R588F,1.9301486015319824
L583D:Q584D:R585I,-1.3010185956954956
L583D:Q584D:R585P:N587E:R588A,0.4330592155456543
L583D:Q584D:R585P:N587E:R588L,1.1616034507751465
L583D:Q584D:R585P:R588G,-0.19469809532165527
L583D:Q584D:R585P:R588W,-1.463390827178955
L583D:Q584D:R588W,-1.7726961374282837
L583D:Q584E,-1.2315212488174438
L583D:Q584E:N587E,-1.3102455139160156
L583D:Q584E:R585D,0.1591707468032837
L583D:Q584E:R585F:N587E,-1.124603271484375
L583D:Q584E:R585I,-0.3518756628036499
L583D:Q584E:R585N,-0.9113186597824097
L583D:Q584E:R585S,-0.08241569995880127
L583D:Q584E:R585S:N587E:R588F,2.60006046295166
L583D:Q584E:R585T:N587E,-0.4896266460418701
L583D:Q584E:R585V,-0.2455977201461792
L583D:Q584E:R585V:R588E,2.1195335388183594
L583D:Q584E:R585V:R588W,0.16237032413482666
L583D:Q584E:R585W:N587E:R588E,-0.49513864517211914
L583D:Q584E:R588C,0.2423175573348999
L583D:Q584E:R588D,1.0348409414291382
L583D:Q584E:R588F,1.5296791791915894
L583D:Q584E:R588G,0.4451395273208618
L583D:Q584F,-6.3894734382629395
L583D:Q584F:R585D,-4.998781681060791
L583D:Q584L,-5.23512077331543
L583D:Q584L:N587E,-5.313844680786133
L583D:Q584L:N587E:R588A,-2.9307026863098145
L583D:Q584L:R585T:N587E,-4.493226051330566
L583D:Q584M:R585Q:R588Y,-3.278022050857544
L583D:Q584M:R585T:N587D,-5.63515567779541
L583D:R585A:N587D,-0.4253578186035156
L583D:R585D,-0.103934645652771
L583D:R585D:N587E,-0.18265891075134277
L583D:R585D:N587E:R588D,2.08370304107666
L583D:R585D:N587E:R588W,0.22530913352966309
L583D:R585D:R588I,3.2608203887939453
L583D:R585E:R588C,1.3288244009017944
L583D:R585F:N587E:R588E,0.9774225950241089
L583D:R585G,2.186758518218994
L583D:R585G:R588F,4.947958946228027
L583D:R585H,-2.691265106201172
L583D:R585H:N587E,-2.769989490509033
L583D:R585H:R588L,0.4204214811325073
L583D:R585I,-0.6149810552597046
L583D:R585I:N587E,-0.6937053203582764
L583D:R585I:N587E:R588I,2.6710495948791504
L583D:R585L,-0.5868290662765503
L583D:R585L:N587D:R588F,1.7754098176956177
L583D:R585L:R588D,1.6795331239700317
L583D:R585L:R588M,1.6912761926651
L583D:R585M:N587E:R588V,1.5931071043014526
L583D:R585M:R588D,0.7073529958724976
L583D:R585N,-1.1744240522384644
L583D:R585P,-1.1853214502334595
L583D:R585P:N587D,-1.5842831134796143
L583D:R585P:N587E:R588D,1.0023163557052612
L583D:R585Q,-0.9517709016799927
L583D:R585Q:N587E,-1.0304951667785645
L583D:R585Q:R588M,1.3263343572616577
L583D:R585Q:R588V,2.2790699005126953
L583D:R585S:R588T,2.3008785247802734
L583D:R585T,-0.674007773399353
L583D:R585T:R588E,1.691123604774475
L583D:R585V,-0.5087031126022339
L583D:R585V:N587D:R588C,0.5661740303039551
L583D:R585V:R588C,0.9651356935501099
L583D:R585V:R588M,1.7694021463394165
L583D:R585Y:R588M,0.5542081594467163
L583D:R588A,0.888515830039978
L583D:R588C,-0.020787835121154785
L583D:R588D,0.7717355489730835
L583D:R588E,0.8705047369003296
L583D:R588F,1.2665737867355347
L583D:R588G,0.18203413486480713
L583D:R588I,1.8701285123825073
L583D:R588T,1.1517728567123413
L583D:R588V,1.7362140417099
L583D:R588W,-1.0866585969924927
L583D:R588Y,0.741308331489563
L583E:N587D,-1.8096898794174194
L583E:N587E,-1.4894524812698364
L583E:N587E:R588S,0.6799720525741577
L583E:N587F,-4.2833967208862305
L583E:N587H,-6.1339006423950195
L583E:N587M,-3.482301950454712
L583E:Q584A:R585Q,-4.318550109863281
L583E:Q584C:R585N:R588F,-2.9003827571868896
L583E:Q584C:R585Q,-5.438929557800293
L583E:Q584C:R585Q:R588A,-3.0557875633239746
L583E:Q584C:R585Q:R588F,-2.677729606628418
L583E:Q584C:R585T,-5.161166667938232
L583E:Q584D:N587M,-4.168339729309082
L583E:Q584D:R585N,-1.7765631675720215
L583E:Q584D:R585T,-1.2761468887329102
L583E:Q584D:R585T:N587E:R588W,-0.9469031095504761
L583E:Q584E,-1.14762282371521
L583E:Q584E:N587D,-1.5465844869613647
L583E:Q584E:R585I,-0.267977237701416
L583E:Q584E:R585S,0.0014827251434326172
L583E:Q584M,-5.972914695739746
L583E:Q584M:N587D,-6.371876239776611
L583E:Q584M:R585G,-2.2915291786193848
L583E:Q584M:R585I:R588W,-4.685300827026367
L583E:Q584M:R585L,-5.065116882324219
L583E:Q584M:R585L:R588A,-2.6819746494293213
L583E:Q584M:R585Q,-5.430058479309082
L583E:Q584M:R585Q:R588A,-3.0469164848327637
L583E:Q584M:R585Q:R588F,-2.668858528137207
L583E:Q584M:R585Q:R588W,-5.022090911865234
L583E:Q584M:R585V,-4.986990928649902
L583E:Q584M:R588A,-3.5897719860076904
L583E:Q584M:R588F,-3.211714029312134
L583E:Q584M:R588M,-3.6948091983795166
L583E:Q584M:R588W,-5.564946174621582
L583E:R585D,-0.02003622055053711
L583E:R585D:N587E,-0.09876048564910889
L583E:R585D:N587E:R588S,2.0706639289855957
L583E:R585F,-1.225085973739624
L583E:R585F:R588A,1.1580564975738525
L583E:R585F:R588G,0.45157480239868164
L583E:R585F:R588V,2.0057547092437744
L583E:R585G:R588I,5.635412216186523
L583E:R585G:R588S,4.440081596374512
L583E:R585H,-2.6073668003082275
L583E:R585H:R588D,-0.3410046100616455
L583E:R585H:R588E,-0.24223542213439941
L583E:R585H:R588F,0.15383362770080566
L583E:R585H:R588I,0.7573883533477783
L583E:R585H:R588L,0.5043199062347412
L583E:R585I,-0.5310826301574707
L583E:R585I:R588A,1.8520598411560059
L583E:R585I:R588E,1.8340487480163574
L583E:R585I:R588F,2.2301177978515625
L583E:R585I:R588G,1.145578145980835
L583E:R585I:R588V,2.6997580528259277
L583E:R585L,-0.5029306411743164
L583E:R585L:N587E,-0.5816549062728882
L583E:R585L:N587E:R588Y,1.654280185699463
L583E:R585L:R588A,1.8802118301391602
L583E:R585L:R588E,1.8622007369995117
L583E:R585L:R588F,2.258269786834717
L583E:R585L:R588G,1.1737301349639893
L583E:R585L:R588H,-0.2153773307800293
L583E:R585L:R588I,2.8618245124816895
L583E:R585L:R588L,2.6087560653686523
L583E:R585L:R588V,2.727910041809082
L583E:R585M:R588W,-1.0671427249908447
L583E:R585N,-1.0905256271362305
L583E:R585N:R588A,1.292616844177246
L583E:R585N:R588E,1.2746057510375977
L583E:R585N:R588F,1.6706748008728027
L583E:R585N:R588G,0.5861351490020752
L583E:R585N:R588H,-0.8029723167419434
L583E:R585N:R588I,2.2742295265197754
L583E:R585N:R588L,2.0211610794067383
L583E:R585N:R588S,1.0788989067077637
L583E:R585N:R588V,2.140315055847168
L583E:R585P,-1.1014230251312256
L583E:R585P:R588E,1.2637083530426025
L583E:R585P:R588S,1.0680015087127686
L583E:R585Q,-0.8678724765777588
L583E:R585Q:N587D,-1.2668341398239136
L583E:R585Q:R588A,1.5152699947357178
L583E:R585Q:R588E,1.4972589015960693
L583E:R585Q:R588F,1.8933279514312744
L583E:R585Q:R588H,-0.5803191661834717
L583E:R585Q:R588I,2.496882677078247
L583E:R585Q:R588L,2.24381422996521
L583E:R585Q:R588M,1.4102327823638916
L583E:R585Q:R588S,1.3015520572662354
L583E:R585Q:R588V,2.3629682064056396
L583E:R585S,-0.26162266731262207
L583E:R585T,-0.5901093482971191
L583E:R585T:R588F,2.171091079711914
L583E:R585V,-0.4248046875
L583E:R585W,-2.9607527256011963
L583E:R585W:N587E,-3.0394768714904785
L583E:R585W:R588L,0.15093398094177246
L583E:R585Y:N587D,-2.0389604568481445
L583E:R585Y:R588C,-0.16615986824035645
L583E:R588A,0.9724142551422119
L583E:R588D,0.8556339740753174
L583E:R588E,0.9544031620025635
L583E:R588F,1.3504722118377686
L583E:R588G,0.265932559967041
L583E:R588H,-1.1231749057769775
L583E:R588I,1.9540269374847412
L583E:R588M,0.8673770427703857
L583E:R588S,0.7586963176727295
L583E:R588V,1.8201124668121338
L583E:R588W,-1.0027601718902588
L583E:R588Y,0.8252067565917969
L583F:N587S,-7.363862991333008
L583F:Q584Y,-9.530049324035645
L583F:R585E,-3.0463743209838867
L583F:R585I,-3.516340970993042
L583F:R585K,-6.6696295738220215
L583F:R585W,-5.946011066436768
L583G:N587E,-4.2946367263793945
L583G:N587E:R588S,-2.1252121925354004
L583G:N587G,-6.584939479827881
L583G:Q584A,-7.666589736938477
L583G:Q584C,-8.786970138549805
L583G:Q584D:R585D:N587E:R588T,-0.9435826539993286
L583G:Q584D:R585G:R588M,1.0575408935546875
L583G:Q584G:R585L:N587F,-9.735772132873535
L583G:Q584L,-7.956406593322754
L583G:Q584L:R585A:N587E:R588A,-4.183757781982422
L583G:Q584L:R585Q:N587E,-7.492275238037109
L583G:R585L:R588W,-2.900146722793579
L583G:R585Q,-3.6730566024780273
L583G:R585S:R588L,0.044879913330078125
L583G:R588I,-0.8511571884155273
L583G:R588M,-1.9378070831298828
L583G:R588T,-1.5695128440856934
L583H:Q584W,-12.203500747680664
L583H:R585E,-4.278247833251953
L583H:R585V,-4.641936302185059
L583I:N587E,-3.5432686805725098
L583I:N587G,-5.833571434020996
L583I:Q584E,-3.2014389038085938
L583I:Q584L,-7.205038070678711
L583I:R585A,-1.9963138103485107
L583I:R585I,-2.5848987102508545
L583I:R585N:R588A,-0.7611992359161377
L583I:R588M,-1.186439037322998
L583I:R588Y,-1.228609323501587
L583K:N587E,-8.079183578491211
L583K:N587W,-13.295156478881836
L583K:Q584L,-11.74095344543457
L583K:R585Y,-8.229730606079102
L583K:R588L,-4.888772964477539
L583N:N587E,-4.542638301849365
L583N:R588A,-2.0807714462280273
L583S:Q584C,-8.738204956054688
L583S:Q584E,-3.9040417671203613
L583S:Q584V,-7.783611297607422
L583S:R588H,-3.879593849182129
L583S:R588I,-0.8023920059204102
L583V:N587D:R588F,-1.5910812616348267
L583V:N587G,-6.322347164154053
L583V:Q584F,-8.848167419433594
L583V:Q584L:R585I,-6.814168453216553
L583V:Q584L:R588H,-7.4062604904174805
L583V:R585P,-3.644014835357666
L583V:R585S:N587D:R588F,-0.44197559356689453
L583V:R585W:R588E,-3.1382131576538086
L583V:R588F,-1.1921195983886719
L583V:R588I,-0.5885648727416992
L583V:R588W,-3.545351982116699
L583W:N587D:R588G,-4.447845935821533
L583W:N587L,-5.560503959655762
L583W:N587V,-7.149127006530762
L583W:Q584C,-10.296602249145508
L583W:Q584C:R588Y,-8.060667037963867
L583W:Q584G,-9.280533790588379
L583W:R585H,-6.922183513641357
L583W:R585N:R588I,-2.0405871868133545
L583W:R585Q,-5.182689189910889
L583W:R585Q:N587Y:R588I,-5.853612422943115
L583W:R585Q:R588L,-2.07100248336792
L583W:R585V,-4.739621162414551
L583W:R588F,-2.9643445014953613
L583W:R588S,-3.5561203956604004
L583Y:Q584C,-9.39818000793457
L583Y:Q584D,-5.513160228729248
L583Y:R585I,-3.947477102279663
L583Y:R585Q,-4.284266948699951
N569A:A572C,-11.41845703125
N569A:N582F:Q584L:R588S,-9.980030059814453
N569A:N582V,-7.830994129180908
N569A:N587F,-10.103723526000977
N569A:Q575C,-9.484890937805176
N569A:Q575W,-13.199739456176758
N569A:R585P,-6.921749591827393
N569A:R585V,-6.245131492614746
N569A:R588S,-5.0616302490234375
N569A:S578V:V579H:R585D:N587Y,-18.89443588256836
N569A:S578Y,-10.218244552612305
N569A:T573A,-11.047228813171387
N569A:T573Y,-12.53730583190918
N569A:T581M,-10.85013484954834
N569A:T581M:R585T,-10.029516220092773
N569A:V571E,-9.319429397583008
N569A:V571F:E574G:N582F:Q584L:R588S,-19.026355743408203
N569A:V571F:N582F:Q584L:R588S,-14.650829315185547
N569A:V571K,-13.569494247436523
N569A:Y576M:V579C:T581D:R585L,-16.111513137817383
N569C:A572H,-14.86143684387207
N569C:A572N,-12.452116012573242
N569C:E574D:T581D:R585F:N587E,-10.221628189086914
N569C:E574G,-11.64577579498291
N569C:L583E,-8.680976867675781
N569C:N582K,-12.91883659362793
N569C:N587G,-9.639276504516602
N569C:N587Y,-11.305927276611328
N569C:R585F,-7.084606647491455
N569C:R585P,-6.960943698883057
N569C:R585V:R588F,-3.523124933242798
N569C:R588Y,-5.034314155578613
N569C:T573L,-11.376486778259277
N569C:V579I,-10.80093765258789
N569C:Y576F,-10.168899536132812
N569C:Y576W,-9.911397933959961
N569D:A572H,-12.625864028930664
N569D:A572S:Y576L,-14.206024169921875
N569D:A572V,-10.1539888381958
N569D:E574F:N582M,-12.347408294677734
N569D:L583W,-10.760221481323242
N569D:Q584D,-5.7207136154174805
N569D:R585D,-3.643984079360962
N569D:S578E,-3.923327922821045
N569D:T581M,-8.653756141662598
N569D:V571H:N587G,-11.831544876098633
N569D:V571L:A572P:Q575C:Q584W,-24.332435607910156
N569D:V579T,-5.420642375946045
N569D:Y576H,-9.34289836883545
N569D:Y576K,-15.152935028076172
N569E:A572K,-15.816633224487305
N569E:A572L,-13.105674743652344
N569E:L583C,-12.31706714630127
N569E:L583Y,-11.971007347106934
N569E:N582V,-7.743824005126953
N569E:N582W,-10.877756118774414
N569E:Q575S,-9.417500495910645
N569E:Q584H,-12.401837348937988
N569E:R585S,-5.994779109954834
N569E:R588A,-4.7607421875
N569E:R588I,-3.7791295051574707
N569E:S578C,-10.284772872924805
N569E:S578V,-10.138912200927734
N569E:V571K:Q575F,-17.26192855834961
N569E:V579D,-12.058767318725586
N569E:Y576K,-17.262144088745117
N569F:A572D:Q575K,-20.836490631103516
N569F:A572V,-13.906471252441406
N569F:A572Y,-15.952384948730469
N569F:E574C,-13.34621810913086
N569F:E574I,-13.869609832763672
N569F:N582G,-11.830182075500488
N569F:N582M,-10.211182594299316
N569F:Q575H,-13.353023529052734
N569F:R585F,-8.601515769958496
N569F:S578I,-12.158843994140625
N569F:T573L,-12.893396377563477
N569F:T573Y,-14.093409538269043
N569F:V579G,-12.739197731018066
N569G:A572F,-15.206972122192383
N569G:A572K,-16.868408203125
N569G:A572Y,-15.36088752746582
N569G:N582D,-9.840012550354004
N569G:N582P,-8.343947410583496
N569G:N587K,-14.418383598327637
N569G:N587V,-9.619242668151855
N569G:R585A,-6.72743034362793
N569G:R585H,-9.39229965209961
N569G:R588A,-5.812518119812012
N569G:S578D,-8.570137977600098
N569G:S578H,-12.703869819641113
N569G:T573V:T581E:R585N,-11.907262802124023
N569G:V579E,-13.422656059265137
N569H:A572D,-13.563958168029785
N569H:A572G,-11.737682342529297
N569H:A572K,-16.199888229370117
N569H:A572R,-16.729936599731445
N569H:E574Y,-13.399985313415527
N569H:N582A,-9.174482345581055
N569H:N582T,-9.64990520477295
N569H:N587M,-9.598712921142578
N569H:Q575D,-11.770408630371094
N569H:Q575H,-12.09300422668457
N569H:R588C,-6.053300857543945
N569H:S578F,-9.492045402526855
N569H:T581E,-7.817910194396973
N569H:V571F,-12.197938919067383
N569I:A572V,-12.649702072143555
N569I:E574A,-11.625065803527832
N569I:E574V:N582M:L583W:N587K,-25.428173065185547
N569I:L583M,-11.836519241333008
N569I:N582F,-8.708293914794922
N569I:N587K,-13.753111839294434
N569I:S578H,-12.03859806060791
N569I:S578Y,-10.517579078674316
N569I:T573G,-11.459230422973633
N569I:T573Y,-12.836640357971191
N569I:V579Y,-12.722993850708008
N569K:E574N,-12.859639167785645
N569K:L583H,-14.604832649230957
N569K:N582I,-9.425045013427734
N569K:N582L,-9.037847518920898
N569K:N587D,-9.375934600830078
N569K:Q575A,-11.098888397216797
N569K:Q575K:Y576K:V579K:N587Y,-37.35308074951172
N569K:Q575N:N582R,-17.743322372436523
N569K:Q575P,-12.0838623046875
N569K:Q575V,-11.743072509765625
N569K:Q584C,-13.548029899597168
N569K:R585S,-7.827867031097412
N569K:R585T,-8.156353950500488
N569K:R588L,-5.865285873413086
N569K:R588Y,-6.741037368774414
N569K:T573A,-12.793147087097168
N569K:T581G,-12.487506866455078
N569K:T581I,-12.622587203979492
N569K:V571W:N582Y:Q584C:R585Y:R588V,-19.86663055419922
N569K:V579Y,-14.169577598571777
N569K:Y576E,-17.441200256347656
N569L:L583C,-12.914955139160156
N569L:N582A,-9.389116287231445
N569L:N587F,-10.61444091796875
N569L:N587Y,-11.777450561523438
N569L:Q575W,-13.710457801818848
N569L:Q584E,-7.478667259216309
N569L:Q584E:N587Y,-11.514345169067383
N569L:R585H,-8.938411712646484
N569L:R585Y,-7.971043109893799
N569L:S578M,-11.842934608459473
N569L:S578R,-15.14329719543457
N569L:T573F:R585D:N587K:R588G,-15.965109825134277
N569L:T573V,-11.482806205749512
N569L:T581E,-8.032543182373047
N569L:V571C,-10.99631404876709
N569L:V579F:T581D:R588Y,-10.317747116088867
N569M:E574D,-11.40554428100586
N569M:N582M,-9.857120513916016
N569M:N587W,-13.727792739868164
N569M:Q575P,-11.539985656738281
N569M:Q584G,-11.98808479309082
N569M:Q584H,-13.691048622131348
N569M:R585A,-6.964865684509277
N569M:R588S,-6.263671398162842
N569M:T581A,-11.514606475830078
N569M:T581V:R585T,-11.098749160766602
N569M:T581W,-14.7324800491333
N569M:V571L,-11.61049747467041
N569M:Y576G,-15.502683639526367
N569M:Y576H,-12.741317749023438
N569P:A572G,-14.429882049560547
N569P:A572I,-16.052703857421875
N569P:E574A,-14.314016342163086
N569P:L583N,-14.683253288269043
N569P:N582F,-11.397244453430176
N569P:N587C,-14.006574630737305
N569P:Q575H,-14.78520393371582
N569P:Q575W,-16.188024520874023
N569P:Q584M,-14.781525611877441
N569P:R585K,-12.492982864379883
N569P:R588F,-7.458138942718506
N569P:V579H,-16.242706298828125
N569P:Y576G,-17.28892707824707
N569P:Y576K,-20.33759880065918
N569Q:A572C,-11.664427757263184
N569Q:A572K:R585W:R588D,-15.433435440063477
N569Q:A572V,-12.596338272094727
N569Q:A572Y,-14.642251968383789
N569Q:E574V:L583F:R588E,-14.03337287902832
N569Q:L583G,-11.692937850952148
N569Q:L583N,-11.940938949584961
N569Q:N582C,-10.234731674194336
N569Q:N582F,-8.654930114746094
N569Q:N587A,-9.92341136932373
N569Q:N587V,-8.900607109069824
N569Q:Q575E,-11.57413101196289
N569Q:Q575T:L583H:R588C,-14.438626289367676
N569Q:R585C,-7.28600549697876
N569Q:R585I,-6.597379684448242
N569Q:R585K,-9.750667572021484
N569Q:R588A,-5.0938825607299805
N569Q:S578D,-7.851502418518066
N569Q:V579C,-9.966164588928223
N569Q:V579E,-12.704020500183105
N569S:E574V,-10.469670295715332
N569S:N587F,-8.81684684753418
N569S:Q584A,-9.394855499267578
N569S:R585A,-4.475947380065918
N569S:S578L:V579E,-14.418844223022461
N569S:T581A,-9.025688171386719
N569S:T581H,-10.529090881347656
N569S:V571S,-7.8046345710754395
N569S:V579E,-11.171173095703125
N569S:Y576H,-10.252400398254395
N569T:A572M,-12.694351196289062
N569T:E574C,-10.926742553710938
N569T:N582W,-10.101553916931152
N569T:N587G,-8.736709594726562
N569T:Q575H,-10.933547973632812
N569T:Q575V,-9.133783340454102
N569T:R585M,-6.432065010070801
N569T:S578D,-6.742159843444824
N569T:T573L:T581S:N582Q:Q584M,-17.727436065673828
N569T:T573M,-11.1798734664917
N569T:T581F,-10.952627182006836
N569T:T581L,-10.120704650878906
N569T:V571A:N582C:R588C,-10.723628044128418
N569T:V571F,-11.038482666015625
N569T:V571L,-9.545083999633789
N569T:V579R,-15.090076446533203
N569T:V579Y,-11.560287475585938
N569V:A572P:E574D,-17.587646484375
N569V:E574I:Y576M,-19.620037078857422
N569V:L583M,-11.630447387695312
N569V:N582L,-7.385190963745117
N569V:N587D,-7.723278045654297
N569V:Q575M,-10.945074081420898
N569V:R585Y,-7.553586959838867
N569V:S578K,-14.129034042358398
N569V:T573E,-12.345878601074219
N569V:T581M,-10.94339656829834
N569V:V571F:R585I,-11.115470886230469
N569V:V571P,-13.513090133666992
N569V:V579I,-10.855005264282227
N569V:V579I:R585N,-10.534802436828613
N569V:Y576F,-10.222967147827148
N569W:N582P,-10.846261978149414
N569W:Q575S:L583G,-17.187503814697266
N569W:Q584M,-15.260161399841309
N569W:R585H,-11.894613265991211
N569W:S578Y,-13.685165405273438
N569W:T581L,-14.450996398925781
N569W:T581P,-14.289531707763672
N569W:T581V,-14.184246063232422
N569W:V571A:Q575A:L583S:Q584H:R588S,-23.14764404296875
N569W:V571R,-17.72442626953125
N569W:V571R:Q584E,-17.461320877075195
N569W:Y576W,-13.33912467956543
N569W:Y576W:V579R,-22.0615177154541
N569Y:A572N:V579Y,-18.559791564941406
N569Y:A572W:R588Y,-15.322643280029297
N569Y:E574I,-13.267770767211914
N569Y:N582W,-11.919191360473633
N569Y:N587E,-8.264043807983398
N569Y:Q575D,-12.4285888671875
N569Y:R585F,-7.999677658081055
N569Y:R585G,-4.503934860229492
N569Y:S578G,-10.54238224029541
N569Y:T581P,-11.776876449584961
N569Y:V571K:T581K,-21.20370101928711
N569Y:V571L:Y576M:N587H,-23.299163818359375
N569Y:V571S,-10.0457763671875
N569Y:Y576K,-18.303579330444336
N582A:L583D,-3.141969680786133
N582A:L583D:N587E,-3.220694065093994
N582A:L583D:Q584D:R585V,-2.842083692550659
N582A:L583D:Q584F,-8.036816596984863
N582A:L583D:Q584F:R585L,-7.129018783569336
N582A:L583D:Q584F:R585L:N587L:R588M,-4.685873031616211
N582A:L583D:Q584F:R585L:R588M,-4.850914001464844
N582A:L583D:Q584L:N587E:R588A,-4.57804536819458
N582A:L583D:Q584L:R585T:N587E:R588A,-3.7574267387390137
N582A:L583D:R585I:R588I,1.102431297302246
N582A:L583D:R585M:R588D,-0.9399900436401367
N582A:L583D:R585N:R588F,-0.06056666374206543
N582A:L583E,-3.0580713748931885
N582A:L583E:Q584E,-2.794965982437134
N582A:L583E:Q584E:R585V:N587D:R588Y,0.02793097496032715
N582A:L583E:Q584E:R585V:R588Y,0.4268925189971924
N582A:L583E:Q584E:R588Y,-0.5590310096740723
N582A:L583E:R585V:R588C,-0.5983090400695801
N582A:L583E:R585W:R588E,-2.242964506149292
N582A:L583E:R588H,-2.7705180644989014
N582A:N587D,-2.046304702758789
N582A:N587E,-1.7260674238204956
N582A:N587K,-7.870066165924072
N582A:Q584A,-5.098020553588867
N582A:Q584C,-6.218400478363037
N582A:Q584E,-1.3842377662658691
N582A:Q584E:N587E,-1.462962031364441
N582A:Q584E:R585Q:N587E,-0.9201062917709351
N582A:Q584E:R585Q:N587E:R588H,-0.632552981376648
N582A:Q584F,-6.542190074920654
N582A:Q584F:R585F:N587E:R588F,-3.674071788787842
N582A:Q584F:R585Q,-5.999334335327148
N582A:Q584F:R585Q:R588V,-2.76849365234375
N582A:R585C:N587E,-1.5350478887557983
N582A:R585E,-0.2977309226989746
N582A:R585G,2.0340421199798584
N582A:R585H,-2.8439817428588867
N582A:R585I,-0.7676975727081299
N582A:R585I:R588V,2.4631431102752686
N582A:R585N:R588D,0.9392216205596924
N582A:R585Q,-1.104487419128418
N582A:R585S:R588A,1.8849048614501953
N582A:R585V,-0.6614196300506592
N582A:R585V:N587E:R588L,2.3715426921844482
N582A:R585V:R588A,1.7217228412628174
N582A:R585W,-3.1973676681518555
N582A:R585W:R588E,-0.8322362899780273
N582A:R585Y:N587E:R588C,-0.4814990758895874
N582A:R585Y:R588Y,0.35932135581970215
N582A:R588E,0.7177882194519043
N582A:R588F,1.1138572692871094
N582A:R588I,1.717411994934082
N582A:R588M,0.6307621002197266
N582A:R588S,0.5220813751220703
N582A:R588T,0.999056339263916
N582A:R588V,1.5834975242614746
N582C:L583D,-4.252333641052246
N582C:L583D:Q584E,-3.9892282485961914
N582C:L583D:R585H,-5.448972225189209
N582C:L583D:R588S,-2.082909107208252
N582C:L583E:Q584D:R585D:N587D:R588Y,-1.626807451248169
N582C:L583E:Q584E:R585A:N587E:R588V,0.7150173187255859
N582C:L583E:R585N,-3.8482325077056885
N582C:L583E:R588L,-1.056748390197754
N582C:L583G,-6.97361946105957
N582C:L583G:Q584D:R585G,-3.978271722793579
N582C:L583G:R585T:R588F,-3.3918001651763916
N582C:L583M,-7.063838005065918
N582C:Q584C,-7.328763961791992
N582C:Q584C:R588G,-5.652103424072266
N582C:Q584D:N587D:R588D,-1.5763438940048218
N582C:Q584D:R585E:N587D:R588A,-0.10995137691497803
N582C:Q584E:R585A:N587E:R588V,2.1257452964782715
N582C:Q584L:N587E:R588M,-4.2988200187683105
N582C:R585A:N587E:R588V,1.8626399040222168
N582C:R585H,-3.954345464706421
N582C:R585H:R588S,-1.7849209308624268
N582C:R585I,-1.878061294555664
N582C:R585N:R588A,-0.054361820220947266
N582C:R585V,-1.7717833518981934
N582C:R585V:R588D,0.49457883834838867
N582C:R585W:R588M,-2.0296261310577393
N582C:R585Y:R588F,-0.22577691078186035
N582C:R588A,-0.37456440925598145
N582C:R588D,-0.491344690322876
N582C:R588G,-1.0810461044311523
N582C:R588I,0.6070482730865479
N582C:R588S,-0.5882823467254639
N582C:R588W,-2.349738836288452
N582C:R588Y,-0.5217719078063965
N582D:L583D,-3.1389784812927246
N582D:L583D:N587E,-3.217702627182007
N582D:L583D:N587E:R588F,-0.45650243759155273
N582D:L583D:Q584C:R585H,-8.9066743850708
N582D:L583D:Q584C:R585M,-7.774418354034424
N582D:L583D:Q584D:N587E,-3.903740406036377
N582D:L583D:Q584D:R585D:N587E:R588C,-1.0392093658447266
N582D:L583D:Q584D:R585E:R588V,0.7554370164871216
N582D:L583D:Q584D:R585W:R588V,-2.144199848175049
N582D:L583D:Q584E,-2.87587308883667
N582D:L583D:Q584E:N587E,-2.9545974731445312
N582D:L583D:Q584E:N587E:R588M,-0.6764919757843018
N582D:L583D:Q584E:R585A:R588E,0.9574888944625854
N582D:L583D:Q584E:R585A:R588M,0.8704627752304077
N582D:L583D:Q584E:R585D:R588G,0.19147980213165283
N582D:L583D:Q584E:R585G:N587E,0.7267880439758301
N582D:L583D:Q584E:R585I:R588W,-1.5882594585418701
N582D:L583D:Q584E:R585L:R588S,0.201349139213562
N582D:L583D:Q584E:R585P,-2.566567897796631
N582D:L583D:Q584E:R585P:R588V,0.6642729043960571
N582D:L583D:Q584E:R585V,-1.8899495601654053
N582D:L583D:Q584E:R585V:R588D,0.3764127492904663
N582D:L583D:Q584E:R585Y:R588F,-0.3439429998397827
N582D:L583D:Q584E:R585Y:R588L,0.006543278694152832
N582D:L583D:Q584E:R588F,-0.11467266082763672
N582D:L583D:Q584L:R585Q:N587E:R588E,-4.0502095222473145
N582D:L583D:Q584Y:R585G:N587G:R588D,-4.6943206787109375
N582D:L583D:R585D:N587E:R588W,-1.419042706489563
N582D:L583D:R585E:N587E,-1.8680905103683472
N582D:L583D:R585G:N587E:R588I,3.8284378051757812
N582D:L583D:R585I:N587E:R588L,0.7736296653747559
N582D:L583D:R585L:N587E,-2.3099050521850586
N582D:L583D:R585L:N587E:R588E,0.05522632598876953
N582D:L583D:R585N,-2.8187756538391113
N582D:L583D:R585N:N587E:R588M,-0.6193947792053223
N582D:L583D:R585Q:N587E,-2.67484712600708
N582D:L583D:R585Y,-3.36824893951416
N582D:L583D:R588F,-0.37777793407440186
N582D:L583D:R588G,-1.4623175859451294
N582D:L583E,-3.055079936981201
N582D:L583E:N587E:R588M,-0.8556990623474121
N582D:L583E:N587E:R588W,-2.7258362770080566
N582D:L583E:Q584C,-7.626137733459473
N582D:L583E:R585H:N587E,-4.330442905426025
N582D:L583E:R585M:R588A,-0.7363200187683105
N582D:L583E:R585N,-2.734877347946167
N582D:L583E:R585N:N587E:R588F,-0.052401185035705566
N582D:L583E:R585Q:R588G,-0.8355634212493896
N582D:L583E:R585S:R588E,0.45915699005126953
N582D:L583E:R588F,-0.29387950897216797
N582D:L583G:Q584D,-6.54630184173584
N582D:L583H,-7.272212028503418
N582D:L583W,-7.36989688873291
N582D:L583W:R585A,-5.901666164398193
N582D:N587D,-2.043313503265381
N582D:N587D:R588L,1.0683733224868774
N582D:N587E,-1.7230759859085083
N582D:N587E:R588A,0.6600664854049683
N582D:N587E:R588F,1.038124442100525
N582D:N587E:R588L,1.3886107206344604
N582D:N587E:R588M,0.5550292730331421
N582D:N587E:R588T,0.9233235120773315
N582D:N587E:R588V,1.5077646970748901
N582D:N587E:R588W,-1.3151079416275024
N582D:N587E:R588Y,0.5128589868545532
N582D:Q584C,-6.215409278869629
N582D:Q584C:R585A:R588E,-2.382047414779663
N582D:Q584C:R585H,-7.412047386169434
N582D:Q584C:R585H:R588A,-5.028905391693115
N582D:Q584C:R585L:R588D,-3.0412495136260986
N582D:Q584C:R585M,-6.279791831970215
N582D:Q584C:R585M:R588E,-3.9146604537963867
N582D:Q584C:R585M:R588I,-2.915036678314209
N582D:Q584C:R585M:R588Y,-4.043856620788574
N582D:Q584C:R585N:R588F,-3.1340062618255615
N582D:Q584C:R585Q:R588H,-5.385000228881836
N582D:Q584C:R585T:R588M,-3.116685152053833
N582D:Q584C:R585T:R588Y,-3.158855438232422
N582D:Q584C:R585V,-5.229485511779785
N582D:Q584C:R588E,-3.8502776622772217
N582D:Q584C:R588L,-3.103722333908081
N582D:Q584D,-2.3303892612457275
N582D:Q584D:R585E:R588I,2.3839781284332275
N582D:Q584D:R585N,-2.0101866722106934
N582D:Q584D:R585P,-2.0210840702056885
N582D:Q584D:R585P:N587E,-2.0998082160949707
N582D:Q584D:R585Q,-1.7875335216522217
N582D:Q584D:R585T:R588C,-0.03593158721923828
N582D:Q584D:R585Y:N587E:R588A,-0.2552415132522583
N582D:Q584D:R585Y:R588A,-0.17651724815368652
N582D:Q584D:R588A,0.05275321006774902
N582D:Q584E,-1.3812463283538818
N582D:Q584E:N587E,-1.4599705934524536
N582D:Q584E:N587E:R588D,0.8063914775848389
N582D:Q584E:N587E:R588E,0.905160665512085
N582D:Q584E:N587E:R588G,0.21669018268585205
N582D:Q584E:N587E:R588L,1.6517159938812256
N582D:Q584E:N587E:R588S,0.709453821182251
N582D:Q584E:N587E:R588W,-1.0520025491714478
N582D:Q584E:R585A:N587E:R588D,2.2746219635009766
N582D:Q584E:R585A:N587E:R588E,2.3733911514282227
N582D:Q584E:R585A:N587E:R588T,2.6546592712402344
N582D:Q584E:R585A:R588M,2.3650894165039062
N582D:Q584E:R585D,0.009445667266845703
N582D:Q584E:R585D:N587E:R588F,2.6919217109680176
N582D:Q584E:R585D:N587E:R588H,0.21827471256256104
N582D:Q584E:R585D:N587E:R588L,3.042407989501953
N582D:Q584E:R585D:R588A,2.3925881385803223
N582D:Q584E:R585D:R588C,1.4832844734191895
N582D:Q584E:R585D:R588D,2.2758078575134277
N582D:Q584E:R585D:R588E,2.374577045440674
N582D:Q584E:R585D:R588F,2.770646333694458
N582D:Q584E:R585D:R588S,2.17887020111084
N582D:Q584E:R585D:R588T,2.6558449268341064
N582D:Q584E:R585D:R588V,3.240286111831665
N582D:Q584E:R585D:R588W,0.41741371154785156
N582D:Q584E:R585E,-0.03163409233093262
N582D:Q584E:R585E:R588G,1.645026683807373
N582D:Q584E:R585E:R588S,2.1377904415130615
N582D:Q584E:R585G:N587E:R588T,4.867814064025879
N582D:Q584E:R585H,-2.5778849124908447
N582D:Q584E:R585H:N587E,-2.656609058380127
N582D:Q584E:R585H:N587E:R588C,-1.1827703714370728
N582D:Q584E:R585H:N587E:R588F,0.1045912504196167
N582D:Q584E:R585I,-0.5016007423400879
N582D:Q584E:R585I:N587E:R588A,1.802817463874817
N582D:Q584E:R585I:N587E:R588F,2.180875301361084
N582D:Q584E:R585I:N587E:R588V,2.650515556335449
N582D:Q584E:R585I:R588C,0.9722380638122559
N582D:Q584E:R585I:R588E,1.8635306358337402
N582D:Q584E:R585I:R588M,1.7765045166015625
N582D:Q584E:R585I:R588S,1.6678237915039062
N582D:Q584E:R585L,-0.4734487533569336
N582D:Q584E:R585L:R588C,1.0003900527954102
N582D:Q584E:R585L:R588E,1.8916826248168945
N582D:Q584E:R585L:R588F,2.2877516746520996
N582D:Q584E:R585L:R588S,1.6959757804870605
N582D:Q584E:R585L:R588V,2.757392168045044
N582D:Q584E:R585M:N587E:R588G,0.1523076295852661
N582D:Q584E:R585M:N587E:R588I,1.8404020071029663
N582D:Q584E:R585N:N587E:R588F,1.6214324235916138
N582D:Q584E:R585N:N587E:R588W,-0.7317999601364136
N582D:Q584E:R585N:R588C,0.4127950668334961
N582D:Q584E:R585N:R588D,1.2053184509277344
N582D:Q584E:R585N:R588F,1.7001566886901855
N582D:Q584E:R585P,-1.0719411373138428
N582D:Q584E:R585P:R588G,0.6047196388244629
N582D:Q584E:R585P:R588V,2.1588995456695557
N582D:Q584E:R585P:R588W,-0.6639730930328369
N582D:Q584E:R585Q,-0.838390588760376
N582D:Q584E:R585Q:N587E,-0.9171148538589478
N582D:Q584E:R585Q:N587E:R588F,1.8440855741500854
N582D:Q584E:R585Q:R588S,1.3310339450836182
N582D:Q584E:R585T,-0.5606274604797363
N582D:Q584E:R585T:N587E,-0.6393517255783081
N582D:Q584E:R585T:R588I,2.8041279315948486
N582D:Q584E:R585V,-0.3953227996826172
N582D:Q584E:R585V:N587E:R588A,1.9090954065322876
N582D:Q584E:R585V:N587E:R588F,2.2871532440185547
N582D:Q584E:R585V:R588C,1.0785160064697266
N582D:Q584E:R585V:R588D,1.8710393905639648
N582D:Q584E:R585V:R588E,1.969808578491211
N582D:Q584E:R585V:R588F,2.365877628326416
N582D:Q584E:R585V:R588L,2.7163641452789307
N582D:Q584E:R585V:R588M,1.8827824592590332
N582D:Q584E:R585V:R588V,2.8355181217193604
N582D:Q584E:R585V:R588W,0.012645244598388672
N582D:Q584E:R585W:N587E:R588G,-1.3333343267440796
N582D:Q584E:R585W:N587E:R588L,0.1016916036605835
N582D:Q584E:R585W:N587E:R588V,0.22084558010101318
N582D:Q584E:R585Y,-1.6105167865753174
N582D:Q584E:R585Y:N587E:R588I,1.6755141019821167
N582D:Q584E:R585Y:N587E:R588Y,0.5466939210891724
N582D:Q584E:R585Y:R588T,1.0358827114105225
N582D:Q584E:R585Y:R588Y,0.6254181861877441
N582D:Q584E:R588D,0.8851158618927002
N582D:Q584E:R588E,0.9838850498199463
N582D:Q584E:R588F,1.3799540996551514
N582D:Q584E:R588G,0.29541444778442383
N582D:Q584E:R588I,1.983508825302124
N582D:Q584E:R588V,1.8495943546295166
N582D:Q584E:R588W,-0.973278284072876
N582D:Q584K,-8.239645957946777
N582D:Q584Y:R588A,-4.395272254943848
N582D:R585A,-0.17612123489379883
N582D:R585A:R588A,2.2070212364196777
N582D:R585A:R588C,1.297717571258545
N582D:R585A:R588D,2.090240955352783
N582D:R585A:R588E,2.1890101432800293
N582D:R585A:R588F,2.5850791931152344
N582D:R585A:R588H,0.11143207550048828
N582D:R585A:R588I,3.188633918762207
N582D:R585A:R588L,2.93556547164917
N582D:R585A:R588M,2.1019840240478516
N582D:R585A:R588V,3.0547194480895996
N582D:R585C:R588F,1.307868242263794
N582D:R585D,-0.253659725189209
N582D:R585D:N587E,-0.33238399028778076
N582D:R585D:N587E:R588D,1.9339780807495117
N582D:R585D:N587E:R588T,2.3140153884887695
N582D:R585D:N587E:R588Y,1.9035511016845703
N582D:R585D:R588D,2.012702465057373
N582D:R585D:R588E,2.111471652984619
N582D:R585E:R588C,1.1790993213653564
N582D:R585E:R588F,2.466460943222046
N582D:R585F,-1.458709478378296
N582D:R585F:N587E:R588F,1.223766565322876
N582D:R585F:N587E:R588S,0.6319906711578369
N582D:R585F:R588V,1.7721312046051025
N582D:R585G,2.0370335578918457
N582D:R585G:N587D,1.6380717754364014
N582D:R585G:R588A,4.420176029205322
N582D:R585G:R588D,4.303395748138428
N582D:R585G:R588I,5.401788711547852
N582D:R585G:R588L,5.1487202644348145
N582D:R585G:R588S,4.20645809173584
N582D:R585G:R588T,4.6834330558776855
N582D:R585G:R588W,2.4450016021728516
N582D:R585H,-2.8409903049468994
N582D:R585H:N587E,-2.9197144508361816
N582D:R585H:N587E:R588A,-0.5365722179412842
N582D:R585H:N587E:R588E,-0.5545833110809326
N582D:R585H:N587E:R588M,-0.6416094303131104
N582D:R585H:R588A,-0.45784783363342285
N582D:R585H:R588D,-0.5746281147003174
N582D:R585H:R588F,-0.07978987693786621
N582D:R585H:R588I,0.5237648487091064
N582D:R585H:R588L,0.27069640159606934
N582D:R585H:R588S,-0.6715657711029053
N582D:R585H:R588V,0.389850378036499
N582D:R585H:R588W,-2.4330222606658936
N582D:R585I,-0.7647061347961426
N582D:R585I:N587E,-0.8434303998947144
N582D:R585I:N587E:R588F,1.9177699089050293
N582D:R585I:N587E:R588G,0.8332303762435913
N582D:R585I:N587E:R588I,2.521324634552002
N582D:R585I:N587E:R588M,1.4346747398376465
N582D:R585I:N587E:R588S,1.3259940147399902
N582D:R585I:N587E:R588T,1.802968978881836
N582D:R585I:R588E,1.6004252433776855
N582D:R585I:R588F,1.9964942932128906
N582D:R585I:R588M,1.5133991241455078
N582D:R585L,-0.7365541458129883
N582D:R585L:N587E,-0.8152784109115601
N582D:R585L:N587E:R588C,0.6585603952407837
N582D:R585L:N587E:R588I,2.5494766235351562
N582D:R585L:R588L,2.3751325607299805
N582D:R585L:R588M,1.541551113128662
N582D:R585L:R588S,1.4328703880310059
N582D:R585L:R588T,1.9098453521728516
N582D:R585L:R588V,2.49428653717041
N582D:R585M,-1.7087342739105225
N582D:R585M:N587E:R588M,0.4906466007232666
N582D:R585M:R588C,-0.2348954677581787
N582D:R585M:R588D,0.5576279163360596
N582D:R585M:R588E,0.6563971042633057
N582D:R585M:R588M,0.5693709850311279
N582D:R585M:R588T,0.9376652240753174
N582D:R585N,-1.3241491317749023
N582D:R585N:N587E,-1.4028733968734741
N582D:R585N:N587E:R588H,-1.115320086479187
N582D:R585N:N587E:R588S,0.7665510177612305
N582D:R585N:R588A,1.0589933395385742
N582D:R585N:R588C,0.1496896743774414
N582D:R585N:R588D,0.9422130584716797
N582D:R585N:R588E,1.0409822463989258
N582D:R585N:R588I,2.0406060218811035
N582D:R585N:R588L,1.7875375747680664
N582D:R585N:R588M,0.953956127166748
N582D:R585N:R588S,0.8452754020690918
N582D:R585N:R588T,1.3222503662109375
N582D:R585N:R588V,1.906691551208496
N582D:R585N:R588Y,0.9117858409881592
N582D:R585P,-1.3350465297698975
N582D:R585P:R588H,-1.0474932193756104
N582D:R585P:R588I,2.0297086238861084
N582D:R585P:R588T,1.3113529682159424
N582D:R585P:R588V,1.895794153213501
N582D:R585P:R588Y,0.9008884429931641
N582D:R585Q,-1.1014959812164307
N582D:R585Q:N587D,-1.500457763671875
N582D:R585Q:N587D:R588M,0.7776476144790649
N582D:R585Q:N587E,-1.1802202463150024
N582D:R585Q:N587E:R588A,1.2029221057891846
N582D:R585Q:N587E:R588D,1.08614182472229
N582D:R585Q:N587E:R588F,1.5809800624847412
N582D:R585Q:N587E:R588I,2.184534788131714
N582D:R585Q:N587E:R588L,1.9314663410186768
N582D:R585Q:N587E:R588M,1.0978848934173584
N582D:R585Q:N587E:R588T,1.4661791324615479
N582D:R585Q:R588A,1.281646490097046
N582D:R585Q:R588C,0.3723428249359131
N582D:R585Q:R588D,1.1648662090301514
N582D:R585Q:R588F,1.6597044467926025
N582D:R585Q:R588H,-0.8139426708221436
N582D:R585Q:R588I,2.263259172439575
N582D:R585Q:R588L,2.010190725326538
N582D:R585Q:R588M,1.1766092777252197
N582D:R585Q:R588S,1.0679285526275635
N582D:R585Q:R588V,2.1293447017669678
N582D:R585Q:R588Y,1.1344389915466309
N582D:R585S,-0.49524617195129395
N582D:R585S:N587E,-0.5739704370498657
N582D:R585S:N587L:R588L,2.7814815044403076
N582D:R585S:R588D,1.771116018295288
N582D:R585S:R588E,1.8698852062225342
N582D:R585S:R588F,2.2659542560577393
N582D:R585S:R588H,-0.20769286155700684
N582D:R585S:R588I,2.869508981704712
N582D:R585S:R588L,2.616440534591675
N582D:R585S:R588S,1.6741783618927002
N582D:R585S:R588Y,1.7406888008117676
N582D:R585T,-0.823732852935791
N582D:R585T:N587E:R588C,0.571381688117981
N582D:R585T:N587E:R588I,2.4622979164123535
N582D:R585T:R588A,1.5594096183776855
N582D:R585T:R588D,1.442629337310791
N582D:R585T:R588E,1.541398525238037
N582D:R585T:R588F,1.9374675750732422
N582D:R585T:R588H,-0.5361795425415039
N582D:R585T:R588M,1.4543724060058594
N582D:R585T:R588V,2.4071078300476074
N582D:R585T:R588W,-0.41576480865478516
N582D:R585V,-0.6584281921386719
N582D:R585V:N587D,-1.0573899745941162
N582D:R585V:N587D:R588S,1.1120346784591675
N582D:R585V:N587E,-0.7371524572372437
N582D:R585V:N587E:R588A,1.6459898948669434
N582D:R585V:N587E:R588D,1.5292096138000488
N582D:R585V:N587E:R588F,2.0240478515625
N582D:R585V:N587E:R588I,2.6276025772094727
N582D:R585V:N587E:R588L,2.3745341300964355
N582D:R585V:N587E:R588M,1.5409526824951172
N582D:R585V:N587E:R588W,-0.3291844129562378
N582D:R585V:R588A,1.7247142791748047
N582D:R585V:R588C,0.8154106140136719
N582D:R585V:R588D,1.6079339981079102
N582D:R585V:R588F,2.1027722358703613
N582D:R585V:R588H,-0.37087488174438477
N582D:R585V:R588L,2.453258514404297
N582D:R585V:R588M,1.6196770668029785
N582D:R585V:R588S,1.5109963417053223
N582D:R585V:R588V,2.5724124908447266
N582D:R585W:N587D,-3.5933380126953125
N582D:R585W:N587E,-3.2731003761291504
N582D:R585Y,-1.873622179031372
N582D:R585Y:N587E,-1.9523464441299438
N582D:R585Y:N587E:R588F,0.8088538646697998
N582D:R585Y:N587E:R588I,1.4124085903167725
N582D:R585Y:N587E:R588T,0.6940529346466064
N582D:R585Y:R588C,-0.3997833728790283
N582D:R585Y:R588D,0.39274001121520996
N582D:R585Y:R588E,0.49150919914245605
N582D:R585Y:R588L,1.2380645275115967
N582D:R585Y:R588S,0.29580235481262207
N582D:R585Y:R588V,1.3572185039520264
N582D:R588A,0.73879075050354
N582D:R588C,-0.17051291465759277
N582D:R588D,0.6220104694366455
N582D:R588E,0.7207796573638916
N582D:R588F,1.1168487071990967
N582D:R588H,-1.3567984104156494
N582D:R588I,1.7204034328460693
N582D:R588L,1.4673349857330322
N582D:R588M,0.6337535381317139
N582D:R588S,0.5250728130340576
N582D:R588T,1.0020477771759033
N582D:R588V,1.586488962173462
N582D:R588W,-1.2363836765289307
N582D:R588Y,0.591583251953125
N582E:L583D,-1.3820322751998901
N582E:L583D:N587E:R588D,0.8056055307388306
N582E:L583D:N587E:R588Y,0.7751785516738892
N582E:L583D:Q584C,-5.953089237213135
N582E:L583D:Q584C:R588H,-5.665536403656006
N582E:L583D:Q584D,-2.0680699348449707
N582E:L583D:Q584D:R585E:R588F,2.0427427291870117
N582E:L583D:Q584D:R585L:R588V,2.070568561553955
N582E:L583D:Q584D:R585P:N587E:R588S,0.3319356441497803
N582E:L583D:Q584E,-1.1189268827438354
N582E:L583D:Q584E:R585A:R588F,3.110504150390625
N582E:L583D:Q584E:R585E:R588V,3.4615259170532227
N582E:L583D:Q584E:R585I:R588G,1.4373794794082642
N582E:L583D:Q584E:R585L,-0.2111293077468872
N582E:L583D:Q584E:R585T,-0.29830801486968994
N582E:L583D:Q584E:R585V,-0.1330033540725708
N582E:L583D:Q584E:R585V:R588C,1.340835452079773
N582E:L583D:Q584E:R585V:R588D,2.133358955383301
N582E:L583D:Q584E:R585V:R588W,0.27496469020843506
N582E:L583D:Q584E:R588G,0.5577338933944702
N582E:L583D:Q584E:R588L,1.9927598237991333
N582E:L583D:Q584E:R588Y,1.117008090019226
N582E:L583D:R585A:R588F,2.8473987579345703
N582E:L583D:R585D:N587E,-0.07006454467773438
N582E:L583D:R585E,-0.03242003917694092
N582E:L583D:R585E:N587E:R588E,2.2539870738983154
N582E:L583D:R585E:R588S,2.1370043754577637
N582E:L583D:R585E:R588V,3.198420524597168
N582E:L583D:R585N:R588V,2.169011116027832
N582E:L583D:R585Q:N587D:R588C,0.2357006072998047
N582E:L583D:R585Y:N587D:R588T,0.6361351013183594
N582E:L583D:R588D,0.8843299150466919
N582E:L583D:R588G,0.2946285009384155
N582E:L583D:R588Y,0.8539026975631714
N582E:L583E:N587E:R588L,1.7348284721374512
N582E:L583E:Q584D,-1.9841713905334473
N582E:L583E:Q584E,-1.0350284576416016
N582E:L583E:Q584E:R585H:N587D:R588H,-2.3430752754211426
N582E:L583E:Q584E:R585I,-0.15538287162780762
N582E:L583E:Q584E:R585I:R588Y,2.080552101135254
N582E:L583E:Q584E:R585T:R588Y,2.0215253829956055
N582E:L583E:R585G:R588V,5.614091873168945
N582E:L583E:R585H:N587E:R588E,-0.2083653211593628
N582E:L583E:R588E,1.0669975280761719
N582E:L583F:Q584Y:R585Q:R588F,-6.113398551940918
N582E:L583G:R585T:R588L,-0.17101263999938965
N582E:L583G:R588M,-1.8252127170562744
N582E:L583K:Q584Y,-13.021927833557129
N582E:N587A,-2.333791971206665
N582E:N587D,-0.2863672971725464
N582E:N587D:R588C,1.1874715089797974
N582E:N587D:R588V,2.9444732666015625
N582E:N587D:R588Y,1.9495676755905151
N582E:N587E,0.03387010097503662
N582E:N587E:R588C,1.5077089071273804
N582E:N587E:R588D,2.300232410430908
N582E:N587E:R588E,2.3990015983581543
N582E:N587E:R588F,2.7950706481933594
N582E:N587E:R588S,2.2032947540283203
N582E:N587E:R588W,0.4418381452560425
N582E:Q584C,-4.458462715148926
N582E:Q584C:N587L,-4.293422222137451
N582E:Q584C:R585L,-3.5506653785705566
N582E:Q584C:R585N,-4.138260364532471
N582E:Q584C:R585N:R588Y,-1.90232515335083
N582E:Q584C:R585S:R588L,-0.19767045974731445
N582E:Q584C:R585V:R588D,-1.206176996231079
N582E:Q584C:R585V:R588L,-0.3608522415161133
N582E:Q584C:R585Y:R588A,-2.3045907020568848
N582E:Q584C:R585Y:R588F,-1.9265327453613281
N582E:Q584C:R585Y:R588H,-4.400179862976074
N582E:Q584D,-0.5734431743621826
N582E:Q584D:N587E,-0.6521674394607544
N582E:Q584D:R585N,-0.25324058532714844
N582E:Q584D:R585S:N587E,0.4969381093978882
N582E:Q584D:R588W,-0.16547513008117676
N582E:Q584E,0.3756997585296631
N582E:Q584E:N587D,-0.0232619047164917
N582E:Q584E:R585D,1.7663917541503906
N582E:Q584E:R585D:R588D,4.032753944396973
N582E:Q584E:R585D:R588E,4.131523132324219
N582E:Q584E:R585D:R588G,3.4430525302886963
N582E:Q584E:R585D:R588W,2.1743597984313965
N582E:Q584E:R585E,1.7253119945526123
N582E:Q584E:R585E:R588D,3.9916741847991943
N582E:Q584E:R585F:N587E,0.48261773586273193
N582E:Q584E:R585G:N587E,3.978360891342163
N582E:Q584E:R585G:R588V,7.287925720214844
N582E:Q584E:R585H:R588H,-0.5333855152130127
N582E:Q584E:R585I:R588D,3.521707534790039
N582E:Q584E:R585I:R588L,4.367032051086426
N582E:Q584E:R585L:R588A,3.666639804840088
N582E:Q584E:R585M:R588A,2.6944596767425537
N582E:Q584E:R585N:N587E,0.6171780824661255
N582E:Q584E:R585N:N587E:R588S,2.78660249710083
N582E:Q584E:R585P:R588D,2.951367139816284
N582E:Q584E:R585P:R588E,3.0501363277435303
N582E:Q584E:R585P:R588G,2.361665725708008
N582E:Q584E:R585P:R588I,4.049759864807129
N582E:Q584E:R585Q,0.918555498123169
N582E:Q584E:R585Q:R588D,3.184917688369751
N582E:Q584E:R585S:R588I,4.889560699462891
N582E:Q584E:R585T:N587E:R588L,4.229280948638916
N582E:Q584E:R585T:R588I,4.561074256896973
N582E:Q584E:R585V,1.3616232872009277
N582E:Q584E:R585V:N587E:R588D,3.5492610931396484
N582E:Q584E:R585V:R588D,3.6279854774475098
N582E:Q584E:R585V:R588W,1.7695913314819336
N582E:Q584E:R585Y,0.14642930030822754
N582E:Q584E:R588C,1.8495385646820068
N582E:Q584E:R588D,2.642061948776245
N582E:Q584E:R588E,2.740831136703491
N582E:Q584E:R588G,2.0523605346679688
N582E:Q584E:R588I,3.740454912185669
N582E:Q584E:R588V,3.6065404415130615
N582E:Q584G:R585W:R588F,-2.2312188148498535
N582E:Q584M:R585Q:N587D,-4.305697441101074
N582E:Q584W:R585F:R588D,-4.011041641235352
N582E:R585A,1.580824851989746
N582E:R585A:N587D:R588A,3.5650057792663574
N582E:R585A:N587D:R588E,3.546994686126709
N582E:R585A:N587D:R588I,4.546618461608887
N582E:R585A:N587D:R588S,3.351287841796875
N582E:R585A:N587D:R588T,3.8282628059387207
N582E:R585A:N587E:R588F,4.263300895690918
N582E:R585A:N587E:R588T,4.148499965667725
N582E:R585A:R588A,3.9639673233032227
N582E:R585A:R588C,3.05466365814209
N582E:R585A:R588S,3.7502493858337402
N582E:R585A:R588V,4.8116655349731445
N582E:R585D,1.503286361694336
N582E:R585D:N587E,1.4245620965957642
N582E:R585D:N587E:R588Y,3.6604971885681152
N582E:R585D:R588C,2.9771251678466797
N582E:R585D:R588D,3.769648551940918
N582E:R585D:R588F,4.264486789703369
N582E:R585D:R588W,1.9112544059753418
N582E:R585D:R588Y,3.7392213344573975
N582E:R585E,1.4622066020965576
N582E:R585E:N587D:R588A,3.44638729095459
N582E:R585E:N587D:R588C,2.537083625793457
N582E:R585E:N587D:R588H,1.35079824924469
N582E:R585E:N587E,1.3834823369979858
N582E:R585E:N587E:R588E,3.7486135959625244
N582E:R585E:R588C,2.9360454082489014
N582E:R585E:R588L,4.5738935470581055
N582E:R585E:R588W,1.8701746463775635
N582E:R585E:R588Y,3.698141574859619
N582E:R585F,0.298236608505249
N582E:R585F:N587D,-0.10072505474090576
N582E:R585F:N587D:R588H,0.18682825565338135
N582E:R585F:N587D:R588S,2.068699359893799
N582E:R585F:N587E,0.21951234340667725
N582E:R585F:N587E:R588C,1.693351149559021
N582E:R585F:N587E:R588S,2.388936758041382
N582E:R585F:R588E,2.663367986679077
N582E:R585G,3.7939796447753906
N582E:R585G:N587D,3.3950181007385254
N582E:R585G:N587D:R588F,6.156218528747559
N582E:R585G:N587D:R588I,6.759773254394531
N582E:R585G:N587D:R588L,6.506704807281494
N582E:R585G:N587E:R588S,5.884679794311523
N582E:R585G:N587E:R588T,6.361654758453369
N582E:R585G:N587E:R588W,4.123223304748535
N582E:R585G:R588C,5.267818450927734
N582E:R585G:R588I,7.1587347984313965
N582E:R585G:R588L,6.905666351318359
N582E:R585G:R588W,4.2019476890563965
N582E:R585H:N587D,-1.4830058813095093
N582E:R585H:N587D:R588H,-1.1954525709152222
N582E:R585H:N587D:R588V,1.7478349208831787
N582E:R585H:N587E,-1.1627684831619263
N582E:R585H:N587E:R588E,1.2023627758026123
N582E:R585H:R588H,-0.7964909076690674
N582E:R585H:R588T,1.5623552799224854
N582E:R585H:R588Y,1.151890754699707
N582E:R585I,0.9922399520874023
N582E:R585I:N587D:R588F,3.3544788360595703
N582E:R585I:N587D:R588Y,2.8292131423950195
N582E:R585I:N587E,0.9135156869888306
N582E:R585I:N587E:R588D,3.179877758026123
N582E:R585I:N587E:R588E,3.278646945953369
N582E:R585I:N587E:R588T,3.559915065765381
N582E:R585I:N587E:R588W,1.3214837312698364
N582E:R585I:R588A,3.375382423400879
N582E:R585I:R588F,3.7534403800964355
N582E:R585I:R588M,3.2703452110290527
N582E:R585I:R588W,1.4002079963684082
N582E:R585I:R588Y,3.228174924850464
N582E:R585L,1.0203919410705566
N582E:R585L:N587D:R588T,3.2678298950195312
N582E:R585L:N587E:R588G,2.61832857131958
N582E:R585L:R588C,2.4942307472229004
N582E:R585L:R588E,3.3855233192443848
N582E:R585L:R588F,3.78159236907959
N582E:R585M,0.04821181297302246
N582E:R585M:N587D:R588A,2.0323925018310547
N582E:R585M:N587D:R588E,2.0143814086914062
N582E:R585M:N587E:R588C,1.4433263540267944
N582E:R585M:R588I,3.4129669666290283
N582E:R585M:R588L,3.159898519515991
N582E:R585N,0.4327969551086426
N582E:R585N:N587D:R588C,1.5076740980148315
N582E:R585N:N587D:R588S,2.2032599449157715
N582E:R585N:N587D:R588W,0.44180333614349365
N582E:R585N:N587E:R588E,2.7192039489746094
N582E:R585N:N587E:R588G,2.030733585357666
N582E:R585N:N587E:R588W,0.7620407342910767
N582E:R585N:N587E:R588Y,2.590007781982422
N582E:R585N:R588W,0.8407649993896484
N582E:R585P,0.42189955711364746
N582E:R585P:N587E:R588F,3.1043756008148193
N582E:R585P:R588F,3.1830999851226807
N582E:R585P:R588S,2.5913240909576416
N582E:R585Q,0.6554501056671143
N582E:R585Q:N587E,0.5767258405685425
N582E:R585Q:N587E:R588F,3.337926149368286
N582E:R585Q:N587E:R588I,3.941480875015259
N582E:R585Q:N587E:R588S,2.746150255203247
N582E:R585Q:R588D,2.9218122959136963
N582E:R585Q:R588L,3.767136812210083
N582E:R585Q:R588M,2.9335553646087646
N582E:R585S,1.261699914932251
N582E:R585S:N587D:R588G,2.5393991470336914
N582E:R585S:N587E,1.1829756498336792
N582E:R585S:N587E:R588G,2.8596363067626953
N582E:R585S:R588A,3.6448423862457275
N582E:R585S:R588E,3.626831293106079
N582E:R585T,0.9332132339477539
N582E:R585T:N587D:R588I,3.8990068435668945
N582E:R585T:N587E:R588V,4.085329532623291
N582E:R585T:R588C,2.4070520401000977
N582E:R585T:R588F,3.694413661956787
N582E:R585T:R588L,4.044899940490723
N582E:R585T:R588S,3.102637767791748
N582E:R585V,1.098517894744873
N582E:R585V:N587E:R588V,4.25063419342041
N582E:R585V:R588F,3.8597183227539062
N582E:R585V:R588I,4.463273048400879
N582E:R585V:R588L,4.210204601287842
N582E:R585V:R588M,3.3766231536865234
N582E:R585V:R588S,3.267942428588867
N582E:R585V:R588V,4.3293585777282715
N582E:R585V:R588Y,3.3344528675079346
N582E:R585W,-1.4374301433563232
N582E:R585W:N587D,-1.836391806602478
N582E:R585W:N587E:R588C,-0.04231560230255127
N582E:R585W:N587E:R588Y,0.719780683517456
N582E:R585Y,-0.11667609214782715
N582E:R585Y:N587D:R588W,-0.10766971111297607
N582E:R585Y:N587E,-0.19540035724639893
N582E:R585Y:N587E:R588A,2.187741994857788
N582E:R585Y:N587E:R588F,2.5657999515533447
N582E:R585Y:N587E:R588G,1.4812604188919067
N582E:R585Y:N587E:R588V,3.03544020652771
N582E:R585Y:N587E:R588W,0.21256768703460693
N582E:R585Y:R588F,2.644524335861206
N582E:R585Y:R588L,2.9950106143951416
N582E:R585Y:R588M,2.1614291667938232
N582E:R585Y:R588T,2.5297234058380127
N582E:R585Y:R588Y,2.1192588806152344
N582E:R588A,2.495736837387085
N582E:R588C,1.5864331722259521
N582E:R588D,2.3789565563201904
N582E:R588E,2.4777257442474365
N582E:R588F,2.8737947940826416
N582E:R588G,1.789255142211914
N582E:R588H,0.4001476764678955
N582E:R588I,3.4773495197296143
N582E:R588L,3.224281072616577
N582E:R588M,2.390699625015259
N582E:R588S,2.2820188999176025
N582E:R588T,2.7589938640594482
N582F:L583H,-6.805765151977539
N582F:L583W,-6.903450012207031
N582F:N587D,-1.5768669843673706
N582F:N587G,-3.5469324588775635
N582F:Q584C,-5.74896240234375
N582F:Q584D:R585N:R588F,1.2174601554870605
N582F:R585Q,-0.63504958152771
N582F:R585S,-0.028799772262573242
N582G:L583D,-4.5376505851745605
N582G:L583D:Q584C:R585P:R588D,-6.533040523529053
N582G:L583D:Q584D,-5.223688125610352
N582G:L583D:Q584D:R585A:R588L,-0.6437708139419556
N582G:L583D:Q584D:R585Q:R588V,-1.4499915838241577
N582G:L583D:Q584D:R588L,-2.112001419067383
N582G:L583D:R585E:N587E:R588W,-2.858794689178467
N582G:L583D:R585G:R588F,1.904935359954834
N582G:L583D:R585I:N587E:R588L,-0.6250424385070801
N582G:L583D:R585P,-4.2283453941345215
N582G:L583D:R585Q:N587E:R588S,-1.9040945768356323
N582G:L583D:R585T:N587E:R588M,-1.5176507234573364
N582G:L583D:R588F,-1.7764500379562378
N582G:L583E:Q584C:R585N:R588F,-5.943406105041504
N582G:L583E:Q584C:R585Q:R588A,-6.098811149597168
N582G:L583E:Q584C:R585Q:R588F,-5.720753192901611
N582G:L583G:Q584D,-7.944973945617676
N582G:L583V,-6.996343612670898
N582G:N587D,-3.441985607147217
N582G:N587E,-3.1217479705810547
N582G:N587G,-5.412051200866699
N582G:N587H,-7.766196250915527
N582G:Q584C,-7.614081382751465
N582G:Q584D,-3.7290613651275635
N582G:Q584D:R585F:N587D:R588G,-2.2657198905944824
N582G:Q584E,-2.7799184322357178
N582G:Q584E:R585D,-1.3892264366149902
N582G:Q584E:R585D:R588C,0.08461236953735352
N582G:Q584E:R585D:R588F,1.371974229812622
N582G:Q584E:R585E,-1.4303061962127686
N582G:Q584E:R585E:R588D,0.8360559940338135
N582G:Q584E:R585G,0.9014668464660645
N582G:Q584E:R585I,-1.9002728462219238
N582G:Q584E:R585I:R588C,-0.4264340400695801
N582G:Q584E:R585I:R588D,0.3660893440246582
N582G:Q584E:R585I:R588E,0.4648585319519043
N582G:Q584E:R585I:R588F,0.8609275817871094
N582G:Q584E:R585I:R588M,0.37783241271972656
N582G:Q584E:R585L,-1.8721208572387695
N582G:Q584E:R585L:R588C,-0.3982820510864258
N582G:Q584E:R585L:R588E,0.4930105209350586
N582G:Q584E:R585L:R588F,0.8890795707702637
N582G:Q584E:R585N,-2.4597158432006836
N582G:Q584E:R585N:R588D,-0.19335365295410156
N582G:Q584E:R585N:R588E,-0.09458446502685547
N582G:Q584E:R585N:R588S,-0.29029130935668945
N582G:Q584E:R585P,-2.4706132411956787
N582G:Q584E:R585P:R588C,-0.996774435043335
N582G:Q584E:R585P:R588V,0.7602274417877197
N582G:Q584E:R585V,-1.7939949035644531
N582G:Q584E:R585V:R588C,-0.3201560974121094
N582G:Q584E:R585V:R588E,0.571136474609375
N582G:Q584E:R585V:R588F,0.9672055244445801
N582G:Q584E:R585V:R588S,0.375429630279541
N582G:Q584E:R585V:R588V,1.4368460178375244
N582G:Q584E:R588M,-0.5018131732940674
N582G:Q584E:R588S,-0.6104938983917236
N582G:Q584F,-7.937870979309082
N582G:Q584Y:N587L,-8.012045860290527
N582G:R585D,-1.652331829071045
N582G:R585F:R588F,-0.09618115425109863
N582G:R585G:N587E,0.5596373081207275
N582G:R585G:R588L,3.7500481605529785
N582G:R585H:N587M:R588E,-3.9461045265197754
N582G:R585I,-2.1633782386779785
N582G:R585I:R588C,-0.6895394325256348
N582G:R585N,-2.7228212356567383
N582G:R585N:R588C,-1.2489824295043945
N582G:R585P,-2.7337186336517334
N582G:R585P:N587E:R588T,-0.16604351997375488
N582G:R585T,-2.222404956817627
N582G:R585V,-2.057100296020508
N582G:R585V:R588V,1.1737403869628906
N582G:R585W,-4.593048095703125
N582G:R585W:R588T,-1.9466488361358643
N582G:R588A,-0.6598813533782959
N582G:R588D,-0.7766616344451904
N582G:R588E,-0.6778924465179443
N582G:R588F,-0.28182339668273926
N582G:R588M,-0.7649185657501221
N582G:R588T,-0.3966243267059326
N582G:R588Y,-0.8070888519287109
N582H:L583E,-4.545548439025879
N582H:L583E:R588T,-1.899148941040039
N582H:R585L:R588S,-0.057598114013671875
N582H:R588S,-0.9653956890106201
N582I:L583D,-1.9426990747451782
N582I:L583E,-1.8588006496429443
N582I:L583E:Q584M:N587D,-6.819948196411133
N582I:L583Y,-5.275195121765137
N582I:N587E,-0.5267966985702515
N582I:R585H,-1.6447110176086426
N582I:R588A,1.9350700378417969
N582K:R588C,-4.174749374389648
N582K:R588K,-7.799825191497803
N582K:R588S,-3.479163646697998
N582K:R588V,-2.4177474975585938
N582K:R588Y,-3.4126532077789307
N582L:L583H,-5.688734531402588
N582L:N587D,-0.45983612537384033
N582L:N587E,-0.13959872722625732
N582L:N587M,-2.132448196411133
N582L:Q584A:R585E:N587G,-4.530966758728027
N582L:Q584C,-4.631931781768799
N582L:Q584C:R588S,-2.4625072479248047
N582L:Q584D:R585I,0.13273358345031738
N582L:Q584M,-4.623060703277588
N582L:Q584V,-3.6773383617401123
N582L:R585H,-1.2575130462646484
N582L:R585H:N587G,-3.626540184020996
N582L:R585N,0.25932812690734863
N582L:R585Q,0.4819812774658203
N582L:R588F,2.7003259658813477
N582L:R588I,3.3038806915283203
N582L:R588S,2.1085500717163086
N582M:L583C,-6.597207069396973
N582M:L583D:R588H,-2.6310982704162598
N582M:N587G,-3.7930519580841064
N582M:N587M,-3.495598554611206
N582M:N587Y,-5.45970344543457
N582M:R585P:N587D:R588F,1.2475192546844482
N582P:L583D,-1.6429136991500854
N582P:L583D:N587E:R588Y,0.5142971277236938
N582P:L583D:Q584D:N587E,-2.4076755046844482
N582P:L583D:Q584D:R585A:R588D,1.4056414365768433
N582P:L583D:Q584D:R585P:N587E:R588D,0.16799187660217285
N582P:L583D:Q584D:R585T:R588G,0.1683284044265747
N582P:L583D:Q584D:R588L,0.7827354669570923
N582P:L583D:Q584E,-1.3798083066940308
N582P:L583D:Q584E:N587E:R588G,0.21812820434570312
N582P:L583D:Q584E:R585E,-0.030196070671081543
N582P:L583D:Q584E:R585E:R588L,3.0814905166625977
N582P:L583D:Q584E:R585I:R588S,1.6692618131637573
N582P:L583D:Q584E:R585N:R588I,2.305149555206299
N582P:L583D:R585E:N587E:R588I,2.992729425430298
N582P:L583D:R585P:N587E,-1.4123327732086182
N582P:L583D:R588V,1.587926983833313
N582P:L583E:N587E,-1.6377395391464233
N582P:L583E:Q584D,-2.2450528144836426
N582P:L583E:R585L,-0.6512176990509033
N582P:L583E:R585M:N587D:R588V,1.2084811925888062
N582P:L583G:N587L,-4.199158668518066
N582P:L583G:R585F:N587E,-4.25728178024292
N582P:N587E,-0.2270113229751587
N582P:N587E:R588G,1.449649453163147
N582P:N587E:R588S,1.9424132108688354
N582P:N587F,-3.0209553241729736
N582P:Q584C,-4.719344139099121
N582P:Q584D,-0.8343245983123779
N582P:Q584D:R585L:R588E,2.4386043548583984
N582P:Q584D:R585P,-0.5250194072723389
N582P:Q584E,0.11481833457946777
N582P:Q584E:R585E,1.464430570602417
N582P:Q584E:R585E:R588V,4.6952714920043945
N582P:Q584E:R585I:N587E,0.9157396554946899
N582P:Q584E:R585I:R588C,2.4683027267456055
N582P:Q584E:R585I:R588I,4.359219551086426
N582P:Q584E:R585L,1.022615909576416
N582P:Q584E:R585L:R588C,2.4964547157287598
N582P:Q584E:R585N:R588V,3.6658616065979004
N582P:Q584E:R585P,0.42412352561950684
N582P:Q584E:R585T:R588H,1.2229905128479004
N582P:Q584E:R585V,1.1007418632507324
N582P:Q584E:R585V:R588I,4.465497016906738
N582P:Q584E:R588C,1.5886571407318115
N582P:Q584F,-5.043133735656738
N582P:Q584G,-3.7032761573791504
N582P:Q584G:R585D:N587D:R588A,-0.3284033536911011
N582P:Q584L:R585V:R588V,0.32798337936401367
N582P:R585A:R588S,3.489367961883545
N582P:R585D,1.2424049377441406
N582P:R585E,1.2013251781463623
N582P:R585H,-1.3449256420135498
N582P:R585I,0.731358528137207
N582P:R585I:N587D,0.33239686489105225
N582P:R585I:N587E,0.6526342630386353
N582P:R585N,0.17191553115844727
N582P:R585N:N587D:R588D,2.039316177368164
N582P:R585N:N587E,0.09319126605987549
N582P:R585P,0.16101813316345215
N582P:R585S,1.0008184909820557
N582P:R585T:R588H,0.9598851203918457
N582P:R585V,0.8376364707946777
N582P:R585V:N587E:R588G,2.435573101043701
N582P:R585V:R588I,4.202391624450684
N582P:R585W,-1.6983115673065186
N582P:R585W:N587E,-1.7770358324050903
N582P:R588A,2.2348554134368896
N582P:R588C,1.3255517482757568
N582P:R588D,2.118075132369995
N582P:R588E,2.216844320297241
N582P:R588G,1.5283737182617188
N582P:R588L,2.963399648666382
N582P:R588M,2.1298182010650635
N582P:R588S,2.0211374759674072
N582P:R588T,2.498112440109253
N582P:R588Y,2.0876479148864746
N582Q:N587E,-0.24000060558319092
N582Q:N587M,-2.2328500747680664
N582Q:R585D:N587D:R588A,3.2135963439941406
N582Q:R585G,3.520108938217163
N582Q:R585V,0.8246471881866455
N582R:N587E,-6.346618175506592
N582R:Q584H,-11.525846481323242
N582S:L583E,-3.828340530395508
N582S:Q584C,-6.988669395446777
N582S:R585K,-4.691255569458008
N582S:R585Q,-1.8747565746307373
N582S:R585W,-3.967636823654175
N582S:R588K,-4.568849563598633
N582T:L583V:Q584L:R585I,-8.936934471130371
N582T:L583V:Q584L:R585I:R588H,-8.649380683898926
N582T:N587E,-2.2014899253845215
N582T:N587M,-4.194339752197266
N582T:R585G,1.558619499206543
N582T:R585H,-3.319404363632202
N582T:R588E,0.24236559867858887
N582T:R588L,0.9889209270477295
N582V:L583C:R588K,-7.92435884475708
N582V:N587D,-0.9989010095596313
N582V:N587E,-0.6786636114120483
N582V:N587F,-3.4726076126098633
N582V:N587G,-2.968966484069824
N582V:N587M,-2.671513080596924
N582V:R585C,-0.4089198112487793
N582V:R585H,-1.7965779304504395
N582V:R585H:N587M,-3.8681516647338867
N582V:R588L,2.511747360229492
N582W:L583M,-8.04000186920166
N582W:Q584F,-8.628718376159668
N582W:Q584H,-8.99182415008545
N582W:Q584W,-10.3095121383667
N582W:R585H,-4.930509567260742
N582W:R585M,-3.7982537746429443
N582Y:N587C,-6.155458450317383
N582Y:N587H,-7.091395378112793
N582Y:R585I,-1.4885778427124023
N587A:R588H,-2.1588330268859863
N587C:R588M,-1.5091300010681152
N587C:R588W,-3.3792672157287598
N587D:R588A,1.9841808080673218
N587D:R588D,1.8674005270004272
N587D:R588E,1.9661697149276733
N587D:R588F,2.362238883972168
N587D:R588G,1.2776991128921509
N587D:R588H,-0.11140835285186768
N587D:R588I,2.9657936096191406
N587D:R588L,2.7127251625061035
N587D:R588M,1.8791435956954956
N587D:R588S,1.7704628705978394
N587D:R588T,2.2474379539489746
N587D:R588V,2.831879138946533
N587E:R588A,2.3044180870056152
N587E:R588C,1.395114541053772
N587E:R588D,2.1876378059387207
N587E:R588E,2.286406993865967
N587E:R588F,2.682476043701172
N587E:R588G,1.5979365110397339
N587E:R588H,0.20882904529571533
N587E:R588I,3.2860307693481445
N587E:R588L,3.0329623222351074
N587E:R588M,2.199380874633789
N587E:R588S,2.090700149536133
N587E:R588T,2.5676751136779785
N587E:R588V,3.152116298675537
N587E:R588W,0.3292437791824341
N587E:R588Y,2.1572108268737793
N587F:R588M,-0.5945630073547363
N587G:R588F,0.39217329025268555
N587G:R588G,-0.692366361618042
N587G:R588T,0.2773723602294922
N587H:R588V,-1.4923315048217773
N587K:R588C,-4.748884201049805
N587L:R588G,1.841701626777649
N587M:R588I,1.2931814193725586
N587M:R588M,0.20653152465820312
N587S:R588D,-0.7015142440795898
N587S:R588S,-0.7984519004821777
N587V:R588A,0.9595605134963989
N587V:R588T,1.2228175401687622
N587W:R588V,-2.0638561248779297
N587Y:R588F,-1.2744779586791992
Q575A:L583V,-6.075235366821289
Q575A:N582G,-5.164938926696777
Q575A:N587E,-2.2006397247314453
Q575A:Q584E:R588D,0.40755224227905273
Q575A:R585D,-0.7312233448028564
Q575A:R588E,0.24321603775024414
Q575A:T581E,-2.4126861095428467
Q575A:V579G,-6.073955535888672
Q575A:V579M,-6.251318454742432
Q575A:Y576W:S578G,-7.120127201080322
Q575C:L583A,-6.398892402648926
Q575C:L583D,-3.748462677001953
Q575C:L583D:Q584D:R585D:N587E,-3.122532606124878
Q575C:L583E,-3.664564371109009
Q575C:L583E:Q584M,-8.226750373840332
Q575C:L583E:Q584M:R585I:R588L,-4.235418319702148
Q575C:L583E:Q584M:R588W,-7.818782806396484
Q575C:L583E:R585I,-2.784918785095215
Q575C:L583E:R585I:R588A,-0.4017763137817383
Q575C:L583E:R585I:R588F,-0.02371835708618164
Q575C:L583E:R585I:R588M,-0.5068135261535645
Q575C:L583E:R585I:R588S,-0.6154942512512207
Q575C:L583E:R585L:N587D:R588S,-0.9863039255142212
Q575C:L583E:R588A,-1.2814218997955322
Q575C:L583M:R585G,-2.8785817623138428
Q575C:N582C,-5.011543273925781
Q575C:N582C:R585H,-6.208181381225586
Q575C:N582D,-3.8981878757476807
Q575C:N582D:N587E,-3.976912260055542
Q575C:N582D:N587E:R588C,-2.503073215484619
Q575C:N582D:N587E:R588E,-1.6117808818817139
Q575C:N582D:N587E:R588H,-3.689358711242676
Q575C:N582D:Q584E,-3.635082483291626
Q575C:N582D:Q584E:N587E,-3.713806629180908
Q575C:N582D:Q584E:N587E:R588L,-0.602120041847229
Q575C:N582D:Q584E:R585H:N587E,-4.910445213317871
Q575C:N582D:Q584E:R585H:R588L,-1.7200343608856201
Q575C:N582D:Q584E:R585H:R588M,-2.5536158084869385
Q575C:N582D:Q584E:R585I:N587E:R588S,-0.6647367477416992
Q575C:N582D:Q584E:R585Q,-3.09222674369812
Q575C:N582D:Q584E:R585Q:R588I,0.27252840995788574
Q575C:N582D:Q584E:R585V:N587E:R588D,-0.4615211486816406
Q575C:N582D:Q584E:R585V:N587E:R588I,0.6368718147277832
Q575C:N582D:Q584E:R585Y:N587E:R588D,-1.6767151355743408
Q575C:N582D:Q584E:R585Y:N587E:R588F,-1.1818768978118896
Q575C:N582D:Q584E:R588D,-1.368720293045044
Q575C:N582D:Q584E:R588L,-0.5233957767486572
Q575C:N582D:R585A:N587E:R588C,-1.034842848777771
Q575C:N582D:R585A:R588E,-0.06482601165771484
Q575C:N582D:R585A:R588H,-2.142404079437256
Q575C:N582D:R585A:R588I,0.934798002243042
Q575C:N582D:R585D:N587E:R588C,-1.1123813390731812
Q575C:N582D:R585D:R588M,-0.22939062118530273
Q575C:N582D:R585G,-0.21680259704589844
Q575C:N582D:R585H,-5.094826698303223
Q575C:N582D:R585H:N587E:R588L,-2.061863899230957
Q575C:N582D:R585H:R588H,-4.807272911071777
Q575C:N582D:R585H:R588L,-1.9831397533416748
Q575C:N582D:R585I:N587E:R588T,-0.45086705684661865
Q575C:N582D:R585I:R588F,-0.2573418617248535
Q575C:N582D:R585I:R588H,-2.7309889793395996
Q575C:N582D:R585L,-2.9903903007507324
Q575C:N582D:R585L:N587E:R588D,-0.8027523756027222
Q575C:N582D:R585L:N587E:R588I,0.29564058780670166
Q575C:N582D:R585L:R588I,0.37436461448669434
Q575C:N582D:R585L:R588T,-0.3439908027648926
Q575C:N582D:R585N:N587D:R588S,-1.8075224161148071
Q575C:N582D:R585N:N587E:R588S,-1.4872850179672241
Q575C:N582D:R585N:R588H,-3.2904319763183594
Q575C:N582D:R585N:R588M,-1.299880027770996
Q575C:N582D:R585N:R588S,-1.4085607528686523
Q575C:N582D:R585N:R588W,-3.1700172424316406
Q575C:N582D:R585N:R588Y,-1.342050313949585
Q575C:N582D:R585Q:N587D:R588Y,-1.518358826637268
Q575C:N582D:R585Q:N587E,-3.434056282043457
Q575C:N582D:R585Q:R588E,-0.9902007579803467
Q575C:N582D:R585Q:R588S,-1.1859076023101807
Q575C:N582D:R585Q:R588Y,-1.1193971633911133
Q575C:N582D:R585S:R588E,-0.38395094871520996
Q575C:N582D:R585S:R588S,-0.579657793045044
Q575C:N582D:R585T:N587E:R588M,-0.8781880140304565
Q575C:N582D:R585T:N587E:R588T,-0.5098937749862671
Q575C:N582D:R585T:R588D,-0.8112068176269531
Q575C:N582D:R585T:R588S,-0.908144474029541
Q575C:N582D:R585V:N587E:R588W,-2.5830206871032715
Q575C:N582D:R585V:R588H,-2.624711036682129
Q575C:N582D:R585V:R588L,0.19942259788513184
Q575C:N582D:R585W:N587D:R588A,-3.46403169631958
Q575C:N582D:R585Y,-4.127458572387695
Q575C:N582D:R585Y:N587E:R588V,-0.9753419160842896
Q575C:N582D:R585Y:R588I,-0.7627031803131104
Q575C:N582D:R585Y:R588T,-1.4810588359832764
Q575C:N582D:R585Y:R588W,-3.7194902896881104
Q575C:N582D:R588A,-1.515045404434204
Q575C:N582D:R588D,-1.6318256855010986
Q575C:N582D:R588E,-1.5330564975738525
Q575C:N582D:R588F,-1.1369874477386475
Q575C:N582D:R588I,-0.5334327220916748
Q575C:N582D:R588L,-0.7865011692047119
Q575C:N582D:R588W,-3.490219831466675
Q575C:N582E,-2.1412417888641357
Q575C:N582E:N587E:R588A,0.1631762981414795
Q575C:N582E:Q584E,-1.878136396408081
Q575C:N582E:Q584E:R585D,-0.4874444007873535
Q575C:N582E:Q584E:R585D:R588M,1.7906608581542969
Q575C:N582E:Q584E:R585M:R588S,0.22690558433532715
Q575C:N582E:Q584E:R585N:N587E:R588S,0.5327663421630859
Q575C:N582E:Q584E:R585T,-1.0575175285339355
Q575C:N582E:Q584E:R585Y:R588E,0.2577245235443115
Q575C:N582E:Q584E:R588E,0.48699498176574707
Q575C:N582E:Q584E:R588T,0.7682631015777588
Q575C:N582E:R585D:R588C,0.7232890129089355
Q575C:N582E:R585H,-3.3378803730010986
Q575C:N582E:R585H:R588V,-0.1070396900177002
Q575C:N582E:R585I:N587E:R588D,0.9260417222976685
Q575C:N582E:R585L:R588T,1.4129552841186523
Q575C:N582E:R585P:N587E:R588S,0.2587636709213257
Q575C:N582E:R585Q:R588E,0.7667453289031982
Q575C:N582E:R585Q:R588I,1.766369104385376
Q575C:N582E:R585V:N587E:R588I,2.1307125091552734
Q575C:N582E:R585V:N587E:R588V,1.9967981576919556
Q575C:N582E:R585Y,-2.3705122470855713
Q575C:N582E:R585Y:N587E:R588F,0.31196391582489014
Q575C:N582E:R585Y:N587E:R588M,-0.17113125324249268
Q575C:N582E:R585Y:R588V,0.8603284358978271
Q575C:N582E:R588A,0.24190068244934082
Q575C:N582E:R588D,0.1251204013824463
Q575C:N582E:R588E,0.22388958930969238
Q575C:N582G:Q584E:R585S,-3.8846487998962402
Q575C:N582P,-2.402123212814331
Q575C:N582V:R588L,0.25791120529174805
Q575C:N587D,-2.6527976989746094
Q575C:N587D:R588H,-2.3652443885803223
Q575C:N587D:R588S,-0.4833732843399048
Q575C:N587E,-2.3325605392456055
Q575C:N587E:R588C,-0.8587216138839722
Q575C:N587E:R588D,-0.06619822978973389
Q575C:N587E:R588H,-2.0450072288513184
Q575C:N587E:R588I,1.03219473361969
Q575C:N587E:R588L,0.7791262865066528
Q575C:N587E:R588S,-0.16313588619232178
Q575C:N587E:R588V,0.8982802629470825
Q575C:N587E:R588W,-1.92459237575531
Q575C:N587F,-5.126504421234131
Q575C:Q584E,-1.9907307624816895
Q575C:Q584E:N587E,-2.069455146789551
Q575C:Q584E:R585D:N587E:R588A,1.7043794393539429
Q575C:Q584E:R585G:N587D,1.2916927337646484
Q575C:Q584E:R585I:N587E,-1.1898094415664673
Q575C:Q584E:R585I:N587E:R588D,1.0765527486801147
Q575C:Q584E:R585I:N587E:R588E,1.1753219366073608
Q575C:Q584E:R585L,-1.0829331874847412
Q575C:Q584E:R585L:R588E,1.282198190689087
Q575C:Q584E:R585N,-1.6705281734466553
Q575C:Q584E:R585Q,-1.4478750228881836
Q575C:Q584E:R585S:R588D,1.4247369766235352
Q575C:Q584E:R585T:N587E:R588L,1.862850546836853
Q575C:Q584E:R585Y:N587E,-2.2987256050109863
Q575C:Q584E:R588A,0.3924117088317871
Q575C:Q584E:R588L,1.1209559440612793
Q575C:Q584E:R588M,0.28737449645996094
Q575C:Q584L,-5.994330406188965
Q575C:Q584M:R585I:R588A,-3.553234338760376
Q575C:Q584M:R585I:R588F,-3.1751763820648193
Q575C:Q584M:R585Q,-6.273166656494141
Q575C:Q584M:R588A,-4.43287992477417
Q575C:Q584M:R588W,-6.408054351806641
Q575C:Q584Y:R585N:N587L,-6.902655601501465
Q575C:R585A:R588E,1.5795257091522217
Q575C:R585A:R588H,-0.49805235862731934
Q575C:R585A:R588W,-0.3776376247406006
Q575C:R585D,-0.8631441593170166
Q575C:R585D:N587E:R588S,1.2275559902191162
Q575C:R585D:R588A,1.51999831199646
Q575C:R585D:R588M,1.4149610996246338
Q575C:R585D:R588Y,1.372790813446045
Q575C:R585E:R588L,2.207462787628174
Q575C:R585H,-3.450474739074707
Q575C:R585H:N587E,-3.5291991233825684
Q575C:R585H:N587E:R588D,-1.2628369331359863
Q575C:R585H:N587E:R588L,-0.4175124168395996
Q575C:R585H:N587E:R588M,-1.251093864440918
Q575C:R585H:N587E:R588W,-3.1212310791015625
Q575C:R585H:R588F,-0.6892743110656738
Q575C:R585H:R588L,-0.3387880325317383
Q575C:R585I,-1.3741905689239502
Q575C:R585I:N587E:R588L,1.6587717533111572
Q575C:R585I:N587E:R588V,1.777925729751587
Q575C:R585I:R588D,0.8921716213226318
Q575C:R585I:R588T,1.2722089290618896
Q575C:R585L,-1.346038579940796
Q575C:R585L:R588A,1.0371038913726807
Q575C:R585L:R588S,0.8233859539031982
Q575C:R585N,-1.93363356590271
Q575C:R585N:N587D:R588E,0.03253614902496338
Q575C:R585N:R588D,0.33272862434387207
Q575C:R585N:R588F,0.8275668621063232
Q575C:R585N:R588M,0.34447169303894043
Q575C:R585N:R588Y,0.30230140686035156
Q575C:R585P,-1.944530963897705
Q575C:R585P:N587E:R588E,0.3418760299682617
Q575C:R585P:R588C,-0.47069215774536133
Q575C:R585P:R588D,0.32183122634887695
Q575C:R585Q,-1.7109804153442383
Q575C:R585Q:N587E,-1.7897047996520996
Q575C:R585Q:N587E:R588A,0.593437671661377
Q575C:R585Q:N587E:R588D,0.4766573905944824
Q575C:R585Q:N587E:R588L,1.3219819068908691
Q575C:R585Q:N587E:R588M,0.4884004592895508
Q575C:R585Q:N587G:R588F,-1.3188071250915527
Q575C:R585Q:R588D,0.5553817749023438
Q575C:R585Q:R588H,-1.4234271049499512
Q575C:R585Q:R588L,1.4007062911987305
Q575C:R585Q:R588S,0.45844411849975586
Q575C:R585Q:R588W,-1.3030123710632324
Q575C:R585S:N587D:R588M,0.774412989616394
Q575C:R585S:R588D,1.1616315841674805
Q575C:R585S:R588I,2.2600245475769043
Q575C:R585S:R588L,2.006956100463867
Q575C:R585S:R588M,1.1733746528625488
Q575C:R585S:R588S,1.0646939277648926
Q575C:R585T,-1.4332172870635986
Q575C:R585T:N587E:R588A,0.8712007999420166
Q575C:R585T:N587E:R588M,0.7661635875701904
Q575C:R585T:R588I,1.9315378665924072
Q575C:R585T:R588L,1.6784694194793701
Q575C:R585T:R588S,0.7362072467803955
Q575C:R585V,-1.2679126262664795
Q575C:R585V:N587E,-1.3466370105743408
Q575C:R585V:N587E:R588A,1.0365054607391357
Q575C:R585V:N587E:R588C,0.12720191478729248
Q575C:R585V:N587E:R588D,0.9197251796722412
Q575C:R585V:N587E:R588E,1.0184943675994873
Q575C:R585V:N587E:R588L,1.765049695968628
Q575C:R585V:N587E:R588M,0.9314682483673096
Q575C:R585V:R588A,1.115229845046997
Q575C:R585V:R588D,0.9984495639801025
Q575C:R585V:R588L,1.8437740802764893
Q575C:R585V:R588V,1.962928056716919
Q575C:R585Y,-2.4831066131591797
Q575C:R585Y:N587E,-2.561830997467041
Q575C:R585Y:N587E:R588T,0.08456850051879883
Q575C:R585Y:N587E:R588W,-2.153862953186035
Q575C:R585Y:R588A,-0.09996414184570312
Q575C:R585Y:R588I,0.8816485404968262
Q575C:R585Y:R588S,-0.31368207931518555
Q575C:R588A,0.12930631637573242
Q575C:R588C,-0.7799973487854004
Q575C:R588D,0.01252603530883789
Q575C:R588F,0.5073642730712891
Q575C:R588H,-1.966282844543457
Q575C:R588L,0.8578505516052246
Q575C:R588M,0.02426910400390625
Q575C:R588S,-0.08441162109375
Q575C:R588T,0.3925633430480957
Q575C:R588V,0.9770045280456543
Q575C:R588W,-1.8458681106567383
Q575C:R588Y,-0.017901182174682617
Q575C:S578D,-2.6283133029937744
Q575C:S578D:Q584D:R585D,-1.923658847808838
Q575C:S578D:R585A,-1.1600828170776367
Q575C:S578D:R585A:R588C,0.31375598907470703
Q575C:S578D:R585L:R588D,0.5458464622497559
Q575C:S578D:V579A:N582D:N587E,-6.989583969116211
Q575C:S578D:V579A:N582D:R585H,-8.107498168945312
Q575C:S578D:V579A:R585H:N587E,-6.541871070861816
Q575C:S578D:V579A:T581E,-5.557278633117676
Q575C:S578F,-4.218741416931152
Q575C:S578F:R585I:N587E:R588W,-3.009852409362793
Q575C:S578G,-4.610898971557617
Q575C:S578I:L583E:R585G,-3.354865550994873
Q575C:S578I:N582V:N587D:R588L,-3.5127367973327637
Q575C:S578I:N582V:R588L,-3.1137752532958984
Q575C:S578I:R585H,-6.822160720825195
Q575C:S578I:R585Q,-5.082666397094727
Q575C:S578I:V579Y:L583D:Q584E:R588W,-11.641679763793945
Q575C:S578I:V579Y:N582E:L583E:Q584E:R585I:R588Y,-8.73757553100586
Q575C:S578V,-5.24886417388916
Q575C:S578V:N582A:Q584E:N587D:R588W,-6.624095439910889
Q575C:S578V:N582D:L583D:R585S:N587E,-7.317461013793945
Q575C:S578V:N582D:Q584E:R585T:R588I,-2.4447362422943115
Q575C:S578V:N582D:R585I:N587E,-6.092294216156006
Q575C:S578V:N582D:R585L:R588W,-5.577449798583984
Q575C:S578V:N582D:R585Q,-6.350359916687012
Q575C:S578V:N582E:Q584E:R585N:N587E:R588S,-2.4622609615325928
Q575C:S578V:N582E:Q584E:R585Y:R588L,-1.9907479286193848
Q575C:S578V:N582P:R585S:N587E:R588I,-0.9620146751403809
Q575C:S578V:N587D,-5.647825241088867
Q575C:S578V:N587E,-5.327588081359863
Q575C:S578V:N587E:R588A,-2.944446086883545
Q575C:S578V:N587E:R588M,-3.049483299255371
Q575C:S578V:N587E:R588Y,-3.091653347015381
Q575C:S578V:R585A:N587E,-3.8593578338623047
Q575C:S578V:R585H:N587E:R588M,-4.246121406555176
Q575C:S578V:R585L:R588S,-2.1716420650482178
Q575C:S578V:R585P:R588F,-2.178358554840088
Q575C:S578V:R585P:R588L,-1.8278722763061523
Q575C:S578V:R585Q:R588V,-1.4751677513122559
Q575C:S578V:R585T:N587E:R588Y,-2.2710342407226562
Q575C:S578V:R585W:N587E:R588S,-4.708188056945801
Q575C:S578V:R588D,-2.982501745223999
Q575C:S578W:N582D:Q584E:R585Q:R588A,-5.088517189025879
Q575C:S578W:N582D:Q584E:R588A,-5.631372451782227
Q575C:S578W:Q584E:R588A,-3.987020969390869
Q575C:S578W:R585G:R588T,-0.3054842948913574
Q575C:S578W:R585Q:R588L,-2.978726387023926
Q575C:S578W:R588A,-4.250126361846924
Q575C:T581D,-2.33968448638916
Q575C:T581D:L583W:R585V,-7.079305648803711
Q575C:T581D:N582E:R585A:R588F,2.002340793609619
Q575C:T581D:R585S,-1.1905789375305176
Q575C:T581D:R585Y,-2.5689549446105957
Q575C:T581E,-2.544606924057007
Q575C:T581E:L583D:N587D,-4.43819522857666
Q575C:T581E:L583E:R585L,-3.0475375652313232
Q575C:T581E:N582C:R588D,-3.035951614379883
Q575C:T581E:N582D:R585Q:N587D:R588D,-1.7787022590637207
Q575C:T581E:N582E,-2.4320125579833984
Q575C:T581E:N582E:N587E:R588M,-0.23263156414031982
Q575C:T581E:N587E,-2.623331308364868
Q575C:T581E:Q584M:R585I:R588W,-5.819179534912109
Q575C:T581E:Q584M:R585V:N587D,-6.51983118057251
Q575C:T581E:R585E:R588I,2.1697604656219482
Q575C:T581E:R585H,-3.7412455081939697
Q575C:T581E:R585N:R588F,0.5367960929870605
Q575C:T581E:R585Q,-2.001751184463501
Q575C:T581E:R588A,-0.16146445274353027
Q575C:T581H,-6.838748455047607
Q575C:T581H:R585P,-6.529443264007568
Q575C:T581M:N582D:Q584E:R585H:R588M,-6.172696113586426
Q575C:T581M:Q584E,-5.609810829162598
Q575C:T581M:Q584E:R585V,-4.623887062072754
Q575C:T581M:R585Y:R588M,-3.8240814208984375
Q575C:T581N:L583I:N587E,-6.958359718322754
Q575C:T581N:Q584E:N587E,-3.230710029602051
Q575C:T581P,-5.845392227172852
Q575C:T581S,-4.783888816833496
Q575C:T581Y:L583D:N587E,-8.253786087036133
Q575C:T581Y:R588F,-3.9192347526550293
Q575C:V579A,-4.892030715942383
Q575C:V579A:N582D:R585T:N587E:R588I,-2.4297327995300293
Q575C:V579A:N582D:R585T:R588I,-2.351008415222168
Q575C:V579A:R585T:R588I,-0.7066564559936523
Q575C:V579A:R588Y,-2.6560957431793213
Q575C:V579D,-7.1687188148498535
Q575C:V579I:L583E:Q584C,-11.766310691833496
Q575C:V579M,-6.383239269256592
Q575C:V579M:N582E,-6.2706451416015625
Q575C:V579M:R585L:N587E:R588I,-2.18941068649292
Q575C:V579T:L583D:R585I:R588L,-0.14309680461883545
Q575C:V579W,-9.155309677124023
Q575C:V579Y:N582E:L583E:Q584E:R585I:R588Y,-5.365889549255371
Q575C:V579Y:Q584M:N587D,-12.407588958740234
Q575C:Y576E,-10.718063354492188
Q575C:Y576F,-5.152486324310303
Q575C:Y576F:N582L:Q584C,-9.784418106079102
Q575C:Y576F:R585I:R588G,-2.596179962158203
Q575C:Y576F:S578C:N587D:R588H,-8.404783248901367
Q575C:Y576W,-4.894985198974609
Q575C:Y576W:L583E,-6.305713653564453
Q575C:Y576W:L583E:Q584E:R585Q:R588W,-5.091784477233887
Q575C:Y576W:L583E:Q584M:R585I:R588L,-6.876567840576172
Q575C:Y576W:L583E:Q584M:R588M,-8.589794158935547
Q575C:Y576W:L583E:R585T:R588F,-2.7238941192626953
Q575C:Y576W:L583E:R588M,-4.0276079177856445
Q575C:Y576W:N582D:N587E:R588I,-3.2533059120178223
Q575C:Y576W:N582Q:L583E,-6.466989517211914
Q575C:Y576W:Q584E:R585V:R588S,-1.476531744003296
Q575C:Y576W:Q584M,-9.457171440124512
Q575C:Y576W:Q584M:R585T:R588F,-5.875351905822754
Q575C:Y576W:Q584M:R588A,-7.074028968811035
Q575C:Y576W:Q584M:R588F,-6.6959710121154785
Q575C:Y576W:R585I,-4.0153398513793945
Q575C:Y576W:R585I:N587D,-4.41430139541626
Q575C:Y576W:R585I:R588A,-1.6321971416473389
Q575C:Y576W:R585I:R588L,-0.9036529064178467
Q575C:Y576W:R585L,-3.987187623977661
Q575C:Y576W:R585Q:R588Y,-2.116194486618042
Q575C:Y576W:R585T,-4.074366569519043
Q575C:Y576W:R585T:R588F,-1.3131659030914307
Q575C:Y576W:R588A,-2.511842727661133
Q575C:Y576W:R588F,-2.133784770965576
Q575C:Y576W:S578I:R585L:R588F,-4.597673416137695
Q575C:Y576W:T581E:L583E:R588F,-3.8352837562561035
Q575C:Y576W:T581E:Q584M:R585T:R588F,-6.1661224365234375
Q575C:Y576W:T581E:Q584M:R588M,-7.469836711883545
Q575C:Y576W:T581E:R588A,-2.8026134967803955
Q575C:Y576W:T581E:R588L,-2.0740692615509033
Q575C:Y576W:T581E:R588M,-2.9076507091522217
Q575C:Y576W:T581E:R588S,-3.016331434249878
Q575C:Y576W:V579Y:N587D:R588M,-8.208446502685547
Q575D:L583H,-9.87112808227539
Q575D:L583W,-9.968812942504883
Q575D:N582Q,-4.404544830322266
Q575D:N582Y,-6.611492156982422
Q575D:N587M,-6.314842224121094
Q575D:Q584G,-7.798257827758789
Q575D:R588W,-3.8353004455566406
Q575D:T581W,-10.542652130126953
Q575D:V579I,-7.773957252502441
Q575D:V579M,-8.372671127319336
Q575D:Y576F,-7.141918659210205
Q575D:Y576H,-8.551490783691406
Q575E:L583C,-9.270288467407227
Q575E:L583M,-8.403236389160156
Q575E:L583V,-8.050426483154297
Q575E:S578D:T581E,-4.762353897094727
Q575E:S578I,-7.468791961669922
Q575E:V579M,-8.226509094238281
Q575F:L583E:R585Q:R588V,-1.416637897491455
Q575F:N587Y,-7.815284729003906
Q575F:Q584E:R585H,-4.713139533996582
Q575F:R585F,-3.593964099884033
Q575F:R585H,-4.976244926452637
Q575F:R585Q:R588V,-0.005909919738769531
Q575F:R585W,-5.3296308517456055
Q575F:R588A,-1.3964638710021973
Q575F:T581S:R585N:R588F,-3.2282559871673584
Q575F:T581V,-7.265877723693848
Q575G:L583C:R585H:N587E,-8.654780387878418
Q575G:L583D:Q584C:R585Y:R588M,-6.223084449768066
Q575G:L583D:R585Y:R588M,-1.6520271301269531
Q575G:L583I:R585I,-4.791133880615234
Q575G:N582E:L583D:R585S:R588L,0.6725245714187622
Q575G:N582H,-5.341055870056152
Q575G:N582V:L583V,-6.759494781494141
Q575G:N582W,-5.940106391906738
Q575G:N587E,-2.2849597930908203
Q575G:N587G,-4.575262546539307
Q575G:N587M,-4.277809143066406
Q575G:Q584C,-6.777292728424072
Q575G:Q584C:R585H,-7.973931312561035
Q575G:R585E,-0.8566231727600098
Q575G:R585K,-4.4798784255981445
Q575G:R585T:N587E,-1.4643409252166748
Q575G:R588S,-0.036810874938964844
Q575G:S578A:L583D:Q584C:R585Y:R588M,-8.59239387512207
Q575G:S578D,-2.5807125568389893
Q575G:S578D:N582M:N587A:R588L,-3.3394370079040527
Q575G:S578D:N582V,-3.180651903152466
Q575G:S578E,-1.0948872566223145
Q575G:S578I,-5.5779218673706055
Q575G:S578V:N587G,-7.570290565490723
Q575G:T581D,-2.292083740234375
Q575G:T581D:R588E,0.07304763793945312
Q575G:T581E:N582T,-4.619771957397461
Q575G:T581E:N582V,-3.0969455242156982
Q575G:T581E:N587E,-2.575730562210083
Q575G:T581E:R585H:N587G,-6.062671661376953
Q575G:V579C:T581C:R588L,-5.014819622039795
Q575G:V579G:T581E,-6.4490461349487305
Q575G:V579T,-2.5922017097473145
Q575G:Y576E,-10.670461654663086
Q575H:L583N,-9.029779434204102
Q575H:N582G:R588G,-5.932228088378906
Q575H:N582L,-4.626739501953125
Q575H:N587C,-8.353099822998047
Q575H:N587D,-4.964826583862305
Q575H:R585L:R588F,-0.896867036819458
Q575H:R585V,-3.579941511154175
Q575H:R588A,-2.182722568511963
Q575H:R588G,-2.889204263687134
Q575H:S578D,-4.940341949462891
Q575H:S578H,-9.074073791503906
Q575H:S578M:V579W,-15.568500518798828
Q575H:S578V,-7.5608930587768555
Q575H:S578V:N582D:L583W:R588Y,-12.694854736328125
Q575H:S578Y,-7.5530548095703125
Q575H:T581A:N582D,-9.291727066040039
Q575H:T581E,-4.856636047363281
Q575H:T581E:R585G,-1.17525053024292
Q575H:T581K,-11.245807647705078
Q575H:V579C,-7.055004119873047
Q575H:V579T,-4.951831340789795
Q575H:Y576F:L583D,-8.959141731262207
Q575I:L583E,-4.679608345031738
Q575I:L583E:Q584C,-9.250665664672852
Q575I:L583M,-7.575011253356934
Q575I:L583W:Q584E,-8.731319427490234
Q575I:L583W:R585I,-8.114779472351074
Q575I:N582A,-4.916223526000977
Q575I:N582D:Q584E:R585Y:R588Y,-2.6434621810913086
Q575I:N582D:R585A:R588I,-0.0802459716796875
Q575I:N582D:R585V:N587E:R588A,-1.6228903532028198
Q575I:N582E,-3.1562860012054443
Q575I:N582E:Q584E:N587E:R588H,-2.6843514442443848
Q575I:N582E:Q584E:R585G:R588V,4.019045352935791
Q575I:N582E:Q584E:R585N:R588T,0.07342147827148438
Q575I:N582E:R585D,-1.7655940055847168
Q575I:N582E:R585H:N587E:R588M,-2.153543472290039
Q575I:N582E:R585T:N587E:R588A,-0.031248927116394043
Q575I:N582E:R585V,-2.1703624725341797
Q575I:N582V:R585H:N587M,-7.1370320320129395
Q575I:N587D,-3.667841911315918
Q575I:N587E:R588C,-1.8737658262252808
Q575I:Q584C:R585A,-6.371706962585449
Q575I:Q584D:R585P,-3.6456127166748047
Q575I:Q584E,-3.005774974822998
Q575I:Q584E:R585H:R588A,-1.8192710876464844
Q575I:Q584E:R585H:R588D,-1.936051368713379
Q575I:Q584E:R585M:R588M,-0.7920522689819336
Q575I:Q584E:R585N:R588D,-0.41921019554138184
Q575I:R585D:N587E:R588T,0.6894867420196533
Q575I:R585D:R588L,1.2334983348846436
Q575I:R585F:N587E:R588H,-2.8744091987609863
Q575I:R585H,-4.465518951416016
Q575I:R585H:R588S,-2.2960944175720215
Q575I:R585L,-2.3610827922821045
Q575I:R585L:N587E:R588F,0.3213932514190674
Q575I:R585L:R588S,-0.19165825843811035
Q575I:R585P,-2.9595751762390137
Q575I:R585Q:R588C,-1.2521858215332031
Q575I:R585T,-2.4482614994049072
Q575I:R585T:R588A,-0.06511902809143066
Q575I:R585T:R588V,0.7825791835784912
Q575I:R585V,-2.282956838607788
Q575I:R585Y,-3.4981508255004883
Q575I:R588A,-0.8857378959655762
Q575I:R588D,-1.0025181770324707
Q575I:R588G,-1.592219591140747
Q575I:S578A,-5.638190269470215
Q575I:S578A:Q584E,-5.37508487701416
Q575I:S578A:T581M,-9.257269859313965
Q575I:S578C,-6.409769058227539
Q575I:S578C:L583W:R585V:N587D:R588A,-9.16520881652832
Q575I:S578C:Q584E,-6.146663665771484
Q575I:S578C:T581N,-7.571023941040039
Q575I:S578C:T581S,-8.939821243286133
Q575I:S578E,-2.157532215118408
Q575I:S578E:N587M,-4.2291059494018555
Q575I:S578G:R585V,-4.640019416809082
Q575I:S578I:V579Y:R585T:N587D:R588M,-9.13340950012207
Q575I:S578L,-6.516551971435547
Q575I:S578V,-6.263908386230469
Q575I:S578V:N582D:Q584E:R588L,-4.533467769622803
Q575I:S578V:N582D:R585D:R588D,-4.2512054443359375
Q575I:S578V:N582D:R585L:R588D,-4.734100341796875
Q575I:S578V:N582E:N587E:R588C,-4.756199359893799
Q575I:S578V:N582E:Q584E:R585G:R588V,1.024017572402954
Q575I:S578V:N582E:R585I:R588D,-3.0053060054779053
Q575I:S578V:Q584E:R585A:N587E:R588D,-2.3449342250823975
Q575I:S578V:Q584E:R585V:N587E,-5.093603134155273
Q575I:S578V:R585A,-4.795677661895752
Q575I:S578V:R585L,-5.356110572814941
Q575I:S578V:V579M:N582D:Q584D:R585Y:N587E:R588A,-10.648553848266602
Q575I:S578W,-7.648313045501709
Q575I:T581D,-3.3547286987304688
Q575I:T581E,-3.5596511363983154
Q575I:T581E:R585E:N587E,-2.2887630462646484
Q575I:T581M,-6.887960433959961
Q575I:T581N,-4.430135250091553
Q575I:T581N:Q584E,-4.167029857635498
Q575I:V579A:R585Y,-6.136345386505127
Q575I:V579C:N582Q,-5.9192962646484375
Q575I:V579C:T581E:R585A,-4.580559730529785
Q575I:V579D,-8.18376350402832
Q575I:V579F,-7.994941234588623
Q575I:V579M:N582D:Q584D:R585Y:N587E:R588A,-7.653525352478027
Q575I:V579T:T581D:R585N:R588M,-1.1423871517181396
Q575I:V579W:N582A:L583E:N587E:R588L,-10.195462226867676
Q575I:V579Y:L583D:Q584E:R585G:R588W,-5.603653430938721
Q575I:Y576F,-6.167530536651611
Q575I:Y576F:S578G,-8.524593353271484
Q575I:Y576F:T581A:L583V:R588H,-12.914807319641113
Q575I:Y576G:L583E,-11.749197006225586
Q575I:Y576H,-7.5771026611328125
Q575I:Y576W:T581E:R588F,-3.4395997524261475
Q575K:L583W,-11.738059997558594
Q575K:N582E,-5.899921417236328
Q575K:N582M,-7.436540603637695
Q575K:N587D,-6.411477088928223
Q575K:N587W,-11.307212829589844
Q575K:Q584W,-12.588155746459961
Q575K:R585E,-4.662903308868408
Q575K:R585P,-5.703210353851318
Q575K:R585T,-5.191896438598633
Q575K:R588C,-4.538676738739014
Q575K:R588M,-3.734410285949707
Q575K:T581E,-6.303286552429199
Q575K:T581M,-9.631595611572266
Q575K:T581N,-7.173770427703857
Q575K:V579L,-9.535937309265137
Q575K:Y576W,-8.653664588928223
Q575L:L583D,-4.548837184906006
Q575L:L583D:R585D:N587D:R588Y,-1.3211721181869507
Q575L:L583D:R588S,-2.3794126510620117
Q575L:L583D:R588Y,-2.3129024505615234
Q575L:L583E,-4.464939117431641
Q575L:L583E:Q584E:R585F:R588Y,-1.7802562713623047
Q575L:L583E:Q584M:R585I,-8.147480010986328
Q575L:L583E:Q584M:R585Q,-8.484270095825195
Q575L:L583E:Q584M:R585Q:R588L,-5.37258243560791
Q575L:L583E:Q584M:R585Q:R588S,-6.314845085144043
Q575L:L583E:Q584M:R588W,-8.619157791137695
Q575L:L583E:R585I,-3.5852932929992676
Q575L:L583E:R585I:R588M,-1.3071882724761963
Q575L:L583E:R585L:R588L,-0.44545459747314453
Q575L:L583E:R588A,-2.081796407699585
Q575L:L583G:R585L:R588A,-3.9791829586029053
Q575L:L583I,-6.518754959106445
Q575L:L583W,-8.779755592346191
Q575L:L583W:R585Q:R588V,-5.006059169769287
Q575L:N582A:L583W:R588D,-8.160736083984375
Q575L:N582A:R585L,-3.7937562465667725
Q575L:N582D,-4.6985626220703125
Q575L:N582D:L583D:R585G:R588C,-1.0379650592803955
Q575L:N582D:L583D:R585T:R588Y,-3.1366353034973145
Q575L:N582D:Q584E:R585V:R588H,-3.161979913711548
Q575L:N582D:R585A:R588I,0.13442325592041016
Q575L:N582E:Q584C,-7.512673377990723
Q575L:N582V,-3.6541500091552734
Q575L:N587D,-3.453172206878662
Q575L:N587D:R588F,-0.6919718980789185
Q575L:N587E:R588M,-0.8548296689987183
Q575L:N587L,-2.889169692993164
Q575L:N587M,-5.125784397125244
Q575L:Q584C,-7.62526798248291
Q575L:Q584C:R588A,-5.242125511169434
Q575L:Q584E,-2.791105270385742
Q575L:Q584E:R585I:R588F,0.849740743637085
Q575L:Q584E:R588F,-0.029904842376708984
Q575L:Q584E:R588S,-0.621680736541748
Q575L:Q584L,-6.794704437255859
Q575L:Q584M:R585L:N587D:R588M,-4.829455852508545
Q575L:Q584M:R585Q,-7.073541164398193
Q575L:Q584M:R585Q:R588F,-4.31234073638916
Q575L:Q584M:R585V:R588F,-3.8692729473114014
Q575L:Q584M:R588L,-4.5047101974487305
Q575L:Q584M:R588M,-5.338291645050049
Q575L:Q584Y,-8.188273429870605
Q575L:R585A,-1.5859801769256592
Q575L:R585A:R588I,1.7787749767303467
Q575L:R585E:R588E,0.6605329513549805
Q575L:R585F:N587L:R588L,0.4081592559814453
Q575L:R585F:R588A,-0.4854259490966797
Q575L:R585G,0.6271746158599854
Q575L:R585G:R588S,2.7965991497039795
Q575L:R585I:N587D:R588A,-0.19038426876068115
Q575L:R585I:R588M,0.10354018211364746
Q575L:R585Q,-2.511354923248291
Q575L:R585Q:N587D,-2.9103164672851562
Q575L:R585Q:R588M,-0.23324966430664062
Q575L:R585T,-2.2335917949676514
Q575L:R585V,-2.0682871341705322
Q575L:R588A,-0.6710681915283203
Q575L:R588D,-0.7878484725952148
Q575L:R588E,-0.6890792846679688
Q575L:R588F,-0.29301023483276367
Q575L:R588I,0.310544490814209
Q575L:R588M,-0.7761054039001465
Q575L:S578A:R588G,-3.746859550476074
Q575L:S578C,-6.195098876953125
Q575L:S578C:R585P,-5.885793685913086
Q575L:S578C:T581N,-7.356353759765625
Q575L:S578D,-3.428687810897827
Q575L:S578D:N582E:L583D:N587D,-5.209681510925293
Q575L:S578E:L583E:R588F,-0.5923902988433838
Q575L:S578G,-5.411273002624512
Q575L:S578G:T581E,-5.7020440101623535
Q575L:S578I:L583D:Q584M:R585L:N587D:R588Y,-9.73793888092041
Q575L:S578I:V579Y:T581E:Q584E:N587D,-12.04512882232666
Q575L:S578L:V579C:L583V:R588L,-9.632654190063477
Q575L:S578M,-7.155372619628906
Q575L:S578V,-6.049238204956055
Q575L:S578V:N582E:L583W:R588T,-9.015789031982422
Q575L:S578V:Q584E:R585H,-6.982771396636963
Q575L:S578V:R585G:N587D:R588T,-0.12041544914245605
Q575L:S578W:T581D:R585A,-6.051260948181152
Q575L:T581A,-6.135720729827881
Q575L:T581A:R585H,-7.332359313964844
Q575L:T581E,-3.3449814319610596
Q575L:T581E:L583E:Q584M:R585Q,-8.775040626525879
Q575L:T581E:L583E:R588A,-2.3725671768188477
Q575L:T581E:N582D:Q584C:R588S,-7.390966415405273
Q575L:T581E:Q584M:R585Q,-7.364312171936035
Q575L:T581E:R585G:R588A,2.71954607963562
Q575L:T581E:R588I,0.01977372169494629
Q575L:T581M:L583W:R585S:R588Y,-9.013795852661133
Q575L:T581M:N582D:Q584E:N587D:R588H,-8.165945053100586
Q575L:T581N,-4.215465545654297
Q575L:T581P,-6.645766735076904
Q575L:T581S:L583W:Q584C,-15.880865097045898
Q575L:T581S:N582E:L583D:R585V:R588D,-3.7140097618103027
Q575L:V579A,-5.6924052238464355
Q575L:V579A:N587G,-8.061431884765625
Q575L:V579A:R585H,-6.889043807983398
Q575L:V579A:T581E:L583I,-9.447720527648926
Q575L:V579E,-8.281206130981445
Q575L:V579K:T581R,-18.665098190307617
Q575L:V579L,-6.577631950378418
Q575L:V579T,-3.4401769638061523
Q575L:V579T:L583D,-4.934803485870361
Q575L:V579Y:R585Q:R588A,-5.320817470550537
Q575L:Y576F,-5.9528608322143555
Q575L:Y576F:L583E,-7.363589286804199
Q575L:Y576F:L583Y,-10.779983520507812
Q575L:Y576G,-10.123798370361328
Q575L:Y576G:R588S,-7.954374313354492
Q575L:Y576W,-5.695359706878662
Q575L:Y576W:L583E:Q584E:N587D:R588S,-5.072519302368164
Q575L:Y576W:L583E:Q584M,-11.66827392578125
Q575L:Y576W:L583E:Q584M:R585Q:R588L,-8.013731956481934
Q575L:Y576W:L583E:R585I:R588F,-3.4652419090270996
Q575L:Y576W:L583E:R588A,-4.722945213317871
Q575L:Y576W:N582Q,-5.856636047363281
Q575L:Y576W:Q584E:R585Q:R588A,-2.506256103515625
Q575L:Y576W:Q584M:R585I:R588A,-6.994757652282715
Q575L:Y576W:Q584M:R585I:R588S,-7.2084760665893555
Q575L:Y576W:Q584M:R585Q,-9.714690208435059
Q575L:Y576W:Q584M:R585Q:R588A,-7.331547737121582
Q575L:Y576W:Q584M:R585Q:R588F,-6.953489780426025
Q575L:Y576W:Q584M:R585V:N587D,-9.670583724975586
Q575L:Y576W:Q584M:R588F,-7.496345520019531
Q575L:Y576W:R585I:R588S,-2.646289587020874
Q575L:Y576W:R588A,-3.3122172355651855
Q575L:Y576W:R588L,-2.5836730003356934
Q575L:Y576W:R588M,-3.4172544479370117
Q575L:Y576W:R588S,-3.525935173034668
Q575L:Y576W:S578I:V579Y:Q584M:R588F,-16.060636520385742
Q575L:Y576W:T581E:L583D:R585I:R588F,-3.8399109840393066
Q575L:Y576W:T581E:Q584M:R585Q:R588L,-6.893774032592773
Q575L:Y576W:T581E:R585I:R588F,-2.3452844619750977
Q575M:L583D:R588D,-2.8490219116210938
Q575M:L583D:R588Y,-2.8794493675231934
Q575M:L583E,-5.031485557556152
Q575M:L583E:R585Q:R588F,-1.7274293899536133
Q575M:L583E:R588F,-2.2702853679656982
Q575M:L583W,-9.346302032470703
Q575M:L583W:R585N,-9.026100158691406
Q575M:N582D:N587D:R588D,-3.3977084159851074
Q575M:N582D:R585Q:N587E:R588H,-4.513424873352051
Q575M:N582E:R585I:R588M,-0.35041236877441406
Q575M:N582E:R585T:R588C,-1.2137055397033691
Q575M:N582G:R585D:R588D,-3.0067269802093506
Q575M:N582H,-6.75557804107666
Q575M:N582L:Q584C:N587D,-8.651651382446289
Q575M:N582L:R585Q:N587D:R588F,-0.7765375375747681
Q575M:N582P:Q584G:R585P:R588E,-4.64959716796875
Q575M:N582V,-4.220696926116943
Q575M:N582V:R585A,-2.7524664402008057
Q575M:N587C,-7.407992839813232
Q575M:N587E,-3.699481964111328
Q575M:R585A,-2.152527093887329
Q575M:R585E,-2.2711453437805176
Q575M:R585H,-4.81739616394043
Q575M:R585H:R588L,-1.705709457397461
Q575M:R585I,-2.741111993789673
Q575M:R585I:R588M,-0.46300673484802246
Q575M:R585M,-3.6851401329040527
Q575M:R585N,-3.3005549907684326
Q575M:R588V,-0.38991689682006836
Q575M:S578A:T581N,-7.151322364807129
Q575M:S578C,-6.761646270751953
Q575M:S578C:R585F:R588V,-3.345163345336914
Q575M:S578E:N582E:R585A,-0.9285845756530762
Q575M:S578E:R588A,-0.1262669563293457
Q575M:S578E:T581A,-5.590919494628906
Q575M:S578G:R585Q:R588F,-2.673764228820801
Q575M:S578G:R588F,-3.2166197299957275
Q575M:S578G:T581E,-6.268590927124023
Q575M:S578G:T581E:L583E:R585Q,-7.136463165283203
Q575M:S578G:T581E:R588F,-3.5073907375335693
Q575M:S578V,-6.615785598754883
Q575M:S578V:L583W:R585F:R588F,-9.394487380981445
Q575M:S578V:N582A:R585I:R588L,-4.271796226501465
Q575M:S578V:R588F,-3.8545849323272705
Q575M:T581A:L583W,-12.427812576293945
Q575M:T581E,-3.9115283489227295
Q575M:T581E:N587D,-4.310489654541016
Q575M:T581E:N587M,-5.983101844787598
Q575M:T581E:Q584M:R585L,-7.565917015075684
Q575M:T581E:R585F:R588E,-1.3607547283172607
Q575M:T581E:R588T,-1.2651288509368896
Q575M:T581L:N582E:Q584D:N587E:R588E,-5.660815238952637
Q575M:T581N:N582E:N587E,-4.748142242431641
Q575M:V579A,-6.2589521408081055
Q575M:V579A:N582C:R585G,-5.335273742675781
Q575M:V579A:Q584E:R585Q,-5.452991008758545
Q575M:V579M,-7.7501606941223145
Q575M:Y576F,-6.519407749176025
Q575M:Y576F:L583E,-7.930135726928711
Q575M:Y576F:L583E:R585Q,-7.387280464172363
Q575M:Y576F:R585I:R588L,-2.5280754566192627
Q575M:Y576F:R585Q,-5.9765520095825195
Q575M:Y576F:R588G,-4.842746734619141
Q575M:Y576F:S578L,-9.76707935333252
Q575M:Y576W:T581E,-6.552677154541016
Q575N:L583D,-3.9930830001831055
Q575N:L583E:N587D,-4.3081464767456055
Q575N:L583G,-6.71436882019043
Q575N:L583I:R585G,-2.2816154956817627
Q575N:N582E:R588W,-1.9778940677642822
Q575N:N582L,-2.559330940246582
Q575N:N582Q,-2.6597328186035156
Q575N:N582S,-4.916069030761719
Q575N:Q584V,-6.114920616149902
Q575N:R585P,-2.1891512870788574
Q575N:R585Q,-1.9556007385253906
Q575N:R588F,0.2627439498901367
Q575N:R588S,-0.32903194427490234
Q575N:R588T,0.14794301986694336
Q575N:S578A,-4.867766380310059
Q575N:S578A:N582E:R588F,-1.993971586227417
Q575N:S578C,-5.639345169067383
Q575N:S578C:T581N,-6.800600051879883
Q575N:S578E,-1.387108325958252
Q575N:S578E:L583C,-6.560290813446045
Q575N:S578E:R585H,-2.583746910095215
Q575N:S578L,-5.746128082275391
Q575N:S578V,-5.4934844970703125
Q575N:T581E,-2.789227247238159
Q575N:T581E:Q584E:R588H,-2.2385685443878174
Q575N:T581F,-7.083401203155518
Q575N:T581H:L583D,-8.577995300292969
Q575N:T581I,-6.144070625305176
Q575N:T581M,-6.117536544799805
Q575N:V579A,-5.136651039123535
Q575N:V579G,-6.450496673583984
Q575N:Y576F:R585V,-4.4111833572387695
Q575P:N582G,-6.1499128341674805
Q575P:Q584C:R585T:R588E,-4.492196083068848
Q575P:Q584D,-3.792926788330078
Q575P:R585E:R588D,0.5090851783752441
Q575P:R585I,-2.227243661880493
Q575P:R588L,0.004797458648681641
Q575P:R588T,-0.46048974990844727
Q575P:S578A:T581M:L583D:R588C,-9.116066932678223
Q575P:S578C:T581E:N582A:L583D:R588Y,-7.444582939147949
Q575P:S578F,-5.071794509887695
Q575P:S578V:T581S:L583D:Q584E:R588M,-7.585385322570801
Q575P:T581A,-6.188399314880371
Q575P:T581A:Q584E,-5.925293922424316
Q575P:T581E:N582E,-3.2850656509399414
Q575P:T581K,-9.78683090209961
Q575P:T581P:N582I:Q584C,-11.717575073242188
Q575P:V579A:N582D,-7.389435291290283
Q575P:V579I:N582T:R588H,-8.472790718078613
Q575P:V579K,-11.31654167175293
Q575P:V579M,-7.236292362213135
Q575P:Y576T,-10.776102066040039
Q575P:Y576W:S578V:T581D:R588L,-5.717227935791016
Q575S:L583D,-3.768242359161377
Q575S:L583S,-6.440762996673584
Q575S:L583Y,-7.100738525390625
Q575S:N582A:L583I:R585V:R588I,-3.0348246097564697
Q575S:N582D,-3.9179675579071045
Q575S:N587C,-6.060851097106934
Q575S:N587L,-2.108574867248535
Q575S:Q584E:N587D:R588C,-0.9356333017349243
Q575S:R585E,-0.9240036010742188
Q575S:R585H,-3.470254421234131
Q575S:R588F,0.48758459091186523
Q575S:R588W,-1.865647792816162
Q575S:S578C:N582P:R588D,-3.296428918838501
Q575S:S578C:R588D,-3.148142099380493
Q575S:S578C:T581M:L583I,-12.498128890991211
Q575S:S578I,-5.645301818847656
Q575S:S578K:N582E,-8.965738296508789
Q575S:S578W:L583V:R588S,-8.436944007873535
Q575S:T581A,-5.355125904083252
Q575S:T581E,-2.5643866062164307
Q575S:T581N:N582Y:R588L,-2.6914074420928955
Q575S:T581V,-5.759887218475342
Q575S:V579A:T581Q,-8.255860328674316
Q575S:V579E,-7.500611305236816
Q575S:V579W,-9.175088882446289
Q575S:V579Y,-7.466220855712891
Q575S:Y576E,-10.737842559814453
Q575T:L583C,-7.980762958526611
Q575T:L583D,-4.302206993103027
Q575T:L583E:N587D,-4.617270469665527
Q575T:L583G:R585V:N587M:R588F,-5.347942352294922
Q575T:L583W:R585G:R588A,-2.468597412109375
Q575T:L583W:R585L:R588F,-4.864127159118652
Q575T:L583W:R585L:R588H,-7.337774276733398
Q575T:N582D:Q584E:R585T:R588C,-1.894369125366211
Q575T:N582D:R588A,-2.0687897205352783
Q575T:N582H,-5.942400932312012
Q575T:N582T,-4.930346488952637
Q575T:N587K,-9.030303955078125
Q575T:Q584C,-7.378637790679932
Q575T:Q584C:R585V,-6.392714500427246
Q575T:Q584D,-3.4936180114746094
Q575T:R585H:R588F,-1.243018627166748
Q575T:R585I:R588G,-0.25127410888671875
Q575T:R588F,-0.046380043029785156
Q575T:R588I,0.5571746826171875
Q575T:R588L,0.3041062355041504
Q575T:R588Y,-0.5716454982757568
Q575T:S578C,-5.948469161987305
Q575T:S578C:N582A,-7.59581184387207
Q575T:S578D,-3.1820576190948486
Q575T:S578E,-1.6962323188781738
Q575T:S578E:N582A:L583I,-6.808119773864746
Q575T:S578E:N582M:R585F:R588V,0.29622578620910645
Q575T:S578G,-5.164643287658691
Q575T:S578G:N582D:R588Y,-4.573060035705566
Q575T:S578V,-5.802608489990234
Q575T:S578W:V579G:T581D:R585L:R588A,-7.933961868286133
Q575T:T581A:R585G:R588I,1.1570501327514648
Q575T:T581D:N582D,-4.537780284881592
Q575T:T581D:R585S,-1.7443232536315918
Q575T:T581E:R588E,-0.7332198619842529
Q575T:T581I:N582Q,-6.614470958709717
Q575T:Y576F,-5.706230640411377
Q575T:Y576F:R585H,-6.90286922454834
Q575T:Y576F:R585Q,-5.163374900817871
Q575T:Y576F:R588I,-2.341475486755371
Q575V:L583C,-7.9392828941345215
Q575V:L583D,-4.2607269287109375
Q575V:L583E,-4.176828384399414
Q575V:L583I,-6.230644702911377
Q575V:L583W:Q584M,-13.053831100463867
Q575V:N582A:R585F:R588G,-2.551140546798706
Q575V:N582D,-4.410451889038086
Q575V:N582D:L583E,-5.82118034362793
Q575V:N582D:R585A,-2.9422216415405273
Q575V:N582D:R585H,-5.607090950012207
Q575V:N582D:R585M,-4.474834442138672
Q575V:N582D:R588W,-4.002484321594238
Q575V:N582E:N587D,-3.0524675846099854
Q575V:N582E:Q584D,-3.339543581008911
Q575V:N582G,-5.809123992919922
Q575V:N582I,-3.214172840118408
Q575V:N582P:L583M,-7.220518112182617
Q575V:N582V:R588K,-5.517276763916016
Q575V:N587A,-5.212486743927002
Q575V:N587G,-5.135127544403076
Q575V:Q584C,-7.337157726287842
Q575V:Q584D,-3.4521379470825195
Q575V:Q584E,-2.502995014190674
Q575V:R585A,-1.2978699207305908
Q575V:R585H,-3.9627389907836914
Q575V:R585H:N587G,-6.331766128540039
Q575V:R585H:R588F,-1.2015385627746582
Q575V:R585N,-2.4458978176116943
Q575V:R585Q,-2.2232446670532227
Q575V:R585S:R588I,1.74776029586792
Q575V:R585V,-1.7801768779754639
Q575V:R585W:R588H,-4.028571605682373
Q575V:R585Y,-2.995370864868164
Q575V:R588H,-2.4785470962524414
Q575V:R588L,0.34558629989624023
Q575V:R588T,-0.11970090866088867
Q575V:R588V,0.4647402763366699
Q575V:S578A,-5.135410308837891
Q575V:S578A:L583E:R585V:R588T,-2.9138152599334717
Q575V:S578A:R585V:R588T,-1.5030872821807861
Q575V:S578A:T581N,-6.296665191650391
Q575V:S578A:T581N:N582A:R588A,-5.56086540222168
Q575V:S578C,-5.906989097595215
Q575V:S578C:Q584E,-5.64388370513916
Q575V:S578D,-3.140577554702759
Q575V:S578D:T581D,-3.226425886154175
Q575V:S578D:V579A:N582D,-7.423123359680176
Q575V:S578D:V579C:T581A:N582V,-9.311165809631348
Q575V:S578E,-1.654752254486084
Q575V:S578E:R585H,-2.851390838623047
Q575V:S578E:T581E:N582V:R585H,-3.742100954055786
Q575V:S578E:V579A:R585H:N587G,-7.858612537384033
Q575V:S578F:T581E:R588L,-1.9100897312164307
Q575V:S578L:N587L,-5.84873104095459
Q575V:S578L:R588A,-3.630629301071167
Q575V:S578V,-5.7611284255981445
Q575V:S578V:N582D:R585G:N587E:R588A,-1.4196765422821045
Q575V:S578V:T581S:R585F:R588C,-6.631700038909912
Q575V:S578W,-7.145533084869385
Q575V:S578W:V579A:Q584M:R585H,-15.542552947998047
Q575V:T581D:L583V:N587E:R588T,-4.237593650817871
Q575V:T581D:N582E,-2.739354372024536
Q575V:T581D:N587M,-4.923522472381592
Q575V:T581E,-3.056871175765991
Q575V:T581E:L583I:Q584M:R585A:N587V,-11.03895378112793
Q575V:T581E:N587M,-5.128444671630859
Q575V:T581E:R585H:N587M,-6.3250837326049805
Q575V:T581G,-6.276634216308594
Q575V:T581I:L583V,-10.365034103393555
Q575V:T581M:N582E,-6.272585868835449
Q575V:T581S:L583W,-11.021697998046875
Q575V:V579A:R585H,-6.60093355178833
Q575V:V579A:R588A,-3.0211524963378906
Q575V:V579T,-3.152066707611084
Q575V:V579W:L583E:Q584E:R585Y:R588H,-10.756914138793945
Q575V:V579Y:T581E:N582L:L583E:Q584M,-14.283265113830566
Q575V:Y576H:V579A:N582V,-10.312456130981445
Q575V:Y576W,-5.407249450683594
Q575V:Y576W:T581E:R585I:R588F,-2.0571742057800293
Q575W:L583D:R585Q:N587D:R588M,-5.041312217712402
Q575W:L583D:R585Q:R588M,-4.642350673675537
Q575W:L583E:N587D:R588L,-4.666688442230225
Q575W:L583E:Q584E:R588F,-4.35510778427124
Q575W:L583E:R585V:R588L,-3.2818031311035156
Q575W:N582A,-7.616028308868408
Q575W:N582G:Q584D:R585Q:N587E,-9.233614921569824
Q575W:N582H,-9.10350513458252
Q575W:N582I,-6.416757583618164
Q575W:N582R,-12.236578941345215
Q575W:N587D:R588M,-4.089541435241699
Q575W:Q584D,-6.654722690582275
Q575W:Q584M:R585Q,-9.988016128540039
Q575W:R585N,-5.648482322692871
Q575W:R585Q,-5.4258294105529785
Q575W:R588A,-3.585542678833008
Q575W:R588F,-3.207484722137451
Q575W:R588L,-2.8569984436035156
Q575W:S578C:T581N,-10.270828247070312
Q575W:S578D,-6.343162536621094
Q575W:S578D:R588V,-3.112321615219116
Q575W:S578E:N582Y,-7.225560188293457
Q575W:S578F,-7.933590888977051
Q575W:S578I:L583E:Q584M:R585Q:R588A,-12.387288093566895
Q575W:S578I:Q584E:R588S,-6.907841205596924
Q575W:S578L,-9.21635627746582
Q575W:T581E:R585F:N587E:R588G,-4.475877285003662
Q575W:T581H,-10.553597450256348
Q575W:T581M,-9.587764739990234
Q575W:T581V,-9.4549560546875
Q575W:V579G,-9.920724868774414
Q575W:V579Y:N582E:Q584E:R585T,-9.964971542358398
Q575W:V579Y:N587D:R588M,-9.282146453857422
Q575W:Y576W,-8.609834671020508
Q575W:Y576W:L583E:R585I,-9.14091682434082
Q575W:Y576W:Q584M:R588A,-10.788878440856934
Q575W:Y576W:R585P,-8.300529479980469
Q575W:Y576W:R588F,-5.848633766174316
Q575W:Y576W:S578I:R588F,-9.220320701599121
Q575W:Y576W:S578I:V579Y:R585T,-16.353506088256836
Q575W:Y576W:T581E,-8.900604248046875
Q575W:Y576W:T581E:N582P:R588T,-6.402492523193359
Q575W:Y576W:T581E:N587D:R588Y,-7.063632011413574
Q575W:Y576W:T581E:R585L,-7.992807865142822
Q575W:Y576W:V579Y:R588W,-13.394472122192383
Q575Y:N587L,-4.160818099975586
Q575Y:N587V,-5.749441146850586
Q575Y:Q584G,-7.880847930908203
Q575Y:R588A,-1.9427165985107422
Q575Y:R588M,-2.0477538108825684
Q575Y:S578Y:N582D,-8.957401275634766
Q575Y:T581A,-7.407369136810303
Q584A:N587A,-5.897064208984375
Q584A:N587D,-3.849639415740967
Q584A:R585D,-2.059985637664795
Q584A:R585N:N587E,-3.2091991901397705
Q584A:R585Q:N587E:R588T,-0.3401467800140381
Q584A:R585S,-2.30157208442688
Q584A:R588A,-1.067535161972046
Q584A:R588F,-0.6894772052764893
Q584A:R588S,-1.2812530994415283
Q584C:N587D,-4.9700188636779785
Q584C:N587E,-4.649781703948975
Q584C:R585A,-3.1028268337249756
Q584C:R585E:N587L,-3.0564041137695312
Q584C:R585F:R588I,-1.0206599235534668
Q584C:R585G:R588Y,1.3462629318237305
Q584C:R585H,-5.767695903778076
Q584C:R585H:N587D:R588S,-3.9972329139709473
Q584C:R585H:R588A,-3.3845534324645996
Q584C:R585I,-3.6914117336273193
Q584C:R585K,-6.844700336456299
Q584C:R585L,-3.663259744644165
Q584C:R585M,-4.635439872741699
Q584C:R585N,-4.2508544921875
Q584C:R585N:R588F,-1.489654302597046
Q584C:R585N:R588I,-0.8860995769500732
Q584C:R585Q,-4.028201580047607
Q584C:R585Q:R588F,-1.2670011520385742
Q584C:R585S,-3.4219517707824707
Q584C:R585T,-3.7504384517669678
Q584C:R585T:R588I,-0.3856832981109619
Q584C:R585V,-3.5851337909698486
Q584C:R585V:R588H,-3.2975804805755615
Q584C:R585W:R588M,-3.8429765701293945
Q584C:R585Y,-4.800327777862549
Q584C:R585Y:R588D,-2.533965587615967
Q584C:R588A,-2.1879148483276367
Q584C:R588C,-3.0972185134887695
Q584C:R588D,-2.3046951293945312
Q584C:R588E,-2.205925941467285
Q584C:R588F,-1.80985689163208
Q584C:R588G,-2.8943965435028076
Q584C:R588H,-4.283504009246826
Q584C:R588K,-6.722294330596924
Q584C:R588L,-1.4593706130981445
Q584C:R588V,-1.3402166366577148
Q584D:N587D,-1.0849992036819458
Q584D:N587E,-0.7647618055343628
Q584D:N587E:R588D,1.5016003847122192
Q584D:N587E:R588H,-0.4772084951400757
Q584D:N587E:R588M,1.5133434534072876
Q584D:N587E:R588W,-0.35679376125335693
Q584D:N587M,-2.7576112747192383
Q584D:R585A:N587D,0.3832312822341919
Q584D:R585A:R588T,3.4285924434661865
Q584D:R585D,0.7046544551849365
Q584D:R585E,0.6635746955871582
Q584D:R585E:R588F,3.4247751235961914
Q584D:R585G,2.995347738265991
Q584D:R585H,-1.882676124572754
Q584D:R585I,0.19360804557800293
Q584D:R585I:R588A,2.5767505168914795
Q584D:R585I:R588T,2.8400075435638428
Q584D:R585L,0.22176003456115723
Q584D:R585P,-0.37673234939575195
Q584D:R585Q,-0.14318180084228516
Q584D:R585S,0.46306800842285156
Q584D:R585S:R588D,2.7294301986694336
Q584D:R585S:R588L,3.5747547149658203
Q584D:R585T:N587E,0.055857062339782715
Q584D:R585T:N587E:R588M,2.3339622020721436
Q584D:R585T:R588V,3.365422010421753
Q584D:R585Y,-0.9153079986572266
Q584D:R588D,1.580324649810791
Q584D:R588E,1.679093837738037
Q584D:R588F,2.075162887573242
Q584D:R588G,0.9906232357025146
Q584D:R588H,-0.3984842300415039
Q584D:R588L,2.4256491661071777
Q584D:R588M,1.5920677185058594
Q584D:R588S,1.4833869934082031
Q584D:R588W,-0.27806949615478516
Q584D:R588Y,1.5498974323272705
Q584E:N587D,-0.1358562707901001
Q584E:N587D:R588M,2.14224910736084
Q584E:N587E,0.1843811273574829
Q584E:N587E:R588A,2.56752347946167
Q584E:N587E:R588D,2.4507431983947754
Q584E:N587E:R588F,2.9455814361572266
Q584E:N587E:R588L,3.296067714691162
Q584E:N587E:R588M,2.4624862670898438
Q584E:N587M,-1.8084683418273926
Q584E:R585A,1.7313358783721924
Q584E:R585A:R588D,3.9976980686187744
Q584E:R585A:R588M,4.009441375732422
Q584E:R585D,1.6537973880767822
Q584E:R585D:N587E,1.5750731229782104
Q584E:R585D:N587E:R588C,3.0489120483398438
Q584E:R585D:N587E:R588F,4.336273193359375
Q584E:R585D:N587E:R588L,4.686759948730469
Q584E:R585D:N587E:R588M,3.8531782627105713
Q584E:R585D:N587E:R588V,4.805913925170898
Q584E:R585D:R588D,3.9201595783233643
Q584E:R585D:R588E,4.018928527832031
Q584E:R585D:R588L,4.765483856201172
Q584E:R585E,1.612717628479004
Q584E:R585E:R588G,3.2893784046173096
Q584E:R585G,3.944490671157837
Q584E:R585G:N587E,3.8657665252685547
Q584E:R585G:R588C,5.418329238891602
Q584E:R585G:R588W,4.352458953857422
Q584E:R585H,-0.9335331916809082
Q584E:R585H:N587E,-1.01225745677948
Q584E:R585H:N587E:R588A,1.370884895324707
Q584E:R585H:N587E:R588F,1.7489428520202637
Q584E:R585H:N587E:R588I,2.3524975776672363
Q584E:R585H:N587E:R588S,1.1571669578552246
Q584E:R585H:N587E:R588W,-0.6042894124984741
Q584E:R585H:R588L,2.1781535148620605
Q584E:R585H:R588M,1.3445720672607422
Q584E:R585I,1.1427509784698486
Q584E:R585I:N587E,1.0640267133712769
Q584E:R585I:N587E:R588A,3.447169065475464
Q584E:R585I:N587E:R588D,3.3303887844085693
Q584E:R585I:N587E:R588F,3.8252270221710205
Q584E:R585I:N587E:R588L,4.175713539123535
Q584E:R585I:R588A,3.525893449783325
Q584E:R585L,1.170902967453003
Q584E:R585L:N587E,1.0921787023544312
Q584E:R585L:N587E:R588A,3.475321054458618
Q584E:R585L:N587E:R588H,1.3797320127487183
Q584E:R585L:R588A,3.5540454387664795
Q584E:R585L:R588F,3.932103395462036
Q584E:R585L:R588S,3.340327501296997
Q584E:R585L:R588V,4.4017438888549805
Q584E:R585M,0.19872283935546875
Q584E:R585M:N587D:R588D,2.0661234855651855
Q584E:R585M:R588A,2.5818653106689453
Q584E:R585N,0.5833079814910889
Q584E:R585N:N587E,0.5045837163925171
Q584E:R585N:N587E:R588F,3.2657840251922607
Q584E:R585N:N587E:R588V,3.735424280166626
Q584E:R585N:R588M,2.8614132404327393
Q584E:R585N:R588Y,2.8192429542541504
Q584E:R585P,0.5724105834960938
Q584E:R585P:N587E:R588E,2.8588175773620605
Q584E:R585P:N587E:R588I,3.8584413528442383
Q584E:R585P:N587E:R588S,2.6631107330322266
Q584E:R585P:R588A,2.9555530548095703
Q584E:R585P:R588D,2.838772773742676
Q584E:R585P:R588E,2.937541961669922
Q584E:R585P:R588I,3.9371657371520996
Q584E:R585Q,0.8059611320495605
Q584E:R585Q:N587E:R588F,3.4884371757507324
Q584E:R585Q:N587E:R588M,3.0053420066833496
Q584E:R585Q:N587E:R588Y,2.96317195892334
Q584E:R585Q:R588E,3.1710925102233887
Q584E:R585Q:R588I,4.170716285705566
Q584E:R585Q:R588S,2.9753856658935547
Q584E:R585Q:R588T,3.4523606300354004
Q584E:R585S,1.4122109413146973
Q584E:R585S:N587V,-0.011371016502380371
Q584E:R585T,1.0837242603302002
Q584E:R585T:N587E:R588A,3.3881423473358154
Q584E:R585T:N587E:R588D,3.271362066268921
Q584E:R585T:N587E:R588L,4.116686820983887
Q584E:R585T:N587E:R588M,3.2831051349639893
Q584E:R585T:R588I,4.448479652404785
Q584E:R585V,1.2490289211273193
Q584E:R585V:N587E,1.1703046560287476
Q584E:R585V:N587E:R588A,3.5534470081329346
Q584E:R585V:N587E:R588F,3.931504964828491
Q584E:R585V:N587E:R588I,4.535059928894043
Q584E:R585V:N587E:R588M,3.4484097957611084
Q584E:R585V:R588C,2.722867727279663
Q584E:R585V:R588D,3.5153911113739014
Q584E:R585V:R588L,4.360715866088867
Q584E:R585V:R588M,3.5271341800689697
Q584E:R585V:R588W,1.6569969654083252
Q584E:R585Y,0.03383493423461914
Q584E:R585Y:N587E:R588A,2.3382530212402344
Q584E:R585Y:R588A,2.4169774055480957
Q584E:R588A,2.6462478637695312
Q584E:R588C,1.7369441986083984
Q584E:R588D,2.5294675827026367
Q584E:R588E,2.628236770629883
Q584E:R588F,3.024305820465088
Q584E:R588G,1.9397661685943604
Q584E:R588H,0.5506587028503418
Q584E:R588I,3.6278605461120605
Q584E:R588L,3.3747920989990234
Q584E:R588M,2.541210651397705
Q584E:R588S,2.432529926300049
Q584E:R588T,2.9095048904418945
Q584E:R588V,3.493946075439453
Q584E:R588W,0.6710734367370605
Q584E:R588Y,2.499040365219116
Q584F:N587A,-7.341233253479004
Q584F:N587E,-4.973571300506592
Q584F:N587F,-7.767515182495117
Q584F:N587L,-4.729805946350098
Q584F:R585D:N587E,-3.5828793048858643
Q584F:R585I,-4.015201568603516
Q584F:R585M,-4.959229469299316
Q584F:R588M,-2.61674165725708
Q584G:N587V,-4.978570938110352
Q584G:R585M,-3.6193716526031494
Q584G:R585N:R588F,-0.4735860824584961
Q584G:R585P,-3.2456839084625244
Q584G:R585P:R588L,-0.13399720191955566
Q584H:N587E,-5.336677074432373
Q584H:N587E:R588I,-1.9719218015670776
Q584H:R585A:N587E:R588L,-0.7567598819732666
Q584H:R585P,-4.948647499084473
Q584H:R588C,-3.784113883972168
Q584H:R588W,-4.849984645843506
Q584K:N587L,-6.430253028869629
Q584L:N587E,-3.819218158721924
Q584L:N587H,-8.463665962219238
Q584L:R585A,-2.272263526916504
Q584L:R585E,-2.3908817768096924
Q584L:R585F:R588G,-1.8781909942626953
Q584L:R585I,-2.8608484268188477
Q584L:R585S,-2.591388463973999
Q584L:R585T,-2.919875144958496
Q584L:R585Y:R588V,-0.7389237880706787
Q584L:R588A,-1.357351541519165
Q584L:R588D,-1.4741318225860596
Q584L:R588V,-0.5096533298492432
Q584M:N587D,-4.961147785186768
Q584M:N587M,-6.63375997543335
Q584M:R585A,-3.0939557552337646
Q584M:R585A:R588F,-0.33275532722473145
Q584M:R585G:R588L,2.2308857440948486
Q584M:R585H,-5.758824825286865
Q584M:R585I,-3.6825406551361084
Q584M:R585I:R588A,-1.2993981838226318
Q584M:R585I:R588L,-0.5708539485931396
Q584M:R585I:R588M,-1.404435396194458
Q584M:R585I:R588W,-3.2745726108551025
Q584M:R585N:R588Y,-2.0060486793518066
Q584M:R585Q,-4.0193305015563965
Q584M:R585Q:N587D,-4.418292045593262
Q584M:R585Q:R588A,-1.63618803024292
Q584M:R585Q:R588F,-1.2581300735473633
Q584M:R585T:R588F,-0.9803669452667236
Q584M:R588A,-2.179043769836426
Q584M:R588F,-1.8009858131408691
Q584M:R588K,-6.713423252105713
Q584M:R588L,-1.4504995346069336
Q584M:R588M,-2.284080982208252
Q584M:R588S,-2.392761707305908
Q584M:R588W,-4.1542181968688965
Q584V:N587V,-5.040045738220215
Q584V:R585E,-2.2668516635894775
Q584V:R585P,-3.3071587085723877
Q584V:R588K,-5.767701148986816
Q584V:R588W,-3.208495855331421
Q584W:N587G,-8.94466781616211
Q584W:N587H,-11.298812866210938
Q584W:N587Y,-10.611318588256836
Q584W:R585V,-5.589716911315918
Q584W:R588D,-4.30927848815918
Q584W:R588F,-3.8144402503967285
Q584W:R588M,-4.297535419464111
Q584W:R588W,-6.167672634124756
Q584Y:N587D,-5.533024311065674
Q584Y:N587H,-9.857234954833984
Q584Y:R585Q,-4.591207027435303
Q584Y:R585Q:R588A,-2.208064556121826
Q584Y:R585W:R588Y,-4.448152542114258
Q584Y:R588D,-2.8677005767822266
Q584Y:R588F,-2.3728623390197754
Q584Y:R588L,-2.02237606048584
R585A:N587D:R588F,3.8304696083068848
R585A:N587D:R588L,4.180955410003662
R585A:N587D:R588M,3.3473739624023438
R585A:N587E,1.389506220817566
R585A:N587E:R588A,3.772648811340332
R585A:N587E:R588C,2.863345146179199
R585A:N587E:R588D,3.6558685302734375
R585A:N587E:R588H,1.677059531211853
R585A:N587E:R588I,4.754261493682861
R585A:N587E:R588L,4.501192569732666
R585A:N587E:R588M,3.667611598968506
R585A:N587E:R588S,3.5589308738708496
R585A:N587E:R588T,4.035905361175537
R585A:N587E:R588V,4.620346546173096
R585A:R588A,3.8513729572296143
R585A:R588D,3.7345926761627197
R585A:R588E,3.833361864089966
R585A:R588F,4.22943115234375
R585A:R588G,3.1448912620544434
R585A:R588H,1.7557837963104248
R585A:R588I,4.832985877990723
R585A:R588L,4.579916954040527
R585A:R588M,3.746335744857788
R585A:R588S,3.637655019760132
R585A:R588T,4.114629745483398
R585A:R588V,4.699070930480957
R585A:R588W,1.8761985301971436
R585A:R588Y,3.704165458679199
R585C:N587E,0.11229526996612549
R585C:R588C,1.664858341217041
R585C:R588F,2.9522199630737305
R585C:R588G,1.867680311203003
R585C:R588W,0.5989875793457031
R585D:N587E,1.3119677305221558
R585D:N587E:R588A,3.695110321044922
R585D:N587E:R588D,3.5783300399780273
R585D:N587E:R588E,3.6770992279052734
R585D:N587E:R588F,4.0731682777404785
R585D:N587E:R588I,4.676723003387451
R585D:N587E:R588S,3.4813923835754395
R585D:N587Y,-2.644986391067505
R585D:R588A,3.773834466934204
R585D:R588D,3.6570541858673096
R585D:R588E,3.7558233737945557
R585D:R588F,4.15189266204834
R585D:R588G,3.067352771759033
R585D:R588H,1.6782453060150146
R585D:R588I,4.7554473876953125
R585D:R588L,4.502378463745117
R585D:R588M,3.668797254562378
R585D:R588S,3.5601165294647217
R585D:R588T,4.037091255187988
R585D:R588V,4.621532440185547
R585D:R588W,1.7986600399017334
R585E:N587D,0.9506505727767944
R585E:N587D:R588D,3.217012882232666
R585E:N587D:R588M,3.2287559509277344
R585E:N587E,1.2708879709243774
R585E:N587E:R588A,3.6540303230285645
R585E:N587E:R588E,3.636019229888916
R585E:N587E:R588I,4.635643005371094
R585E:N587E:R588V,4.501728534698486
R585E:R588C,2.823451042175293
R585E:R588D,3.6159744262695312
R585E:R588F,4.110812664031982
R585E:R588I,4.714367389678955
R585E:R588M,3.6277174949645996
R585E:R588W,1.757580280303955
R585E:R588Y,3.5855472087860107
R585F:N587D,-0.21331942081451416
R585F:N587D:R588H,0.07423388957977295
R585F:N587D:R588S,1.95610511302948
R585F:N587E,0.10691797733306885
R585F:N587E:R588A,2.490060329437256
R585F:N587E:R588D,2.3732800483703613
R585F:N587E:R588L,3.218604564666748
R585F:N587E:R588M,2.3850231170654297
R585F:N587E:R588S,2.2763423919677734
R585F:N587E:R588T,2.753317356109619
R585F:N587E:R588W,0.5148860216140747
R585F:N587E:R588Y,2.34285306930542
R585F:R588A,2.568784713745117
R585F:R588F,2.946842670440674
R585F:R588H,0.47319555282592773
R585F:R588I,3.5503973960876465
R585F:R588M,2.463747501373291
R585F:R588S,2.3550667762756348
R585F:R588T,2.8320417404174805
R585F:R588V,3.416482925415039
R585F:R588W,0.5936102867126465
R585G:N587E,3.6026611328125
R585G:N587E:R588A,5.985803127288818
R585G:N587E:R588F,6.363861560821533
R585G:N587E:R588H,3.890214443206787
R585G:N587E:R588L,6.7143473625183105
R585G:N587E:R588M,5.88076639175415
R585G:N587E:R588S,5.772085666656494
R585G:N587E:R588T,6.249060153961182
R585G:N587E:R588V,6.83350133895874
R585G:N587E:R588W,4.010629177093506
R585G:N587L,3.846426010131836
R585G:R588A,6.06452751159668
R585G:R588C,5.155223846435547
R585G:R588D,5.947747230529785
R585G:R588F,6.4425859451293945
R585G:R588H,3.9689385890960693
R585G:R588K,1.5301482677459717
R585G:R588L,6.793071746826172
R585G:R588M,5.959490776062012
R585G:R588S,5.8508100509643555
R585G:R588T,6.327784538269043
R585G:R588V,6.912225723266602
R585G:R588W,4.089353561401367
R585G:R588Y,5.917320251464844
R585H:N587D,-1.5956002473831177
R585H:N587D:R588L,1.516086459159851
R585H:N587D:R588M,0.6825050115585327
R585H:N587D:R588S,0.5738242864608765
R585H:N587E,-1.2753628492355347
R585H:N587E:R588A,1.107779622077942
R585H:N587E:R588C,0.19847595691680908
R585H:N587E:R588F,1.4858375787734985
R585H:N587E:R588L,1.836323857307434
R585H:N587E:R588M,1.0027424097061157
R585H:N587E:R588S,0.8940616846084595
R585H:N587E:R588T,1.3710366487503052
R585H:N587E:R588V,1.9554778337478638
R585H:N587G,-3.5656657218933105
R585H:N587L,-1.0315977334976196
R585H:N587M,-3.26821231842041
R585H:N587M:R588E,-0.903080940246582
R585H:N587Y,-5.232316970825195
R585H:R588A,1.1865038871765137
R585H:R588C,0.27720022201538086
R585H:R588D,1.0697236061096191
R585H:R588E,1.1684927940368652
R585H:R588F,1.5645618438720703
R585H:R588G,0.4800221920013428
R585H:R588I,2.168116569519043
R585H:R588L,1.9150481224060059
R585H:R588M,1.0814666748046875
R585H:R588S,0.9727859497070312
R585H:R588T,1.449760913848877
R585H:R588V,2.0342020988464355
R585H:R588W,-0.788670539855957
R585H:R588Y,1.0392963886260986
R585I:N587D,0.48068392276763916
R585I:N587D:R588C,1.954522728919983
R585I:N587D:R588E,2.8458151817321777
R585I:N587D:R588F,3.241884231567383
R585I:N587D:R588M,2.7587890625
R585I:N587D:R588V,3.711524486541748
R585I:N587E,0.8009213209152222
R585I:N587E:R588A,3.1840639114379883
R585I:N587E:R588F,3.562121868133545
R585I:N587E:R588I,4.165676593780518
R585I:N587E:R588S,2.970345973968506
R585I:N587E:R588T,3.4473209381103516
R585I:N587H:R588G,-2.166865825653076
R585I:N587L,1.0446864366531372
R585I:R588A,3.2627880573272705
R585I:R588C,2.3534843921661377
R585I:R588E,3.244776964187622
R585I:R588F,3.640846014022827
R585I:R588G,2.5563063621520996
R585I:R588H,1.167198896408081
R585I:R588I,4.244400978088379
R585I:R588L,3.9913322925567627
R585I:R588M,3.1577508449554443
R585I:R588S,3.049070119857788
R585I:R588T,3.526045083999634
R585I:R588V,4.110486030578613
R585I:R588W,1.2876136302947998
R585I:R588Y,3.1155805587768555
R585K:N587D:R588T,-0.02620518207550049
R585K:N587E:R588Y,-0.1164323091506958
R585L:N587D,0.5088359117507935
R585L:N587D:R588C,1.9826747179031372
R585L:N587D:R588F,3.270036220550537
R585L:N587D:R588H,0.7963892221450806
R585L:N587D:R588W,0.9168039560317993
R585L:N587D:R588Y,2.7447710037231445
R585L:N587E,0.8290733098983765
R585L:N587E:R588C,2.3029122352600098
R585L:N587E:R588M,3.1071786880493164
R585L:N587E:R588S,2.99849796295166
R585L:N587E:R588T,3.475472927093506
R585L:N587E:R588V,4.0599141120910645
R585L:N587E:R588Y,3.0650081634521484
R585L:N587S,-2.0600788593292236
R585L:N587Y,-3.127880811691284
R585L:R588A,3.290940046310425
R585L:R588C,2.381636381149292
R585L:R588D,3.1741597652435303
R585L:R588E,3.2729289531707764
R585L:R588F,3.6689980030059814
R585L:R588G,2.584458351135254
R585L:R588H,1.1953508853912354
R585L:R588I,4.272552490234375
R585L:R588L,4.019484519958496
R585L:R588M,3.1859028339385986
R585L:R588S,3.0772221088409424
R585L:R588T,3.554197072982788
R585L:R588V,4.138638496398926
R585L:R588Y,3.1437325477600098
R585M:N587C,-3.8516178131103516
R585M:N587D,-0.4633442163467407
R585M:N587D:R588L,2.6483426094055176
R585M:N587E,-0.14310681819915771
R585M:N587E:R588A,2.2400355339050293
R585M:N587E:R588H,0.1444464921951294
R585M:N587E:R588L,2.9685797691345215
R585M:N587E:R588M,2.134998321533203
R585M:N587E:R588S,2.026317596435547
R585M:N587E:R588V,3.087733745574951
R585M:N587W,-5.359079360961914
R585M:R588A,2.3187599182128906
R585M:R588C,1.4094562530517578
R585M:R588D,2.201979637145996
R585M:R588E,2.300748825073242
R585M:R588F,2.6968178749084473
R585M:R588H,0.22317075729370117
R585M:R588I,3.30037260055542
R585M:R588L,3.047304153442383
R585M:R588M,2.2137227058410645
R585M:R588T,2.582016944885254
R585N:N587D,-0.0787590742111206
R585N:N587D:R588E,2.286372184753418
R585N:N587D:R588L,3.0329275131225586
R585N:N587D:R588S,2.090665340423584
R585N:N587D:R588T,2.5676403045654297
R585N:N587E,0.2414783239364624
R585N:N587E:R588H,0.5290316343307495
R585N:N587E:R588I,3.606233596801758
R585N:N587E:R588L,3.3531651496887207
R585N:N587E:R588M,2.5195837020874023
R585N:N587E:R588S,2.410902976989746
R585N:N587E:R588T,2.887877941131592
R585N:N587E:R588V,3.4723191261291504
R585N:N587G,-2.0488245487213135
R585N:N587L,0.48524343967437744
R585N:N587L:R588Y,2.7211785316467285
R585N:R588A,2.7033450603485107
R585N:R588C,1.794041395187378
R585N:R588D,2.586564779281616
R585N:R588E,2.6853339672088623
R585N:R588F,3.0814030170440674
R585N:R588G,1.9968633651733398
R585N:R588H,0.6077558994293213
R585N:R588I,3.68495774269104
R585N:R588L,3.431889295578003
R585N:R588M,2.5983078479766846
R585N:R588S,2.4896271228790283
R585N:R588T,2.966602087020874
R585N:R588V,3.5510432720184326
R585N:R588W,0.72817063331604
R585N:R588Y,2.5561375617980957
R585P:N587E:R588D,2.4969429969787598
R585P:N587L,0.4743460416793823
R585P:N587L:R588D,2.740708351135254
R585P:R588A,2.6924476623535156
R585P:R588D,2.575667381286621
R585P:R588I,3.674060344696045
R585P:R588M,2.5874104499816895
R585P:R588T,2.955704689025879
R585P:R588V,3.5401458740234375
R585Q:N587D,0.14389407634735107
R585Q:N587D:R588C,1.6177328824996948
R585Q:N587D:R588H,0.4314473867416382
R585Q:N587D:R588M,2.421999454498291
R585Q:N587E,0.4641314744949341
R585Q:N587E:R588A,2.847273826599121
R585Q:N587E:R588D,2.7304935455322266
R585Q:N587E:R588H,0.7516847848892212
R585Q:N587E:R588L,3.5758180618286133
R585Q:N587E:R588M,2.742236614227295
R585Q:N587E:R588S,2.6335558891296387
R585Q:N587E:R588V,3.694972038269043
R585Q:N587G:R588F,0.9350290298461914
R585Q:N587L,0.7078965902328491
R585Q:N587Y,-3.4928226470947266
R585Q:R588A,2.9259982109069824
R585Q:R588C,2.0166945457458496
R585Q:R588E,2.907987117767334
R585Q:R588F,3.304056167602539
R585Q:R588H,0.830409049987793
R585Q:R588I,3.9076108932495117
R585Q:R588L,3.6545424461364746
R585Q:R588M,2.8209609985351562
R585Q:R588S,2.7122802734375
R585Q:R588T,3.1892552375793457
R585Q:R588V,3.7736964225769043
R585Q:R588W,0.9508237838745117
R585Q:R588Y,2.7787907123565674
R585S:N587E:R588A,3.453523635864258
R585S:N587E:R588L,4.18206787109375
R585S:N587E:R588M,3.3484864234924316
R585S:N587E:R588S,3.2398056983947754
R585S:N587E:R588T,3.716780662536621
R585S:R588A,3.532248020172119
R585S:R588D,3.4154677391052246
R585S:R588E,3.5142369270324707
R585S:R588F,3.910305976867676
R585S:R588H,1.4366588592529297
R585S:R588I,4.513860702514648
R585S:R588L,4.260792255401611
R585S:R588M,3.427210807800293
R585S:R588S,3.3185300827026367
R585S:R588T,3.7955050468444824
R585S:R588V,4.379946231842041
R585S:R588W,1.5570735931396484
R585S:R588Y,3.385040521621704
R585T:N587D,0.4216572046279907
R585T:N587D:R588A,2.8047995567321777
R585T:N587D:R588M,2.6997623443603516
R585T:N587D:R588V,3.6524977684020996
R585T:N587E,0.7418946027755737
R585T:N587E:R588A,3.12503719329834
R585T:N587E:R588L,3.853581428527832
R585T:N587E:R588M,3.0199999809265137
R585T:N587E:R588S,2.9113192558288574
R585T:N587E:R588V,3.9727349281311035
R585T:N587E:R588Y,2.9778294563293457
R585T:R588A,3.203761339187622
R585T:R588D,3.0869810581207275
R585T:R588F,3.5818192958831787
R585T:R588G,2.497279644012451
R585T:R588H,1.1081721782684326
R585T:R588I,4.1853742599487305
R585T:R588L,3.9323055744171143
R585T:R588M,3.098724126815796
R585T:R588S,2.9900434017181396
R585T:R588T,3.4670183658599854
R585T:R588W,1.2285869121551514
R585T:R588Y,3.056553840637207
R585V:N587D,0.5869618654251099
R585V:N587D:R588L,3.6986489295959473
R585V:N587E,0.9071992635726929
R585V:N587E:R588E,3.2723307609558105
R585V:N587E:R588F,3.6683998107910156
R585V:N587E:R588L,4.018886089324951
R585V:N587E:R588M,3.185304641723633
R585V:N587E:R588T,3.5535988807678223
R585V:R588A,3.369065999984741
R585V:R588C,2.4597623348236084
R585V:R588D,3.2522857189178467
R585V:R588E,3.3510549068450928
R585V:R588F,3.747123956680298
R585V:R588G,2.6625843048095703
R585V:R588H,1.2734768390655518
R585V:R588I,4.350678443908691
R585V:R588L,4.0976104736328125
R585V:R588M,3.264028787612915
R585V:R588S,3.155348062515259
R585V:R588T,3.6323230266571045
R585V:R588V,4.216764450073242
R585V:R588W,1.3938915729522705
R585V:R588Y,3.221858501434326
R585W:N587D,-1.9489861726760864
R585W:N587D:R588V,1.281854510307312
R585W:N587E,-1.6287487745285034
R585W:N587E:R588A,0.7543936967849731
R585W:N587E:R588L,1.4829379320144653
R585W:N587E:R588M,0.649356484413147
R585W:N587E:R588S,0.5406757593154907
R585W:N587E:R588T,1.0176507234573364
R585W:R588E,0.8151068687438965
R585W:R588F,1.2111759185791016
R585W:R588G,0.12663626670837402
R585W:R588L,1.561662197113037
R585W:R588S,0.6194000244140625
R585W:R588T,1.0963749885559082
R585W:R588V,1.6808161735534668
R585W:R588W,-1.1420564651489258
R585Y:N587D,-0.6282321214675903
R585Y:N587D:R588S,1.5411924123764038
R585Y:N587D:R588W,-0.22026407718658447
R585Y:N587E,-0.3079947233200073
R585Y:N587E:R588A,2.0751476287841797
R585Y:N587E:R588C,1.1658440828323364
R585Y:N587E:R588G,1.3686660528182983
R585Y:N587E:R588H,-0.020441412925720215
R585Y:N587E:R588L,2.803691864013672
R585Y:N587E:R588M,1.970110535621643
R585Y:N587E:R588T,2.338404655456543
R585Y:N587E:R588V,2.9228458404541016
R585Y:N587E:R588W,0.09997332096099854
R585Y:N587V,-1.6528524160385132
R585Y:R588A,2.153872013092041
R585Y:R588C,1.2445683479309082
R585Y:R588D,2.0370917320251465
R585Y:R588E,2.1358609199523926
R585Y:R588F,2.5319299697875977
R585Y:R588H,0.05828285217285156
R585Y:R588I,3.1354846954345703
R585Y:R588L,2.882416248321533
R585Y:R588M,2.048834800720215
R585Y:R588S,1.9401540756225586
R585Y:R588V,3.001570224761963
S578A:L583C,-7.542491912841797
S578A:L583F,-6.76529598236084
S578A:L583I,-5.833853721618652
S578A:L583V:N587E,-6.40135383605957
S578A:N582A:L583E:Q584F:R588D,-8.055866241455078
S578A:N582A:Q584E:R585H:R588D,-2.683823823928833
S578A:N582C:R588D,-2.860654354095459
S578A:N582E:Q584E:R585Y:N587D:R588I,0.742913007736206
S578A:N582I,-2.8173820972442627
S578A:N587L,-2.2042689323425293
S578A:N587W,-7.664006233215332
S578A:Q584D:R585P,-2.746042013168335
S578A:Q584E,-2.1062042713165283
S578A:Q584E:R585P,-1.7968990802764893
S578A:R585D,-0.9786176681518555
S578A:R585G,1.3120756149291992
S578A:R585H,-3.565948247909546
S578A:R585M:R588L,0.6779944896697998
S578A:R585N:R588S,0.12031745910644531
S578A:R585P,-2.060004472732544
S578A:R585Q:R588F,0.934746503829956
S578A:R585S,-1.2202041149139404
S578A:R585V,-1.3833861351013184
S578A:R585V:R588T,1.2630133628845215
S578A:R585W,-3.9193341732025146
S578A:R585Y,-2.5985801219940186
S578A:R588A,0.013832807540893555
S578A:T581A:R585P,-5.141514778137207
S578A:T581D:N582S,-4.872770309448242
S578A:T581E,-2.6600804328918457
S578A:T581E:R585A:R588E,1.1732814311981201
S578A:T581E:R585L:N587E,-1.8310071229934692
S578A:T581Q,-5.713359832763672
S578A:V579A:L583D,-6.50213098526001
S578A:V579A:T581G:N582L:N587D,-8.977874755859375
S578A:V579D,-7.284192085266113
S578C:L583D,-4.635515213012695
S578C:L583E,-4.551616668701172
S578C:L583M,-7.447019577026367
S578C:N582A:R585V:R588L,-0.6906213760375977
S578C:N582D,-4.785240173339844
S578C:N582D:L583D:Q584E:R585G:N587D,-2.73433780670166
S578C:N582D:L583W:R585F,-10.325142860412598
S578C:N582D:R588A,-2.402097702026367
S578C:N582E:L583H:R585Y:N587D:R588V,-6.053545951843262
S578C:N582E:L583I:R585S:N587E:R588D,-3.156094789505005
S578C:N582G:R585V,-5.197988510131836
S578C:N582L,-3.2017629146575928
S578C:N582M:R585F:R588A,-1.9961285591125488
S578C:N582P:L583H:R585Q:R588V,-5.143339157104492
S578C:N587D,-3.5398502349853516
S578C:Q584A,-6.59156608581543
S578C:Q584C,-7.711945533752441
S578C:Q584D:R588L,-0.7152392864227295
S578C:Q584E,-2.8777830600738525
S578C:Q584L:R585A:N587D:R588Y,-3.576179027557373
S578C:R585A,-1.6726579666137695
S578C:R585G,0.540496826171875
S578C:R585P,-2.831583261489868
S578C:R585Q,-2.5980327129364014
S578C:R585Q:R588H,-2.3104794025421143
S578C:R585S,-1.9917829036712646
S578C:R585Y:R588W,-2.962190866470337
S578C:R588D,-0.8745262622833252
S578C:R588F,-0.379688024520874
S578C:R588T,-0.4944889545440674
S578C:T581A,-6.22239875793457
S578C:T581E:Q584E:R588G,-1.4918930530548096
S578C:T581G,-6.651422500610352
S578C:T581M,-6.7599687576293945
S578C:T581M:L583I,-10.224512100219727
S578C:T581N:N582A:R585E:N587G,-6.96890115737915
S578C:T581N:R585M,-4.366526126861572
S578C:T581S,-5.670941352844238
S578C:T581S:N582E:L583D,-7.052973747253418
S578C:T581W,-9.440272331237793
S578C:V579M:T581E,-7.561062335968018
S578D:L583D,-1.8691037893295288
S578D:L583D:N587E:R588A,0.4353142976760864
S578D:L583D:Q584F:R585A:R588L,-2.1840333938598633
S578D:L583D:R585H,-3.0657424926757812
S578D:L583D:R585Q,-1.326248049736023
S578D:L583D:R588A,0.5140386819839478
S578D:L583E,-1.785205364227295
S578D:L583E:Q584M:R588A,-3.9642491340637207
S578D:L583E:R585L,-0.8774077892303467
S578D:L583E:R585N,-1.4650027751922607
S578D:L583E:R585Q,-1.242349624633789
S578D:L583E:R585S:R588F,2.125100612640381
S578D:L583E:R588F,0.9759950637817383
S578D:L583V:R585T,-3.50717830657959
S578D:L583Y,-5.201600074768066
S578D:N582A,-2.021820306777954
S578D:N582A:Q584W:R585M:N587D:R588G,-7.384144306182861
S578D:N582C,-3.1321840286254883
S578D:N582C:N587E,-3.2109084129333496
S578D:N582D,-2.018828868865967
S578D:N582D:L583D:Q584C:R585H,-9.281150817871094
S578D:N582D:Q584C,-6.589886665344238
S578D:N582D:Q584E:R588D,0.5106387138366699
S578D:N582D:R585H,-3.2154674530029297
S578D:N582D:R585M:R588F,0.6779890060424805
S578D:N582D:R585N,-1.6986262798309326
S578D:N582D:R585Y,-2.2480993270874023
S578D:N582D:R588L,1.092857837677002
S578D:N582E,-0.2618827819824219
S578D:N582E:R585Y,-0.4911532402038574
S578D:N582F,-1.552382469177246
S578D:N582G,-3.4175009727478027
S578D:N582G:N587E,-3.496225357055664
S578D:N582I,-0.82254958152771
S578D:N582I:N587E,-0.9012738466262817
S578D:N582Q,-0.5357534885406494
S578D:N582R:Q584W,-13.218011856079102
S578D:N582T,-2.4972429275512695
S578D:N582T:L583D:R588A,-1.6087270975112915
S578D:N582V,-0.9744164943695068
S578D:N582V:N587M,-3.045990228652954
S578D:N582V:R585H,-2.1710550785064697
S578D:N587D,-0.7734388113021851
S578D:N587E,-0.45320141315460205
S578D:N587E:R588K,-2.604438304901123
S578D:N587G:R588A,-0.36036181449890137
S578D:N587M,-2.4460508823394775
S578D:Q584C:R585H,-6.142172813415527
S578D:Q584C:R585H:R588A,-3.759030818939209
S578D:Q584C:R585Y,-5.1748046875
S578D:Q584C:R588A,-2.562391996383667
S578D:Q584C:R588H,-4.657980918884277
S578D:Q584C:R588V,-1.7146937847137451
S578D:Q584E,-0.11137175559997559
S578D:Q584F:R588I,-1.9045689105987549
S578D:Q584G,-3.9294662475585938
S578D:Q584M:R585Q,-4.393807411193848
S578D:Q584V:R585A:R588H,-2.2351572513580322
S578D:R585A,1.0937533378601074
S578D:R585D,1.0162148475646973
S578D:R585F:N587E,-0.2675591707229614
S578D:R585F:R588F,2.5723655223846436
S578D:R585H,-1.5711157321929932
S578D:R585H:N587E,-1.649839997291565
S578D:R585H:R588A,0.8120267391204834
S578D:R585I:N587E,0.4264441728591919
S578D:R585I:N587E:R588Y,2.662379264831543
S578D:R585L,0.533320426940918
S578D:R585N,-0.054274559020996094
S578D:R585N:R588M,2.2238306999206543
S578D:R585Q,0.16837859153747559
S578D:R585S,0.7746284008026123
S578D:R585T,0.44614171981811523
S578D:R585W,-1.924501657485962
S578D:R585Y,-0.6037476062774658
S578D:R585Y:N587E:R588L,2.4292147159576416
S578D:R588A,2.0086653232574463
S578D:R588C,1.0993616580963135
S578D:R588E,1.9906542301177979
S578D:R588H,-0.08692383766174316
S578D:R588I,2.9902780055999756
S578D:R588L,2.7372095584869385
S578D:R588M,1.9036281108856201
S578D:R588S,1.7949473857879639
S578D:R588T,2.2719223499298096
S578D:R588V,2.856363534927368
S578D:R588W,0.033490896224975586
S578D:R588Y,1.8614578247070312
S578D:T581A,-3.4559872150421143
S578D:T581C,-3.8056089878082275
S578D:T581D,-0.4603254795074463
S578D:T581D:N582V,-1.0602648258209229
S578D:T581D:N582V:N587G,-3.4292919635772705
S578D:T581E,-0.665247917175293
S578D:T581E:L583D:Q584D:N587E,-2.9246363639831543
S578D:T581E:L583E:Q584M,-6.638162612915039
S578D:T581E:L583E:Q584M:N587D,-7.037124156951904
S578D:T581E:L583E:Q584M:R585Q:N587D:R588M,-4.216163158416748
S578D:T581E:L583E:Q584M:R588W,-6.230194568634033
S578D:T581E:L583E:R585H:N587D,-3.671576499938965
S578D:T581E:L583E:R585H:R588L,-0.16092801094055176
S578D:T581E:L583E:R585Q:N587D:R588F,0.8291183710098267
S578D:T581E:L583E:R585Q:R588F,1.2280800342559814
S578D:T581E:L583G,-4.881159782409668
S578D:T581E:N582C:Q584C:R585H:N587E:R588L,-6.157688140869141
S578D:T581E:N582C:R585H:N587E,-4.698317527770996
S578D:T581E:N582C:R585H:N587E:R588L,-1.5866310596466064
S578D:T581E:N582C:R585H:N587E:R588M,-2.4202122688293457
S578D:T581E:N582D,-2.3095996379852295
S578D:T581E:N582D:N587E,-2.3883237838745117
S578D:T581E:N582D:Q584C:R585G:R588A,-0.8161296844482422
S578D:T581E:N582D:Q584C:R585H:R588A,-5.694153308868408
S578D:T581E:N582D:R585A:R588H,-0.5538158416748047
S578D:T581E:N582D:R585H,-3.5062382221221924
S578D:T581E:N582D:R585H:R588A,-1.1230957508087158
S578D:T581E:N582D:R585H:R588L,-0.39455151557922363
S578D:T581E:N582D:R585H:R588V,-0.27539753913879395
S578D:T581E:N582D:R585N,-1.9893970489501953
S578D:T581E:N582D:R585N:R588V,1.2414436340332031
S578D:T581E:N582D:R585S,-1.160494089126587
S578D:T581E:N582D:R585T:R588H,-1.2014274597167969
S578D:T581E:N582D:R585T:R588S,0.6804437637329102
S578D:T581E:N582D:R585V,-1.3236761093139648
S578D:T581E:N582D:R585V:R588I,2.041079044342041
S578D:T581E:N582D:R585V:R588L,1.788010597229004
S578D:T581E:N582D:R585V:R588M,0.9544291496276855
S578D:T581E:N582D:R585Y:R588A,-0.15572762489318848
S578D:T581E:N582D:R585Y:R588F,0.22233033180236816
S578D:T581E:N582D:R585Y:R588M,-0.26076483726501465
S578D:T581E:N582D:R588A,0.07354283332824707
S578D:T581E:N582D:R588H,-2.0220463275909424
S578D:T581E:N582D:R588I,1.0551555156707764
S578D:T581E:N582D:R588M,-0.0314943790435791
S578D:T581E:N582E:L583D:Q584C:R585H,-7.814976692199707
S578D:T581E:N582E:Q584C,-5.123710632324219
S578D:T581E:N582E:Q584C:R585Q:R588A,-2.1977124214172363
S578D:T581E:N582E:R585G,3.1287317276000977
S578D:T581E:N582E:R585Y:R588I,2.5828311443328857
S578D:T581E:N582E:R588C,0.9211852550506592
S578D:T581E:N582I:L583E:N587D,-2.9230103492736816
S578D:T581E:N582I:L583E:N587D:R588A,-0.5398677587509155
S578D:T581E:N587E,-0.7439721822738647
S578D:T581E:N587E:R588A,1.6391701698303223
S578D:T581E:N587G,-3.0342750549316406
S578D:T581E:Q584C,-5.236305236816406
S578D:T581E:Q584C:R585G:R588A,0.8282225131988525
S578D:T581E:Q584C:R585H:R588S,-4.263519287109375
S578D:T581E:Q584C:R585M:R588D,-3.03432559967041
S578D:T581E:Q584C:R588A,-2.8531627655029297
S578D:T581E:Q584D:R585N:N587E,-1.1098071336746216
S578D:T581E:Q584M,-5.227434158325195
S578D:T581E:Q584M:R585H:R588L,-3.3123860359191895
S578D:T581E:Q584M:R585Q:N587D:R588A,-2.700397491455078
S578D:T581E:Q584M:R585Q:N587D:R588M,-2.8054347038269043
S578D:T581E:Q584M:R585Q:R588A,-2.301435947418213
S578D:T581E:Q584M:R585Q:R588M,-2.406473159790039
S578D:T581E:Q584M:R588A,-2.8442916870117188
S578D:T581E:R585A,0.8029825687408447
S578D:T581E:R585G,3.0161373615264893
S578D:T581E:R585H,-1.8618865013122559
S578D:T581E:R585H:N587D,-2.260848045349121
S578D:T581E:R585H:N587E,-1.9406107664108276
S578D:T581E:R585H:N587E:R588M,0.33749449253082275
S578D:T581E:R585H:R588A,0.5212559700012207
S578D:T581E:R585H:R588I,1.50286865234375
S578D:T581E:R585H:R588S,0.3075380325317383
S578D:T581E:R585K,-2.9388909339904785
S578D:T581E:R585L:R588V,3.473390579223633
S578D:T581E:R585M:R588A,1.6535120010375977
S578D:T581E:R585N:N587E,-0.42376959323883057
S578D:T581E:R585N:N587E:R588L,2.6879172325134277
S578D:T581E:R585Q,-0.12239217758178711
S578D:T581E:R585Q:R588A,2.2607502937316895
S578D:T581E:R585Q:R588C,1.3514466285705566
S578D:T581E:R585Q:R588F,2.638808250427246
S578D:T581E:R585Q:R588M,2.1557130813598633
S578D:T581E:R585S,0.4838576316833496
S578D:T581E:R585Y,-0.8945183753967285
S578D:T581E:R588A,1.7178945541381836
S578D:T581E:R588I,2.699507236480713
S578D:T581E:R588L,2.446438789367676
S578D:T581E:R588M,1.6128573417663574
S578D:T581E:R588V,2.5655927658081055
S578D:T581I:R585N,-3.6998887062072754
S578D:T581K:L583D:Q584L:N587D,-12.688501358032227
S578D:T581S,-2.9045298099517822
S578D:T581W,-6.673861503601074
S578D:V579A,-3.012671709060669
S578D:V579A:L583D,-4.507298469543457
S578D:V579A:L583D:R588D,-2.240936279296875
S578D:V579A:L583E,-4.423399925231934
S578D:V579A:L583E:N587E,-4.502124309539795
S578D:V579A:N582A,-4.660015106201172
S578D:V579A:N582A:R585D,-3.2693228721618652
S578D:V579A:N582E,-2.9000773429870605
S578D:V579A:N582E:Q584C:R585H,-8.667773246765137
S578D:V579A:N582E:R585H,-4.096715927124023
S578D:V579A:N587M,-5.084245681762695
S578D:V579A:T581A:R585H,-7.290820121765137
S578D:V579A:T581D:N582V:N587G,-6.06748628616333
S578D:V579A:T581D:N587G,-5.467547416687012
S578D:V579A:T581E,-3.3034424781799316
S578D:V579A:T581E:N582D:R585N,-4.627591609954834
S578D:V579A:T581E:N582E:L583E:Q584C:R585H,-10.369272232055664
S578D:V579A:T581E:N582E:Q584C:R585H,-8.95854377746582
S578D:V579A:T581E:N587E:R588A,-0.9990242719650269
S578D:V579A:T581E:N587G,-5.672469615936279
S578D:V579D:T581M:Q584E:N587E:R588L,-5.612371921539307
S578D:V579F,-5.10053825378418
S578D:V579M,-4.503880500793457
S578D:V579T,-0.7604434490203857
S578D:V579W,-7.2759504318237305
S578D:V579W:L583D,-8.770576477050781
S578D:V579W:T581E:N582D:N587E:R588M,-7.011691570281982
S578D:V579Y,-5.567082405090332
S578D:V579Y:L583E,-6.977810382843018
S578D:V579Y:R585Q,-5.024226188659668
S578D:V579Y:T581E:L583E:Q584M:R588W,-11.422799110412598
S578D:V579Y:T581E:N587D:R588M,-3.9787092208862305
S578D:V579Y:T581E:Q584M,-10.420039176940918
S578D:V579Y:T581E:Q584M:R585Q:R588A,-7.494040489196777
S578E:L583D:R588V,2.847562313079834
S578E:L583F:R585H,-4.481276988983154
S578E:N582A:R585M,-0.6003775596618652
S578E:N582D,-0.533003568649292
S578E:N582D:R585G:N587D,2.749419927597046
S578E:N582D:R585I:N587E,0.2679177522659302
S578E:N582D:R585S:R588Y,2.852036952972412
S578E:N582M:L583C:R585L:N587K,-10.80078411102295
S578E:N582M:R585L,0.595120906829834
S578E:N582M:R585L:N587K,-5.627601623535156
S578E:N582T,-1.0114176273345947
S578E:N582V,0.511408805847168
S578E:N582V:N587G,-1.8576183319091797
S578E:N582V:R585H:N587G,-3.0542569160461426
S578E:N587D,0.7123864889144897
S578E:N587D:R588A,3.095529079437256
S578E:N587E:R588A,3.4157662391662598
S578E:N587G,-1.2576789855957031
S578E:N587M,-0.9602255821228027
S578E:N587M:R588D,1.3061366081237793
S578E:Q584A,-2.339329481124878
S578E:Q584L:R588D,-0.36278367042541504
S578E:Q584Y,-4.022714614868164
S578E:R585F,1.2969903945922852
S578E:R585G,4.792733192443848
S578E:R585G:N587D,4.393771648406982
S578E:R585H,-0.08529043197631836
S578E:R585H:R588H,0.20226287841796875
S578E:R585I:R588L,5.102680206298828
S578E:R585L,2.0191457271575928
S578E:R585Q,1.6542038917541504
S578E:R585V:R588S,4.266695976257324
S578E:R585W,-0.4386763572692871
S578E:R588A,3.494490623474121
S578E:R588D,3.3777103424072266
S578E:R588E,3.4764795303344727
S578E:R588H,1.3989014625549316
S578E:R588S,3.2807726860046387
S578E:T581A:N587D:R588F,0.3920769691467285
S578E:T581D,1.0254998207092285
S578E:T581D:N582D:R585Q:N587E:R588V,3.076120138168335
S578E:T581D:N582E:R585V:R588Y,4.359952926635742
S578E:T581D:R585H,-0.17113876342773438
S578E:T581D:R585Q:N587E,1.4896312952041626
S578E:T581D:R585Q:N587E:R588V,4.7204718589782715
S578E:T581E,0.8205773830413818
S578E:T581E:L583E:R585N,-0.26994824409484863
S578E:T581E:L583E:R585Q:N587D:R588F,2.314943552017212
S578E:T581E:L583E:R585Q:R588F,2.7139053344726562
S578E:T581E:N582G:R585E:N587E:R588C,0.5222804546356201
S578E:T581E:N582I:Q584G:R588C,-1.7086451053619385
S578E:T581E:N582I:R585Y,0.1432344913482666
S578E:T581E:N582V:L583C:R585H,-6.14918327331543
S578E:T581E:N582V:N587E,0.1419137716293335
S578E:T581E:N582V:N587G,-2.1483891010284424
S578E:T581E:N582V:R585H:N587E,-1.0547248125076294
S578E:T581E:N587D,0.42161571979522705
S578E:T581E:N587D:R588H,0.7091690301895142
S578E:T581E:N587E,0.7418531179428101
S578E:T581E:N587E:R588C,2.2156920433044434
S578E:T581E:N587G,-1.5484497547149658
S578E:T581E:R585A:N587E:R588M,4.488188743591309
S578E:T581E:R585E:N587E:R588C,3.5653042793273926
S578E:T581E:R585H,-0.37606120109558105
S578E:T581E:R585H:R588V,2.8547794818878174
S578E:T581E:R585N,1.140779972076416
S578E:T581E:R585Q:R588F,4.1246337890625
S578E:T581E:R588F,3.581777811050415
S578E:T581I:N582G:N587D:R588C,-4.502412796020508
S578E:T581M:N582D,-4.152083396911621
S578E:T581N:L583D:Q584C,-6.115590572357178
S578E:V579A,-1.5268464088439941
S578E:V579A:N582V,-2.1267857551574707
S578E:V579A:N582V:N587G,-4.495812892913818
S578E:V579A:N587M,-3.5984201431274414
S578E:V579A:R588A,0.8562960624694824
S578E:V579A:T581D,-1.6126947402954102
S578E:V579A:T581E:N582V:N587G,-4.78658390045166
S578E:V579A:T581E:N587M,-3.889190912246704
S578E:V579C:R585H:N587E,-2.653153896331787
S578E:V579D,-3.803534507751465
S578F:L583D,-3.4595322608947754
S578F:L583W:Q584W,-14.266091346740723
S578F:N582E:L583D:R585M:R588S,-1.2418957948684692
S578F:N582G,-5.00792932510376
S578F:N582G:R585H:N587M:R588E,-5.911010265350342
S578F:N582P:R585S,-0.9640870094299316
S578F:N582S,-4.3825178146362305
S578F:Q584C,-6.53596305847168
S578F:Q584F,-6.859752655029297
S578F:Q584F:R585E,-5.510140419006348
S578F:Q584W,-8.540546417236328
S578F:R585F,-1.7792632579803467
S578F:R585H:R588V,0.06929659843444824
S578F:R585Q,-1.4220497608184814
S578F:R585Q:R588C,0.051789045333862305
S578F:R585S,-0.8157999515533447
S578F:R585T,-1.1442866325378418
S578F:R588K,-4.116142272949219
S578F:T581D,-2.0507538318634033
S578F:T581D:N582L,-2.111628293991089
S578F:T581E,-2.25567626953125
S578F:T581E:L583W:R585W:R588K,-11.68248176574707
S578F:T581M,-5.583985328674316
S578F:T581S,-4.49495792388916
S578F:V579A:N582G:R585H:N587M:R588E,-8.549203872680664
S578G:L583E,-3.7677907943725586
S578G:L583E:N587D,-4.166752815246582
S578G:L583E:R585Q,-3.2249350547790527
S578G:L583S,-6.524209976196289
S578G:N582E:L583D,-3.7390949726104736
S578G:N582L:R585H,-3.6145756244659424
S578G:N582P:Q584D:R585H:R588W,-3.980057716369629
S578G:N582R,-8.624956130981445
S578G:N582T,-4.479828357696533
S578G:N587A,-4.803448677062988
S578G:Q584E:R585T,-1.2733383178710938
S578G:Q584E:R588H,-1.8064038753509521
S578G:Q584L,-6.0975565910339355
S578G:R585G,1.3243227005004883
S578G:R585N:R588D,0.22950220108032227
S578G:R585Q,-1.814206838607788
S578G:R585S,-1.2079570293426514
S578G:R585Y:R588E,-0.22120165824890137
S578G:R588F,0.40413784980773926
S578G:R588H,-2.069509267807007
S578G:R588I,1.007692575454712
S578G:R588K,-4.508299827575684
S578G:R588L,0.7546241283416748
S578G:T581C,-5.78819465637207
S578G:T581D,-2.44291090965271
S578G:T581E,-2.6478333473205566
S578G:T581E:L583D,-4.142459869384766
S578G:T581E:N582A:R585N,-3.9749739170074463
S578G:T581E:N582D,-4.292184829711914
S578G:T581E:N582E:R585L:R588A,0.7557010650634766
S578G:V579A:R585A:R588M,-1.2489216327667236
S578G:V579I:T581D,-5.973599433898926
S578G:V579M,-6.4864654541015625
S578H:L583S,-8.675355911254883
S578H:L583Y,-9.335331916809082
S578H:N582A,-6.155552387237549
S578H:N582I:L583I:N587E,-8.499549865722656
S578H:Q584L,-8.248703002929688
S578H:Q584W,-11.083849906921387
S578H:R585I,-3.628563642501831
S578H:R585V:R588E,-1.1571543216705322
S578H:R588V,-1.2773685455322266
S578H:T581D,-4.594057559967041
S578H:T581F,-9.093153953552246
S578H:T581W,-10.80759334564209
S578H:V579G,-8.460248947143555
S578I:L583D:Q584E,-4.603207588195801
S578I:L583D:Q584M:R585L:N587D:R588Y,-6.683728218078613
S578I:L583D:R585L:N587D:R588Y,-2.121541976928711
S578I:L583E:Q584E,-4.519309043884277
S578I:L583E:Q584M:R585Q,-8.80174446105957
S578I:L583E:R585L,-3.874616861343384
S578I:N582A:R585Q,-4.476173400878906
S578I:N582A:R585V:N587D:R588L,-1.3203808069229126
S578I:N582C:R588Y,-3.893458127975464
S578I:N582E:L583D:Q584M:R585L,-8.408106803894043
S578I:N582E:R585Y:R588L,-0.3766756057739258
S578I:N587D:R588S,-1.601223349571228
S578I:Q584D:R588A,-1.6745812892913818
S578I:Q584M,-7.933872222900391
S578I:Q584M:N587D,-8.332834243774414
S578I:Q584M:R585L:N587D,-7.425036430358887
S578I:Q584M:R585L:N587D:R588Y,-5.189101696014404
S578I:R585D:R588D,0.2853679656982422
S578I:R585D:R588M,0.29711103439331055
S578I:R585G:R588Y,2.5456340312957764
S578I:R585L:R588T,0.1825108528137207
S578I:R585Q:R588L,0.2828562259674072
S578I:R585T,-2.551067352294922
S578I:R585V:N587D:R588L,0.3269624710083008
S578I:R585Y:R588L,-0.4892699718475342
S578I:R585Y:R588S,-1.4315321445465088
S578I:R588A,-0.9885437488555908
S578I:R588D,-1.1053240299224854
S578I:R588I,-0.0069310665130615234
S578I:R588S,-1.2022616863250732
S578I:R588W,-2.9637181758880615
S578I:T581D,-3.4575345516204834
S578I:T581D:R585D:N587D,-2.465804100036621
S578I:T581E,-3.66245698928833
S578I:T581E:L583D:R588Y,-2.9211487770080566
S578I:T581E:N582C:L583E:N587L:R588G,-5.989190578460693
S578I:T581E:N582P,-3.810744047164917
S578I:T581E:Q584D:R585F,-4.1628522872924805
S578I:T581E:Q584M:N587D,-8.623604774475098
S578I:T581E:R585F,-3.4768147468566895
S578I:T581H,-7.956598281860352
S578I:T581M:N582C:R588Y,-7.512538433074951
S578I:V579A,-6.009881019592285
S578I:V579A:N582A:L583G:Q584E:R585V:N587D:R588L,-7.911382675170898
S578I:V579A:N582A:Q584E:R585V:N587D:R588L,-3.695469856262207
S578I:V579A:N582A:R585V:N587D:R588L,-3.958575487136841
S578I:V579A:N582V,-6.609820365905762
S578I:V579A:T581D,-6.095728874206543
S578I:V579A:T581E,-6.300651550292969
S578I:V579C:Q584E:R585E:N587D:R588D,-2.3807075023651123
S578I:V579Y,-8.564291000366211
S578I:V579Y:Q584M:R585T:N587D,-12.70482063293457
S578I:V579Y:T581D:R588S,-6.480714797973633
S578K:L583E,-8.215445518493652
S578K:L583M,-11.110847473144531
S578K:Q584D,-7.4907546043396
S578K:R585D,-5.41402530670166
S578K:R585E,-5.455104827880859
S578K:R585G,-3.1233317852020264
S578K:R585N,-6.484514236450195
S578L:L583C,-8.420853614807129
S578L:L583E:R585P:R588E,-1.9839630126953125
S578L:N582D:R588S,-2.7225985527038574
S578L:N582I:R585T:R588A,-0.49198246002197266
S578L:N582S,-5.665283679962158
S578L:N582V:N587S,-6.815486907958984
S578L:N582V:R588G,-2.170949935913086
S578L:N587G,-5.616698265075684
S578L:Q584A,-6.6983489990234375
S578L:R585H,-4.444310188293457
S578L:R585M,-3.312053918838501
S578L:R588D,-0.981309175491333
S578L:R588G,-1.5710105895996094
S578L:T581C,-6.678803443908691
S578L:T581D:N587A:R588M,-3.501800775527954
S578L:T581D:R588L,-0.2218329906463623
S578L:T581E:R585A:R588K,-4.22144889831543
S578L:V579F:T581D:R585W,-9.609604835510254
S578M:L583V,-8.054481506347656
S578M:N582D,-5.745513916015625
S578M:N582Q:N587M,-6.334012031555176
S578M:N582Q:R585T:N587M,-5.513393402099609
S578M:N587C,-7.888397216796875
S578M:Q584D:R585P:N587E,-4.556618690490723
S578M:R585C,-3.910142421722412
S578M:R585I,-3.2215163707733154
S578M:R588S,-1.9317374229431152
S578M:T581D:N582E:R588V,-0.8435752391815186
S578M:V579D,-9.016044616699219
S578R:L583K,-15.401984214782715
S578R:N582I,-7.849596977233887
S578R:Q584C:R588F,-9.211381912231445
S578R:V579F,-12.127585411071777
S578V:L583E:R585H:R588E,-3.2372632026672363
S578V:L583E:R588F,-1.6445555686950684
S578V:L583I:R585I,-5.579926490783691
S578V:N582A:L583D:Q584E:R585Y:N587E:R588C,-4.708047866821289
S578V:N582A:N587D,-5.041332721710205
S578V:N582A:Q584E:R585Q:N587E:R588H,-3.6275806427001953
S578V:N582A:Q584E:R585Y:N587E:R588C,-3.21342134475708
S578V:N582A:R585Y:N587E:R588C,-3.4765267372131348
S578V:N582A:R588E,-2.2772395610809326
S578V:N582A:R588Y,-2.406435966491699
S578V:N582D,-4.639379501342773
S578V:N582D:L583D,-6.134006500244141
S578V:N582D:Q584E:R585S:R588V,0.0036721229553222656
S578V:N582D:Q584E:R585V:R588T,-0.7439510822296143
S578V:N582D:R585F,-4.453737258911133
S578V:N582D:R585G:N587E:R588D,1.2296438217163086
S578V:N582D:R585I:R588M,-1.481628656387329
S578V:N582D:R585M:N587E:R588M,-2.5043811798095703
S578V:N582D:R585N,-4.31917667388916
S578V:N582D:R585N:R588I,-0.9544217586517334
S578V:N582D:R588W,-4.231411457061768
S578V:N582E,-2.8824334144592285
S578V:N582E:N587E,-2.9611575603485107
S578V:N582E:Q584E:R585P,-2.3100228309631348
S578V:N582E:R585H:N587E:R588I,-0.7930411100387573
S578V:N582E:R585I:R588M,0.2753174304962158
S578V:N582E:R585L:N587E:R588V,1.1774805784225464
S578V:N582E:R585W:R588E,-2.067326545715332
S578V:N582E:R585Y:R588T,-0.4653043746948242
S578V:N582P,-3.143314838409424
S578V:N582T:N587G:R588A,-5.103678226470947
S578V:N582V:R585A:R588Y,0.10919833183288574
S578V:N587D:R588A,-1.0108469724655151
S578V:N587E,-3.073751926422119
S578V:Q584D:R585D:R588F,0.4708273410797119
S578V:Q584E,-2.7319223880767822
S578V:Q584E:N587E:R588M,-0.5325415134429932
S578V:Q584E:R588D,-0.4655601978302002
S578V:Q584E:R588F,0.029278039932250977
S578V:Q584W,-9.57066822052002
S578V:R585D,-1.6043357849121094
S578V:R585G,0.6863574981689453
S578V:R585H,-4.191666603088379
S578V:R585L,-2.0872302055358887
S578V:R585M:N587E,-3.138134479522705
S578V:R585N:R588E,-0.3096938133239746
S578V:R585N:R588W,-2.266857147216797
S578V:R585P:R588V,0.5451180934906006
S578V:R585Q,-2.452172040939331
S578V:R585Q:N587E,-2.5308961868286133
S578V:R585S,-1.8459222316741943
S578V:R585S:N587E,-1.9246463775634766
S578V:R585V:R588D,0.25725793838500977
S578V:R585W:N587D:R588C,-3.470175266265869
S578V:R585Y:N587E,-3.3030223846435547
S578V:R585Y:R588G,-1.5476374626159668
S578V:R588A,-0.6118853092193604
S578V:R588C,-1.5211889743804932
S578V:R588E,-0.6298964023590088
S578V:R588F,-0.2338273525238037
S578V:R588G,-1.3183670043945312
S578V:R588H,-2.70747447013855
S578V:R588M,-0.7169225215911865
S578V:R588S,-0.8256032466888428
S578V:R588V,0.23581290245056152
S578V:R588W,-2.587059736251831
S578V:R588Y,-0.7590928077697754
S578V:T581A:N582C:Q584C:R585P:R588E,-10.730865478515625
S578V:T581D,-3.080876111984253
S578V:T581E,-3.2857985496520996
S578V:T581E:N582E:R588F,-0.412003755569458
S578V:T581E:N582E:R588L,-0.06151747703552246
S578V:T581E:R585H:R588H,-4.194883823394775
S578V:T581E:R585V,-2.299875020980835
S578V:T581E:R585Y,-3.515069007873535
S578V:T581E:R588D,-1.0194363594055176
S578V:T581E:R588F,-0.5245981216430664
S578V:T581E:R588T,-0.6393990516662598
S578V:T581M,-6.614108085632324
S578V:T581M:Q584E:R588G,-4.674342155456543
S578V:T581N,-4.156282901763916
S578V:T581N:R585Q,-3.61342716217041
S578V:V579A,-5.633222579956055
S578V:V579A:N582D:R585S,-6.1284685134887695
S578V:V579C:R588M,-3.206061840057373
S578V:V579W,-9.896500587463379
S578W:L583D:R588M,-3.595953941345215
S578W:L583E,-5.7901611328125
S578W:L583E:R585E:R588F,-1.6793484687805176
S578W:L583E:R588D,-3.523798704147339
S578W:L583G:N587E,-8.67406940460205
S578W:L583V,-8.332752227783203
S578W:N582A:R585G:R588V,0.8854498863220215
S578W:N582D,-6.023784637451172
S578W:N582D:Q584E,-5.760679244995117
S578W:N582D:R588I,-2.659029245376587
S578W:N582E,-4.266838073730469
S578W:N582E:R585F:N587D:R588H,-4.1926045417785645
S578W:N582G:R588D,-5.156094551086426
S578W:N582K,-10.028020858764648
S578W:N582L:R585H:N587G,-8.005972862243652
S578W:N582P:N587E,-4.606444358825684
S578W:N582Q,-4.540709018707275
S578W:N582S,-6.79704475402832
S578W:N587E,-4.458157062530518
S578W:N587G,-6.748459815979004
S578W:Q584D,-5.065470218658447
S578W:Q584E,-4.116327285766602
S578W:Q584E:R588A,-1.733184814453125
S578W:Q584H,-9.637385368347168
S578W:R585F,-4.193790435791016
S578W:R585F:N587E,-4.272514820098877
S578W:R585H,-5.576071262359619
S578W:R585H:R588F,-2.814870834350586
S578W:R585H:R588I,-2.2113161087036133
S578W:R585H:R588T,-2.9296717643737793
S578W:R585M,-4.443815231323242
S578W:R585P,-4.070127487182617
S578W:R585T,-3.5588138103485107
S578W:R585W,-5.929457187652588
S578W:R588A,-1.9962902069091797
S578W:R588C,-2.9055938720703125
S578W:T581D,-4.465281009674072
S578W:T581D:N582D,-6.109632968902588
S578W:T581D:N587D:R588Y,-2.628307819366455
S578W:T581D:N587E:R588A,-2.160862922668457
S578W:T581D:R585E:N587E:R588A,-0.8112505674362183
S578W:T581E,-4.67020320892334
S578W:T581E:L583D:R585A:R588Y,-2.460664749145508
S578W:T581E:N587E,-4.748928070068359
S578W:T581E:Q584A:R585F,-7.935238838195801
S578W:T581E:R585M,-4.734585762023926
S578W:T581E:R585M:R588T,-2.088186264038086
S578W:T581I,-8.025047302246094
S578W:T581M,-7.9985127449035645
S578W:T581N,-5.540687561035156
S578W:T581S:Q584C,-11.48054313659668
S578W:V579A,-7.017627239227295
S578W:V579A:L583W:Q584E:R585F,-12.294424057006836
S578W:V579A:N587G,-9.386653900146484
S578W:V579A:T581D,-7.103475570678711
S578W:V579A:T581D:N582V,-7.7034149169921875
S578W:V579A:T581E:R588T,-4.661998748779297
S578W:V579C,-6.868572235107422
S578W:V579C:N582E:N587E,-6.834702014923096
S578W:V579G:T581D,-8.41732120513916
S578W:V579Y:R585L:N587E:R588A,-6.359821796417236
S578Y:L583C,-8.160372734069824
S578Y:L583W:R585N:R588S,-6.223108291625977
S578Y:N582E,-2.8745956420898438
S578Y:N582W,-6.7210612297058105
S578Y:Q584A,-6.437867641448975
S578Y:Q584C,-7.5582475662231445
S578Y:R585H,-4.183828353881836
S578Y:R585V,-2.0012664794921875
S578Y:T581D,-3.073038339614868
S578Y:T581D:N582I,-3.521110773086548
S578Y:T581D:R585V:R588F,0.6740856170654297
S578Y:T581E:L583M:R585G,-3.9027063846588135
S578Y:T581E:R585Q,-2.735105037689209
S578Y:T581G,-6.497723579406738
S578Y:T581K,-9.667132377624512
S578Y:T581N:N582G:L583D,-8.68609619140625
S578Y:V579F,-7.713251113891602
S578Y:V579F:N582G,-10.756275177001953
S578Y:V579K,-11.196843147277832
T568A:A572S,-7.031063079833984
T568A:L583A,-8.630258560180664
T568A:L583H,-10.113061904907227
T568A:N569G,-12.680862426757812
T568A:N569I,-12.01559066772461
T568A:N587F,-7.357870101928711
T568A:Q575N,-6.983658313751221
T568A:Q584A,-7.935879707336426
T568A:Q584V,-8.101665496826172
T568A:R588I,-1.1204466819763184
T568A:T581I,-8.130815505981445
T568A:T581K,-11.165143966674805
T568A:V579K,-12.694854736328125
T568A:V579M,-8.614604949951172
T568A:Y576K,-14.603461265563965
T568C:A572D:L583N,-13.793561935424805
T568C:A572E:V579C:T581V:N587C:R588G,-18.003158569335938
T568C:E574G,-7.668356418609619
T568C:L583I,-6.757373809814453
T568C:N569V,-10.617145538330078
T568C:Q575C:S578A:N582D:R585N:N587L,-9.07508373260498
T568C:Q575G,-5.499064922332764
T568C:Q575M:T581V:N587L,-10.234817504882812
T568C:Q575M:Y576F:T581E:Q584C,-14.674064636230469
T568C:Q575N,-5.791285991668701
T568C:Q575V:Y576F:T581V:L583G:R588A,-14.276620864868164
T568C:R585H:R588E,-2.1243367195129395
T568C:R585Q,-2.749973773956299
T568C:R585Q:R588S,-0.5805492401123047
T568C:R585Y,-3.5220999717712402
T568C:R588Y,-1.0568945407867432
T568C:S578C,-6.433717727661133
T568C:S578C:T581A:L583W,-15.240772247314453
T568C:S578G:R585Q,-5.107036590576172
T568C:S578Y:N582G:L583V,-13.276363372802734
T568C:T573F,-8.360795974731445
T568C:T581V,-6.7791008949279785
T568C:V571E:S578G:R585N,-7.418063640594482
T568C:V571W,-10.244775772094727
T568C:V571Y,-7.878634929656982
T568C:Y576G,-10.362417221069336
T568C:Y576W,-5.93397855758667
T568D:Q575P,-10.754133224487305
T568D:R585F,-7.461601257324219
T568D:R585W,-9.197267532348633
T568D:S578C,-10.788131713867188
T568D:S578E,-6.535895347595215
T568D:S578I,-11.018929481506348
T568D:S578M:N582V,-12.348344802856445
T568D:T573H,-12.83348274230957
T568D:T573M:R588G,-10.782773971557617
T568D:T581G,-11.157777786254883
T568D:V571D:T581D:Q584F:N587E,-15.174995422363281
T568D:V571L,-10.824645042419434
T568D:V571T,-8.395999908447266
T568D:V571Y:N587Y,-16.268728256225586
T568D:V579M,-11.776646614074707
T568D:V579W,-14.54871654510498
T568D:Y576W:N582R:L583S,-20.723434448242188
T568E:A572L,-14.086347579956055
T568E:N569C,-15.394805908203125
T568E:N569K,-17.101530075073242
T568E:N569Q,-15.601582527160645
T568E:N587V,-9.548139572143555
T568E:Q575A,-10.24647331237793
T568E:R585C,-7.93353796005249
T568E:R585D,-6.733865737915039
T568E:R585S,-6.975451946258545
T568E:R588V,-4.893716812133789
T568E:S578I,-11.496243476867676
T568E:T573F,-13.192523956298828
T568E:T573Y,-13.430809020996094
T568E:V571I,-11.462935447692871
T568F:A572K,-16.616464614868164
T568F:A572S,-10.48957633972168
T568F:A572T,-11.522012710571289
T568F:E574G,-12.319242477416992
T568F:N569M,-16.376811981201172
T568F:N582A,-9.591058731079102
T568F:Q584F,-12.83856201171875
T568F:R585M,-8.008098602294922
T568F:R588F,-5.1825151443481445
T568F:R588T,-5.297316074371338
T568F:S578V,-10.938743591308594
T568F:T573K,-14.810281753540039
T568F:T573Y,-13.249967575073242
T568F:T581C,-11.374847412109375
T568F:T581Y,-12.370314598083496
T568F:V571I:N582D:N587H,-17.649616241455078
T568F:V579H,-13.967081069946289
T568G:A572P,-14.789399147033691
T568G:A572Q,-13.923078536987305
T568G:A572R,-16.70131492614746
T568G:A572Y,-14.663745880126953
T568G:N569F,-16.285676956176758
T568G:N582T,-9.621284484863281
T568G:N587F,-10.371187210083008
T568G:Q575F,-11.278124809265137
T568G:R588A,-5.115375995635986
T568G:S578A,-9.867828369140625
T568G:S578I,-10.87020492553711
T568G:V579K,-15.708171844482422
T568H:L583W,-15.07005786895752
T568H:N569H,-16.871652603149414
T568H:N587Y,-13.380191802978516
T568H:Q575D,-13.58778190612793
T568H:Q575Y,-13.670372009277344
T568H:S578Y,-12.331703186035156
T568H:T573K,-16.211078643798828
T568H:V571G,-13.453235626220703
T568H:V571M:L583D:N587V:R588D,-13.766805648803711
T568K:A572P,-16.98467254638672
T568K:L583M,-13.999923706054688
T568K:N569E,-16.837677001953125
T568K:N587C,-13.481027603149414
T568K:S578V,-12.688819885253906
T568K:S578V:Q584K,-19.28411293029785
T568K:S578V:V579G:Q584K,-23.23615264892578
T568K:T573K,-16.56035804748535
T568K:T573V,-13.434825897216797
T568K:V579F,-14.419853210449219
T568L:A572Y,-13.366486549377441
T568L:E574I:Q575W:R588G,-15.575735092163086
T568L:N569A,-13.432313919067383
T568L:N569M,-14.634355545043945
T568L:N582L,-6.262134075164795
T568L:N582P,-6.349546432495117
T568L:N582R,-12.46915340423584
T568L:N587E:R588V,-3.0491433143615723
T568L:Q575D,-10.444528579711914
T568L:Q575Y,-10.527118682861328
T568L:R585I,-5.3216142654418945
T568L:R588Y,-3.965324640274048
T568L:S578Y,-9.18844985961914
T568L:T573H,-11.38749885559082
T568L:T581Y,-10.627859115600586
T568L:Y576K,-16.31951904296875
T568M:A572G,-10.551713943481445
T568M:A572P,-13.632051467895508
T568M:A572V,-11.46048355102539
T568M:L583I,-9.805715560913086
T568M:N582E,-6.22857666015625
T568M:N582V,-6.941110134124756
T568M:N587G,-8.710197448730469
T568M:N587L,-6.1761298179626465
T568M:Q575V,-9.107271194458008
T568M:Q584F,-11.236017227172852
T568M:R588H,-6.053617477416992
T568M:R588L,-3.2294840812683105
T568M:S578H,-10.849380493164062
T568M:S578I,-9.712857246398926
T568M:T581N,-7.502425670623779
T568M:V571G,-10.449893951416016
T568M:V579H,-12.36453628540039
T568M:Y576A,-13.760574340820312
T568M:Y576T,-14.010383605957031
T568M:Y576W:Q584E:R585S:R588G,-5.8934478759765625
T568V:A572C:L583D,-10.499738693237305
T568V:A572C:N587G:R588M,-9.096033096313477
T568V:A572C:S578F:V579T,-11.35598373413086
T568V:A572C:Y576W:V579M:R585I,-14.896018981933594
T568V:A572G:T573Y,-14.334503173828125
T568V:A572G:T581Q,-12.37230110168457
T568V:A572S,-7.363570213317871
T568V:A572S:N582P,-7.511857032775879
T568V:A572S:N582V,-7.963509559631348
T568V:A572S:N587E:R588K,-9.593531608581543
T568V:A572S:Q575H:T581D,-12.015283584594727
T568V:A572S:Q575P:R588S,-8.301034927368164
T568V:A572S:Q575S:N582E:Q584C,-14.095648765563965
T568V:A572S:Q575T:S578W,-14.550582885742188
T568V:A572S:R588I,-3.998814821243286
T568V:A572S:R588M,-5.0854644775390625
T568V:A572S:S578E:V579A:N587M,-10.961990356445312
T568V:A572S:T573D:T581E:N582V:L583C,-18.043560028076172
T568V:A572S:T581A,-10.445079803466797
T568V:A572S:T581E:N587G,-10.023367881774902
T568V:A572S:V579A:N582V,-10.601703643798828
T568V:E574D:L583D:R585D:N587D:R588D,-6.026691913604736
T568V:E574L:T581A:Q584Y,-18.223716735839844
T568V:E574M,-10.355386734008789
T568V:E574Y:S578Y,-13.67774486541748
T568V:L583E:R585V,-5.242513656616211
T568V:L583K,-12.818168640136719
T568V:N569Q,-12.294734001159668
T568V:N569Y:V579E:N587M:R588D,-18.035236358642578
T568V:N582A:L583E:R585F,-7.69013786315918
T568V:N582A:R585H,-7.661690711975098
T568V:N582A:R585I,-5.585406303405762
T568V:N582D,-6.462060928344727
T568V:N582D:N587E,-6.54078483581543
T568V:N582D:N587E:R588L,-3.429098606109619
T568V:N582D:R585L:R588M,-3.276158094406128
T568V:N582D:R585M,-6.5264434814453125
T568V:N582D:R585N:R588A,-3.758715867996216
T568V:N582D:R585Q:N587D:R588A,-3.9350242614746094
T568V:N582E,-4.705114364624023
T568V:N582E:L583W:R585L,-9.52286148071289
T568V:N582E:N587E,-4.783839225769043
T568V:N582E:R585F,-4.519472122192383
T568V:N582E:R585F:R588V,-1.2886314392089844
T568V:N582E:R585P,-4.395809173583984
T568V:N582E:R585T:N587E:R588C,-2.4893813133239746
T568V:N582G,-7.8607330322265625
T568V:N582G:R588M,-5.582627296447754
T568V:N582M,-6.241733551025391
T568V:N582V,-5.4176483154296875
T568V:N582Y,-7.185932159423828
T568V:N587D,-5.216670513153076
T568V:N587G,-7.186736106872559
T568V:N587V,-6.241291046142578
T568V:Q575C,-7.071545124053955
T568V:Q575C:N582D:R585N:N587E:R588S,-6.304994106292725
T568V:Q575C:N582E:R585W:N587D,-8.907937049865723
T568V:Q575C:R585L:N587D,-6.562709331512451
T568V:Q575C:S578V:N582E:N587E:R588M,-7.7545976638793945
T568V:Q575C:Y576G:S578M:L583E:N587E,-19.731746673583984
T568V:Q575G:S578D:V579A:L583I:N587M,-15.572733879089355
T568V:Q575G:S578E:T581N:N582L:N587M,-9.206299781799316
T568V:Q575G:S578E:V579A:N587E,-8.629514694213867
T568V:Q575G:T581D,-7.109792709350586
T568V:Q575H:T581E,-9.674345016479492
T568V:Q575I,-8.086589813232422
T568V:Q575I:S578A:Q584E,-10.192793846130371
T568V:Q575I:S578C:N582A:L583I:R588L,-13.227679252624512
T568V:Q575I:S578V:T581M:Q584C:R585S,-18.122650146484375
T568V:Q575I:S578V:V579M:N582D:Q584D:R585Y:N587E:R588A,-15.46626091003418
T568V:Q575L:R588M,-5.593814373016357
T568V:Q575L:S578V:N582A:L583D:R588C,-12.535078048706055
T568V:Q575L:V579T:R585M:N587E,-8.400993347167969
T568V:Q575M,-8.438467025756836
T568V:Q575M:N582D:N587D,-10.481781005859375
T568V:Q575M:R585T,-7.617847442626953
T568V:Q575M:S578D:R585Q,-8.270088195800781
T568V:Q575M:S578V:N582E:R588I,-7.9561448097229
T568V:Q575M:T581E:N582D:Q584D:R585A:N587D:R588D,-7.723996162414551
T568V:Q575M:T581E:N582D:R585A:N587D:R588D,-7.037958145141602
T568V:Q575M:T581E:N587E,-8.807962417602539
T568V:Q575M:V579M:N587E,-12.646595001220703
T568V:Q575N,-7.316165447235107
T568V:Q575N:T581E:N582V:L583I,-11.671420097351074
T568V:Q575N:T581N:L583D:R585D:N587M,-10.652929306030273
T568V:Q575N:T581N:R588M,-6.199315071105957
T568V:Q575P:L583E:R588F,-6.574126243591309
T568V:Q575P:N582A:Q584C,-14.142998695373535
T568V:Q575T:R585Q,-7.082433700561523
T568V:Q575T:S578E:N582V:R588H,-6.826327323913574
T568V:Q575V:S578A,-9.953119277954102
T568V:Q575Y,-9.14356803894043
T568V:Q584C,-9.388766288757324
T568V:Q584D,-5.503746509552002
T568V:Q584E,-4.554603576660156
T568V:Q584E:R585G,-0.873218297958374
T568V:Q584F,-9.712555885314941
T568V:Q584L,-8.558202743530273
T568V:Q584M:R585H,-10.576534271240234
T568V:R585A,-3.3494784832000732
T568V:R585F,-4.63206672668457
T568V:R585G:N587M,-3.207897424697876
T568V:R585H,-6.014347553253174
T568V:R585H:N587D,-6.413309097290039
T568V:R585L:N587E:R588S,-1.8192112445831299
T568V:R585L:R588E,-1.5447800159454346
T568V:R585L:R588F,-1.1487109661102295
T568V:R585N,-4.497506141662598
T568V:R585N:N587E,-4.576231002807617
T568V:R585Q,-4.274853229522705
T568V:R585T,-3.9970901012420654
T568V:R585V,-3.8317854404449463
T568V:R585V:R588M,-1.553680181503296
T568V:R588E,-2.452577590942383
T568V:R588H,-4.530155658721924
T568V:R588M,-2.5396037101745605
T568V:R588T,-2.171309471130371
T568V:R588V,-1.5868682861328125
T568V:R588W,-4.409740924835205
T568V:S578A,-7.187018394470215
T568V:S578A:N582L,-7.247893333435059
T568V:S578A:T581D,-7.272867202758789
T568V:S578C,-7.958597183227539
T568V:S578C:N582D:L583W:R585L,-14.420696258544922
T568V:S578D:R588M,-2.914080858230591
T568V:S578D:R588S,-3.022761583328247
T568V:S578E,-3.7063608169555664
T568V:S578E:N582S,-6.1239728927612305
T568V:S578E:N582V:R585H,-5.502938747406006
T568V:S578E:N587M,-5.777934551239014
T568V:S578E:T581D:R585G,-0.1108238697052002
T568V:S578E:T581E,-3.99713134765625
T568V:S578E:T581E:N587G,-6.366158485412598
T568V:S578E:T581E:R585H:R588M,-2.9156649112701416
T568V:S578F:N582G,-9.825638771057129
T568V:S578F:T581E,-7.073385238647461
T568V:S578H,-9.325918197631836
T568V:S578I,-8.1893949508667
T568V:S578I:T581Y:N582D:R588V,-11.029504776000977
T568V:S578I:V579A:N582A:N587M,-14.546506881713867
T568V:S578V,-7.812736511230469
T568V:S578V:N582E:N587D:R588D,-5.832741737365723
T568V:S578V:N582E:N587E:R588M,-5.50076150894165
T568V:S578V:R585W:R588W,-8.954792976379395
T568V:S578V:T581A:N582D:R585I:N587D,-12.057914733886719
T568V:S578V:T581M:R588L,-8.32012939453125
T568V:S578V:T581N,-8.973991394042969
T568V:S578V:V579M:N587D,-12.341100692749023
T568V:S578W,-9.197141647338867
T568V:S578W:L583D:N587D,-11.090729713439941
T568V:S578W:L583I:R585H,-13.85832405090332
T568V:S578W:Q584E,-8.934036254882812
T568V:S578W:Q584E:R585G:R588G,-3.5759904384613037
T568V:S578W:R585F:N587E:R588T,-6.443824291229248
T568V:T573E,-9.839271545410156
T568V:T573V,-8.55874252319336
T568V:T573V:Q575F,-12.338348388671875
T568V:T581D,-4.903557300567627
T568V:T581D:L583V:R588A,-6.4737348556518555
T568V:T581D:R585H,-6.10019588470459
T568V:T581E,-5.1084794998168945
T568V:T581E:L583I,-8.573023796081543
T568V:T581E:N582D:R585A:N587D:R588D,-3.4172003269195557
T568V:T581H,-9.402621269226074
T568V:T581K,-11.497651100158691
T568V:T581M,-8.436788558959961
T568V:T581N,-5.978963851928711
T568V:T581N:N582P:L583E,-7.5379791259765625
T568V:T581Q,-8.161758422851562
T568V:T581Q:L583D,-9.65638542175293
T568V:T581S:N582D,-8.99211311340332
T568V:V571A:A572S:Q575L:Y576F:S578V:T581N:L583G:Q584A:R585H:N587D:R588H,-29.51943016052246
T568V:V571A:N582D:R585Q:N587D,-9.390244483947754
T568V:V571A:T581E:R585H,-9.377196311950684
T568V:V571C:A572C:N582D:Q584D:R585P,-14.280736923217773
T568V:V571C:A572S,-10.618111610412598
T568V:V571C:N582D:R585L,-8.808804512023926
T568V:V571C:Q575I:T581N,-12.502386093139648
T568V:V571C:Q575L:T581S,-13.656513214111328
T568V:V571C:R585L,-7.16445255279541
T568V:V571C:T573L:L583I,-15.64303207397461
T568V:V571C:T581D:R585V:R588S,-5.002750396728516
T568V:V571C:T581M,-11.691329956054688
T568V:V571C:V579A:R585H,-11.907083511352539
T568V:V571D:N582D:R585N,-8.610189437866211
T568V:V571E,-6.906083106994629
T568V:V571E:N582E:L583G:R585Y:R588M,-8.960566520690918
T568V:V571I,-8.156086921691895
T568V:V571I:Q575T,-10.963666915893555
T568V:V571I:S578A:T581N,-11.686651229858398
T568V:V571T:Q575C:N582D,-9.464653015136719
T568V:V571Y:Q584D:N587L,-9.924511909484863
T568V:V579A,-7.45590353012085
T568V:V579A:L583I,-10.920448303222656
T568V:V579A:L583I:R588I,-7.555692672729492
T568V:V579A:Q584M:N587E,-12.096814155578613
T568V:V579A:T581E:R585H,-8.943312644958496
T568V:V579E,-10.04470443725586
T568V:V579M,-8.947112083435059
T568V:V579M:N582D:R585F:R588V,-7.174981117248535
T568V:V579M:N582D:R588F,-7.830263137817383
T568V:V579M:N587D,-9.346073150634766
T568V:V579M:R585H:N587D:R588H,-10.255159378051758
T568V:V579M:R585N:N587E,-8.705634117126465
T568V:V579M:T581E:N582D:R585N,-10.562031745910645
T568V:V579R,-13.5401029586792
T568V:V579W,-11.719182014465332
T568V:Y576F,-7.7163591384887695
T568V:Y576F:T581N,-8.87761402130127
T568Y:A572L,-14.230268478393555
T568Y:A572R,-17.471275329589844
T568Y:E574G:T581S:N582S:L583D:Q584L,-22.826793670654297
T568Y:N569I,-15.798868179321289
T568Y:N582K,-13.917067527770996
T568Y:N582T,-10.391244888305664
T568Y:Q575V,-11.03458023071289
T568Y:Q575Y,-12.594338417053223
T568Y:Q584D:R585P,-8.645212173461914
T568Y:R588F,-5.507278919219971
T568Y:S578I,-11.640165328979492
T568Y:T573F,-13.336445808410645
T568Y:T573V,-12.009512901306152
T568Y:T581F,-12.853424072265625
T568Y:V571M:T573M:L583C,-22.02429962158203
T568Y:V579H,-14.291845321655273
T568Y:Y576M,-15.481748580932617
T573A:E574C,-8.37523365020752
T573A:L583Y,-8.64329719543457
T573A:N582E,-3.703579902648926
T573A:N582L,-3.8770487308502197
T573A:N582P,-3.964461326599121
T573A:N587F,-6.6888427734375
T573A:N587G,-6.185201644897461
T573A:Q575C:N582P:L583D,-7.712924003601074
T573A:Q584G,-7.371163368225098
T573A:R585P,-3.506869077682495
T573A:R585V,-2.8302507400512695
T573A:V579L,-7.339595794677734
T573A:V579T,-4.202140808105469
T573A:Y576H,-8.124396324157715
T573D:L583V,-8.569416046142578
T573D:N582V,-5.216035842895508
T573D:Q575A,-6.738011837005615
T573D:Q575I,-7.884976863861084
T573D:Q575P:Y576W,-10.364134788513184
T573D:Q575Y,-8.94195556640625
T573D:R585D:N587E,-3.304128885269165
T573D:R588D,-2.349734306335449
T573D:R588S,-2.446671962738037
T573D:R588W,-4.208128452301025
T573D:S578R,-12.017621040344238
T573D:T581L,-8.369117736816406
T573D:Y576E,-13.080323219299316
T573E:E574A,-9.116239547729492
T573E:E574H,-11.069154739379883
T573E:N582I,-5.469634532928467
T573E:N582Y,-7.3897857666015625
T573E:Q575C,-7.275398254394531
T573E:Q575H,-9.587427139282227
T573E:Q584E,-4.758456707000732
T573E:R588A,-2.6384196281433105
T573E:T581E,-5.312333106994629
T573E:T581G,-8.532095909118652
T573E:T581Q,-8.365612030029297
T573E:T581V,-8.507833480834961
T573E:V579Y,-10.214166641235352
T573E:Y576F,-7.920212268829346
T573F:N582D,-6.712318420410156
T573F:N582G,-8.110990524291992
T573F:N582G:R585A:N587L,-6.477719306945801
T573F:Q575K:V579W:L583E:Q584M:R585T,-23.13425064086914
T573F:Q575L:S578A,-10.491486549377441
T573F:Q584H:R585P,-10.016613960266113
T573F:R585N,-4.747763633728027
T573F:R585P,-4.758661270141602
T573F:R588C,-3.594127655029297
T573F:R588D,-2.8016042709350586
T573F:T581E:N587E,-5.437461853027344
T573F:T581E:Q584C,-9.929794311523438
T573F:Y576A,-12.487369537353516
T573G:E574F,-9.817548751831055
T573G:E574Y,-9.801687240600586
T573G:L583D:Q584Y,-10.557531356811523
T573G:L583E:R588F,-2.578369617462158
T573G:N582V,-4.528780937194824
T573G:N587C,-7.716076850891113
T573G:Q575C,-6.18267822265625
T573G:Q575C:L583I,-9.647222518920898
T573G:R585D,-2.538149833679199
T573G:R588F,-1.1676414012908936
T573G:S578C,-7.069730281829834
T573G:T581E:N587E,-4.298336982727051
T573G:T581L:L583D:Q584D:N587D,-10.261489868164062
T573G:Y576A,-11.348244667053223
T573H:E574M:N582G:Q584D:R588E,-12.087846755981445
T573H:E574M:Q575F:N582G:Q584D:R585I:R588E,-14.987808227539062
T573H:E574M:Q575F:N582G:Q584D:R588E,-15.867452621459961
T573H:E574M:Q575F:S578C:N582G:Q584D:R585I:R588E,-18.12869644165039
T573H:E574V,-9.71173095703125
T573H:L583N,-9.650153160095215
T573H:L583V,-9.139558792114258
T573H:N587K,-11.40896224975586
T573H:Q575C,-7.440075397491455
T573H:Q575P,-8.293128967285156
T573H:R588C,-3.712400436401367
T573H:R588F,-2.4250388145446777
T573H:S578D,-5.56071662902832
T573H:S578D:R588T,-2.9143168926239014
T573H:S578K,-11.99095630645752
T573H:S578V,-8.181266784667969
T573H:T581D,-5.272087574005127
T573H:T581I,-8.831853866577148
T573H:V579A,-7.82443380355835
T573H:Y576F,-8.08488941192627
T573K:E574D,-9.839015007019043
T573K:E574I:Y576G,-19.018606185913086
T573K:E574L:V579R,-20.779396057128906
T573K:N587E,-6.945290565490723
T573K:Q584D,-7.552603721618652
T573K:R588Y,-4.630631446838379
T573K:T581I,-10.51218032836914
T573K:V579C,-9.355705261230469
T573K:Y576G:N587G,-16.3051815032959
T573L:E574H,-10.153831481933594
T573L:E574V,-8.631730079650879
T573L:L583D,-5.600864410400391
T573L:N582R,-10.37413215637207
T573L:N582V,-4.706177234649658
T573L:Q575D,-8.349506378173828
T573L:Q575L,-7.1604485511779785
T573L:Q584M,-8.668424606323242
T573L:R585M,-4.170620441436768
T573L:R585W,-5.656262397766113
T573L:S578A,-6.475547790527344
T573L:S578C,-7.247126579284668
T573L:T581K,-10.78618049621582
T573L:T581P,-7.697793960571289
T573L:Y576D,-12.439798355102539
T573M:E574C,-9.37125015258789
T573M:E574C:Q575K:Q584M,-19.945951461791992
T573M:E574C:Y576W:S578D:T581E,-12.677647590637207
T573M:E574L:Q575W:V579W:R585P,-22.563480377197266
T573M:L583G,-9.02810287475586
T573M:L583K,-12.812650680541992
T573M:N582G,-7.855215072631836
T573M:Q575A,-6.934106349945068
T573M:Q575F,-8.591796875
T573M:Q575I,-8.081071853637695
T573M:Q575W,-10.780876159667969
T573M:R585I,-3.9325454235076904
T573M:R588M,-2.534085750579834
T573M:S578C,-7.9530792236328125
T573M:S578E,-3.70084285736084
T573M:Y576D,-13.145751953125
T573M:Y576W,-7.45334005355835
T573M:Y576W:L583E,-8.864068984985352
T573M:Y576W:T581E,-7.744110584259033
T573M:Y576W:V579W:T581E:N582G:N587D,-18.087570190429688
T573V:E574N,-7.623700141906738
T573V:N582D:R588A,-3.0022425651550293
T573V:N587E,-3.8197574615478516
T573V:Q575C:N582D:R585Y:N587E,-7.947216033935547
T573V:Q575C:N587E,-6.073593616485596
T573V:Q575C:V579C:R588M,-6.205903053283691
T573V:Q575L,-6.795244216918945
T573V:Q575V,-6.507133483886719
T573V:Q575V:S578V:V579C:Q584E:R585M,-11.792577743530273
T573V:Q584H:N587H:R588V,-10.491317749023438
T573V:R585G,-0.05964803695678711
T573V:R585N,-3.420830726623535
T573V:R585Y,-3.970303773880005
T573V:S578K,-10.545750617980957
T573V:S578W,-8.120466232299805
T573V:T581C,-7.1721649169921875
T573V:T581E,-4.031804084777832
T573V:T581E:Q584D,-4.717841148376465
T573V:T581F:N587D,-8.724939346313477
T573V:T581S,-6.271085739135742
T573V:T581Y:Q584F:R585V:N587K,-18.299280166625977
T573V:V579A,-6.379227638244629
T573V:V579W:T581H:L583D:R585P,-16.41274070739746
T573V:Y576F,-6.639683723449707
T573V:Y576M,-10.954301834106445
T573Y:E574A:S578V,-12.395956039428711
T573Y:E574A:Y576W:R588L,-8.930391311645508
T573Y:E574G:L583D,-11.17640495300293
T573Y:E574N,-9.188918113708496
T573Y:L583D,-6.800878047943115
T573Y:L583S,-9.473398208618164
T573Y:N582D:R588L,-3.838916540145874
T573Y:N582G,-8.349275588989258
T573Y:N582P,-5.454538345336914
T573Y:N587L,-5.141210556030273
T573Y:N587S,-8.274127960205078
T573Y:Q575C:L583D:R585D:N587E,-7.742746829986572
T573Y:Q575C:N587E:R588D,-5.37244987487793
T573Y:Q575C:R585D,-6.169395446777344
T573Y:Q575G,-7.512486934661865
T573Y:Q575M:Q584E,-8.663904190063477
T573Y:Q575M:T581N:Q584E,-9.825159072875977
T573Y:Q575N:S578C:T581S,-13.475648880004883
T573Y:Q575P:S578C:T581M,-15.173110008239746
T573Y:Q575P:T581N,-9.574396133422852
T573Y:Q575T,-8.113832473754883
T573Y:Q575T:Q584C,-12.68488883972168
T573Y:Q584D,-5.992289066314697
T573Y:Q584D:R585V,-5.0063652992248535
T573Y:Q584D:R588A,-3.6091465950012207
T573Y:Q584D:R588D,-3.7259268760681152
T573Y:Q584E,-5.043146133422852
T573Y:Q584L:R585Q:R588G,-6.827228546142578
T573Y:R585D,-3.9155595302581787
T573Y:R585L:R588L,-1.2867672443389893
T573Y:R585P:N587E,-5.0756707191467285
T573Y:R588S,-3.136826992034912
T573Y:S578C,-8.447139739990234
T573Y:S578F,-7.271157264709473
T573Y:S578G,-7.663313865661621
T573Y:S578V,-8.301279067993164
T573Y:S578V:R585V,-7.31535530090332
T573Y:T581E,-5.59702205657959
T573Y:T581E:R588S,-3.427597761154175
T573Y:T581F:L583F:R588Y,-12.051247596740723
T573Y:T581H:L583D,-11.38578987121582
T573Y:T581H:Q584D:R585P,-10.26789665222168
T573Y:T581S,-7.836304187774658
T573Y:V579W:Q584D:R585P,-12.584457397460938
T573Y:V579Y,-10.498856544494629
T581A:N582A,-4.728853225708008
T581A:N582A:N587L,-4.563812255859375
T581A:N582D:Q584Y:R585Q:R588E,-6.951937675476074
T581A:N582G,-6.124533653259277
T581A:N582R,-9.349403381347656
T581A:N582V,-3.6814494132995605
T581A:Q584A:R588F,-3.7709872722625732
T581A:Q584F,-7.9763569831848145
T581A:Q584K,-9.676803588867188
T581A:Q584M,-7.643696308135986
T581A:R585F,-2.8958678245544434
T581A:R585L:R588L,0.937974214553833
T581A:R585N,-2.76130747795105
T581A:R585V,-2.0955865383148193
T581A:R588A,-0.6983675956726074
T581A:R588F,-0.3203096389770508
T581A:R588L,0.030176639556884766
T581A:R588S,-0.9120855331420898
T581A:R588Y,-0.8455750942230225
T581C:L583K,-11.431591033935547
T581C:N582D:Q584D:N587D:R588V,-2.9296422004699707
T581C:N582L:R585H,-4.688644886016846
T581C:N582R,-9.699026107788086
T581C:N582S,-5.8487443923950195
T581C:N582T:L583V:R585H,-10.703856468200684
T581C:N582V:R588L,-0.9193844795227051
T581C:R585A,-1.9629013538360596
T581C:R585G:R588F,3.011453866958618
T581C:R585L,-2.523334264755249
T581D:L583D:N587E,-1.6591992378234863
T581D:L583D:Q584E:R585I:R588I,2.9270310401916504
T581D:L583D:Q584W:R585H:R588D,-7.086391925811768
T581D:L583D:R585N:R588I,2.104482650756836
T581D:L583E,-1.4965765476226807
T581D:L583E:Q584E:R585H:R588D,-0.16374754905700684
T581D:L583E:R588F,1.2646238803863525
T581D:L583G,-4.301760673522949
T581D:L583I,-3.5503926277160645
T581D:L583M,-4.391979217529297
T581D:L583Y:R588S,-2.743546485900879
T581D:N582A,-1.7331914901733398
T581D:N582A:Q584E:R585H:N587D,-3.0656862258911133
T581D:N582A:R588Y,0.5027434825897217
T581D:N582C,-2.843555212020874
T581D:N582C:L583G:R585P:R588W,-6.342194557189941
T581D:N582D,-1.7302000522613525
T581D:N582E:L583E:Q584D:R588G,-0.3933589458465576
T581D:N582E:L583E:R585Q,-0.8411264419555664
T581D:N582E:Q584D:N587D:R588I,2.306501865386963
T581D:N582L:R585H:N587M,-3.4149351119995117
T581D:N582P,-0.23413538932800293
T581D:N582P:L583D:R585N:R588I,1.9561957120895386
T581D:N582S:R588W,-2.0954926013946533
T581D:N582T:R585H,-3.405252695083618
T581D:N582T:R585H:R588T,-0.7588531970977783
T581D:N582V,-0.6857876777648926
T581D:N582V:R588W,-0.2778196334838867
T581D:N587E,-0.1645725965499878
T581D:N587E:R588A,2.218569755554199
T581D:N587G,-2.4548754692077637
T581D:Q584C,-4.656905651092529
T581D:Q584C:R585G,-0.9755203723907471
T581D:Q584C:R585I:R588H,-3.4897067546844482
T581D:Q584C:R588C,-3.1830668449401855
T581D:Q584C:R588S,-2.487481117248535
T581D:Q584D,-0.771885871887207
T581D:Q584E,0.17725706100463867
T581D:Q584E:R585H:R588D,1.2469806671142578
T581D:Q584E:R585H:R588W,-0.6114134788513184
T581D:Q584H,-5.343801021575928
T581D:Q584M,-4.648034572601318
T581D:Q584M:R585Q,-4.1051788330078125
T581D:Q584M:R585Q:R588S,-1.9357542991638184
T581D:R585A,1.3823821544647217
T581D:R585D,1.3048436641693115
T581D:R585F:R588F,2.860994338989258
T581D:R585G:R588S,5.764961242675781
T581D:R585G:R588V,6.826377868652344
T581D:R585H,-1.282486915588379
T581D:R585H:N587E,-1.3612111806869507
T581D:R585H:N587E:R588M,0.9168939590454102
T581D:R585H:R588D,0.9838752746582031
T581D:R585I:R588W,1.2017652988433838
T581D:R585K,-2.3594913482666016
T581D:R585L,0.8219492435455322
T581D:R585M,-0.15023088455200195
T581D:R585N,0.23435425758361816
T581D:R585N:N587E,0.1556299924850464
T581D:R585N:N587E:R588S,2.325054407119751
T581D:R585N:R588I,3.599109411239624
T581D:R585Q,0.45700740814208984
T581D:R585Q:N587E,0.37828314304351807
T581D:R585S,1.0632572174072266
T581D:R585S:N587D,0.6642955541610718
T581D:R585T,0.7347705364227295
T581D:R585T:R588C,2.2086093425750732
T581D:R585V:R588C,2.3739140033721924
T581D:R585Y,-0.31511878967285156
T581D:R585Y:R588V,2.915721893310547
T581D:R588A,2.2972941398620605
T581D:R588C,1.3879904747009277
T581D:R588D,2.180513858795166
T581D:R588G,1.5908124446868896
T581D:R588H,0.2017049789428711
T581D:R588I,3.27890682220459
T581D:R588T,2.560551166534424
T581D:R588V,3.1449923515319824
T581D:R588W,0.32211971282958984
T581E:L583A,-4.435827255249023
T581E:L583D:Q584C,-6.356454372406006
T581E:L583D:R585H,-2.9820361137390137
T581E:L583E,-1.7014989852905273
T581E:L583E:N587D,-2.1004605293273926
T581E:L583E:Q584E,-1.4383935928344727
T581E:L583E:Q584L:R585F:R588S,-3.086926221847534
T581E:L583E:Q584M,-6.26368522644043
T581E:L583E:Q584M:R585Q,-5.720829486846924
T581E:L583E:Q584M:R585T:R588F,-2.681865930557251
T581E:L583E:Q584M:R588A,-3.880542755126953
T581E:L583E:Q584M:R588F,-3.5024847984313965
T581E:L583E:Q584M:R588M,-3.9855799674987793
T581E:L583E:R585G,1.9798862934112549
T581E:L583E:R585I,-0.8218533992767334
T581E:L583E:R585I:R588W,-0.41388535499572754
T581E:L583E:R585L,-0.7937014102935791
T581E:L583E:R585Q,-1.1586432456970215
T581E:L583E:R585Q:R588A,1.224499225616455
T581E:L583E:R585Q:R588F,1.6025571823120117
T581E:L583E:R585Q:R588W,-0.7506752014160156
T581E:L583E:R585V:R588A,1.6675670146942139
T581E:L583E:R588A,0.6816434860229492
T581E:L583E:R588F,1.0597014427185059
T581E:L583G:R585A,-3.038452625274658
T581E:L583I,-3.755315065383911
T581E:L583W,-6.016315460205078
T581E:L583W:R585I:R588V,-1.9058294296264648
T581E:N582A,-1.9381139278411865
T581E:N582A:L583D,-3.4327406883239746
T581E:N582A:L583W,-7.663658618927002
T581E:N582A:R585Q,-1.3952581882476807
T581E:N582A:R585W:N587D:R588L,-0.7754133939743042
T581E:N582C,-3.0484776496887207
T581E:N582C:Q584E:R585H:N587E,-4.06073522567749
T581E:N582C:R585H:R588L,-1.1334295272827148
T581E:N582D,-1.9351224899291992
T581E:N582D:L583D,-3.429749011993408
T581E:N582D:L583D:Q584C:R585H,-9.197444915771484
T581E:N582D:L583D:Q584D:R585T:N587E:R588M,-1.0957868099212646
T581E:N582D:Q584C:R588A,-4.123037338256836
T581E:N582D:Q584C:R588C,-5.032341003417969
T581E:N582D:Q584D:R585T:N587E:R588M,0.3988398313522339
T581E:N582D:Q584E:N587E,-1.7507413625717163
T581E:N582D:R585A,-0.4668920040130615
T581E:N582D:R585A:N587D:R588D,1.4005085229873657
T581E:N582D:R585A:R588L,2.644794464111328
T581E:N582D:R585A:R588S,1.7025325298309326
T581E:N582D:R585A:R588V,2.763948440551758
T581E:N582D:R585G:R588F,4.507463455200195
T581E:N582D:R585H,-3.131761074066162
T581E:N582D:R585H:R588A,-0.7486186027526855
T581E:N582D:R585H:R588C,-1.6579222679138184
T581E:N582D:R585H:R588I,0.23299407958984375
T581E:N582D:R585H:R588S,-0.962336540222168
T581E:N582D:R585I:N587E:R588M,1.1439040899276733
T581E:N582D:R585I:R588M,1.2226283550262451
T581E:N582D:R585L:N587D:R588S,0.7431379556655884
T581E:N582D:R585M:R588C,-0.5256662368774414
T581E:N582D:R585M:R588I,1.3652501106262207
T581E:N582D:R585N:R588V,1.6159207820892334
T581E:N582D:R585Q:R588A,0.9908757209777832
T581E:N582D:R585Q:R588D,0.8740954399108887
T581E:N582D:R585Q:R588I,1.9724884033203125
T581E:N582D:R585Q:R588T,1.2541327476501465
T581E:N582D:R585V,-0.9491989612579346
T581E:N582D:R585V:R588F,1.8120014667510986
T581E:N582D:R585V:R588L,2.1624879837036133
T581E:N582D:R585Y:N587D,-2.5633544921875
T581E:N582D:R585Y:N587D:R588D,-0.2969924211502075
T581E:N582D:R585Y:R588C,-0.690554141998291
T581E:N582D:R585Y:R588I,1.200362205505371
T581E:N582D:R588A,0.44801998138427734
T581E:N582D:R588V,1.2957181930541992
T581E:N582E,-0.1781764030456543
T581E:N582E:L583D:R585V:R588L,2.424807071685791
T581E:N582E:L583D:R588M,0.6053022146224976
T581E:N582E:Q584C:R585Q,-4.206377983093262
T581E:N582E:Q584C:R588M,-2.471128463745117
T581E:N582E:Q584F,-5.073022842407227
T581E:N582E:R585L:R588H,1.017174482345581
T581E:N582E:R588H,0.10937690734863281
T581E:N582F,-1.4686760902404785
T581E:N582F:R588Y,0.767258882522583
T581E:N582G,-3.333794593811035
T581E:N582G:L583E:Q584C:R585N:R588F,-6.234177589416504
T581E:N582G:L583E:Q584C:R585Q:R588A,-6.38958215713501
T581E:N582G:L583E:Q584C:R585Q:R588F,-6.011524200439453
T581E:N582I,-0.7388432025909424
T581E:N582I:Q584M:R585Q:N587D:R588A,-2.7739930152893066
T581E:N582L,-0.35164523124694824
T581E:N582L:L583D:Q584D:R585E,-1.182697057723999
T581E:N582L:L583E,-1.762373447418213
T581E:N582L:N587G,-2.720672369003296
T581E:N582L:R585A,1.1165852546691895
T581E:N582Q,-0.45204710960388184
T581E:N582Q:R588G,1.2246136665344238
T581E:N582S:N587G,-5.0774102210998535
T581E:N582T,-2.413536548614502
T581E:N582T:Q584D:N587L:R588V,0.29630744457244873
T581E:N582V,-0.8907101154327393
T581E:N582V:N587G,-3.259737253189087
T581E:N582V:R585H,-2.087348699569702
T581E:N582V:R585H:N587G,-4.456376075744629
T581E:N582Y,-2.658994197845459
T581E:N582Y:Q584E:R585S:N587D:R588D,0.6206172704696655
T581E:N587D,-0.6897324323654175
T581E:N587D:R588H,-0.40217912197113037
T581E:N587D:R588I,2.675022602081299
T581E:N587E,-0.3694950342178345
T581E:N587E:R588M,1.908610224723816
T581E:N587H,-5.013942718505859
T581E:N587L,-0.12572991847991943
T581E:N587M,-2.36234450340271
T581E:N587M:R588G,-0.6856837272644043
T581E:Q584A:R585G:R588W,0.34790515899658203
T581E:Q584C,-4.861827850341797
T581E:Q584C:R585A,-3.3935976028442383
T581E:Q584C:R585D,-3.4711360931396484
T581E:Q584C:R585G:R588D,1.0859193801879883
T581E:Q584C:R585M:R588A,-2.5430679321289062
T581E:Q584C:R585Q,-4.318972587585449
T581E:Q584C:R588A,-2.4786856174468994
T581E:Q584C:R588F,-2.1006276607513428
T581E:Q584C:R588M,-2.5837228298187256
T581E:Q584D,-0.9768083095550537
T581E:Q584D:R585T:N587E:R588M,2.043191432952881
T581E:Q584D:R588S,1.1926162242889404
T581E:Q584E,-0.027665376663208008
T581E:Q584E:R585S,1.1214401721954346
T581E:Q584E:R585V,0.9582581520080566
T581E:Q584F,-5.185617446899414
T581E:Q584G:N587M:R588W,-5.509365558624268
T581E:Q584K,-6.886064529418945
T581E:Q584L,-4.031264781951904
T581E:Q584L:R585G:N587M,-2.4214532375335693
T581E:Q584M,-4.852956771850586
T581E:Q584M:N587D,-5.251918792724609
T581E:Q584M:R585I,-3.973311424255371
T581E:Q584M:R585V,-3.8670334815979004
T581E:Q584M:R588F,-2.091756582260132
T581E:Q584M:R588M,-2.5748517513275146
T581E:Q584W:R588L,-3.7547247409820557
T581E:R585A,1.177459716796875
T581E:R585A:N587E:R588M,3.376840591430664
T581E:R585A:R588A,3.5606021881103516
T581E:R585A:R588C,2.6512985229492188
T581E:R585A:R588I,4.542214870452881
T581E:R585A:R588L,4.289146423339844
T581E:R585A:R588S,3.346884250640869
T581E:R585A:R588V,4.408300399780273
T581E:R585E,1.0588414669036865
T581E:R585F,-0.10512852668762207
T581E:R585F:N587D:R588I,2.8606650829315186
T581E:R585F:R588I,3.259626626968384
T581E:R585G,3.3906145095825195
T581E:R585G:N587E,3.311890125274658
T581E:R585H,-1.4874093532562256
T581E:R585H:N587D:R588A,0.4967714548110962
T581E:R585H:N587E,-1.5661336183547974
T581E:R585H:N587E:R588A,0.8170087337493896
T581E:R585H:N587E:R588M,0.7119715213775635
T581E:R585H:R588D,0.7789528369903564
T581E:R585H:R588H,-1.1998560428619385
T581E:R585H:R588L,1.6242773532867432
T581E:R585H:R588M,0.7906959056854248
T581E:R585I,0.5888748168945312
T581E:R585I:R588A,2.972017288208008
T581E:R585K,-2.5644137859344482
T581E:R585L,0.6170268058776855
T581E:R585L:N587D:R588M,2.4961705207824707
T581E:R585L:N587D:R588S,2.3874897956848145
T581E:R585L:R588H,0.9045801162719727
T581E:R585L:R588S,2.7864513397216797
T581E:R585L:R588V,3.847867488861084
T581E:R585M,-0.35515332221984863
T581E:R585M:R588A,2.027989149093628
T581E:R585M:R588C,1.1186854839324951
T581E:R585M:R588I,3.0096018314361572
T581E:R585M:R588L,2.75653338432312
T581E:R585M:R588M,1.9229519367218018
T581E:R585M:R588S,1.8142712116241455
T581E:R585N:N587E,-0.04929244518280029
T581E:R585N:R588A,2.412574291229248
T581E:R585N:R588C,1.5032706260681152
T581E:R585N:R588V,3.26027250289917
T581E:R585N:R588Y,2.265366792678833
T581E:R585Q,0.25208497047424316
T581E:R585Q:R588A,2.6352274417877197
T581E:R585Q:R588C,1.725923776626587
T581E:R585Q:R588F,3.0132853984832764
T581E:R585Q:R588I,3.616840124130249
T581E:R585Q:R588L,3.363771677017212
T581E:R585Q:R588M,2.5301902294158936
T581E:R585Q:R588T,2.898484468460083
T581E:R585Q:R588V,3.4829256534576416
T581E:R585Q:R588W,0.660053014755249
T581E:R585S:N587E,0.7796105146408081
T581E:R585T,0.5298480987548828
T581E:R585T:N587E,0.45112383365631104
T581E:R585T:N587E:R588I,3.8158788681030273
T581E:R585T:R588T,3.1762475967407227
T581E:R585V,0.695152759552002
T581E:R585V:N587D,0.29619109630584717
T581E:R585V:R588D,2.961514949798584
T581E:R585V:R588H,0.9827060699462891
T581E:R585W,-1.8407952785491943
T581E:R585W:N587D:R588L,0.8719298839569092
T581E:R585W:R588L,1.2708914279937744
T581E:R585Y,-0.5200412273406982
T581E:R585Y:N587D,-0.919002890586853
T581E:R585Y:N587G,-2.889068365097046
T581E:R585Y:R588A,1.8631012439727783
T581E:R585Y:R588L,2.5916454792022705
T581E:R585Y:R588M,1.7580640316009521
T581E:R585Y:R588S,1.649383306503296
T581E:R588A,2.092371702194214
T581E:R588C,1.183068037033081
T581E:R588D,1.9755914211273193
T581E:R588E,2.0743606090545654
T581E:R588F,2.4704296588897705
T581E:R588G,1.385890007019043
T581E:R588H,-0.003217458724975586
T581E:R588I,3.073984384536743
T581E:R588K,-2.4420077800750732
T581E:R588L,2.820915937423706
T581E:R588M,1.9873344898223877
T581E:R588S,1.8786537647247314
T581E:R588V,2.9400699138641357
T581E:R588W,0.11719727516174316
T581E:R588Y,1.9451642036437988
T581F:L583F,-8.980931282043457
T581F:L583K,-12.585404396057129
T581F:N582F,-5.762849807739258
T581F:Q584K,-11.180238723754883
T581F:Q584L,-8.325438499450684
T581F:R585Q,-4.042088985443115
T581F:R588G,-2.9082839488983154
T581G:L583D,-5.005160331726074
T581G:L583D:R588D,-2.738798141479492
T581G:L583F,-7.906520366668701
T581G:L583K,-11.510993957519531
T581G:N582M,-4.934558868408203
T581G:Q584E,-3.2474284172058105
T581G:R585P,-3.201228618621826
T581H:L583D:N587L:R588D,-3.6481356620788574
T581H:N582D,-6.229264259338379
T581H:N582E:R585C:R588E,-1.9161667823791504
T581H:N582F,-5.7628173828125
T581H:Q584D,-5.270949840545654
T581H:R588M,-2.306807041168213
T581I:R585A,-2.1773836612701416
T581I:R588V,-0.41477346420288086
T581K:L583F,-11.075928688049316
T581K:L583S,-10.847089767456055
T581K:N582L,-6.740816593170166
T581K:Q584K,-13.275236129760742
T581K:R588C,-5.206103324890137
T581K:R588V,-3.449101448059082
T581L:L583K,-11.753480911254883
T581L:N582A,-5.400364875793457
T581L:N582C:N587E:R588L,-3.477766513824463
T581L:N582D,-5.397373199462891
T581L:N582E:Q584D:R588A,-1.9433224201202393
T581L:Q584D,-4.439059257507324
T581L:Q584F,-8.647869110107422
T581L:R588L,-0.6413350105285645
T581L:R588T,-1.1066222190856934
T581M:L583C,-8.79226303100586
T581M:L583D:R588Y,-2.8777718544006348
T581M:L583E:Q584E:R585H:R588T,-3.316941976547241
T581M:L583I,-7.083624362945557
T581M:L583I:R585F,-6.897982120513916
T581M:L583I:R585P,-6.774319171905518
T581M:L583W:Q584E,-9.081520080566406
T581M:N582A,-5.266423225402832
T581M:N582A:R588H,-4.978869915008545
T581M:N582C,-6.376787185668945
T581M:N582D,-5.263431549072266
T581M:N582E:N587E,-3.585210084915161
T581M:N582P,-3.767367124557495
T581M:N587D,-4.018041610717773
T581M:Q584E,-3.3559746742248535
T581M:Q584E:N587E,-3.434699058532715
T581M:Q584L:R588D,-5.093212127685547
T581M:R585A:R588E,0.21428179740905762
T581M:R585D,-2.2283880710601807
T581M:R585I,-2.7394344806671143
T581M:R585I:N587E:R588L,0.29352784156799316
T581M:R585T,-2.7984611988067627
T581M:R585V,-2.6331565380096436
T581M:R588D,-1.3527178764343262
T581M:R588I,-0.25432491302490234
T581M:R588L,-0.5073933601379395
T581N:L583G:N587D,-5.776128768920898
T581N:L583W:Q584E,-6.62369441986084
T581N:N582H:Q584W:R585P,-10.562410354614258
T581N:N582S:Q584D:R585H:R588M,-3.183438301086426
T581N:N587E:R588F,1.5212211608886719
T581N:Q584E,-0.8981496095657349
T581N:Q584E:R588H,-0.6105962991714478
T581N:R585F,-0.9756127595901489
T581N:R585H,-2.357893466949463
T581N:R588D,1.1051071882247925
T581N:R588E,1.2038763761520386
T581N:R588G,0.5154057741165161
T581N:R588I,2.203500270843506
T581P:L583E,-5.002284049987793
T581P:N582D:R585T,-4.415288925170898
T581P:N582I:R585T:N587V:R588F,-1.881391167640686
T581P:N582K,-9.240144729614258
T581P:N582T:Q584D:N587D:R588M,-4.521215915679932
T581P:N587L,-3.4265151023864746
T581P:Q584D,-4.277593612670898
T581P:Q584M:R585T:R588S,-5.163698196411133
T581P:R585E:N587C:R588G,-4.352518081665039
T581P:R585G,0.0898292064666748
T581P:R588C,-2.1177172660827637
T581P:R588L,-0.47986936569213867
T581Q:L583A,-7.489106178283691
T581Q:L583E:R585H,-5.951416969299316
T581Q:L583S,-7.511197090148926
T581Q:N582D,-4.988401412963867
T581Q:N582M,-4.768074989318848
T581Q:R585F,-3.158407688140869
T581Q:R588E,-0.9789185523986816
T581R:N582D,-9.045586585998535
T581R:Q584C:R585Q:N587S:R588G,-12.720651626586914
T581S:L583D,-4.024679183959961
T581S:L583D:Q584E:R585Y:R588V,-0.7600036859512329
T581S:N582D,-4.174404144287109
T581S:N582E:Q584E:R585A:R588V,2.5447182655334473
T581S:N582W:R585G:N587D:R588V,0.24934029579162598
T581S:Q584C:R588A,-4.717967510223389
T581S:Q584L,-6.270546913146973
T581S:Q584V,-6.146516799926758
T581S:R585A,-1.0618221759796143
T581S:R585F,-2.3444104194641113
T581S:R585G,1.1513326168060303
T581S:R585I:R588I,1.7143480777740479
T581S:R588I,0.8347024917602539
T581V:N582A,-5.133614540100098
T581V:N582A:R585L,-4.22581672668457
T581V:N582D,-5.130622863769531
T581V:N582F,-4.664176940917969
T581V:N582G,-6.529294967651367
T581V:N582S,-5.903883934020996
T581V:N582V,-4.08621072769165
T581V:N587D,-3.885232925415039
T581V:N587E,-3.564995765686035
T581V:N587W,-8.780967712402344
T581V:Q584E,-3.223165988922119
T581V:Q584M,-8.048458099365234
T581V:R585F:R588F,-0.5394287109375
T581V:R585L,-2.5784738063812256
T581V:R585S,-2.3371658325195312
T581W:N582C:L583D:R585S:N587E:R588I,-6.116580963134766
T581W:R588V,-3.0685434341430664
T581Y:L583G,-8.642511367797852
T581Y:L583W:R585Y:R588S,-8.211989402770996
T581Y:L583Y,-9.253721237182617
T581Y:N582E:R585I:R588D,-1.167997121810913
T581Y:N582S,-6.844211578369141
T581Y:N587E:R588D,-2.2389612197875977
T581Y:Q584C,-8.997655868530273
T581Y:R585C,-4.235579490661621
T581Y:R585H,-5.623237609863281
T581Y:R585H:R588D,-3.356875419616699
T581Y:R585Q:R588T,-1.2373437881469727
T581Y:R585Y,-4.655869483947754
T581Y:R588L,-1.3149123191833496
V571A:A572C:Q575V:Y576F,-12.92423152923584
V571A:A572S:Q575H:T581D:L583V:R588Y,-11.987037658691406
V571A:A572S:Q575L:S578V:T581A:R588E,-12.383556365966797
V571A:A572S:Q575L:Y576F:S578V:T581N:L583G:Q584A:R585H:N587D:R588H,-24.701719284057617
V571A:A572T,-6.6503753662109375
V571A:E574F:V579E:N582F,-15.36568546295166
V571A:L583E:R585N,-4.162603855133057
V571A:L583E:R588S,-2.3133819103240967
V571A:L583G:Q584A,-10.738668441772461
V571A:L583G:Q584A:R585H,-11.935306549072266
V571A:L583G:Q584A:R585H:R588H,-11.64775276184082
V571A:L583K,-11.072538375854492
V571A:L583W:R585L,-7.889825820922852
V571A:L583W:R585T:R588F,-5.215803146362305
V571A:L583W:R585V:R588G,-6.135038375854492
V571A:N582A,-4.71942138671875
V571A:N582C:R585Q:N587M,-7.358503341674805
V571A:N582G:N587L,-5.950060844421387
V571A:N582W,-6.8059492111206055
V571A:N587D,-3.4710397720336914
V571A:N587D:R588Y,-1.2351049184799194
V571A:N587S,-6.039954662322998
V571A:Q575C:L583E:R585S:R588L,-2.4758503437042236
V571A:Q575C:R588T,-2.6795148849487305
V571A:Q575C:Y576F:L583W:R585H:R588E,-12.7816162109375
V571A:Q575C:Y576F:R585N:R588H,-7.616808891296387
V571A:Q575F:S578E:R588Y,-3.504401445388794
V571A:Q575H,-7.637943267822266
V571A:Q575L:R588S,-3.956864356994629
V571A:Q575L:T581A:L583D:R585S:R588V,-6.322479248046875
V571A:Q575L:Y576F:L583E:R585N,-10.11546516418457
V571A:Q575L:Y576F:L583G:Q584A:R585H:N587D:R588H,-17.999576568603516
V571A:Q575L:Y576F:L583G:Q584A:R585H:R588H,-17.600614547729492
V571A:Q575L:Y576F:S578V:T581N:L583G:Q584A:R585H:N587D:R588H,-22.15585708618164
V571A:Q575L:Y576F:T581N:L583G:Q584A:R585H:N587D:R588H,-19.160831451416016
V571A:Q575M,-6.692835807800293
V571A:Q575M:L583W,-12.418380737304688
V571A:Q575M:R585Q,-6.149980068206787
V571A:Q575M:Y576G,-13.76242446899414
V571A:Q575N,-5.570534706115723
V571A:Q575T:R585T:N587D:R588F,-2.69680118560791
V571A:Q575T:Y576F,-8.778308868408203
V571A:Q575W,-9.040763854980469
V571A:Q584A,-6.5227556228637695
V571A:R585I,-2.1924326419830322
V571A:R585L,-2.164280652999878
V571A:R585L:N587D,-2.563242197036743
V571A:R585L:N587D:R588T,0.08315730094909668
V571A:R585N,-2.751875638961792
V571A:R585N:R588F,0.009324789047241211
V571A:R585Q,-2.5292224884033203
V571A:R585T:R588G,-0.574798583984375
V571A:R585V,-2.0861546993255615
V571A:R585V:R588F,0.6750457286834717
V571A:R588A,-0.6889357566833496
V571A:R588D,-0.8057160377502441
V571A:R588F,-0.31087779998779297
V571A:R588G,-1.3954174518585205
V571A:S578C,-6.2129669189453125
V571A:S578D:L583E:R585S:R588F,-0.9469776153564453
V571A:S578D:L583M:Q584V,-11.369150161743164
V571A:S578D:R585V:R588G,-0.7839710712432861
V571A:S578E,-1.9607300758361816
V571A:S578E:R585Q,-1.4178743362426758
V571A:S578F,-5.036983489990234
V571A:S578G,-5.429141044616699
V571A:S578G:R588F,-2.667940378189087
V571A:T581A:R585F:R588F,-3.2067456245422363
V571A:T581D:R585N,-2.837723970413208
V571A:T581D:R588G,-1.4812657833099365
V571A:T581E,-3.362848997116089
V571A:T581L,-6.825099945068359
V571A:T581M,-6.691158294677734
V571A:T581V,-6.558349609375
V571A:T581V:R585T:R588L,-2.6260440349578857
V571A:V579A:T581E:L583G:N587D,-10.615917205810547
V571A:Y576F,-5.970728397369385
V571A:Y576F:L583E:R588S,-5.212032318115234
V571A:Y576F:L583G:Q584A:R585H:R588H,-14.546403884887695
V571A:Y576F:L583W:R585F,-11.510631561279297
V571A:Y576F:L583W:R588L,-8.584587097167969
V571A:Y576F:T581D:R588A,-3.673434257507324
V571A:Y576F:T581E:R585Q,-5.7186431884765625
V571A:Y576M:S578L:R585H:N587M,-16.801231384277344
V571C:A572C,-7.441944122314453
V571C:A572C:N582D,-9.086296081542969
V571C:A572C:N582D:Q584C:R585M:R588H,-13.434183120727539
V571C:A572C:Q575L:L583D:Q584C,-16.561838150024414
V571C:A572C:Q575L:L583D:R585L:R588V,-7.852143287658691
V571C:A572C:Q575V:N582A:L583D:Q584C,-17.921070098876953
V571C:A572C:R585Y:R588I,-4.306459426879883
V571C:A572C:S578D,-7.8164215087890625
V571C:A572C:S578D:V579A,-10.454615592956543
V571C:A572C:T581M,-11.061023712158203
V571C:A572C:V579A,-10.08013916015625
V571C:A572K,-11.927289962768555
V571C:A572Q,-9.679101943969727
V571C:A572S,-5.800402641296387
V571C:A572S:L583C,-10.97358512878418
V571C:A572S:Q575N:N587E:R588E,-6.012452125549316
V571C:A572S:Q575P:S578D:N582E:L583D,-10.663801193237305
V571C:A572S:Q584D,-6.4864397048950195
V571C:A572S:T581N,-6.961657524108887
V571C:E574F:Q575C,-11.397085189819336
V571C:L583D,-4.7491679191589355
V571C:L583D:R585F,-4.563525676727295
V571C:L583E:Q584E:R588H,-4.1146111488342285
V571C:N582A,-4.90188455581665
V571C:N582A:L583D:Q584E:R585N:R588M,-3.535098075866699
V571C:N582A:L583E:R585S:R588L,-2.0518205165863037
V571C:N582A:L583E:R585W:R588E,-5.497506141662598
V571C:N582A:R585G,-1.2204992771148682
V571C:N582D,-4.898893356323242
V571C:N582D:L583D:Q584E:R585A:R588M,-2.3840785026550293
V571C:N582D:L583E:R585T:R588A,-3.1058599948883057
V571C:N582D:R585H,-6.095531463623047
V571C:N582D:R585W:R588D,-4.182555675506592
V571C:N582E:L583D:Q584C:R588H,-8.920077323913574
V571C:N582E:L583D:R585V,-3.6506500244140625
V571C:N582E:Q584C:R585L:R588E,-4.440075397491455
V571C:N582E:R585L:R588S,-0.06472492218017578
V571C:N582E:R588A,-0.7588045597076416
V571C:N582G:R588D,-4.031203269958496
V571C:N582L:L583F:R585I,-6.831756591796875
V571C:N582P:N587D,-3.8017899990081787
V571C:N587D,-3.653502941131592
V571C:N587K,-9.477264404296875
V571C:N587Y,-7.290219783782959
V571C:Q575C,-5.508377552032471
V571C:Q575C:S578C:N582D,-10.293617248535156
V571C:Q575L:L583W:R585T,-11.213678359985352
V571C:Q575L:N582E:Q584C,-10.76721477508545
V571C:Q575L:R588H,-6.021198749542236
V571C:Q575L:S578C:R588S,-7.280216217041016
V571C:Q575L:S578V:T581S:N582A:R585W,-15.031200408935547
V571C:Q575L:T581E,-6.599522590637207
V571C:Q575L:T581M:N582E:Q584E:R588D,-7.285770416259766
V571C:Q575N:N582A:L583G:R585Q,-11.073397636413574
V571C:Q575P:N582A:L583E:R585W:R588E,-8.604394912719727
V571C:Q575P:S578A:T581S,-11.260793685913086
V571C:Q575P:S578D:N582E:L583D:R585A,-6.649709701538086
V571C:Q575P:S578V:T581S:L583E,-13.297239303588867
V571C:Q575P:T581N,-7.522685527801514
V571C:Q575P:V579A:T581M:R585T,-11.798086166381836
V571C:Q575S:T581S:N582E:Q584C,-12.51667308807373
V571C:Q575V,-6.020641803741455
V571C:Q575V:N582E:L583E:R585A:R588E,-3.4854137897491455
V571C:Q575V:S578F,-7.9855475425720215
V571C:Q575V:S578V:L583W:R588E,-12.376083374023438
V571C:Q575V:T581M:L583D:R585F:R588T,-8.30230712890625
V571C:Q575W:S578A:T581N:Q584E,-12.490686416625977
V571C:Q584C,-7.82559871673584
V571C:Q584C:R585G,-4.144213676452637
V571C:Q584C:R588F,-5.064398288726807
V571C:Q584E,-2.991436004638672
V571C:Q584E:R585M,-3.055818557739258
V571C:Q584E:R585T:R588D,0.09554505348205566
V571C:Q584M,-7.816727638244629
V571C:R585A,-1.7863109111785889
V571C:R585A:R588C,-0.3124721050262451
V571C:R585D,-1.863849401473999
V571C:R585I,-2.3748958110809326
V571C:R585M,-3.3189239501953125
V571C:R585N,-2.9343388080596924
V571C:R585P,-2.9452362060546875
V571C:R585Q,-2.7116856575012207
V571C:R585S,-2.105435848236084
V571C:R585T,-2.433922529220581
V571C:R585T:R588H,-2.146369218826294
V571C:R585W,-4.804565906524658
V571C:R588C,-1.7807025909423828
V571C:R588F,-0.49334096908569336
V571C:R588G,-1.577880620956421
V571C:R588H,-2.9669880867004395
V571C:R588K,-5.405778408050537
V571C:R588S,-1.0851168632507324
V571C:R588W,-2.8465733528137207
V571C:S578A,-5.6238508224487305
V571C:S578A:T581S:Q584C:R588V,-9.494120597839355
V571C:S578A:V579T,-6.009817123413086
V571C:S578D:N582D:Q584E:R588T,-2.363865375518799
V571C:S578E,-2.143193244934082
V571C:S578G:T581E:Q584W,-12.478014945983887
V571C:S578H,-7.762750625610352
V571C:S578V,-6.249568939208984
V571C:S578V:T581L,-10.002591133117676
V571C:S578V:T581S:L583I,-12.244165420532227
V571C:S578V:T581S:N582A:L583E:R588V,-8.606852531433105
V571C:S578W:T581D,-7.719822406768799
V571C:T573E,-8.276103973388672
V571C:T573H:E574A:T581M:N582W:L583D,-21.38303565979004
V571C:T573H:E574M:Q575F:S578C:N582G:Q584D:R585I:R588E,-21.383235931396484
V571C:T573H:E574M:Q575F:Y576F:S578C:N582G:Q584D:R585I:R588E,-24.28188705444336
V571C:T573H:Q575I,-11.709661483764648
V571C:T573Y,-8.560792922973633
V571C:T573Y:Q575W,-14.529478073120117
V571C:T573Y:Q584E,-8.297687530517578
V571C:T581E,-3.5453121662139893
V571C:T581E:L583W:R588G,-7.594196319580078
V571C:T581E:N582E,-3.432717800140381
V571C:T581E:N587E,-3.6240365505218506
V571C:T581E:N587E:R588V,-0.39319586753845215
V571C:T581E:R588A,-1.1621696949005127
V571C:T581S:N582E:L583D:Q584C:R588H,-11.450130462646484
V571C:T581S:R585M,-5.8489766120910645
V571C:T581S:R585Y:R588I,-2.649109363555908
V571C:T581S:R588V,-2.55375337600708
V571C:T581Y,-7.681140422821045
V571C:V579A,-5.892735958099365
V571C:V579A:L583E,-7.303464412689209
V571C:V579A:T581E:Q584E,-5.920401573181152
V571C:V579T,-3.640507698059082
V571C:V579T:L583I:R588G,-5.428391456604004
V571C:V579T:R588D,-1.3741455078125
V571C:Y576A,-10.673944473266602
V571C:Y576W:T581E,-6.186461448669434
V571D:A572C:E574A,-10.750411033630371
V571D:A572C:Q584C:N587L,-11.061750411987305
V571D:A572K,-11.141079902648926
V571D:A572S:N587G,-7.3832197189331055
V571D:A572S:S578D:V579I:R585S:R588A,-5.387109756469727
V571D:E574A,-6.5630083084106445
V571D:E574A:R588D,-4.2966461181640625
V571D:E574F,-8.357038497924805
V571D:E574G,-6.843858242034912
V571D:E574H,-8.515924453735352
V571D:E574N:Y576D:L583N:Q584D,-19.834510803222656
V571D:L583D,-3.9629578590393066
V571D:L583D:N587D,-4.361919403076172
V571D:L583D:Q584D:R585E,-3.2993831634521484
V571D:L583D:Q584D:R585N,-4.328792572021484
V571D:L583D:Q584D:R585W:R588S,-4.029595375061035
V571D:L583D:Q584D:R588C,-3.175156593322754
V571D:L583D:Q584E:N587E,-3.7785768508911133
V571D:L583D:Q584E:R585A:N587E:R588D,-0.043984293937683105
V571D:L583D:Q584L,-7.703451633453369
V571D:L583D:R585I:N587E,-3.162036418914795
V571D:L583D:R585N:R588T,-0.9963557720184326
V571D:L583D:R585Q:R588Y,-1.1841671466827393
V571D:L583D:R588F,-1.201757550239563
V571D:L583E,-3.8790595531463623
V571D:L583E:N587E,-3.9577839374542236
V571D:L583E:Q584D:R585P:R588G,-2.5791311264038086
V571D:L583E:Q584D:R585V,-3.5791735649108887
V571D:L583E:Q584E:R585M,-3.6803367137908936
V571D:L583E:Q584E:R585P:R588M,-1.0285437107086182
V571D:L583E:Q584L:R585E:R588F,-3.5087409019470215
V571D:L583E:R585A,-2.4108290672302246
V571D:L583E:R585N:N587E,-3.6375813484191895
V571D:L583E:R585Q:R588S,-1.1667792797088623
V571D:L583E:R585W:N587E:R588M,-3.229702949523926
V571D:L583G:Q584L:R585L:N587E:R588M,-7.317559242248535
V571D:L583G:R585P:R588E,-4.009807109832764
V571D:N582A:L583D:R588S,-3.4408764839172363
V571D:N582A:L583G:R585F:N587E:R588W,-7.8167009353637695
V571D:N582A:R585G,-0.43428921699523926
V571D:N582C:L583D:Q584D,-7.406702041625977
V571D:N582C:L583E:Q584D:R585P:R588G,-5.3368377685546875
V571D:N582C:L583E:R585E:N587E:R588D,-3.0995163917541504
V571D:N582C:Q584E,-4.962932586669922
V571D:N582C:Q584E:R585L:R588G,-2.378474473953247
V571D:N582D,-4.112683296203613
V571D:N582D:L583D:N587D:R588V,-2.775430679321289
V571D:N582D:L583D:N587E:R588Y,-3.450098991394043
V571D:N582D:L583D:Q584E:R585A:R588E,-1.5108424425125122
V571D:N582D:L583E:R585F:N587E,-5.4164934158325195
V571D:N582D:L583G:Q584E:N587E:R588I,-4.779458999633789
V571D:N582D:Q584D:R585D:N587D:R588W,-3.399022340774536
V571D:N582D:Q584D:R585W:N587D:R588D,-4.481344223022461
V571D:N582D:Q584E:N587E:R588C,-2.454463005065918
V571D:N582D:Q584E:R585D:N587D:R588S,-0.688422679901123
V571D:N582D:Q584E:R585D:R588S,-0.2894611358642578
V571D:N582D:Q584E:R588A,-1.466435432434082
V571D:N582D:Q584L:R588A,-5.470034599304199
V571D:N582D:R585N,-3.79248046875
V571D:N582E:L583D:R585N:N587E:R588D,-1.342523217201233
V571D:N582E:L583D:R585W:N587E,-5.47911262512207
V571D:N582E:L583E,-3.766465187072754
V571D:N582E:L583E:N587E,-3.8451895713806152
V571D:N582E:L583E:R585N:N587E,-3.524986982345581
V571D:N582E:Q584D:R585G:N587E:R588W,0.9688544273376465
V571D:N582E:Q584D:R585N:N587D:R588H,-2.832980155944824
V571D:N582E:R585Q,-1.8128812313079834
V571D:N582E:R585Y:N587E,-2.663731575012207
V571D:N582E:R585Y:R588F,0.1761929988861084
V571D:N582G,-5.511355400085449
V571D:N582G:L583D:Q584D:N587E,-7.770743370056152
V571D:N582G:L583G:Q584L:N587E,-13.546485900878906
V571D:N582G:Q584F:R585G:R588D,-4.458454608917236
V571D:N582G:R585L:N587E:R588C,-3.2084431648254395
V571D:N582G:R585P,-5.20205020904541
V571D:N582P,-2.6166183948516846
V571D:N582P:L583D:Q584D:N587E:R588T,-2.229607343673706
V571D:N582P:L583D:Q584D:R585D:R588D,-1.140228271484375
V571D:N582P:L583D:Q584D:R585D:R588F,-0.6453900337219238
V571D:N582P:L583D:Q584D:R585P:R588G,-2.81131649017334
V571D:N582P:L583D:R585D,-2.720552921295166
V571D:N582P:L583D:R588L,-0.9995583295822144
V571D:N582P:L583E,-4.027346611022949
V571D:N582P:Q584D:N587E:R588V,-0.15053951740264893
V571D:N582P:Q584D:R585D:R588D,0.354398250579834
V571D:N582P:Q584D:R585D:R588F,0.8492364883422852
V571D:N582P:Q584D:R585F:N587D:R588C,-2.0421364307403564
V571D:N582P:Q584D:R585I:N587E,-2.501734733581543
V571D:N582P:Q584D:R585P:R588G,-1.3166899681091309
V571D:N582P:Q584D:R585T:N587E,-2.5607614517211914
V571D:N582P:Q584E:R585F:R588L,0.9438159465789795
V571D:N582P:R585N:N587E,-2.3751401901245117
V571D:N582P:R588F,0.14458203315734863
V571D:N587D:R588T,-0.2208935022354126
V571D:N587E:R588W,-2.139087677001953
V571D:N587L,-2.303290367126465
V571D:Q575C:R585V:R588D,-1.4698817729949951
V571D:Q575G:V579C:Q584A:R588W,-10.206415176391602
V571D:Q575I:R585P,-5.427906513214111
V571D:Q575I:T581H:L583D:Q584D:R585P,-12.193483352661133
V571D:Q575I:V579W:R585W:R588L,-11.077022552490234
V571D:Q575L,-5.5225419998168945
V571D:Q575L:R585E,-4.172929763793945
V571D:Q575S:N582G:R585A:R588C,-4.842901706695557
V571D:Q575Y,-6.794190406799316
V571D:Q584A:R585T:R588F,-2.3371899127960205
V571D:Q584C,-7.039388656616211
V571D:Q584D,-3.1543688774108887
V571D:Q584D:R585D,-1.7636768817901611
V571D:Q584D:R585D:R588D,0.5026853084564209
V571D:Q584D:R585D:R588F,0.9975237846374512
V571D:Q584D:R585I:R588I,1.0900321006774902
V571D:Q584D:R585M:N587E,-3.297475814819336
V571D:Q584D:R585P,-2.8450636863708496
V571D:Q584D:R585P:R588G,-1.168402910232544
V571D:Q584D:R588A,-0.7712264060974121
V571D:Q584D:R588C,-1.680530071258545
V571D:Q584D:R588D,-0.8880066871643066
V571D:Q584D:R588M,-0.8762636184692383
V571D:Q584E,-2.205225944519043
V571D:Q584E:N587E,-2.2839503288269043
V571D:Q584E:R585D,-0.8145339488983154
V571D:Q584E:R585D:R588S,1.3548905849456787
V571D:Q584E:R585F,-2.0195837020874023
V571D:Q584E:R585V:R588S,0.9501221179962158
V571D:Q584F:R585L:N587D:R588W,-6.446374416351318
V571D:Q584L,-6.20882511138916
V571D:Q584L:R585I,-5.329179763793945
V571D:Q584L:R588L,-3.0971386432647705
V571D:Q584M:R585N:R588F,-3.9491145610809326
V571D:R585C:N587V:R588E,-1.33576238155365
V571D:R585D,-1.0776393413543701
V571D:R585D:R588V,2.1532013416290283
V571D:R585E:R588G,0.5579416751861572
V571D:R585G,1.2130539417266846
V571D:R585G:N587D:R588I,4.178847312927246
V571D:R585G:N587E:R588F,3.8955299854278564
V571D:R585H,-3.6649699211120605
V571D:R585L,-1.5605337619781494
V571D:R585N,-2.1481287479400635
V571D:R585N:R588H,-1.8605754375457764
V571D:R585P,-2.1590261459350586
V571D:R585P:N587E,-2.23775053024292
V571D:R585Q:R588C,-0.45163679122924805
V571D:R585T,-1.6477124691009521
V571D:R585V,-1.482407808303833
V571D:R585V:N587E,-1.5611321926116943
V571D:R588D,-0.20196914672851562
V571D:R588E,-0.10319995880126953
V571D:R588F,0.29286909103393555
V571D:R588G,-0.791670560836792
V571D:R588K,-4.619568347930908
V571D:R588L,0.6433553695678711
V571D:R588M,-0.19022607803344727
V571D:R588S,-0.2989068031311035
V571D:R588W,-2.060363292694092
V571D:R588Y,-0.23239636421203613
V571D:S578C:N582P:R588T,-3.111107110977173
V571D:S578D:R585A,-1.3745779991149902
V571D:S578F,-4.433237075805664
V571D:S578K,-9.273048400878906
V571D:S578V:Q584L:R588Y,-6.9679179191589355
V571D:S578W:N582Y:R585I:R588G,-6.65968132019043
V571D:S578W:T581N:R588D,-5.742656707763672
V571D:S578Y:N582M:R585G:N587V,-4.621743202209473
V571D:T573F:L583D,-9.030923843383789
V571D:T573F:S578D:T581E,-8.201545715332031
V571D:T573F:V579W:N582P,-14.586057662963867
V571D:T573V:T581S:N582G:Q584D,-12.468478202819824
V571D:T573Y,-7.774582862854004
V571D:T573Y:N582G:L583D,-12.312232971191406
V571D:T573Y:Q584D:R585D:N587E:R588D,-4.882290840148926
V571D:T573Y:R588D,-5.508220672607422
V571D:T573Y:T581Q:R585M,-11.183015823364258
V571D:T573Y:V579W:L583D:R585P,-15.861377716064453
V571D:T581D:Q584L:R585C:N587D:R588F,-3.74141526222229
V571D:T581E,-2.7591021060943604
V571D:T581E:L583D,-4.253728866577148
V571D:T581E:N582E:R585M,-2.710890293121338
V571D:T581E:N582P:R585P,-2.598083972930908
V571D:T581E:N587E,-2.8378264904022217
V571D:T581E:R588D,-0.4927399158477783
V571D:T581H,-7.053243637084961
V571D:T581N:R585T:R588F,-0.047766923904418945
V571D:T581Y:Q584M:R585I:N587D:R588T,-8.330033302307129
V571D:V579I,-5.999019622802734
V571D:V579I:N582P:R585T,-5.326687812805176
V571D:V579W:L583D:Q584D:R588C,-10.076629638671875
V571D:V579W:N582A:L583E:Q584E:R585D,-10.774078369140625
V571D:V579W:N582E,-9.257209777832031
V571D:V579W:N582E:L583D:Q584D:R585S:R588C,-8.814929962158203
V571D:V579W:N582E:L583D:Q584D:R588C,-9.964035034179688
V571D:V579W:N582P:L583D,-11.012718200683594
V571D:V579W:Q584D,-10.055841445922852
V571D:Y576E:L583D,-12.42718505859375
V571D:Y576E:T581E:R585P,-10.914023399353027
V571D:Y576T,-10.137544631958008
V571D:Y576W,-5.109480381011963
V571E:A572C:N582A:L583V:N587E,-11.955163955688477
V571E:A572C:Q575M:N582A,-11.543877601623535
V571E:A572C:Q575V:Y576F:L583E:R585L,-12.443458557128906
V571E:A572C:R585L:R588V,-2.1371383666992188
V571E:A572G:T581E:R585N,-6.269484996795654
V571E:A572G:Y576G:T581D:L583G,-17.670265197753906
V571E:A572N,-7.270240783691406
V571E:A572S,-4.634235382080078
V571E:A572S:L583E,-6.044963836669922
V571E:A572S:L583G:R585S:R588I,-4.336287021636963
V571E:A572S:S578E:N582T:L583G,-9.861565589904785
V571E:A572S:S578E:T581N:N582C,-7.4418487548828125
V571E:E574D:N582E:Q584E:R585F:R588S,-2.330056667327881
V571E:E574D:R585L:N587F:R588L,-3.9140071868896484
V571E:E574D:R585L:R588L,-1.0413389205932617
V571E:E574D:T581V:N587E,-8.625819206237793
V571E:E574M,-7.626051902770996
V571E:L583D,-3.583001136779785
V571E:L583D:N587E,-3.6617250442504883
V571E:L583D:N587E:R588A,-1.27858304977417
V571E:L583D:N587E:R588M,-1.383620262145996
V571E:L583D:Q584D:R585C:N587E:R588M,-1.8786379098892212
V571E:L583D:Q584E:N587E:R588F,-0.6374194622039795
V571E:L583D:Q584E:N587E:R588M,-1.1205146312713623
V571E:L583D:Q584E:R585I:N587E,-2.5189740657806396
V571E:L583D:R585N:N587E,-3.341522693634033
V571E:L583D:R585V:N587E,-2.6758017539978027
V571E:L583E:N587D:R588C,-2.424225330352783
V571E:L583E:N587E,-3.577826738357544
V571E:L583E:Q584D,-4.185140132904053
V571E:L583E:Q584D:R585T:N587E,-3.4432454109191895
V571E:L583E:R585I:N587E:R588Y,-0.462246298789978
V571E:L583E:R585M:R588T,-0.9170856475830078
V571E:L583E:R585N,-3.1789000034332275
V571E:L583E:R585Q,-2.956246852874756
V571E:L583E:R585V:N587D,-2.9121408462524414
V571E:L583E:R588D,-1.2327404022216797
V571E:L583I,-5.552918434143066
V571E:N582A,-3.735717535018921
V571E:N582A:L583D:Q584E:R585N,-4.647036075592041
V571E:N582A:Q584D,-4.421754837036133
V571E:N582A:R585Q:R588G,-1.5162010192871094
V571E:N582C,-4.846081256866455
V571E:N582C:Q584L:R585G:R588L,-1.7935032844543457
V571E:N582C:R585Q:N587G:R588I,-3.307497501373291
V571E:N582D,-3.7327260971069336
V571E:N582D:L583D,-5.227353096008301
V571E:N582D:L583D:Q584E:R585I:R588F,-1.3234013319015503
V571E:N582D:L583D:R585A:N587E:R588Y,-1.6019114255905151
V571E:N582D:L583D:R585D:N587E:R588W,-3.5074167251586914
V571E:N582D:L583D:R585N:N587E:R588L,-1.8741875886917114
V571E:N582D:L583D:R585T:N587E:R588L,-1.3737713098526
V571E:N582D:L583E:N587D,-5.542416095733643
V571E:N582D:L583E:Q584D:N587D:R588H,-5.9409003257751465
V571E:N582D:L583E:R585F,-4.957812309265137
V571E:N582D:L583E:R585F:N587D:R588G,-3.6801130771636963
V571E:N582D:L583E:R585F:N587E,-5.03653621673584
V571E:N582D:L583E:R585F:R588A,-2.574669599533081
V571E:N582D:L583E:R585M:N587D:R588L,-2.4951119422912598
V571E:N582D:L583E:R585N:N587D:R588H,-4.934659957885742
V571E:N582D:L583E:R585N:R588E,-2.458120346069336
V571E:N582D:L583E:R585T:R588A,-1.9396929740905762
V571E:N582D:L583E:R585Y:N587E:R588S,-3.282024383544922
V571E:N582D:L583E:R588M,-2.865349054336548
V571E:N582D:N587D,-4.131688117980957
V571E:N582D:Q584D:R585S:R588V,-0.038817405700683594
V571E:N582D:Q584E,-3.469620704650879
V571E:N582D:Q584E:N587D:R588I,-0.5038272142410278
V571E:N582D:Q584E:N587E,-3.5483450889587402
V571E:N582D:Q584E:N587E:R588A,-1.1652024984359741
V571E:N582D:R585D:N587D:R588E,-0.3758643865585327
V571E:N582D:R585I,-2.8530805110931396
V571E:N582D:R585N,-3.4125235080718994
V571E:N582D:R585P:N587W:R588L,-5.606431007385254
V571E:N582D:R585Q:N587E:R588G,-1.5919338464736938
V571E:N582D:R585V:N587E,-2.825526714324951
V571E:N582D:R585W:N587E,-5.361474990844727
V571E:N582D:R588V,-0.5018854141235352
V571E:N582E,-1.9757800102233887
V571E:N582E:L583D:N587D,-3.869368314743042
V571E:N582E:L583D:N587E:R588F,-0.7879304885864258
V571E:N582E:L583D:Q584D:R585E:N587D:R588F,-0.4445931911468506
V571E:N582E:L583D:Q584D:R585Y:N587E,-4.4644389152526855
V571E:N582E:L583D:R585A:N587D:R588L,0.7105487585067749
V571E:N582E:L583D:R585D:N587E,-2.1584386825561523
V571E:N582E:L583D:R585E:N587E:R588E,0.1656128168106079
V571E:N582E:L583D:R585E:R588Y,0.11514055728912354
V571E:N582E:L583D:R585G:N587E:R588M,2.4103596210479736
V571E:N582E:L583D:R585V:N587E:R588F,0.19799315929412842
V571E:N582E:L583E,-3.3865082263946533
V571E:N582E:L583E:N587E,-3.4652323722839355
V571E:N582E:L583E:Q584D:N587E:R588T,-1.5048704147338867
V571E:N582E:L583E:Q584E:R588F,-0.36220240592956543
V571E:N582E:L583E:R585A,-1.9182777404785156
V571E:N582E:L583E:R585A:N587E:R588Y,0.23893308639526367
V571E:N582E:L583E:R585I:N587E:R588M,-0.3074815273284912
V571E:N582E:L583E:R585N:N587D:R588L,-0.3535807132720947
V571E:N582E:L583E:R585Q:R588V,0.387188196182251
V571E:N582E:L583E:R585T:N587E:R588W,-2.236645460128784
V571E:N582E:N587E:R588A,0.32863807678222656
V571E:N582E:N587E:R588M,0.2236008644104004
V571E:N582E:Q584F:R585F:N587D:R588S,-4.914522171020508
V571E:N582E:R585H:N587E:R588I,0.11361229419708252
V571E:N582E:R585M:N587E:R588Y,0.11704814434051514
V571E:N582E:R588C,-0.5019412040710449
V571E:N582E:R588F,0.7854204177856445
V571E:N582G:Q584D:R585Q:R588D,-3.0082178115844727
V571E:N582G:R585G,-1.4500129222869873
V571E:N582H:N587W:R588E,-8.152759552001953
V571E:N582L:R585F:R588M,0.3144986629486084
V571E:N582P,-2.236661434173584
V571E:N582P:L583D,-3.731288194656372
V571E:N582P:L583D:R585D:N587E:R588Y,-0.18338525295257568
V571E:N582P:L583D:R585P,-3.421982765197754
V571E:N582P:L583D:R585W:N587E:R588W,-4.952068328857422
V571E:N582P:Q584D:R585G:N587E,0.679962158203125
V571E:N582P:Q584E:N587D,-2.3725175857543945
V571E:N582P:Q584E:R585D,-0.5828640460968018
V571E:N582P:R585F:N587E:R588C,-0.6559046506881714
V571E:N582P:R585N:N587Y:R588G,-4.275476455688477
V571E:N582P:R585S:R588A,1.2955865859985352
V571E:N582P:R585W:R588S,-1.6172614097595215
V571E:N587A,-4.534760475158691
V571E:N587D,-2.4873361587524414
V571E:N587D:R588A,-0.10419356822967529
V571E:N587D:R588L,0.6243506669998169
V571E:N587E,-2.1670985221862793
V571E:N587E:R588F,0.5941017866134644
V571E:N587E:R588L,0.9445880651473999
V571E:Q575C:R585H:R588F,-2.77764892578125
V571E:Q575C:R585V:R588E,-0.9911558628082275
V571E:Q575H:N582E:R585L:N587D:R588F,-3.271608829498291
V571E:Q575H:R585L:N587D:R588F,-3.3842029571533203
V571E:Q575H:R585L:R588F,-2.985241651535034
V571E:Q575H:S578E:N587D:R588S,-3.772428035736084
V571E:Q575L:L583D:N587D,-7.036172866821289
V571E:Q575L:R585S:N587D:R588V,-1.1616004705429077
V571E:Q575N:R585G:R588M,1.372659683227539
V571E:Q575T:L583D:R585H,-7.587220191955566
V571E:Q575T:R585Q,-4.3530988693237305
V571E:Q575T:S578D:R585S:N587D:R588E,-2.1551568508148193
V571E:Q584D,-2.774411916732788
V571E:Q584D:N587D,-3.1733736991882324
V571E:Q584D:N587E,-2.8531360626220703
V571E:Q584D:R585N,-2.454209327697754
V571E:Q584D:R585V,-1.7884883880615234
V571E:Q584D:R585Y:R588V,0.2271583080291748
V571E:Q584E,-1.8252689838409424
V571E:Q584E:R585E,-0.47565674781799316
V571E:Q584E:R585I,-0.9456233978271484
V571E:Q584E:R588F,0.9359314441680908
V571E:Q584E:R588M,0.452836275100708
V571E:Q584F:R588G,-5.306560516357422
V571E:Q584K,-8.68366813659668
V571E:R585A:N587D,-1.0191056728363037
V571E:R585D:R588T,1.9487171173095703
V571E:R585E,-0.7387621402740479
V571E:R585E:N587C,-4.525997161865234
V571E:R585E:R588L,2.372924566268921
V571E:R585F,-1.9027321338653564
V571E:R585F:R588I,1.4620230197906494
V571E:R585F:R588M,0.37537312507629395
V571E:R585G:N587D:R588L,4.305736064910889
V571E:R585G:N587E:R588I,4.87904167175293
V571E:R585G:R588F,4.354211330413818
V571E:R585H,-3.28501296043396
V571E:R585I,-1.2087287902832031
V571E:R585I:N587E,-1.2874529361724854
V571E:R585K,-4.362017631530762
V571E:R585N:N587E:R588C,-0.3730572462081909
V571E:R585Q,-1.5455186367034912
V571E:R585Q:N587L,-1.380477786064148
V571E:R585S,-0.9392688274383545
V571E:R585S:N587D:R588V,1.8926103115081787
V571E:R585S:R588V,2.291571855545044
V571E:R585T,-1.2677555084228516
V571E:R585V,-1.1024508476257324
V571E:R585V:N587E,-1.1811749935150146
V571E:R588D,0.17798781394958496
V571E:R588F,0.6728260517120361
V571E:R588G,-0.4117136001586914
V571E:R588H,-1.80082106590271
V571E:R588I,1.2763807773590088
V571E:R588L,1.0233123302459717
V571E:R588M,0.18973088264465332
V571E:R588S,0.08105015754699707
V571E:R588W,-1.6804063320159912
V571E:R588Y,0.14756059646606445
V571E:S578C:R585Y:R588C,-3.984694480895996
V571E:S578D:V579W,-9.364324569702148
V571E:S578D:V579W:T581E:N582E,-9.542500495910645
V571E:S578V,-5.083402156829834
V571E:S578V:R588G,-3.4067413806915283
V571E:T581D:L583E:Q584E:R585H:R588D,-2.252121925354004
V571E:T581D:N582D:L583D:Q584D:R588S,-3.8298141956329346
V571E:T581D:N582D:R585E:N587Y:R588F,-3.7434403896331787
V571E:T581D:N582D:R588G,-2.141913652420044
V571E:T581D:Q584E:R588A,0.47202515602111816
V571E:T581E,-2.3791451454162598
V571E:T581E:N582G:L583E:Q584C:R585Q:R588A,-8.477956771850586
V571E:T581E:N582G:L583E:R585Y:R588W,-6.654199600219727
V571E:T581E:N582G:R585M:R588V,-2.2557108402252197
V571E:T581E:Q584L:R588F,-3.358438730239868
V571E:T581F,-6.673318862915039
V571E:T581N:N582C:L583E,-7.418064594268799
V571E:T581R,-9.489608764648438
V571E:T581S,-4.618427276611328
V571E:V579H,-8.111740112304688
V571E:V579I:R585P,-5.309757709503174
V571E:V579W:L583E:Q584D,-11.086612701416016
V571E:V579W:N582G:L583D:Q584D:R585H,-15.410175323486328
V571E:V579W:Q584E,-8.726741790771484
V571E:V579W:Q584E:R585G:N587D:R588I,-2.0795633792877197
V571E:V579W:Q584E:R585I:R588C,-6.373257637023926
V571E:V579W:R585V:R588V,-4.773082733154297
V571E:Y576F:L583W,-10.712569236755371
V571E:Y576F:R585L:R588I,-0.7144718170166016
V571E:Y576F:R585N,-4.6668219566345215
V571E:Y576F:R585S:N587L:R588F,-0.9116777181625366
V571F:A572C:Y576D:Q584Y,-22.325824737548828
V571F:A572D,-10.707618713378906
V571F:A572E:R585W,-12.84516716003418
V571F:A572G:Q575H:Y576W,-16.088356018066406
V571F:A572S:Q575N:R585Y,-9.944387435913086
V571F:A572S:S578W,-11.59609317779541
V571F:E574F,-10.559507369995117
V571F:E574G:T581A:N582H:R585D,-13.871965408325195
V571F:E574H:L583N,-15.182307243347168
V571F:E574L,-9.861234664916992
V571F:L583C,-9.843982696533203
V571F:L583D:N587E,-6.244150638580322
V571F:L583D:R585L:R588E,-2.8924973011016846
V571F:L583D:R585Y:R588K,-8.545933723449707
V571F:L583E:Q584D:R585F:R588D,-4.315561294555664
V571F:L583G:Q584L:R585F:R588M,-10.163458824157715
V571F:L583W,-10.396345138549805
V571F:N582A:L583D:Q584L:R585Q:R588L,-7.898721218109131
V571F:N582A:L583D:R585V:N587E:R588D,-4.6392083168029785
V571F:N582A:L583G:Q584L:N587E:R588M,-12.07516860961914
V571F:N582A:Q584D:N587E,-7.082904815673828
V571F:N582A:Q584E:R585L:N587E:R588Y,-2.9900295734405518
V571F:N582C:L583G:Q584L,-15.384913444519043
V571F:N582C:L583G:Q584L:R585G:R588S,-9.534103393554688
V571F:N582C:L583G:Q584L:R588S,-13.21548843383789
V571F:N582C:N587E:R588Y,-5.27129602432251
V571F:N582C:Q584D:R585G:N587E:R588T,-1.8654835224151611
V571F:N582C:Q584E:R588E,-4.800270080566406
V571F:N582C:Q584L,-11.169000625610352
V571F:N582D,-6.315151214599609
V571F:N582D:Q584D:R585L:R588T,-3.4469919204711914
V571F:N582D:Q584E,-6.052045822143555
V571F:N582D:Q584E:R585V:R588D,-2.799760103225708
V571F:N582D:R585S:N587E:R588H,-4.957217216491699
V571F:N582D:R585V:N587E:R588M,-3.1298470497131348
V571F:N582D:R585V:R588A,-2.946085214614868
V571F:N582E:L583D:Q584D:R585Y:R588C,-5.494300842285156
V571F:N582E:L583D:R585E:N587E,-4.7819437980651855
V571F:N582E:L583D:R588T,-3.406432628631592
V571F:N582E:N587D,-4.95716667175293
V571F:N582E:Q584L,-8.298699378967285
V571F:N582E:Q584L:R585D:N587E:R588S,-4.817307472229004
V571F:N582G,-7.713823318481445
V571F:N582G:L583D:Q584D:R585P:R588D,-7.318819999694824
V571F:N582G:L583E:R585N:R588D,-6.537986755371094
V571F:N582G:L583G:R585A:N587D:R588C,-9.386628150939941
V571F:N582G:Q584C,-12.284881591796875
V571F:N582G:Q584C:N587E:R588D,-10.09724235534668
V571F:N582G:Q584C:R585D,-10.89418888092041
V571F:N582G:Q584C:R585D:N587E:R588D,-8.706551551818848
V571F:N582G:Q584C:R585D:R588D,-8.627826690673828
V571F:N582G:Q584C:R588D,-10.018518447875977
V571F:N582G:Q584D,-8.399861335754395
V571F:N582G:Q584D:R585D,-7.00916862487793
V571F:N582G:Q584D:R585P,-8.090555191040039
V571F:N582G:Q584D:R585P:R588D,-5.824193477630615
V571F:N582G:Q584E,-7.450717926025391
V571F:N582G:Q584E:R585L,-6.542920112609863
V571F:N582G:Q584L,-11.454318046569824
V571F:N582G:Q584L:R588E,-9.08918571472168
V571F:N582G:R588D,-5.447461128234863
V571F:N582K,-10.319387435913086
V571F:N582P,-4.819087028503418
V571F:N582P:L583D:Q584D:R585Q:R588A,-4.073752403259277
V571F:N582P:L583D:Q584D:R588A,-4.616608619689941
V571F:N582P:L583G:R585L:N587D,-8.526163101196289
V571F:N582P:Q584D,-5.505124092102051
V571F:N582P:Q584D:N587E:R588Y,-3.3479137420654297
V571F:N582P:R585A,-3.350856304168701
V571F:N582P:R588A,-2.4359443187713623
V571F:N582Q:Q584E:R585V:R588F,-0.8218467235565186
V571F:N582W,-8.404670715332031
V571F:N587E,-4.749524116516113
V571F:N587E:R588W,-4.341556072235107
V571F:N587W,-9.965496063232422
V571F:Q575C:N582G,-9.967658996582031
V571F:Q575C:N587W:R588G,-10.542672157287598
V571F:Q575L:Q584L,-11.46550464630127
V571F:Q584D,-5.356837272644043
V571F:Q584D:N587D:R588D,-3.489436626434326
V571F:Q584D:N587E,-5.435561656951904
V571F:Q584E,-4.407694339752197
V571F:Q584E:N587D:R588D,-2.5402936935424805
V571F:Q584E:R585L,-3.499896764755249
V571F:Q584E:R585Q,-3.8648386001586914
V571F:Q584E:R588D,-2.1413321495056152
V571F:Q584F,-9.56564712524414
V571F:Q584K,-11.266094207763672
V571F:Q584L,-8.411293983459473
V571F:R585A:R588I,0.1621859073638916
V571F:R585C,-4.479780197143555
V571F:R585E:N587E,-3.399911880493164
V571F:R585G,-0.9894144535064697
V571F:R585G:R588F,1.7717859745025635
V571F:R585H,-5.867438316345215
V571F:R585I,-3.791154146194458
V571F:R585N,-4.350597381591797
V571F:R585P:N587W,-9.656190872192383
V571F:R585Q,-4.127943992614746
V571F:R585V,-3.6848762035369873
V571F:R585V:R588D,-1.4185140132904053
V571F:R585V:R588L,-0.5731894969940186
V571F:R585Y,-4.9000701904296875
V571F:R588D,-2.40443754196167
V571F:R588F,-1.9095993041992188
V571F:R588G,-2.9941389560699463
V571F:R588H,-4.383246421813965
V571F:R588T,-2.024400234222412
V571F:R588V,-1.4399590492248535
V571F:R588W,-4.262831687927246
V571F:R588Y,-2.4348647594451904
V571F:S578A:L583Y:Q584C,-16.438289642333984
V571F:S578A:T581N,-8.201364517211914
V571F:S578D:N582D:N587E,-6.768352508544922
V571F:S578D:Q584E:N587E,-4.86089563369751
V571F:S578L,-7.918471336364746
V571F:S578W,-9.05023193359375
V571F:S578W:N582C:R585T:N587D,-11.386281967163086
V571F:S578Y:R588G,-5.981328964233398
V571F:S578Y:V579F:N582G,-15.427074432373047
V571F:T573G,-8.599641799926758
V571F:T573G:E574A:V579W:Q584C:R585D,-22.77615737915039
V571F:T573G:L583G,-12.815553665161133
V571F:T573Y:E574V,-14.502543449401855
V571F:T573Y:V579W:N582G,-19.921546936035156
V571F:T581D,-4.756648063659668
V571F:T581D:N582A:R585M:R588E,-4.10324239730835
V571F:T581E,-4.961570739746094
V571F:T581E:N582G,-8.004593849182129
V571F:T581E:N582G:L583E:Q584C:R585Q:R588F,-10.682324409484863
V571F:T581E:N582P:R585Y:R588G,-3.6624672412872314
V571F:T581E:N587E:R588D,-2.773932933807373
V571F:T581E:Q584C:R585Q,-8.98977279663086
V571F:T581E:Q584D:R588S,-3.4781837463378906
V571F:T581E:R588D,-2.6952083110809326
V571F:T581H:L583D,-10.750338554382324
V571F:T581M:R585Q:R588D,-5.480661869049072
V571F:T581S:L583D,-8.695478439331055
V571F:T581W:L583A:Q584M:R585C,-19.486408233642578
V571F:T581Y:L583I:Q584F,-17.456790924072266
V571F:T581Y:L583I:Q584F:R588D,-15.190427780151367
V571F:T581Y:Q584F,-13.992246627807617
V571F:T581Y:R585L:R588D,-5.923238754272461
V571F:V579A:R585Y,-7.538264751434326
V571F:V579D:R585V,-8.599759101867676
V571F:V579T:R585T,-4.236146926879883
V571F:V579W,-11.572273254394531
V571F:V579W:L583D:R585W:N587W:R588W,-19.503652572631836
V571F:V579W:L583E,-12.983000755310059
V571F:V579W:N582A:R585C:R588L,-9.916910171508789
V571F:V579W:N582A:R588L,-10.107929229736328
V571F:V579W:N582E:Q584L,-15.200172424316406
V571F:V579W:N582G:L583D,-16.10992431640625
V571F:V579W:T581D:N582D:L583D:R585F,-14.611456871032715
V571F:V579W:T581E:N582D:N587E:R588G,-11.909459114074707
V571F:V579W:T581E:N582E:N587E,-11.829174041748047
V571G:A572Q,-10.533283233642578
V571G:N582G,-7.15174674987793
V571G:Q575V,-6.874823093414307
V571G:Q584H:R588F,-6.605474948883057
V571G:Q584V,-7.725186347961426
V571G:R585D,-2.7180306911468506
V571G:R585L,-3.20092511177063
V571G:R585Q,-3.5658669471740723
V571G:R588A,-1.7255802154541016
V571G:S578C,-7.249610900878906
V571G:S578C:L583F,-11.645597457885742
V571G:S578F,-6.0736284255981445
V571G:T573Y,-9.414974212646484
V571G:T581W,-10.408106803894043
V571G:T581Y,-8.535322189331055
V571G:T581Y:N582E:L583D,-9.917354583740234
V571G:V579L,-7.632143974304199
V571G:Y576H,-8.41694450378418
V571H:E574C:Y576W:S578D:Q584M:R588M,-14.286608695983887
V571H:E574D:S578F:L583W:Q584W:N587F:R588A,-22.155908584594727
V571H:N582G,-7.4708662033081055
V571H:N582R,-10.695735931396484
V571H:N587M,-6.499415874481201
V571H:Q575C:S578I:T581E:L583K:R588L,-15.232908248901367
V571H:Q575L:Y576W:S578D:T581E,-10.78844928741455
V571H:R585N,-4.107639312744141
V571H:R585P:R588T,-1.472137451171875
V571H:R588G,-2.7511813640594482
V571H:S578D:L583Y,-9.62944221496582
V571H:S578F:L583W:Q584W,-18.693933486938477
V571H:S578F:L583W:Q584W:N587F,-21.566600799560547
V571H:S578F:L583W:Q584W:N587F:R588A,-19.183460235595703
V571H:T581F,-9.012786865234375
V571H:T581Q,-7.771892070770264
V571H:V579K:Q584M,-17.19968032836914
V571H:Y576W:T581E,-7.359761714935303
V571H:Y576W:T581E:N582Q,-7.521038055419922
V571I:A572C:Q584E,-7.2626752853393555
V571I:A572G:N587K,-13.77164363861084
V571I:A572S:E574F:Q575I:S578A,-17.411136627197266
V571I:A572S:V579T:R588D,-4.003843307495117
V571I:E574Y:Y576W:T581Q:N582D:R585I,-15.961129188537598
V571I:L583G,-7.554290294647217
V571I:L583H,-8.966238021850586
V571I:N582A,-4.985721111297607
V571I:N582A:L583D:Q584F:R585L:N587L:R588M,-8.024250984191895
V571I:N582A:N587M,-7.057294845581055
V571I:N582G:L583D:R585G:R588F,-1.4334428310394287
V571I:N582R,-9.606271743774414
V571I:N587D,-3.737339496612549
V571I:Q575C,-5.592214107513428
V571I:Q575C:R585I:R588D,-2.4462063312530518
V571I:Q575F,-7.117984294891357
V571I:Q575I,-6.607258319854736
V571I:Q575I:S578A:Q584E,-8.713462829589844
V571I:Q575I:S578A:T581S,-11.506620407104492
V571I:Q575I:S578C:Q584E,-9.485041618347168
V571I:Q575L:S578Y:L583E:R588F,-8.029306411743164
V571I:Q575L:T581N,-7.5538434982299805
V571I:Q575M,-6.95913553237915
V571I:Q575N,-5.83683443069458
V571I:Q575T,-6.145958423614502
V571I:Q575T:T581E,-6.436729431152344
V571I:Q575V,-6.104478359222412
V571I:Q575V:T581N:Q584E,-7.002627849578857
V571I:Q575W:L583G:Q584C,-18.094032287597656
V571I:Q584E,-3.075272560119629
V571I:Q584E:R588E,-0.7101411819458008
V571I:R585C,-3.1473584175109863
V571I:R585I,-2.4587323665618896
V571I:R585N,-3.0181753635406494
V571I:R585S,-2.189272403717041
V571I:R588F,-0.5771775245666504
V571I:R588L,-0.22669124603271484
V571I:R588Y,-1.102442979812622
V571I:S578A,-5.7076873779296875
V571I:S578G:R585I,-4.815794944763184
V571I:S578G:T581A,-8.77695083618164
V571I:S578L:N587D:R588H,-6.697457313537598
V571I:S578M,-7.439539909362793
V571I:S578V,-6.333405494689941
V571I:S578Y:R585L,-5.4177703857421875
V571I:T573Y:Q575M,-12.265386581420898
V571I:T581E:R585V,-2.6432251930236816
V571I:T581I,-6.983992099761963
V571I:T581N,-4.499632835388184
V571I:T581P,-6.929934024810791
V571I:T581S,-5.8684306144714355
V571I:T581Y:R585F,-7.579334735870361
V571I:V579R,-12.060771942138672
V571I:Y576F,-6.237028121948242
V571I:Y576L,-9.963865280151367
V571K:A572K,-15.011187553405762
V571K:A572R,-15.54123592376709
V571K:A572W,-15.711697578430176
V571K:A572Y,-13.503665924072266
V571K:Q584D,-7.024476528167725
V571K:R588H,-6.0508856773376465
V571K:R588V,-3.107598304748535
V571K:T581Q,-9.682489395141602
V571L:A572S,-5.723262310028076
V571L:E574A,-7.272078514099121
V571L:E574C,-7.7364606857299805
V571L:N582K,-8.825989723205566
V571L:N582S:Q584D,-6.281051158905029
V571L:N587S,-6.145277976989746
V571L:Q575Y,-7.503260612487793
V571L:Q584Y,-8.311464309692383
V571L:R585P,-2.868096113204956
V571L:R585S,-2.0282957553863525
V571L:R588G,-1.5007405281066895
V571L:R588H,-2.889847993850708
V571L:S578K,-9.982118606567383
V571L:S578W,-7.5568342208862305
V571L:T581W,-9.476785659790039
V571L:V579L,-6.700822830200195
V571M:A572D,-9.80726432800293
V571M:A572Q,-10.195005416870117
V571M:A572S,-6.316306114196777
V571M:E574A:R588G,-6.1884613037109375
V571M:E574A:V579W:N582E:Q584D,-15.340038299560547
V571M:L583C,-8.943628311157227
V571M:N582Q,-3.9317216873168945
V571M:N587G,-6.139472484588623
V571M:Q575H:Q584Y:R585E:R588V,-8.889920234680176
V571M:Q575L:T581D:N587D:R588F,-4.54826545715332
V571M:Q575M,-7.391202926635742
V571M:Q584L,-7.510939598083496
V571M:R585F,-3.5848031044006348
V571M:R585I,-2.8907997608184814
V571M:R588A,-1.3873028755187988
V571M:R588E,-1.4053139686584473
V571M:S578F,-5.735350608825684
V571M:S578I:N582V,-7.742071151733398
V571M:S578L,-7.0181169509887695
V571M:T581G,-7.280979156494141
V571M:T581P,-7.362001419067383
V571M:T581S:R585W,-7.850522518157959
V571M:V579C,-6.259584426879883
V571M:V579I,-7.30113410949707
V571M:V579Y,-8.963050842285156
V571M:Y576D,-12.104005813598633
V571P:Q575M:L583I,-13.27407455444336
V571P:S578F,-8.153678894042969
V571P:T581D,-6.274621486663818
V571P:T581Y,-10.615371704101562
V571P:V579G:N582L:L583Y:Q584C,-19.59986686706543
V571P:V579G:N582L:L583Y:Q584C:R585D,-18.20917510986328
V571R:L583G,-11.242362976074219
V571R:N582V,-7.62639045715332
V571R:R585C,-6.8354315757751465
V571R:R585S,-5.877345561981201
V571R:R588V,-3.7956104278564453
V571R:S578L,-10.27412223815918
V571R:T573D,-11.642547607421875
V571R:T573V,-10.767484664916992
V571R:V579E,-12.253446578979492
V571R:Y576E,-15.490677833557129
V571R:Y576F,-9.925101280212402
V571S:A572W,-11.233715057373047
V571S:E574I:N582D,-8.587259292602539
V571S:L583A,-6.005512714385986
V571S:L583F:R585I,-5.376797676086426
V571S:N582L,-1.9213309288024902
V571S:N587C,-5.64769172668457
V571S:N587V,-3.284038543701172
V571S:Q575D,-6.103724956512451
V571S:Q575H:V579E:T581D:R585Q:R588V,-7.965468883514404
V571S:Q575T:S578E:T581S:R588K,-8.237977981567383
V571S:Q584A,-5.311134338378906
V571S:R585Y,-2.0897269248962402
V571S:R588Y,0.37547850608825684
V571S:S578D,-2.234933614730835
V571S:S578D:N582E,-2.1223392486572266
V571S:S578E:V579T,-1.1350746154785156
V571S:T581E:N582D:L583D:Q584D:R585T:N587E:R588M,-2.9562437534332275
V571S:Y576L,-8.485942840576172
V571T:A572C,-4.936159133911133
V571T:A572C:S578C:N582A:L583V,-13.67771053314209
V571T:A572C:S578V:T581A:R585N,-10.69249439239502
V571T:A572C:T581V,-8.422430038452148
V571T:A572F,-7.760067462921143
V571T:A572L:N582C,-9.468252182006836
V571T:A572S:N582D:L583D,-6.433595657348633
V571T:E574F:Q575F:N582D:N587L,-11.896380424499512
V571T:E574F:Q575F:T581S:N582D:N587L,-14.426432609558105
V571T:E574Y,-6.6216020584106445
V571T:L583E,-2.159484386444092
V571T:L583E:R585F:R588F,0.787358283996582
V571T:L583E:R585H:R588S,-1.1866984367370605
V571T:L583E:R585I,-1.2798388004302979
V571T:L583E:R585I:R588A,1.1033036708831787
V571T:L583E:R585I:R588E,1.0852925777435303
V571T:L583E:R585I:R588F,1.4813616275787354
V571T:L583E:R585I:R588L,1.831847906112671
V571T:L583E:R585I:R588V,1.9510016441345215
V571T:L583E:R585L,-1.2516868114471436
V571T:L583E:R585L:R588F,1.5095136165618896
V571T:L583E:R585L:R588V,1.979154109954834
V571T:L583E:R585N,-1.8392817974090576
V571T:L583E:R585N:R588A,0.543860673904419
V571T:L583E:R585N:R588F,0.9219186305999756
V571T:L583E:R585N:R588G,-0.16262102127075195
V571T:L583E:R585N:R588L,1.2724049091339111
V571T:L583E:R585N:R588S,0.3301427364349365
V571T:L583E:R585N:R588V,1.3915588855743408
V571T:L583E:R585Q,-1.616628646850586
V571T:L583E:R585Q:R588A,0.7665138244628906
V571T:L583E:R585Q:R588F,1.1445717811584473
V571T:L583E:R585Q:R588S,0.5527958869934082
V571T:L583E:R585Q:R588V,1.6142120361328125
V571T:L583E:R585V,-1.1735608577728271
V571T:L583E:R585V:R588E,1.191570520401001
V571T:L583E:R585V:R588F,1.587639570236206
V571T:L583E:R585V:R588L,1.9381260871887207
V571T:L583E:R585V:R588V,2.0572800636291504
V571T:L583E:R585V:R588Y,1.0623741149902344
V571T:L583E:R588A,0.22365808486938477
V571T:L583E:R588E,0.20564699172973633
V571T:L583E:R588F,0.6017160415649414
V571T:L583E:R588G,-0.4828236699104309
V571T:L583E:R588I,1.205270767211914
V571T:L583E:R588L,0.952202320098877
V571T:L583E:R588V,1.0713562965393066
V571T:L583G:Q584E:R585T:R588F,-1.119743824005127
V571T:L583G:Q584M:R588F,-6.765654563903809
V571T:L583W,-6.474301338195801
V571T:L583W:R585L,-5.566503524780273
V571T:L583W:R588I,-3.109545946121216
V571T:N582D,-2.3931078910827637
V571T:N582D:L583E:R585V:R588Y,-0.5819776058197021
V571T:N582D:R588D,-0.12674570083618164
V571T:N582L,-0.8096306920051575
V571T:N587D,-1.1477179527282715
V571T:Q575C:L583W:R585S:R588H,-7.291478157043457
V571T:Q575C:Y576F,-5.901242256164551
V571T:Q575C:Y576F:L583W,-11.626787185668945
V571T:Q575C:Y576F:R585H,-7.097881317138672
V571T:Q575C:Y576F:R585N,-5.581039905548096
V571T:Q575E,-4.84586238861084
V571T:Q575F:R588V,-1.2975218296051025
V571T:Q575I:S578C:R585P,-6.849220275878906
V571T:Q575I:T581E:R585H:R588L,-2.3933591842651367
V571T:Q575L,-3.802966833114624
V571T:Q575L:N582D,-5.4473185539245605
V571T:Q575L:N582L,-3.8638412952423096
V571T:Q575L:R588F,-1.0417664051055908
V571T:Q575L:R588L,-0.6912801265716553
V571T:Q575L:S578C,-6.943855285644531
V571T:Q575L:T581E:N582D,-5.738089561462402
V571T:Q575M,-4.369513988494873
V571T:Q575M:N582D:L583E:R585V:R588Y,-4.20273494720459
V571T:Q575M:S578E:T581M:R588M,-4.599140167236328
V571T:Q575M:S578G:N582D:L583E:R585V:R588Y,-6.559797286987305
V571T:Q575M:T581E:L583E,-6.0710129737854
V571T:Q575M:Y576F:T581E:L583E:R588F,-6.208462715148926
V571T:Q575N:L583E:R588L,-1.5462541580200195
V571T:Q575T:T581E:L583W,-9.572651863098145
V571T:Q575T:T581E:N582D,-5.491458892822266
V571T:Q575T:Y576F:R585H:R588G,-5.974964618682861
V571T:Q575T:Y576F:R585L,-5.547189235687256
V571T:Q575V,-3.5148565769195557
V571T:Q575V:N582D:R588D,-2.89284610748291
V571T:Q575V:R588F,-0.7536561489105225
V571T:Q584C:R588F,-2.5586130619049072
V571T:Q584D,-1.4347937107086182
V571T:R585F:N587D,-0.9620757102966309
V571T:R585H:R588F,0.8158056735992432
V571T:R585I,0.13088935613632202
V571T:R585I:R588A,2.5140318870544434
V571T:R585I:R588F,2.89208984375
V571T:R585K,-3.0223991870880127
V571T:R585L,0.15904134511947632
V571T:R585N,-0.42855364084243774
V571T:R585N:R588A,1.9545888900756836
V571T:R585N:R588E,1.9365777969360352
V571T:R585N:R588F,2.3326468467712402
V571T:R585P,-0.43945103883743286
V571T:R585Q,-0.20590049028396606
V571T:R585Q:R588A,2.1772420406341553
V571T:R585Q:R588F,2.555299997329712
V571T:R585Q:R588S,1.9635241031646729
V571T:R585Q:R588V,3.024940252304077
V571T:R585S,0.40034931898117065
V571T:R585T,0.07186263799667358
V571T:R585V,0.23716729879379272
V571T:R585V:R588D,2.5035295486450195
V571T:R588A,1.6343863010406494
V571T:R588D,1.5176060199737549
V571T:R588F,2.012444257736206
V571T:R588G,0.9279045462608337
V571T:R588K,-2.8999931812286377
V571T:R588L,2.3629305362701416
V571T:R588S,1.420668363571167
V571T:R588T,1.8976433277130127
V571T:S578C,-3.8896446228027344
V571T:S578D:L583E:R585N,-2.213758945465088
V571T:S578D:N582Y,-3.4914567470550537
V571T:S578D:T581E:L583E:R585Q:N587D:R588F,0.08036214113235474
V571T:S578E:T581E:L583E:R585N,-1.0187044143676758
V571T:S578E:T581E:L583E:R585N:R588E,1.3464269638061523
V571T:S578E:T581E:L583E:R585Q:N587D:R588F,1.5661873817443848
V571T:S578E:T581E:N587D:R588H,-0.039587199687957764
V571T:S578E:T581E:R585N:N587D:R588A,2.376204490661621
V571T:S578G,-3.105818748474121
V571T:S578G:R585Q,-2.5629630088806152
V571T:S578G:T581E:R585Q,-2.853733777999878
V571T:S578G:T581M:R585Q:R588I,-2.8172879219055176
V571T:T573E,-5.770318508148193
V571T:T573H,-5.934995651245117
V571T:T573Y:E574A:Q575L:S578D,-13.578372955322266
V571T:T581A,-3.830266237258911
V571T:T581A:N587D:R588Y,-1.9932929277420044
V571T:T581A:R585G,-0.1488809585571289
V571T:T581D:Q584A,-4.285282135009766
V571T:T581E,-1.0395269393920898
V571T:T581E:L583E:R585Q,-1.9073994159698486
V571T:T581E:N582G:L583E:Q584C:R585N:N587D:R588F,-7.381894588470459
V571T:T581E:N582G:L583E:Q584C:R585N:R588F,-6.982933521270752
V571T:T581E:N582G:L583E:Q584C:R585Q:R588F,-6.760280609130859
V571T:T581E:R585N,-0.7193244099617004
V571T:T581E:R585Q,-0.49667125940322876
V571T:T581F:R585L:N587M:R588F,-3.736276626586914
V571T:T581M,-4.3678364753723145
V571T:T581N:R585G:R588D,4.037735939025879
V571T:T581Q,-4.092806339263916
V571T:T581R,-8.149991035461426
V571T:Y576F,-3.6474063396453857
V571T:Y576F:L583E:R585Q,-4.5152788162231445
V571T:Y576F:L583W,-9.37295150756836
V571T:Y576F:R588L,-0.535719633102417
V571T:Y576F:S578E,-2.536058187484741
V571T:Y576F:S578E:N582L,-2.5969326496124268
V571T:Y576F:S578G,-6.00446891784668
V571T:Y576F:S578G:L583E,-7.415197372436523
V571T:Y576F:S578G:L583E:N587D:R588F,-5.0529584884643555
V571T:Y576F:S578G:T581E:L583E,-7.705967903137207
V571T:Y576F:S578G:T581E:L583W:R585Q,-11.477928161621094
V571T:Y576F:S578G:T581E:R585Q,-5.752384185791016
V571T:Y576F:T581E,-3.9381771087646484
V571T:Y576W:T581A:N582V:R585I:R588L,-3.0800223350524902
V571W:A572I,-12.785310745239258
V571W:L583H,-12.579806327819824
V571W:L583K,-14.95240592956543
V571W:N582P,-7.10023307800293
V571W:Q575D,-11.195215225219727
V571W:R585L,-6.0441484451293945
V571W:R585N,-6.631743431091309
V571W:R585Q:R588C,-4.935251712799072
V571W:R588K,-9.10318374633789
V571W:T573E,-11.973508834838867
V571W:T581S:R588G,-7.805338382720947
V571Y:A572G:R588T,-6.149948596954346
V571Y:A572Q:T573G:V579R,-23.661602020263672
V571Y:E574A,-8.680482864379883
V571Y:E574C:Y576W:T581E:Q584M,-16.63896942138672
V571Y:E574G:L583S:R585Y:R588F,-10.596549987792969
V571Y:E574H,-10.633398056030273
V571Y:E574I:L583F:R588G,-12.387582778930664
V571Y:E574M,-10.123483657836914
V571Y:L583D,-6.080431938171387
V571Y:L583E,-5.996533393859863
V571Y:L583E:Q584M:R585Q,-10.015863418579102
V571Y:L583G,-8.801717758178711
V571Y:N582D:Q584G:R585P:R588L,-6.36415433883667
V571Y:N582G:L583D:R585W:R588T,-8.027080535888672
V571Y:N582G:R585W:R588T,-6.532454013824463
V571Y:N582I,-5.033877849578857
V571Y:N582P,-4.734092712402344
V571Y:N582R,-10.85369873046875
V571Y:N587D,-4.984766960144043
V571Y:N587G,-6.954832553863525
V571Y:Q575A,-6.707720756530762
V571Y:Q575D,-8.829073905944824
V571Y:Q575G,-6.792040824890137
V571Y:Q575K,-10.598320960998535
V571Y:Q575K:T581E:N582G,-13.93211555480957
V571Y:Q575K:Y576W:N582G,-16.282493591308594
V571Y:Q584D,-5.271842956542969
V571Y:Q584G:R585P:R588L,-4.7198028564453125
V571Y:Q584M,-9.147991180419922
V571Y:Q584M:R585E,-7.798379421234131
V571Y:R588A,-2.202662944793701
V571Y:S578F:N582D:Q584G:R585P:R588L,-8.329059600830078
V571Y:S578I,-7.957491874694824
V571Y:T573G,-8.514647483825684
V571Y:T573M:E574L:Y576W:L583D,-18.724206924438477
V571Y:T573Y:S578D:N582P,-10.41482162475586
V571Y:T581D,-4.671653747558594
V571Y:T581Q,-7.9298553466796875
V571Y:V579A,-7.223999977111816
V571Y:V579D,-9.500688552856445
V571Y:V579W,-11.48727798461914
V579A:L583C:Q584M:R585H,-13.570201873779297
V579A:L583D:R585M,-4.197203636169434
V579A:L583D:R588C,-2.658982276916504
V579A:L583E,-4.048922538757324
V579A:L583E:R585H,-5.245561599731445
V579A:L583E:R585N,-3.728720188140869
V579A:L583G:R588I,-3.489351749420166
V579A:L583I:N587D,-6.501700401306152
V579A:L583M,-6.9443254470825195
V579A:N582A:L583D,-5.7801642417907715
V579A:N582C:R585H,-6.5925397872924805
V579A:N582D,-4.282546043395996
V579A:N582D:L583D:Q584C:R585H:R588A,-9.161725997924805
V579A:N582E,-2.5256001949310303
V579A:N582E:R585D,-1.1349081993103027
V579A:N582E:R588A,-0.1424577236175537
V579A:N582H,-5.773015022277832
V579A:N582I,-3.0862669944763184
V579A:N582V,-3.2381339073181152
V579A:N582V:R585H,-4.434772491455078
V579A:N587D,-3.037156105041504
V579A:N587E,-2.7169189453125
V579A:N587G,-5.007221698760986
V579A:N587M,-4.709768295288086
V579A:Q584C,-7.209251880645752
V579A:Q584C:R585H:N587E,-8.484614372253418
V579A:Q584M,-7.200380802154541
V579A:R585E,-1.2885823249816895
V579A:R585H:R588I,-0.4700779914855957
V579A:R585I,-1.7585489749908447
V579A:R585L:R588C,-0.2565581798553467
V579A:R585Q,-2.095338821411133
V579A:R585Q:N587E:R588L,0.9376235008239746
V579A:R585V,-1.652271032333374
V579A:R585Y,-2.867465019226074
V579A:R588A,-0.2550520896911621
V579A:R588D,-0.37183237075805664
V579A:R588F,0.12300586700439453
V579A:R588H,-2.3506412506103516
V579A:R588K,-4.789431571960449
V579A:R588L,0.4734921455383301
V579A:R588M,-0.3600893020629883
V579A:T581A:R585I:N587E:R588L,-1.8070966005325317
V579A:T581D,-2.7240428924560547
V579A:T581E,-2.9289653301239014
V579A:T581E:L583E:R588I,-0.9749383926391602
V579A:T581E:L583I:R588A,-4.010367393493652
V579A:T581E:N582C,-5.686672210693359
V579A:T581E:N582C:R585K,-7.960315704345703
V579A:T581E:N582E:L583W,-8.541915893554688
V579A:T581E:N582V,-3.528904676437378
V579A:T581E:N582V:N587G,-5.897932052612305
V579A:T581E:N582V:R585H:N587G,-7.094570636749268
V579A:T581E:N587G,-5.297992706298828
V579A:T581E:N587M:R588I,-1.6357839107513428
V579A:T581E:Q584C:R585Q:R588E,-4.592035293579102
V579A:T581E:Q584M,-7.491151809692383
V579A:T581E:R588I,0.4357898235321045
V579A:T581E:R588M,-0.650860071182251
V579A:T581E:R588T,-0.2825658321380615
V579A:T581G:R585G:N587E:R588A,-0.16292476654052734
V579A:T581M,-6.257274627685547
V579A:T581Y,-7.064793586730957
V579C:N582P:R588G,-0.9607656002044678
V579C:N582Q:R585N,-2.3302130699157715
V579C:N582Q:R588L,0.4612710475921631
V579C:N582T,-4.611905097961426
V579C:N582V:L583V:R585V:N587E,-6.135199546813965
V579C:Q584F:R585E,-6.034374237060547
V579C:R585C,-2.2981197834014893
V579C:R585N,-2.1689367294311523
V579C:R588D,-0.2227771282196045
V579C:R588G,-0.8124785423278809
V579C:T581C:N582L:R585H,-7.177783966064453
V579C:T581E:Q584E:N587E:R588G,-0.9188681840896606
V579C:T581E:R585A:N587E,-1.3904038667678833
V579C:T581K,-9.169081687927246
V579D:L583E:R585F:R588G,-4.463308334350586
V579D:N582E:R585T:R588I,-0.6169137954711914
V579D:N582P:Q584D:R585A:N587Y,-8.316655158996582
V579D:N582Q:L583I:R585P:R588D,-5.965035915374756
V579D:N582R,-11.18277645111084
V579D:R585E,-3.56527042388916
V579D:R585F,-4.729240417480469
V579D:R585K,-7.188525676727295
V579D:R585Q:N587D:R588M,-2.4928832054138184
V579D:R585W:N587E,-6.543631553649902
V579D:R588E,-2.5497512817382812
V579D:R588V,-1.684041976928711
V579D:T581F:N582F,-10.677732467651367
V579E:L583D,-6.721621990203857
V579E:L583Y,-10.054118156433105
V579E:N582T,-7.349761009216309
V579E:N582V,-5.826934814453125
V579E:N587E,-5.30571985244751
V579E:Q584A,-8.67767333984375
V579E:Q584G,-8.781984329223633
V579E:R585H,-6.423634052276611
V579E:R588A,-2.843852996826172
V579E:T581E:N582L:R588D,-3.3122782707214355
V579E:T581E:Q584Y:R585S,-9.502723693847656
V579E:T581N,-6.388250350952148
V579F:N587F,-7.598729133605957
V579F:N587M,-6.797634601593018
V579F:Q584K,-11.321354866027832
V579F:R588M,-2.44795560836792
V579F:T581E:L583E,-6.427559852600098
V579F:T581E:N582F:L583E,-7.605464935302734
V579F:T581N,-5.88731575012207
V579G:L583V,-7.905360221862793
V579G:L583Y:Q584C,-13.3502197265625
V579G:N582A,-5.599383354187012
V579G:N582L:L583Y:Q584C,-13.411094665527344
V579G:R585P,-3.6427347660064697
V579G:R588M,-1.6739346981048584
V579G:R588S,-1.7826154232025146
V579G:T581D:N582C:R585H,-7.992234230041504
V579G:T581D:N582T,-6.160654067993164
V579G:T581M,-7.571120262145996
V579H:L583D:N587E,-7.59671688079834
V579H:L583S,-10.190513610839844
V579H:L583V,-9.976686477661133
V579H:N582A,-7.670709133148193
V579H:N582C,-8.781072616577148
V579H:N582K,-11.671954154968262
V579H:N582Q,-6.184642314910889
V579H:N587E,-6.102090358734131
V579H:N587V,-7.446948051452637
V579H:R588G,-4.346705436706543
V579H:R588L,-2.911679267883301
V579H:T581E:R585D,-4.923444747924805
V579H:T581E:R585T,-5.493517875671387
V579H:T581P:R585N:N587E:R588I,-6.008688449859619
V579H:T581Q:L583D:N587E,-10.940767288208008
V579I:L583E,-4.9414167404174805
V579I:N582M,-4.954713344573975
V579I:N582S,-5.948300838470459
V579I:N582V:N587D,-4.529589653015137
V579I:N587D,-3.92965030670166
V579I:Q584E,-3.267583131790161
V579I:Q584L,-7.271182537078857
V579I:Q584M,-8.092874526977539
V579I:R585L:R588S,-0.45346641540527344
V579I:R585T,-2.7100696563720703
V579K:L583D,-9.704279899597168
V579K:L583G,-12.425565719604492
V579K:L583I,-11.67419719696045
V579K:N582H,-11.344472885131836
V579K:N587K,-14.43237590789795
V579K:Q584E,-7.946547508239746
V579K:R588S,-6.040228366851807
V579L:L583Y,-8.350543975830078
V579L:N582M,-4.947446346282959
V579L:N587G,-5.892448425292969
V579L:N587L,-3.3583807945251465
V579L:N587V,-4.947003364562988
V579L:R585T:R588M,-0.4246973991394043
V579M:N582D:Q584D:R585Y:N587E:R588A,-4.384644508361816
V579M:N582D:R585F:R588V,-2.357272148132324
V579M:N582D:R588D,-3.507392644882202
V579M:N582D:R588F,-3.012554407119751
V579M:N582E,-4.01680850982666
V579M:N587E:R588A,-1.8249849081039429
V579M:N587L,-3.964362144470215
V579M:Q584A,-7.580080986022949
V579M:R585E,-2.7797908782958984
V579M:R585M,-4.193785667419434
V579M:R585V:R588C,-1.6696407794952393
V579M:R588M,-1.8512978553771973
V579M:T581D,-4.215251445770264
V579M:T581D:R585L,-3.3074538707733154
V579M:T581E:N582D,-6.064525604248047
V579M:T581E:N582D:R585N:R588S,-3.5748984813690186
V579M:T581P,-7.720959186553955
V579R:N582I,-9.170466423034668
V579R:N587F,-11.595062255859375
V579R:Q584G,-12.277382850646973
V579R:Q584W,-15.29803466796875
V579R:R588A,-6.339251518249512
V579R:R588E,-6.35726261138916
V579R:T581D,-8.808242797851562
V579R:T581N,-9.883648872375488
V579T:L583N,-4.849880218505859
V579T:N582A,-2.0333094596862793
V579T:N582H,-3.5207865238189697
V579T:N582P,-0.5342533588409424
V579T:N587V,-1.809548258781433
V579T:R585H:R588F,1.1785955429077148
V579T:R588M,1.892138957977295
V579T:R588W,0.02200174331665039
V579T:T581E:R588V,2.5541036128997803
V579T:T581I,-4.031580448150635
V579T:T581M,-4.005046367645264
V579T:T581M:Q584E:N587D,-4.140902519226074
V579W:L583D,-8.396100044250488
V579W:L583D:R585C:N587D,-8.604042053222656
V579W:L583D:R585M:R588W,-8.052515029907227
V579W:L583E:Q584D,-8.998238563537598
V579W:L583E:R585V:R588H,-7.038724899291992
V579W:L583E:R588Y,-6.076266288757324
V579W:N582A,-8.548816680908203
V579W:N582A:R585F:N587D,-8.762136459350586
V579W:N582C:L583D:R585F:R588W,-10.560196876525879
V579W:N582C:R585D,-8.268487930297852
V579W:N582D,-8.545825004577637
V579W:N582D:L583D,-10.040452003479004
V579W:N582D:L583E:R585T,-9.135934829711914
V579W:N582D:N587E,-8.62454891204834
V579W:N582D:Q584D:N587D,-9.630824089050293
V579W:N582E:R585V,-5.80295467376709
V579W:N582G,-9.944497108459473
V579W:N582P:R585P:N587E,-6.819179058074951
V579W:N582P:R585Y,-7.279030799865723
V579W:N587E,-6.980197429656982
V579W:N587K,-13.12419605255127
V579W:Q584D,-7.587510585784912
V579W:Q584E,-6.638367652893066
V579W:Q584E:R585L,-5.730569839477539
V579W:Q584F:R585A,-10.328089714050293
V579W:Q584Y:R585P:N587D:R588F,-9.363992691040039
V579W:R585E:R588S,-3.3824362754821777
V579W:R585G,-3.220087766647339
V579W:R585G:R588E,-0.8549563884735107
V579W:R585H,-8.098112106323242
V579W:R585H:N587E,-8.176836013793945
V579W:R585H:R588F,-5.336911201477051
V579W:R585K,-9.175115585327148
V579W:R585M,-6.965855598449707
V579W:R585M:R588A,-4.5827131271362305
V579W:R585S,-5.7523674964904785
V579W:R588L,-3.7897863388061523
V579W:R588T,-4.255073547363281
V579W:R588W,-6.493505001068115
V579W:T581A,-9.982982635498047
V579W:T581D:L583D:R588S,-6.312523365020752
V579W:T581D:L583E:Q584D,-9.084087371826172
V579W:T581D:L583E:Q584D:R585W,-10.634111404418945
V579W:T581D:N582C:R588V,-6.514187812805176
V579W:T581D:Q584D,-7.673358917236328
V579W:T581D:R585F:R588W,-6.393711090087891
V579W:T581E,-7.192243576049805
V579W:T581E:L583D,-8.686870574951172
V579W:T581E:N582G,-10.235267639160156
V579W:T581H,-11.486385345458984
V579W:T581H:L583D:R588D,-10.71465015411377
V579W:T581H:Q584L,-15.226879119873047
V579Y:L583C,-10.365787506103516
V579Y:L583E,-6.603333473205566
V579Y:L583K,-13.19306468963623
V579Y:N582E:L583E:Q584E:R585I:R588Y,-3.112053155899048
V579Y:N582I:L583E,-7.051405906677246
V579Y:N582I:Q584M:R585Q:N587D,-10.058969497680664
V579Y:N582P,-5.3408918380737305
V579Y:N582V:L583Y:R585M:N587E,-10.762773513793945
V579Y:R585G:R588I,1.8535354137420654
V579Y:R585H:R588A,-4.006101131439209
V579Y:R585I:N587D,-4.711920738220215
V579Y:R585L,-4.284807205200195
V579Y:R585L:R588W,-3.8768393993377686
V579Y:R585Q,-4.649749279022217
V579Y:R585V:R588I,-0.8419263362884521
V579Y:R588A,-2.809462547302246
V579Y:R588F,-2.4314045906066895
V579Y:R588M,-2.9144997596740723
V579Y:R588V,-1.9617643356323242
V579Y:T581E,-5.483375549316406
V579Y:T581E:N582I:L583E:R585Q,-6.799321174621582
V579Y:T581E:N582I:Q584M:R585Q:R588A,-7.567636489868164
V579Y:T581E:N582I:R588A,-3.5483055114746094
V579Y:T581E:N587D,-5.88233757019043
V579Y:T581E:Q584E:R588L,-2.108583450317383
V579Y:T581E:Q584M:R585I,-9.165916442871094
V579Y:T581E:Q584M:R585Q,-9.502706527709961
Y576A:L583N,-11.883316993713379
Y576A:N582T,-9.542168617248535
Y576A:R585D,-6.028711318969727
Y576A:T581E:R585K:R588A,-7.600674152374268
Y576D:L583A,-12.478616714477539
Y576D:L583M,-12.639692306518555
Y576D:Q584D:R585L:R588E,-5.746668815612793
Y576D:Q584E,-8.070455551147461
Y576D:R585E,-6.983948707580566
Y576D:S578F,-10.298466682434082
Y576D:T581D,-8.419408798217773
Y576E:L583E:N587E,-9.953679084777832
Y576E:N582V:R585I,-8.184520721435547
Y576E:Q584E:R585I:R588F,-4.560275077819824
Y576E:Q584L,-12.204720497131348
Y576E:R585E,-7.114614486694336
Y576E:T581H,-13.049139022827148
Y576F:L583A,-7.04370641708374
Y576F:L583E,-4.309378623962402
Y576F:L583E:Q584A,-7.760056495666504
Y576F:L583E:R585S:N587D,-3.559234619140625
Y576F:L583M:R585N:R588S,-4.715153694152832
Y576F:L583V:R588V,-3.6211295127868652
Y576F:L583W:R588F,-5.86299467086792
Y576F:N582D,-4.543002128601074
Y576F:N582D:L583W:R585F,-10.082904815673828
Y576F:N582D:R585S:N587L:R588L,-0.11716878414154053
Y576F:N582G:L583W:R585F,-11.481576919555664
Y576F:N587D,-3.297611713409424
Y576F:N587E,-2.97737455368042
Y576F:N587M:R588M,-2.6921186447143555
Y576F:Q584A:R588S,-4.179903030395508
Y576F:Q584E,-2.635544776916504
Y576F:Q584M:R585S,-6.311730861663818
Y576F:R585F:R588G,-1.0363471508026123
Y576F:R585I,-2.0190045833587646
Y576F:R585I:N587Y:R588F,-3.293482542037964
Y576F:R585L,-1.9908525943756104
Y576F:R585L:N587D,-2.3898141384124756
Y576F:R585N,-2.5784475803375244
Y576F:R585N:R588G,-0.9017868041992188
Y576F:R585Q,-2.3557944297790527
Y576F:R585Q:R588A,0.027348041534423828
Y576F:R585V,-1.912726640701294
Y576F:R588F,-0.1374497413635254
Y576F:R588H,-2.6110968589782715
Y576F:R588I,0.46610498428344727
Y576F:R588V,0.33219051361083984
Y576F:S578C:L583W,-11.765083312988281
Y576F:S578D:R588I,0.09162783622741699
Y576F:S578E:L583E,-3.198030471801758
Y576F:S578E:R585H,-2.983940601348877
Y576F:S578G,-5.255712509155273
Y576F:S578G:R585Q:R588F,-1.9516563415527344
Y576F:S578G:T581E:L583E:R585Q:R588F,-3.653155565261841
Y576F:S578G:T581E:R585Q,-5.003627777099609
Y576F:S578L:N582D:Q584A:R588T,-8.594951629638672
Y576F:S578L:T581F,-10.731266021728516
Y576F:S578V,-5.893677711486816
Y576F:S578V:L583E:R585V,-6.318482398986816
Y576F:S578V:R588F,-3.1324775218963623
Y576F:S578V:V579C:T581E:N587D:R588F,-6.311348915100098
Y576F:S578W,-7.278082847595215
Y576F:T581A:N587D,-6.379121780395508
Y576F:T581D,-2.9844985008239746
Y576F:T581E,-3.1894209384918213
Y576F:T581E:L583E:N587D,-4.999110698699951
Y576F:T581E:L583E:R585Q,-4.05729341506958
Y576F:T581E:L583E:R588G,-2.9234883785247803
Y576F:T581E:N582D:R588F,-2.0725722312927246
Y576F:T581E:N582V,-3.789360284805298
Y576F:T581E:N587M:R588K,-7.4122314453125
Y576F:T581E:Q584C:N587D,-8.159440040588379
Y576F:T581E:R585F:N587D,-3.402740478515625
Y576F:T581E:R585M,-3.2538034915924072
Y576F:T581E:R588F,-0.4282205104827881
Y576F:T581N:R585H,-5.2565436363220215
Y576F:T581V:N587D,-6.783883094787598
Y576F:T581V:R585L:R588F,-2.715923547744751
Y576F:V579A:T581E:N582L:Q584C,-10.459547996520996
Y576F:V579K,-11.10830307006836
Y576F:V579T:R585H,-4.481255054473877
Y576F:V579W,-9.80012321472168
Y576F:V579Y:Q584F,-12.986102104187012
Y576G:L583F,-11.465574264526367
Y576G:N582M,-8.493613243103027
Y576G:N582Q,-7.230864524841309
Y576G:N587Y,-11.105266571044922
Y576G:Q584D,-7.7556257247924805
Y576G:Q584D:R588W,-7.347657680511475
Y576G:Q584F,-11.964435577392578
Y576G:R585V,-6.083664894104004
Y576G:S578V:T581D:L583E:R585Q:R588F,-8.257136344909668
Y576G:S578V:T581V,-13.550887107849121
Y576G:T581E:N582G:L583E:N587D:R588F,-9.451871871948242
Y576G:T581H,-11.654500961303711
Y576H:N582C,-7.065929412841797
Y576H:N582L,-4.369096755981445
Y576H:N582Q:R588D,-2.203136444091797
Y576H:N582V,-4.908161640167236
Y576H:N587D,-4.707183837890625
Y576H:R585V,-3.322298765182495
Y576H:S578G:V579C:T581E,-9.445195198059082
Y576H:S578L:T581E,-7.8466644287109375
Y576H:T581H,-8.893135070800781
Y576H:V579C,-6.797361373901367
Y576H:V579W,-11.209695816040039
Y576K:L583A,-14.263315200805664
Y576K:L583Y,-14.945382118225098
Y576K:N582F,-11.296164512634277
Y576K:N582T,-12.2410249710083
Y576K:N587K,-16.34098243713379
Y576K:N587L,-9.953218460083008
Y576K:R588G,-8.441598892211914
Y576K:R588Y,-7.88232421875
Y576K:S578G,-12.475321769714355
Y576L:Q584G,-10.180476188659668
Y576L:R585M,-6.689869403839111
Y576L:R585Q,-6.0826311111450195
Y576L:S578V:T581V,-13.106785774230957
Y576L:T581Q,-9.969536781311035
Y576L:V579L,-10.148908615112305
Y576M:N587F,-10.0859375
Y576M:Q584D,-7.899306297302246
Y576M:Q584F,-12.108116149902344
Y576M:Q584Y,-12.347332000732422
Y576M:R588F,-4.452068328857422
Y576M:S578A:V579I:N582E,-13.000673294067383
Y576M:S578V,-10.208296775817871
Y576M:S578Y:R585N,-9.880256652832031
Y576M:T581D:R588A,-4.9159746170043945
Y576M:T581N,-8.374524116516113
Y576M:V579E:R585K,-14.713907241821289
Y576T:L583D,-9.163840293884277
Y576T:L583F,-12.065199851989746
Y576T:L583Y,-12.496335983276367
Y576T:Q584E:R588L,-4.294421195983887
Y576T:R585F,-7.4835710525512695
Y576T:R588C,-6.195374488830566
Y576T:R588E,-5.304081916809082
Y576T:S578D,-8.04369068145752
Y576T:V579G,-11.62125301361084
Y576W:L583D,-4.135775566101074
Y576W:L583D:R588M,-1.8576704263687134
Y576W:L583D:R588S,-1.9663511514663696
Y576W:L583E,-4.051877021789551
Y576W:L583E:Q584E,-3.788771867752075
Y576W:L583E:Q584E:R585L:R588F,-0.11977386474609375
Y576W:L583E:Q584M,-8.614063262939453
Y576W:L583E:Q584M:R585I:N587D,-8.133379936218262
Y576W:L583E:Q584M:R585I:R588W,-7.326449871063232
Y576W:L583E:Q584M:R585Q:R588A,-5.688065528869629
Y576W:L583E:Q584M:R585Q:R588M,-5.793102264404297
Y576W:L583E:Q584M:R585Q:R588W,-7.663239479064941
Y576W:L583E:Q584M:R588A,-6.230920791625977
Y576W:L583E:Q584M:R588F,-5.85286283493042
Y576W:L583E:Q584M:R588M,-6.335958003997803
Y576W:L583E:Q584M:R588W,-8.206094741821289
Y576W:L583E:R585I:R588F,-0.41103100776672363
Y576W:L583E:R585L:R588F,-0.38287901878356934
Y576W:L583E:R585Q,-3.509021520614624
Y576W:L583E:R585Q:R588F,-0.7478208541870117
Y576W:L583E:R585Q:R588M,-1.2309160232543945
Y576W:L583E:R585Q:R588W,-3.101053237915039
Y576W:L583E:R588A,-1.6687347888946533
Y576W:L583E:R588F,-1.2906768321990967
Y576W:L583E:R588M,-1.7737720012664795
Y576W:L583E:R588S,-1.8824527263641357
Y576W:L583E:R588W,-3.643909215927124
Y576W:L583I,-6.105693340301514
Y576W:N582A:L583E:Q584E:R585V:N587D:R588Y,-2.613218069076538
Y576W:N582E:R588M,-0.25044941902160645
Y576W:N582I:N587D:R588M,-1.2100778818130493
Y576W:N582I:R585Q:N587D,-2.9453272819519043
Y576W:N582L:R585V,-1.7160999774932861
Y576W:N582P:L583D:Q584E,-4.0209574699401855
Y576W:N587D,-3.0401105880737305
Y576W:N587E:R588H,-2.4323201179504395
Y576W:Q584E:N587D,-2.777005195617676
Y576W:Q584E:R585P,-2.0687384605407715
Y576W:Q584E:R585V:R588L,1.719566822052002
Y576W:Q584E:R585V:R588W,-0.98415207862854
Y576W:Q584E:R588W,-1.9700756072998047
Y576W:Q584F:R585I:R588V,-3.4255099296569824
Y576W:Q584G,-6.196138381958008
Y576W:Q584H:R585F:R588Y,-5.477524757385254
Y576W:Q584M,-7.203335285186768
Y576W:Q584M:N587D,-7.602296829223633
Y576W:Q584M:R585I,-6.3236894607543945
Y576W:Q584M:R585I:R588A,-3.940547227859497
Y576W:Q584M:R585I:R588M,-4.045584678649902
Y576W:Q584M:R585Q,-6.660479545593262
Y576W:Q584M:R585Q:N587D:R588A,-4.67629861831665
Y576W:Q584M:R585Q:R588F,-3.8992791175842285
Y576W:Q584M:R585Q:R588M,-4.382374286651611
Y576W:Q584M:R585Q:R588W,-6.252511501312256
Y576W:Q584M:R588A,-4.820192813873291
Y576W:Q584M:R588F,-4.442134857177734
Y576W:Q584M:R588M,-4.925230026245117
Y576W:Q584M:R588W,-6.795367240905762
Y576W:Q584Y,-7.775211811065674
Y576W:R585G,1.040236234664917
Y576W:R585G:R588F,3.80143666267395
Y576W:R585I:R588L,1.3501832485198975
Y576W:R585I:R588W,-1.3535354137420654
Y576W:R585L,-1.733351469039917
Y576W:R585L:N587E:R588E,0.5530555248260498
Y576W:R585L:R588F,1.0278489589691162
Y576W:R585M,-2.705531597137451
Y576W:R585Q,-2.0982933044433594
Y576W:R585Q:N587A:R588A,-2.1615371704101562
Y576W:R585Q:R588A,0.2848491668701172
Y576W:R585Q:R588F,0.6629071235656738
Y576W:R585Q:R588M,0.17981195449829102
Y576W:R585T:N587D,-2.219491720199585
Y576W:R585T:R588V,1.4103105068206787
Y576W:R585V,-1.6552255153656006
Y576W:R585W,-4.191173553466797
Y576W:R588A,-0.25800657272338867
Y576W:R588F,0.12005138397216797
Y576W:R588M,-0.36304378509521484
Y576W:R588S,-0.4717245101928711
Y576W:R588W,-2.2331809997558594
Y576W:S578D:L583E,-4.42635440826416
Y576W:S578D:L583E:N587D,-4.825315952301025
Y576W:S578D:N587D,-3.4145877361297607
Y576W:S578D:Q584M,-7.577812194824219
Y576W:S578D:Q584M:R585Q:N587D:R588A,-5.050775527954102
Y576W:S578D:R585Q,-2.4727704524993896
Y576W:S578D:T581E:L583E:Q584M:R585Q:N587D:R588A,-6.752274513244629
Y576W:S578D:T581E:L583E:Q584M:R585Q:N587D:R588M,-6.857311725616455
Y576W:S578D:T581E:N582I:L583E:Q584M:R585Q:N587D:R588A,-7.200347423553467
Y576W:S578D:T581E:N582I:L583E:Q584M:R585Q:N587D:R588M,-7.305384635925293
Y576W:S578D:T581E:Q584M,-7.868582725524902
Y576W:S578D:V579Y:T581E:N582I:L583E:Q584M:R585Q:N587D:R588A,-12.392951965332031
Y576W:S578D:V579Y:T581E:N582I:L583E:Q584M:R585Q:N587D:R588M,-12.4979887008667
Y576W:S578I,-6.012835502624512
Y576W:S578I:L583E,-7.423563003540039
Y576W:S578I:Q584M,-10.575021743774414
Y576W:S578I:R585Q,-5.469979286193848
Y576W:S578I:T581E:L583E:R585I:R588W,-6.42672061920166
Y576W:S578I:T581E:L583E:R585Q:R588A,-4.788335800170898
Y576W:S578I:T581E:L583E:R588A,-5.3311920166015625
Y576W:S578I:T581E:R585Q,-5.760750770568848
Y576W:S578I:T581E:R585V:R588S,-3.1482579708099365
Y576W:S578I:T581E:R588S,-4.134181976318359
Y576W:S578V:R585I,-4.756531238555908
Y576W:S578W,-7.0205817222595215
Y576W:T581D:L583D:Q584M:R585Q:R588S,-6.071529865264893
Y576W:T581D:Q584M:R585Q:R588S,-4.576903343200684
Y576W:T581E,-2.931919813156128
Y576W:T581E:L583D:Q584M:R585Q:R588F,-5.684676170349121
Y576W:T581E:L583E,-4.342647552490234
Y576W:T581E:L583E:Q584M,-8.904834747314453
Y576W:T581E:L583E:Q584M:R585Q,-8.361978530883789
Y576W:T581E:L583E:Q584M:R588A,-6.521692276000977
Y576W:T581E:L583E:Q584M:R588F,-6.143633842468262
Y576W:T581E:L583E:Q584M:R588M,-6.6267290115356445
Y576W:T581E:L583E:R585Q:R588A,-1.4166498184204102
Y576W:T581E:L583E:R585T:R588L,-0.4103424549102783
Y576W:T581E:L583E:R585T:R588M,-1.2439239025115967
Y576W:T581E:L583E:R588A,-1.959505558013916
Y576W:T581E:L583E:R588F,-1.5814476013183594
Y576W:T581E:L583E:R588L,-1.2309613227844238
Y576W:T581E:L583E:R588M,-2.064542770385742
Y576W:T581E:L583G:R585E:N587E,-5.876944541931152
Y576W:T581E:N582G:R585D:N587E,-4.662976264953613
Y576W:T581E:Q584E:R585T:R588L,1.263491153717041
Y576W:T581E:Q584M,-7.494106292724609
Y576W:T581E:Q584M:R585I:R588A,-4.23131799697876
Y576W:T581E:Q584M:R585Q,-6.951250076293945
Y576W:T581E:Q584M:R588A,-5.110963821411133
Y576W:T581E:Q584M:R588F,-4.732905387878418
Y576W:T581E:Q584M:R588W,-7.086137771606445
Y576W:T581E:R585I,-2.052274227142334
Y576W:T581E:R585I:R588F,0.7089262008666992
Y576W:T581E:R585V,-1.9459962844848633
Y576W:T581E:R588A,-0.5487773418426514
Y576W:T581E:R588H,-2.644366502761841
Y576W:T581E:R588L,0.17976689338684082
Y576W:T581E:R588M,-0.6538145542144775
Y576W:T581E:R588S,-0.7624952793121338
Y576W:T581H,-7.2260613441467285
Y576W:T581M,-6.260229110717773
Y576W:T581R:Q584E:R585I:N587E,-8.978357315063477
Y576W:V579I:R588A,-3.7886950969696045
Y576W:V579W,-9.542621612548828
Y576W:V579W:N582P,-9.690909385681152
Y576W:V579W:N587D,-9.941583633422852
Y576W:V579Y,-7.833754062652588
Y576W:V579Y:L583E:Q584M,-13.806669235229492
Y576W:V579Y:T581D:R585V:N587D,-7.332640647888184
Y576W:V579Y:T581E:N582I:L583E:R588A,-7.60018253326416
