mutant,prediction
A572C:G577L,-10.183218955993652
A572C:G586P,-5.336580276489258
A572C:N582D,-5.639589309692383
A572C:N582D:R585G,-4.139368057250977
A572C:N582D:R585N:R588T,-2.065011978149414
A572C:N582D:R588A,-1.7234444618225098
A572C:N582E:R585N,-2.9946627616882324
A572C:N582E:R585N:R588H,-1.528074026107788
A572C:N582E:R588Q,-0.8313719034194946
A572C:N582G,-6.449370384216309
A572C:N582P,-5.0263214111328125
A572C:N582V:R585N,-4.044397830963135
A572C:N587E,-4.4675798416137695
A572C:N587I,-3.5889275074005127
A572C:Q575A,-5.9413533210754395
A572C:Q575C,-5.51517391204834
A572C:Q575C:V579A:S580N,-12.326445579528809
A572C:Q575I,-6.45189094543457
A572C:Q575M,-6.581765651702881
A572C:Q575M:N582G,-9.191598892211914
A572C:Q575P:S580D:T581S,-14.492206573486328
A572C:Q575T,-6.399763584136963
A572C:Q575V,-6.426652431488037
A572C:Q575V:S580D:R585H,-10.697023391723633
A572C:R585A,-2.596623420715332
A572C:R585A:R588Q,-0.4511985778808594
A572C:R585E,-2.7418527603149414
A572C:R585H,-4.461817741394043
A572C:R585H:N587G:R588A,-2.878648042678833
A572C:R585Q,-2.781832218170166
A572C:R585S,-3.0030839443206787
A572C:R585T:R588G,-0.6072618961334229
A572C:R588A,0.07660770416259766
A572C:R588G,-1.3228585720062256
A572C:R588I,2.2257745265960693
A572C:R588M,0.31719183921813965
A572C:R588Q,-1.6941125392913818
A572C:S580A,-6.468406677246094
A572C:S580C:N582C:G586L:N587E,-13.222833633422852
A572C:S580D,-7.4876275062561035
A572C:S580D:R585N,-7.5054931640625
A572C:S580D:R585T,-6.772030830383301
A572C:S580D:R588N,-5.629288196563721
A572C:S580D:T581E:R585H,-6.697162628173828
A572C:S580F:T581E:N582D,-8.653190612792969
A572C:S580G:T581E,-5.486734390258789
A572C:S580G:T581M,-10.489956855773926
A572C:T581E,-2.4267919063568115
A572C:T581E:R585H,-3.049072265625
A572C:T581M,-7.430014610290527
A572C:T581M:G586L,-10.64734935760498
A572C:T581M:R588N,-5.5716753005981445
A572C:V579W,-9.227209091186523
A572E:G577P,-13.813396453857422
A572E:N582C,-9.491670608520508
A572E:R585A,-6.221999168395996
A572E:R585H,-8.087194442749023
A572E:S580P,-9.519050598144531
A572E:T581P,-9.8707275390625
A572E:T581Q,-9.810434341430664
A572F:G586S,-10.983404159545898
A572F:N582R,-13.874717712402344
A572F:Q575I,-10.015279769897461
A572F:Q575W,-11.36192798614502
A572F:R588E,-5.0024847984313965
A572H:N587H,-11.448328018188477
A572H:Q575F,-9.838397979736328
A572H:Q575N,-10.9077787399292
A572H:R585T,-6.928750038146973
A572H:S580V,-10.989418983459473
A572H:T581E,-6.231601238250732
A572H:V579I,-10.703420639038086
A572I:N582H,-9.032894134521484
A572I:N587A,-7.719295501708984
A572I:N587H,-10.033626556396484
A572I:Q575V,-8.816761016845703
A572I:R585P,-6.884385585784912
A572I:S580G,-9.28958797454834
A572K:G586L,-11.946550369262695
A572K:N582M,-9.517026901245117
A572K:Q575H,-12.174559593200684
A572K:Q575W,-12.688217163085938
A572K:R585N,-8.74708080291748
A572K:R588E,-6.328773498535156
A572K:S580E,-12.098316192626953
A572L:G586N,-11.109992980957031
A572L:G586P,-7.9501953125
A572L:N582Q,-5.858508110046387
A572L:N587E,-7.0811944007873535
A572L:Q575F,-8.64720344543457
A572L:Q575K,-12.797674179077148
A572L:R585M,-6.112191677093506
A572L:R588H,-4.986563682556152
A572L:R588T,-2.8607089519500732
A572L:S580G,-9.513094902038574
A572L:S580K,-13.846116065979004
A572L:V579T:T581E:R588E,-5.4014997482299805
A572N:N582E,-4.4417595863342285
A572N:Q575A,-7.406315803527832
A572N:Q575D,-9.75655746459961
A572N:Q575N:N587Q,-11.643274307250977
A572N:R585W,-6.774426460266113
A572N:S580F,-9.730846405029297
A572N:S580H,-10.220508575439453
A572N:T581A,-7.80187463760376
A572P:G577K,-15.743744850158691
A572P:N582A,-8.189414978027344
A572P:N582R,-13.303336143493652
A572P:N582V,-7.018538475036621
A572P:Q575P,-11.009271621704102
A572P:Q575P:T581I,-13.916683197021484
A572P:R585G,-5.33132266998291
A572P:S580I,-10.300806045532227
A572P:S580P,-8.88568115234375
A572P:S580W,-12.747323989868164
A572P:T581D,-7.650455474853516
A572Q:N582K,-12.843008041381836
A572Q:N582Q,-6.267972946166992
A572Q:Q575R,-13.427970886230469
A572Q:R585C,-6.166445255279541
A572Q:R588A,-2.946471929550171
A572Q:R588E,-4.4621758460998535
A572Q:S580A,-9.491485595703125
A572Q:S580F,-11.288963317871094
A572Q:S580P:T581H:R585Q,-11.670924186706543
A572Q:S580Q,-11.024389266967773
A572Q:V579A:N582I:G586A,-12.304152488708496
A572Q:V579C:T581E,-8.40462589263916
A572Q:V579I,-9.921690940856934
A572Q:V579Q,-10.752254486083984
A572Q:V579S,-9.674222946166992
A572R:G586N,-13.735281944274902
A572R:N582P,-10.265226364135742
A572R:N587S,-11.555219650268555
A572R:Q575D,-13.530499458312988
A572R:Q575G,-10.876272201538086
A572R:R588I,-3.013129711151123
A572R:S580C,-12.589603424072266
A572R:V579E,-13.564818382263184
A572R:V579H,-14.00438117980957
A572R:V579I,-12.137516021728516
A572S:G586L,-4.940583229064941
A572S:N582A,-3.0811197757720947
A572S:N582C:R588H,-2.283416986465454
A572S:N582D:G586L,-6.740635395050049
A572S:N582D:R585Q,-2.465595245361328
A572S:N582E,-0.860507607460022
A572S:N582Q:R585H:N587Q,-4.826228141784668
A572S:N582S,-4.133329391479492
A572S:N582V,-1.9102427959442139
A572S:N582V:R588M,2.2464864253997803
A572S:N587D,-3.1255104541778564
A572S:N587E,-2.351290464401245
A572S:N587G,-4.0562238693237305
A572S:Q575C,-3.3988847732543945
A572S:Q575C:N582E,-2.536144256591797
A572S:Q575C:R585P:N587E:R588N,-2.8233275413513184
A572S:Q575G,-3.521078586578369
A572S:Q575G:N582Q,-2.9264345169067383
A572S:Q575G:S580A,-6.1499481201171875
A572S:Q575G:S580P:N587E,-6.2032575607299805
A572S:Q575G:T581E,-2.108333110809326
A572S:Q575G:V579C:T581D,-7.294744491577148
A572S:Q575H,-5.168593406677246
A572S:Q575H:S580G,-8.228535652160645
A572S:Q575I,-4.335601806640625
A572S:Q575I:S580A,-6.964470863342285
A572S:Q575I:S580D,-7.983692169189453
A572S:Q575I:T581E:R585F:N587E:R588H,-2.0654921531677246
A572S:Q575I:V579C,-7.290355682373047
A572S:Q575M,-4.4654765129089355
A572S:Q575M:S580A,-7.094346046447754
A572S:Q575N:T581E:R585K,-6.2567315101623535
A572S:Q575P:R588T,-2.308533191680908
A572S:Q575T,-4.283474445343018
A572S:Q575T:G586L,-7.500809669494629
A572S:Q575T:S580F:N582D:G586L,-13.72720718383789
A572S:Q575V:R585H,-4.932643890380859
A572S:Q575W:R585G:R588Q,-2.0366036891937256
A572S:Q575W:V579Y,-10.049823760986328
A572S:R585G,-0.22302675247192383
A572S:R585H,-2.3455288410186768
A572S:R585M,-1.3822877407073975
A572S:R585M:R588D,0.4768059253692627
A572S:R585Q,-0.6655430793762207
A572S:R588D,0.13584542274475098
A572S:R588G,0.7934305667877197
A572S:R588I,4.342063903808594
A572S:R588K,-4.1042280197143555
A572S:R588Q,0.4221765995025635
A572S:R588S,1.0553734302520752
A572S:S580A,-4.352117538452148
A572S:S580A:N587G,-6.685092926025391
A572S:S580D,-5.371338367462158
A572S:S580D:R585A,-4.128424644470215
A572S:S580G,-4.783190727233887
A572S:S580G:G586L,-8.00052547454834
A572S:S580G:N587P,-4.757179260253906
A572S:S580G:R585D,-4.2817182540893555
A572S:S580P,-3.7773849964141846
A572S:S580Q,-5.885021209716797
A572S:T581A:N587D,-5.622884750366211
A572S:T581D,-2.5421600341796875
A572S:T581D:N582V,-2.729154586791992
A572S:T581D:R588M,1.6145693063735962
A572S:T581E,-0.3105027675628662
A572S:T581E:N582V,-0.4974973201751709
A572S:T581E:N587G,-2.6434783935546875
A572S:T581E:R585H:N587G,-3.265758752822876
A572S:T581M,-5.313725471496582
A572S:V579A,-4.310397624969482
A572S:V579A:G586L:R588Q,-5.382308006286621
A572S:V579A:S580P:R585H:G586E,-9.940340042114258
A572S:V579I,-4.782322406768799
A572S:V579T,-4.4847822189331055
A572S:V579Y,-6.090822219848633
A572S:V579Y:R588Q,-3.945397138595581
A572S:V579Y:R588T,-2.4983787536621094
D561A:A572C,-6.804786205291748
D561A:A572C:R588D,-4.945692539215088
D561A:A572S:Q575V,-7.275611877441406
D561A:E562D,-6.313047409057617
D561A:E562D:Q575V:R585K:G586S,-15.163436889648438
D561A:E563A,-5.350091934204102
D561A:E563A:T567A:A572C:Q575M:N587P,-13.829704284667969
D561A:E563D,-6.098525524139404
D561A:E563D:R566G:T567C,-10.443841934204102
D561A:E563H:T567C:T581D:N582D,-11.560148239135742
D561A:E563H:V579A:N582V:R585H:N587G,-12.91946792602539
D561A:E563I:Q575G:V579A:T581D:N587G,-14.758729934692383
D561A:E563I:V579C:T581D:G586Q:N587M,-16.659238815307617
D561A:E563N,-6.110042572021484
D561A:E563N:A572S:R588W,-5.843803405761719
D561A:E563N:A572S:T581E,-6.42054557800293
D561A:E563N:N582P:N587E,-7.924869060516357
D561A:E563N:R566A:S580P:N587E,-11.147172927856445
D561A:E563N:R566A:V571F:V579A:N587E,-17.026073455810547
D561A:E563N:S580G:N587E,-9.798027038574219
D561A:E563N:T567C,-7.861159324645996
D561A:E563N:T567C:A572S:Q575I,-12.196761131286621
D561A:E563N:T567C:Q575I,-10.473512649536133
D561A:E563N:T567Q:R585P:R588M,-8.634204864501953
D561A:E563N:T567Q:T581D,-12.955105781555176
D561A:E563N:V571F:N587E:R588D,-10.22488021850586
D561A:E563N:V571Q:R588E,-8.189496994018555
D561A:E563Q,-6.56180477142334
D561A:E563Q:R566A,-8.916755676269531
D561A:E563Q:R566A:A572S:Q575H,-14.085349082946777
D561A:E563Q:R566A:Q575V,-11.503870964050293
D561A:E563Q:R566A:V571T:T581M:R588I,-7.500485420227051
D561A:E563Q:T567Q:N582V,-12.774950981140137
D561A:E563Q:T567S:Q575V,-10.990909576416016
D561A:E563S:R566G:A572S:T581E:N587G,-10.850262641906738
D561A:E563S:R585A:R588Q,-2.2242462635040283
D561A:E563S:S580T:G586Q:N587Q,-16.593427658081055
D561A:E563S:T567Q:Q575M:N582V,-14.567959785461426
D561A:E563T:P570C:T581E,-9.030123710632324
D561A:G577H,-9.590408325195312
D561A:G586T:R588D,-4.919550895690918
D561A:N569R,-12.486382484436035
D561A:N582D:R588D,-2.906207323074341
D561A:N582G:R585T:G586S:R588S,-5.661340713500977
D561A:N582T,-4.750879287719727
D561A:N582V,-3.1522433757781982
D561A:N582V:R585H:N587I:R588A,0.3922309875488281
D561A:N587D,-4.367510795593262
D561A:N587E,-3.5932910442352295
D561A:N587G,-5.298224449157715
D561A:N587G:R588H,-3.8316357135772705
D561A:N587Q,-6.040592193603516
D561A:P570C,-7.452109336853027
D561A:Q575A:G586E:N587I:R588Q,-5.6245551109313965
D561A:Q575G:G586T:N587E:R588E,-6.804076194763184
D561A:Q575M:T581A:R585D:R588Q,-5.55795431137085
D561A:Q575N:N587Q,-9.304023742675781
D561A:Q575N:V579C:S580G:N587Q,-15.318719863891602
D561A:Q575P:R585P:G586I:R588G,-8.295162200927734
D561A:Q575S:R585I:N587G:R588P,-3.048316240310669
D561A:Q575S:T581N:R585D:G586S,-11.02583122253418
D561A:Q575V,-5.552363872528076
D561A:R566A,-5.320199966430664
D561A:R566A:N582G:R585W:R588T,-5.807516098022461
D561A:R566A:R585H,-5.94248104095459
D561A:R566A:R585Q:N587P:R588Q,-2.0910587310791016
D561A:R566A:T567Q:N582A:N587E:R588Q,-11.186841011047363
D561A:R566A:T567Q:N582D,-13.146404266357422
D561A:R566A:T567Q:N582D:N587E,-13.774446487426758
D561A:R566A:T567Q:Q575N:N587E,-15.237825393676758
D561A:R566A:T567Q:V571E:T581D:N582D,-19.36724090576172
D561A:R566A:T581E:R585D:N587E:R588D,-2.1749305725097656
D561A:R566A:V571F,-10.66609001159668
D561A:R566G,-5.5594482421875
D561A:R566G:N582V,-5.746442794799805
D561A:R566G:N587G,-7.8924241065979
D561A:R566M,-6.7016682624816895
D561A:R566N:Q575N:V579A:T581E,-10.3847074508667
D561A:R566P,-8.921378135681152
D561A:R585F,-2.9464309215545654
D561A:R585H,-3.587529420852661
D561A:R585M,-2.624288320541382
D561A:R588I,3.1000630855560303
D561A:R588K,-5.34622859954834
D561A:R588P,0.7913100719451904
D561A:R588S,-0.18662714958190918
D561A:S580A:N582I:R585T:R588D,-2.8685824871063232
D561A:S580A:N587G,-7.927093505859375
D561A:S580A:R585P:G586Q:R588S,-7.979477882385254
D561A:S580G,-6.025191307067871
D561A:S580M:R585P:G586Q:R588D,-10.467573165893555
D561A:S580P,-5.01938533782959
D561A:S580V:R585I:G586Q:R588E,-7.607686996459961
D561A:T567A:R585H,-5.511387348175049
D561A:T567A:T581E:N587Q,-6.551704406738281
D561A:T567A:V571F:T581E,-8.822250366210938
D561A:T567C:S580D:N582P:N587E,-10.179282188415527
D561A:T567C:V579A:T581D:N587Q,-11.197770118713379
D561A:T567Q,-8.991400718688965
D561A:T567Q:N582A:R588P,-6.592713356018066
D561A:T567Q:N582D,-10.791452407836914
D561A:T567Q:N582D:R588D,-8.93235969543457
D561A:T567Q:R585M:R588H,-7.183851718902588
D561A:T567Q:R588D,-7.132307052612305
D561A:T567Q:S580D,-12.639490127563477
D561A:T567Q:S580D:T581E:N587E,-11.854787826538086
D561A:T567Q:S580P:G586E,-13.999062538146973
D561A:T567Q:V571F,-14.337289810180664
D561A:T567Q:V571F:N582D:R588D,-14.278247833251953
D561A:T567Q:V571F:R588W,-12.347803115844727
D561A:T567Q:V579A:N582V:N587M,-12.920011520385742
D561A:T567S,-4.807239055633545
D561A:T567S:A572C:Q575G,-10.44460678100586
D561A:T567S:N587Q,-7.882582664489746
D561A:T568R,-14.017067909240723
D561A:T581E:N587E,-2.1805455684661865
D561A:T581E:N587E:R588A,1.7355995178222656
D561A:T581E:R585D:N587E,-1.6790730953216553
D561A:T581E:R585H,-2.174783945083618
D561A:T581E:R588A,2.3636417388916016
D561A:T581E:R588D,0.30659031867980957
D561A:T581M,-6.555726051330566
D561A:V571F,-8.311138153076172
D561A:V571F:N582D,-10.111189842224121
D561A:V571F:Q575C,-9.986774444580078
D561A:V571F:Q575G:T581E:R585H,-9.318503379821777
D561A:V571F:T581E,-6.898392677307129
D561A:V571G,-6.585630416870117
D561A:V571S,-4.742292881011963
D561A:V571S:T581H,-8.554168701171875
D561C:A572S:R588Q,-3.2740726470947266
D561C:E562D:G586P,-8.54109001159668
D561C:E563I,-7.952863693237305
D561C:E563Q:Q575G:V579I:T581E,-10.736964225769043
D561C:E563S,-6.343585014343262
D561C:E563S:R566A:T581E:N582S,-9.695871353149414
D561C:E563S:T567C:S580A:N582E:R585A,-8.617916107177734
D561C:E564D,-9.076622009277344
D561C:E564L,-9.037248611450195
D561C:E564R,-10.203858375549316
D561C:E564V,-8.550538063049316
D561C:G577D,-9.174837112426758
D561C:G586L,-6.9135847091674805
D561C:G586S,-7.276726722717285
D561C:N569R,-13.217382431030273
D561C:N582D,-5.496301651000977
D561C:Q575I,-6.308602809906006
D561C:Q575V:G586E,-9.236889839172363
D561C:Q575V:G586E:N587Q:R588M,-8.155503273010254
D561C:Q575V:G586E:R588M,-5.080160140991211
D561C:R566I:A572S,-8.622564315795898
D561C:R566K:Q575G:T581D:G586P:R588H,-9.041418075561523
D561C:R566Q,-6.932809829711914
D561C:R588I,2.369062662124634
D561C:S580A:T581M:R585D:N587P,-9.388111114501953
D561C:S580D:N582D:R585W:R588M,-6.4575886726379395
D561C:S580D:T581M:R588A,-7.018671035766602
D561C:T567C:T581D,-6.26627779006958
D561C:T567P:Q575I:R585P,-13.72756290435791
D561C:V571A,-6.1769700050354
D561C:V579C,-6.651003360748291
D561C:V579K,-11.557464599609375
D561E:A572E,-9.110095977783203
D561E:A572I,-7.874828338623047
D561E:A572L,-8.098335266113281
D561E:E562D,-4.99298095703125
D561E:E562Q:G577D,-12.747197151184082
D561E:E563K,-5.548783779144287
D561E:E563L:T568H:V579T,-18.80560302734375
D561E:E563Q:E564S:T581D:R585P:R588A,-8.349482536315918
D561E:E563Q:T567C:T581E:R585H:R588Q,-4.0569658279418945
D561E:E563S:E564C:Q575G,-11.788482666015625
D561E:E563S:T581E:G586L,-6.097108364105225
D561E:E563T:P570N:V579L:R585T:N587S,-16.294036865234375
D561E:E564C:V571T,-8.401880264282227
D561E:G586S,-5.22566032409668
D561E:N569M,-10.226361274719238
D561E:N582T,-3.4308130741119385
D561E:N582W,-5.198275566101074
D561E:N587A,-3.1348328590393066
D561E:N587I,-1.3945729732513428
D561E:P570W:A572C:N582T:R585W,-18.66358184814453
D561E:Q575S:T581E:R585G:G586L,-4.267637252807617
D561E:R566A:T567C:Q575G:G586Q:N587D,-13.460585594177246
D561E:R566S:Q575A:V579M:N587M,-10.50890064239502
D561E:R566S:T567G:Q575N:S580T:T581D:R585H:N587E,-16.19332504272461
D561E:R566S:T567G:S580T:T581D:N587E,-12.307612419128418
D561E:R566S:T567G:S580T:T581D:R585H:N587E,-12.929893493652344
D561E:R588N,0.21315646171569824
D561E:R588W,0.34430432319641113
D561E:S580T,-5.041440963745117
D561E:T567A,-3.5690407752990723
D561E:T581D:R588S,0.31452715396881104
D561E:T581S,-4.472034454345703
D561E:V571F,-6.991071701049805
D561E:V579A,-4.232332229614258
D561F:A572I,-11.270695686340332
D561F:A572R,-14.119491577148438
D561F:E562D,-8.388848304748535
D561F:E562L,-11.098282814025879
D561F:E562R,-12.114386558532715
D561F:E562T:E563Q,-13.497063636779785
D561F:E562T:T567Y:S580M,-20.813724517822266
D561F:E563D:R566A:V579G:T581E:N587Q,-15.729290962219238
D561F:E563D:V579G:T581E:N587Q,-13.374340057373047
D561F:E563L,-9.082608222961426
D561F:E564K:N587G,-12.824508666992188
D561F:E564L,-10.382049560546875
D561F:E564L:T581H,-14.193924903869629
D561F:E564N:Q575W:S580H:N582V,-19.944015502929688
D561F:E564Q:T567K:V571W:Q575G:G586L,-29.817737579345703
D561F:G577A,-9.894716262817383
D561F:I565A:R588N,-9.79102897644043
D561F:N569G,-12.710522651672363
D561F:N569S,-10.929346084594727
D561F:N569W,-16.125011444091797
D561F:N582P,-6.227834224700928
D561F:N582V,-5.228044509887695
D561F:P570D,-13.611227035522461
D561F:Q575I,-7.653403282165527
D561F:Q575N:T581E:N587G,-9.224711418151855
D561F:Q575P:T581E,-7.806032657623291
D561F:Q575P:T581E:R588T,-4.213589668273926
D561F:R566A,-7.39600133895874
D561F:R566A:V571C:A572C:V579T:R585Q,-15.671086311340332
D561F:R585F,-5.0222320556640625
D561F:R585G,-3.5408284664154053
D561F:R585Q:R588D,-2.124251127243042
D561F:R588D,-3.1819562911987305
D561F:S580I,-8.510311126708984
D561F:S580P,-7.095186710357666
D561F:T568A,-12.269905090332031
D561F:T568S,-9.816829681396484
D561F:T581D,-5.85996150970459
D561F:T581E,-3.6283044815063477
D561F:V579C,-7.9958038330078125
D561F:V579I,-8.10012435913086
D561G:A572C:S580D:N582D:R588E,-9.206382751464844
D561G:A572C:T581E,-4.745936393737793
D561G:A572S,-4.042392730712891
D561G:A572S:N582V:N587Q,-7.304730415344238
D561G:E562D,-5.666942596435547
D561G:E562D:A572S,-7.390191078186035
D561G:E562D:A572S:N582A:R585Q,-7.690357208251953
D561G:E562D:N582G:R585N,-8.294641494750977
D561G:E562D:T567A:R585G,-6.090579032897949
D561G:E562D:T567C:A572C:R588D,-9.398503303527832
D561G:E562D:T567P:Q575N,-15.694594383239746
D561G:E562D:V571I:A572C:R585F,-13.091638565063477
D561G:E563A,-4.703987121582031
D561G:E563A:R566A,-7.058938980102539
D561G:E563A:T568N:N582M,-13.489460945129395
D561G:E563D:E564C:G577Q,-17.07602882385254
D561G:E563H:Q575C:V579T,-10.981134414672852
D561G:E563N,-5.463937759399414
D561G:E563N:A572S:Q575V:N582V,-9.961296081542969
D561G:E563N:N582D,-7.26399040222168
D561G:E563N:Q575C:N582E:R585Q:R588E,-2.8186874389648438
D561G:E563N:Q575M:V579M:N582D:R585G,-12.186156272888184
D561G:E563P,-7.122515678405762
D561G:E563Q:N587E,-6.543742656707764
D561G:E563Q:Q575T,-8.475926399230957
D561G:E563Q:R566A,-8.270651817321777
D561G:E563Q:R566A:Q575V,-10.857767105102539
D561G:E563Q:R585N:R588N,-4.075226783752441
D561G:E563Q:T567C:Q575P:R585A,-10.601631164550781
D561G:E563S:V571C:N582A:N587D,-10.458333969116211
D561G:E564A,-7.325279235839844
D561G:E564T:P570R,-17.081165313720703
D561G:G577D,-7.797732353210449
D561G:N569Q,-10.230584144592285
D561G:N569S,-8.207440376281738
D561G:N582D:N587E,-4.747239112854004
D561G:N582P:R588I,2.5593831539154053
D561G:N587D,-3.7214066982269287
D561G:P570A,-6.121923446655273
D561G:P570C:N582V:N587G:R588N,-7.467635154724121
D561G:Q575C,-3.994781017303467
D561G:Q575C:N582D,-5.794833183288574
D561G:Q575C:N582E:R585A:R588W,0.10036087036132812
D561G:Q575C:N582E:R588A,0.7841048240661621
D561G:Q575C:R588S,-1.2161593437194824
D561G:Q575I:S580G:N587D:R588D,-7.534609317779541
D561G:Q575M:N582E:R585H:N587E:R588W,-3.459467887878418
D561G:Q575N:S580G:R585D:R588A,-4.22490119934082
D561G:Q575P:S580G:T581M:G586L,-16.364627838134766
D561G:Q575R:G577I:V579F:N582K:R588E,-22.515817642211914
D561G:Q575T,-4.87937068939209
D561G:R566A,-4.67409610748291
D561G:R566A:Q575I:N582V,-7.473443984985352
D561G:R566A:Q575M:N582D,-9.216376304626465
D561G:R566A:T567A:A572S:Q575V,-10.908317565917969
D561G:R566G:V571C,-7.6450629234313965
D561G:R566M,-6.055563926696777
D561G:R566S:Q575M:N582E:N587D,-7.528171062469482
D561G:R566S:Q575V:R588H,-5.366947174072266
D561G:R566S:T581M:R585N:N587D:R588S,-6.478404521942139
D561G:R585C,-1.6229727268218994
D561G:R585H:R588S,-0.16280341148376465
D561G:R585P,-2.973884344100952
D561G:R588A,1.5970005989074707
D561G:S580A:R585P,-5.602753639221191
D561G:S580G,-5.379086971282959
D561G:S580I,-5.7884063720703125
D561G:T567A:A572C:Q575G,-9.880370140075684
D561G:T567A:N582D:R585W:R588D,-5.6538872718811035
D561G:T567A:Q575V,-6.830117702484131
D561G:T567A:V571C:Q575N,-10.238153457641602
D561G:T567C,-4.070261478424072
D561G:T567C:A572C,-7.909798622131348
D561G:T567C:Q575I:R585A:G586P,-6.93674373626709
D561G:T567C:V579A,-6.657410621643066
D561G:T567I,-7.721528053283691
D561G:T567P:V571T,-10.141927719116211
D561G:T567Q:A572C:V579T:T581M:N582T,-20.32247543334961
D561G:T567Q:V579T:T581M,-14.697306632995605
D561G:T567Q:V579T:T581M:N582T,-16.48293685913086
D561G:T567S:T581D:N582I:N587D,-6.231463432312012
D561G:T567S:T581M:N582P:R585P:N587E,-10.22117805480957
D561G:T568H,-12.676472663879395
D561G:T581E:N582G:R585H,-4.13851261138916
D561G:T581G,-5.412786483764648
D561G:T581M,-5.909621238708496
D561G:T581M:N582D:R585H:N587E:R588E,-6.5595550537109375
D561G:V571C:R588S,-2.2722418308258057
D561G:V571C:T581E,-3.638118028640747
D561G:V571M,-6.2293877601623535
D561G:V571P,-8.744504928588867
D561G:V571S,-4.096188545227051
D561G:V579A:S580A,-7.535162925720215
D561G:V579A:T581E,-3.4935483932495117
D561G:V579M,-5.999303817749023
D561G:V579M:R585G,-4.499082088470459
D561G:V579T:T581M,-8.671154975891113
D561H:A572C,-7.185394287109375
D561H:A572S,-5.06910514831543
D561H:A572S:Q575I:S580G,-10.741401672363281
D561H:A572S:Q575M:V579A:S580G:N587G,-15.791400909423828
D561H:E562D:A572C:Q575M:R585P,-13.930160522460938
D561H:E562G,-8.854040145874023
D561H:E562I,-9.350920677185059
D561H:E562K,-9.148959159851074
D561H:E562Y,-9.942859649658203
D561H:E563H:V579T:N587E,-10.960251808166504
D561H:E563N:R566A:Q575C:N582D,-12.321290969848633
D561H:E563Q:N582P:R585S:R588D,-5.433650016784668
D561H:E564N:P570N:V571M,-19.915756225585938
D561H:G577L:V579A,-12.276687622070312
D561H:G586E,-6.299382209777832
D561H:G586E:R588W,-4.309894561767578
D561H:G586H,-8.465518951416016
D561H:G586N,-8.002696990966797
D561H:G586S,-6.926334381103516
D561H:G586T,-7.159253120422363
D561H:N569C,-10.072474479675293
D561H:N569D,-10.674173355102539
D561H:N582A,-4.703728675842285
D561H:N582C,-5.372613906860352
D561H:N582D:R585N,-5.1637749671936035
D561H:N582P:R585N:N587M:R588A,-1.7888286113739014
D561H:N587D,-4.748119354248047
D561H:N587P,-3.31984543800354
D561H:P570A,-7.1486358642578125
D561H:P570C,-7.832716941833496
D561H:P570E,-11.338715553283691
D561H:P570T,-7.584970474243164
D561H:Q575C,-5.021493434906006
D561H:Q575C:G586E,-7.975018501281738
D561H:Q575C:N582E:N587E:R588H,-3.320206642150879
D561H:Q575N:T581N,-9.27277946472168
D561H:Q575S,-5.663943290710449
D561H:R566A:N582D,-7.500860691070557
D561H:R566P:P570R:A572E:G586P,-27.877649307250977
D561H:R566S,-5.273133277893066
D561H:R566S:G586L,-8.490468978881836
D561H:R566S:N587M,-6.427599906921387
D561H:R585P,-4.00059700012207
D561H:R588D,-1.4867632389068604
D561H:R588N,-1.4875175952911377
D561H:S580D:R585E:R588E,-3.495821237564087
D561H:S580K,-10.738821029663086
D561H:S580W,-9.261637687683105
D561H:T567C,-5.096973896026611
D561H:T567F,-9.838794708251953
D561H:T567I,-8.74824047088623
D561H:T567S:V571C:Q575C:S580A:T581N,-14.88756275177002
D561H:T568K,-13.959263801574707
D561H:T568M,-11.987059593200684
D561H:T568S,-8.121636390686035
D561H:T581D,-4.164768695831299
D561H:T581E:R588S,0.8455102443695068
D561H:T581M:N587M:R588I,-2.0254883766174316
D561H:T581N,-6.009347915649414
D561H:V571C:R585E:R588D,-3.1207973957061768
D561H:V571T:Q575P:V579I:S580C:G586P,-16.649429321289062
D561H:V579A,-5.933006286621094
D561I:A572F,-12.358509063720703
D561I:A572K,-13.684797286987305
D561I:A572S,-6.678831100463867
D561I:A572S:Q575N,-9.94226360321045
D561I:E562D:P570H:Q575T,-19.05697250366211
D561I:E563H,-9.180401802062988
D561I:E564C,-10.653716087341309
D561I:G586D,-8.557706832885742
D561I:G586L,-8.172918319702148
D561I:N569S,-10.843878746032715
D561I:P570C,-9.442442893981934
D561I:P570H,-13.148946762084961
D561I:Q575P,-9.133310317993164
D561I:R585P,-5.61032247543335
D561I:T567R:A572E:S580N,-24.65964698791504
D561I:T568I,-12.689918518066406
D561I:T581E,-3.542837142944336
D561I:T581H,-8.767457962036133
D561I:V571P,-11.380943298339844
D561I:V571R,-11.986268997192383
D561K:A572C:Q575V:T581S:R585D,-12.761792182922363
D561K:A572K,-12.738975524902344
D561K:A572N:R588W,-7.324773788452148
D561K:E562D,-7.3575592041015625
D561K:E562D:E564Q,-12.186497688293457
D561K:E562D:V579M:R588A,-7.121573448181152
D561K:E562H,-10.429584503173828
D561K:E562M:E564L:V571N:G586T,-23.74923324584961
D561K:E562P:N582P:R588W,-10.072821617126465
D561K:E563D:T567A:V579C:R585W,-13.491575241088867
D561K:E563D:T567C:Q575V:V579C:N582E,-13.573282241821289
D561K:E563H,-8.234580039978027
D561K:E563H:R585H:G586E:N587D,-13.212648391723633
D561K:E563H:S580D:N582D:R585H:R588Q,-12.159578323364258
D561K:E563I:N582E:R585A:R588M,-2.0039916038513184
D561K:E563N:N582D:R585G:R588M,-3.2976558208465576
D561K:E563N:N582D:R585S:R588S,-5.339531421661377
D561K:E563N:N582D:R588H,-7.488018035888672
D561K:E563N:N582D:R588N,-7.096267223358154
D561K:E563N:N587E,-7.782596588134766
D561K:E563N:Q575C:T581E:N582D,-9.217497825622559
D561K:E563N:Q575C:V579A:T581E:N587E,-10.632637023925781
D561K:E563N:R566A:T581E,-8.096759796142578
D561K:E563N:R566A:V579A:T581E:R588M,-6.527180194854736
D561K:E563N:R585H:R588E,-5.376393795013428
D561K:E563N:R585N:N587E:R588I,-1.7351505756378174
D561K:E563N:R588I,-1.0892424583435059
D561K:E563N:T581D:N582D:R585N:R588M,-5.634654998779297
D561K:E563N:T581E:R585T:N587D:R588W,-4.4389872550964355
D561K:E563N:V579A:N582D:R585N:N587E,-12.187664031982422
D561K:E563N:V579A:T581E,-8.328958511352539
D561K:E563Q:N582D:R585T:R588M,-4.534043312072754
D561K:E563Q:N582D:R588M,-5.249639511108398
D561K:E563Q:Q575C:N582D:R585G:R588Q,-7.436359405517578
D561K:E563Q:Q575C:N582D:R585S:R588S,-7.466930389404297
D561K:E563Q:Q575C:R585S:R588S,-5.666877746582031
D561K:E563Q:R585S:R588S,-3.991241455078125
D561K:E563Q:T567Q:N582E:R585N:R588T,-9.195150375366211
D561K:E563Q:T567Q:Q575C:N582E:R585N:R588T,-10.870786666870117
D561K:E563Q:T567Q:R585N:R588T,-10.057891845703125
D561K:E563R:R566S:T567C:V579C:T581E,-13.757353782653809
D561K:E563S:V571F:S580P:T581R,-20.889942169189453
D561K:E563T,-7.000521183013916
D561K:E563T:T581S,-9.827372550964355
D561K:E564S:T581E:G586E:N587E:R588N,-9.870479583740234
D561K:E564W:R566G:T567V,-18.52229118347168
D561K:G577S,-8.630520820617676
D561K:G586L,-7.227096080780029
D561K:N569R:T581R,-20.36371421813965
D561K:N569W,-15.093722343444824
D561K:N582D,-5.809813022613525
D561K:N582D:N587D,-7.212075233459473
D561K:N582D:R585A,-4.566899299621582
D561K:N582D:R585N,-5.82767915725708
D561K:N582D:R585N:N587D,-7.229941368103027
D561K:N582D:R585N:R588T,-2.2352356910705566
D561K:N582D:R585Q:R588T,-1.1596646308898926
D561K:N582D:R585S,-4.97335958480835
D561K:N582D:R585S:R588M,-0.8166303634643555
D561K:N582D:R585T:N587D:R588D,-4.63738489151001
D561K:N582E:N587E:R588W,-1.7855753898620605
D561K:N582E:R585Q:R588T,1.5031280517578125
D561K:N582Q,-3.415116786956787
D561K:N582V,-4.196755409240723
D561K:N587D,-5.412023067474365
D561K:N587D:R588A,-1.495877981185913
D561K:N587E,-4.637803077697754
D561K:N587E:R588W,-2.648315906524658
D561K:N587K,-11.177331924438477
D561K:P570I,-9.167866706848145
D561K:P570N,-10.82845687866211
D561K:P570Q,-11.128669738769531
D561K:Q575C,-5.685397148132324
D561K:Q575C:N582D,-7.48544979095459
D561K:Q575C:N582D:N587E:R588Q,-5.968067169189453
D561K:Q575C:N582D:R585T:R588Q,-4.624427795410156
D561K:Q575C:N587D:R588Q,-4.942234516143799
D561K:Q575C:R585F:N587D:R588A,-3.1526966094970703
D561K:Q575C:R585G:R588T,-0.5927324295043945
D561K:Q575C:R585I:N587D:R588E,-3.8757832050323486
D561K:Q575C:R585Q:R588S,-1.8490703105926514
D561K:Q575C:R585T:R588H,-3.5032119750976562
D561K:Q575C:R585T:R588W,-2.980313301086426
D561K:Q575C:S580F:G586E:N587E,-13.693309783935547
D561K:Q575C:T581E:N582D:R585I:R588N,-3.4029295444488525
D561K:Q575C:V579C:T581E:R585N,-7.245271682739258
D561K:Q575E,-8.269847869873047
D561K:Q575M:N587E,-7.380031585693359
D561K:Q575V,-6.59687614440918
D561K:Q575V:R585N:R588T,-3.022298812866211
D561K:R566A,-6.364712238311768
D561K:R566A:Q575C:N582E:R585G:R588M,-1.5206574201583862
D561K:R566A:Q575C:V579A:T581E,-9.214752197265625
D561K:R566A:R588M,-2.2079830169677734
D561K:R566A:S580D:T581S:R588H,-11.373064994812012
D561K:R566A:T567A:N582D:R588A,-6.172477722167969
D561K:R566A:T581E:G586E,-7.905491828918457
D561K:R566A:T581E:N582D:G586E,-9.705543518066406
D561K:R566A:T581E:R585N:N587E:R588N,-3.7395355701446533
D561K:R566A:V579A:R585A,-7.708947658538818
D561K:R566A:V579A:R585H,-9.574142456054688
D561K:R566A:V579A:T581E:N582D,-9.339168548583984
D561K:R566A:V579M:T581E:N582E:N587E,-8.397427558898926
D561K:R566S:S580F:N582M,-11.151195526123047
D561K:R585G:R588M,1.6471898555755615
D561K:R585H,-4.6320414543151855
D561K:R585H:N587E,-5.2600836753845215
D561K:R585I:N587D:R588E,-2.2001466751098633
D561K:R585I:R588N,-1.3399863243103027
D561K:R585K,-6.6925578117370605
D561K:R585N,-4.027626991271973
D561K:R585N:R588E,-1.627185583114624
D561K:R585Q,-2.9520556926727295
D561K:R585Q:R588S,-0.17343401908874512
D561K:R585S,-3.173307418823242
D561K:R585S:R588S,-0.3946857452392578
D561K:R585T,-3.2941641807556152
D561K:R585T:R588D,-1.435070514678955
D561K:R588E,-1.6093196868896484
D561K:R588M,0.14696836471557617
D561K:R588N,-2.151421546936035
D561K:R588S,-1.2311391830444336
D561K:R588T,-0.41731762886047363
D561K:R588W,-2.0202736854553223
D561K:S580A:R585A,-5.395715713500977
D561K:S580F:N587E,-9.064148902893066
D561K:S580H,-8.925769805908203
D561K:S580I,-7.47902250289917
D561K:T567A:N582D:N587D:R588A,-5.219788074493408
D561K:T567A:Q575C:N582D,-9.409307479858398
D561K:T567A:Q575C:N582E:N587E:R588H,-5.907968521118164
D561K:T567A:Q575C:V579M:R585W:R588E,-10.35890007019043
D561K:T567A:R585T:N587D,-6.620284557342529
D561K:T567A:R588N,-4.075279712677002
D561K:T567A:V579M:S580A:R585Q:R588M,-7.028212547302246
D561K:T567C,-5.76087760925293
D561K:T567H,-10.910863876342773
D561K:T567K,-11.643406867980957
D561K:T567Q:R585N:R588T,-6.461335182189941
D561K:T567S,-5.851751327514648
D561K:T567S:N582D:G586Q,-12.16104507446289
D561K:T568A,-11.238616943359375
D561K:T581D,-4.828672409057617
D561K:T581D:R585I:R588N,-2.158897876739502
D561K:T581E,-2.597015380859375
D561K:T581E:G586E:N587E:R588A,-2.262437582015991
D561K:T581E:N582D:G586E:N587D:R588Q,-6.6074299812316895
D561K:T581E:R585D,-2.0955429077148438
D561K:T581E:R585H:G586E:N587E:R588M,-2.644134044647217
D561K:V571C:S580G:T581A:R588T,-8.706353187561035
D561K:V571D,-9.511560440063477
D561K:V571D:A572C:R588N,-11.492758750915527
D561K:V571D:R585N:G586E,-12.482951164245605
D561K:V571E,-9.411686897277832
D561K:V571G,-7.6301422119140625
D561K:V579A,-6.59691047668457
D561K:V579A:G586E:N587E,-10.178478240966797
D561K:V579A:R585H,-7.21919059753418
D561K:V579A:T581E,-5.184165000915527
D561K:V579A:T581E:R585N:N587E:R588S,-3.0514514446258545
D561K:V579C:R588M,-2.807785749435425
D561K:V579M,-7.689919948577881
D561K:V579M:S580A:N587E,-10.946830749511719
D561L:A572Q,-11.556955337524414
D561L:E562C:T568D:V579W,-25.719932556152344
D561L:E562P,-11.560102462768555
D561L:E562Y,-11.291341781616211
D561L:E563T,-7.685099124908447
D561L:G586K,-12.658791542053223
D561L:G586P,-6.191381931304932
D561L:I565A,-11.302657127380371
D561L:I565S,-12.200569152832031
D561L:N582H,-7.497587203979492
D561L:N587H,-8.498319625854492
D561L:N587Q,-7.769681930541992
D561L:Q575A,-6.796154975891113
D561L:Q575C:T581E:G586P:N587Q,-9.52961540222168
D561L:Q575R,-11.259693145751953
D561L:R566I,-7.897405624389648
D561L:R566P:V571W:N582H:N587P,-20.726642608642578
D561L:R566Q,-7.930899143218994
D561L:R588A,-0.7781937122344971
D561L:R588D,-2.835245132446289
D561L:T567A,-6.618196964263916
D561L:T567W,-13.225052833557129
D561L:T568N,-12.692000389099121
D561L:T581E,-3.2815933227539062
D561L:T581N:N582W:N587K,-18.078493118286133
D561L:T581P,-7.10015344619751
D561L:V571F:T581R,-16.873046875
D561L:V571Q,-9.174234390258789
D561N:A572C:Q575S:S580D:N582A:R588Q,-9.056827545166016
D561N:A572C:R588D,-2.019111394882202
D561N:A572C:S580D:N582A,-8.884166717529297
D561N:A572C:S580H:R585D,-8.292740821838379
D561N:A572R,-9.117109298706055
D561N:A572S,-1.761915922164917
D561N:E562D,-3.3864660263061523
D561N:E562D:E563Q,-6.9830217361450195
D561N:E562D:Q575N,-6.649898052215576
D561N:E562D:Q575N:V579N:R588E,-8.47819709777832
D561N:E562D:R566G:T567Q:V571A:Q575I:T581E:R588M,-11.530417442321777
D561N:E562D:R566G:T567Q:V571A:Q575I:V579T:T581E:R588M,-14.291952133178711
D561N:E562D:R566G:T567Q:V571A:T581E:R588M,-8.918063163757324
D561N:E562D:R566G:V571A:T581E,-7.048641204833984
D561N:E562D:R566G:V571A:T581E:R588M,-2.8919119834899902
D561N:E562D:S580A,-6.0153350830078125
D561N:E562D:V579N,-7.615206718444824
D561N:E562D:V579N:R588E,-5.214765548706055
D561N:E562P,-6.904430866241455
D561N:E562P:V571D:A572C:N582G,-18.85559844970703
D561N:E562S:E564V:V571D,-15.461502075195312
D561N:E562T:E564Q:V571E:Q575T:G577L:S580Q:T581G:R585G:R588P,-26.031532287597656
D561N:E562T:E564Q:V571E:Q575T:S580Q:T581G:R585G:R588P,-19.687850952148438
D561N:E563A:Q575C:R585K:N587E,-7.40998649597168
D561N:E563C:A572S:T581M:G586L,-11.778291702270508
D561N:E563C:R585Q:R588I,3.875786066055298
D561N:E563C:V579A,-5.834380626678467
D561N:E563D:Q575M:R585N:R588M,-1.7753093242645264
D561N:E563D:V571F:R585A:N587E:R588D,-6.043868064880371
D561N:E563F:R566G:T581E:R588M,-1.703704833984375
D561N:E563H:A572C:V579A,-10.690174102783203
D561N:E563H:R585H,-4.885767459869385
D561N:E563N,-3.1834611892700195
D561N:E563N:R566S:T581N:G586P,-9.271271705627441
D561N:E563Q:T581D:R585A:N587A:R588A,-0.7847262620925903
D561N:E563R:S580W:R585I:N587S,-12.146982192993164
D561N:E563S,-2.6860036849975586
D561N:E563T:Q575E:R585W:R588D,-6.90034818649292
D561N:E564N:T567M:R585P,-12.260869979858398
D561N:E564P,-6.186727523803711
D561N:E564T,-5.186981201171875
D561N:G577P,-6.387150287628174
D561N:G586D,-3.6407923698425293
D561N:N582A,-1.3965392112731934
D561N:N582T,-1.8242979049682617
D561N:N587I,0.21194219589233398
D561N:P570G,-5.72167444229126
D561N:Q575N,-3.3020997047424316
D561N:Q575P,-4.216395854949951
D561N:Q575S:R585H:R588Q,-0.8336095809936523
D561N:Q575T,-2.598893880844116
D561N:Q575T:N582P,-3.7856781482696533
D561N:Q575V:T581M:R588Q,-4.070835113525391
D561N:R566A,-2.3936190605163574
D561N:R566A:A572S:Q575I,-6.729220867156982
D561N:R566A:A572S:S580G,-7.176809787750244
D561N:R566A:N569K:S580T:N582G,-17.24193572998047
D561N:R566A:T567C:Q575V:V579A:T581S,-12.145852088928223
D561N:R566G:R585D:R588T,1.4610486030578613
D561N:R566I,-3.241734504699707
D561N:R566M,-3.7750871181488037
D561N:R566S:G586E,-4.919469356536865
D561N:R585A:G586D:R588A,1.5182666778564453
D561N:R585A:G586E,-1.7492787837982178
D561N:R585H,-0.6609482765197754
D561N:R588A,3.8774774074554443
D561N:R588H,1.4279208183288574
D561N:R588Q,2.106757164001465
D561N:R588T,3.5537755489349365
D561N:S580A,-2.667536735534668
D561N:S580A:R588I,3.397775173187256
D561N:S580D:N582D:R585Q:R588S,-1.6504831314086914
D561N:S580D:R585M,-3.345797300338745
D561N:S580G,-3.0986101627349854
D561N:S580V:R585N:G586A:N587E,-7.034879684448242
D561N:S580W,-5.954448223114014
D561N:T567A:Q575T:R588Q,-2.3773269653320312
D561N:T567A:S580A:R585A:R588K,-5.729460716247559
D561N:T567A:S580A:R585S:R588H,-2.2883529663085938
D561N:T567A:T581M:N582E:R585N,-4.708127975463867
D561N:T567A:T581N:R588G,-2.10933780670166
D561N:T567A:V571I:Q575M:S580A,-10.937600135803223
D561N:T567C:P570C:Q575A,-8.378460884094238
D561N:T567C:Q575P:R585Q,-4.9098076820373535
D561N:T567C:Q575V:N582E,-3.5141589641571045
D561N:T567C:R588D,0.06930911540985107
D561N:T567C:T581M,-5.380261421203613
D561N:T567F,-6.531605243682861
D561N:T567G,-3.9306087493896484
D561N:T567M,-5.765170097351074
D561N:T567S,-1.8806580305099487
D561N:T568S,-4.814446926116943
D561N:T581E,1.3740777969360352
D561N:T581E:R585G:R588A,6.790444374084473
D561N:T581N:R588Q,-0.5567336082458496
D561N:V571C,-2.7703866958618164
D561N:V571C:N582E:R585T,-1.1920493841171265
D561N:V571C:Q575I:S580D:T581D,-9.84974193572998
D561N:V571C:Q575V,-5.357501983642578
D561N:V571C:T581M:N582D,-8.16091537475586
D561N:V571C:V579A:G586L,-8.574871063232422
D561N:V571D,-5.540466785430908
D561N:V571D:S580D:R588D,-7.329463005065918
D561N:V571D:T581H,-9.35234260559082
D561N:V571I:V579I:T581N,-9.365209579467773
D561N:V579L:N582H:G586Q:N587G,-12.762350082397461
D561N:V579Y,-4.406241416931152
D561P:A572E,-12.335259437561035
D561P:E562G,-10.378528594970703
D561P:E562P:V571F:R585P,-17.736738204956055
D561P:E564V:N569I:V571H,-23.409713745117188
D561P:G577H,-11.495505332946777
D561P:G586A,-7.875577449798584
D561P:I565S:N569G,-20.046049118041992
D561P:N569C,-11.596963882446289
D561P:R566I:T567L:A572P:N582Q,-20.38973617553711
D561P:R585A,-3.627432107925415
D561P:S580I,-8.339607238769531
D561P:T567E:S580W:T581K,-23.921695709228516
D561P:T567P,-11.634565353393555
D561P:T568D,-14.316829681396484
D561P:T568R:S580T:R585Q,-18.260717391967773
D561P:T581G,-7.963987827301025
D561P:V571D,-10.37214469909668
D561P:V571P,-11.295706748962402
D561P:V571Q,-9.350242614746094
D561P:V579W:R585P,-10.912757873535156
D561Q:A572C:R588A,-3.368530035018921
D561Q:A572S,-5.168385982513428
D561Q:A572S:Q575V:V579A:T581E:N582V,-9.116899490356445
D561Q:A572S:T581E:R588A,0.16050481796264648
D561Q:A572S:V579A,-7.755535125732422
D561Q:A572S:V579A:N582V,-7.942529678344727
D561Q:A572S:V579A:N582V:N587G,-10.275506019592285
D561Q:A572S:V579A:N582V:R585H,-8.564810752868652
D561Q:A572S:V579A:R585H,-8.377816200256348
D561Q:A572S:V579A:S580G:T581E:N582V,-9.589727401733398
D561Q:A572S:V579A:T581E,-6.342789649963379
D561Q:E562D:Q575C:R585H:N587E:R588T,-6.126452445983887
D561Q:E562D:R566S:N587G,-11.05318832397461
D561Q:E562D:T581N,-9.456426620483398
D561Q:E562Q,-9.068564414978027
D561Q:E562R,-10.518474578857422
D561Q:E562T:E563H:Q575F:V579G,-18.260881423950195
D561Q:E563A:Q575I:V579I,-11.501408576965332
D561Q:E563A:R566A:Q575M:V579A:N582V,-13.701303482055664
D561Q:E563A:R566A:T567Q:Q575M:V579A:N582V,-19.72745704650879
D561Q:E563A:R566A:T567Q:Q575M:V579A:T581D:N582V,-20.546367645263672
D561Q:E563C:R585Q:N587D,-6.998258590698242
D561Q:E563D:R588H,-5.111825942993164
D561Q:E563F,-8.085450172424316
D561Q:E563F:V571C:A572C:Q575T:R585H,-17.839214324951172
D561Q:E563H:G586E,-10.623481750488281
D561Q:E563H:R566S:T567A:N582A:N587D,-14.281225204467773
D561Q:E563I:Q575G:N582V,-9.686577796936035
D561Q:E563L:E564G:N569G:V571A,-23.85042953491211
D561Q:E563N,-6.589931488037109
D561Q:E563N:A572S:Q575G:N587E:R588K,-13.120031356811523
D561Q:E563N:N582V:G586E,-9.730451583862305
D561Q:E563N:Q575C,-8.265567779541016
D561Q:E563N:Q575C:N582D:N587E:R588W,-8.704174995422363
D561Q:E563N:Q575C:N587E,-8.893610000610352
D561Q:E563N:Q575C:R585P:N587E,-9.54835033416748
D561Q:E563N:Q575C:R585T,-7.549971580505371
D561Q:E563N:Q575C:R588T,-4.67312479019165
D561Q:E563N:Q575C:S580P:R585H,-10.941985130310059
D561Q:E563N:Q575C:T581E:N582C:R588N,-7.021240234375
D561Q:E563N:R566A,-8.9448823928833
D561Q:E563N:R566A:N582C:R588N,-9.113300323486328
D561Q:E563N:R566A:N582E:R585N:R588A,-4.183862686157227
D561Q:E563N:R566A:T581E:N582C,-9.558895111083984
D561Q:E563N:R566G:Q575I:R585N,-11.814350128173828
D561Q:E563N:R585D:N587E:R588E,-4.3160600662231445
D561Q:E563N:R585H:N587E:R588S,-5.06163215637207
D561Q:E563N:T567A:R585H,-9.136070251464844
D561Q:E563N:T581E,-5.177186012268066
D561Q:E563Q:A572S:Q575M:N587G,-13.840145111083984
D561Q:E563Q:A572S:T581E:N582V,-7.539191246032715
D561Q:E563Q:Q575C:R588H,-7.250741958618164
D561Q:E563Q:Q575P:T581E:N582A:R588S,-8.38592529296875
D561Q:E563Q:Q575T,-9.601920127868652
D561Q:E563Q:Q575V:T581E:N582V,-8.403058052062988
D561Q:E563Q:R566A,-9.396644592285156
D561Q:E563Q:R566A:A572S:Q575V:R585H,-14.329288482666016
D561Q:E563Q:R566A:N587G,-11.729619979858398
D561Q:E563Q:R566A:Q575V:N587G,-14.31673526763916
D561Q:E563Q:R566A:T567A:Q575M:V579A:N582V:R585H:N587M,-18.613622665405273
D561Q:E563Q:R566A:T581D:R585Q,-9.157852172851562
D561Q:E563Q:R585H,-7.663973808288574
D561Q:E563Q:R588N,-5.183354377746582
D561Q:E563Q:T567A:N587G:R588M,-7.14179801940918
D561Q:E563Q:T567A:Q575M:V579A:N582V:R585H:N587M,-16.258670806884766
D561Q:E563Q:T567A:V579A:N582V:R585H:N587M,-13.516443252563477
D561Q:E563Q:T567Q:N582V:N587G,-15.587815284729004
D561Q:E563Q:T567Q:N582V:R585H,-13.877120018005371
D561Q:E563Q:T567Q:Q575V:V579A:N587G,-20.575084686279297
D561Q:E563Q:T581E,-5.628948211669922
D561Q:E563Q:T581E:N587M,-6.783414840698242
D561Q:E563Q:T581E:R588A,-1.7128028869628906
D561Q:E563Q:V571C:V579A:S580D,-16.008651733398438
D561Q:E563Q:V579A:R588A,-5.712697982788086
D561Q:E563S,-6.092473983764648
D561Q:E563S:A572S:Q575I:V579A:N582V:N587G,-15.535194396972656
D561Q:E563S:A572S:V579A:N582V:N587G,-12.922842025756836
D561Q:E563S:R566N:Q575G:R585G,-9.371706008911133
D561Q:E563S:R585D:N587E:R588D,-4.359950065612793
D561Q:E563S:R588M,-1.9357445240020752
D561Q:E563S:T567S:A572S:Q575I:V579A:N582V:N587G,-17.377185821533203
D561Q:E563T:A572S:N587P,-8.133134841918945
D561Q:E564G,-9.658677101135254
D561Q:E564H,-9.532918930053711
D561Q:E564K:T567A:R585I:R588S,-7.229422569274902
D561Q:E564P,-9.5931978225708
D561Q:G586E,-6.398662567138672
D561Q:N569A,-10.398351669311523
D561Q:N582D:R585H,-5.8674702644348145
D561Q:N582D:R585S,-4.408736228942871
D561Q:N582D:R585S:R588D,-2.549642562866211
D561Q:N582E:N587E:R588Q,-1.065014362335205
D561Q:N582E:R585Q:R588H,-0.058103322982788086
D561Q:N582E:R585Q:R588M,2.63203763961792
D561Q:N582E:R585S:R588Q,0.39948129653930664
D561Q:N582Q,-2.850493907928467
D561Q:N582V:N587G,-5.9651079177856445
D561Q:N582V:R585H,-4.254412651062012
D561Q:N582V:R585H:N587E:R588K,-7.263434886932373
D561Q:N582V:R585H:N587G,-6.587388038635254
D561Q:N587D,-4.847399711608887
D561Q:N587E,-4.073180198669434
D561Q:N587E:R588A,-0.15703487396240234
D561Q:N587G,-5.77811336517334
D561Q:N587M,-4.599604606628418
D561Q:N587Q:R588A,-2.6043357849121094
D561Q:N587R,-10.84666919708252
D561Q:P570G:A572R:G577S:V579C:N582A,-27.139972686767578
D561Q:Q575A:T581A:R585H:R588Q,-6.521183967590332
D561Q:Q575C,-5.120774269104004
D561Q:Q575C:R588Q,-2.9753494262695312
D561Q:Q575C:T581E:N582C:N587E:R588N,-4.504488945007324
D561Q:Q575C:V579A:T581E,-6.295178413391113
D561Q:Q575G,-5.2429680824279785
D561Q:Q575G:S580P,-7.297104835510254
D561Q:Q575G:V579A:T581E:N582V:N587Q,-9.679710388183594
D561Q:Q575M,-6.187366008758545
D561Q:Q575M:R585H:N587E:R588A,-3.5215437412261963
D561Q:Q575M:T581E,-4.774620532989502
D561Q:Q575M:T581E:N582S,-7.184701442718506
D561Q:Q575N:N582D:R585P,-9.163361549377441
D561Q:Q575V,-6.032252788543701
D561Q:Q575V:R585H,-6.654533386230469
D561Q:Q575V:V579A,-8.619401931762695
D561Q:Q575V:V579A:N582V,-8.806396484375
D561Q:Q575V:V579A:R585H:N587G,-11.574658393859863
D561Q:R566A,-5.800088882446289
D561Q:R566A:N587E,-6.428131580352783
D561Q:R566A:Q575C,-7.4757256507873535
D561Q:R566A:Q575C:N582C:G586E,-12.456007957458496
D561Q:R566A:Q575C:N587E,-8.103767395019531
D561Q:R566A:Q575C:R585G,-5.975503921508789
D561Q:R566A:Q575C:S580P:G586E,-12.48338794708252
D561Q:R566A:Q575C:S580V:N587E,-11.448841094970703
D561Q:R566A:Q575C:V579A,-10.062874794006348
D561Q:R566A:Q575G:V579A:G586E,-13.138593673706055
D561Q:R566A:Q575H:R585D:G586A:R588D,-9.890098571777344
D561Q:R566A:Q575V:V579A:T581E,-9.561607360839844
D561Q:R566A:R585H:R588N,-4.564030170440674
D561Q:R566A:R585S,-4.963635444641113
D561Q:R566A:S580A:R585D:N587P:R588P,-4.144915580749512
D561Q:R566A:T567A:V579A:N582V:R585H,-11.12037181854248
D561Q:R566A:T567Q:A572S:Q575V,-16.13660430908203
D561Q:R566A:T567Q:A572S:T581E:N587G,-14.469718933105469
D561Q:R566A:T567Q:A572S:V579A:N582V:N587G,-18.65660858154297
D561Q:R566A:T567Q:V579A:N582V,-14.600384712219238
D561Q:R566A:T567Q:V579A:R585H,-15.03567123413086
D561Q:R566A:T567Q:V579A:R585H:G586E,-17.98919677734375
D561Q:R566A:T567Q:V579A:T581D:N582V,-15.419296264648438
D561Q:R566A:T581E:N582C:G586E:R588N,-7.509286403656006
D561Q:R566A:T581M:N582A:R585Q:R588D,-7.831638813018799
D561Q:R566A:T581Q:N587E:R588N,-6.915313720703125
D561Q:R566A:V571C:V579L,-11.610024452209473
D561Q:R566A:V579A:N587M,-9.541705131530762
D561Q:R566A:V579A:R585H:R588N,-7.151179790496826
D561Q:R566G:Q575I:R585N,-8.669556617736816
D561Q:R566G:R585N,-6.05720329284668
D561Q:R566G:T567Q:V579A,-14.65263843536377
D561Q:R566G:V579A:T581E,-7.213741302490234
D561Q:R566H:Q575P:T581E,-10.032240867614746
D561Q:R566M:T567A:V579A,-11.692564010620117
D561Q:R566N,-6.426760673522949
D561Q:R566N:T567Q:V579A:T581E:N582V:R585H:N587G,-16.769567489624023
D561Q:R566S,-5.372414588928223
D561Q:R566S:T567Q:V579A:T581D:N587G,-17.137603759765625
D561Q:R566S:T581N:N582T,-9.821535110473633
D561Q:R566S:V579A,-7.959563732147217
D561Q:R566S:V579A:S580D:N582A:R585A,-11.722610473632812
D561Q:R585H,-4.067418098449707
D561Q:R585H:N587E,-4.695460796356201
D561Q:R585H:R588Q,-1.9219934940338135
D561Q:R585I,-2.633702516555786
D561Q:R585N,-3.463003635406494
D561Q:R585N:N587E,-4.091046333312988
D561Q:R585Q,-2.38743257522583
D561Q:R585T,-2.729541063308716
D561Q:R588A,0.4710073471069336
D561Q:R588M,0.7115914821624756
D561Q:S580A,-6.074007034301758
D561Q:S580A:N582V,-6.2610015869140625
D561Q:S580A:R588M,-1.9172775745391846
D561Q:S580P:N582V:N587E,-6.3143110275268555
D561Q:S580Q,-7.606910705566406
D561Q:T567A:A572C:Q575V,-11.795648574829102
D561Q:T567A:N587M,-6.523462772369385
D561Q:T567A:Q575M:N582D:R585S:N587D,-10.47708511352539
D561Q:T567A:Q575M:N582D:R585S:N587D:R588D,-8.61799144744873
D561Q:T567A:Q575V:R585H,-8.578391075134277
D561Q:T567A:R585H,-5.991276264190674
D561Q:T567A:V579A:N582V:R585H:N587M,-9.919886589050293
D561Q:T567A:V579A:N587M,-9.110611915588379
D561Q:T567A:V579A:R585H:N587M,-9.732892990112305
D561Q:T567A:V579A:T581D,-8.775056838989258
D561Q:T567C:A572S:R585I:N587E,-6.736109733581543
D561Q:T567G:A572C,-11.176616668701172
D561Q:T567G:Q575V:N582E,-9.061453819274902
D561Q:T567N,-8.602596282958984
D561Q:T567Q,-9.47128963470459
D561Q:T567Q:A572S:N587G,-13.52751350402832
D561Q:T567Q:A572S:Q575M:N582V:N587G,-16.456735610961914
D561Q:T567Q:A572S:Q575V:T581E,-12.368907928466797
D561Q:T567Q:N587M,-10.62575626373291
D561Q:T567Q:Q575G:S580P:N582V:G586E,-16.463777542114258
D561Q:T567Q:Q575G:V579A:S580P:R585H,-16.532686233520508
D561Q:T567Q:T581E:N582V,-8.245538711547852
D561Q:T567Q:V571I:T581S:N587M,-17.056583404541016
D561Q:T567Q:V579A,-12.058439254760742
D561Q:T567Q:V579A:N582V:R585H,-12.867713928222656
D561Q:T567Q:V579A:N587G,-14.391414642333984
D561Q:T567Q:V579A:T581E,-10.6456937789917
D561Q:T567Q:V579A:T581E:N582V:N587M,-11.987154960632324
D561Q:T567Q:V579A:T581E:N582V:R585H:N587G,-13.787943840026855
D561Q:T567S:A572S,-7.010376453399658
D561Q:T581A:R585Q:R588H,-3.4182188510894775
D561Q:T581D,-4.264049530029297
D561Q:T581D:N587E,-4.892091751098633
D561Q:T581E,-2.0323922634124756
D561Q:T581E:N582V:R585G:R588N,1.139173984527588
D561Q:T581E:N582V:R588N,-0.36104750633239746
D561Q:T581N,-6.108628273010254
D561Q:V571A:A572C:N582D:G586E,-14.518972396850586
D561Q:V579A,-6.032287120819092
D561Q:V579A:N582C:R588N,-6.200705051422119
D561Q:V579A:N582V,-6.2192816734313965
D561Q:V579A:N582V:N587G,-8.552257537841797
D561Q:V579A:N587E,-6.660329818725586
D561Q:V579A:N587G,-8.365262985229492
D561Q:V579A:T581D,-6.851199150085449
D561Q:V579A:T581E,-4.619541645050049
D561Q:V579A:T581E:N582V:R585H:N587G,-7.761792182922363
D561Q:V579I:G586H,-11.623873710632324
D561Q:V579Q:T581D:R588E,-5.753246307373047
D561R:A572H,-12.58205795288086
D561R:A572S,-6.6609601974487305
D561R:E562D:T581D,-9.104421615600586
D561R:E563A:N582D:G586Q:N587E,-14.259891510009766
D561R:E563C,-8.146275520324707
D561R:E563D:V571C,-10.80270767211914
D561R:E563P:T567P:Q575V:N582P,-20.27920150756836
D561R:E563T,-7.92847204208374
D561R:E564S:G586H,-15.607610702514648
D561R:E564S:T568I:R585W,-19.692211151123047
D561R:E564T:N569H:V571P:R588G,-22.056686401367188
D561R:G586Q,-9.446953773498535
D561R:G586R,-12.765978813171387
D561R:N582P:R588T,-2.532052755355835
D561R:N587R,-12.339242935180664
D561R:P570I,-10.095817565917969
D561R:P570W,-14.861015319824219
D561R:Q575C,-6.613348007202148
D561R:Q575C:N582D,-8.413400650024414
D561R:Q575F,-7.131763458251953
D561R:Q575M:R588Q,-5.534515380859375
D561R:R566A:Q575W,-11.251665115356445
D561R:R566A:T567Q:S580P:T581E:N582C,-15.986963272094727
D561R:R566D,-9.996294021606445
D561R:R566D:T567L:S580E:N587P,-19.418807983398438
D561R:R566G:T568I:A572Q:G586Q,-26.638105392456055
D561R:R566S:T567C:Q575C:R585H:N587Q,-13.98936653137207
D561R:R588A,-1.02156662940979
D561R:S580A,-7.566580772399902
D561R:S580D:N587I:R588P,-4.5786333084106445
D561R:S580D:R588P,-4.829242706298828
D561R:S580E,-8.306812286376953
D561R:S580G:R585Q,-6.939949035644531
D561R:T567W,-13.468425750732422
D561R:T568N:R585G:G586Q,-15.9443941116333
D561R:T581E:N587P,-3.4989547729492188
D561R:T581E:R585S,-2.6885128021240234
D561R:T581G,-8.031352996826172
D561R:V571C,-7.669430732727051
D561R:V571T:T581D:R588Q,-4.66976261138916
D561R:V579M:T581Q:R588P,-7.2068328857421875
D561R:V579Q:T581E,-7.414604187011719
D561S:A572C,-6.088624000549316
D561S:A572E,-9.714000701904297
D561S:A572S:Q575V:N587D:R588T,-4.369269371032715
D561S:E562A,-7.490390777587891
D561S:E562D:E563Q:R566S:N582E,-10.257976531982422
D561S:E562D:Q575M,-8.339113235473633
D561S:E562D:R585S,-4.76043176651001
D561S:E562D:S580A:N587E,-8.853796005249023
D561S:E562D:V579Y,-9.964458465576172
D561S:E562K:R585K,-10.734986305236816
D561S:E562L:S580E:T581E,-10.262676239013672
D561S:E563D,-5.382363319396973
D561S:E563D:N587E:R588I,0.054906368255615234
D561S:E563D:R566A:A572S:R585Q,-8.402857780456543
D561S:E563D:R585T,-4.666767120361328
D561S:E563D:T581E,-3.969618082046509
D561S:E563N,-5.393880367279053
D561S:E563N:R566A,-7.748831748962402
D561S:E563N:R566A:G586P,-9.245874404907227
D561S:E563Q:T567A:R585N:R588M,-3.6306376457214355
D561S:E563S,-4.896422863006592
D561S:E563S:Q575M,-7.638650894165039
D561S:E563S:Q575V:R585G,-5.983316421508789
D561S:E564C,-7.947220325469971
D561S:E564C:R588D,-6.0881266593933105
D561S:E564C:S580E:N582G:R585N,-13.944019317626953
D561S:E564L,-7.590086460113525
D561S:E564P,-8.397146224975586
D561S:N582E,-1.3863462209701538
D561S:N582G:R585S,-4.02246618270874
D561S:N582V,-2.4360814094543457
D561S:N582V:G586E:N587D,-6.791868686676025
D561S:N587D,-3.6513490676879883
D561S:N587D:R588M,0.5053801536560059
D561S:N587E,-2.877129077911377
D561S:N587R,-9.650617599487305
D561S:Q575C,-3.9247233867645264
D561S:Q575C:R585N:R588W,-1.9531021118164062
D561S:Q575C:R588N,-2.0663840770721436
D561S:Q575E:R585I:N587A:R588E,-4.786948204040527
D561S:Q575G,-4.046916961669922
D561S:Q575I,-4.861440658569336
D561S:Q575I:R588G,-2.344761610031128
D561S:Q575M,-4.991314888000488
D561S:Q575M:N582D,-6.791367530822754
D561S:Q575M:R585Q,-3.933609962463379
D561S:Q575N:R585H,-6.134799480438232
D561S:Q575P:G586P:N587G:R588H,-8.790245056152344
D561S:Q575P:R585A:G586N:R588G,-7.324062347412109
D561S:Q575T,-4.80931282043457
D561S:Q575V:N582E:R585I,-3.1620259284973145
D561S:Q575V:V579Y:T581E,-7.791029930114746
D561S:R566A,-4.604038238525391
D561S:R566A:T567A:V571T,-7.586460113525391
D561S:R566A:T567C:Q575G:S580A:G586Q:N587D:R588A,-12.777214050292969
D561S:R566A:T567C:Q575G:S580A:R585D:G586A:N587D:R588N,-12.829536437988281
D561S:R566A:T567C:Q575P:G586Q:N587D,-16.444387435913086
D561S:R566A:V571T,-5.662602424621582
D561S:R566A:V571T:R585H:N587D,-7.687145233154297
D561S:R566I:T581E,-4.039408206939697
D561S:R566M:Q575C:S580A:T581A:N582A,-14.145256996154785
D561S:R566M:R585F:R588P,-2.2101292610168457
D561S:R566N:T567Q:T581E:R585Q,-8.786410331726074
D561S:R566S:R588S,-1.3977417945861816
D561S:R566S:V579G:T581D,-8.532690048217773
D561S:R585F,-2.230268955230713
D561S:R585G,-0.7488653659820557
D561S:R585I:N587D:R588G,-0.32323503494262695
D561S:R585M,-1.9081263542175293
D561S:R585Q,-1.1913816928863525
D561S:R585S,-1.4126334190368652
D561S:R585S:R588A,2.503511667251587
D561S:R588E,0.15135431289672852
D561S:R588H,-0.7824983596801758
D561S:R588Q,-0.10366201400756836
D561S:S580A:R585Q:N587M,-4.974717140197754
D561S:S580A:T581M:R585E:N587M,-8.525215148925781
D561S:S580E:R585Q,-4.560482978820801
D561S:S580H,-7.165095329284668
D561S:S580N:T581E:R585Q,-4.002758026123047
D561S:S580V:T581S:N587G:R588N,-8.895647048950195
D561S:T567A,-4.172945022583008
D561S:T567A:A572C:R585Q,-6.954777240753174
D561S:T567A:Q575C:N582D,-7.64863395690918
D561S:T567A:R588M,-0.01621568202972412
D561S:T567A:R588Q,-2.027520179748535
D561S:T567A:T581A,-6.670319557189941
D561S:T567A:T581D:R588Q,-2.8464317321777344
D561S:T567A:T581E:R585I:R588Q,0.19666051864624023
D561S:T567A:V571T:T581E:R585N,-3.8366291522979736
D561S:T567C,-4.000203609466553
D561S:T567C:N582D,-5.80025577545166
D561S:T567C:N587D,-5.4024658203125
D561S:T567C:S580A:R585A:R588H,-3.919570207595825
D561S:T567C:V571T:N582D:R585Q:R588H,-4.334526062011719
D561S:T567C:V579Y:R585G:R588W,-4.878068923950195
D561S:T567G,-6.141027927398682
D561S:T567G:P570C:V571C:V579M:G586P,-18.536808013916016
D561S:T567P,-9.013306617736816
D561S:T567P:A572C,-12.85284423828125
D561S:T567P:A572S:G586L,-13.953889846801758
D561S:T567P:N582G,-11.623139381408691
D561S:T567P:S580A,-11.642175674438477
D561S:T567P:V571F:N587D:R588A,-11.845312118530273
D561S:T567R:V571I:Q575T:N587D,-17.830581665039062
D561S:T567S:V571D:Q575A:S580E:R585I,-14.252357482910156
D561S:T567S:V571F:R585W:R588H,-9.440303802490234
D561S:T581A:R585I,-3.935026168823242
D561S:T581A:R585I:N587P,-3.9090147018432617
D561S:T581D:R585Q,-2.010293483734131
D561S:T581E,-0.836341381072998
D561S:T581E:R585F,-0.8175234794616699
D561S:T581E:R585F:R588A,3.0986216068267822
D561S:T581E:R585Q,0.22136378288269043
D561S:T581E:R585T,-0.12074470520019531
D561S:T581E:R588Q,1.3090834617614746
D561S:V571A:Q575T:R585S,-6.453580856323242
D561S:V571E:Q575T:N587P:R588I,-4.119915962219238
D561S:V571E:Q575T:R585G:N587P:R588I,-2.619694232940674
D561S:V571E:Q575T:R588I,-4.145927429199219
D561S:V571E:R588I,-1.5857009887695312
D561S:V571E:T581A:R585Q,-9.090682029724121
D561S:V571F,-7.59497594833374
D561S:V571F:Q575N,-10.858407974243164
D561S:V571F:T581E:N582G:G586E:N587E,-12.37363052368164
D561S:V571T,-3.3076508045196533
D561S:V571T:R585Q,-2.249945640563965
D561S:V571T:S580E:R588G,-4.160073280334473
D561S:V579A:R585E,-3.738551616668701
D561S:V579M:N582D:N587D:R588S,-6.352938652038574
D561S:V579W:S580W:T581E,-12.139793395996094
D561S:V579Y:S580D:R585G:R588A,-4.848383903503418
D561T:E562D:V571C:V579N,-13.146575927734375
D561T:E562K,-8.641420364379883
D561T:E563F,-7.478630065917969
D561T:E563L,-6.879876136779785
D561T:E563L:R585E:N587G:R588I,-2.0498549938201904
D561T:E563Q:R566A:Q575C:V579T:R585H:R588D,-11.990182876586914
D561T:E563Q:V579T,-9.196407318115234
D561T:E563S,-5.485653877258301
D561T:E564K:P570I:R588T,-9.854463577270508
D561T:E564L,-8.179317474365234
D561T:G586T,-6.651713848114014
D561T:I565S,-10.344547271728516
D561T:N569H,-10.900298118591309
D561T:N569I,-10.918327331542969
D561T:N582E:N587I,-1.724967360496521
D561T:N582H,-5.641566276550293
D561T:Q575A:R585E:N587S:R588Q,-4.173802375793457
D561T:Q575N,-6.101749897003174
D561T:R566A:Q575I:T581D,-8.624534606933594
D561T:R566G,-5.4325175285339355
D561T:R566S:Q575K,-11.110116958618164
D561T:R585D,-2.3368453979492188
D561T:R585S,-2.001864433288574
D561T:T567W,-11.36903190612793
D561T:T568P,-12.839659690856934
D561T:T581D:N582H:R585S:R588Q,-3.4785995483398438
D561T:T581E,-1.425572395324707
D561T:V571T,-3.8968818187713623
D561T:V579K,-10.699533462524414
D561W:A572E,-13.735824584960938
D561W:A572H,-13.915258407592773
D561W:E562H:S580K:G586D,-23.685823440551758
D561W:E562I,-12.275975227355957
D561W:E562M:S580I:T581G,-19.441604614257812
D561W:E563C:Q575W:G577H:V579W:N582P,-26.638092041015625
D561W:E563D,-9.40418815612793
D561W:E563P,-11.0742826461792
D561W:E564C,-11.96904468536377
D561W:E564K,-11.721394538879395
D561W:E564K:N569F:A572H:S580I,-32.338661193847656
D561W:G586I,-9.285036087036133
D561W:G586L,-9.48824691772461
D561W:N582K,-12.251302719116211
D561W:N587S,-8.747689247131348
D561W:P570K,-15.607834815979004
D561W:P570R,-15.884618759155273
D561W:R566N,-9.252533912658691
D561W:R585I,-5.459475994110107
D561W:R585W,-7.740837574005127
D561W:S580F,-10.697257041931152
D561W:S580W,-12.186691284179688
D561W:T567F,-12.763849258422852
D561W:T567V,-10.507776260375977
D561W:T568S,-11.046689987182617
D561W:T581E,-4.858165740966797
D561W:T581G,-9.364553451538086
E562A:E563T,-8.232064247131348
E562A:E563W,-11.08372688293457
E562A:E564I:R585P:R588N,-9.214864730834961
E562A:E564T:R566N:N569H:A572C,-25.27275848388672
E562A:G577Q,-11.166778564453125
E562A:G586L,-8.458639144897461
E562A:N569A,-12.194518089294434
E562A:N569C:N587Q,-15.043264389038086
E562A:N582A,-6.599175453186035
E562A:N587H,-9.045284271240234
E562A:P570E:N582Q,-12.639518737792969
E562A:R566G,-7.835503578186035
E562A:R566K,-7.939275741577148
E562A:R566M,-8.977723121643066
E562A:R588D,-3.3822102546691895
E562A:R588Q,-3.095879077911377
E562A:R588T,-1.6488606929779053
E562A:S580D:T581A:R588G,-8.870089530944824
E562A:S580H,-10.157312393188477
E562A:V571D,-10.74310302734375
E562A:V579W:R588D,-8.769882202148438
E562A:V579Y,-9.608877182006836
E562C:A572S,-7.91468620300293
E562C:E563L,-10.232995986938477
E562C:E563N,-9.336231231689453
E562C:E563T:V571C:A572S:T581E,-12.224420547485352
E562C:E564C,-11.889571189880371
E562C:E564F,-12.508987426757812
E562C:G577D,-11.670024871826172
E562C:G586D,-9.793561935424805
E562C:G586L:R588A,-5.49262809753418
E562C:G586P,-7.688480854034424
E562C:N582G:G586Q:R588S,-10.531890869140625
E562C:N587A,-7.681087493896484
E562C:P570Q:R585W,-14.7802734375
E562C:R566M,-9.927857398986816
E562C:R585H:N587E,-7.441760540008545
E562C:R585N,-6.209303855895996
E562C:S580R,-13.868305206298828
E562C:T567D,-13.309192657470703
E562C:T568E,-15.920177459716797
E562C:T568H,-16.54876708984375
E562C:T581K,-12.492182731628418
E562C:V571A:N587P:R588P,-4.889587879180908
E562C:V571D:Q575I:G577S,-18.926349639892578
E562C:V571E,-11.593363761901855
E562C:V571S,-7.96848201751709
E562D:A572C:S580A,-9.816205024719238
E562D:A572K:V579P:S580T:R588T,-16.855955123901367
E562D:A572S:Q575C:R585T,-6.0310869216918945
E562D:A572S:Q575T,-7.63127326965332
E562D:A572S:S580C:R585G,-7.081987380981445
E562D:E563A:Q575I:N587G,-10.677969932556152
E562D:E563C:V579I,-9.615436553955078
E562D:E563D:R566S:A572S:S580C:R588A,-9.726616859436035
E562D:E563D:T567C:A572S:N582G,-12.56527328491211
E562D:E563L:T567G:T581D:N582V,-12.287203788757324
E562D:E563N,-6.492591857910156
E562D:E563N:A572S,-8.215840339660645
E562D:E563N:Q575V:T581E:N582E:N587E,-7.432263374328613
E562D:E563N:R585H:N587E:R588M,-3.5861854553222656
E562D:E563Q,-6.944354057312012
E562D:E563Q:G586P,-8.441397666931152
E562D:E563Q:G586P:R588A,-4.525251865386963
E562D:E563Q:Q575W:S580A:T581M,-17.12270164489746
E562D:E563Q:R566A:G586Q:N587D:R588M,-11.054080963134766
E562D:E563Q:T567A:Q575I:T581M,-15.071043014526367
E562D:E563Q:T567C,-8.695470809936523
E562D:E563Q:T567C:Q575I:T581N,-13.971315383911133
E562D:E563Q:V571I:Q575P,-14.726058959960938
E562D:E563S:P570C:Q575A:S580G,-15.643753051757812
E562D:E563S:Q575V:T581M:N582Q:R585Q,-10.520377159118652
E562D:E563S:S580A:R585G:R588A,-3.207636833190918
E562D:E563S:T581N,-8.658624649047852
E562D:E563S:V571I:A572S:V579T,-14.083892822265625
E562D:E563T:R566M,-10.07497787475586
E562D:E563T:T567P:V571T,-14.16134262084961
E562D:E564N:G577I:S580V:T581K:N582Q:N587G,-26.943387985229492
E562D:E564N:R566A,-11.543710708618164
E562D:G577I:S580V:T581K:N582Q:N587G,-21.102426528930664
E562D:G586D,-6.949923038482666
E562D:G586L,-6.565133571624756
E562D:G586L:N587Q,-9.64047622680664
E562D:G586P,-4.844841480255127
E562D:N569M,-11.928977012634277
E562D:N569P,-13.989195823669434
E562D:N582D,-5.147850513458252
E562D:N582D:R585N:R588M,-1.0089869499206543
E562D:N587G,-5.680773735046387
E562D:N587Q,-6.4231414794921875
E562D:N587S,-5.824576377868652
E562D:P570S:N587E,-8.318490982055664
E562D:Q575C:R585Q,-3.9657297134399414
E562D:Q575C:S580D:N582A,-10.029396057128906
E562D:Q575C:T581A:N582G,-10.13064193725586
E562D:Q575I,-5.960151672363281
E562D:Q575I:T581S,-8.787003517150879
E562D:Q575T,-5.908024787902832
E562D:Q575T:T581M,-9.498501777648926
E562D:Q575V,-5.934913635253906
E562D:Q575W:S580D:R588A,-7.038745403289795
E562D:R566A:Q575M:R588S,-5.666356086730957
E562D:R566A:R585G,-4.20252799987793
E562D:R566A:R585H,-6.325030326843262
E562D:R566A:R588S,-2.9241280555725098
E562D:R566G:V571A:T581E,-7.009973526000977
E562D:R566H:V571C:Q575F,-12.09568977355957
E562D:R566M,-7.0842180252075195
E562D:R566M:A572S:Q575T,-11.367692947387695
E562D:R566M:R588T,-3.491774559020996
E562D:R566M:T567D:R588T,-10.609529495239258
E562D:R566M:T567D:V579A:N582A:R588T,-14.554550170898438
E562D:R566M:T567D:V579A:R588T,-13.19667911529541
E562D:R566S:A572C,-9.114612579345703
E562D:R566S:Q575C:R588I,-0.8853998184204102
E562D:R585A,-2.104884386062622
E562D:R585G,-1.8475768566131592
E562D:R585H,-3.970078945159912
E562D:R585H:R588D,-2.110985279083252
E562D:R588H,-1.8812098503112793
E562D:R588Q,-1.2023735046386719
E562D:S580A,-5.976667404174805
E562D:S580A:R585S:N587D,-6.542476177215576
E562D:S580G:N587P,-6.3817291259765625
E562D:S580R,-11.024665832519531
E562D:S580V:N582Q:N587G,-8.431201934814453
E562D:S580V:N587G,-9.025846481323242
E562D:S580V:T581K:N582Q:N587G,-14.73194694519043
E562D:T567A,-5.271656513214111
E562D:T567A:R588M,-1.1149271726608276
E562D:T567A:V571C:G586L,-11.220710754394531
E562D:T567A:V571C:S580G:T581S:R588S,-11.111547470092773
E562D:T567C:P570A:T581A:R588D,-9.5399751663208
E562D:T567C:Q575I,-7.711268424987793
E562D:T567C:T581M,-8.68939208984375
E562D:T567G:N587P,-7.213727951049805
E562D:T567L,-9.427221298217773
E562D:T567P:V579M,-13.792177200317383
E562D:T567Q:Q575M:T581E:R585A,-9.460518836975098
E562D:T567Q:R588Q,-7.228525161743164
E562D:T567S:R588S,-2.4111671447753906
E562D:T567S:S580G:R588Q,-6.104306221008301
E562D:T568R:V571T:G586R,-23.286449432373047
E562D:T581A,-5.845172882080078
E562D:T581D,-4.166709899902344
E562D:T581D:N582C,-6.193467140197754
E562D:T581D:N582C:N587I,-5.942857265472412
E562D:T581M,-6.938275337219238
E562D:T581N,-6.011289119720459
E562D:T581S,-6.174649715423584
E562D:V571I:Q575H:R585I,-9.585685729980469
E562D:V571I:Q575M,-9.69400405883789
E562D:V571T:Q575V:N582D:R588D,-6.934435844421387
E562D:V579A:N587P,-5.908936500549316
E562D:V579A:R585Q,-4.877242565155029
E562D:V579C:R585N:R588A,-2.40427303314209
E562D:V579C:T581D:N587M,-8.275930404663086
E562D:V579I:S580G,-9.466814994812012
E562D:V579N,-7.576539039611816
E562D:V579T:G586L,-9.326667785644531
E562F:A572F,-14.300443649291992
E562F:E563A,-9.282361030578613
E562F:E563K:N569W,-21.885080337524414
E562F:E563N,-10.042311668395996
E562F:E563R,-11.42470932006836
E562F:E564A:N569R:V571I:N582G,-27.638595581054688
E562F:E564R,-13.405126571655273
E562F:E564W,-14.578983306884766
E562F:G586S,-10.477995872497559
E562F:N569M,-15.478696823120117
E562F:N569W,-17.98147964477539
E562F:N582R,-13.36931037902832
E562F:N587A,-8.387167930603027
E562F:N587H,-10.701498985290527
E562F:P570A,-10.700297355651855
E562F:P570R,-16.511226654052734
E562F:R585H,-7.519798755645752
E562F:R585K,-9.580314636230469
E562F:R585Q,-5.839813232421875
E562F:S580G,-9.957460403442383
E562F:S580N,-11.1216402053833
E562F:T567G,-10.789459228515625
E562F:T567M,-12.62402057647705
E562F:T568G,-15.432794570922852
E562F:T568I,-14.631854057312012
E562F:T568K:R585N,-17.528791427612305
E562F:T581H,-10.709393501281738
E562F:V571H,-12.50258731842041
E562G:E563N:S580R,-16.329845428466797
E562G:I565A:S580M:T581A:N582M,-19.599124908447266
E562G:N569Q,-13.419622421264648
E562G:N582G,-8.11801528930664
E562G:N582W,-9.061275482177734
E562G:N587K,-12.67575454711914
E562G:R585P,-6.1629228591918945
E562G:R585Q,-4.450477600097656
E562G:R588D,-3.6490893363952637
E562G:R588G,-2.991504192352295
E562G:S580D,-9.156272888183594
E562G:S580E,-8.877284049987793
E562G:S580F,-9.934528350830078
E562G:S580N,-9.732305526733398
E562G:T567N:P570W:V571F:N587H,-29.738815307617188
E562G:T567W,-14.038896560668945
E562G:T568M,-14.149385452270508
E562G:T581P,-7.913997650146484
E562G:V571T,-6.566746711730957
E562H:E563A,-8.804666519165039
E562H:E563D,-9.553099632263184
E562H:E563T:R585A:G586E:R588E,-8.72075366973877
E562H:E564F:R588H,-11.270784378051758
E562H:E564N:V571H:Q575V:S580W:R585P,-27.023488998413086
E562H:E564Q:R585P,-11.903501510620117
E562H:E564T,-11.568136215209961
E562H:G577I:T581S,-15.617155075073242
E562H:G586K,-14.384275436401367
E562H:G586N,-11.076663970947266
E562H:G586R,-14.248090744018555
E562H:N582G,-9.029655456542969
E562H:N582G:R585P,-9.684395790100098
E562H:P570K,-15.756746292114258
E562H:Q575C,-8.095459938049316
E562H:Q575T,-8.980049133300781
E562H:R566A,-8.774774551391602
E562H:R585P:G586L,-10.291898727416992
E562H:R588A,-2.5036780834198
E562H:R588P,-2.663264274597168
E562H:S580F,-10.846168518066406
E562H:S580W,-12.335603713989258
E562H:T567E,-13.254646301269531
E562H:V571D:S580W:N582G:R588P,-16.690677642822266
E562H:V571G,-10.040205001831055
E562H:V579L,-9.498039245605469
E562H:V579M,-10.099982261657715
E562I:A572L,-12.458215713500977
E562I:E563I,-10.261678695678711
E562I:E563L,-10.046622276306152
E562I:E563Q,-9.601619720458984
E562I:G577Q:R588G,-9.413859367370605
E562I:I565S,-13.511293411254883
E562I:N582R,-12.476856231689453
E562I:N587Q,-9.08040714263916
E562I:P570A:V571T:V579T,-13.627941131591797
E562I:P570E,-13.997922897338867
E562I:P570N,-12.823759078979492
E562I:Q575F,-8.199115753173828
E562I:Q575P,-10.182792663574219
E562I:R585G,-4.504842758178711
E562I:R585H,-6.627344608306885
E562I:R585P,-6.659803867340088
E562I:R585P:N587I,-6.409193992614746
E562I:R585S,-5.168610572814941
E562I:R588G,-3.4883852005004883
E562I:R588S,-3.226442337036133
E562I:S580P,-8.059200286865234
E562I:S580T,-9.401321411132812
E562I:T567G,-9.897005081176758
E562I:T568E,-15.733803749084473
E562I:V579M,-9.685222625732422
E562K:A572H,-13.44744873046875
E562K:A572I,-12.032748222351074
E562K:N569F,-15.3067626953125
E562K:N582D,-7.60315465927124
E562K:N582E,-4.940361976623535
E562K:N582H,-8.606350898742676
E562K:N582S,-8.213183403015137
E562K:N582W,-9.356195449829102
E562K:P570E,-13.795961380004883
E562K:P570E:A572K:N582Q,-21.930532455444336
E562K:P570I,-10.96120834350586
E562K:Q575D,-10.255160331726074
E562K:Q575E,-10.063190460205078
E562K:R566N:V571S,-10.561769485473633
E562K:R585G:G586A,-7.308113098144531
E562K:R585H,-6.4253830909729
E562K:T567R,-13.818131446838379
E562K:T567S,-7.645092964172363
E562K:T568Q:N582F:R588N,-14.547306060791016
E562K:T581G:G586L,-12.114078521728516
E562K:T581M,-9.393579483032227
E562K:T581R,-12.6359224319458
E562K:V571G,-9.423483848571777
E562L:A572E,-13.522146224975586
E562L:A572P:R585H,-13.511056900024414
E562L:A572R,-15.135674476623535
E562L:E563N,-9.2020263671875
E562L:E564C:S580E,-15.124467849731445
E562L:E564D:N569C:A572S:N582T:R585W,-23.143028259277344
E562L:E564G:R585W:R588D,-11.88160514831543
E562L:G577D,-11.535820007324219
E562L:P570N,-12.87592887878418
E562L:Q575C:N582M,-8.520681381225586
E562L:Q575I:G577P,-15.01806926727295
E562L:Q575N,-9.32066535949707
E562L:R566D,-11.115815162658691
E562L:R566I,-9.260299682617188
E562L:R585N,-6.075098991394043
E562L:R588G,-3.5405540466308594
E562L:R588P,-2.3006739616394043
E562L:S580E:T581A,-11.923707962036133
E562L:S580F:N582D,-12.28363037109375
E562L:S580G:N587E,-9.745217323303223
E562L:S580V,-9.402305603027344
E562L:T567A:V571F,-13.326979637145996
E562L:T568E,-15.785972595214844
E562L:T581H,-9.869108200073242
E562L:V571A,-8.53795337677002
E562L:V571F:V579W:N582P:R588P,-14.22101879119873
E562L:V571N,-10.034518241882324
E562L:V571T:T581E,-5.703051567077637
E562L:V579L,-9.135449409484863
E562L:V579P,-11.032360076904297
E562M:A572F,-14.010717391967773
E562M:E564C,-12.305925369262695
E562M:E564F:N569T:P570M:V571D:V579G,-35.06385040283203
E562M:P570R,-16.221498489379883
E562M:R566I,-9.810857772827148
E562M:R585K:R588E,-6.8901472091674805
E562M:T568D,-16.054275512695312
E562M:T568K,-17.22119903564453
E562M:T581I,-9.515201568603516
E562M:V571D:R585N:G586E:R588T,-11.488537788391113
E562M:V571K,-13.445785522460938
E562M:V579S,-9.419397354125977
E562M:V579S:R588N,-7.561058044433594
E562M:V579T,-9.369325637817383
E562N:E563D,-8.148284912109375
E562N:E563D:R566P:Q575F:G586P,-17.795509338378906
E562N:E563L,-9.05656623840332
E562N:E564V,-9.86929702758789
E562N:G577A,-9.868675231933594
E562N:G577Q,-10.940483093261719
E562N:G586K,-12.979461669921875
E562N:G586Q,-9.524250030517578
E562N:N587E,-5.643050670623779
E562N:P570I,-10.173114776611328
E562N:P570T,-9.254121780395508
E562N:Q575C,-6.690645217895508
E562N:R566P,-10.971138000488281
E562N:R566P:G586P,-12.468180656433105
E562N:R566P:Q575F:G586P,-14.662233352661133
E562N:R585F,-4.996190547943115
E562N:R585P,-5.669748306274414
E562N:R588P,-1.2584495544433594
E562N:S580W,-10.93078899383545
E562N:T567I,-10.417391777038574
E562N:T567K:P570T,-16.887767791748047
E562N:T567Q,-11.041160583496094
E562N:T567W,-13.545722961425781
E562N:T568H,-15.372337341308594
E562N:T568K,-15.628416061401367
E562N:V571F,-10.360897064208984
E562N:V571I,-8.618985176086426
E562N:V571N,-8.992293357849121
E562P:E563H:Q575M,-13.832810401916504
E562P:E563L:G577L:R585F:G586N:N587A,-23.37867546081543
E562P:E564C:V571H,-18.16896629333496
E562P:E564C:V579W:S580E,-21.320669174194336
E562P:E564C:V579W:S580E:N587E,-21.948711395263672
E562P:E564H:R585P:N587H,-17.41226577758789
E562P:E564S:T581E:R585N:N587E,-11.649163246154785
E562P:E564V:Q575C:N582P,-14.582472801208496
E562P:E564V:T567P:Q575V:N587E,-21.69942855834961
E562P:E564W,-14.547228813171387
E562P:N569G,-14.535236358642578
E562P:N582C,-8.892520904541016
E562P:N582D,-8.665815353393555
E562P:N582G,-9.475595474243164
E562P:N582P,-8.052547454833984
E562P:N582P:N587E,-8.68058967590332
E562P:N582T,-8.65139389038086
E562P:P570G,-12.5487699508667
E562P:P570W,-16.789066314697266
E562P:Q575C,-8.541399955749512
E562P:Q575C:R585D,-8.03992748260498
E562P:R566D:G577L:R585N:N587E,-18.9139347076416
E562P:R566P,-12.821891784667969
E562P:R585A,-5.622849464416504
E562P:R585D:G586E,-9.317815780639648
E562P:R585E,-5.768078804016113
E562P:R585P,-7.520503044128418
E562P:R585T,-6.1501665115356445
E562P:R588D,-5.006669521331787
E562P:R588E,-4.465322017669678
E562P:R588I,-0.8004512786865234
E562P:R588P,-3.1092042922973633
E562P:R588S,-4.087141513824463
E562P:S580E,-10.234864234924316
E562P:S580F,-11.292108535766602
E562P:S580H:N582P:R588P,-9.211997032165527
E562P:S580H:N587E,-12.40981388092041
E562P:T567P:V571F:V579W:T581E:N587E,-23.578840255737305
E562P:T567Q,-12.891914367675781
E562P:T567S,-8.70775318145752
E562P:T568E,-16.59450340270996
E562P:T568M,-15.506965637207031
E562P:T568P,-16.86710548400879
E562P:T581R,-13.698583602905273
E562P:V571D,-12.367562294006348
E562P:V571D:N582P:R585E,-12.45666217803955
E562P:V571D:Q575C:N582P,-15.22998332977295
E562P:V571D:R585P:N587E,-13.650344848632812
E562P:V571D:R588P,-8.611003875732422
E562P:V571D:S580E:T581H:N582P:R585P,-21.39006233215332
E562P:V571D:T581H,-16.1794376373291
E562P:V571D:T581H:N582P:R585P:N587E,-18.649003982543945
E562P:V571D:V579W:N582P,-18.942018508911133
E562P:V571D:V579W:S580E:N582P,-22.311119079589844
E562P:V571D:V579W:S580E:R585P,-21.779075622558594
E562P:V571F:Q575M:N587I,-14.70327091217041
E562P:V571G:S580F:R585F:G586P:R588N,-14.532376289367676
E562P:V571N,-10.843048095703125
E562P:V571P,-13.29112434387207
E562P:V579F,-10.546650886535645
E562P:V579N,-11.094503402709961
E562P:V579W:N587E,-12.881477355957031
E562P:V579W:N587E:R588P,-9.124917984008789
E562P:V579W:T581H:R585P:N587E,-17.348093032836914
E562Q:A572Q,-12.486043930053711
E562Q:E564D,-11.003799438476562
E562Q:E564G,-11.836965560913086
E562Q:E564N:R566K:G577L:N582P,-21.69282341003418
E562Q:E564T:N569D:Q575A:R588M,-16.045143127441406
E562Q:N569C,-12.350044250488281
E562Q:N569D,-12.951743125915527
E562Q:N569M:P570R:V571K:Q575E:N582W,-38.46949005126953
E562Q:P570I,-10.781532287597656
E562Q:P570N,-12.442121505737305
E562Q:P570R,-15.237133979797363
E562Q:R585S,-4.786972999572754
E562Q:R588G,-3.106747627258301
E562Q:R588M,-1.4666972160339355
E562Q:R588S,-2.8448047637939453
E562Q:S580G:T581N,-11.346858978271484
E562Q:T567H,-12.524529457092285
E562Q:T567L:A572K:R585A:R588N,-17.330810546875
E562Q:T581E,-4.210680961608887
E562Q:T581Q,-7.968947887420654
E562Q:V571A,-8.104146957397461
E562Q:V579Y:N587E,-10.61904239654541
E562R:A572Q,-13.935953140258789
E562R:E563F,-11.713648796081543
E562R:E563Q,-10.669892311096191
E562R:E564F:N582I:N587K,-20.407611846923828
E562R:E564N,-12.914297103881836
E562R:E564N:T568N:R585D:G586S,-23.990962982177734
E562R:I565A,-13.681654930114746
E562R:N582V,-7.260331153869629
E562R:P570E:V571C:Q575P:N587S,-24.45241928100586
E562R:Q575T,-9.633563041687012
E562R:Q575W:S580E,-14.401439666748047
E562R:R585M,-6.7323760986328125
E562R:R588H,-5.606748104095459
E562R:S580F,-11.499682426452637
E562R:S580R,-14.750204086303711
E562R:S580V,-10.41840934753418
E562R:T567H:V571D:R588E,-17.07579803466797
E562R:T568D,-16.519821166992188
E562R:T568N,-15.070998191833496
E562R:T581M,-10.663813591003418
E562R:V571P,-13.498697280883789
E562R:V579I,-10.132411003112793
E562S:A572I,-11.296392440795898
E562S:E563N:T581E,-6.798794269561768
E562S:E563N:V571C:T581E,-9.530513763427734
E562S:E563T,-8.057506561279297
E562S:E564I,-10.243906021118164
E562S:G586I,-8.080870628356934
E562S:G586P:N587E,-7.191831588745117
E562S:N569I,-13.14675521850586
E562S:N569R,-14.587879180908203
E562S:N569T:S580W,-17.567684173583984
E562S:N582K,-11.047138214111328
E562S:R566N:P570S:V579H:N582A,-18.67483139038086
E562S:R566Q,-8.303306579589844
E562S:R588I,0.998565673828125
E562S:R588Q,-2.921321392059326
E562S:R588T,-1.4743030071258545
E562S:S580C,-8.577908515930176
E562S:S580C:R585P,-9.232647895812988
E562S:S580N,-9.290868759155273
E562S:S580W,-10.982526779174805
E562S:T567R,-13.081775665283203
E562S:V571F,-10.412635803222656
E562S:V571I,-8.670722961425781
E562S:V571R,-12.097433090209961
E562S:V579F,-8.747633934020996
E562T:A572K,-13.588672637939453
E562T:E563R,-9.386649131774902
E562T:E563T,-7.850218296051025
E562T:E564C:V579W:S580H,-20.861270904541016
E562T:E564K,-10.309941291809082
E562T:E564N,-10.700418472290039
E562T:E564Q:Q575T:S580Q:T581G:R585G:R588P,-14.2472562789917
E562T:E564Q:V571E:Q575T:S580Q:T581G:R585G:R588P,-19.64918327331543
E562T:G577D,-10.338045120239258
E562T:N569D,-12.187774658203125
E562T:N569K,-13.701683044433594
E562T:N582D,-6.659510135650635
E562T:N582H,-7.66270637512207
E562T:N587D,-6.261720180511475
E562T:P570E,-12.852315902709961
E562T:Q575K:V579W:S580H,-21.507659912109375
E562T:Q575M,-7.601686477661133
E562T:Q575T,-7.419684410095215
E562T:R566I:Q575V:G586H,-15.769301414489746
E562T:R585M,-4.518497467041016
E562T:R585P,-5.514197826385498
E562T:S580H,-9.775466918945312
E562T:S580H:R588P,-6.01890754699707
E562T:T567G,-8.751399040222168
E562T:T567Y,-11.575236320495605
E562T:T568E:G577H:S580A:R585T,-23.126628875732422
E562T:T568K,-15.472865104675293
E562T:T568P,-14.860799789428711
E562T:T568Q,-14.305387496948242
E562T:T581E,-3.4467124938964844
E562T:V579N,-9.0881986618042
E562T:V579W,-10.247129440307617
E562T:V579W:R585P:R588P,-7.145310401916504
E562V:A572R,-14.786942481994629
E562V:E563K,-9.612101554870605
E562V:G586P,-7.2055439949035645
E562V:N569H,-13.77048110961914
E562V:N582G,-8.318333625793457
E562V:N582V,-5.895495414733887
E562V:N587E:R588A,-2.420397996902466
E562V:P570Q,-12.827409744262695
E562V:P570R:S580M:N587G,-21.85262107849121
E562V:R566D,-10.767083168029785
E562V:R588N,-3.850161552429199
E562V:S580C,-9.2196626663208
E562V:S580E,-9.07760238647461
E562V:T567Y,-12.42427921295166
E562V:T581E,-4.295755386352539
E562V:T581E:R588N,-2.4374160766601562
E562V:V571K,-12.546494483947754
E562W:A572S,-10.13786792755127
E562W:E563P:V571Q:V579T:S580I:R585H,-24.550962448120117
E562W:N569K:N582G,-19.866676330566406
E562W:N569Q,-16.326059341430664
E562W:N569S,-14.302915573120117
E562W:Q575P,-12.592348098754883
E562W:Q575V,-11.001734733581543
E562W:R566A,-10.769571304321289
E562W:R566K:A572N:N582Q,-15.822446823120117
E562W:R585A,-7.17170524597168
E562W:R585N,-8.432485580444336
E562W:R588Q,-6.269194602966309
E562W:S580C,-11.92578125
E562W:T567H,-15.315722465515137
E562W:V571E:Q575V,-16.40365982055664
E562W:V571E:Q575V:N582I,-16.25281524658203
E562W:V571R,-15.445306777954102
E562W:V579H,-13.340559005737305
E562W:V579R,-16.585996627807617
E562W:V579S,-11.226224899291992
E562W:V579W:S580I,-17.27155303955078
E562Y:A572R,-15.675444602966309
E562Y:E563F,-11.23731517791748
E562Y:E563K,-10.500603675842285
E562Y:E563S:P570M,-15.758478164672852
E562Y:E564D,-11.977375984191895
E562Y:N569K,-15.439228057861328
E562Y:N582A,-7.954874515533447
E562Y:T567S:N569S,-14.327289581298828
E562Y:T567Y,-13.31278133392334
E562Y:T568H,-16.954330444335938
E562Y:T568I:S580C,-17.842500686645508
E562Y:T581E,-5.184257507324219
E562Y:T581M,-10.187479972839355
E562Y:V571W:A572R:V579C:S580E,-29.29823875427246
E562Y:V579P,-11.57213020324707
E562Y:V579Y,-10.964576721191406
E563A:A572C:S580D:N582P:R585H:R588I,-5.616223335266113
E563A:A572I,-8.61448860168457
E563A:E564P:N582E:R588D,-5.811068534851074
E563A:E564R:N587K,-16.060022354125977
E563A:E564W,-10.066308975219727
E563A:E564W:R588N,-8.207969665527344
E563A:N569I:S580Q,-14.626625061035156
E563A:N569R,-11.905976295471191
E563A:N569S,-8.273138999938965
E563A:N582T,-4.170473098754883
E563A:N587E,-3.012885093688965
E563A:N587I,-2.134232997894287
E563A:Q575A:N582V:R585N:R588M,-0.5347900390625
E563A:Q575A:T581E,-3.073913335800171
E563A:Q575C,-4.060479164123535
E563A:Q575C:S580A:R585D:G586A:N587D:R588A,-6.679224014282227
E563A:Q575G:N582V:R585H:R588A,-1.075803279876709
E563A:Q575I,-4.997196197509766
E563A:Q575M:V579T:S580P,-9.942742347717285
E563A:Q575N,-5.648274898529053
E563A:Q575T,-4.945069313049316
E563A:Q575V,-4.971958160400391
E563A:R566A,-4.7397942543029785
E563A:R566A:Q575G:N582P:R585N:R588E,-5.341833591461182
E563A:R566A:Q575G:N582Q:R585N,-5.960846424102783
E563A:R566A:Q575M:V579A:N582V,-10.256166458129883
E563A:R566A:Q575N:R585H:N587D:R588A,-6.111623764038086
E563A:R566A:Q575P:S580A:N582G:R585Q:N587Q:R588M,-12.017132759094238
E563A:R566A:R585D:N587D:R588I,0.4247279167175293
E563A:R566A:T567A:Q575N:S580A,-12.555953979492188
E563A:R566A:T567C:S580A:R585S:N587S:R588D,-8.901010513305664
E563A:R566D:V571E:G577H,-19.470510482788086
E563A:R585N,-2.4027087688446045
E563A:R585S,-1.5483894348144531
E563A:R588A,1.5313022136688232
E563A:R588K,-4.765822410583496
E563A:R588M,1.7718863487243652
E563A:S580D:T581E:R585N,-4.638053894042969
E563A:S580G:N587D:R588G,-4.330368518829346
E563A:T567A:T581G:R585H:R588H,-6.558034896850586
E563A:T567A:T581Q:R585D:R588A,-2.236604690551758
E563A:T567A:T581S:R585S:R588P,-2.5425400733947754
E563A:T567A:V579C:N587M,-8.41792106628418
E563A:T567C:Q575V:N582E,-5.8603339195251465
E563A:T567C:V579A:G586L,-9.940443992614746
E563A:T567G:Q575I,-8.889137268066406
E563A:T581E,-0.9720973968505859
E563A:V571C:A572S,-6.839810371398926
E563A:V571F,-7.730731964111328
E563A:V571H,-7.989912033081055
E563A:V571P:A572C:G586N,-17.306581497192383
E563A:V579A,-4.971992492675781
E563A:V579A:R585A:G586L:R588M,-2.789684295654297
E563A:V579A:T581E:G586E,-6.512772083282471
E563A:V579T:R585H:N587A:R588I,-1.192995548248291
E563C:E564I,-8.385723114013672
E563C:E564L:T567I:V579E:T581H,-22.250198364257812
E563C:E564L:V571Q,-13.029458999633789
E563C:G577Q,-9.134037971496582
E563C:G586P,-4.705606460571289
E563C:N582A,-4.566434860229492
E563C:N582D,-5.008615493774414
E563C:N582W,-6.761655807495117
E563C:N587D,-4.610825538635254
E563C:P570N,-10.02725887298584
E563C:Q575E,-7.468650817871094
E563C:Q575N,-6.4719953536987305
E563C:Q575T:N582E,-4.906048774719238
E563C:R566A:R588Q,-3.4180901050567627
E563C:R566A:T581N,-8.227005004882812
E563C:R566H:T567C:N582D,-10.581852912902832
E563C:R566M,-6.944983005523682
E563C:R566M:A572S:T581D:N582Q:R585G,-7.392277717590332
E563C:R566S:V579C:T581E,-6.677848815917969
E563C:R585C,-2.5123918056488037
E563C:R585N,-3.2264294624328613
E563C:R588A,0.7075815200805664
E563C:R588S,-0.42994189262390137
E563C:S580D,-6.856653690338135
E563C:S580E:R585Q:R588H,-4.053370475769043
E563C:S580G:T581E,-4.85576057434082
E563C:T567C:A572S:S580D,-10.331018447875977
E563C:T567C:Q575I:V579A:N582E:G586L,-12.513777732849121
E563C:T567C:R588A,-1.0435353517532349
E563C:T567G,-7.1005048751831055
E563C:T567N,-8.366022109985352
E563C:T567S,-5.050553798675537
E563C:T567S:S580G,-8.110496520996094
E563C:T568N,-11.206225395202637
E563C:T568Q:Q575S:S580N,-19.196701049804688
E563C:T581D:N587E,-4.655517578125
E563C:T581E,-1.7958180904388428
E563C:T581S,-6.035414695739746
E563C:V571C,-5.940282821655273
E563C:V571D,-8.710362434387207
E563C:V571M,-7.118806838989258
E563C:V571S,-4.985607624053955
E563C:V579Q,-7.098201751708984
E563D:A572C:T581N:R585G,-8.136083602905273
E563D:A572H,-10.777623176574707
E563D:A572Q,-9.995893478393555
E563D:A572S,-4.85652494430542
E563D:A572S:R588I,1.208786964416504
E563D:G586L,-6.350611686706543
E563D:G586N,-7.790117263793945
E563D:N569C,-9.859894752502441
E563D:N569K:P570R:Q575S:N587M,-25.0617618560791
E563D:N569Q,-11.044715881347656
E563D:N569W:P570N:A572I:N587G:R588H,-28.13196563720703
E563D:N582A:R588Q,-2.3457233905792236
E563D:N582C:R588D,-3.3009402751922607
E563D:N582I,-2.982431650161743
E563D:N582P:R585D:R588A,0.09755706787109375
E563D:N582V,-3.3202712535858154
E563D:N587D,-4.535538673400879
E563D:N587E:R588W,-1.771831750869751
E563D:P570C,-7.6201372146606445
E563D:P570E,-11.126134872436523
E563D:P570M,-9.647416114807129
E563D:Q575C:N587D,-6.211174964904785
E563D:Q575C:R585D:N587E:R588P,-1.1789240837097168
E563D:Q575C:R585N:R588N,-2.968439817428589
E563D:Q575G:R585H,-5.553387641906738
E563D:Q575G:T581E:G586E:R588K,-8.852867126464844
E563D:Q575I,-5.745630264282227
E563D:Q575M,-5.875504970550537
E563D:Q575M:R585E:N587E:R588D,-3.5467689037323
E563D:Q575M:R585P:N587P:R588H,-5.037644863128662
E563D:Q575N,-6.3967084884643555
E563D:Q575P:N582D:R585D:R588M,-4.452855110168457
E563D:Q575P:R585D:R588T,-3.2170886993408203
E563D:R566A,-5.488227844238281
E563D:R566A:N582V:N587G,-8.008197784423828
E563D:R566A:Q575S,-7.806313991546631
E563D:R566A:V579A:G586E,-11.028902053833008
E563D:R566G:N582I:N587G,-7.909606456756592
E563D:R566M:T567Q:Q575M:T581A:N582A,-19.493322372436523
E563D:R566S,-5.060553550720215
E563D:R566S:Q575P:T581N:R585H:R588S,-9.745430946350098
E563D:R566S:T567A,-6.984411239624023
E563D:R566S:T581E,-3.6478078365325928
E563D:R566S:V579C,-8.015307426452637
E563D:R585A,-1.8903627395629883
E563D:R585A:R588A,2.025782346725464
E563D:R585H,-3.7555572986602783
E563D:R585N:N587E:R588M,0.3775444030761719
E563D:R585N:R588W,-1.1616554260253906
E563D:R588D,-1.2741830348968506
E563D:R588M,1.0234525203704834
E563D:R588N,-1.274937391281128
E563D:S580A,-5.76214599609375
E563D:S580A:R588D,-3.9030520915985107
E563D:S580G,-6.193219184875488
E563D:S580G:R585Q,-5.135514259338379
E563D:S580P:G586E:N587E:R588K,-11.1499605178833
E563D:S580P:N582Q:R588N,-2.7344298362731934
E563D:S580P:N582V:G586E,-8.327932357788086
E563D:S580P:T581E:G586E,-6.7281928062438965
E563D:S580Q,-7.295049667358398
E563D:S580T:R585G:N587Q:R588E,-5.704215049743652
E563D:S580V,-6.478348731994629
E563D:T567A,-5.057134628295898
E563D:T567A:Q575I,-7.669488430023193
E563D:T567A:Q575I:T581M,-11.259964942932129
E563D:T567A:R588E,-2.656693458557129
E563D:T567A:V571E:R585H:R588Q,-8.935916900634766
E563D:T567A:V571T,-6.11569881439209
E563D:T567A:V579A:T581D,-8.46319580078125
E563D:T567C:A572S:Q575I,-9.219995498657227
E563D:T567C:Q575N:S580A,-10.776695251464844
E563D:T567C:V571C:A572S:R585M,-8.998400688171387
E563D:T567C:V571I:Q575I:S580G:T581M,-17.751144409179688
E563D:T567C:V579A,-7.471542835235596
E563D:T567Q,-9.159428596496582
E563D:T567Q:A572S:T581E:N582V:N587G,-11.989901542663574
E563D:T567Q:R588K,-11.54040813446045
E563D:T567Q:V579A:S580A,-14.375447273254395
E563D:T568P,-13.134618759155273
E563D:T581D:N582T:R585H:R588T,-2.767655849456787
E563D:T581E,-1.7205312252044678
E563D:T581E:N582C:R588D,-1.8881947994232178
E563D:T581E:N587Q,-4.79587459564209
E563D:T581E:R588S,1.0580904483795166
E563D:T581M,-6.723753929138184
E563D:T581M:R585H:R588E,-4.945593357086182
E563D:T581S:N582D:R588N,-5.901840686798096
E563D:V571E:Q575V:N587Q:R588H,-12.731072425842285
E563D:V579A,-5.720426082611084
E563D:V579A:R588Q,-3.5750012397766113
E563D:V579C:R585S:N587D:R588D,-4.794745922088623
E563D:V579D,-7.657403945922852
E563D:V579G:T581E:N587Q,-8.33328914642334
E563D:V579M,-6.8134355545043945
E563D:V579T,-5.894810676574707
E563D:V579T:R585H:N587S:R588H,-7.527280807495117
E563F:A572F,-12.043237686157227
E563F:A572H,-12.284658432006836
E563F:N582W,-8.193405151367188
E563F:N587P,-4.614300727844238
E563F:P570Q,-11.759222030639648
E563F:Q575D,-9.09237003326416
E563F:Q575E,-8.900400161743164
E563F:R566G,-7.234511852264404
E563F:R566G:T567G:A572C:Q575H:T581D:N582T:R588A,-17.0997314453125
E563F:R566G:T567G:A572C:T581D:N582T:R588A,-13.654387474060059
E563F:R566G:T567G:T581D:N582T:R588A,-9.814849853515625
E563F:R566G:T567G:T581D:R588A,-8.029219627380371
E563F:R585C,-3.9441404342651367
E563F:R585H,-5.262592792510986
E563F:S580G:T581E:R588A,-2.371363639831543
E563F:S580Q,-8.802084922790527
E563F:T567A,-6.5641703605651855
E563F:T567G:T581D:R588A,-5.4350199699401855
E563F:T567Q:R588M,-6.509734630584717
E563F:T567Q:V571E:Q575I,-18.680744171142578
E563F:T581D:R588A,-1.5430787801742554
E563F:T581E,-3.227566719055176
E563F:T581E:R588T,0.36487650871276855
E563F:V571A:A572Q,-13.983650207519531
E563F:V571T:R585Q:N587D,-6.04343318939209
E563F:V579A:R585H:R588D,-5.9906487464904785
E563F:V579G,-8.177726745605469
E563H:A572C:Q575V:R588I,-4.586159706115723
E563H:A572C:R585N,-8.082222938537598
E563H:A572C:R588Q,-5.91893196105957
E563H:A572H,-11.869165420532227
E563H:A572S:N582A:R585H:R588T,-4.335776329040527
E563H:A572S:R585H,-6.570347785949707
E563H:E564F,-10.54236888885498
E563H:N582E,-3.3620786666870117
E563H:N582E:R585A,-2.11916446685791
E563H:N582S,-6.634900093078613
E563H:N587E,-4.852861404418945
E563H:P570C,-8.711679458618164
E563H:Q575C:R585H:R588N,-4.6643967628479
E563H:Q575H:V579C:R585H:R588M,-7.0904693603515625
E563H:Q575V:R585H:R588T,-3.8417718410491943
E563H:R566A:Q575V:N582D:R585H,-11.589218139648438
E563H:R566A:V579A:R585H,-9.789200782775879
E563H:R566P,-10.180948257446289
E563H:R585A,-2.981905221939087
E563H:R585H,-4.847099781036377
E563H:R588Q,-2.0793943405151367
E563H:R588T,-0.632375955581665
E563H:S580G:R585G:R588M,-1.6278104782104492
E563H:T567A:Q575I:R585Q:R588A,-3.7871804237365723
E563H:T567A:Q575P:R585H,-10.948686599731445
E563H:T568N:Q575V:T581R:R585I,-20.83098030090332
E563H:T581A,-6.722193717956543
E563H:T581D,-5.043730735778809
E563H:T581D:R588Q,-2.898305892944336
E563H:T581E,-2.8120737075805664
E563H:T581E:N582D,-4.612125873565674
E563H:T581E:N582D:R585H:R588A,-1.3182613849639893
E563H:T581E:N582D:R585H:R588S,-2.455784797668457
E563H:T581E:N582E:R585A:R588S,2.072202682495117
E563H:T581E:N582R:R585D,-8.782393455505371
E563H:T581E:R585H,-3.434354305267334
E563H:T581S:R588T,-3.4592273235321045
E563H:V571C:A572C:T581E:N582D,-11.183382034301758
E563H:V571C:G586E,-9.910062789916992
E563H:V571C:V579A:T581E:N582D:G586E,-12.884519577026367
E563H:V571I:N582I:R588H,-6.211362838745117
E563H:V571N,-8.202104568481445
E563H:V571N:T581D:R585N:R588H,-7.572293281555176
E563H:V571T,-5.283383369445801
E563H:V579E,-8.711195945739746
E563H:V579T,-6.986352920532227
E563H:V579T:R585H:N587D:R588M,-4.8541669845581055
E563I:A572C:R585G:R588D,-4.736837387084961
E563I:A572N,-9.561115264892578
E563I:E564H,-10.344395637512207
E563I:E564S,-9.806852340698242
E563I:E564W:T567K:N569Q:V571N,-31.460451126098633
E563I:G586E,-7.210139751434326
E563I:G586T,-8.070011138916016
E563I:N569F,-13.760274887084961
E563I:N569F:S580A,-16.389144897460938
E563I:N569W,-15.340576171875
E563I:N582D,-6.056666851043701
E563I:N582D:R585P:R588Q,-4.565981864929199
E563I:N587E,-4.88465690612793
E563I:N587E:R588W,-2.895169734954834
E563I:N587G,-6.589590072631836
E563I:P570W:A572Q:V579T:G586H,-28.923730850219727
E563I:Q575G,-6.054445266723633
E563I:Q575G:T581E:R585D:N587G,-6.473202705383301
E563I:Q575N:S580P:T581E:N582Q,-7.566793918609619
E563I:Q575R,-10.821969032287598
E563I:R566A:R585M,-6.270605564117432
E563I:R566G:Q575H:T581D:N582T:R588Q,-10.75527572631836
E563I:R566G:Q575N:V579A:T581D:N587M,-14.674773216247559
E563I:R566G:V579A:T581D:N587M,-11.41134262084961
E563I:R585Q,-3.1989095211029053
E563I:R588T,-0.6641714572906494
E563I:T567A:T581E:R585E:R588W,-1.6805555820465088
E563I:T567G:Q575M:V579S:S580P:G586E,-18.710052490234375
E563I:T567P:S580A:T581E:R588S,-9.458335876464844
E563I:T567Q,-10.282766342163086
E563I:T567Q:A572Q:S580A:T581E,-18.361507415771484
E563I:T567Q:Q575I:R585Q,-11.837414741516113
E563I:T581D,-5.075526237487793
E563I:T581D:R585H,-5.6978068351745605
E563I:T581E:R588D,-0.9847755432128906
E563I:V571C,-6.988333702087402
E563I:V571D:R588E,-7.357972621917725
E563I:V571I,-7.860591888427734
E563I:V579Y,-8.624188423156738
E563K:E564K:R566Q:T567A,-14.51450252532959
E563K:N569E,-12.656235694885254
E563K:N582C,-5.930357933044434
E563K:N582D,-5.703653335571289
E563K:N582E,-3.040860176086426
E563K:N582H:R588G,-4.1901702880859375
E563K:N582V,-4.090595245361328
E563K:S580D,-7.551691055297852
E563K:T567G:R585T,-7.0799455642700195
E563K:T567P,-10.667820930480957
E563K:T581A,-6.400975227355957
E563K:T581K,-10.204345703125
E563K:V571R,-10.934288024902344
E563K:V579D:N587E:R588K,-11.436749458312988
E563L:A572C:T581N,-10.544586181640625
E563L:E564I:R566I:V571T,-13.480348587036133
E563L:G577L:R585F:G586N:N587A,-16.51291275024414
E563L:G586H,-9.16122055053711
E563L:G586L,-7.2588934898376465
E563L:N569C,-10.768176078796387
E563L:N569T:S580A,-13.255583763122559
E563L:N582H,-6.844806671142578
E563L:N587D,-5.443820476531982
E563L:N587Q,-7.116901397705078
E563L:P570T,-8.280672073364258
E563L:P570W,-13.964861869812012
E563L:Q575G:V579A:T581E:G586A,-10.019023895263672
E563L:R566A:T581D,-7.215421199798584
E563L:R566K,-6.739530086517334
E563L:R585F,-4.022740364074707
E563L:R585F:G586N,-8.679580688476562
E563L:R585F:G586N:N587A,-10.169230461120605
E563L:R585H:R588A,-0.7476937770843506
E563L:T567C,-5.792675018310547
E563L:T568E,-13.77029800415039
E563L:T581D,-4.860469818115234
E563L:T581D:N582C:R585Q:G586Q,-10.338764190673828
E563L:T581E,-2.628812789916992
E563L:T581E:G586L:N587G,-8.179122924804688
E563L:V571G,-7.66193962097168
E563N:A572C:S580D:N582A:R585A:R588A,-6.831233024597168
E563N:A572C:S580M,-11.181767463684082
E563N:A572S:Q575C:S580G,-9.603620529174805
E563N:A572S:Q575V:V579A:T581D:N582V,-11.048212051391602
E563N:A572S:T581E:R585I:R588A,1.2722840309143066
E563N:A572S:V579Y:S580D,-12.883706092834473
E563N:E564Q:Q575C,-9.649368286132812
E563N:G586E:R588A,-2.182173490524292
E563N:N569H,-11.20677375793457
E563N:N569Q,-11.056232452392578
E563N:N582A,-4.502665042877197
E563N:N582C:G586E,-8.125076293945312
E563N:N582D,-4.944845676422119
E563N:N582D:N587D:R588T,-2.754664659500122
E563N:N582D:N587E,-5.572887897491455
E563N:N582D:R585A:R588S,-0.9233098030090332
E563N:N582D:R585H,-5.567126274108887
E563N:N582D:R585H:G586E,-8.520650863647461
E563N:N582D:R585H:R588T,-1.9746830463409424
E563N:N582D:R585N:R588A,-1.0465664863586426
E563N:N582D:R585N:R588M,-0.8059821128845215
E563N:N582D:R585Q:N587E,-4.5151824951171875
E563N:N582D:R585Q:N587E:R588M,-0.35845351219177246
E563N:N582D:R585Q:R588M,0.2695889472961426
E563N:N582D:R585S:R588A,-0.1922469139099121
E563N:N582D:R585S:R588T,-0.5159487724304199
E563N:N582D:R588A,-1.028700590133667
E563N:N582D:R588M,-0.788116455078125
E563N:N582E,-2.282052993774414
E563N:N582E:N587E,-2.91009521484375
E563N:N582E:R585A:N587D:R588T,1.151042103767395
E563N:N582E:R585H,-2.9043335914611816
E563N:N582E:R585H:N587E,-3.5323758125305176
E563N:N582E:R585N:R588I,3.7653932571411133
E563N:N582E:R585S,-1.4455994367599487
E563N:N582I,-2.993948459625244
E563N:N582T,-4.930423736572266
E563N:N582T:R585H,-5.552704334259033
E563N:N587E,-3.7728357315063477
E563N:N587E:R588D,-1.9137420654296875
E563N:N587E:R588S,-0.9942140579223633
E563N:N587H,-6.948774337768555
E563N:P570T:V579A:T581N,-12.634547233581543
E563N:Q575C,-4.820429801940918
E563N:Q575C:N582D:N587E,-7.248524188995361
E563N:Q575C:N582D:N587E:R588D,-5.389430999755859
E563N:Q575C:N582D:R585H,-7.242762565612793
E563N:Q575C:N582D:R585H:N587E,-7.870804786682129
E563N:Q575C:N582D:R585Q:N587E:R588M,-2.034090042114258
E563N:Q575C:N582D:R585Q:R588M,-1.4060478210449219
E563N:Q575C:N582D:R585T:N587D:R588Q,-5.1617231369018555
E563N:Q575C:N582D:R585T:R588T,-2.3124423027038574
E563N:Q575C:N582D:R588M,-2.4637527465820312
E563N:Q575C:N582E,-3.9576895236968994
E563N:Q575C:N582E:N587E:R588A,-0.6695865392684937
E563N:Q575C:N582E:R585G:R588H,-0.9908792972564697
E563N:Q575C:N582E:R585I,-3.146254062652588
E563N:Q575C:N582E:R588A,-0.04154396057128906
E563N:Q575C:N587E,-5.448472023010254
E563N:Q575C:R585D:R588M,-0.16222810745239258
E563N:Q575C:R585H,-5.442710876464844
E563N:Q575C:R585H:R588W,-3.45322322845459
E563N:Q575C:R585I,-4.008995056152344
E563N:Q575C:R585Q,-3.7627248764038086
E563N:Q575C:R585S:N587D:R588M,-1.2295095920562744
E563N:Q575C:R585S:R588T,-0.39153289794921875
E563N:Q575C:R585T:G586L:N587E:R588N,-6.09187126159668
E563N:Q575C:R588T,-1.2279868125915527
E563N:Q575C:R588W,-2.8309428691864014
E563N:Q575C:S580P:G586E,-9.828091621398926
E563N:Q575C:S580P:R585H:N587E,-8.124889373779297
E563N:Q575C:T581D,-5.639341354370117
E563N:Q575C:T581E:N582C,-5.434441566467285
E563N:Q575C:T581E:N587E:R588N,-2.1773874759674072
E563N:Q575C:V579A:N582C,-9.43433666229248
E563N:Q575C:V579M:T581D:R585H:N587D,-11.344043731689453
E563N:Q575E:N582V:N587E:R588K,-10.600896835327148
E563N:Q575H,-6.5901384353637695
E563N:Q575H:R585D:N587E:R588N,-4.858368873596191
E563N:Q575I,-5.757146835327148
E563N:Q575M:V579M:N582D:R585Q:R588N,-8.451189041137695
E563N:Q575M:V579M:T581D,-10.386093139648438
E563N:Q575S:T581E,-4.050134181976318
E563N:Q575T:T581D:R588Q,-4.378506660461426
E563N:Q575V,-5.731908798217773
E563N:Q575V:R585N:R588Q,-3.6043498516082764
E563N:Q575V:R585Q,-4.674203395843506
E563N:Q575W:N582E:R588A,-2.3249096870422363
E563N:Q575W:T581E,-5.691050052642822
E563N:R566A,-5.499744892120361
E563N:R566A:A572C:R588Q,-7.193857192993164
E563N:R566A:N582C:N587E:R588Q,-6.009119510650635
E563N:R566A:N582D,-7.299797058105469
E563N:R566A:N582D:N587E,-7.927839279174805
E563N:R566A:N582D:R585F:R588N,-5.422639846801758
E563N:R566A:N582D:R585N:R588M,-3.16093373298645
E563N:R566A:N582E:R585H:N587E,-5.887327194213867
E563N:R566A:N582E:R585T:N587E:R588A,-0.6333047151565552
E563N:R566A:N587E,-6.127787113189697
E563N:R566A:N587E:R588D,-4.268693447113037
E563N:R566A:Q575C,-7.175381183624268
E563N:R566A:Q575C:N582D,-8.975433349609375
E563N:R566A:Q575C:N582D:N587E,-9.603475570678711
E563N:R566A:Q575C:N582D:R585D:R588A,-4.557816028594971
E563N:R566A:Q575C:N582D:R585H,-9.5977144241333
E563N:R566A:Q575C:N582D:R585H:N587E,-10.225756645202637
E563N:R566A:Q575C:N582D:R585H:R588D,-7.738620758056641
E563N:R566A:Q575C:N582D:R585I,-8.1639986038208
E563N:R566A:Q575C:N582E:N587E:R588A,-3.024538040161133
E563N:R566A:Q575C:N582E:R585H:N587E,-7.562963485717773
E563N:R566A:Q575C:N587D,-8.577643394470215
E563N:R566A:Q575C:R585A:R588I,0.1328444480895996
E563N:R566A:Q575C:R585H,-7.797661781311035
E563N:R566A:Q575C:R585H:N587E,-8.425704002380371
E563N:R566A:Q575C:R585I:R588M,-2.20721697807312
E563N:R566A:Q575C:R585T:N587E:R588E,-4.687385559082031
E563N:R566A:Q575H,-8.945089340209961
E563N:R566A:Q575I,-8.112098693847656
E563N:R566A:Q575I:R585P:R588N,-6.908498764038086
E563N:R566A:Q575M,-8.241973876953125
E563N:R566A:Q575V:R585H:R588N,-6.850801467895508
E563N:R566A:R585F,-5.480926990509033
E563N:R566A:R585H,-6.122025489807129
E563N:R566A:R585H:N587E:R588M,-2.5933384895324707
E563N:R566A:R585I:R588N,-2.829970359802246
E563N:R566A:R585N,-5.517610549926758
E563N:R566A:R585N:G586D:R588N,-7.261396408081055
E563N:R566A:R585Q,-4.442039489746094
E563N:R566A:R585Q:N587E,-5.07008171081543
E563N:R566A:R585T,-4.784148216247559
E563N:R566A:R585T:R588D,-2.9250545501708984
E563N:R566A:R588A,-1.5835998058319092
E563N:R566A:R588N,-3.6414055824279785
E563N:R566A:R588Q,-3.3543200492858887
E563N:R566A:S580A:T581M:R585M:R588H,-9.911541938781738
E563N:R566A:S580A:T581N:R585N:N587P:R588E,-8.38351821899414
E563N:R566A:S580P,-7.553881645202637
E563N:R566A:S580P:G586E,-10.507406234741211
E563N:R566A:T567A,-7.423603057861328
E563N:R566A:T567A:Q575C:N582E,-8.236498832702637
E563N:R566A:T567A:Q575H,-10.868947982788086
E563N:R566A:T567A:Q575M,-10.165830612182617
E563N:R566A:T567A:R585D:R588Q,-4.776705741882324
E563N:R566A:T567A:R585I,-6.612167835235596
E563N:R566A:T567Q,-11.525896072387695
E563N:R566A:T567Q:A572S:N587D,-14.651407241821289
E563N:R566A:T567Q:N582C:N587E,-14.180696487426758
E563N:R566A:T567Q:S580D,-15.173986434936523
E563N:R566A:T567Q:T581E:N582D:R588A,-7.997057914733887
E563N:R566A:T567Q:T581E:R588A,-6.1970062255859375
E563N:R566A:T567Q:V571C:T581E:N582D:R588A,-10.728776931762695
E563N:R566A:T567Q:V571F:N582D,-18.671836853027344
E563N:R566A:T567S:Q575H,-10.787080764770508
E563N:R566A:T581E:R585N:N587E:R588N,-2.874568223953247
E563N:R566A:T581M:R585Q:G586N:R588E,-10.288915634155273
E563N:R566A:V571F:N587E:R588D,-9.614582061767578
E563N:R566A:V571T:A572C:S580C:N582A,-15.26688003540039
E563N:R566A:V579T:R585D:R588A,-3.843661308288574
E563N:R566G:S580D:R585Q:N587D,-9.731639862060547
E563N:R566K:T567G:A572S:N587Q,-14.533297538757324
E563N:R566M:R588S,-4.102591514587402
E563N:R566M:V579T:T581D,-10.461658477783203
E563N:R566S,-5.072070121765137
E563N:R566S:Q575C:N582D:R588A,-4.631613731384277
E563N:R566S:Q575C:V579A:N582D:R588A,-7.21876335144043
E563N:R566S:Q575M:N582D:N587D:R588N,-9.158273696899414
E563N:R566S:T581E:N582Q,-3.064680576324463
E563N:R585C,-2.4486217498779297
E563N:R585G,-1.6445720195770264
E563N:R585G:N587D,-3.0468342304229736
E563N:R585G:R588D,0.2145216464996338
E563N:R585H,-3.7670741081237793
E563N:R585H:N587E,-4.395116329193115
E563N:R585H:R588Q,-1.6216492652893066
E563N:R585H:R588S,-0.9884524345397949
E563N:R585I,-2.3333582878112793
E563N:R585I:R588A,1.5827867984771729
E563N:R585I:R588Q,-0.18793344497680664
E563N:R585M,-2.8038330078125
E563N:R585N,-3.1626594066619873
E563N:R585N:R588M,0.9940698146820068
E563N:R585P,-3.7995333671569824
E563N:R585Q,-2.0870883464813232
E563N:R585Q:N587E,-2.715130567550659
E563N:R585Q:R588A,1.829056739807129
E563N:R585Q:R588W,-0.09760117530822754
E563N:R585S,-2.308340072631836
E563N:R585S:R588Q,-0.16291522979736328
E563N:R585T:R588A,1.4869482517242432
E563N:R585T:R588M,1.7275323867797852
E563N:R585T:R588T,1.1632463932037354
E563N:R588A,0.7713515758514404
E563N:R588D,-1.2856998443603516
E563N:R588E,-0.7443523406982422
E563N:R588K,-5.525773048400879
E563N:R588M,1.0119357109069824
E563N:R588N,-1.286454200744629
E563N:R588T,0.4476497173309326
E563N:R588W,-1.155306339263916
E563N:S580A,-5.773662567138672
E563N:S580A:R585G:R588N,-2.4151017665863037
E563N:S580A:T581A:R585N:G586D:R588M,-7.7342987060546875
E563N:S580C:T581E:R585F:R588I,0.8409197330474854
E563N:S580D,-6.79288387298584
E563N:S580D:N582D,-8.592935562133789
E563N:S580D:N582E:R585N:R588T,-2.3555655479431152
E563N:S580D:T581D:N582A:R588H,-7.503077983856201
E563N:S580D:T581D:R585H,-8.234076499938965
E563N:S580D:T581E,-5.380138397216797
E563N:S580D:T581E:R585G:R588Q,-1.7344920635223389
E563N:S580E:N582C:R585T,-7.825055122375488
E563N:S580G,-6.20473575592041
E563N:S580H:T581E,-6.648056507110596
E563N:S580W,-9.06057357788086
E563N:T567A,-5.0686516761779785
E563N:T567A:N582D:R585Q:N587E:R588M,-2.2823116779327393
E563N:T567A:N587D,-6.470913887023926
E563N:T567A:Q575C:N582D:R585Q:N587E:R588M,-3.9579479694366455
E563N:T567A:Q575C:N582E,-5.881547451019287
E563N:T567A:Q575M,-7.810880184173584
E563N:T567A:Q575V,-7.65576696395874
E563N:T567A:S580A,-7.697520732879639
E563N:T567C:Q575T:T581E:R585S:R588A,-1.29079270362854
E563N:T567C:S580D:T581E,-7.131255149841309
E563N:T567C:T581E,-3.4831647872924805
E563N:T567C:V571D:N582E,-9.534969329833984
E563N:T567G,-7.036734580993652
E563N:T567Q,-9.170945167541504
E563N:T567Q:N582D,-10.970996856689453
E563N:T567Q:N582D:N587E,-11.599039077758789
E563N:T567Q:N582D:N587E:R588D,-9.739946365356445
E563N:T567Q:N582G:R588D,-9.921684265136719
E563N:T567Q:N582V:R585H:R588K,-12.361200332641602
E563N:T567Q:N587E:R588D,-7.93989372253418
E563N:T567Q:Q575N:V579A,-15.021526336669922
E563N:T567Q:R585N:R588A,-5.272665977478027
E563N:T567Q:R588Q,-7.025520324707031
E563N:T567Q:T581E:N582E:G586E:N587E,-10.477025985717773
E563N:T567Q:V571F:T581E:N582D:R588D,-13.045047760009766
E563N:T567Q:V571F:T581N:N582P:N587E,-18.99515151977539
E563N:T567Q:V579A:N587E,-12.386137008666992
E563N:T567S,-4.986783981323242
E563N:T567S:N582E,-4.1240434646606445
E563N:T567S:Q575C,-6.662420272827148
E563N:T567S:Q575N,-8.250215530395508
E563N:T567S:R585I:R588A,-0.2592039108276367
E563N:T567S:S580C,-8.497945785522461
E563N:T567S:T581E:N582D:R585N,-5.391956329345703
E563N:T567S:V579C,-7.941537857055664
E563N:T567S:V579Y:T581E,-7.941612243652344
E563N:T581D,-3.963705062866211
E563N:T581D:N582V:N587M,-5.305166244506836
E563N:T581E,-1.7320480346679688
E563N:T581E:N582C:R585H:N587E,-5.009128093719482
E563N:T581E:N582D:R585G:R588M,2.1248505115509033
E563N:T581E:N582D:R585T:N587D:R588A,-0.30262041091918945
E563N:T581E:N582D:R588S,-0.7534785270690918
E563N:T581E:N582Q,-1.137403964996338
E563N:T581E:R585Q,-0.6743428707122803
E563N:T581E:R585Q:N587D,-2.0766050815582275
E563N:T581E:R588A,2.1840970516204834
E563N:T581E:R588D,0.1270456314086914
E563N:T581E:R588M,2.4246811866760254
E563N:T581E:R588W,0.25743913650512695
E563N:T581M,-6.7352705001831055
E563N:T581P,-5.550608158111572
E563N:V571A:G577Q:R585F:N587P:R588Q,-9.360733985900879
E563N:V571C:N582A:R585H:G586L:R588E,-8.673559188842773
E563N:V571D,-8.64659309387207
E563N:V571E:R588Q,-6.401294708251953
E563N:V571F:N582C:R585H:G586E,-14.093246459960938
E563N:V571F:N582D:N587E,-10.918777465820312
E563N:V571F:N582G:N587E:R588D,-9.869463920593262
E563N:V571T:T581E,-2.790611982345581
E563N:V579A,-5.731943130493164
E563N:V579A:S580N:T581E:G586E,-11.496844291687012
E563N:V579A:T581E:R585H,-4.941478252410889
E563N:V579I,-6.2038679122924805
E563N:V579M:N582F:R585Q,-6.923861503601074
E563N:V579S:T581E:R585E:G586E,-6.399494171142578
E563N:V579Y,-7.512367248535156
E563N:V579Y:G586E,-10.465892791748047
E563N:V579Y:N582I:R585Q:G586E:N587D,-10.6596040725708
E563N:V579Y:S580D,-11.160457611083984
E563N:V579Y:S580H:T581E:N582I:R588Q,-8.7193603515625
E563P:A572L,-11.256523132324219
E563P:E564N,-10.644331932067871
E563P:E564P:T568M:A572C,-23.432170867919922
E563P:G586S,-8.383849143981934
E563P:N582F,-5.959985256195068
E563P:P570K,-14.140295028686523
E563P:Q575H,-8.248716354370117
E563P:R566S,-6.730648040771484
E563P:R585C,-4.107199668884277
E563P:T567W,-13.334085464477539
E563P:T581E,-3.3906259536743164
E563P:T581Q,-7.148892879486084
E563P:V571P,-11.228732109069824
E563P:V571Q,-9.283267974853516
E563P:V571R,-11.83405876159668
E563P:V579T,-7.564905166625977
E563Q:A572C,-7.436093330383301
E563Q:A572C:N582D:R585H,-9.858426094055176
E563Q:A572C:R585A,-6.193179130554199
E563Q:A572C:R585H:R588A,-4.142229080200195
E563Q:A572C:S580D,-11.084183692932129
E563Q:A572C:S580D:N582D,-12.884235382080078
E563Q:A572C:S580D:T581E,-9.671438217163086
E563Q:A572C:T581E:R588A,-2.1072025299072266
E563Q:A572P,-10.428099632263184
E563Q:A572S,-5.3198041915893555
E563Q:A572S:N582V,-5.50679874420166
E563Q:A572S:Q575I,-7.932157516479492
E563Q:A572S:Q575I:R588M,-3.775428533554077
E563Q:A572S:Q575M:N587P:R588Q,-5.890596389770508
E563Q:A572S:Q575V,-7.906919479370117
E563Q:A572S:Q575V:N582V,-8.093914031982422
E563Q:A572S:R588Q,-3.174379348754883
E563Q:A572S:T581E:N582V:R585H:N587G,-7.049309730529785
E563Q:A572S:T581E:R585H:N587G,-6.862314701080322
E563Q:A572S:T581M:R585S:R588M,-3.9170985221862793
E563Q:A572S:T581N,-7.983295440673828
E563Q:A572S:V579C:T581E,-6.861812591552734
E563Q:A572S:V579Y:R585T:R588A,-5.055636405944824
E563Q:E564A,-8.602690696716309
E563Q:E564S:R566A,-11.501745223999023
E563Q:G586E,-6.550081253051758
E563Q:G586P,-5.09359884262085
E563Q:N582D,-5.396608352661133
E563Q:N582D:G586E,-8.350133895874023
E563Q:N582D:N587E,-6.0246500968933105
E563Q:N582D:R585D:N587E,-5.5231781005859375
E563Q:N582D:R585H,-6.0188889503479
E563Q:N582D:R585H:N587E,-6.646931171417236
E563Q:N582D:R585H:N587E:R588H,-5.180342674255371
E563Q:N582D:R585H:N587E:R588S,-3.868309259414673
E563Q:N582D:R585H:R588W,-4.029401779174805
E563Q:N582D:R585M:G586E:N587E,-8.637214660644531
E563Q:N582D:R585N:R588A,-1.4983291625976562
E563Q:N582D:R585N:R588M,-1.2577447891235352
E563Q:N582D:R588A,-1.4804630279541016
E563Q:N582D:R588M,-1.2398788928985596
E563Q:N582E:G586E,-5.68734073638916
E563Q:N582E:R585A:R588M,2.665827751159668
E563Q:N582E:R585I:N587E,-2.550422191619873
E563Q:N582I,-3.4457108974456787
E563Q:N582K,-9.576947212219238
E563Q:N582P:R588P,-1.0267813205718994
E563Q:N582S,-6.006636619567871
E563Q:N587A,-5.086205959320068
E563Q:N587D,-4.998818397521973
E563Q:N587E,-4.224597930908203
E563Q:N587E:R588I,1.8407137393951416
E563Q:N587G,-5.929531097412109
E563Q:N587P,-3.570544481277466
E563Q:N587P:R588Q,-1.4251196384429932
E563Q:P570H:N582I:R588M,-7.4823455810546875
E563Q:P570H:V579G:N587D,-16.729597091674805
E563Q:P570R,-13.2102632522583
E563Q:P570R:S580M,-17.407699584960938
E563Q:P570R:S580M:N582V,-17.594694137573242
E563Q:P570T:T581E,-6.422924041748047
E563Q:Q575C,-5.272192478179932
E563Q:Q575C:N582D:R585A:R588H,-4.3627424240112305
E563Q:Q575C:N582D:R585H,-7.694525241851807
E563Q:Q575C:N582D:R585H:N587E,-8.322566986083984
E563Q:Q575C:N582D:R585T:R588A,-2.440502882003784
E563Q:Q575C:N582D:R585T:R588S,-3.578026294708252
E563Q:Q575C:N582D:R588M,-2.915515422821045
E563Q:Q575C:N582E:R585M:R588D,-2.209397792816162
E563Q:Q575C:N587E,-5.900234222412109
E563Q:Q575C:R585A:R588E,-1.6288373470306396
E563Q:Q575C:R585A:R588M,0.12745046615600586
E563Q:Q575C:R585H,-5.894473075866699
E563Q:Q575C:R585Q,-4.214487075805664
E563Q:Q575C:R588A,-1.3560473918914795
E563Q:Q575C:R588N,-3.413853168487549
E563Q:Q575C:T581M:N582E:R585Q:R588H,-5.475635528564453
E563Q:Q575C:T581N:R588I,-1.8703713417053223
E563Q:Q575C:V579Y:S580D,-13.287857055664062
E563Q:Q575E:T581A,-10.35401725769043
E563Q:Q575E:T581E:R585H:G586E:N587E,-10.647747039794922
E563Q:Q575G:T581E,-3.9816408157348633
E563Q:Q575G:V579I:T581E,-7.040715217590332
E563Q:Q575H,-7.041900634765625
E563Q:Q575H:V579A,-9.629050254821777
E563Q:Q575I,-6.208909511566162
E563Q:Q575I:N582A:N587E:R588I,-2.1295113563537598
E563Q:Q575I:N582V:R585H:N587M,-8.172651290893555
E563Q:Q575I:N587E:R588I,-0.7716398239135742
E563Q:Q575I:S580A:R588D,-6.978684902191162
E563Q:Q575I:T581E:N582V:R585H:N587M,-6.759905815124512
E563Q:Q575I:T581I,-9.11631965637207
E563Q:Q575N,-6.859988212585449
E563Q:Q575N:R585H:R588A,-3.5661237239837646
E563Q:Q575P,-7.774284362792969
E563Q:Q575T,-6.156782150268555
E563Q:Q575V,-6.183670997619629
E563Q:Q575V:S580G:N587G,-11.57658863067627
E563Q:R566A,-5.951507568359375
E563Q:R566A:A572C:N582D:R585H:R588A,-8.297232627868652
E563Q:R566A:A572C:Q575M:S580A,-15.162141799926758
E563Q:R566A:A572C:S580D:R585H,-14.061415672302246
E563Q:R566A:A572C:S580D:T581E:R588A,-8.110244750976562
E563Q:R566A:A572S:N582V,-7.861750602722168
E563Q:R566A:A572S:Q575V:T581E,-8.849124908447266
E563Q:R566A:A572S:T581E:R585H:N587G,-9.217266082763672
E563Q:R566A:N582D,-7.751559734344482
E563Q:R566A:N582D:N587E,-8.379602432250977
E563Q:R566A:N582D:R585G:R588A,-2.335192918777466
E563Q:R566A:N582D:R585H,-8.37384033203125
E563Q:R566A:N582D:R585H:N587E,-9.001882553100586
E563Q:R566A:N582D:R585H:N587E:R588Q,-6.856457233428955
E563Q:R566A:N582D:R585H:R588A,-4.457695007324219
E563Q:R566A:N587E,-6.579549312591553
E563Q:R566A:N587E:R588T,-2.9871065616607666
E563Q:R566A:Q575C,-7.627143859863281
E563Q:R566A:Q575C:N582D:N587E:R588A,-6.139092922210693
E563Q:R566A:Q575C:N582D:N587E:R588D,-8.196144104003906
E563Q:R566A:Q575C:N582D:R585H,-10.049476623535156
E563Q:R566A:Q575C:N582D:R585H:N587E,-10.677518844604492
E563Q:R566A:Q575C:N582D:R585H:N587E:R588N,-8.81917953491211
E563Q:R566A:Q575C:R585H,-8.249424934387207
E563Q:R566A:Q575C:R585H:N587E,-8.877466201782227
E563Q:R566A:Q575C:R585H:R588D,-6.390331268310547
E563Q:R566A:Q575C:R585S,-6.7906904220581055
E563Q:R566A:Q575C:S580A:R585S:R588Q,-7.274134635925293
E563Q:R566A:Q575C:V579T:N582D:R585H:N587E:R588N,-11.580713272094727
E563Q:R566A:Q575G:V579A:S580A:N582V,-13.152349472045898
E563Q:R566A:Q575I,-8.563860893249512
E563Q:R566A:Q575I:S580A,-11.192729949951172
E563Q:R566A:Q575M,-8.693735122680664
E563Q:R566A:Q575S,-8.269594192504883
E563Q:R566A:Q575T,-8.511734008789062
E563Q:R566A:Q575V,-8.53862190246582
E563Q:R566A:R585N:N587E:R588M,-2.4406862258911133
E563Q:R566A:R585N:R588M,-1.8126440048217773
E563Q:R566A:S580A,-8.580375671386719
E563Q:R566A:S580D,-9.599597930908203
E563Q:R566A:S580D:R585H,-10.221878051757812
E563Q:R566A:S580D:T581E:N582D:R585H,-10.609185218811035
E563Q:R566A:T567A,-7.875365257263184
E563Q:R566A:T567A:N582D:R585A:R588S,-5.653882026672363
E563Q:R566A:T567A:Q575M,-10.617593765258789
E563Q:R566A:T567A:Q575M:S580A,-13.246461868286133
E563Q:R566A:T567C:A572S:Q575V:N587G,-14.345962524414062
E563Q:R566A:T567S,-7.793497562408447
E563Q:R566A:T567S:Q575V,-10.380613327026367
E563Q:R566A:T581D,-6.770419120788574
E563Q:R566A:T581E,-4.538762092590332
E563Q:R566A:T581E:R585H,-5.1610426902771
E563Q:R566A:T581N,-8.614997863769531
E563Q:R566A:V579A:N582V:R585H,-9.347931861877441
E563Q:R566A:V579C,-8.906261444091797
E563Q:R566G:N582P:R585D,-6.876067638397217
E563Q:R566I:T581E:R588G,-2.8701982498168945
E563Q:R566K:A572C:T581E:N587I:R588I,-2.405397891998291
E563Q:R566M:T581E:R585Q:R588A,-0.9463796615600586
E563Q:R566S,-5.523832321166992
E563Q:R566S:R588A,-1.6076874732971191
E563Q:R566S:S580D:R585E:N587E:R588T,-5.109836578369141
E563Q:R566S:T581S:R588A,-4.434538841247559
E563Q:R566S:V579T,-8.28536605834961
E563Q:R585A:N587E,-2.9816839694976807
E563Q:R585A:N587E:R588D,-1.1225905418395996
E563Q:R585F,-3.577738046646118
E563Q:R585G,-2.096334457397461
E563Q:R585G:N587D:R588M,0.6581325531005859
E563Q:R585G:R588Q,0.04909038543701172
E563Q:R585H,-4.218836784362793
E563Q:R585H:N587E,-4.846878528594971
E563Q:R585H:R588D,-2.3597428798675537
E563Q:R585H:R588N,-2.360497236251831
E563Q:R585H:R588Q,-2.073411703109741
E563Q:R585I,-2.785120725631714
E563Q:R585I:N587E:R588I,2.652148962020874
E563Q:R585I:R588A,1.1310243606567383
E563Q:R585I:R588W,-0.7956335544586182
E563Q:R585K,-6.279353141784668
E563Q:R585M,-3.2555954456329346
E563Q:R585N,-3.614421844482422
E563Q:R585N:R588M,0.5423073768615723
E563Q:R585N:R588N,-1.756082534790039
E563Q:R585N:R588S,-0.8358001708984375
E563Q:R585P:R588I,1.8140161037445068
E563Q:R585Q:R588A,1.3772943019866943
E563Q:R585Q:R588Q,-0.39342594146728516
E563Q:R585S,-2.7601025104522705
E563Q:R585S:N587D:R588Q,-2.016939878463745
E563Q:R585T:R588H,-1.4143707752227783
E563Q:R585W:R588T,-1.474039077758789
E563Q:R588A,0.31958913803100586
E563Q:R588D,-1.7374622821807861
E563Q:R588E,-1.1961147785186768
E563Q:R588G,-1.0798771381378174
E563Q:R588H,-2.129967451095581
E563Q:R588I,2.4687559604644775
E563Q:R588K,-5.977535247802734
E563Q:R588M,0.5601732730865479
E563Q:R588N,-1.7382166385650635
E563Q:R588Q,-1.4511311054229736
E563Q:R588T,-0.004112720489501953
E563Q:R588W,-1.6070687770843506
E563Q:S580A,-6.225424766540527
E563Q:S580A:T581M,-9.815901756286621
E563Q:S580C:N582Q,-6.513073921203613
E563Q:S580C:R585H,-7.729998588562012
E563Q:S580D,-7.244646072387695
E563Q:S580D:G586E:R588D,-8.33907699584961
E563Q:S580D:N582D,-9.044698715209961
E563Q:S580D:N582D:R585H,-9.66697883605957
E563Q:S580D:N582Q:R585A:R588D,-3.547994613647461
E563Q:S580D:R585F,-7.225828170776367
E563Q:S580D:R588A,-3.328500986099243
E563Q:S580D:R588P,-3.4880871772766113
E563Q:S580D:T581A:R588S,-6.9633989334106445
E563Q:S580D:T581E,-5.831900596618652
E563Q:S580D:T581E:N582D,-7.63195276260376
E563Q:S580D:T581E:N582D:R585G,-6.1317315101623535
E563Q:S580D:T581E:N582D:R585N,-7.6498188972473145
E563Q:S580D:T581E:N582D:R588A,-3.7158076763153076
E563Q:S580D:T581E:R585C:G586E:N587D,-9.49151611328125
E563Q:S580D:T581E:R588E,-3.431459426879883
E563Q:S580E,-6.9656572341918945
E563Q:S580E:N582D:G586E:N587E,-12.34727668762207
E563Q:S580E:N582D:N587D:R588H,-8.701382637023926
E563Q:S580E:N582D:R585I:R588G,-5.437595367431641
E563Q:S580E:N582P:R585I:N587E:R588I,-1.9037361145019531
E563Q:S580E:N587D:R588D,-6.508825778961182
E563Q:S580E:N587E,-7.593698978424072
E563Q:S580E:N587E:R588M,-3.4369702339172363
E563Q:S580E:R585H:N587E,-8.215980529785156
E563Q:S580E:R585I:N587E:R588I,-0.7169520854949951
E563Q:S580E:R585P,-7.620397090911865
E563Q:S580E:T581D,-7.784568786621094
E563Q:S580E:T581D:N582C,-9.811326026916504
E563Q:S580G,-6.656498432159424
E563Q:S580G:R585Q,-5.598793029785156
E563Q:S580M,-7.79399299621582
E563Q:S580M:R585W:R588P,-5.507360458374023
E563Q:S580V:R585E:R588P,-2.0873851776123047
E563Q:T567A,-5.520413875579834
E563Q:T567A:P570T:N582E:R585M:R588W,-6.566339492797852
E563Q:T567A:Q575I,-8.132767677307129
E563Q:T567A:Q575I:S580A,-10.761636734008789
E563Q:T567A:Q575I:T581M,-11.723243713378906
E563Q:T567A:Q575I:V579T:T581N:N587P,-13.531780242919922
E563Q:T567A:Q575M,-8.262641906738281
E563Q:T567A:R585N:N587D:R588I,-0.8752301931381226
E563Q:T567A:R585N:N587D:R588S,-4.161920547485352
E563Q:T567A:T581D:R585K,-9.022122383117676
E563Q:T567C,-5.347672939300537
E563Q:T567C:A572S:N587D,-8.473183631896973
E563Q:T567C:N582D:R585Q,-6.090020179748535
E563Q:T567C:Q575I,-7.960026264190674
E563Q:T567C:Q575I:S580A:T581M,-14.17937183380127
E563Q:T567C:Q575T,-7.907898902893066
E563Q:T567C:Q575V,-7.934787750244141
E563Q:T567C:S580A,-7.976541519165039
E563Q:T567C:T581E:N582Q:R585G,-1.8400616645812988
E563Q:T567C:V571I:S580A:T581M,-15.170995712280273
E563Q:T567H,-10.497658729553223
E563Q:T567K,-11.230201721191406
E563Q:T567P:V579W:N582C:R585I:R588T,-13.371326446533203
E563Q:T567Q,-9.62270736694336
E563Q:T567Q:A572S:Q575V:V579A:R585H,-17.142501831054688
E563Q:T567Q:Q575V,-12.209822654724121
E563Q:T567Q:V579A:N582V:N587G,-14.729826927185059
E563Q:T567Q:V579A:T581E:R585H,-11.419392585754395
E563Q:T567S,-5.438546180725098
E563Q:T567S:Q575I,-8.050899505615234
E563Q:T567S:Q575I:T581S,-10.877751350402832
E563Q:T567S:R585N:R588S,-2.677790403366089
E563Q:T567S:R585T,-4.722949504852295
E563Q:T581D:G586L,-7.632802963256836
E563Q:T581D:N582C:G586D,-10.044349670410156
E563Q:T581D:N587A,-5.905117511749268
E563Q:T581E,-2.1838104724884033
E563Q:T581E:N582A:R588E,-1.1412408351898193
E563Q:T581E:N582C,-4.210567474365234
E563Q:T581E:N582D:R585M:R588A,0.2732429504394531
E563Q:T581E:N582E:G586E,-4.274595260620117
E563Q:T581E:N582V:R585H:N587G,-5.326060771942139
E563Q:T581E:N587D,-3.5860729217529297
E563Q:T581E:R585H,-2.80609130859375
E563Q:T581E:R585N:N587D:R588N,-1.7455992698669434
E563Q:T581E:R585Q,-1.1261053085327148
E563Q:T581E:R585Q:R588A,2.7900397777557373
E563Q:T581E:R585Q:R588M,3.0306241512298584
E563Q:T581E:R585Q:R588Q,1.0193195343017578
E563Q:T581E:R588A,1.7323346138000488
E563Q:T581E:R588M,1.9729187488555908
E563Q:T581E:R588W,-0.19432330131530762
E563Q:T581G:N582E:N587E,-6.455499649047852
E563Q:T581M:N582E:R588A,-2.408146858215332
E563Q:T581Q,-5.94207763671875
E563Q:T581S:N587M:R588G,-5.061195373535156
E563Q:V571A:R585Q,-5.019571304321289
E563Q:V571C:N582E:R585F:N587E:R588D,-4.215664863586426
E563Q:V571C:Q575C:R588S,-5.225289344787598
E563Q:V571C:Q575M,-9.070503234863281
E563Q:V571C:R585I:R588D,-3.657745838165283
E563Q:V571C:S580A,-8.957143783569336
E563Q:V571D:G586E,-12.0518798828125
E563Q:V571D:N587E,-9.726396560668945
E563Q:V571D:S580D:T581D:N582P:G586D,-18.354267120361328
E563Q:V571D:S580E,-12.467456817626953
E563Q:V571D:S580E:N587D:R588I,-7.80440616607666
E563Q:V571D:S580E:R588E,-10.067014694213867
E563Q:V571E,-8.998481750488281
E563Q:V571E:G586E,-11.952007293701172
E563Q:V571E:N582D:R585M:G586E:N587E,-14.039140701293945
E563Q:V571E:R585H:G586E:N587E,-13.202329635620117
E563Q:V571E:R585I:G586E:N587E,-11.768613815307617
E563Q:V571E:R588N,-7.140142440795898
E563Q:V571E:S580D:R585H:N587D:R588P,-10.914556503295898
E563Q:V571E:S580E,-12.367583274841309
E563Q:V571E:S580E:G586E,-15.321107864379883
E563Q:V571E:S580E:N582P:R585I:N587E:R588I,-7.305662631988525
E563Q:V571E:S580E:N587D,-13.769845008850098
E563Q:V571E:S580E:R585I,-11.556147575378418
E563Q:V571E:S580E:R585I:N587E,-12.184189796447754
E563Q:V571E:S580I:R585C:N587E:R588S,-9.620992660522461
E563Q:V571F:T581D:R585C:G586E,-12.018710136413574
E563Q:V571T:Q575I:N582A:N587E:R588I,-3.188074827194214
E563Q:V579A:R585H,-6.805986404418945
E563Q:V579A:T581E,-4.770959854125977
E563Q:V579A:T581E:N582D:N587E,-7.19905424118042
E563Q:V579A:T581I:R585G,-7.590893745422363
E563Q:V579L,-6.674772262573242
E563Q:V579M,-7.276715278625488
E563Q:V579N:T581M,-11.415773391723633
E563Q:V579S:N587E,-7.036203384399414
E563Q:V579T,-6.358089923858643
E563Q:V579W:G586E,-11.937752723693848
E563Q:V579W:N587D:R588A,-6.470344543457031
E563Q:V579W:S580D:N582A:G586E,-16.943714141845703
E563R:A572K,-13.2564058303833
E563R:A572S,-6.250439643859863
E563R:E564C:T568N:A572L:Q575E,-28.93622589111328
E563R:G577Q,-10.452665328979492
E563R:G586K,-12.491643905639648
E563R:G586T,-8.340587615966797
E563R:N569G:N582W,-15.749756813049316
E563R:N569Q,-12.438631057739258
E563R:N582Q,-3.932547092437744
E563R:N582T,-6.312821388244629
E563R:N582V,-4.71418571472168
E563R:Q575F,-6.721242904663086
E563R:Q575G:V579T:T581A:N587Q,-14.659273147583008
E563R:Q575K,-10.871713638305664
E563R:R566A:S580G:T581M:N587S,-16.009340286254883
E563R:R566P,-10.483320236206055
E563R:R566Q,-7.76375150680542
E563R:S580P,-6.58132791519165
E563R:T567A:A572S,-8.174297332763672
E563R:T567D:V571C:S580T,-17.77292251586914
E563R:T568E,-14.25593090057373
E563R:T568K,-15.14059829711914
E563R:T581D,-5.346102714538574
E563R:T581E:N582I,-2.9636006355285645
E563R:T581P,-6.9330058097839355
E563R:T581Q,-6.8727126121521
E563R:V571I:T581E,-6.718422889709473
E563R:V571S,-6.304235458374023
E563R:V579C:T581D,-8.300856590270996
E563S:A572C:V579A:T581N,-11.737513542175293
E563S:A572S,-4.370584487915039
E563S:A572S:N582A:R585D,-5.226983547210693
E563S:A572S:S580D:T581S:N582A:R585N,-12.22126293182373
E563S:A572S:S580G,-7.4305267333984375
E563S:E564C:S580F:R585I,-11.960380554199219
E563S:G577A,-7.501002788543701
E563S:G586A,-5.652567386627197
E563S:G586L,-5.864671230316162
E563S:N569K:Q575K,-17.834083557128906
E563S:N582D,-4.447388172149658
E563S:N582E,-1.7845953702926636
E563S:N587K,-9.81490707397461
E563S:Q575G,-4.44516658782959
E563S:Q575I:S580A,-7.888558387756348
E563S:Q575K:V579N:R588H,-11.754011154174805
E563S:Q575V:V579A:N582I,-7.670755386352539
E563S:R566A,-5.0022873878479
E563S:R566A:Q575G:R588I,-0.7348055839538574
E563S:R566A:R585M:N587G,-6.994302272796631
E563S:R566A:R588I,1.0630245208740234
E563S:R566A:T567C:T581E:R585S:R588E,-2.103764057159424
E563S:R566A:T581D,-5.8211989402771
E563S:R566G,-5.241535663604736
E563S:R566I:T567S:T581E:N582Q,-5.685003757476807
E563S:R566S:S580G,-7.634554862976074
E563S:R566S:T581G:R585H:R588A,-4.3743896484375
E563S:R585A:N587D,-2.8066842555999756
E563S:R585E,-1.5496513843536377
E563S:R585F:N587M,-3.782984733581543
E563S:R588H,-1.1807475090026855
E563S:R588M,1.5093932151794434
E563S:R588Q,-0.5019111633300781
E563S:S580A:N582D,-7.076257228851318
E563S:S580G,-5.707278251647949
E563S:S580I,-6.116597652435303
E563S:T567A,-4.571194171905518
E563S:T567A:A572S,-6.294442653656006
E563S:T567C:Q575V,-6.985568046569824
E563S:T567C:V579A:R585W,-8.455528259277344
E563S:T567H,-9.548439025878906
E563S:T567S,-4.489326477050781
E563S:T567S:N582D:R585N:N587E,-6.935286521911621
E563S:T567S:N587P,-4.463315010070801
E563S:T567S:R585E,-3.391641616821289
E563S:T568P,-12.648677825927734
E563S:T568S,-7.423115253448486
E563S:T581D,-3.46624755859375
E563S:T581D:G586E,-6.419772624969482
E563S:T581D:R585H:R588T,-0.49608492851257324
E563S:T581E,-1.2345905303955078
E563S:T581M:N582D:R585G:R588E,-4.137202262878418
E563S:V571C,-5.379055023193359
E563S:V571C:Q575C:R585N,-7.07255744934082
E563S:V571S,-4.424380302429199
E563S:V571T:Q575C:R585Q:G586E,-7.277356147766113
E563S:V571T:Q575C:T581E:N587Q,-7.044134140014648
E563S:V571T:Q575F:R585Q:R588H,-3.3756580352783203
E563S:V579A:N587G,-7.567461013793945
E563S:V579G:N582D:R585N:R588A,-4.08652400970459
E563S:V579S,-5.458941459655762
E563T:E564F,-9.308309555053711
E563T:E564W,-10.672225952148438
E563T:E564W:G577K:V579T,-22.34596061706543
E563T:E564W:G577K:V579T:S580F:T581N,-29.4357967376709
E563T:E564W:G577K:V579T:T581N,-25.009450912475586
E563T:G577K:V579T,-14.664495468139648
E563T:I565A,-9.599079132080078
E563T:N569T,-9.575916290283203
E563T:N582A:R585Q:R588I,2.774385452270508
E563T:N582D,-4.7908124923706055
E563T:N582P:R588S,-1.3989229202270508
E563T:N587G,-5.32373571395874
E563T:N587K,-10.158330917358398
E563T:N587M,-4.145226955413818
E563T:Q575H:T581E:R585A,-3.7804458141326904
E563T:Q575I,-5.603114128112793
E563T:Q575N,-6.254192352294922
E563T:Q575V,-5.577875137329102
E563T:Q575V:N582A,-6.935747146606445
E563T:R566A:Q575G:N582G:R585N,-9.771241188049316
E563T:R566A:Q575I,-7.958065509796143
E563T:R566A:T567A:Q575M,-10.011797904968262
E563T:R566A:T567S,-7.187702178955078
E563T:R566I:T567A:Q575V,-10.70479965209961
E563T:R566S:V579C,-7.872791290283203
E563T:R585H:R588E,-1.212599754333496
E563T:R585I:R588Q,-0.03390026092529297
E563T:R588D,-1.131666660308838
E563T:R588Q,-0.8453354835510254
E563T:R588S,-0.21213865280151367
E563T:S580A:N582T,-7.405259609222412
E563T:S580G,-6.050703048706055
E563T:S580W,-8.906540870666504
E563T:T567C,-4.74187707901001
E563T:T567C:A572S:V579A:N582A:R588M,-6.253417015075684
E563T:T567C:S580D:R588S,-5.611345291137695
E563T:T567G:N587P,-6.856689929962158
E563T:T567Q,-9.016912460327148
E563T:T567Q:R585Q:R588N,-6.100868225097656
E563T:T567R,-11.005788803100586
E563T:T567S,-4.8327507972717285
E563T:T567S:A572S:Q575H,-10.001344680786133
E563T:T567V,-7.227624893188477
E563T:T581D,-3.8096718788146973
E563T:V571C,-5.722479343414307
E563T:V571C:Q575C:R585F:N587E,-8.007340431213379
E563T:V571I,-6.5947370529174805
E563T:V571R,-10.02144718170166
E563T:V571S,-4.767804145812988
E563T:V579N,-7.21950101852417
E563W:E564N:T568S:V579L:S580I:R588T,-19.414196014404297
E563W:G577D,-11.32101058959961
E563W:G586D,-9.444547653198242
E563W:N569C,-12.569040298461914
E563W:N569S,-11.730718612670898
E563W:N582S,-8.252503395080566
E563W:P570Q,-12.961332321166992
E563W:P570W:A572I,-21.995372772216797
E563W:Q575M:T581S,-11.41150188446045
E563W:R566Q,-9.078983306884766
E563W:R585P,-6.497162342071533
E563W:R585W,-7.31234884262085
E563W:R588I,0.22288942337036133
E563W:R588N,-3.9840831756591797
E563W:R588T,-2.249979257583618
E563W:R588W,-3.852935314178467
E563W:S580K,-13.23538589477539
E563W:T567G:V571M:R588D,-11.785512924194336
E563W:T568G:Q575D:V579R:S580K,-34.39409637451172
E563W:T568I,-13.57675838470459
E563W:V571H:S580C:N582G:R588Q,-15.42306137084961
E563W:V579F,-9.523309707641602
E564A:G586H,-10.1257963180542
E564A:N582V,-5.193129062652588
E564A:R585A,-3.7632205486297607
E564A:S580N,-9.230257034301758
E564A:T567G:S580W:T581H,-18.625730514526367
E564A:T568A,-12.234990119934082
E564A:V571F:R585W:G586L,-15.039285659790039
E564A:V571N:T581R:G586Q:N587R:R588P,-23.9704532623291
E564A:V571P,-11.431495666503906
E564A:V571T,-6.064698219299316
E564C:A572L:Q575C:S580E,-17.196022033691406
E564C:A572S:Q575R:T581D:N582P,-15.992431640625
E564C:G586I,-8.712257385253906
E564C:G586Q,-10.207375526428223
E564C:N582A,-7.056005001068115
E564C:N582P,-6.884917736053467
E564C:N587E,-6.326175689697266
E564C:N587M,-6.85260009765625
E564C:P570C,-10.184993743896484
E564C:Q575C:N582G:R585D:R588P,-5.725571632385254
E564C:Q575C:N587E,-8.001811981201172
E564C:Q575I:N587Q,-11.38582992553711
E564C:Q575N,-8.961565017700195
E564C:Q575N:N587E,-9.589607238769531
E564C:R585D,-5.196660995483398
E564C:R585D:G586E,-8.150186538696289
E564C:R585G,-4.197912216186523
E564C:R585P,-6.3528733253479
E564C:S580C,-9.209295272827148
E564C:S580E:R588D,-7.208140850067139
E564C:S580F,-10.124479293823242
E564C:T581H:R585D,-9.008536338806152
E564C:T581R,-12.530953407287598
E564C:V571D,-11.199932098388672
E564C:V571D:S580E:N582P:R585D:N587E,-15.882387161254883
E564C:V571D:V579W:R588P,-12.831045150756836
E564C:V571F,-11.044022560119629
E564C:V571I,-9.30211067199707
E564C:V571M:N582D:R588G,-8.89175033569336
E564C:V571R,-12.72882080078125
E564C:V571T:Q575C:T581A:R585N,-10.947574615478516
E564C:V579A,-8.285283088684082
E564C:V579W,-11.08580493927002
E564C:V579W:N582P:R585P:N587E,-13.555371284484863
E564C:V579W:N587E,-11.713847160339355
E564C:V579W:R585P:N587E:R588P,-8.612028121948242
E564C:V579W:T581E,-9.673059463500977
E564D:G586H,-10.50003433227539
E564D:G586K,-13.344825744628906
E564D:I565S,-12.886602401733398
E564D:N569H,-13.442353248596191
E564D:N569I,-13.460382461547852
E564D:N587Q,-8.455716133117676
E564D:P570D,-13.950550079345703
E564D:Q575N,-8.643804550170898
E564D:R588I,0.684938907623291
E564D:S580H,-10.296380996704102
E564D:T581R,-12.2131929397583
E564D:V571E,-10.782299041748047
E564D:V571T:S580G,-9.498879432678223
E564D:V579A,-7.967522621154785
E564D:V579L,-8.458589553833008
E564F:G577I:V579W:G586E,-21.029226303100586
E564F:G577P,-12.666032791137695
E564F:G586H,-11.437211990356445
E564F:N582C,-8.344306945800781
E564F:N587Q,-9.392892837524414
E564F:Q575R,-12.882904052734375
E564F:R566H,-10.139670372009277
E564F:R566M,-10.053969383239746
E564F:S580R,-13.994417190551758
E564F:S580W,-12.233329772949219
E564F:T567A,-8.24140739440918
E564F:T568G,-14.852826118469238
E564F:T568M,-14.958752632141113
E564F:V579N,-10.546290397644043
E564G:G577N,-11.135004043579102
E564G:G586R,-14.0418062210083
E564G:N569G,-13.883011817932129
E564G:N569I,-14.293548583984375
E564G:N569I:V579Q,-18.183185577392578
E564G:N582T,-7.99916934967041
E564G:N582V,-6.400533676147461
E564G:P570D,-14.783716201782227
E564G:P570H,-14.406903266906738
E564G:Q575C,-7.8891754150390625
E564G:Q575K,-12.558061599731445
E564G:Q575N,-9.476970672607422
E564G:Q575W,-10.172540664672852
E564G:R585G,-4.71331787109375
E564G:S580E,-9.582639694213867
E564G:T567I,-11.615922927856445
E564G:T567V,-10.450403213500977
E564H:A572P,-12.91932487487793
E564H:G577D,-11.566368103027344
E564H:G586Q,-10.597023010253906
E564H:N569S,-11.97607707977295
E564H:N587Q,-9.163124084472656
E564H:Q575T,-8.6480073928833
E564H:R566I,-9.290847778320312
E564H:R566M,-9.824200630187988
E564H:R585D,-5.586308479309082
E564H:S580D:R588N,-7.877532005310059
E564H:S580Q,-10.249553680419922
E564H:T568Q:P570I:G577P:V579L:G586A,-33.12374496459961
E564H:V571A,-8.568501472473145
E564H:V571M,-9.998023986816406
E564H:V579I,-9.146855354309082
E564I:A572Q,-12.039776802062988
E564I:G577D,-10.655747413635254
E564I:N569F,-14.68082046508789
E564I:N569Q:R588W,-11.099111557006836
E564I:N587S,-7.653937816619873
E564I:P570W:V571F:S580H,-25.362361907958984
E564I:Q575I,-7.78951358795166
E564I:R588G,-2.6604809761047363
E564I:S580C,-8.688322067260742
E564I:S580E,-8.546260833740234
E564I:S580Q,-9.338932037353516
E564I:T567Y,-11.892938613891602
E564I:V571C,-7.908878803253174
E564I:V571D:N587A:R588H,-10.702020645141602
E564I:V571N,-9.154444694519043
E564I:V579G,-8.714574813842773
E564I:V579W:S580P:N582A:R585F:R588E,-11.557580947875977
E564I:V579Y,-9.544733047485352
E564K:A572L,-11.903635025024414
E564K:A572P,-12.282027244567871
E564K:G577D,-10.929071426391602
E564K:N569W,-16.53444480895996
E564K:N582E,-4.587742805480957
E564K:N582S,-7.860564231872559
E564K:P570N,-12.26917839050293
E564K:Q575H:R585H:N587Q:R588M,-8.436722755432129
E564K:Q575T:T581G:R585P,-11.7590913772583
E564K:R588M,-1.2937541007995605
E564K:T568M,-14.091686248779297
E564K:T581S,-8.277334213256836
E564K:V571D:R585A:N587E,-10.337409973144531
E564K:V571I,-9.054460525512695
E564K:V579C,-8.405237197875977
E564K:V579M,-9.13064193725586
E564L:A572H:R585T,-12.269749641418457
E564L:A572S,-7.064248085021973
E564L:G586R,-13.169266700744629
E564L:N569E:P570W:V579G:G586S,-31.134830474853516
E564L:N569F,-14.844659805297852
E564L:N569K:V579Y,-18.550798416137695
E564L:N569T,-11.926156044006348
E564L:P570H,-13.534363746643066
E564L:P570I,-10.499105453491211
E564L:P570W,-15.264303207397461
E564L:Q575G,-7.138830184936523
E564L:Q575K,-11.685522079467773
E564L:R585P,-5.995739459991455
E564L:R588E,-2.940558433532715
E564L:S580P:T581N:N587K,-17.226198196411133
E564L:T567A:A572H:R585T,-14.193607330322266
E564L:T567L,-11.420422554016113
E564L:T568E:P570I:N582T,-22.01347541809082
E564L:T568G,-13.876276016235352
E564L:T568H:N587I:R588Q,-13.30229377746582
E564L:T568K,-15.95440673828125
E564L:T568M,-13.982202529907227
E564L:T581Q,-7.686521053314209
E564L:V571E,-10.742925643920898
E564L:V571F,-10.686888694763184
E564L:V579W:R585D,-10.227198600769043
E564L:V579W:S580E:R588P,-10.34121322631836
E564N:G586P,-7.338003635406494
E564N:I565A,-12.449278831481934
E564N:P570N,-12.659656524658203
E564N:P570R,-15.454668045043945
E564N:R566Q,-9.077520370483398
E564N:R585E,-4.7432756423950195
E564N:R585W,-7.310886859893799
E564N:R588Q,-3.695535659790039
E564N:S580F,-10.267306327819824
E564N:S580N:R585K:R588N,-10.88953971862793
E564N:S580W:N582M,-12.544553756713867
E564N:T567F,-12.333898544311523
E564N:T567W,-14.371674537658691
E564N:T568K,-16.454368591308594
E564N:T568R,-16.892780303955078
E564N:T581E,-4.428215026855469
E564N:T581E:R588N,-2.569875717163086
E564N:V571Q,-10.320856094360352
E564N:V579H,-10.766899108886719
E564N:V579Q,-9.730598449707031
E564N:V579W,-11.228631973266602
E564P:N569C,-12.874677658081055
E564P:N569F,-15.65172004699707
E564P:N582H:N587D,-10.353570938110352
E564P:P570C:A572C:T581M:R585Q,-17.00722885131836
E564P:Q575H:S580K,-16.98636817932129
E564P:Q575N,-9.411491394042969
E564P:R566H:V579W:N582G:R585P,-18.622425079345703
E564P:R566N:T581E:R585Q,-6.659232139587402
E564P:R585G,-4.647838592529297
E564P:R585N,-6.165925979614258
E564P:R588D,-4.288966178894043
E564P:T567A,-8.071917533874512
E564P:T567C,-7.899176597595215
E564P:T581E:R585I,-3.9238791465759277
E564P:V571Q:Q575D:G586I,-18.094139099121094
E564P:V579A,-8.735209465026855
E564Q:I565A:T568R,-22.48907470703125
E564Q:N582G:R585P:R588P,-4.336951732635498
E564Q:P570T:G586Q,-13.57729434967041
E564Q:Q575M,-7.571166038513184
E564Q:Q575R,-11.394292831420898
E564Q:R585D,-4.327465534210205
E564Q:R585P,-5.483677864074707
E564Q:R588G,-2.3122591972351074
E564Q:R588P,-1.0723791122436523
E564Q:S580D,-8.477027893066406
E564Q:T567L,-10.908361434936523
E564Q:T581M,-8.419414520263672
E564Q:V571K:N582Q,-11.072287559509277
E564Q:V571W:G586E,-15.081401824951172
E564Q:V579F,-8.509825706481934
E564Q:V579M,-8.5090970993042
E564Q:V579Q,-8.718576431274414
E564Q:V579W,-10.216609954833984
E564Q:V579W:N587E,-10.84465217590332
E564Q:V579W:R588P,-6.460050582885742
E564R:G577A,-11.361275672912598
E564R:G586H,-11.627270698547363
E564R:G586Q,-11.016851425170898
E564R:N569G:G577I,-20.547561645507812
E564R:N569H,-14.569589614868164
E564R:N582I,-6.35676383972168
E564R:P570N,-13.32630443572998
E564R:P570R,-16.12131690979004
E564R:Q575P,-10.68533706665039
E564R:Q575V,-9.09472370147705
E564R:R566K,-9.205580711364746
E564R:R585C,-5.811437129974365
E564R:R585F,-6.488790988922119
E564R:T568K,-17.121015548706055
E564R:T581M,-10.098085403442383
E564R:T581N,-9.171099662780762
E564S:G586K,-13.514690399169922
E564S:N569I,-13.630247116088867
E564S:N582Q,-4.955593109130859
E564S:N587I,-5.299627304077148
E564S:Q575C:S580F:T581H:N582P:N587E,-17.278921127319336
E564S:R566P,-11.506366729736328
E564S:R585F,-5.531419277191162
E564S:R585P,-6.204977035522461
E564S:R588I,0.5150747299194336
E564S:S580N,-9.774358749389648
E564S:T567K,-13.183883666992188
E564S:T568D:Q575C:V579R,-24.843734741210938
E564S:T568P,-15.551578521728516
E564S:T581D,-6.3691487312316895
E564S:T581K,-11.850982666015625
E564S:T581N,-8.213727951049805
E564S:V571D:T581H:G586L,-18.081247329711914
E564S:V571R,-12.580924034118652
E564S:V579T:N587P,-8.285759925842285
E564T:A572C:Q575F:G586L,-14.399238586425781
E564T:G577I,-11.518794059753418
E564T:N569E,-13.900948524475098
E564T:N569H:N582H,-16.01354217529297
E564T:N569S:S580D:R585E:N587G,-15.919990539550781
E564T:N569T:N582D:N587A,-15.023172378540039
E564T:N582E,-4.2855730056762695
E564T:N582G,-7.758146286010742
E564T:Q575F:R585K,-10.025161743164062
E564T:Q575M:R585N:G586Q,-12.41765022277832
E564T:R566G,-7.742513179779053
E564T:R585P,-5.803053379058838
E564T:R588A,-1.232168436050415
E564T:R588W,-3.1588263511657715
E564T:S580C,-8.659475326538086
E564T:S580M:R588P,-5.589191436767578
E564T:T567K,-12.781959533691406
E564T:T567P,-11.912532806396484
E564T:T567S,-6.990303993225098
E564T:T568M,-13.78951644897461
E564T:T568Q:V571A:S580K:T581H,-28.279804229736328
E564T:V571D:Q575I:S580W:T581H,-22.990123748779297
E564T:V571Q,-9.628210067749023
E564V:N569A:T581R:N587P,-18.61431121826172
E564V:N587D,-6.2565507888793945
E564V:N587I,-4.6036787033081055
E564V:P570R:V579W:S580A,-22.48453712463379
E564V:P570S,-9.196939468383789
E564V:Q575K,-11.198810577392578
E564V:Q575T:G577S,-12.035274505615234
E564V:R585M,-4.5133280754089355
E564V:T567I,-10.256671905517578
E564V:T567P:S580N:N582P,-17.029415130615234
E564V:V571F,-10.200178146362305
E564V:V579D,-9.378416061401367
E564V:V579E,-9.340665817260742
E564V:V579L,-7.932504653930664
E564W:A572C,-11.521002769470215
E564W:G577N,-12.602930068969727
E564W:G577S,-12.302225112915039
E564W:G586N,-12.338306427001953
E564W:N582F,-8.838079452514648
E564W:N582G,-10.291297912597656
E564W:N582K,-13.661857604980469
E564W:N587G,-10.014440536499023
E564W:N587R,-15.082996368408203
E564W:P570I,-12.839570999145508
E564W:P570W,-17.604768753051758
E564W:Q575I:S580D:N587K,-21.109481811523438
E564W:Q575W,-11.640467643737793
E564W:R566D,-12.740047454833984
E564W:R566D:T567V,-16.976913452148438
E564W:S580K,-15.074429512023926
E564W:S580P,-9.735602378845215
E564W:T567R:P570E:T581M,-27.279830932617188
E564W:T567R:T568D:G586S,-28.72345733642578
E564W:T568G,-16.21674156188965
E564W:T581D,-8.500377655029297
E564W:T581N,-10.344956398010254
E564W:V571G,-11.301847457885742
E564W:V571N,-11.658750534057617
E564W:V579D,-12.20559310913086
E564W:V579Q,-11.571104049682617
G577A:G586I,-7.867791175842285
G577A:R585D:G586T,-8.165590286254883
G577A:R585N,-4.871532440185547
G577A:R585W,-6.3235931396484375
G577A:V579A,-7.4408159255981445
G577A:V579R,-13.025043487548828
G577A:V579W,-10.241338729858398
G577D:N582M,-6.26639986038208
G577D:N582Q,-4.883943557739258
G577D:N587D,-6.880849838256836
G577D:N587S,-7.9553656578063965
G577D:R585N:R588P,-1.7398946285247803
G577D:R588G,-2.9619088172912598
G577D:S580M,-9.676024436950684
G577D:V579F,-9.159475326538086
G577D:V579M,-9.158746719360352
G577H:G586L,-9.84249496459961
G577H:G586P,-8.122201919555664
G577H:N582I,-6.474314212799072
G577H:N582W,-10.178251266479492
G577H:R588G,-4.108480453491211
G577H:R588W,-4.635672092437744
G577H:T581G,-9.718801498413086
G577H:V579C,-9.579913139343262
G577H:V579G,-10.162574768066406
G577H:V579P,-11.600286483764648
G577H:V579W,-12.01283073425293
G577H:V579Y,-10.992733001708984
G577I:G586L,-9.58781623840332
G577I:N587A,-7.860130310058594
G577I:N587H,-10.174461364746094
G577I:R585E,-5.272795677185059
G577I:R585T,-5.654883861541748
G577I:S580I,-9.839742660522461
G577I:T581Q,-8.716001510620117
G577I:V579A:N587K,-16.125200271606445
G577I:V579E,-10.856857299804688
G577K:N587E,-9.540243148803711
G577K:R588N,-7.053861618041992
G577K:S580V,-12.257272720336914
G577K:T581Q,-11.257722854614258
G577K:V579G,-12.449615478515625
G577K:V579I,-11.971275329589844
G577K:V579K,-16.77341651916504
G577K:V579T,-11.673734664916992
G577L:N582K,-12.32407283782959
G577L:N587A:R588G,-5.316652297973633
G577L:N587M,-7.498147964477539
G577L:V579A,-8.930830955505371
G577N:G586D,-8.523590087890625
G577N:G586P,-6.418508052825928
G577N:N582E,-4.058724403381348
G577N:N582F:R588P,-2.3215198516845703
G577N:N582S,-7.331545829772949
G577N:N587A,-6.411114692687988
G577N:R585Q,-3.863759756088257
G577N:R585T,-4.205868244171143
G577N:R588E,-2.521023750305176
G577N:R588T,-1.329021692276001
G577N:S580H,-9.837472915649414
G577N:S580V,-8.266536712646484
G577N:T581S,-7.748316287994385
G577N:V579R,-13.092842102050781
G577P:G586Q,-10.857725143432617
G577P:N582R,-12.820274353027344
G577P:R585A,-5.105568885803223
G577P:R585M,-6.007522106170654
G577P:R585N,-6.3663482666015625
G577P:S580F:R585E:N587Q,-12.752486228942871
G577P:S580N,-10.57260513305664
G577P:T581G,-9.442124366760254
G577P:V579G,-9.885897636413574
G577P:V579L,-9.426698684692383
G577Q:G586A,-8.930706024169922
G577Q:G586A:R588P,-5.17414665222168
G577Q:R585D,-5.424001693725586
G577Q:R585F,-5.906656265258789
G577Q:R585I:G586E:R588M,-3.910834789276123
G577Q:R588P,-2.168915271759033
G577Q:S580G,-8.985416412353516
G577Q:S580I,-9.394735336303711
G577Q:S580V,-9.270545959472656
G577Q:T581D:R588K,-9.125365257263184
G577Q:V579C,-8.880228042602539
G577Q:V579C:G586A:R588P,-8.128900527954102
G577Q:V579M:R585H,-10.227913856506348
G577S:N582G,-7.230592727661133
G577S:N582I,-4.46991491317749
G577S:N582T,-6.406390190124512
G577S:N587A,-6.110409736633301
G577S:R585Q,-3.5630548000335693
G577S:R585S,-3.784306526184082
G577S:S580A:G586P,-8.746671676635742
G577S:S580C:T581S,-10.958773612976074
G577S:S580I,-8.090021133422852
G577S:V579W,-10.008431434631348
G586A:N587R,-10.406763076782227
G586A:R588A,0.9109137058258057
G586D:N587D,-5.004386901855469
G586D:N587E,-4.230166912078857
G586D:R588E,-1.201683521270752
G586D:R588G,-1.0854458808898926
G586D:R588I,2.4631872177124023
G586D:R588Q,-1.4566998481750488
G586E:N587D,-4.35578727722168
G586E:N587D:R588A,-0.43964219093322754
G586E:N587E,-3.5815672874450684
G586E:N587E:R588E,-1.1811261177062988
G586E:R588A,0.9626200199127197
G586E:R588N,-1.0951857566833496
G586E:R588P,0.8030338287353516
G586E:R588Q,-0.8081002235412598
G586E:R588S,-0.17490339279174805
G586H:N587D,-6.521924018859863
G586H:R588G,-2.602982997894287
G586H:R588W,-3.1301746368408203
G586K:R588M,-3.8077235221862793
G586L:N587P:R588Q,-1.0458989143371582
G586L:R588A,0.6988098621368408
G586L:R588D,-1.3582415580749512
G586N:N587A,-6.146490097045898
G586N:N587Q,-7.732183456420898
G586N:N587Q:R588E,-5.331742286682129
G586P:N587H:R588A,-1.3848786354064941
G586Q:N587M,-5.663708686828613
G586R:R588S,-5.04964542388916
G586R:R588W,-5.838779926300049
G586S:N587E,-4.20851993560791
G586S:N587E:R588D,-2.34942626953125
G586T:N587H,-7.617376804351807
I565A:G577I,-12.978798866271973
I565A:N582A,-7.966189861297607
I565A:N582T,-8.393948554992676
I565A:N587D,-8.010580062866211
I565A:R566S,-8.535594940185547
I565A:R585A,-5.36540412902832
I565A:R585D,-6.106845855712891
I565A:R585F,-6.589500427246094
I565A:R588E,-4.207877159118652
I565A:R588M,-2.4515891075134277
I565A:R588P,-2.851759433746338
I565A:S580N,-10.832440376281738
I565A:T581R,-13.44113826751709
I565S:A572N,-12.81072998046875
I565S:G577A,-12.359896659851074
I565S:G586S,-11.086708068847656
I565S:N569Q,-15.417669296264648
I565S:N582H,-10.309478759765625
I565S:P570N,-14.324925422668457
I565S:Q575E,-11.766317367553711
I565S:Q575N,-10.769661903381348
I565S:R566H,-11.328350067138672
I565S:R566P:V571R:R585S,-19.656591415405273
I565S:R585W,-8.976156234741211
I565S:S580W:N587H,-17.22599220275879
I565S:T567A,-9.43008804321289
I565S:T567R,-15.521259307861328
I565S:T568P,-17.507572174072266
I565S:T568R,-18.558048248291016
I565S:T581M,-11.09670639038086
I565S:V571W,-14.805168151855469
N569A:A572C,-10.79275131225586
N569A:G586L,-10.170549392700195
N569A:N582V,-7.140208721160889
N569A:Q575C,-8.628850936889648
N569A:Q575W,-10.912216186523438
N569A:R585P,-7.607954025268555
N569A:R588S,-4.1745924949646
N569A:S580I,-10.422475814819336
N569A:T581M,-10.543691635131836
N569A:T581M:R585T,-9.828094482421875
N569A:V571E,-12.355140686035156
N569A:V571K,-13.791208267211914
N569A:V571Q:Q575S:R585F,-13.732378005981445
N569C:A572H,-14.370964050292969
N569C:A572N,-12.031118392944336
N569C:G577D:S580T:R588M,-11.444734573364258
N569C:G577S,-11.34737777709961
N569C:G586A,-9.731849670410156
N569C:G586E,-9.680143356323242
N569C:G586R,-14.554884910583496
N569C:N582K,-12.707009315490723
N569C:N587G,-9.059593200683594
N569C:P570A:V579K,-18.390613555908203
N569C:P570C:A572Q:G577P:S580H,-29.340585708618164
N569C:R585F,-6.707799911499023
N569C:R585P,-7.381357669830322
N569C:S580A,-9.355486869812012
N569C:V579I,-9.78569221496582
N569D:A572H,-14.972663879394531
N569D:G586L,-10.545652389526367
N569D:P570E,-15.321174621582031
N569D:R585D,-6.826844215393066
N569D:S580R,-15.005184173583984
N569D:T581M,-10.918793678283691
N569D:V571H:N587G,-15.266361236572266
N569D:V579T,-10.089850425720215
N569E:A572K,-17.481849670410156
N569E:A572L,-15.205787658691406
N569E:N582V,-8.939629554748535
N569E:N582W,-12.305727005004883
N569E:P570G,-14.43564224243164
N569E:Q575S,-11.070720672607422
N569E:R585S,-7.916181564331055
N569E:R588A,-4.836489677429199
N569E:R588I,-2.6873230934143066
N569E:S580E,-12.121736526489258
N569E:S580G,-11.812577247619629
N569E:S580Q,-12.914407730102539
N569E:V571K:Q575F,-17.784679412841797
N569E:V579D,-13.276762008666992
N569F:N582G,-12.113492965698242
N569F:N582M,-10.291472434997559
N569F:Q575H,-12.949005126953125
N569F:R585F,-9.484842300415039
N569F:S580E:N582A:N587I,-13.980022430419922
N569F:V579G,-13.041074752807617
N569G:A572F,-15.072399139404297
N569G:A572K,-16.3986873626709
N569G:G577D,-13.148059844970703
N569G:G577K,-16.58167266845703
N569G:G586H,-12.789134979248047
N569G:N582D,-9.469524383544922
N569G:N582P,-8.856256484985352
N569G:N587K,-14.837043762207031
N569G:P570K:S580T:R588H,-18.936065673828125
N569G:R585A,-6.426558494567871
N569G:R585H,-8.291753768920898
N569G:R588A,-3.7533276081085205
N569G:S580A,-10.298341751098633
N569G:V571D:S580F:T581E:N587E,-16.812915802001953
N569G:V579E,-12.15584945678711
N569H:A572K,-16.791194915771484
N569H:A572P:S580K,-22.286487579345703
N569H:A572R,-17.140422821044922
N569H:N582A,-9.419851303100586
N569H:N582T,-9.847610473632812
N569H:N587M,-9.216446876525879
N569H:P570M,-14.576119422912598
N569H:Q575D,-12.5140380859375
N569H:Q575H,-11.507325172424316
N569H:T581E,-6.649234771728516
N569H:V571F,-13.407869338989258
N569I:G577H,-14.705168724060059
N569I:N582F,-9.236623764038086
N569I:N587K,-15.247580528259277
N569I:P570G:V571P,-20.188377380371094
N569I:V579Y,-12.447583198547363
N569K:G577H,-15.467384338378906
N569K:G577Q,-14.767699241638184
N569K:G586I,-11.85634994506836
N569K:G586T,-12.655620574951172
N569K:N582I,-8.69137954711914
N569K:N587D,-10.244487762451172
N569K:Q575A,-10.94404125213623
N569K:Q575N:N582R,-18.577449798583984
N569K:Q575P,-13.019952774047852
N569K:Q575V,-11.429340362548828
N569K:R585S,-8.00577163696289
N569K:R585T,-8.126628875732422
N569K:T581G,-11.935867309570312
N569K:T581I,-11.749635696411133
N569K:V579N,-13.070965766906738
N569K:V579Y,-13.209798812866211
N569M:G577A,-13.434844970703125
N569M:G577Q,-14.50665283203125
N569M:N582M,-9.368990898132324
N569M:P570K:V571E:T581E:N587Q,-24.982627868652344
N569M:P570W,-18.50448226928711
N569M:Q575P,-12.758907318115234
N569M:R585A,-7.338264465332031
N569M:R588S,-5.802556991577148
N569M:S580E:N587S,-14.427057266235352
N569M:T581A,-11.078553199768066
N569M:T581D:R588Q,-7.254665374755859
N569P:A572I,-16.871044158935547
N569P:G577K,-19.553598403930664
N569P:G577Q,-16.566871643066406
N569P:G586N,-15.298237800598145
N569P:G586T,-14.454793930053711
N569P:N582F,-11.798011779785156
N569P:Q575H,-14.086742401123047
N569P:Q575W,-14.600399017333984
N569P:R585A:G586R,-17.22675132751465
N569P:R585K,-13.324193954467773
N569P:V579H,-15.567337036132812
N569Q:A572C,-11.7509765625
N569Q:A572K:R585W:R588D,-16.25148582458496
N569Q:G577D,-13.390027046203613
N569Q:G577K,-16.823640823364258
N569Q:N582C,-9.938196182250977
N569Q:N582F,-9.068053245544434
N569Q:N587A,-9.401089668273926
N569Q:P570M,-14.425579071044922
N569Q:P570N:R585M,-14.389174461364746
N569Q:Q575E,-12.171526908874512
N569Q:R585C,-7.215267658233643
N569Q:R585I,-7.100004196166992
N569Q:R585K,-10.594236373901367
N569Q:R588A,-3.9952943325042725
N569Q:S580H,-12.827447891235352
N569Q:S580K,-15.304403305053711
N569Q:V579C,-10.866193771362305
N569Q:V579E,-12.397815704345703
N569R:A572C,-13.360671043395996
N569R:G577S,-14.14189338684082
N569R:P570G,-15.204139709472656
N569R:P570K,-18.858057022094727
N569R:R585H,-10.143413543701172
N569R:T581N,-12.184623718261719
N569R:T581S,-12.347984313964844
N569R:V579L,-12.599349975585938
N569S:G577I,-12.258776664733887
N569S:G586N,-10.545136451721191
N569S:G586Q,-10.397538185119629
N569S:P570G,-11.57130241394043
N569S:P570I:G577H:R588N,-15.81322193145752
N569S:Q575W:N582A:N587P,-11.179157257080078
N569S:R585A,-4.645381927490234
N569S:S580P,-7.942432880401611
N569S:S580V,-9.233367919921875
N569S:T581A,-8.38567066192627
N569S:T581H,-9.70017147064209
N569S:V571S,-7.665340423583984
N569S:V579E,-10.374672889709473
N569S:V579S,-8.699901580810547
N569T:G577A,-11.438823699951172
N569T:G586K,-14.549609184265137
N569T:N582W,-10.138248443603516
N569T:N587G,-8.918131828308105
N569T:Q575H,-10.030501365661621
N569T:Q575V,-9.172271728515625
N569T:R585M,-6.244195938110352
N569T:S580K,-13.978120803833008
N569T:V571A:A572L:Q575P:R588Q,-17.551332473754883
N569T:V571F,-11.931045532226562
N569T:V579Q,-10.474794387817383
N569T:V579R,-14.7565336227417
N569T:V579Y,-10.952730178833008
N569W:N582P,-12.270746231079102
N569W:Q575E:G577N:N582G,-22.875347137451172
N569W:R585H,-11.706241607666016
N569W:R588Q,-8.938536643981934
N569W:T581P,-13.489776611328125
N569W:V571R,-18.114648818969727
N582A:N587D,-2.760133743286133
N582A:N587E,-1.9859137535095215
N582A:N587K,-8.525442123413086
N582A:R585C:N587E,-1.2897419929504395
N582A:R585C:R588N,1.1966395378112793
N582A:R585E,-0.26018691062927246
N582A:R585G,0.1423499584197998
N582A:R585G:R588P,3.898908853530884
N582A:R585H,-1.9801521301269531
N582A:R585I,-0.5464363098144531
N582A:R585N:R588D,0.483356237411499
N582A:R585Q,-0.30016636848449707
N582A:R585S:R588A,3.3947269916534424
N582A:R585W,-2.8277978897094727
N582A:R585W:R588E,-0.4273567199707031
N582A:R588E,1.042569637298584
N582A:R588I,4.707440376281738
N582A:R588M,2.7988576889038086
N582A:R588Q,0.7875533103942871
N582A:R588S,1.4207501411437988
N582A:R588T,2.234571695327759
N582C:G586K,-9.991209983825684
N582C:G586P,-3.5238003730773926
N582C:N587P,-2.0007457733154297
N582C:R585F:R588N,-0.14960002899169922
N582C:R585H,-2.6490378379821777
N582C:R585H:R588S,0.12958383560180664
N582C:R585I,-1.2153220176696777
N582C:R585N:R588A,1.8715219497680664
N582C:R585W:R588M,0.6600456237792969
N582C:R588A,1.889387845993042
N582C:R588D,-0.16766357421875
N582C:R588G,0.48992156982421875
N582C:R588I,4.038554668426514
N582C:R588N,-0.16841793060302734
N582C:R588S,0.7518644332885742
N582C:R588W,-0.03727006912231445
N582D:G586E,-4.75357723236084
N582D:G586E:N587D:R588P,-2.399280548095703
N582D:G586E:N587E,-5.381619453430176
N582D:G586L,-5.017387390136719
N582D:N587D,-3.2023143768310547
N582D:N587E,-2.4280943870544434
N582D:N587E:R588A,1.4880506992340088
N582D:N587E:R588M,1.7286348342895508
N582D:N587E:R588N,-0.5697550773620605
N582D:N587E:R588Q,-0.2826695442199707
N582D:N587E:R588T,1.164348840713501
N582D:N587E:R588W,-0.43860721588134766
N582D:R585A,-0.557138204574585
N582D:R585A:R588A,3.359006881713867
N582D:R585A:R588D,1.3019554615020752
N582D:R585A:R588E,1.8433029651641846
N582D:R585A:R588H,0.9094502925872803
N582D:R585A:R588I,5.508173942565918
N582D:R585A:R588M,3.599591016769409
N582D:R585A:R588N,1.3012011051177979
N582D:R585A:R588Q,1.5882866382598877
N582D:R585D,-1.2985796928405762
N582D:R585D:N587E,-1.926621913909912
N582D:R585D:N587E:R588D,-0.06752824783325195
N582D:R585D:N587E:R588N,-0.0682826042175293
N582D:R585D:N587E:R588T,1.6658213138580322
N582D:R585D:R588D,0.560513973236084
N582D:R585D:R588E,1.1018614768981934
N582D:R585F,-1.7812342643737793
N582D:R585F:N587E:R588S,0.36934518814086914
N582D:R585G,-0.29983067512512207
N582D:R585G:N587D,-1.7020928859710693
N582D:R585G:R588A,3.61631441116333
N582D:R585G:R588D,1.559262990951538
N582D:R585G:R588I,5.765480995178223
N582D:R585G:R588P,3.456728219985962
N582D:R585G:R588Q,1.8455941677093506
N582D:R585G:R588S,2.4787909984588623
N582D:R585G:R588T,3.2926125526428223
N582D:R585G:R588W,1.6896564960479736
N582D:R585H,-2.422332763671875
N582D:R585H:N587E,-3.050374984741211
N582D:R585H:N587E:R588A,0.8657701015472412
N582D:R585H:N587E:R588E,-0.6499338150024414
N582D:R585H:N587E:R588M,1.1063542366027832
N582D:R585H:R588A,1.4938123226165771
N582D:R585H:R588D,-0.5632390975952148
N582D:R585H:R588I,3.642979145050049
N582D:R585H:R588N,-0.5639934539794922
N582D:R585H:R588Q,-0.27690792083740234
N582D:R585H:R588S,0.3562889099121094
N582D:R585H:R588W,-0.4328455924987793
N582D:R585I,-0.988616943359375
N582D:R585I:N587E,-1.616659164428711
N582D:R585I:N587E:R588G,0.900019645690918
N582D:R585I:N587E:R588I,4.448652744293213
N582D:R585I:N587E:R588M,2.540070056915283
N582D:R585I:N587E:R588N,0.24168014526367188
N582D:R585I:N587E:R588Q,0.5287656784057617
N582D:R585I:N587E:R588S,1.1619625091552734
N582D:R585I:N587E:R588T,1.9757840633392334
N582D:R585I:R588E,1.4118242263793945
N582D:R585I:R588M,3.168112277984619
N582D:R585I:R588N,0.8697223663330078
N582D:R585I:R588Q,1.1568078994750977
N582D:R585M,-1.4590916633605957
N582D:R585M:G586E,-4.412616729736328
N582D:R585M:G586E:N587E,-5.040658950805664
N582D:R585M:N587E:R588M,2.0695953369140625
N582D:R585M:R588D,0.40000200271606445
N582D:R585M:R588E,0.9413495063781738
N582D:R585M:R588M,2.6976375579833984
N582D:R585M:R588Q,0.686333179473877
N582D:R585M:R588T,2.1333515644073486
N582D:R585N,-1.817918062210083
N582D:R585N:N587E,-2.445960283279419
N582D:R585N:N587E:R588H,-0.9793717861175537
N582D:R585N:N587E:R588S,0.33266139030456543
N582D:R585N:R588A,2.098227024078369
N582D:R585N:R588D,0.04117560386657715
N582D:R585N:R588E,0.5825231075286865
N582D:R585N:R588I,4.247393608093262
N582D:R585N:R588M,2.338811159133911
N582D:R585N:R588N,0.040421247482299805
N582D:R585N:R588Q,0.32750678062438965
N582D:R585N:R588S,0.9607036113739014
N582D:R585N:R588T,1.7745251655578613
N582D:R585P,-2.454792022705078
N582D:R585P:R588H,-0.9882035255432129
N582D:R585P:R588I,3.6105198860168457
N582D:R585P:R588T,1.1376512050628662
N582D:R585Q,-0.742347002029419
N582D:R585Q:N587D,-2.144609212875366
N582D:R585Q:N587D:R588M,2.012120008468628
N582D:R585Q:N587E,-1.3703892230987549
N582D:R585Q:N587E:R588A,2.5457558631896973
N582D:R585Q:N587E:R588D,0.4887044429779053
N582D:R585Q:N587E:R588I,4.69492244720459
N582D:R585Q:N587E:R588M,2.7863399982452393
N582D:R585Q:N587E:R588N,0.48795008659362793
N582D:R585Q:N587E:R588Q,0.7750356197357178
N582D:R585Q:N587E:R588T,2.2220540046691895
N582D:R585Q:R588A,3.173798084259033
N582D:R585Q:R588D,1.1167466640472412
N582D:R585Q:R588H,0.7242414951324463
N582D:R585Q:R588I,5.322964668273926
N582D:R585Q:R588M,3.414382219314575
N582D:R585Q:R588N,1.1159923076629639
N582D:R585Q:R588S,2.0362746715545654
N582D:R585S,-0.9635987281799316
N582D:R585S:N587E,-1.5916409492492676
N582D:R585S:R588D,0.8954949378967285
N582D:R585S:R588E,1.436842441558838
N582D:R585S:R588H,0.5029897689819336
N582D:R585S:R588I,5.101713180541992
N582D:R585S:R588N,0.8947405815124512
N582D:R585S:R588S,1.8150229454040527
N582D:R585T,-1.0844554901123047
N582D:R585T:N587E:R588I,4.352814197540283
N582D:R585T:R588A,2.8316895961761475
N582D:R585T:R588D,0.7746381759643555
N582D:R585T:R588E,1.3159856796264648
N582D:R585T:R588H,0.38213300704956055
N582D:R585T:R588M,3.0722737312316895
N582D:R585T:R588Q,1.060969352722168
N582D:R585T:R588W,0.905031681060791
N582D:R585W:N587D,-4.672240734100342
N582D:R585W:N587E,-3.8980207443237305
N582D:R588A,2.1160929203033447
N582D:R588D,0.059041500091552734
N582D:R588E,0.6003890037536621
N582D:R588H,-0.3334636688232422
N582D:R588I,4.265259742736816
N582D:R588M,2.3566770553588867
N582D:R588N,0.05828714370727539
N582D:R588Q,0.34537267684936523
N582D:R588S,0.978569507598877
N582D:R588T,1.792391061782837
N582D:R588W,0.18943500518798828
N582E:G586E,-2.0907845497131348
N582E:G586L:R588N,-0.49625539779663086
N582E:N587A,-0.6269093751907349
N582E:N587D,-0.5395215749740601
N582E:N587E,0.23469841480255127
N582E:N587E:R588D,2.093791961669922
N582E:N587E:R588E,2.6351394653320312
N582E:N587E:R588S,3.013319969177246
N582E:N587E:R588W,2.2241854667663574
N582E:R585A,2.105654716491699
N582E:R585A:G586E:N587E:R588I,4.5893988609313965
N582E:R585A:N587D:R588A,4.619537353515625
N582E:R585A:N587D:R588E,3.1038336753845215
N582E:R585A:N587D:R588I,6.768704414367676
N582E:R585A:N587D:R588S,3.4820141792297363
N582E:R585A:N587D:R588T,4.295835494995117
N582E:R585A:N587E:R588Q,3.623037338256836
N582E:R585A:N587E:R588T,5.070055961608887
N582E:R585A:R588A,6.0218000411987305
N582E:R585A:R588N,3.963993787765503
N582E:R585A:R588S,4.884276390075684
N582E:R585D,1.3642131090164185
N582E:R585D:N587E,0.7361708879470825
N582E:R585D:N587E:R588Q,2.8815956115722656
N582E:R585D:R588D,3.223306655883789
N582E:R585D:R588Q,3.5096378326416016
N582E:R585D:R588W,3.3537001609802246
N582E:R585E,1.9604252576828003
N582E:R585E:N587D:R588A,4.474308013916016
N582E:R585E:N587D:R588H,2.024751663208008
N582E:R585E:N587E,1.3323830366134644
N582E:R585E:N587E:R588E,3.7328243255615234
N582E:R585E:R588Q,4.1058502197265625
N582E:R585E:R588W,3.9499123096466064
N582E:R585F,0.8815585374832153
N582E:R585F:N587D,-0.5207036733627319
N582E:R585F:N587D:R588H,0.9458848237991333
N582E:R585F:N587D:R588Q,1.6247211694717407
N582E:R585F:N587D:R588S,2.257917881011963
N582E:R585F:N587E,0.2535163164138794
N582E:R585F:N587E:R588S,3.032137870788574
N582E:R585F:R588E,3.2819995880126953
N582E:R585G,2.362962245941162
N582E:R585G:G586P:R588D,2.72501277923584
N582E:R585G:N587D,0.9606999158859253
N582E:R585G:N587D:R588I,7.026011943817139
N582E:R585G:N587E:R588S,4.5135416984558105
N582E:R585G:N587E:R588T,5.327363014221191
N582E:R585G:N587E:R588W,3.724407196044922
N582E:R585G:R588I,8.428274154663086
N582E:R585G:R588W,4.352449417114258
N582E:R585H:N587D,-1.1618021726608276
N582E:R585H:N587D:R588H,0.3047863245010376
N582E:R585H:N587E,-0.3875821828842163
N582E:R585H:N587E:R588E,2.0128588676452637
N582E:R585H:R588H,1.7070484161376953
N582E:R585H:R588T,3.8329033851623535
N582E:R585I,1.6741758584976196
N582E:R585I:G586E:N587D,-2.6816115379333496
N582E:R585I:N587E,1.0461336374282837
N582E:R585I:N587E:R588D,2.9052271842956543
N582E:R585I:N587E:R588E,3.4465746879577637
N582E:R585I:N587E:R588T,4.638576984405518
N582E:R585I:N587E:R588W,3.03562068939209
N582E:R585I:R588A,5.590321063995361
N582E:R585I:R588M,5.830904960632324
N582E:R585I:R588N,3.532515048980713
N582E:R585I:R588W,3.663662910461426
N582E:R585M,1.203701138496399
N582E:R585M:N587D:R588A,3.7175841331481934
N582E:R585M:N587D:R588E,2.2018799781799316
N582E:R585M:R588I,7.269012928009033
N582E:R585M:R588N,3.062040328979492
N582E:R585N,0.8448747396469116
N582E:R585N:N587D:R588S,2.2212343215942383
N582E:R585N:N587D:R588W,1.43209969997406
N582E:R585N:N587E:R588E,2.6172738075256348
N582E:R585N:N587E:R588G,2.733511447906494
N582E:R585N:N587E:R588Q,2.362257480621338
N582E:R585N:N587E:R588W,2.206319808959961
N582E:R585N:R588N,2.703213930130005
N582E:R585N:R588W,2.8343617916107178
N582E:R585P,0.2080007791519165
N582E:R585P:N587E:R588Q,1.7253834009170532
N582E:R585P:R588S,2.9866223335266113
N582E:R585Q,1.9204457998275757
N582E:R585Q:N587E,1.2924035787582397
N582E:R585Q:N587E:R588I,7.357715606689453
N582E:R585Q:N587E:R588S,4.071025371551514
N582E:R585Q:R588D,3.7795393466949463
N582E:R585Q:R588M,6.077175140380859
N582E:R585Q:R588N,3.778784990310669
N582E:R585Q:R588Q,4.06587028503418
N582E:R585S,1.699194073677063
N582E:R585S:N587D:R588G,2.813610553741455
N582E:R585S:N587E,1.071151852607727
N582E:R585S:N587E:R588G,3.5878305435180664
N582E:R585S:N587E:R588N,2.9294910430908203
N582E:R585S:R588A,5.615339279174805
N582E:R585S:R588E,4.099635124206543
N582E:R585T,1.57833731174469
N582E:R585T:N587D:R588I,6.241386890411377
N582E:R585T:R588N,3.436676502227783
N582E:R585T:R588Q,3.723762035369873
N582E:R585T:R588S,4.356958866119385
N582E:R585W,-0.6071857213973999
N582E:R585W:N587D,-2.0094480514526367
N582E:R585W:N587D:R588Q,0.1359769105911255
N582E:R588A,4.778885841369629
N582E:R588D,2.721834182739258
N582E:R588E,3.263181686401367
N582E:R588G,3.3794193267822266
N582E:R588H,2.329329013824463
N582E:R588I,6.9280524253845215
N582E:R588M,5.019469738006592
N582E:R588N,2.7210798263549805
N582E:R588P,4.619299411773682
N582E:R588S,3.641362190246582
N582E:R588T,4.455183982849121
N582F:G586A,-4.1618452072143555
N582F:N587D,-2.5588760375976562
N582F:N587G,-3.489589214324951
N582F:N587R,-8.558145523071289
N582F:R585P:R588N,0.046985626220703125
N582F:R585Q,-0.09890866279602051
N582F:R585S,-0.3201603889465332
N582F:R588N,0.7017254829406738
N582G:G586L:R588D,-3.968074321746826
N582G:G586Q:R588M,-2.962345600128174
N582G:N587D,-4.012094974517822
N582G:N587E,-3.237874984741211
N582G:N587G,-4.942808151245117
N582G:N587H,-6.413813591003418
N582G:R585D,-2.1083602905273438
N582G:R585G:N587E,-1.7376534938812256
N582G:R585H:N587M:R588E,-1.9861388206481934
N582G:R585I,-1.7983975410461426
N582G:R585N,-2.6276986598968506
N582G:R585P,-3.2645726203918457
N582G:R585P:N587E:R588T,-0.3001716136932373
N582G:R585P:R588P,0.4919862747192383
N582G:R585T,-1.8942360877990723
N582G:R585T:G586E,-4.847761154174805
N582G:R585W,-4.079759120941162
N582G:R585W:R588T,-0.4873158931732178
N582G:R588A,1.3063123226165771
N582G:R588D,-0.7507390975952148
N582G:R588E,-0.20939159393310547
N582G:R588M,1.5468964576721191
N582G:R588N,-0.7514934539794922
N582G:R588P,1.146726131439209
N582G:R588Q,-0.46440792083740234
N582G:R588T,0.9826104640960693
N582H:G586Q,-7.312490463256836
N582H:G586R,-10.631515502929688
N582H:R588S,-0.024626731872558594
N582I:G586Q,-4.358397006988525
N582I:N587E,-0.47719717025756836
N582I:N587Q,-2.9244980812072754
N582I:R585H,-0.471435546875
N582I:R588A,4.066989898681641
N582I:R588N,2.0091843605041504
N582K:R588K,-8.361371040344238
N582K:R588S,-3.2017698287963867
N582M:N587G,-3.1207876205444336
N582M:N587M,-1.9422788619995117
N582P:G586D,-4.788908958435059
N582P:G586D:R588H,-3.3223204612731934
N582P:G586E,-4.1403093338012695
N582P:G586E:N587E:R588E,-2.367910385131836
N582P:G586Q,-5.69602632522583
N582P:N587E,-1.814826488494873
N582P:N587E:R588G,0.7018523216247559
N582P:N587E:R588N,0.043512821197509766
N582P:N587E:R588S,0.9637951850891113
N582P:N587Q,-4.26212739944458
N582P:R585A:R588S,2.8347513675689697
N582P:R585D,-0.6853117942810059
N582P:R585E,-0.08909964561462402
N582P:R585H,-1.8090648651123047
N582P:R585I,-0.3753490447998047
N582P:R585I:N587D,-1.777611255645752
N582P:R585I:N587E,-1.0033912658691406
N582P:R585N,-1.2046501636505127
N582P:R585N:N587D:R588D,-0.7478187084197998
N582P:R585N:N587E,-1.8326923847198486
N582P:R585P,-1.8415241241455078
N582P:R585S,-0.35033082962036133
N582P:R585T:R588H,0.9954009056091309
N582P:R585W,-2.656710624694824
N582P:R585W:N587E,-3.28475284576416
N582P:R588A,2.729360818862915
N582P:R588D,0.672309398651123
N582P:R588E,1.2136569023132324
N582P:R588G,1.3298945426940918
N582P:R588M,2.969944953918457
N582P:R588N,0.6715550422668457
N582P:R588P,2.569774627685547
N582P:R588Q,0.9586405754089355
N582P:R588S,1.5918374061584473
N582P:R588T,2.4056589603424072
N582Q:N587E,-0.03339827060699463
N582Q:N587M,-0.559822678565979
N582Q:R585D:N587D:R588A,3.609999179840088
N582Q:R585G,2.094865322113037
N582R:G586K,-14.43624496459961
N582R:N587E,-7.099834442138672
N582S:G586Q,-6.919322967529297
N582S:R585K,-5.0928778648376465
N582S:R585Q,-1.3523757457733154
N582S:R585W,-3.880007266998291
N582S:R588K,-4.791060447692871
N582T:G586E:N587E,-5.367197513580322
N582T:G586E:N587E:R588M,-1.2104682922363281
N582T:N587E,-2.41367244720459
N582T:N587M,-2.940096855163574
N582T:R585G,-0.28540873527526855
N582T:R585H,-2.4079108238220215
N582T:R588E,0.6148109436035156
N582V:G586A,-3.192225933074951
N582V:N587D,-1.589256763458252
N582V:N587E,-0.8150367736816406
N582V:N587G,-2.519969940185547
N582V:N587M,-1.341461181640625
N582V:R585C,0.5091772079467773
N582V:R585H,-0.8092751502990723
N582V:R585H:N587M,-1.9637417793273926
N582W:G586P,-5.050135612487793
N582W:R585H,-4.175373077392578
N582W:R585M,-3.212131977081299
N587A:R588H,-0.023061513900756836
N587A:R588P,2.266908884048462
N587D:R588A,2.513882875442505
N587D:R588D,0.4568314552307129
N587D:R588E,0.9981789588928223
N587D:R588G,1.1144165992736816
N587D:R588H,0.06432628631591797
N587D:R588I,4.663049697875977
N587D:R588M,2.754467010498047
N587D:R588N,0.45607709884643555
N587D:R588Q,0.7431626319885254
N587D:R588S,1.376359462738037
N587D:R588T,2.190181016921997
N587E:R588A,3.288102865219116
N587E:R588D,1.2310514450073242
N587E:R588E,1.7723989486694336
N587E:R588G,1.888636589050293
N587E:R588H,0.8385462760925293
N587E:R588I,5.437269687652588
N587E:R588M,3.528687000274658
N587E:R588N,1.2302970886230469
N587E:R588P,3.128516674041748
N587E:R588Q,1.5173826217651367
N587E:R588S,2.1505794525146484
N587E:R588T,2.9644010066986084
N587E:R588W,1.3614449501037598
N587G:R588G,0.18370342254638672
N587G:R588T,1.2594678401947021
N587I:R588T,3.843053102493286
N587K:R588P,-3.4110121726989746
N587M:R588I,4.9108452796936035
N587M:R588M,3.002262592315674
N587P:R588H,1.4925999641418457
N587P:R588N,1.8843507766723633
N587P:R588Q,2.171436309814453
N587Q:R588A,0.8408019542694092
N587S:R588D,-0.6176843643188477
N587S:R588S,0.30184364318847656
P570A:G586L,-7.020114421844482
P570A:N582F,-4.95939302444458
P570A:N582T,-5.588409423828125
P570A:R585Q,-2.7450740337371826
P570A:T581D,-4.62169075012207
P570A:V571D,-9.30457878112793
P570A:V571H,-9.407848358154297
P570A:V579R:R585A:G586A:N587K,-20.90404510498047
P570C:A572C:S580E,-11.6954984664917
P570C:A572S,-6.210108757019043
P570C:A572S:S580D,-9.858199119567871
P570C:G577I,-10.857340812683105
P570C:G577N,-9.4083251953125
P570C:G586D,-8.088985443115234
P570C:Q575E:T581D:N582C:G586A,-14.597847938537598
P570C:R585Q,-3.429155111312866
P570C:R585Q:N587M,-4.583621978759766
P570C:R588A,-0.5707151889801025
P570C:R588T,-0.8944170475006104
P570C:S580A:T581N:N582E,-8.916479110717773
P570C:S580P,-6.54099702835083
P570C:V571D,-9.988658905029297
P570C:V571E:R585C:N587E:R588H,-8.3540678024292
P570C:V571I:S580D:N582A,-13.09679889678955
P570C:V571P,-10.91222095489502
P570C:V579F,-8.167747497558594
P570C:V579I,-7.545934677124023
P570C:V579Q:S580H,-13.292506217956543
P570D:G586D,-12.17230224609375
P570D:G586N,-13.227017402648926
P570D:N582C,-10.59693431854248
P570D:Q575H,-12.015522003173828
P570D:R588P,-4.813618183135986
P570D:R588S,-5.791555404663086
P570D:S580H,-13.486185073852539
P570D:S580K,-15.963140487670898
P570D:T581R,-15.402997016906738
P570D:T581S,-11.397027969360352
P570D:V579G,-12.10759162902832
P570D:V579W,-13.95784854888916
P570E:G586N,-12.649698257446289
P570E:Q575E,-12.252945899963379
P570E:R585A:N587M,-7.904411315917969
P570E:R588D,-6.133764743804932
P570E:S580V,-11.337930679321289
P570G:A572F,-13.085932731628418
P570G:A572L,-12.13615894317627
P570G:G586P,-7.180049896240234
P570G:R585D,-5.181534290313721
P570G:S580D,-9.331096649169922
P570G:T581D,-6.501918315887451
P570G:T581D:N587P,-6.475906848907471
P570G:T581D:R585I:R588H,-4.2238945960998535
P570G:V579S,-8.494612693786621
P570H:A572S,-9.91661262512207
P570H:N582D:R585H:R588N,-8.757356643676758
P570H:N587I,-7.94275426864624
P570H:Q575D,-12.645421981811523
P570H:Q575S,-10.511449813842773
P570H:R585Q:R588A,-3.2195136547088623
P570H:R585W,-9.663290023803711
P570H:S580F,-12.619709968566895
P570H:S580I,-11.662626266479492
P570H:S580N,-12.417486190795898
P570H:S580R,-15.870231628417969
P570H:T581P:R585A:N587Q:R588E,-10.031167030334473
P570I:A572R,-14.236547470092773
P570I:G577L,-11.501787185668945
P570I:G577Q:R588G,-8.566901206970215
P570I:G586H,-10.277767181396484
P570I:G586N,-9.814946174621582
P570I:G586Q,-9.66734790802002
P570I:R588K,-7.539085388183594
P570I:R588S,-2.379484176635742
P570I:T581R,-11.990925788879395
P570I:V579I,-8.217180252075195
P570I:V579Q,-9.047743797302246
P570K:R585A,-8.094009399414062
P570K:R585K,-12.019720077514648
P570K:R585T,-8.621326446533203
P570K:S580F,-13.763269424438477
P570K:S580H,-14.252931594848633
P570K:V579W,-14.724595069885254
P570M:G577K,-15.426340103149414
P570M:G577N,-11.435604095458984
P570M:G577S:V579F,-14.815786361694336
P570M:G586T,-10.327535629272461
P570M:N582R,-12.985931396484375
P570M:Q575V:S580N:N582W,-16.878469467163086
P570M:R588Q,-4.368714332580566
P570M:S580W,-12.429920196533203
P570M:T581R:N582Q,-12.752315521240234
P570M:V571Q,-10.994035720825195
P570M:V579K,-14.375354766845703
P570N:G586H,-11.93835735321045
P570N:Q575M:S580D,-13.209013938903809
P570N:Q575N,-10.082127571105957
P570N:R588N,-4.96035623550415
P570N:T581A,-9.316070556640625
P570N:V571C,-9.5504150390625
P570N:V571D:R585D,-11.819022178649902
P570N:V571E,-12.220621109008789
P570N:V579D,-11.342823028564453
P570N:V579I,-9.877769470214844
P570N:V579W,-12.206367492675781
P570Q:G586T,-10.932305335998535
P570Q:N582M,-7.906721591949463
P570Q:N582R,-13.590702056884766
P570Q:S580D,-10.766999244689941
P570Q:S580M,-11.316346168518066
P570Q:S580P,-9.173046112060547
P570Q:V571C,-9.850627899169922
P570Q:V579H,-12.044848442077637
P570R:A572K,-18.34292221069336
P570R:A572P:Q575F,-18.63930320739746
P570R:G577L:V579Y,-20.324962615966797
P570R:G586D,-13.215831756591797
P570R:G586K,-17.57815933227539
P570R:R585H,-10.23598861694336
P570R:R588N,-7.755368232727051
P570R:V571C,-12.345426559448242
P570R:V571E,-15.015633583068848
P570S:A572Q,-11.205267906188965
P570S:G586K,-12.307104110717773
P570S:N582K,-10.323041915893555
P570S:Q575P,-8.520379066467285
P570S:R585M:G586R,-11.829957008361816
P570S:V571C,-7.07436990737915
P570S:V571R:S580Q,-15.535110473632812
P570S:V571W,-11.641590118408203
P570S:V571W:R588T,-8.04914665222168
P570S:V579W,-9.730321884155273
P570S:V579Y,-8.710224151611328
P570T:G586P,-5.736156940460205
P570T:Q575E,-8.499200820922852
P570T:R585H,-4.86139440536499
P570T:R585I,-3.4276785850524902
P570T:R588W,-2.249626636505127
P570T:S580C:G586S,-11.330753326416016
P570T:T581D,-5.058025360107422
P570T:T581Q,-6.584635257720947
P570T:V571C:N582E:R585D,-5.606619834899902
P570T:V571D:A572C:Q575R:S580V,-23.490877151489258
P570T:V571R,-11.269800186157227
P570T:V571T,-5.297677993774414
P570T:V579L,-7.317330360412598
P570T:V579W,-9.626785278320312
P570W:A572R,-19.001745223999023
P570W:G586E,-12.876829147338867
P570W:G586H,-15.042964935302734
P570W:G586I,-12.937427520751953
P570W:G586Q,-14.43254566192627
P570W:N582T,-11.70893383026123
P570W:N587G,-12.256278991699219
P570W:Q575C,-11.598939895629883
P570W:Q575D,-14.375361442565918
P570W:R588P,-6.166744709014893
P570W:V571F:Q575C:G577D,-22.423416137695312
P570W:V571S,-11.700347900390625
Q575A:G577S,-6.722576141357422
Q575A:G586I,-5.115940093994141
Q575A:N582G,-4.711648941040039
Q575A:N587E,-2.729858160018921
Q575A:N587R,-9.503347396850586
Q575A:R585D,-1.6003434658050537
Q575A:R588E,0.29862523078918457
Q575A:S580E:R585H:G586P:R588M,-3.43351149559021
Q575A:T581E,-0.689070463180542
Q575A:V579G,-5.639230728149414
Q575A:V579M,-5.781974792480469
Q575C:G577H,-8.300795555114746
Q575C:G577S,-6.296396255493164
Q575C:G586L,-4.892971992492676
Q575C:N582C,-3.7023937702178955
Q575C:N582C:R585H,-4.324674606323242
Q575C:N582D,-3.4756886959075928
Q575C:N582D:N587E,-4.103731155395508
Q575C:N582D:N587E:R588E,-1.7032897472381592
Q575C:N582D:N587E:R588H,-2.6371424198150635
Q575C:N582D:N587E:R588N,-2.245391607284546
Q575C:N582D:N587E:R588P,-0.3471720218658447
Q575C:N582D:R585A:R588E,0.16766643524169922
Q575C:N582D:R585A:R588H,-0.7661862373352051
Q575C:N582D:R585A:R588I,3.8325369358062744
Q575C:N582D:R585D:R588M,1.1825129985809326
Q575C:N582D:R585G,-1.9754672050476074
Q575C:N582D:R585H,-4.097969055175781
Q575C:N582D:R585H:R588H,-2.631380796432495
Q575C:N582D:R585I:N587E:R588T,0.30014753341674805
Q575C:N582D:R585I:R588H,-1.1976649761199951
Q575C:N582D:R585I:R588N,-0.8059141635894775
Q575C:N582D:R585N:N587D:R588Q,-2.750391960144043
Q575C:N582D:R585N:N587D:R588S,-2.1171951293945312
Q575C:N582D:R585N:N587E:R588S,-1.34297513961792
Q575C:N582D:R585N:R588H,-2.026966094970703
Q575C:N582D:R585N:R588M,0.6631748676300049
Q575C:N582D:R585N:R588S,-0.714932918548584
Q575C:N582D:R585N:R588W,-1.5040674209594727
Q575C:N582D:R585Q:N587E,-3.0460257530212402
Q575C:N582D:R585Q:R588E,-0.017542362213134766
Q575C:N582D:R585Q:R588S,0.3606381416320801
Q575C:N582D:R585S:R588E,-0.23879408836364746
Q575C:N582D:R585S:R588S,0.13938641548156738
Q575C:N582D:R585T:N587E:R588M,0.7685949802398682
Q575C:N582D:R585T:N587E:R588T,0.20430898666381836
Q575C:N582D:R585T:R588D,-0.9009983539581299
Q575C:N582D:R585T:R588S,0.018529653549194336
Q575C:N582D:R585W:N587D:R588A,-2.431732177734375
Q575C:N582D:R588A,0.4404563903808594
Q575C:N582D:R588D,-1.6165950298309326
Q575C:N582D:R588E,-1.0752475261688232
Q575C:N582D:R588I,2.589622974395752
Q575C:N582D:R588W,-1.486201524734497
Q575C:N582E,-0.8128958940505981
Q575C:N582E:N587E:R588A,2.4752068519592285
Q575C:N582E:R585H,-1.4351764917373657
Q575C:N582E:R585H:N587E:R588N,-0.20487940311431885
Q575C:N582E:R585H:R588Q,0.7102483510971069
Q575C:N582E:R585I:N587E:R588D,1.2295907735824585
Q575C:N582E:R585P:N587E:R588S,0.6829437017440796
Q575C:N582E:R585Q:R588E,2.6452503204345703
Q575C:N582E:R585Q:R588I,6.310121536254883
Q575C:N582E:R588A,3.1032490730285645
Q575C:N582E:R588D,1.046197772026062
Q575C:N582E:R588E,1.5875452756881714
Q575C:N582E:R588N,1.0454434156417847
Q575C:N582E:R588Q,1.3325289487838745
Q575C:N582P,-2.8624207973480225
Q575C:N582T:G586E,-6.414792060852051
Q575C:N587D,-3.0778987407684326
Q575C:N587D:R588H,-1.6113102436065674
Q575C:N587D:R588S,-0.29927706718444824
Q575C:N587E,-2.3036787509918213
Q575C:N587E:R588D,-0.44458508491516113
Q575C:N587E:R588H,-0.837090253829956
Q575C:N587E:R588I,3.7616329193115234
Q575C:N587E:R588S,0.4749429225921631
Q575C:N587E:R588W,-0.3141915798187256
Q575C:R585A:R588E,1.9677186012268066
Q575C:R585A:R588H,1.0338659286499023
Q575C:R585A:R588W,1.5567646026611328
Q575C:R585D,-1.174164056777954
Q575C:R585D:N587E:R588S,0.9764153957366943
Q575C:R585D:R588A,2.741981029510498
Q575C:R585D:R588M,2.98256516456604
Q575C:R585D:R588Q,0.9712607860565186
Q575C:R585G:N587D:R588N,0.28066205978393555
Q575C:R585H,-2.297917127609253
Q575C:R585H:N587E,-2.925959348678589
Q575C:R585H:N587E:R588D,-1.0668656826019287
Q575C:R585H:N587E:R588M,1.2307698726654053
Q575C:R585H:N587E:R588W,-0.9364721775054932
Q575C:R585I,-0.8642013072967529
Q575C:R585I:R588D,0.9948923587799072
Q575C:R585I:R588Q,1.2812235355377197
Q575C:R585I:R588T,2.7282419204711914
Q575C:R585N,-1.693502426147461
Q575C:R585N:N587D:R588E,-0.6953234672546387
Q575C:R585N:R588D,0.16559123992919922
Q575C:R585N:R588M,2.463226795196533
Q575C:R585P,-2.330376386642456
Q575C:R585P:N587E:R588E,-0.5579774379730225
Q575C:R585P:R588D,-0.4712827205657959
Q575C:R585Q,-0.6179313659667969
Q575C:R585Q:N587D:R588Q,0.12523126602172852
Q575C:R585Q:N587E,-1.2459735870361328
Q575C:R585Q:N587E:R588A,2.6701714992523193
Q575C:R585Q:N587E:R588D,0.6131200790405273
Q575C:R585Q:N587E:R588M,2.9107556343078613
Q575C:R585Q:R588D,1.2411623001098633
Q575C:R585Q:R588H,0.8486571311950684
Q575C:R585Q:R588Q,1.5274934768676758
Q575C:R585Q:R588S,2.1606903076171875
Q575C:R585Q:R588W,1.3715558052062988
Q575C:R585S:N587D:R588M,1.9152839183807373
Q575C:R585S:N587E:R588Q,0.6781995296478271
Q575C:R585S:R588D,1.0199105739593506
Q575C:R585S:R588I,5.226128578186035
Q575C:R585S:R588M,3.3175461292266846
Q575C:R585S:R588N,1.0191562175750732
Q575C:R585S:R588S,1.9394385814666748
Q575C:R585T,-0.9600398540496826
Q575C:R585T:N587E:R588A,2.3280630111694336
Q575C:R585T:N587E:R588M,2.5686471462249756
Q575C:R585T:R588I,5.105271816253662
Q575C:R585T:R588S,1.8185818195343018
Q575C:R588A,2.240508556365967
Q575C:R588D,0.1834571361541748
Q575C:R588H,-0.20904803276062012
Q575C:R588M,2.481092691421509
Q575C:R588N,0.18270277976989746
Q575C:R588Q,0.4697883129119873
Q575C:R588S,1.102985143661499
Q575C:R588T,1.916806697845459
Q575C:R588W,0.31385064125061035
Q575C:S580A,-4.304505348205566
Q575C:S580A:R588D,-2.4454119205474854
Q575C:S580A:T581D:N582E,-4.260676383972168
Q575C:S580D:R585I,-4.512291431427002
Q575C:S580D:R585I:R588M,-0.3555622100830078
Q575C:S580D:R585I:R588S,-1.7336697578430176
Q575C:S580D:R585Q:R588W,-2.27653431892395
Q575C:S580G,-4.735579013824463
Q575C:S580K,-9.06860065460205
Q575C:S580P,-3.7297732830047607
Q575C:S580P:N582D:G586E,-8.48335075378418
Q575C:S580P:R585H,-4.352053642272949
Q575C:S580V:N582I:R585N,-4.887729644775391
Q575C:T581A:N587P,-4.146999359130859
Q575C:T581D,-2.4945483207702637
Q575C:T581D:R585S,-1.6580947637557983
Q575C:T581E,-0.2628910541534424
Q575C:T581E:N582C:R588D,-0.4305546283721924
Q575C:T581E:N582D:R585Q:N587D:R588D,-0.5484066009521484
Q575C:T581E:N582E,0.5998495817184448
Q575C:T581E:N582E:N587E:R588M,4.128536701202393
Q575C:T581E:N587E,-0.8909332752227783
Q575C:T581E:N587Q,-3.3382339477539062
Q575C:T581E:R585E:R588I,6.9001054763793945
Q575C:T581E:R585H,-0.88517165184021
Q575C:T581E:R585Q,0.7948141098022461
Q575C:T581E:R588A,3.6532540321350098
Q575C:T581H,-5.48751163482666
Q575C:T581H:R585P,-6.142251968383789
Q575C:T581P,-4.081451416015625
Q575C:T581S,-4.502488136291504
Q575C:V579A,-4.262785911560059
Q575C:V579A:N582D:R585T:N587E:R588I,0.09002828598022461
Q575C:V579A:N582D:R585T:R588I,0.7180702686309814
Q575C:V579A:R585T:R588I,2.518122673034668
Q575C:V579D,-6.199763298034668
Q575C:V579M,-5.355795860290527
Q575C:V579M:N582E,-4.4930548667907715
Q575C:V579M:R585G:R588N,-1.9972350597381592
Q575C:V579W,-7.063307762145996
Q575C:V579W:N582P:N587E:R588P,-5.121575355529785
Q575D:G586I,-7.466182231903076
Q575D:G586T,-8.265453338623047
Q575D:N582Q,-3.8574137687683105
Q575D:N587M,-5.606524467468262
Q575D:N587Q,-7.527400970458984
Q575D:N587R,-11.853589057922363
Q575D:R588W,-2.4625706672668457
Q575D:V579I,-7.51113224029541
Q575D:V579M,-8.132217407226562
Q575D:V579N,-8.680798530578613
Q575E:G577P,-10.608570098876953
Q575E:N587Q,-7.33543062210083
Q575E:N587R,-11.661619186401367
Q575E:V579M,-7.94024658203125
Q575F:N582D:R585H:R588Q,-2.4709596633911133
Q575F:R585F,-2.175233840942383
Q575F:R585H,-2.8163323402404785
Q575F:R585W,-3.663978099822998
Q575F:R588A,1.7220933437347412
Q575F:S580R,-9.870920181274414
Q575F:V579Q,-6.0836896896362305
Q575G:G586H,-6.917491912841797
Q575G:G586S,-5.378308296203613
Q575G:N582H,-4.601078987121582
Q575G:N582W,-5.350922584533691
Q575G:N587E,-2.425872564315796
Q575G:N587G,-4.130805969238281
Q575G:N587I,-1.5472204685211182
Q575G:N587M,-2.9522969722747803
Q575G:R585E,-0.7001457214355469
Q575G:R585K,-4.480627059936523
Q575G:R585T:N587E,-1.7102758884429932
Q575G:R588Q,0.3475944995880127
Q575G:R588S,0.9807913303375244
Q575G:S580D:T581E:R585A:R588D,-0.9311673641204834
Q575G:S580G:R585T,-4.142176151275635
Q575G:T581D,-2.6167421340942383
Q575G:T581D:R588E,-0.2163008451461792
Q575G:T581E:G586A,-3.3903160095214844
Q575G:T581E:N582T,-2.170715093612671
Q575G:T581E:N582V,-0.5720794200897217
Q575G:T581E:N587E,-1.013127088546753
Q575G:T581E:N587Q:R588I,2.604883909225464
Q575G:T581E:R585H:N587G,-3.3403408527374268
Q575G:V579A:S580P,-6.439116477966309
Q575G:V579A:T581E:G586A,-5.977465629577637
Q575G:V579G:T581E,-3.922499895095825
Q575G:V579T,-4.559364318847656
Q575H:G586E,-6.39886999130249
Q575H:G586I,-6.459469318389893
Q575H:G586P:N587E,-5.570430278778076
Q575H:G586Q,-7.954586982727051
Q575H:N582G:R588G,-3.538498878479004
Q575H:N587D,-4.847607135772705
Q575H:N587I,-3.194735050201416
Q575H:R585H:R588Q,-1.9222006797790527
Q575H:R585I:N587P:R588Q,-0.46247339248657227
Q575H:R588A,0.47080016136169434
Q575H:R588G,-0.9286661148071289
Q575H:S580A,-6.074213981628418
Q575H:S580G,-6.505287170410156
Q575H:S580G:R585H,-7.127568244934082
Q575H:S580P,-5.499481678009033
Q575H:T581A:N582D,-7.742771625518799
Q575H:T581E,-2.032599449157715
Q575H:T581E:R585G,-0.5323779582977295
Q575H:T581E:R585H:R588Q,-0.5094552040100098
Q575H:T581K,-9.746089935302734
Q575H:V579C,-6.40009880065918
Q575H:V579S,-6.256950378417969
Q575H:V579T,-6.206878662109375
Q575I:G586E:R588P,-1.8093197345733643
Q575I:G586L,-5.829689025878906
Q575I:G586L:N587E:R588N,-4.599391937255859
Q575I:G586N:N587A,-8.758844375610352
Q575I:G586P,-4.109396457672119
Q575I:N582A,-3.9702250957489014
Q575I:N582D:R585A:R588I,2.895819664001465
Q575I:N582D:R585S:R588Q,-1.430527687072754
Q575I:N582E,-1.7496129274368286
Q575I:N582E:R585D,-1.2481404542922974
Q575I:N582E:R585H:N587E:R588M,1.1567935943603516
Q575I:N582E:R585T:N587E:R588A,2.254086494445801
Q575I:N582M:N587R:R588K,-13.182676315307617
Q575I:N582V:R585H:N587M,-4.5760955810546875
Q575I:N587D,-4.014616012573242
Q575I:R585D:N587E:R588T,0.8535199165344238
Q575I:R585F:N587E:R588H,-1.7549893856048584
Q575I:R585H,-3.2346341609954834
Q575I:R585H:R588S,-0.456012487411499
Q575I:R585P,-3.2670934200286865
Q575I:R585T,-1.896756887435913
Q575I:R585T:R588A,2.019388198852539
Q575I:R588A,1.3037915229797363
Q575I:R588D,-0.7532598972320557
Q575I:R588G,-0.09567475318908691
Q575I:R588P,1.1442053318023682
Q575I:R588Q,-0.46692872047424316
Q575I:S580A,-5.241222381591797
Q575I:S580D:T581M:R585Q,-8.79321575164795
Q575I:S580G,-5.672296047210693
Q575I:S580W:R585P,-9.182873725891113
Q575I:T581D,-3.431265354156494
Q575I:T581E,-1.1996080875396729
Q575I:T581E:R585E:N587E,-0.7299656867980957
Q575I:T581M,-6.2028303146362305
Q575I:T581N,-5.275844573974609
Q575I:V579C:N582Q,-4.972463607788086
Q575I:V579C:T581E:R585A,-2.9114482402801514
Q575I:V579D,-7.136480331420898
Q575I:V579F,-6.293241500854492
Q575I:V579T:T581D:R585N:R588M,-2.053936004638672
Q575K:N582E,-5.481781959533691
Q575K:N582M,-7.1323347091674805
Q575K:N587D,-7.746784687042236
Q575K:R585E,-5.246837615966797
Q575K:R585P,-6.99926233291626
Q575K:R585T,-5.628925800323486
Q575K:R588M,-2.187793254852295
Q575K:S580K,-13.737485885620117
Q575K:T581E,-4.931777000427246
Q575K:T581M,-9.934999465942383
Q575K:T581N,-9.008012771606445
Q575K:V579L,-9.422739028930664
Q575K:V579W:S580H:R585E:N587D,-16.95277976989746
Q575M:G586E,-5.69575309753418
Q575M:G586I,-5.756352424621582
Q575M:N582D:N587D:R588D,-4.085448741912842
Q575M:N582D:R585Q:N587E:R588H,-2.646028995513916
Q575M:N582D:R588N,-2.683941125869751
Q575M:N582E:R585I:R588M,3.088676929473877
Q575M:N582G:R585D:R588D,-2.991495132446289
Q575M:N582H,-5.545476913452148
Q575M:N582V,-2.929222822189331
Q575M:N582V:R585A,-1.6863088607788086
Q575M:N582V:R585A:G586E,-4.639833927154541
Q575M:N587E,-3.3702704906463623
Q575M:N587I,-2.4916183948516846
Q575M:N587P,-2.716216802597046
Q575M:N587Q,-5.817571640014648
Q575M:R585A,-1.499314308166504
Q575M:R585E,-1.6445436477661133
Q575M:R585H,-3.364508867263794
Q575M:R585I,-1.930793046951294
Q575M:R585I:R588M,2.2259361743927
Q575M:R585M,-2.4012677669525146
Q575M:R585N,-2.760094165802002
Q575M:R585S:R588N,-0.04743552207946777
Q575M:R588P,1.0143306255340576
Q575M:S580A:N582Q:G586P,-6.273496627807617
Q575M:S580C:N582V:N587E:R588S,-4.2898054122924805
Q575M:S580D:T581E:N587P,-4.951561450958252
Q575M:S580E:N582C:R585I:N587E:R588D,-6.09559965133667
Q575M:S580N:T581E:R585Q:N587D,-5.898161888122559
Q575M:S580T,-6.138485908508301
Q575M:T581E,-1.3294827938079834
Q575M:T581E:N587D,-2.7317447662353516
Q575M:T581E:N587M,-2.4839494228363037
Q575M:T581E:R585F:R588E,1.0897762775421143
Q575M:T581E:R588T,2.262960433959961
Q575M:T581N:N582E:N587E,-5.1710205078125
Q575M:V579A,-5.3293776512146
Q575M:V579A:N582C:R585G,-5.855913162231445
Q575M:V579M,-6.42238712310791
Q575N:G577D,-8.742019653320312
Q575N:G586L:R588Q,-4.3353424072265625
Q575N:N582E:R588W,-0.4112042188644409
Q575N:N582Q,-2.668787956237793
Q575N:N582S,-5.673512935638428
Q575N:R585P,-3.9181718826293945
Q575N:R585Q,-2.2057268619537354
Q575N:R588S,-0.48481035232543945
Q575N:R588T,0.3290112018585205
Q575N:T581E,-1.8506865501403809
Q575N:T581E:R585A:N587P,-0.5817611217498779
Q575N:T581I,-6.170842170715332
Q575N:T581M,-6.853909015655518
Q575N:V579A,-5.850581169128418
Q575N:V579G,-6.800847053527832
Q575P:G586N,-8.83456802368164
Q575P:G586P,-5.674771308898926
Q575P:G586T,-7.991124153137207
Q575P:N582G,-6.787560939788818
Q575P:R585E:R588D,-1.2209498882293701
Q575P:R585I,-3.366292953491211
Q575P:R585N:R588Q,-2.0501692295074463
Q575P:R588T,-0.585284948348999
Q575P:S580F:N587D,-10.006336212158203
Q575P:S580G,-7.2376708984375
Q575P:S580G:R588D,-5.37857723236084
Q575P:S580K,-11.57069206237793
Q575P:S580P,-6.231864929199219
Q575P:T581A,-6.675102710723877
Q575P:T581E:N582E,-1.9022421836853027
Q575P:T581E:R585W:N587Q,-7.3102521896362305
Q575P:T581K,-10.478473663330078
Q575P:V579A:N582D,-8.564929962158203
Q575P:V579I:N582T:R588H,-7.555843830108643
Q575P:V579K,-12.03894329071045
Q575P:V579M,-7.857887268066406
Q575R:G586A,-9.570585250854492
Q575R:G586Q,-11.074596405029297
Q575R:N587S,-9.042132377624512
Q575R:R585A:R588H,-3.855851888656616
Q575S:G577H,-8.943244934082031
Q575S:N582D,-4.118138313293457
Q575S:R585E,-1.2204015254974365
Q575S:R585H,-2.940366744995117
Q575S:R585H:G586E,-5.89389181137085
Q575S:R588W,-0.3285989761352539
Q575S:S580A:G586H:N587E:R588M,-6.537930011749268
Q575S:T581A,-4.815460681915283
Q575S:T581E,-0.9053406715393066
Q575S:V579A:S580P:T581E:G586E:N587Q,-11.575494766235352
Q575S:V579A:T581Q,-7.250757217407227
Q575S:V579E,-6.804462909698486
Q575S:V579W,-7.7057576179504395
Q575S:V579Y,-6.685659885406494
Q575T:N582D:R588A,-0.44413328170776367
Q575T:N582H,-5.3634748458862305
Q575T:N582T,-4.345856666564941
Q575T:N587K,-9.727797508239746
Q575T:N587P,-2.534214735031128
Q575T:R585I:R588G,0.7678878307342529
Q575T:R588I,3.5050857067108154
Q575T:S580A,-5.189095497131348
Q575T:S580D,-6.208316326141357
Q575T:S580E,-5.929327011108398
Q575T:S580G,-5.620168685913086
Q575T:S580Q:T581G:R585G:R588P,-4.5588603019714355
Q575T:T581A:R585G:R588I,2.507932662963867
Q575T:T581D:N582D,-5.179189682006836
Q575T:T581D:R585S,-2.542684555053711
Q575T:T581E:G586P,-2.6445236206054688
Q575T:T581E:R588E,1.252960443496704
Q575T:T581I:N582Q,-4.872992515563965
Q575T:V579N,-6.788967132568359
Q575V:G577K,-11.499316215515137
Q575V:G577L,-8.93079662322998
Q575V:G586E,-5.540639877319336
Q575V:G586I,-5.601239204406738
Q575V:G586L,-5.804450035095215
Q575V:G586R,-10.415382385253906
Q575V:N582A:R585F:R588G,-1.4094898700714111
Q575V:N582D,-4.387166976928711
Q575V:N582D:R585A,-3.1442532539367676
Q575V:N582D:R585H,-5.009448051452637
Q575V:N582D:R585M,-4.046206474304199
Q575V:N582D:R588W,-2.3976800441741943
Q575V:N582E:N587D,-3.126636505126953
Q575V:N582G,-5.196948051452637
Q575V:N582I,-2.436269998550415
Q575V:N582V:R588K,-5.155089378356934
Q575V:N587A,-4.076765060424805
Q575V:N587G,-4.920090675354004
Q575V:R585A,-1.3442010879516602
Q575V:R585H,-3.20939564704895
Q575V:R585H:N587G,-5.5423712730407715
Q575V:R585H:R588N,-1.3510563373565674
Q575V:R585N,-2.604980945587158
Q575V:R585Q,-1.5294098854064941
Q575V:R585S:R588I,4.314650535583496
Q575V:R585W:R588H,-2.5904529094696045
Q575V:R588H,-1.1205265522003174
Q575V:R588N,-0.7287757396697998
Q575V:R588T,1.0053281784057617
Q575V:S580A,-5.215984344482422
Q575V:S580A:R588W,-3.226496934890747
Q575V:S580A:T581M:R588M,-4.6497321128845215
Q575V:S580D,-6.235205173492432
Q575V:S580D:N582D,-8.035257339477539
Q575V:S580D:N582E,-5.372464656829834
Q575V:S580D:R585H,-6.857485771179199
Q575V:S580G,-5.64705753326416
Q575V:S580G:R585H,-6.269338130950928
Q575V:S580G:T581N:R588Q,-6.165123462677002
Q575V:S580Q,-6.74888801574707
Q575V:S580V:T581E:R585G,-3.0192201137542725
Q575V:S580W,-8.50289535522461
Q575V:T581A:N587P,-5.058478355407715
Q575V:T581D:N582E,-2.543286085128784
Q575V:T581D:N587M,-4.560493469238281
Q575V:T581E,-1.1743695735931396
Q575V:T581E:N587M,-2.32883620262146
Q575V:T581E:R585H:N587M,-2.9511168003082275
Q575V:T581G,-5.680756568908691
Q575V:T581M:N582E,-5.3148512840271
Q575V:V579A:R585H,-5.796545028686523
Q575V:V579A:R588A,-1.2581193447113037
Q575V:V579G:S580P:R585I:N587Q:R588A,-6.526430130004883
Q575V:V579T,-5.348649024963379
Q575W:N582A,-5.316873550415039
Q575W:N582H,-6.7622504234313965
Q575W:N582I,-3.808156967163086
Q575W:N582R,-10.430793762207031
Q575W:N587D:R588M,-1.2045350074768066
Q575W:R585G:R588Q,-0.3133556842803955
Q575W:R585N,-3.976867914199829
Q575W:R585Q,-2.901296854019165
Q575W:R588A,-0.04285693168640137
Q575W:R588Q,-1.8135771751403809
Q575W:S580D,-7.607091903686523
Q575W:S580D:N587D,-9.009354591369629
Q575W:S580D:R585S,-6.770638465881348
Q575W:S580D:R585T,-6.891495704650879
Q575W:S580K,-11.35196590423584
Q575W:T581E:R585F:N587E:R588G,-0.6388020515441895
Q575W:T581H,-7.770877361297607
Q575W:T581M,-7.549479007720947
Q575W:V579G,-7.496417045593262
Q575W:V579W:S580H,-14.26268196105957
Q575W:V579Y:N587D:R588M,-5.572109222412109
R566A:A572C,-6.194488525390625
R566A:A572C:N582A:R588A,-3.6362149715423584
R566A:A572C:N582D:N587D,-9.39680290222168
R566A:A572C:N582D:R585H:R588A,-4.700676441192627
R566A:A572C:Q575G:N587P,-7.966307640075684
R566A:A572C:Q575T,-8.754714965820312
R566A:A572C:Q575T:R585S:R588Q,-5.772836685180664
R566A:A572C:Q575T:R588Q,-6.60929012298584
R566A:A572C:S580D:T581D:R585A,-9.418577194213867
R566A:A572C:S580F:R585H:R588Q,-9.09769058227539
R566A:A572C:S580P:N582C:R585H:G586E,-13.851188659667969
R566A:A572C:T581E,-4.781743049621582
R566A:A572C:T581E:N582D:R585H:R588A,-3.287930965423584
R566A:A572L,-8.808103561401367
R566A:A572L:N582G:R585Q:R588G,-7.843552589416504
R566A:A572S,-4.07819938659668
R566A:A572S:N582V,-4.265193939208984
R566A:A572S:N582V:N587G,-6.598169326782227
R566A:A572S:R585Q,-3.0204944610595703
R566A:A572S:S580C,-7.589362144470215
R566A:A572S:T581E,-2.665454149246216
R566A:A572S:T581E:R585H,-3.2877345085144043
R566A:A572S:T581E:R585H:N587G,-5.6207098960876465
R566A:A572S:V579A:R585H,-7.287629127502441
R566A:G586D,-5.957076072692871
R566A:G586E,-5.308476448059082
R566A:G586E:N587E,-5.936518669128418
R566A:N582A:R585E:R588N,-0.7567989826202393
R566A:N582C:N587E,-5.009750843048096
R566A:N582D,-4.155003547668457
R566A:N582D:N587D,-5.557265758514404
R566A:N582D:N587E,-4.783045768737793
R566A:N582D:N587E:R588A,-0.8669006824493408
R566A:N582D:N587E:R588N,-2.92470645904541
R566A:N582D:R585F:R588M,0.020543575286865234
R566A:N582D:R585H,-4.777284145355225
R566A:N582D:R585H:N587E:R588I,0.6599855422973633
R566A:N582D:R585H:N587E:R588M,-1.2485971450805664
R566A:N582D:R585H:N587E:R588N,-3.5469870567321777
R566A:N582D:R585H:N587E:R588Q,-3.259901523590088
R566A:N582D:R585H:N587E:R588T,-1.8128831386566162
R566A:N582D:R585I:N587E:R588N,-2.1132712364196777
R566A:N582D:R585I:N587E:R588Q,-1.826185703277588
R566A:N582D:R585I:N587E:R588T,-0.3791673183441162
R566A:N582D:R585I:R588T,0.24887466430664062
R566A:N582D:R585N:R588E,-1.772428274154663
R566A:N582D:R585N:R588T,-0.5804262161254883
R566A:N582D:R585Q:N587E:R588A,0.19080448150634766
R566A:N582D:R585S:R588W,-1.3290629386901855
R566A:N582D:R585T:N587E:R588N,-2.2091097831726074
R566A:N582D:R585T:N587E:R588T,-0.4750058650970459
R566A:N582D:R588A,-0.23885846138000488
R566A:N582D:R588N,-2.296664237976074
R566A:N582E,-1.4922107458114624
R566A:N582E:R585A,-0.24929678440093994
R566A:N582E:R585H:R588D,-0.2553976774215698
R566A:N582E:R585I,-0.68077552318573
R566A:N582E:R585N,-1.510076642036438
R566A:N582G,-4.964784145355225
R566A:N582G:G586E,-7.918309211730957
R566A:N582I,-2.204106330871582
R566A:N582P,-3.5417356491088867
R566A:N582Q,-1.7603074312210083
R566A:N582S,-4.7650322914123535
R566A:N582V,-2.5419459342956543
R566A:N582V:N587P,-2.515934467315674
R566A:N587D,-3.757213592529297
R566A:N587E,-2.9829936027526855
R566A:N587E:R588E,-0.582552433013916
R566A:N587M,-3.50941801071167
R566A:N587P,-2.328939914703369
R566A:N587P:R588P,1.4276189804077148
R566A:P570C,-6.841811656951904
R566A:P570C:T581E,-5.429066181182861
R566A:P570C:V579A:N587G,-11.76193618774414
R566A:Q575A:S580A:R585A:G586P:R588D,-5.4806718826293945
R566A:Q575C,-4.030588150024414
R566A:Q575C:N582D:N587E,-6.458682537078857
R566A:Q575C:N582D:N587E:R588D,-4.599588394165039
R566A:Q575C:N582D:R585A:R588M,-0.4309968948364258
R566A:Q575C:N582D:R585H,-6.452920913696289
R566A:Q575C:N582D:R585H:N587E:R588D,-5.221869468688965
R566A:Q575C:N582D:R585H:N587E:R588N,-5.222623825073242
R566A:Q575C:N582D:R585M:N587M:R588P,-2.887587308883667
R566A:Q575C:N582D:R585Q:N587E:R588N,-3.542637825012207
R566A:Q575C:N582D:R588I,0.23467159271240234
R566A:Q575C:N582E:N587E:R588Q,-1.650464653968811
R566A:Q575C:N587D:R588T,-1.840407133102417
R566A:Q575C:N587E,-4.65863037109375
R566A:Q575C:N587E:R588D,-2.79953670501709
R566A:Q575C:N587E:R588N,-2.800291061401367
R566A:Q575C:R585H,-4.652868270874023
R566A:Q575C:R585H:N587E,-5.280910968780518
R566A:Q575C:R585H:N587E:R588N,-3.4225714206695557
R566A:Q575C:R585H:R588D,-2.7937750816345215
R566A:Q575C:R585S:N587E:R588I,2.2431352138519287
R566A:Q575C:R585T,-3.3149912357330322
R566A:Q575C:R585T:R588I,2.7503204345703125
R566A:Q575C:R588A,-0.11444282531738281
R566A:Q575C:R588D,-2.171494245529175
R566A:Q575C:R588I,2.034723997116089
R566A:Q575C:R588N,-2.172248601913452
R566A:Q575C:T581E:R585Q:R588M,2.5965919494628906
R566A:Q575C:T581M:N582P:R585Q:R588N,-5.8918046951293945
R566A:Q575I,-4.9673051834106445
R566A:Q575I:R585H:R588Q,-3.4441609382629395
R566A:Q575K,-8.699474334716797
R566A:Q575M,-5.097179412841797
R566A:Q575M:G586E:N587D,-9.452966690063477
R566A:Q575M:N582A,-6.455051422119141
R566A:Q575M:N582V,-5.284173965454102
R566A:Q575M:S580A,-7.726048469543457
R566A:Q575M:T581E:N587G,-6.017409324645996
R566A:Q575M:V579A:N582V,-7.871323585510254
R566A:Q575N,-5.618383407592773
R566A:Q575S:V579A,-7.260186672210693
R566A:Q575T:R585N,-4.933043479919434
R566A:Q575V,-4.942066192626953
R566A:Q575V:N582D,-6.742118835449219
R566A:Q575V:V579T,-7.703600883483887
R566A:R585A,-1.1120374202728271
R566A:R585D:N587E,-2.4815211296081543
R566A:R585D:R588D,0.005614757537841797
R566A:R585H,-2.977231979370117
R566A:R585H:N587E,-3.605274200439453
R566A:R585H:N587E:R588T,-0.012830972671508789
R566A:R585H:N587P:R588Q,-0.8057956695556641
R566A:R585H:R588N,-1.1188926696777344
R566A:R585I,-1.5435161590576172
R566A:R585I:N587E:R588N,-0.3132190704345703
R566A:R585I:R588H,-0.07692766189575195
R566A:R585K,-5.037748336791992
R566A:R585N,-2.372817277908325
R566A:R585N:N587D,-3.7750794887542725
R566A:R585N:N587E,-3.000859498977661
R566A:R585N:R588M,1.783911943435669
R566A:R585N:R588Q,-0.22739243507385254
R566A:R585N:R588S,0.4058043956756592
R566A:R585Q,-1.2972462177276611
R566A:R585Q:G586E,-4.250771522521973
R566A:R585Q:N587D,-2.6995084285736084
R566A:R585Q:N587E,-1.925288438796997
R566A:R585Q:R588G,1.2194325923919678
R566A:R585Q:R588M,2.859483003616333
R566A:R585T,-1.6393547058105469
R566A:R585T:R588M,2.5173745155334473
R566A:R588A,1.5611937046051025
R566A:R588D,-0.49585771560668945
R566A:R588E,0.04548978805541992
R566A:R588G,0.1617274284362793
R566A:R588I,3.710360527038574
R566A:R588M,1.8017778396606445
R566A:R588Q,-0.20952653884887695
R566A:R588S,0.42367029190063477
R566A:S580A:G586D:N587G:R588N,-9.06058120727539
R566A:S580A:G586E:N587G:R588H,-8.803731918334961
R566A:S580A:R585G:G586D:R588P,-3.329164743423462
R566A:S580A:R585P:G586D:N587P:R588E,-6.814232349395752
R566A:S580C,-5.866113662719727
R566A:S580C:T581E,-4.453368186950684
R566A:S580D,-6.0030412673950195
R566A:S580D:N582D:R585H:R588A,-4.5092291831970215
R566A:S580D:N582D:R585S:G586E:R588E,-7.519724369049072
R566A:S580D:R585H,-6.625322341918945
R566A:S580D:T581A:R585T:R588S,-5.006197929382324
R566A:S580D:T581E,-4.590295791625977
R566A:S580D:T581E:G586E,-7.543820858001709
R566A:S580D:T581E:N582D:R588A,-2.474203109741211
R566A:S580E:T581N:R585D:R588A,-3.96992564201355
R566A:S580F,-6.781297206878662
R566A:S580I,-5.824213027954102
R566A:S580P,-4.409088134765625
R566A:S580P:N582C:R585H,-7.058125972747803
R566A:T567A,-4.278809547424316
R566A:T567A:A572S:N582V,-6.189052581787109
R566A:T567A:N587E,-4.906851768493652
R566A:T567A:Q575C:N582E:R585I:R588I,1.7850416898727417
R566A:T567A:Q575M:S580G:T581E,-8.668234825134277
R566A:T567A:Q575M:V579A:N582V:R585H,-10.417462348937988
R566A:T567A:Q575N,-7.54224157333374
R566A:T567A:Q575N:R585D:N587E:R588Q,-5.523386478424072
R566A:T567A:Q575N:S580A,-10.171110153198242
R566A:T567A:V579A:N582V:R585H:N587G,-10.008209228515625
R566A:T567A:V579A:N587G,-9.198934555053711
R566A:T567A:V579A:S580N:G586E,-14.04360580444336
R566A:T567C,-4.106068134307861
R566A:T567C:A572S:Q575M:R585T:R588Q,-5.7105231285095215
R566A:T567C:N582V:R585H,-4.915343284606934
R566A:T567C:Q575I,-6.718421936035156
R566A:T567C:R588G,-1.589389443397522
R566A:T567C:R588H,-2.639479637145996
R566A:T567C:S580A,-6.7349371910095215
R566A:T567Q,-8.381103515625
R566A:T567Q:A572S,-10.104351043701172
R566A:T567Q:A572S:N587G,-12.43732738494873
R566A:T567Q:A572S:V579A:N582V:N587G,-15.211471557617188
R566A:T567Q:A572S:V579A:N587G,-15.024477005004883
R566A:T567Q:G586E:N587E,-11.962671279907227
R566A:T567Q:N582D,-10.18115520477295
R566A:T567Q:N587G,-10.714078903198242
R566A:T567Q:Q575C:N587E,-10.684782028198242
R566A:T567Q:Q575I,-10.993456840515137
R566A:T567Q:Q575V:T581E,-9.555473327636719
R566A:T567Q:R585G:N587E:R588A,-3.5927789211273193
R566A:T567Q:R585H,-9.00338363647461
R566A:T567Q:R585I:R588H,-6.103079795837402
R566A:T567Q:R585I:R588T,-3.9772253036499023
R566A:T567Q:R588A,-4.464958190917969
R566A:T567Q:R588Q,-6.235678195953369
R566A:T567Q:S580G:T581E:R585H:N587Q,-13.725923538208008
R566A:T567Q:T581D:N582V,-9.387009620666504
R566A:T567Q:T581E,-6.968357563018799
R566A:T567Q:T581E:N582V:R585H,-7.777632713317871
R566A:T567Q:T581E:R585H,-7.590638637542725
R566A:T567Q:T581E:R588A,-3.052212715148926
R566A:T567Q:V571C,-11.112821578979492
R566A:T567Q:V579A:S580G:N587M,-15.182662010192871
R566A:T567Q:V579A:T581E:G586E:R588K,-14.89001178741455
R566A:T567S,-4.19694185256958
R566A:T567S:Q575N,-7.460373878479004
R566A:T567S:Q575T:G586E,-9.710693359375
R566A:T567S:Q575V,-6.784056663513184
R566A:T568Q,-11.800880432128906
R566A:T581A,-4.852325916290283
R566A:T581A:G586E:R588Q,-5.660426139831543
R566A:T581D,-3.173862934112549
R566A:T581D:N582C:N587M,-6.355086803436279
R566A:T581E,-0.9422059059143066
R566A:T581E:G586E:N587E,-4.523773193359375
R566A:T581E:N582E,-0.07946527004241943
R566A:T581E:N587E,-1.5702481269836426
R566A:T581E:R585G,0.5580155849456787
R566A:T581E:R585H,-1.5644865036010742
R566A:T581E:R585H:N587Q,-4.639829635620117
R566A:T581E:R585N:R588A,2.95607328414917
R566A:T581E:R588I,5.123106002807617
R566A:T581N,-5.018442153930664
R566A:V571A:N582T:R585G:N587D:R588W,-4.533856391906738
R566A:V571A:R588I,1.2296397686004639
R566A:V571C,-5.086670398712158
R566A:V571C:A572C:N582A:R585S:R588I,-3.3823137283325195
R566A:V571C:A572C:N582D:R585H,-11.348540306091309
R566A:V571C:Q575C:R585Q:R588T,-2.1121585369110107
R566A:V571C:R585H:G586E,-8.6624755859375
R566A:V571D:R585I,-7.045315265655518
R566A:V571F,-7.700840473175049
R566A:V571F:N582D,-9.500892639160156
R566A:V571F:N582G,-10.310672760009766
R566A:V571F:R588S,-4.9222187995910645
R566A:V571F:S580P:R588Q,-7.609552383422852
R566A:V571I:Q575A:G586P,-9.55778694152832
R566A:V571T,-3.413515329360962
R566A:V571T:R585I:R588A,1.3140647411346436
R566A:V571T:R585N:N587D:R588G,-2.316964626312256
R566A:V571T:R585N:R588I,2.6339309215545654
R566A:V571T:R588A,0.5026297569274902
R566A:V579A,-4.942100524902344
R566A:V579A:N582C:N587E,-7.59689998626709
R566A:V579A:N582D:G586E,-9.695677757263184
R566A:V579A:N582D:R585H:R588M,-3.2077043056488037
R566A:V579A:N582V,-5.129095077514648
R566A:V579A:N587E,-5.57014274597168
R566A:V579A:N587Q,-8.017443656921387
R566A:V579A:N587Q:R588Q,-5.872018814086914
R566A:V579A:R588N,-3.08376145362854
R566A:V579A:T581D,-5.761012077331543
R566A:V579A:T581E,-3.52935528755188
R566A:V579A:T581E:N582D:R585H:G586E,-8.90521240234375
R566A:V579A:T581E:R585H:N587Q,-7.226978778839111
R566A:V579C,-5.30970573425293
R566A:V579I,-5.41402530670166
R566A:V579L,-5.433167457580566
R566A:V579M,-6.0351104736328125
R566A:V579M:T581D,-6.854022026062012
R566A:V579M:T581E:R585H,-5.244645595550537
R566A:V579S,-5.166557312011719
R566A:V579S:N582D:R588A,-3.050464391708374
R566A:V579T,-5.116485595703125
R566D:A572H,-12.70292854309082
R566D:A572N,-10.363082885742188
R566D:G586P,-6.5556254386901855
R566D:G586Q,-9.567824363708496
R566D:N582D:R585N:R588A,-2.960355281829834
R566D:N582K,-11.038973808288574
R566D:N582P,-6.24536657333374
R566D:N587H,-8.862563133239746
R566D:R585N:R588A,-1.1603031158447266
R566D:S580N,-9.28270435333252
R566D:S580T:G586T,-12.26823616027832
R566D:S580V,-8.403654098510742
R566D:T568A,-12.287437438964844
R566D:T568I,-12.79291820526123
R566D:T568M,-13.699785232543945
R566D:T581M,-8.649059295654297
R566D:V579C,-8.013336181640625
R566G:A572P,-9.425743103027344
R566G:A572S:N582D,-6.117500305175781
R566G:A572S:T581E:N582V:N587G,-5.4246721267700195
R566G:G586R,-10.422466278076172
R566G:N569A,-9.54741382598877
R566G:N582D,-4.394251823425293
R566G:N582G:R585I:R588A,-0.4764523506164551
R566G:N582I:R585K,-5.1261515617370605
R566G:N582M:R588Q,-1.2365870475769043
R566G:N582V,-2.7811942100524902
R566G:N587E,-3.2222418785095215
R566G:N587G,-4.927175045013428
R566G:Q575N,-5.857631683349609
R566G:Q575T:T581D:N582I:R585S,-4.986038684844971
R566G:R585A,-1.351285696029663
R566G:R585H,-3.216480255126953
R566G:R588K,-4.975179195404053
R566G:S580C:T581D,-6.924273490905762
R566G:S580P:T581E,-3.235590934753418
R566G:S580P:T581E:N582V:N587E,-4.050627708435059
R566G:T567G:Q575M,-9.228368759155273
R566G:T567L,-8.673622131347656
R566G:T567Q:N587M,-9.774818420410156
R566G:T581D:N587G,-5.746086597442627
R566G:T581E,-1.1814541816711426
R566G:T581E:N582I,-1.030609130859375
R566G:T581E:R585S:N587E,-0.9730429649353027
R566G:V571A:T581E,-3.662174940109253
R566G:V571E:S580E:T581E:R585Q:R588M,-4.738046646118164
R566G:V579C,-5.548954010009766
R566G:V579C:N582T,-7.3345842361450195
R566G:V579M:R585H,-6.896639347076416
R566G:V579T,-5.355733871459961
R566H:G577H,-10.447279930114746
R566H:G586S,-7.4025983810424805
R566H:N569Q,-11.733559608459473
R566H:N582P,-5.008904457092285
R566H:N582Q,-3.2274765968322754
R566H:N587E,-4.450162887573242
R566H:N587I,-3.5715105533599854
R566H:N587S,-6.298898696899414
R566H:P570C:Q575D:G586P,-14.258081436157227
R566H:R588D,-1.963026762008667
R566H:R588S,-1.0434987545013428
R566H:S580K,-11.215084075927734
R566H:T567P:T581E,-9.17359447479248
R566H:T568M:Q575W:S580E:R585H,-20.413707733154297
R566H:T581D,-4.6410322189331055
R566H:V571C,-6.553839683532715
R566H:V571C:Q575F,-8.747891426086426
R566H:V571C:S580G:T581S:R585P:R588D,-11.236279487609863
R566H:V579A,-6.4092698097229
R566H:V579E,-8.308497428894043
R566I:A572F:V579L,-13.684209823608398
R566I:A572S,-4.9263153076171875
R566I:A572S:S580D,-8.574405670166016
R566I:G586E:N587E,-6.784634113311768
R566I:N569T,-9.788223266601562
R566I:N582D:R585E:N587D:R588A,-1.3915514945983887
R566I:N582P:R585G:N587E:R588S,-0.7390501499176025
R566I:N587D,-4.6053290367126465
R566I:N587E,-3.831109046936035
R566I:P570E,-11.195924758911133
R566I:P570M,-9.717206001281738
R566I:P570R,-12.816774368286133
R566I:Q575D,-7.655124664306641
R566I:Q575S,-5.521152973175049
R566I:R585H,-3.825347423553467
R566I:R585K,-5.885863780975342
R566I:R588D,-1.343973159790039
R566I:R588I,2.8622450828552246
R566I:S580W,-9.118846893310547
R566I:T567A:A572C:Q575M:R585Q:R588H,-9.184396743774414
R566I:T567A:Q575C:R585S:R588G,-3.4494292736053467
R566I:T567H:T568Q:A572N,-24.854598999023438
R566I:T567M,-8.929569244384766
R566I:T567Q:S580A,-11.858087539672852
R566I:T581A,-5.700441360473633
R566I:T581E:R585C,-1.0941495895385742
R566I:T581I,-6.110476970672607
R566I:T581N,-5.866557598114014
R566I:V571D,-8.704866409301758
R566I:V571Q,-7.682962894439697
R566I:V579A,-5.790216445922852
R566I:V579C,-6.157820701599121
R566I:V579F:R585F,-6.865136623382568
R566K:A572I,-8.927618026733398
R566K:G577P,-9.046454429626465
R566K:G586E,-5.651496887207031
R566K:N587I,-2.447361946105957
R566K:P570D,-11.268148422241211
R566K:P570W:N582D,-14.421327590942383
R566K:Q575F:V579I:N582I:N587M:R588S,-6.176097869873047
R566K:Q575P,-6.875699996948242
R566K:R585Q:R588I,4.425045013427734
R566K:S580A,-5.326840877532959
R566K:S580F,-7.124317646026611
R566K:S580T,-6.094229698181152
R566K:T567C:A572S:S580P:G586L:N587Q,-14.51915168762207
R566K:T568Q,-12.143901824951172
R566K:T581D,-3.516883373260498
R566K:T581E,-1.2852263450622559
R566K:T581E:N587G,-3.618201732635498
R566K:T581E:R585H,-1.9075069427490234
R566K:T581E:R588H,0.18136215209960938
R566K:V571C,-5.429690837860107
R566K:V571Q,-7.177867889404297
R566K:V571T,-3.756535768508911
R566K:V579A,-5.285120964050293
R566K:V579N,-6.926712512969971
R566K:V579R,-10.869348526000977
R566M:A572C:R585T:R588H,-5.393771648406982
R566M:A572S,-5.459667682647705
R566M:A572S:S580P:R585N,-7.531670570373535
R566M:N569P,-14.377817153930664
R566M:N582E,-2.873678684234619
R566M:N582G,-6.34625244140625
R566M:N587R,-11.137950897216797
R566M:P570I,-8.894525527954102
R566M:P570M,-10.250558853149414
R566M:Q575C:R585N:N587D,-6.832183837890625
R566M:Q575M:R585N:R588Q,-4.351088523864746
R566M:Q575S:R588E,-3.654064416885376
R566M:Q575T:N582G:R585T,-8.190881729125977
R566M:R585N,-3.7542853355407715
R566M:R585Q,-2.6787142753601074
R566M:R588E,-1.3359782695770264
R566M:S580A,-6.365288734436035
R566M:S580D,-7.384509563446045
R566M:S580G:R585D,-6.294889450073242
R566M:T567A:Q575M:R585N:N587P:R588S,-5.615738391876221
R566M:T567G:T581E:R588I,-0.15030336380004883
R566M:T568M,-12.377622604370117
R566M:T568R,-14.788238525390625
R566M:T581D,-4.555331230163574
R566M:T581E,-2.323673963546753
R566M:T581E:G586E,-5.277198791503906
R566M:V571C,-6.468138694763184
R566M:V571F:R588P,-5.325749397277832
R566M:V571I,-7.340396404266357
R566M:V571T:Q575H:T581N:R585T:R588Q,-8.042797088623047
R566M:V579A:N587M,-7.478035926818848
R566M:V579K,-11.597634315490723
R566M:V579L,-6.814635753631592
R566N:A572S:N582V:R585H,-5.514146327972412
R566N:A572S:R585H:N587Q,-8.402494430541992
R566N:G586E,-5.935147762298584
R566N:G586H,-8.10128402709961
R566N:N582D:R585D:R588P,-0.5236434936523438
R566N:P570I,-8.139728546142578
R566N:Q575E,-7.241710186004639
R566N:Q575H:T581E:R585Q:N587P,-3.9305055141448975
R566N:Q575K:R588E,-6.925704002380371
R566N:Q575W:T581D:R588Q,-5.614111423492432
R566N:S580C,-6.49278450012207
R566N:S580C:G586L,-9.71012020111084
R566N:S580Q,-7.14339542388916
R566N:T567I:G586E,-11.337531089782715
R566N:T567M,-8.708125114440918
R566N:T567S:R585H,-5.44589376449585
R566N:T568I:R585Q,-9.65825366973877
R566N:T581E:N587Q,-4.644220352172852
R566N:T581E:R585M,-1.2279167175292969
R566N:T581N,-5.645113468170166
R566N:V571H,-8.586691856384277
R566N:V579C,-5.936376571655273
R566N:V579L,-6.059839248657227
R566N:V579M,-6.6617817878723145
R566N:V579Y,-7.349196434020996
R566P:G577K,-14.868330001831055
R566P:N569G:S580M,-17.823040008544922
R566P:N569P,-16.59752655029297
R566P:N569R,-15.477262496948242
R566P:N582D,-7.756181240081787
R566P:N582F,-7.112742900848389
R566P:N587S,-8.432907104492188
R566P:T567A,-7.8799872398376465
R566P:T567E:P570G,-18.47395896911621
R566P:T567G,-9.84807014465332
R566P:T568H,-16.313457489013672
R566P:T568K,-16.569536209106445
R566P:V571R:A572K:S580N,-25.940153121948242
R566Q:A572H,-10.88090705871582
R566Q:G577A,-8.090227127075195
R566Q:G577N,-8.158025741577148
R566Q:N569A,-10.189774513244629
R566Q:N582D,-5.036612510681152
R566Q:N587A,-4.726210594177246
R566Q:R585H,-3.8588409423828125
R566Q:S580T,-6.632818222045898
R566Q:T567M,-8.963062286376953
R566Q:T567S:T581E:R585H:G586N,-8.944925308227539
R566Q:T568E:G577K:R585E,-20.779815673828125
R566Q:V571R,-10.267247200012207
R566S:A572S:S580G,-6.710467338562012
R566S:A572S:T581E,-2.237779378890991
R566S:G586I:N587S,-7.418179035186768
R566S:N582D:R585G:R588I,3.838204860687256
R566S:N582E:R588M,3.092193126678467
R566S:N582W,-5.4803690910339355
R566S:N587D,-3.3295388221740723
R566S:N587E,-2.555318832397461
R566S:N587G,-4.260251998901367
R566S:N587I,-1.6766667366027832
R566S:P570H:T581N,-12.78413200378418
R566S:P570T:V579C:T581E:N587Q:R588S,-8.005120277404785
R566S:Q575C:R588D,-1.7438194751739502
R566S:Q575C:S580A:R585H,-6.854063034057617
R566S:Q575F:S580G:T581D,-8.00018310546875
R566S:Q575N:R585H,-5.812989234924316
R566S:Q575P,-6.105004787445068
R566S:Q575V:T581D:N582E:N587A,-5.960212707519531
R566S:Q575V:T581E:R585T,-2.386049747467041
R566S:R585I:N587D,-2.51810359954834
R566S:R585N,-1.9451425075531006
R566S:R585N:R588A,1.9710025787353516
R566S:R585N:R588S,0.8334791660308838
R566S:R585Q,-0.8695714473724365
R566S:R585W,-3.397202968597412
R566S:R588A,1.9888684749603271
R566S:R588G,0.5894021987915039
R566S:R588Q,0.21814823150634766
R566S:R588W,0.0622105598449707
R566S:S580A:R585M:G586P:R588N,-3.853888988494873
R566S:S580A:R585S:G586A:R588M,-2.5681943893432617
R566S:S580D,-5.575366973876953
R566S:S580P,-3.9814133644104004
R566S:T567A,-3.851134777069092
R566S:T567A:N582T,-5.636765003204346
R566S:T567A:N587G:R588T,-2.5916669368743896
R566S:T567A:P570C:R585T,-7.622398376464844
R566S:T567A:R585N,-3.8690004348754883
R566S:T567A:T581E:N587D:R588S,-1.0620297193527222
R566S:T567C:N587D:R588N,-3.222316265106201
R566S:T567G:S580T:T581D:N587E,-10.662429809570312
R566S:T567G:T581D,-6.638129234313965
R566S:T567G:T581D:N587E,-7.266171455383301
R566S:T567M:T581D:N582E:R585H:N587G,-10.565206527709961
R566S:T567Q,-7.953428268432617
R566S:T567Q:N582D:R588Q,-7.608055591583252
R566S:T567Q:Q575I:V579M:T581D,-15.064852714538574
R566S:T567Q:Q575M:V579C:N587Q,-16.725753784179688
R566S:T567Q:T581E,-6.540682792663574
R566S:T567Q:V579A,-10.54057788848877
R566S:T567Q:V579A:T581D:N587G,-13.692464828491211
R566S:T567S:R585N:R588A,0.1290121078491211
R566S:T567S:T568I,-11.503602981567383
R566S:T581D,-2.746188163757324
R566S:T581D:N582E,-1.8834476470947266
R566S:T581D:N582E:N587A,-3.3730974197387695
R566S:T581D:R585Q,-1.6884831190109253
R566S:T581E,-0.514531135559082
R566S:T581E:G586E,-3.4680562019348145
R566S:T581E:R585K,-3.1973280906677246
R566S:T581N:R585F:N587P,-4.545938014984131
R566S:T581P,-4.3330912590026855
R566S:V571A:R585G:N587D:R588I,1.7552738189697266
R566S:V571C:R585Q,-3.601290464401245
R566S:V571F:V579A:S580D:R585W:R588G,-12.461652755737305
R566S:V571T:R585F:R588G,-0.4503438472747803
R566S:V579A,-4.514426231384277
R566S:V579A:R585H,-5.136706352233887
R566S:V579D,-6.451403617858887
R566S:V579G,-5.464691638946533
R566S:V579M:N582E:N587E,-5.372737407684326
R566S:V579N,-6.156017303466797
R585A:G586E:N587E:R588I,3.726658582687378
R585A:N587D:R588M,3.9973807334899902
R585A:N587D:R588N,1.698991060256958
R585A:N587D:R588Q,1.9860765933990479
R585A:N587E,0.6148717403411865
R585A:N587E:R588A,4.531016826629639
R585A:N587E:R588D,2.4739654064178467
R585A:N587E:R588H,2.0814602375030518
R585A:N587E:R588I,6.680183410644531
R585A:N587E:R588M,4.771600723266602
R585A:N587E:R588N,2.4732110500335693
R585A:N587E:R588Q,2.760296583175659
R585A:N587E:R588S,3.39349365234375
R585A:N587E:R588T,4.207314968109131
R585A:R588A,5.159059047698975
R585A:R588D,3.1020076274871826
R585A:R588E,3.643355131149292
R585A:R588G,3.7595927715301514
R585A:R588H,2.7095024585723877
R585A:R588I,7.308225631713867
R585A:R588M,5.3996429443359375
R585A:R588N,3.1012532711029053
R585A:R588Q,3.388338804244995
R585A:R588S,4.021535873413086
R585A:R588T,4.835357189178467
R585A:R588W,3.232401132583618
R585C:G586D:R588W,-0.9164657592773438
R585C:G586E,-2.2573533058166504
R585C:N587E,0.0681295394897461
R585C:R588G,3.212850570678711
R585C:R588P,4.452730655670166
R585C:R588W,2.6856589317321777
R585D:G586E,-2.452052593231201
R585D:N587D:R588N,0.9575495719909668
R585D:N587E,-0.1265697479248047
R585D:N587E:R588A,3.7895755767822266
R585D:N587E:R588D,1.7325239181518555
R585D:N587E:R588E,2.273871421813965
R585D:N587E:R588I,5.938742160797119
R585D:N587E:R588N,1.7317695617675781
R585D:N587E:R588S,2.6520519256591797
R585D:N587I,0.752082347869873
R585D:R588A,4.4176177978515625
R585D:R588D,2.3605661392211914
R585D:R588E,2.901913642883301
R585D:R588G,3.01815128326416
R585D:R588H,1.9680609703063965
R585D:R588I,6.566784381866455
R585D:R588M,4.658201694488525
R585D:R588N,2.359811782836914
R585D:R588P,4.258031368255615
R585D:R588Q,2.646897315979004
R585D:R588S,3.2800941467285156
R585D:R588T,4.093915939331055
R585D:R588W,2.490959644317627
R585E:G586H,-4.021977424621582
R585E:N587D,-0.3045775890350342
R585E:N587D:R588D,1.554516077041626
R585E:N587D:R588M,3.852151393890381
R585E:N587E,0.46964240074157715
R585E:N587E:R588A,4.385787487030029
R585E:N587E:R588E,2.8700835704803467
R585E:N587E:R588I,6.534954071044922
R585E:N587E:R588N,2.32798171043396
R585E:N587E:R588P,4.226201057434082
R585E:R588D,2.9567782878875732
R585E:R588I,7.162996292114258
R585E:R588M,5.254413604736328
R585E:R588N,2.956023931503296
R585E:R588Q,3.2431094646453857
R585E:R588W,3.087171792984009
R585F:N587D,-1.3834443092346191
R585F:N587D:R588H,0.0831441879272461
R585F:N587D:R588S,1.3951773643493652
R585F:N587E,-0.6092243194580078
R585F:N587E:R588A,3.3069207668304443
R585F:N587E:R588D,1.2498693466186523
R585F:N587E:R588M,3.5475049018859863
R585F:N587E:R588Q,1.5362005233764648
R585F:N587E:R588S,2.1693973541259766
R585F:N587E:R588T,2.9832189083099365
R585F:N587E:R588W,1.380262851715088
R585F:N587I,0.2694277763366699
R585F:R588A,3.9349629878997803
R585F:R588H,1.4854063987731934
R585F:R588I,6.084129810333252
R585F:R588M,4.175547122955322
R585F:R588P,3.775376796722412
R585F:R588S,2.7974395751953125
R585F:R588T,3.6112611293792725
R585F:R588W,2.008305072784424
R585G:G586E,-1.453303575515747
R585G:N587D:R588N,1.956298589706421
R585G:N587D:R588Q,2.2433841228485107
R585G:N587E,0.8721792697906494
R585G:N587E:R588A,4.788324356079102
R585G:N587E:R588H,2.3387677669525146
R585G:N587E:R588M,5.028908729553223
R585G:N587E:R588N,2.7305185794830322
R585G:N587E:R588Q,3.017604112625122
R585G:N587E:R588S,3.6508007049560547
R585G:N587E:R588T,4.464622497558594
R585G:N587E:R588W,2.861666440963745
R585G:R588A,5.4163665771484375
R585G:R588D,3.3593151569366455
R585G:R588H,2.9668099880218506
R585G:R588K,-0.8807580471038818
R585G:R588M,5.656950950622559
R585G:R588N,3.358560800552368
R585G:R588P,5.256780624389648
R585G:R588Q,3.645646333694458
R585G:R588S,4.278842926025391
R585G:R588T,5.09266471862793
R585G:R588W,3.489708662033081
R585H:G586D,-4.224405288696289
R585H:G586E,-3.5758056640625
R585H:G586E:R588M,0.5809235572814941
R585H:N587D,-2.024542808532715
R585H:N587D:R588M,2.1321864128112793
R585H:N587D:R588S,0.7540788650512695
R585H:N587E,-1.2503228187561035
R585H:N587E:R588A,2.6658222675323486
R585H:N587E:R588M,2.9064064025878906
R585H:N587E:R588N,0.6080164909362793
R585H:N587E:R588Q,0.8951020240783691
R585H:N587E:R588S,1.5282988548278809
R585H:N587E:R588T,2.342120409011841
R585H:N587G,-2.9552559852600098
R585H:N587M,-1.776747226715088
R585H:N587M:R588E,0.6236939430236816
R585H:N587P,-0.5962691307067871
R585H:N587Q,-3.6976237297058105
R585H:R588A,3.2938644886016846
R585H:R588D,1.2368130683898926
R585H:R588E,1.778160572052002
R585H:R588G,1.8943982124328613
R585H:R588I,5.443031311035156
R585H:R588M,3.5344486236572266
R585H:R588N,1.2360587120056152
R585H:R588P,3.1342782974243164
R585H:R588Q,1.523144245147705
R585H:R588S,2.156341075897217
R585H:R588T,2.9701626300811768
R585H:R588W,1.3672065734863281
R585I:G586D:R588W,-0.8012022972106934
R585I:G586P,-0.6856077909469604
R585I:N587D,-0.5908269882202148
R585I:N587D:R588E,1.8096141815185547
R585I:N587D:R588M,3.5659022331237793
R585I:N587E,0.18339300155639648
R585I:N587E:R588A,4.0995378494262695
R585I:N587E:R588I,6.24870491027832
R585I:N587E:R588S,2.962014675140381
R585I:N587E:R588T,3.7758359909057617
R585I:N587H:R588G,-0.47586679458618164
R585I:N587I,1.0620450973510742
R585I:R588A,4.7275800704956055
R585I:R588E,3.211876392364502
R585I:R588G,3.3281140327453613
R585I:R588H,2.2780237197875977
R585I:R588I,6.876747131347656
R585I:R588M,4.968164443969727
R585I:R588N,2.6697745323181152
R585I:R588Q,2.956860065460205
R585I:R588S,3.590056896209717
R585I:R588T,4.403878211975098
R585I:R588W,2.800922393798828
R585K:N587D:R588T,-0.4926159381866455
R585M:G586E,-2.6125645637512207
R585M:G586P,-1.1560825109481812
R585M:N587D,-1.0613017082214355
R585M:N587E,-0.2870817184448242
R585M:N587E:R588A,3.629063606262207
R585M:N587E:R588H,1.179506778717041
R585M:N587E:R588M,3.86964750289917
R585M:N587E:R588N,1.5712575912475586
R585M:N587E:R588Q,1.8583431243896484
R585M:N587E:R588S,2.49153995513916
R585M:R588A,4.257105827331543
R585M:R588D,2.200054168701172
R585M:R588E,2.7414016723632812
R585M:R588H,1.807548999786377
R585M:R588I,6.4062724113464355
R585M:R588M,4.497689723968506
R585M:R588N,2.1992998123168945
R585M:R588T,3.933403730392456
R585N:G586D,-3.619990587234497
R585N:G586E:N587P,-2.9453794956207275
R585N:N587D,-1.4201281070709229
R585N:N587D:R588E,0.9803130626678467
R585N:N587D:R588S,1.3584935665130615
R585N:N587D:R588T,2.1723151206970215
R585N:N587E,-0.6459081172943115
R585N:N587E:R588H,0.8206803798675537
R585N:N587E:R588I,5.419404029846191
R585N:N587E:R588M,3.5108213424682617
R585N:N587E:R588N,1.2124311923980713
R585N:N587E:R588Q,1.4995167255401611
R585N:N587E:R588S,2.132713556289673
R585N:N587E:R588T,2.946535110473633
R585N:N587G,-2.3508412837982178
R585N:R588A,3.8982791900634766
R585N:R588D,1.8412277698516846
R585N:R588E,2.382575273513794
R585N:R588G,2.4988129138946533
R585N:R588H,1.4487226009368896
R585N:R588I,6.047446250915527
R585N:R588M,4.138863563537598
R585N:R588N,1.8404734134674072
R585N:R588P,3.7386929988861084
R585N:R588Q,2.127558946609497
R585N:R588S,2.760755777359009
R585N:R588T,3.5745773315429688
R585N:R588W,1.9716212749481201
R585P:G586D,-4.256864547729492
R585P:G586D:R588I,1.8084473609924316
R585P:G586E,-3.608264923095703
R585P:G586K,-8.619192123413086
R585P:G586L,-3.872075080871582
R585P:G586S,-4.235217571258545
R585P:N587E:R588D,0.5763115882873535
R585P:N587H:R588Q,-2.313295841217041
R585P:N587Q,-3.7300829887390137
R585P:R588A,3.2614052295684814
R585P:R588D,1.2043538093566895
R585P:R588I,5.410572052001953
R585P:R588M,3.5019893646240234
R585P:R588P,3.1018190383911133
R585P:R588Q,1.490684986114502
R585P:R588T,2.9377033710479736
R585Q:G586E,-1.895819902420044
R585Q:G586L,-2.159630060195923
R585Q:G586R,-6.770562171936035
R585Q:N587D,-0.3445570468902588
R585Q:N587D:R588H,1.1220314502716064
R585Q:N587D:R588M,3.8121724128723145
R585Q:N587E,0.42966294288635254
R585Q:N587E:R588A,4.345808029174805
R585Q:N587E:R588D,2.2887566089630127
R585Q:N587E:R588H,1.8962514400482178
R585Q:N587E:R588M,4.586392402648926
R585Q:N587E:R588N,2.2880022525787354
R585Q:N587E:R588Q,2.575087785720825
R585Q:N587E:R588S,3.208284616470337
R585Q:N587P,1.083716630935669
R585Q:R588A,4.973850250244141
R585Q:R588E,3.458146333694458
R585Q:R588H,2.5242936611175537
R585Q:R588I,7.123017311096191
R585Q:R588M,5.214434623718262
R585Q:R588Q,3.203130006790161
R585Q:R588S,3.836326837539673
R585Q:R588T,4.650148391723633
R585Q:R588W,3.047192335128784
R585S:N587D:R588Q,1.5796160697937012
R585S:N587E:R588A,4.124556541442871
R585S:N587E:R588M,4.365140438079834
R585S:N587E:R588N,2.0667505264282227
R585S:N587E:R588S,2.987032890319824
R585S:N587E:R588T,3.8008546829223633
R585S:R588A,4.752598762512207
R585S:R588D,2.695547103881836
R585S:R588E,3.2368946075439453
R585S:R588H,2.303041934967041
R585S:R588I,6.9017653465271
R585S:R588M,4.99318265914917
R585S:R588N,2.6947927474975586
R585S:R588Q,2.9818782806396484
R585S:R588S,3.61507511138916
R585S:R588T,4.428896903991699
R585S:R588W,2.8259406089782715
R585T:G586E,-2.2379283905029297
R585T:G586P,-0.7814463376998901
R585T:N587D,-0.6866655349731445
R585T:N587D:R588A,3.2294793128967285
R585T:N587D:R588M,3.4700636863708496
R585T:N587E,0.0875544548034668
R585T:N587E:R588A,4.00369930267334
R585T:N587E:R588M,4.244283676147461
R585T:N587E:R588N,1.9458937644958496
R585T:N587E:R588S,2.866176128387451
R585T:R588A,4.631741523742676
R585T:R588D,2.574690341949463
R585T:R588G,3.2322754859924316
R585T:R588H,2.182185173034668
R585T:R588I,6.780908584594727
R585T:R588M,4.872325897216797
R585T:R588N,2.5739359855651855
R585T:R588P,4.472155570983887
R585T:R588Q,2.8610215187072754
R585T:R588S,3.494218349456787
R585T:R588T,4.308039665222168
R585T:R588W,2.7050838470458984
R585W:N587D,-2.8721885681152344
R585W:N587E,-2.097968578338623
R585W:N587E:R588A,1.818176507949829
R585W:N587E:R588M,2.058760643005371
R585W:N587E:R588N,-0.23962926864624023
R585W:N587E:R588Q,0.04745626449584961
R585W:N587E:R588S,0.6806530952453613
R585W:N587E:R588T,1.4944746494293213
R585W:R588E,0.9305148124694824
R585W:R588G,1.0467524528503418
R585W:R588N,0.3884129524230957
R585W:R588Q,0.6754984855651855
R585W:R588S,1.3086953163146973
R585W:R588T,2.1225168704986572
R585W:R588W,0.5195608139038086
S580A:G586L,-5.8462042808532715
S580A:G586L:N587P:R588Q,-3.6747679710388184
S580A:N582D:R588M,-0.27219200134277344
S580A:N582E,-1.766128420829773
S580A:N582P,-3.8156533241271973
S580A:N582T,-4.414499282836914
S580A:N587E:R588A,0.659233808517456
S580A:N587G,-4.961844444274902
S580A:N587K,-9.796440124511719
S580A:N587P,-2.6028575897216797
S580A:N587Q,-5.704212188720703
S580A:R585A:G586L:R588H,-3.136701822280884
S580A:R585I,-1.8174338340759277
S580A:R585N:R588M,1.5099942684173584
S580A:R588G,-0.11219024658203125
S580A:R588M,1.527860164642334
S580A:R588Q,-0.4834442138671875
S580A:R588S,0.14975261688232422
S580A:R588T,0.9635741710662842
S580A:T581A:R585P:G586A:N587E,-9.414257049560547
S580A:T581D,-3.4477806091308594
S580A:T581D:N582E:R585M:R588T,1.3483636379241943
S580A:T581E,-1.2161235809326172
S580A:T581E:N582D:R585I:N587E:R588M,1.323946475982666
S580A:T581E:N582E:R585N:N587E,-0.9992910623550415
S580A:T581E:N582V,-1.4031181335449219
S580A:T581E:R585D,-0.7146511077880859
S580A:T581E:R585Q:G586H:N587D,-6.680342197418213
S580A:T581M,-6.219346046447754
S580A:T581N,-5.292359828948975
S580A:T581S:N587E,-6.0837626457214355
S580C:G586A,-6.516393661499023
S580C:G586P,-5.008204936981201
S580C:N582D:G586E:N587E,-8.892782211303711
S580C:N582V:R585D:N587E:R588M,0.3320028781890869
S580C:N587D,-4.913424491882324
S580C:N587K,-10.678732872009277
S580C:R585Q,-2.4534568786621094
S580C:T581D,-4.330073833465576
S580C:T581E,-2.098416566848755
S580C:T581R,-10.343981742858887
S580D:G586D,-7.250214576721191
S580D:G586E,-6.601614952087402
S580D:G586E:R588P,-2.8450562953948975
S580D:G586L,-6.865425109863281
S580D:G586N,-8.304930686950684
S580D:G586P:R588N,-3.2867937088012695
S580D:G586T,-7.461485862731934
S580D:N582A:R585W:G586D,-10.078012466430664
S580D:N582D,-5.448142051696777
S580D:N582D:N587E,-6.0761847496032715
S580D:N582D:R585A:R588A,-0.28908300399780273
S580D:N582D:R585A:R588D,-2.3461344242095947
S580D:N582D:R585A:R588Q,-2.0598032474517822
S580D:N582D:R585G:R588D,-2.088826894760132
S580D:N582D:R585H,-6.070422649383545
S580D:N582D:R585M,-5.107181549072266
S580D:N582D:R585M:G586E:N587E:R588W,-6.6992621421813965
S580D:N582D:R585M:R588D,-3.2480878829956055
S580D:N582D:R585M:R588M,-0.9504523277282715
S580D:N582D:R585M:R588T,-1.5147383213043213
S580D:N582D:R585N,-5.466008186340332
S580D:N582D:R585N:R588A,-1.5498628616333008
S580D:N582D:R585N:R588D,-3.6069142818450928
S580D:N582D:R585N:R588S,-2.6873862743377686
S580D:N582D:R585Q,-4.390437126159668
S580D:N582D:R585Q:R588N,-2.532097578048706
S580D:N582D:R585Q:R588Q,-2.245012044906616
S580D:N582D:R585Q:R588S,-1.6118152141571045
S580D:N582D:R585T:R588E,-2.332104206085205
S580D:N582D:R585T:R588M,-0.5758161544799805
S580D:N582D:R588T,-1.855699062347412
S580D:N582E,-2.7853493690490723
S580D:N582E:G586E:N587E:R588E,-3.966475486755371
S580D:N582E:N587D:R588N,-2.3292722702026367
S580D:N582E:R585A,-1.5424355268478394
S580D:N582E:R585A:R588M,2.6142935752868652
S580D:N582E:R585G:R588I,4.780184268951416
S580D:N582E:R585N,-2.803215503692627
S580D:N582E:R585N:R588Q,-0.6577904224395752
S580D:N582E:R585N:R588T,0.7892279624938965
S580D:N582E:R585T:R588D,-0.21065902709960938
S580D:N582E:R585T:R588E,0.3306884765625
S580D:N582E:R585T:R588S,0.7088689804077148
S580D:N582E:R588T,0.8070937395095825
S580D:N582G:N587D,-7.660184860229492
S580D:N582G:R585W:N587E,-8.355892181396484
S580D:N582P,-4.834874153137207
S580D:N582P:N587E:R588Q,-3.3174915313720703
S580D:N582S,-6.058171272277832
S580D:N587A,-5.137740135192871
S580D:N587D,-5.050352096557617
S580D:N587D:R588G,-2.5336735248565674
S580D:N587E,-4.276132583618164
S580D:R585A,-2.4051761627197266
S580D:R585A:N587E,-3.0332186222076416
S580D:R585A:N587E:R588M,1.1235108375549316
S580D:R585A:R588I,3.6601357460021973
S580D:R585D,-3.1466176509857178
S580D:R585D:G586E:N587E,-6.728184700012207
S580D:R585E:N587D:R588M,0.20406150817871094
S580D:R585G,-2.1478686332702637
S580D:R585G:N587D,-3.550130605697632
S580D:R585G:R588M,2.0088605880737305
S580D:R585H,-4.2703704833984375
S580D:R585H:R588T,-0.6779274940490723
S580D:R585I:N587D:R588A,-0.3227720260620117
S580D:R585I:R588M,1.3200743198394775
S580D:R585N,-3.6659560203552246
S580D:R585N:R588Q,-1.520531177520752
S580D:R585P:G586E:R588E,-4.8559136390686035
S580D:R585P:N587E,-4.930872440338135
S580D:R585Q,-2.5903849601745605
S580D:R585Q:R588S,0.18823671340942383
S580D:R585Q:R588W,-0.6008977890014648
S580D:R585S,-2.8116366863250732
S580D:R585S:R588D,-0.9525430202484131
S580D:R585T,-2.9324934482574463
S580D:R585T:N587D:R588Q,-2.189330816268921
S580D:R588A,0.2680549621582031
S580D:R588D,-1.7889964580535889
S580D:R588E,-1.2476489543914795
S580D:R588G,-1.1314113140106201
S580D:R588H,-2.181501626968384
S580D:R588I,2.417221784591675
S580D:R588M,0.5086390972137451
S580D:R588N,-1.7897508144378662
S580D:R588P,0.10846877098083496
S580D:R588Q,-1.5026652812957764
S580D:R588S,-0.8694684505462646
S580D:R588W,-1.6586029529571533
S580D:T581A:R585H:R588I,-0.7024335861206055
S580D:T581D,-4.467001914978027
S580D:T581D:R585M:R588N,-2.267702102661133
S580D:T581D:R585T:G586E:R588P,-2.948371410369873
S580D:T581E,-2.235344648361206
S580D:T581E:N582D:R585G,-2.535175323486328
S580D:T581E:N582D:R585Q:R588D,-1.1185979843139648
S580D:T581E:N582E:R585T:R588S,2.121614456176758
S580D:T581E:N582I,-2.0844995975494385
S580D:T581E:N582P:R585S:N587D,-3.9879374504089355
S580D:T581E:N587P,-2.2093331813812256
S580D:T581E:R585H,-2.8576250076293945
S580D:T581E:R585N,-2.2532105445861816
S580D:T581E:R585Q,-1.1776394844055176
S580D:T581E:R585W,-3.705270767211914
S580D:T581E:R588I,3.8299672603607178
S580D:T581H,-7.459965705871582
S580E:G586E,-6.322626113891602
S580E:N582D,-5.169153213500977
S580E:N582D:G586E:N587E,-8.750720977783203
S580E:N582D:G586E:R588Q,-5.977253437042236
S580E:N582D:N587E,-5.7971954345703125
S580E:N582D:R585D:N587E:R588D,-3.436629295349121
S580E:N582D:R585Q,-4.111448287963867
S580E:N582D:R588N,-3.3108139038085938
S580E:N582E,-2.5063605308532715
S580E:N582E:N587D,-3.9086227416992188
S580E:N582E:N587D:R588G,-1.3919439315795898
S580E:N582E:R585F,-2.4875426292419434
S580E:N582E:R588E,-0.1059192419052124
S580E:N582M:G586Q:N587E:R588E,-6.89375638961792
S580E:N582P,-4.555885314941406
S580E:N582P:N587E,-5.183927536010742
S580E:N582P:R585A:N587D:R588E,-2.3147923946380615
S580E:N582P:R585E:R588H,-1.991612195968628
S580E:N582P:R585H:G586E:R588W,-6.1422038078308105
S580E:N582P:R585H:N587E:R588H,-4.3396196365356445
S580E:N582P:R585M:R588H,-2.7483363151550293
S580E:N582P:R588G,-2.0392065048217773
S580E:N582S:R585I:G586S:R588E,-6.147783279418945
S580E:N582T:R585N:N587I:R588S,-2.1433656215667725
S580E:N587D,-4.771363258361816
S580E:N587E,-3.997143268585205
S580E:N587S,-5.845879077911377
S580E:R585A,-2.1261870861053467
S580E:R585D,-2.867628574371338
S580E:R585D:N587D:R588S,-1.4912691116333008
S580E:R585D:N587E,-3.495670795440674
S580E:R585D:N587E:R588D,-1.6365771293640137
S580E:R585E,-2.271416425704956
S580E:R585F,-3.350283145904541
S580E:R585F:G586E:R588E,-3.903367042541504
S580E:R585G,-1.8688795566558838
S580E:R585H:G586E:N587E,-7.572948932647705
S580E:R585H:R588N,-2.133042335510254
S580E:R585I,-2.5576658248901367
S580E:R585I:G586E:N587E,-6.139233112335205
S580E:R585I:N587D:R588S,-1.1813063621520996
S580E:R585I:N587E:R588M,0.9710211753845215
S580E:R585I:N587E:R588S,-0.4070863723754883
S580E:R585P,-4.02384090423584
S580E:R585Q:R588P,1.4451630115509033
S580E:R588A,0.547044038772583
S580E:R588D,-1.510007381439209
S580E:R588E,-0.9686598777770996
S580E:R588I,2.6962108612060547
S580E:R588P,0.38745784759521484
S580E:R588S,-0.5904793739318848
S580E:T581D:N582D:R588G,-3.471385955810547
S580E:T581D:N582G:N587E,-7.425887584686279
S580E:T581E,-1.9563555717468262
S580E:T581E:N582E:R585C:R588N,1.4608961343765259
S580E:T581H,-7.180976390838623
S580E:T581H:N582G:R585P,-10.445549011230469
S580E:T581H:R588D,-5.321882724761963
S580E:T581N,-6.032591819763184
S580F:G586E,-7.379870891571045
S580F:G586Q,-8.935587882995605
S580F:G586Q:R588P,-5.1790289878845215
S580F:N582D:G586E:R588Q,-7.03449821472168
S580F:N582P,-5.61313009262085
S580F:N582S,-6.836426734924316
S580F:N587A,-5.9159955978393555
S580F:N587E:R588D,-3.1952943801879883
S580F:R585A,-3.18343186378479
S580F:R585P,-5.081085681915283
S580F:R588M,-0.26961660385131836
S580F:R588N,-2.5680065155029297
S580F:R588Q,-2.28092098236084
S580F:T581E,-3.0136003494262695
S580F:T581E:N582P,-4.200384616851807
S580F:T581E:R588A,0.9025447368621826
S580F:T581E:R588N,-1.1552610397338867
S580G:G586E,-6.013467788696289
S580G:G586L,-6.277277946472168
S580G:N582E,-2.197201728820801
S580G:N582M,-3.847754716873169
S580G:N582V,-3.2469370365142822
S580G:N587A,-4.5495924949646
S580G:N587E,-3.6879847049713135
S580G:R585A,-1.817028522491455
S580G:R585Q,-2.002237319946289
S580G:R588A,0.8562026023864746
S580G:R588I,3.0053694248199463
S580G:R588M,1.0967867374420166
S580G:R588T,0.5325007438659668
S580G:T581E,-1.6471970081329346
S580G:T581E:N582E:R585G:R588E,3.116206407546997
S580G:T581E:R588G,0.8694818019866943
S580G:T581M,-6.650419235229492
S580G:T581N,-5.723433494567871
S580G:T581S,-5.886794090270996
S580G:T581S:R585I:G586E,-8.028883934020996
S580H:G586E,-7.869533538818359
S580H:N582A,-6.2738800048828125
S580H:N582C,-6.942765712738037
S580H:N582G,-7.525841236114502
S580H:N582G:R585T,-6.810244560241699
S580H:N582P:R588P,-2.34623384475708
S580H:N587E:R588P,-1.787491798400879
S580H:R585A,-3.6730945110321045
S580H:R585P,-5.570748329162598
S580H:R585T,-4.200411796569824
S580H:R588P,-1.159449577331543
S580H:T581E,-3.503262996673584
S580H:T581E:N582H:R585H,-6.9287919998168945
S580I:N582C:N587A:R588M,-2.82893967628479
S580I:N582F,-4.625875473022461
S580I:N587K,-10.636833190917969
S580I:R585I,-2.6578264236450195
S580K:G586T,-11.20635986328125
S580K:R585S:G586D:R588G,-7.641956329345703
S580K:T581A,-9.890338897705078
S580K:T581D,-8.211875915527344
S580K:T581D:G586E:N587E,-11.79344367980957
S580M:R585G,-2.6972153186798096
S580M:R588K,-6.578416347503662
S580N:G586D,-7.826246738433838
S580N:G586I,-7.238246440887451
S580N:R585Q,-3.166416883468628
S580N:R588P,-0.4675631523132324
S580N:T581D:R585A,-3.8001198768615723
S580N:T581E,-2.8113765716552734
S580P:G586E,-5.007661819458008
S580P:G586H,-7.173798561096191
S580P:G586I,-5.06826114654541
S580P:N582A:R585P,-4.066748142242432
S580P:N582C:R585S:G586E,-6.197965621948242
S580P:N582D:R588M,0.30254030227661133
S580P:N582G,-4.66396951675415
S580P:N582Q,-1.459492802619934
S580P:N587D:R588N,-1.5980596542358398
S580P:N587E,-2.6821789741516113
S580P:N587I:R588S,0.9750947952270508
S580P:R588A,1.8620083332061768
S580P:R588H,-0.5875482559204102
S580P:R588K,-4.435116291046143
S580P:R588M,2.1025924682617188
S580P:T581D,-2.8730483055114746
S580P:T581E,-0.6413912773132324
S580P:T581E:R585H:R588K,-3.644651412963867
S580P:T581E:R585T,0.07420539855957031
S580P:T581M:N582S:R585T:G586N:R588T,-8.403495788574219
S580P:T581M:N582T:R585T:G586N:R588N,-9.51314926147461
S580Q:R585D,-3.6603002548217773
S580Q:R585E,-3.0640881061553955
S580Q:R588P,-0.4052138328552246
S580Q:R588T,-0.5693295001983643
S580Q:T581G:R585G:R588P,-1.998633861541748
S580Q:T581G:R588P,-3.4988555908203125
S580R:G586L,-10.894203186035156
S580R:N582D,-9.476920127868652
S580R:R585W,-9.146794319152832
S580R:T581P,-10.082682609558105
S580T:G586L:N587P,-6.587581634521484
S580T:N582D:G586Q:N587E:R588M,-6.176865100860596
S580T:R585F,-3.3774399757385254
S580T:R585Q,-2.338552713394165
S580T:R588H,-1.9296693801879883
S580T:R588W,-1.4067707061767578
S580T:T581D,-4.215169429779053
S580V:N582I,-3.1942272186279297
S580V:N582Q,-2.7504281997680664
S580V:R585M,-3.0041117668151855
S580V:T581A,-5.842446804046631
S580V:T581D:N582D:R588Q,-3.8186111450195312
S580V:T581H,-7.156947612762451
S580W:N582D,-7.715832710266113
S580W:N582F,-7.072394371032715
S580W:N582G,-8.525613784790039
S580W:R585S,-5.07932710647583
S580W:R588D,-4.056686878204346
S580W:R588H,-4.449192047119141
S580W:R588I,0.14953136444091797
S580W:R588P,-2.159221649169922
S580W:T581N,-8.57927131652832
T567A:A572C:Q575M,-8.505623817443848
T567A:A572C:R585H:R588M,-2.2289466857910156
T567A:A572C:R585S:R588A,-1.0107965469360352
T567A:A572C:S580A,-8.392264366149902
T567A:A572L:Q575C:T581E:G586E,-11.593426704406738
T567A:A572S,-3.647106170654297
T567A:A572S:Q575C,-5.322742462158203
T567A:A572S:Q575C:S580A,-7.951611518859863
T567A:A572S:Q575I:G586P:N587Q,-10.831846237182617
T567A:A572S:Q575M:S580A:R585Q:G586E,-10.914023399353027
T567A:A572S:Q575M:S580A:T581M,-12.608680725097656
T567A:A572S:Q575V:S580G,-9.294163703918457
T567A:A572S:Q575V:V579A:N582V,-9.008365631103516
T567A:A572S:R585N,-3.6649723052978516
T567A:A572S:S580D:G586L,-10.512531280517578
T567A:A572S:V579C:N582I:R585H:N587G,-9.406271934509277
T567A:G577A,-6.777524948120117
T567A:G586P,-3.42090106010437
T567A:N569Q,-9.835297584533691
T567A:N582A,-3.2817296981811523
T567A:N582C,-3.950615406036377
T567A:N582D,-3.723910331726074
T567A:N582D:R585A,-2.4809961318969727
T567A:N582D:R585H:N587E,-4.974233150482178
T567A:N582D:R585H:R588T,-0.7537477016448975
T567A:N582D:R585Q:N587D:R588S,-1.289845585823059
T567A:N582D:R588A,0.19223487377166748
T567A:N582E,-1.06111741065979
T567A:N582E:N587E,-1.6891597509384155
T567A:N582E:R585G:N587E:R588S,2.5896835327148438
T567A:N582E:R588A,2.855027675628662
T567A:N587D,-3.326120376586914
T567A:N587G,-4.256833553314209
T567A:P570A,-5.726637363433838
T567A:P570C:T581E,-4.9979729652404785
T567A:Q575C,-3.599494457244873
T567A:Q575C:N582D:R585G:R588T,-0.30688202381134033
T567A:Q575C:N582D:R585Q:R588E,-1.941400408744812
T567A:Q575C:N582E:N587E:R588Q,-1.2193713188171387
T567A:Q575C:N582E:R585S:N587D,-3.302562713623047
T567A:Q575C:R585I:N587D,-4.190321445465088
T567A:Q575C:R585S,-2.7630410194396973
T567A:Q575C:R585S:N587E:R588E,-0.9906421899795532
T567A:Q575C:S580A,-6.228363990783691
T567A:Q575H,-5.369203090667725
T567A:Q575I,-4.5362114906311035
T567A:Q575I:R585G,-3.0359902381896973
T567A:Q575I:S580A,-7.165081024169922
T567A:Q575I:T581M,-8.126688957214355
T567A:Q575M,-4.666086196899414
T567A:Q575M:N582D:R585S:N587D,-7.031947612762451
T567A:Q575M:N582E,-3.8033456802368164
T567A:Q575M:N582V:N587G,-7.186056137084961
T567A:Q575M:R585N,-4.683952331542969
T567A:Q575M:R585S,-3.8296327590942383
T567A:Q575M:R585S:G586P:R588G,-2.809997081756592
T567A:Q575M:R585S:N587D,-5.2318949699401855
T567A:Q575M:S580D:N582D:R585T:R588D,-7.5395379066467285
T567A:Q575N:S580G,-8.247232437133789
T567A:Q575T:S580A,-7.112953186035156
T567A:Q575V,-4.51097297668457
T567A:Q575V:S580D,-8.159063339233398
T567A:Q575V:S580G,-7.570915222167969
T567A:Q575V:V579T,-7.2725067138671875
T567A:R585C,-1.2276862859725952
T567A:R585E:R588S,1.9524482488632202
T567A:R585F:N587E,-2.5330824851989746
T567A:R585G:R588E,1.9768046140670776
T567A:R585H,-2.5461387634277344
T567A:R585H:N587G,-4.879114151000977
T567A:R585H:R588M,1.6105904579162598
T567A:R585I,-1.1124228239059448
T567A:R585N,-1.9417239427566528
T567A:R585N:N587E,-2.5697662830352783
T567A:R585N:R588I,4.123587608337402
T567A:R585P:R588E,-0.17815673351287842
T567A:R585Q:R588S,1.9124687910079956
T567A:R585S,-1.0874046087265015
T567A:R588D,-0.06476438045501709
T567A:R588G,0.5928207635879517
T567A:R588H,-0.457269549369812
T567A:R588K,-4.304837703704834
T567A:R588Q,0.2215667963027954
T567A:R588T,1.668585181236267
T567A:S580A,-4.552727222442627
T567A:S580A:T581A:R585D:N587G:R588E,-6.481163501739502
T567A:S580A:T581M:R585G:N587D,-8.045245170593262
T567A:S580D,-5.571948051452637
T567A:S580D:T581D:N582V:R585E:R588I,0.5851421356201172
T567A:S580K,-9.316822052001953
T567A:S580N,-6.147980213165283
T567A:T568K,-12.537264823913574
T567A:T581A,-4.4212327003479
T567A:T581A:G586E,-7.374757766723633
T567A:T581A:G586E:N587P:R588S,-4.570124626159668
T567A:T581A:N582D:R585G:R588G,-2.2043843269348145
T567A:T581A:N582G:N587D,-8.433327674865723
T567A:T581D,-2.742769718170166
T567A:T581D:R585Q:R588Q,0.4603602886199951
T567A:T581E:N582D,-2.3111648559570312
T567A:T581E:N582D:R585H,-2.933445453643799
T567A:T581E:R585I:R588Q,2.4457473754882812
T567A:T581M,-5.5143351554870605
T567A:T581N:R585P,-5.242088794708252
T567A:V571A,-4.404578685760498
T567A:V571A:Q575C:T581E,-4.6674699783325195
T567A:V571A:R585Q,-3.3468737602233887
T567A:V571D:R585G:N587E:R588I,-0.48816609382629395
T567A:V571E,-7.325784206390381
T567A:V571E:R588G,-4.809105396270752
T567A:V571G:Q575C:S580Q:R585S:R588G,-8.02851676940918
T567A:V571I:N582E,-4.665094375610352
T567A:V571T,-2.982421875
T567A:V571T:A572S:R585S:R588A,0.0469282865524292
T567A:V571T:G586E:N587D,-7.33820915222168
T567A:V571T:Q575P:S580A:R588D,-7.929925441741943
T567A:V571T:R585Q,-1.924716830253601
T567A:V571T:S580N:R585Q,-6.148838996887207
T567A:V579A:R585H:R588M,-0.9765586853027344
T567A:V579A:R588D,-2.651913642883301
T567A:V579M,-5.60401725769043
T567A:V579M:N582D,-7.404069423675537
T567A:V579M:R585T,-4.888420581817627
T567A:V579M:R588M,-1.4472880363464355
T567A:V579M:T581D,-6.422928810119629
T567C:A572C,-5.590654373168945
T567C:A572C:N587A,-7.080304145812988
T567C:A572C:Q575S:R585A:R588E,-4.265385627746582
T567C:A572C:Q575V:T581S,-11.004620552062988
T567C:A572C:R585H,-6.212934494018555
T567C:A572C:S580A:T581E,-6.8067779541015625
T567C:A572E,-9.21603012084961
T567C:A572E:G586I,-12.230154037475586
T567C:A572S,-3.474365234375
T567C:A572S:Q575C:S580A,-7.778870582580566
T567C:A572S:Q575N,-6.737796783447266
T567C:A572S:Q575T,-6.0345916748046875
T567C:A572S:Q575T:S580G,-9.094533920288086
T567C:A572S:Q575V:N582E,-5.198739528656006
T567C:A572S:S580A,-6.10323429107666
T567C:A572S:V579A,-6.061514854431152
T567C:G586A,-4.756348133087158
T567C:G586E,-4.704641819000244
T567C:G586E:R588H,-3.238053321838379
T567C:N569S:A572E:G586I,-18.118450164794922
T567C:N582A,-3.1089882850646973
T567C:N582D,-3.551168918609619
T567C:N582D:N587D:R588T,-1.360987901687622
T567C:N582E,-0.8883762359619141
T567C:N582E:N587E:R588A,2.399726629257202
T567C:N582E:R585Q:R588D,2.0284225940704346
T567C:N582P,-2.937901020050049
T567C:N582R,-8.222908973693848
T567C:N587D:R588T,0.4390641450881958
T567C:N587E:R588A,1.5369858741760254
T567C:N587H,-5.555097579956055
T567C:N587I,-1.5005069971084595
T567C:N587M,-2.905583381652832
T567C:P570A,-5.553895950317383
T567C:Q575A,-3.852932929992676
T567C:Q575C,-3.426753520965576
T567C:Q575C:R585D:R588Q,-0.7798562049865723
T567C:Q575H,-5.1964616775512695
T567C:Q575H:S580A:T581M:R588Q,-9.27038288116455
T567C:Q575I,-4.363470554351807
T567C:Q575I:T581M,-7.953947067260742
T567C:Q575I:V579A:N587E,-7.578661918640137
T567C:Q575M,-4.493345260620117
T567C:Q575M:N582G:R585Q:R588G,-3.5287938117980957
T567C:Q575M:N587Q,-7.56868839263916
T567C:Q575M:R585I,-3.6819100379943848
T567C:Q575M:R585S:G586E,-6.610416889190674
T567C:Q575M:R588Q,-2.3479204177856445
T567C:Q575M:T581D:R585E,-4.214572429656982
T567C:Q575N,-5.0145487785339355
T567C:Q575N:S580A,-7.643417835235596
T567C:Q575N:T581N:N582P:R585D:R588S,-5.5847296714782715
T567C:Q575P,-5.928844928741455
T567C:Q575T,-4.311343193054199
T567C:Q575T:V579T:T581S,-9.899728775024414
T567C:Q575V,-4.338232040405273
T567C:Q575V:T581M,-7.928709030151367
T567C:Q575V:T581N,-7.00172233581543
T567C:Q575V:V579M:R585Q:N587E,-7.588727951049805
T567C:R585C,-1.0549451112747192
T567C:R585D,-1.24964439868927
T567C:R585H,-2.3733973503112793
T567C:R585I,-0.9396816492080688
T567C:R585P,-2.4058566093444824
T567C:R585Q,-0.6934117078781128
T567C:R585S,-0.9146634340286255
T567C:R585W,-3.221043109893799
T567C:R588A,2.1650280952453613
T567C:R588I,4.314195156097412
T567C:R588Q,0.3943079710006714
T567C:R588T,1.841326355934143
T567C:S580A,-4.379985809326172
T567C:S580G,-4.811059474945068
T567C:S580H:R588S,-3.8885035514831543
T567C:T581D,-2.57002854347229
T567C:T581D:R588S,0.20859313011169434
T567C:T581E,-0.3383713960647583
T567C:T581M,-5.3415937423706055
T567C:T581N:N582A,-5.772479057312012
T567C:T581N:N582D:R588D,-4.355566024780273
T567C:T581N:N582G:R585S:G586E,-9.141511917114258
T567C:V571A:A572C:R585Q,-7.013669967651367
T567C:V571A:Q575C:T581E:N587D,-5.896990776062012
T567C:V571A:Q575V,-6.818952560424805
T567C:V571C:Q575P:R585S,-7.824110507965088
T567C:V571D,-7.252915859222412
T567C:V571D:A572C:R588S,-8.313831329345703
T567C:V571D:Q575C:N582G:R585P:R588P,-8.436565399169922
T567C:V571E:A572S:Q575M:T581A:R585H,-14.738174438476562
T567C:V571G,-5.3714985847473145
T567C:V571I,-5.355093955993652
T567C:V571T:N582D:N587D:R588A,-2.0958502292633057
T567C:V571T:Q575C:R588A,-0.5691723823547363
T567C:V571T:Q575T:T581D,-6.18881893157959
T567C:V579A:S580D,-7.986356735229492
T567C:V579A:S580D:R585T,-7.270759582519531
T567C:V579A:S580D:R585T:R588G,-4.754080772399902
T567C:V579A:T581M,-7.928743362426758
T567C:V579C,-4.705871105194092
T567C:V579S:N582P:R585Q:N587P:R588S,-1.887168526649475
T567C:V579T,-4.512650966644287
T567C:V579T:R588A,-0.596505880355835
T567C:V579Y:T581E,-4.705945014953613
T567D:A572H,-14.762102127075195
T567D:N569T,-13.702911376953125
T567D:N569T:V571I,-17.306888580322266
T567D:N582I,-6.966909885406494
T567D:N582S,-9.527835845947266
T567D:N587I,-6.86714506149292
T567D:P570E,-15.110612869262695
T567D:Q575I,-9.730108261108398
T567D:R585N,-7.135621070861816
T567D:R588Q,-4.972330093383789
T567D:S580M,-11.315191268920898
T567D:S580N,-11.341876983642578
T567D:S580P,-9.171892166137695
T567D:S580T,-10.514013290405273
T567D:V571C,-9.84947395324707
T567D:V571E,-12.519680976867676
T567D:V571R,-14.148441314697266
T567D:V579C,-10.072508811950684
T567E:G577N,-11.756288528442383
T567E:P570I,-11.992929458618164
T567E:P570K,-16.1717472076416
T567E:Q575F,-9.028875350952148
T567E:Q575P,-11.012552261352539
T567E:Q575R,-13.400177955627441
T567E:S580R,-14.51169204711914
T567E:T581N,-9.498313903808594
T567E:V571F,-12.180712699890137
T567E:V579T,-9.596357345581055
T567F:N569C,-13.219554901123047
T567F:N569F,-15.996597290039062
T567F:N587P,-6.466926097869873
T567F:P570C:Q575H,-14.425142288208008
T567F:P570K,-15.82986068725586
T567F:P570W,-16.416240692138672
T567F:R585I,-5.681502342224121
T567F:T568E,-16.221677780151367
T567F:T568I,-14.227273941040039
T567F:T568S,-11.268716812133789
T567F:T581N,-9.156428337097168
T567F:V571D:Q575F:N587G,-16.52176284790039
T567F:V571P,-12.918298721313477
T567F:V579M,-10.173096656799316
T567G:A572C:G586L:N587P,-10.922801971435547
T567G:A572S:N582E:R588S,-1.9738273620605469
T567G:A572S:R585F:N587D,-6.998633861541748
T567G:G577P,-10.240423202514648
T567G:G577P:T581R,-17.073244094848633
T567G:N569R,-13.413074493408203
T567G:N569T:T581H:N582T:R585M,-15.733642578125
T567G:N582P,-5.078725337982178
T567G:N582V,-4.078935623168945
T567G:N587D,-5.294203281402588
T567G:N587Q,-6.967284202575684
T567G:P570D,-12.462118148803711
T567G:Q575C:N582E:R585D:N587E:R588N,-2.973067283630371
T567G:Q575I:V579N:N582F,-11.8896484375
T567G:R585E,-2.7942564487457275
T567G:R585H:G586L:R588S,-4.952935218811035
T567G:R585H:N587M,-5.6686882972717285
T567G:R585K,-6.574738025665283
T567G:R585Q,-2.834235906600952
T567G:R585T:R588S,-0.3977227210998535
T567G:R588N,-2.033601760864258
T567G:S580A:T581M,-10.111287117004395
T567G:S580G,-6.951883316040039
T567G:S580G:R585Q,-5.89417839050293
T567G:T581D,-4.71085262298584
T567G:T581D:N587M,-5.86531925201416
T567G:T581E,-2.4791955947875977
T567G:T581S:R588S,-3.9401707649230957
T567G:V571I:Q575N:T581E:N582Q:N587Q,-11.82730484008789
T567G:V579A,-6.479090690612793
T567G:V579A:N582I,-6.328245162963867
T567G:V579C,-6.8466949462890625
T567G:V579W,-9.27961254119873
T567H:N569F,-16.404762268066406
T567H:N582A,-8.258974075317383
T567H:N582C,-8.927860260009766
T567H:N582M,-7.688915252685547
T567H:N582Q,-6.306458950042725
T567H:N587M,-8.055569648742676
T567H:P570H,-15.094467163085938
T567H:P570N,-13.719799041748047
T567H:R585Q,-5.843398094177246
T567H:R585T,-6.185506343841553
T567H:R588H,-5.43451452255249
T567H:R588I,-0.8357911109924316
T567H:R588N,-5.042763710021973
T567H:R588S,-4.122481346130371
T567H:S580C,-10.412264823913574
T567H:T568E,-16.62984275817871
T567H:V579E,-11.387479782104492
T567H:V579R,-15.072480201721191
T567I:G586P,-6.899426460266113
T567I:G586T,-9.215779304504395
T567I:N569R,-14.923517227172852
T567I:Q575T,-7.96260929107666
T567I:R588D,-3.5432896614074707
T567I:R588K,-7.783362865447998
T567I:T581N,-8.065874099731445
T567I:V571G,-9.022765159606934
T567I:V579P:G586A,-13.382741928100586
T567I:V579Q,-9.292020797729492
T567K:A572Q,-14.49626350402832
T567K:A572R,-16.712087631225586
T567K:A572R:T581R,-23.544906616210938
T567K:N582K,-13.61403751373291
T567K:N582T,-9.419276237487793
T567K:P570T,-11.872759819030762
T567K:Q575W,-11.592647552490234
T567K:R585E,-6.535961151123047
T567K:R585M:R588N,-5.4343461990356445
T567K:R585T,-6.918049335479736
T567K:S580C,-11.144807815551758
T567K:S580Q,-11.795418739318848
T567K:S580W,-13.549427032470703
T567K:V579C,-10.588399887084961
T567K:V579G:N582I:R588I,-4.954903602600098
T567K:V579R,-15.805023193359375
T567L:A572P,-12.910966873168945
T567L:N569I,-14.159432411193848
T567L:N569T,-12.664579391479492
T567L:N582C,-8.106180191040039
T567L:P570C,-10.566283226013184
T567L:R588P,-2.322864055633545
T567L:S580M,-10.276859283447266
T567L:S580R,-13.756290435791016
T567L:T568G,-14.614699363708496
T567L:T581S,-8.906274795532227
T567L:V579M,-9.75958251953125
T567M:N569I,-13.806511878967285
T567M:N582H,-8.52975082397461
T567M:N587I,-5.475892543792725
T567M:Q575H,-9.171847343444824
T567M:R588I,0.3388094902038574
T567M:R588K,-8.107481956481934
T567M:S580D,-9.374592781066895
T567M:S580N,-9.950624465942383
T567M:S580P:T581D,-8.599550247192383
T567M:S580T,-9.122760772705078
T567M:T568K,-16.339908599853516
T567M:T568M:R588T,-10.775261878967285
T567M:T568R:S580R,-24.455188751220703
T567M:T568S:S580N,-14.726404190063477
T567M:V579Q,-9.616140365600586
T567N:A572C,-8.99699592590332
T567N:G586A,-8.162689208984375
T567N:N582M,-5.945270538330078
T567N:Q575I,-7.769811630249023
T567N:S580Q,-9.319231033325195
T567N:V571N,-9.134743690490723
T567N:V579Q,-9.047096252441406
T567P:A572C:Q575S:V579W:N582G:R588D,-19.060253143310547
T567P:A572S,-8.487467765808105
T567P:G577A,-11.617886543273926
T567P:G577Q,-12.689693450927734
T567P:N569A,-13.71743392944336
T567P:N569G:R585G,-12.933470726013184
T567P:Q575C:R588P,-4.683297157287598
T567P:Q575N:T581N:R585S,-11.85468864440918
T567P:Q575P:T581E,-9.529202461242676
T567P:Q575T,-9.324445724487305
T567P:Q575W,-10.723221778869629
T567P:R585C,-6.068048000335693
T567P:R585G,-5.263998031616211
T567P:R585H:G586L,-10.603836059570312
T567P:R585P,-7.418959617614746
T567P:R588D,-4.905126094818115
T567P:R588P,-3.0076608657836914
T567P:S580A:N582G:R588I,-5.937610149383545
T567P:S580D,-10.412309646606445
T567P:T568I:N569I,-22.578563690185547
T567P:T568N,-14.761880874633789
T567P:T568P,-16.765562057495117
T567P:T581E,-5.351474285125732
T567P:T581G,-9.857861518859863
T567P:T581H,-10.576095581054688
T567P:V571C:R585S,-8.65948486328125
T567P:V571D,-12.266018867492676
T567P:V571D:S580D:R588H,-14.44752025604248
T567P:V571E:S580D:R585D,-15.312763214111328
T567P:V571F,-12.110109329223633
T567P:V571F:Q575N:S580H:N587E,-20.917591094970703
T567P:V571F:V579W:S580E,-20.86688232421875
T567P:V571M:V579I,-13.733536720275879
T567P:V571M:V579I:G586P,-15.23058032989502
T567P:V571M:V579I:R585E:G586P,-14.132895469665527
T567P:V571M:V579I:R585E:G586P:R588W,-12.14340877532959
T567P:V579W:N582G,-14.761723518371582
T567P:V579W:R588D,-10.292797088623047
T567Q:A572C,-9.865689277648926
T567Q:A572S:G586E,-10.702925682067871
T567Q:A572S:N582V:G586E:R588K,-13.270898818969727
T567Q:A572S:N587G,-10.082375526428223
T567Q:A572S:Q575V:T581D,-11.155426979064941
T567Q:A572S:Q575V:T581E,-8.9237699508667
T567Q:A572S:Q575V:V579A:N582V,-13.110658645629883
T567Q:A572S:Q575V:V579A:N582V:N587G,-15.443634033203125
T567Q:A572S:R588K,-10.130379676818848
T567Q:A572S:T581E:N587G,-8.66963005065918
T567Q:A572S:V579A,-10.336549758911133
T567Q:A572S:V579C,-10.704154014587402
T567Q:G586A,-9.031383514404297
T567Q:G586E,-8.979677200317383
T567Q:N569W,-17.1101131439209
T567Q:N582A:N587E:R588I,-1.9467535018920898
T567Q:N582A:R588Q,-5.238598346710205
T567Q:N582C:N587E,-8.680951118469238
T567Q:N582C:N587E:R588Q,-6.535526275634766
T567Q:N582D,-7.8262038230896
T567Q:N582D:G586E,-10.779729843139648
T567Q:N582D:R588D,-5.9671101570129395
T567Q:N582E:R585A:N587E:R588T,-0.9560960531234741
T567Q:N582G,-8.635984420776367
T567Q:N582G:R588N,-6.777645111083984
T567Q:N582P:R585H,-7.835216522216797
T567Q:N582V,-6.213146209716797
T567Q:N582V:R585H,-6.8354268074035645
T567Q:N587G,-8.359127044677734
T567Q:N587I,-5.77554178237915
T567Q:N587M,-7.1806182861328125
T567Q:P570T,-10.265265464782715
T567Q:Q575C:N582D:R585H:N587D:R588M,-7.369653701782227
T567Q:Q575C:T581D,-8.520699501037598
T567Q:Q575G:N582C:G586E:N587E,-13.432306289672852
T567Q:Q575G:S580P:N582V,-10.065113067626953
T567Q:Q575G:V579A:R585H:N587G,-13.366387367248535
T567Q:Q575H:N587M,-10.62596321105957
T567Q:Q575M,-8.768380165100098
T567Q:Q575M:R585A,-7.525465965270996
T567Q:Q575M:T581E:N587G,-9.688610076904297
T567Q:Q575M:T581E:R585A,-6.112720489501953
T567Q:Q575M:V579A:G586P,-12.852572441101074
T567Q:Q575M:V579A:N587G,-13.688505172729492
T567Q:Q575N,-9.289583206176758
T567Q:Q575N:S580A:N582I:R588A,-7.8514628410339355
T567Q:Q575N:V579A,-11.876733779907227
T567Q:Q575V,-8.613266944885254
T567Q:Q575V:R585H:N587G,-11.568523406982422
T567Q:Q575V:V579A:S580G:T581E:N582V,-13.034607887268066
T567Q:R585D,-5.524679183959961
T567Q:R585D:N587E,-6.152721405029297
T567Q:R585H,-6.64843225479126
T567Q:R585N,-6.044017791748047
T567Q:R585N:R588T,-2.4515743255615234
T567Q:R585Q,-4.968446731567383
T567Q:R585T,-5.3105549812316895
T567Q:R585W,-7.496078014373779
T567Q:R588A,-2.11000657081604
T567Q:R588D,-4.167057991027832
T567Q:R588E,-3.6257104873657227
T567Q:R588G,-3.5094728469848633
T567Q:R588N,-4.167812347412109
T567Q:R588Q,-3.8807268142700195
T567Q:S580A,-8.655020713806152
T567Q:S580G,-9.08609390258789
T567Q:S580P:G586E:N587E:R588K,-14.042835235595703
T567Q:S580W,-11.941932678222656
T567Q:T581A,-8.523526191711426
T567Q:T581A:R588D,-6.664432525634766
T567Q:T581D,-6.845063209533691
T567Q:T581E:N582G,-7.223238945007324
T567Q:T581E:N587E,-5.241448402404785
T567Q:V571C,-8.7578706741333
T567Q:V571D,-11.527950286865234
T567Q:V571E,-11.428077697753906
T567Q:V571F:N587E,-12.000082969665527
T567Q:V571F:R588D,-9.512947082519531
T567Q:V571G,-9.646533012390137
T567Q:V571I:R588T,-6.037685394287109
T567Q:V571K,-12.864145278930664
T567Q:V571S,-7.803195953369141
T567Q:V571T:V579A:N587M,-10.826332092285156
T567Q:V579A,-8.613301277160645
T567Q:V579A:N582G:R588N,-9.364794731140137
T567Q:V579A:N587G,-10.946276664733887
T567Q:V579A:T581D,-9.432212829589844
T567Q:V579A:T581E:N582C,-9.227313041687012
T567Q:V579A:T581E:N582V,-7.387550354003906
T567Q:V579C:S580A:N582V,-11.796769142150879
T567Q:V579F,-9.707038879394531
T567R:A572E,-15.479942321777344
T567R:A572I,-14.244674682617188
T567R:G577A:N582H:G586D,-19.27406883239746
T567R:N569F,-17.518688201904297
T567R:N569M,-16.596206665039062
T567R:N569T,-14.60018539428711
T567R:Q575R,-14.58038330078125
T567R:R585F,-7.996211051940918
T567R:R585M,-7.674068450927734
T567R:R588E,-5.614587783813477
T567R:R588I,-1.9497170448303223
T567R:V571R,-15.04571533203125
T567R:V579P,-12.990156173706055
T567S:A572C:N582D:R585H,-8.103860855102539
T567S:A572C:Q575N:R585D:R588T,-4.851044178009033
T567S:A572C:T581E:R585H,-4.8910627365112305
T567S:A572H:Q575S:V579K:N582P,-20.8524227142334
T567S:A572L,-8.29514217376709
T567S:A572S:Q575H:S580A,-9.63945198059082
T567S:A572S:Q575T:S580A,-8.75433349609375
T567S:A572S:S580A,-6.194108009338379
T567S:A572S:T581N,-6.228729248046875
T567S:A572S:V579A,-6.152387619018555
T567S:G577S,-6.462750434875488
T567S:G586L,-5.059325695037842
T567S:N569E,-10.594625473022461
T567S:N582A,-3.199862003326416
T567S:N582D,-3.642042636871338
T567S:N582D:R585Q,-2.5843372344970703
T567S:N582E,-0.9792497158050537
T567S:N587D,-3.2442526817321777
T567S:N587E,-2.4700326919555664
T567S:N587P,-1.8159788846969604
T567S:Q575C,-3.5176267623901367
T567S:Q575C:G586P,-5.014669895172119
T567S:Q575C:N582A:N587D,-6.2777605056762695
T567S:Q575C:R585P:R588M,-0.01563739776611328
T567S:Q575C:S580A:N587M,-7.300962448120117
T567S:Q575C:T581N,-6.181118011474609
T567S:Q575F:S580W,-9.951822280883789
T567S:Q575H,-5.287335395812988
T567S:Q575I,-4.454343795776367
T567S:Q575M,-4.584218502044678
T567S:Q575M:S580A,-7.213088035583496
T567S:Q575N,-5.105422496795654
T567S:Q575N:S580G,-8.165365219116211
T567S:Q575S:N582V,-4.347071170806885
T567S:Q575V,-4.429105281829834
T567S:R585G,-0.34176886081695557
T567S:R585H,-2.464271068572998
T567S:R585N:R588A,2.056288957595825
T567S:R585P,-2.496730327606201
T567S:R585S,-1.0055369138717651
T567S:R585T:R588A,2.7897515296936035
T567S:R588I,4.223321437835693
T567S:R588K,-4.222970008850098
T567S:S580A:N582G,-7.080692291259766
T567S:S580A:N587E,-5.098901748657227
T567S:S580D:N587D,-6.892342567443848
T567S:S580D:R588D,-3.6309866905212402
T567S:S580G,-4.901932716369629
T567S:T568H:N569C:A572P:Q575T:V579T,-31.079238891601562
T567S:T581D,-2.6609020233154297
T567S:T581D:N582V:R585F,-2.8290786743164062
T567S:T581E,-0.42924487590789795
T567S:T581E:N582S:R585N,-2.857191562652588
T567S:T581M:G586L:N587P:R588Q,-6.478366374969482
T567S:T581N,-4.505481243133545
T567S:T581S:N582D,-6.468894004821777
T567S:V571A,-4.322710990905762
T567S:V571C,-4.573709487915039
T567S:V571C:A572C:N582D:G586A,-13.218530654907227
T567S:V571C:Q575M,-7.315937519073486
T567S:V571C:Q575P:T581E:N582D,-9.138744354248047
T567S:V571D,-7.343789577484131
T567S:V571F,-7.18787956237793
T567S:V571F:Q575N:N582C,-12.478069305419922
T567S:V571P,-8.267351150512695
T567S:V579A,-4.429139614105225
T567S:V579A:S580G:T581E,-6.076336860656738
T567S:V579F,-5.522878170013428
T567S:V579M:N582E:R585F:N587E,-5.2686333656311035
T567S:V579T:R585D:R588D,-2.2429580688476562
T567V:G586H,-9.356526374816895
T567V:N569K,-13.079090118408203
T567V:N569M:G586E,-15.771568298339844
T567V:N569Q,-12.148303985595703
T567V:P570R,-13.85057258605957
T567V:Q575W,-8.195866584777832
T567V:S580P,-6.291001319885254
T567V:T568E:N569R:G586T:R588N,-25.441795349121094
T567V:V579A,-6.824013710021973
T567W:G577K,-17.442914962768555
T567W:G586E,-11.48423957824707
T567W:N569G:V579C,-19.15494155883789
T567W:N582A,-9.888586044311523
T567W:N587S,-11.007492065429688
T567W:Q575H:N582M,-12.763871192932129
T567W:Q575K,-14.875236511230469
T567W:R588N,-6.672374725341797
T567W:S580A,-11.15958309173584
T567W:T568H,-18.888042449951172
T567W:V571H,-14.135783195495605
T567W:V579G,-12.06812858581543
T567W:V579R,-16.702091217041016
T567W:V579W,-13.91838550567627
T567Y:A572C,-10.555315971374512
T567Y:A572E,-14.180691719055176
T567Y:A572N,-12.020278930664062
T567Y:G577S,-11.336538314819336
T567Y:N569G,-14.38525104522705
T567Y:P570G:R585T,-11.683188438415527
T567Y:P570T,-10.9548921585083
T567Y:Q575R,-13.281132698059082
T567Y:R585D,-6.214305877685547
T567Y:S580C,-10.226940155029297
T567Y:S580Q,-10.877551078796387
T567Y:T581A,-9.213152885437012
T567Y:T581E,-5.303032875061035
T567Y:V571G,-10.336159706115723
T568A:A572S,-8.952103614807129
T568A:G586R,-15.057123184204102
T568A:G586T,-11.042251586914062
T568A:N569G,-14.89832878112793
T568A:N569I,-15.30886459350586
T568A:P570N,-14.047551155090332
T568A:Q575N,-10.492287635803223
T568A:R588I,-1.163543701171875
T568A:S580C,-10.740017890930176
T568A:S580D,-10.876945495605469
T568A:S580T,-10.625113487243652
T568A:T581I,-10.136265754699707
T568A:T581K,-13.529600143432617
T568A:V579K,-15.090070724487305
T568A:V579M,-10.909014701843262
T568D:N569R:P570G,-24.650623321533203
T568D:N587R,-16.84801483154297
T568D:P570K:A572Q:V579C,-28.600778579711914
T568D:Q575P,-13.624212265014648
T568D:R585F,-9.427665710449219
T568D:R585W,-10.916410446166992
T568D:S580D:N582D,-14.89462661743164
T568D:S580E,-12.815584182739258
T568D:T581G,-12.540124893188477
T568D:V571T,-10.505047798156738
T568D:V579M,-13.126642227172852
T568D:V579W,-14.834155082702637
T568E:A572L,-16.18189239501953
T568E:G577K,-18.640941619873047
T568E:G577K:R585E,-17.543254852294922
T568E:G577N,-14.6502046585083
T568E:N569C,-16.45535659790039
T568E:N569K,-18.570964813232422
T568E:N569Q,-17.640178680419922
T568E:P570E,-17.72159767150879
T568E:Q575A,-11.83055591583252
T568E:Q575R,-16.29409408569336
T568E:R585C,-9.032567977905273
T568E:R585D,-9.227267265319824
T568E:R585S,-8.89228630065918
T568E:S580H,-14.64474868774414
T568E:S580M,-13.926176071166992
T568E:S580T,-13.124998092651367
T568E:V571I,-13.332716941833496
T568E:V571Q,-14.208635330200195
T568G:A572P,-15.366820335388184
T568G:A572Q,-15.397893905639648
T568G:A572R,-17.613718032836914
T568G:G577K,-17.447477340698242
T568G:N569F,-18.038936614990234
T568G:N569Q:V579Q:N582E,-19.473613739013672
T568G:N582T,-10.320906639099121
T568G:Q575F,-10.729328155517578
T568G:R588A,-4.619131088256836
T568G:S580K,-15.928239822387695
T568G:V579K,-16.39649200439453
T568H:G577Q,-16.28280258178711
T568H:G586L,-13.574663162231445
T568H:N569H,-18.419307708740234
T568H:Q575D,-14.809386253356934
T568H:S580W,-16.273109436035156
T568H:V571G,-13.977709770202637
T568I:G586D,-11.33646011352539
T568I:G586N,-12.391176223754883
T568I:N569E,-16.486970901489258
T568I:R585F,-7.715517997741699
T568I:R588N,-5.8759965896606445
T568I:S580C,-11.245497703552246
T568I:V579H,-12.660274505615234
T568I:V579T,-10.495869636535645
T568K:A572P,-17.444950103759766
T568K:N569E,-19.366043090820312
T568K:P570R,-20.227115631103516
T568K:V579F,-14.294294357299805
T568K:V579S,-13.425012588500977
T568M:A572P,-15.472746849060059
T568M:N582E,-7.7784624099731445
T568M:N582V,-8.828197479248047
T568M:N587G,-10.974178314208984
T568M:P570W,-18.56450653076172
T568M:Q575V,-11.228318214416504
T568M:R588H,-7.174614429473877
T568M:T581N,-11.304693222045898
T568M:V571G,-12.261584281921387
T568M:V579H,-13.567142486572266
T568N:G577K:R585K,-19.59265899658203
T568N:G577L,-14.34134292602539
T568N:G586K,-15.962114334106445
T568N:N569C,-14.724279403686523
T568N:N569M:A572C,-20.418376922607422
T568N:P570D,-16.567838668823242
T568N:P570R,-17.611370086669922
T568N:Q575D:V579L,-15.527935981750488
T568N:R585S,-7.161208152770996
T568N:S580N,-12.221783638000488
T568N:T581K,-14.298406600952148
T568P:G577I,-16.371822357177734
T568P:G577L,-16.34502410888672
T568P:G586K,-17.96579360961914
T568P:N582P,-11.188125610351562
T568P:N582Q,-9.406698226928711
T568P:P570Q,-17.120250701904297
T568P:S580I,-13.470603942871094
T568P:S580K,-17.394306182861328
T568P:T581D,-10.820253372192383
T568Q:A572E,-16.910842895507812
T568Q:N569C,-16.17254638671875
T568Q:N582C,-11.472686767578125
T568Q:N582F:R588N,-8.744203567504883
T568Q:N587A,-10.935579299926758
T568Q:P570S,-13.788579940795898
T568Q:R585Q:R588N,-6.529885292053223
T568Q:S580K,-16.83889389038086
T568Q:V571A:S580K,-19.31961441040039
T568Q:V571A:S580K:T581H,-23.131488800048828
T568Q:V571K:R585F,-16.265106201171875
T568Q:V579E,-13.932306289672852
T568Q:V579T,-12.207463264465332
T568R:A572C:Q575S:V579W:N582D,-24.397165298461914
T568R:P570A,-14.854598045349121
T568R:P570E,-19.044677734375
T568R:P570R:V571N:Q575M,-27.385040283203125
T568R:R585A,-9.808904647827148
T568R:R588A,-7.135673522949219
T568R:R588D,-9.19272518157959
T568R:R588Q,-8.906394004821777
T568R:S580F,-15.478164672851562
T568R:T581K,-17.352563858032227
T568R:T581N,-13.715309143066406
T568R:V571A,-13.532539367675781
T568R:V579K,-18.913034439086914
T568S:A572H,-12.420125961303711
T568S:N582F,-5.9323930740356445
T568S:Q575C:N587D:R588Q,-5.708253383636475
T568S:Q575H,-8.221124649047852
T568S:S580P,-6.829916000366211
T568S:T581H,-8.587654113769531
T568S:T581P,-7.181593894958496
T568S:V571D,-10.277578353881836
T568S:V571D:R585C,-9.581406593322754
T568S:V571D:R585C:G586D,-13.183530807495117
T568S:V579M,-8.455938339233398
T568S:V579W,-10.163450241088867
T581A:G586P,-3.994417667388916
T581A:N582A,-3.855246067047119
T581A:N582G,-5.107207298278809
T581A:N582P:R585H:G586S:N587E:R588N,-6.656620025634766
T581A:N582P:R585N:G586A:N587E:R588E,-4.934857368469238
T581A:N582P:R585T:G586S:N587E,-7.177082061767578
T581A:N582R,-8.96916675567627
T581A:N582V,-2.6843690872192383
T581A:R585F,-2.4785566329956055
T581A:R585N,-2.515240430831909
T581A:R585S:N587P:R588E,0.7655315399169922
T581A:R588A,1.4187705516815186
T581A:R588S,0.2812471389770508
T581D:G586D,-4.421036243438721
T581D:G586E,-3.7724366188049316
T581D:G586K,-8.783364295959473
T581D:G586S,-4.399389266967773
T581D:G586T,-4.632307529449463
T581D:N582A,-2.1767830848693848
T581D:N582A:R585M:G586L:R588D,-3.194064140319824
T581D:N582C,-2.8456687927246094
T581D:N582D,-2.6189637184143066
T581D:N582D:R585G:R588P,2.637816905975342
T581D:N582E:R588Q,2.189253807067871
T581D:N582P,-2.0056958198547363
T581D:N582S:R588W,-1.239505410194397
T581D:N582T:R585H,-3.2268223762512207
T581D:N582T:R585H:R588T,0.36562085151672363
T581D:N582V,-1.0059062242507935
T581D:N582V:R588W,0.9835809469223022
T581D:N587A:R588N,-0.450222373008728
T581D:N587E,-1.4469538927078247
T581D:N587E:R588A,2.469191074371338
T581D:N587G,-3.1518869400024414
T581D:N587Q,-3.894254684448242
T581D:R585A,0.4240022897720337
T581D:R585A:R588N,2.282341480255127
T581D:R585A:R588P,4.180561065673828
T581D:R585D,-0.3174391984939575
T581D:R585D:G586E:N587E:R588S,-1.120384693145752
T581D:R585G:G586T:R588N,-1.2737468481063843
T581D:R585G:R588S,3.4599313735961914
T581D:R585H,-1.4411922693252563
T581D:R585H:G586E,-4.394717216491699
T581D:R585H:N587E,-2.0692343711853027
T581D:R585H:N587E:R588M,2.0874948501586914
T581D:R585H:N587E:R588N,-0.21089518070220947
T581D:R585H:R588D,0.4179013967514038
T581D:R585I:R588W,1.9820107221603394
T581D:R585K,-3.501708507537842
T581D:R585M,-0.47795116901397705
T581D:R585M:R588N,1.3803881406784058
T581D:R585N,-0.8367775678634644
T581D:R585N:G586E:N587E:R588S,-1.6397231817245483
T581D:R585N:N587E,-1.4648197889328003
T581D:R585N:N587E:R588S,1.313801884651184
T581D:R585N:N587Q:R588T,-0.319677472114563
T581D:R585N:R588I,5.228534698486328
T581D:R585Q,0.2387934923171997
T581D:R585Q:N587E,-0.38924872875213623
T581D:R585S,0.01754176616668701
T581D:R585S:G586E:N587D,-4.338245391845703
T581D:R585S:N587D,-1.3847203254699707
T581D:R585T,-0.10331499576568604
T581D:R588A,3.097233295440674
T581D:R588D,1.0401819944381714
T581D:R588G,1.6977671384811401
T581D:R588H,0.6476768255233765
T581D:R588I,5.246400356292725
T581D:R588N,1.039427638053894
T581D:R588Q,1.3265131711959839
T581D:R588T,2.773531436920166
T581D:R588W,1.170575499534607
T581E:G586A,-1.5924859046936035
T581E:G586E,-1.5407795906066895
T581E:G586E:R588N,0.31755971908569336
T581E:G586L,-1.8045897483825684
T581E:G586N,-3.2440948486328125
T581E:G586Q,-3.09649658203125
T581E:G586S,-2.1677322387695312
T581E:N582A,0.05487394332885742
T581E:N582A:G586E,-2.898651123046875
T581E:N582A:R585Q,1.112579107284546
T581E:N582C,-0.6140117645263672
T581E:N582C:G586E,-3.5675368309020996
T581E:N582C:R585H:G586E:N587E:R588Q,-2.6724348068237305
T581E:N582D,-0.38730669021606445
T581E:N582D:R585A,0.855607271194458
T581E:N582D:R585A:N587D:R588D,1.312438726425171
T581E:N582D:R585A:R588Q,3.0010321140289307
T581E:N582D:R585A:R588S,3.6342291831970215
T581E:N582D:R585H,-1.009587287902832
T581E:N582D:R585H:G586E:N587E:R588N,-2.7328152656555176
T581E:N582D:R585H:R588A,2.90655779838562
T581E:N582D:R585H:R588I,5.055724620819092
T581E:N582D:R585H:R588S,1.7690343856811523
T581E:N582D:R585I:N587E:R588M,3.952815532684326
T581E:N582D:R585I:R588M,4.580857753753662
T581E:N582D:R585M:R588I,6.018965721130371
T581E:N582D:R585Q:R588A,4.586543560028076
T581E:N582D:R585Q:R588D,2.529492139816284
T581E:N582D:R585Q:R588I,6.735710620880127
T581E:N582D:R585Q:R588T,4.262841701507568
T581E:N582D:R588A,3.528838634490967
T581E:N582D:R588N,1.4710326194763184
T581E:N582D:R588Q,1.7581181526184082
T581E:N582E,2.2754859924316406
T581E:N582E:G586D:N587E,-1.9546809196472168
T581E:N582E:G586P,0.7784430980682373
T581E:N582E:R585C:R588N,4.8299970626831055
T581E:N582E:R585H:G586E:N587E:R588N,-0.0700225830078125
T581E:N582E:R588H,3.742074489593506
T581E:N582E:R588N,4.133825302124023
T581E:N582F,0.256131649017334
T581E:N582G,-1.197087287902832
T581E:N582I,1.5635905265808105
T581E:N582I:G586E:N587E,-2.017976760864258
T581E:N582I:R585Q:G586E:R588A,3.583915948867798
T581E:N582P:G586E,-2.7275638580322266
T581E:N582Q,2.007389545440674
T581E:N582Q:R588G,4.524068355560303
T581E:N582Q:R588P,5.763948440551758
T581E:N582S:N587G,-3.330310821533203
T581E:N582T,-0.37288475036621094
T581E:N582V,1.2257509231567383
T581E:N582V:G586D,-2.376373767852783
T581E:N582V:N587G,-1.107224464416504
T581E:N582V:R585H,0.6034703254699707
T581E:N582V:R585H:N587G,-1.7295050621032715
T581E:N582V:R588N,3.084090232849121
T581E:N587D,0.010483264923095703
T581E:N587D:R588H,1.477071762084961
T581E:N587D:R588I,6.0757951736450195
T581E:N587E,0.784703254699707
T581E:N587E:R588M,4.941432476043701
T581E:N587E:R588N,2.64304256439209
T581E:N587H,-2.3912353515625
T581E:N587M,0.25827884674072266
T581E:N587M:R588G,2.7749576568603516
T581E:N587P,1.4387569427490234
T581E:N587Q,-1.66259765625
T581E:R585A,2.6556594371795654
T581E:R585A:N587E:R588M,6.1843461990356445
T581E:R585A:R588A,6.571805000305176
T581E:R585A:R588I,8.72097110748291
T581E:R585A:R588Q,4.801084518432617
T581E:R585A:R588S,5.434281349182129
T581E:R585C:N587P,2.1349287033081055
T581E:R585E,2.510430097579956
T581E:R585F,1.431563377380371
T581E:R585F:N587D:R588I,6.094613075256348
T581E:R585F:R588I,7.496875286102295
T581E:R585G,2.9129669666290283
T581E:R585G:N587E,2.2849247455596924
T581E:R585H,0.7904648780822754
T581E:R585H:G586E,-2.163060188293457
T581E:R585H:G586E:N587E:R588A,1.1250429153442383
T581E:R585H:G586E:N587E:R588N,-0.9327630996704102
T581E:R585H:G586E:N587E:R588Q,-0.6456775665283203
T581E:R585H:N587D:R588A,3.3043477535247803
T581E:R585H:N587E,0.16242265701293945
T581E:R585H:N587E:R588A,4.0785675048828125
T581E:R585H:N587E:R588M,4.319151878356934
T581E:R585H:N587E:R588N,2.0207619667053223
T581E:R585H:N587E:R588Q,2.307847499847412
T581E:R585H:R588D,2.6495585441589355
T581E:R585H:R588H,2.2570533752441406
T581E:R585H:R588M,4.9471940994262695
T581E:R585H:R588N,2.648804187774658
T581E:R585H:R588Q,2.935889720916748
T581E:R585I,2.2241806983947754
T581E:R585I:R588A,6.140326023101807
T581E:R585I:R588Q,4.369605541229248
T581E:R585K,-1.2700514793395996
T581E:R585K:G586E,-4.223576545715332
T581E:R585M,1.7537059783935547
T581E:R585M:R588A,5.669851303100586
T581E:R585M:R588I,7.8190178871154785
T581E:R585M:R588M,5.910435199737549
T581E:R585M:R588N,3.6120452880859375
T581E:R585M:R588Q,3.8991308212280273
T581E:R585M:R588S,4.532327651977539
T581E:R585N:N587E,0.7668373584747314
T581E:R585N:R588A,5.3110246658325195
T581E:R585N:R588N,3.25321888923645
T581E:R585Q,2.4704506397247314
T581E:R585Q:G586E:N587D:R588A,2.030808448791504
T581E:R585Q:R588A,6.386595726013184
T581E:R585Q:R588I,8.535762786865234
T581E:R585Q:R588M,6.627180099487305
T581E:R585Q:R588N,4.328789710998535
T581E:R585Q:R588Q,4.615875244140625
T581E:R585Q:R588T,6.062893867492676
T581E:R585Q:R588W,4.459938049316406
T581E:R585S:N587E,1.6211566925048828
T581E:R585S:R588P,6.005757808685303
T581E:R585T,2.1283421516418457
T581E:R585T:N587E,1.5002999305725098
T581E:R585T:N587E:R588I,7.565611839294434
T581E:R585T:R588T,5.720785617828369
T581E:R585W,-0.05718088150024414
T581E:R588A,5.328890800476074
T581E:R588D,3.271839141845703
T581E:R588E,3.8131866455078125
T581E:R588G,3.929424285888672
T581E:R588H,2.879333972930908
T581E:R588I,7.478057384490967
T581E:R588K,-0.9682340621948242
T581E:R588M,5.569474697113037
T581E:R588N,3.271084785461426
T581E:R588Q,3.5581703186035156
T581E:R588S,4.191367149353027
T581E:R588W,3.4022326469421387
T581G:G586L:R588D,-4.451883316040039
T581G:N582M,-3.8814539909362793
T581G:N587Q,-6.168984889984131
T581G:R585P,-3.7483816146850586
T581H:G586E,-6.765400409698486
T581H:N582D,-5.611927509307861
T581H:N582E:R585C:R588E,0.1474781036376953
T581H:N582F,-4.968489170074463
T581H:N587I:R588P,0.19529342651367188
T581H:R585D:R588P,0.44615602493286133
T581H:R588M,0.34485387802124023
T581I:N587Q,-5.982753276824951
T581I:R585A,-1.6644961833953857
T581K:R588Q,-4.155320167541504
T581M:G586L,-6.807812213897705
T581M:G586L:R588Q,-4.662387371063232
T581M:G586S,-7.170954704284668
T581M:N582A,-4.948348522186279
T581M:N582A:R588H,-3.481760025024414
T581M:N582C,-5.617234230041504
T581M:N582D,-5.390529155731201
T581M:N582E:N587E,-3.355778694152832
T581M:N582P,-4.777261257171631
T581M:N587D,-4.992739200592041
T581M:R585A:R588E,0.05287814140319824
T581M:R585D,-3.0890045166015625
T581M:R585I,-2.7790417671203613
T581M:R585T,-2.874880313873291
T581M:R588D,-1.7313833236694336
T581M:R588I,2.47483491897583
T581N:G586D,-6.265615463256836
T581N:G586E,-5.617015838623047
T581N:R585F,-2.6446728706359863
T581N:R585H,-3.285771369934082
T581N:R585Q:N587P,-1.5797741413116455
T581N:R588D,-0.8043971061706543
T581N:R588E,-0.2630496025085449
T581N:R588G,-0.14681196212768555
T581N:R588I,3.4018211364746094
T581P:G586A,-5.411046028137207
T581P:G586T,-6.219210624694824
T581P:N582D:R585T,-3.4902701377868652
T581P:N582K,-8.386205673217773
T581P:R585G,-0.9055931568145752
T581Q:N582D,-4.145573616027832
T581Q:N582D:R588P,-0.38901472091674805
T581Q:N582M,-3.133333683013916
T581Q:R585F,-2.3267035484313965
T581Q:R588E,0.05491971969604492
T581R:N582D,-8.632871627807617
T581S:G586P,-4.323894500732422
T581S:N582D,-4.626903533935547
T581S:R585A,-1.583937406539917
T581S:R585F,-2.8080334663391113
T581S:R585G,-1.326629877090454
T581S:R585I:R588I,4.049895763397217
T581S:R588I,3.2384605407714844
V571A:G586L:R588G,-3.1813771724700928
V571A:N582A,-3.838592290878296
V571A:N582C:R585Q:N587M,-4.604239463806152
V571A:N582W,-6.0338134765625
V571A:N587D,-3.8829829692840576
V571A:N587D:R588Q,-1.737558126449585
V571A:N587S,-4.957498550415039
V571A:Q575C:R585F:R588N,-2.2792000770568848
V571A:Q575C:R588T,-0.5639140605926514
V571A:Q575H,-5.926065444946289
V571A:Q575M,-5.222949028015137
V571A:Q575M:R585Q,-4.165244102478027
V571A:Q575N,-5.744153022766113
V571A:Q575W,-6.439723014831543
V571A:R585I,-1.669285535812378
V571A:R585I:R588Q,0.4761393070220947
V571A:R585N,-2.498586654663086
V571A:R585Q,-1.4230155944824219
V571A:R585T:R588G,0.7515547275543213
V571A:R588A,1.4354243278503418
V571A:R588D,-0.6216270923614502
V571A:R588G,0.035958051681518555
V571A:R588N,-0.6223814487457275
V571A:R588Q,-0.3352959156036377
V571A:S580C:N582Q,-5.397238731384277
V571A:S580K,-9.873684883117676
V571A:S580Q,-6.64249324798584
V571A:S580T,-5.876978874206543
V571A:T581D:R585N,-3.317498207092285
V571A:T581D:R588G,-0.7829536199569702
V571A:T581E,-1.0679752826690674
V571A:T581M,-6.071197509765625
V571C:A572C,-6.571256637573242
V571C:A572C:N582D,-8.371308326721191
V571C:A572C:R585N:R588Q,-4.443697929382324
V571C:A572C:S580A,-9.200125694274902
V571C:A572C:S580D:N582E,-9.356605529785156
V571C:A572C:T581M,-10.161733627319336
V571C:A572C:V579A,-9.158406257629395
V571C:A572K,-11.460933685302734
V571C:A572Q,-9.594335556030273
V571C:A572S,-4.454967498779297
V571C:A572S:Q575N:N587E:R588E,-5.946000099182129
V571C:A572S:T581N,-7.118457794189453
V571C:G586E,-5.685244083404541
V571C:G586L,-5.94905424118042
V571C:N582A,-4.089590549468994
V571C:N582A:R585G,-2.589369058609009
V571C:N582D,-4.531771183013916
V571C:N582D:R585H,-5.154051780700684
V571C:N582D:R585W:R588D,-4.142603874206543
V571C:N582D:R588Q,-2.3863463401794434
V571C:N582E:R588A,2.0471668243408203
V571C:N582G:R588D,-3.4824581146240234
V571C:N582P:N587D,-5.320765495300293
V571C:N587D,-4.133981227874756
V571C:N587K,-9.899290084838867
V571C:Q575C,-4.407355308532715
V571C:Q575C:G586L,-7.624691009521484
V571C:Q575I:R585T:R588Q,-2.48305082321167
V571C:Q575I:S580A:T581M,-11.5634183883667
V571C:Q575P:S580D:R585F,-10.538719177246094
V571C:Q575P:S580D:R588G,-8.040858268737793
V571C:Q575P:T581N,-9.572937965393066
V571C:Q575P:V579A:T581M:R585T,-12.371477127075195
V571C:Q575T:S580G,-8.351887702941895
V571C:Q575V,-5.31883430480957
V571C:Q575V:S580A:R588Q,-5.802278518676758
V571C:Q575V:V579T:S580A:T581M:R588I,-8.23440170288086
V571C:R585A,-1.4888050556182861
V571C:R585D,-2.2302465438842773
V571C:R585I,-1.9202837944030762
V571C:R585M,-2.390758514404297
V571C:R585N,-2.749584913253784
V571C:R585P,-3.3864588737487793
V571C:R585P:G586L,-6.603794097900391
V571C:R585Q,-1.6740138530731201
V571C:R585S,-1.8952655792236328
V571C:R585T,-2.016122341156006
V571C:R585T:R588H,-0.5495338439941406
V571C:R585W,-4.201645374298096
V571C:R588G,-0.2150402069091797
V571C:R588H,-1.2651305198669434
V571C:R588K,-5.112698554992676
V571C:R588S,0.04690265655517578
V571C:R588W,-0.7422318458557129
V571C:S580D:G586E,-9.333333969116211
V571C:S580E,-6.100820064544678
V571C:S580N:T581D:N582Q:N587Q:R588T,-6.663008689880371
V571C:S580P,-4.785855770111084
V571C:T581E,-1.3189735412597656
V571C:T581E:N582E,-0.4562329053878784
V571C:T581E:N587E,-1.9470157623291016
V571C:T581E:R588A,2.5971715450286865
V571C:T581S:R585M,-5.217609882354736
V571C:V579A,-5.318868637084961
V571C:V579A:S580D:R588A,-5.050813674926758
V571C:V579T,-5.493252754211426
V571C:V579T:R588D,-3.6341593265533447
V571D:A572K,-14.231014251708984
V571D:A572S:N587G,-9.558022499084473
V571D:G577A:R588G,-7.838787078857422
V571D:G586D:N587E:R588E,-7.331524848937988
V571D:G586E,-8.455324172973633
V571D:G586E:N587E,-9.083366394042969
V571D:N582A:R585G,-5.3594489097595215
V571D:N582C:G586E:N587E:R588I,-5.044811725616455
V571D:N582D,-7.301851272583008
V571D:N582D:R585E:N587E:R588N,-4.973869323730469
V571D:N582D:R585N,-7.319716930389404
V571D:N582E:R585M:G586D:N587E:R588E,-6.127823829650879
V571D:N582E:R585Q,-3.581353187561035
V571D:N582G,-8.111631393432617
V571D:N582G:R585P,-8.766371726989746
V571D:N582P,-6.6885833740234375
V571D:N582P:N587E:R588N,-5.458286285400391
V571D:N582P:R585N:N587E,-7.334491729736328
V571D:N582P:R585Q:R588P,-1.874319076538086
V571D:N587D:R588T,-3.3116180896759033
V571D:N587E:R588W,-4.140354156494141
V571D:Q575C:R585N:G586E,-10.148826599121094
V571D:Q575C:S580F:R588D,-9.744688034057617
V571D:Q575D:G586I,-12.967981338500977
V571D:Q575I:R585P,-8.768892288208008
V571D:Q575K:R585E:N587E:R588P,-7.620120048522949
V571D:R585D,-5.000326633453369
V571D:R585D:G586E,-7.953851699829102
V571D:R585E:R588G,-1.8874356746673584
V571D:R585G,-4.001577377319336
V571D:R585G:N587D:R588I,0.6614723205566406
V571D:R585H,-6.124079704284668
V571D:R585N,-5.519664764404297
V571D:R585N:R588H,-4.05307674407959
V571D:R585P,-6.156538963317871
V571D:R585P:N587E,-6.784581184387207
V571D:R585T,-4.786202430725098
V571D:R588D,-3.6427054405212402
V571D:R588E,-3.101357936859131
V571D:R588G,-2.9851202964782715
V571D:R588K,-7.882778644561768
V571D:R588M,-1.3450698852539062
V571D:R588P,-1.7452402114868164
V571D:R588S,-2.723177433013916
V571D:R588W,-3.5123119354248047
V571D:S580A:R588D,-6.2715744972229
V571D:S580D,-9.14988899230957
V571D:S580D:N582D:R585S:R588M,-5.956758975982666
V571D:S580D:N582E:R585D:N587D:R588M,-5.0312089920043945
V571D:S580D:N582E:R588S,-5.508526802062988
V571D:S580D:N582G:R585G:R588S,-7.480878829956055
V571D:S580D:N582P,-10.336673736572266
V571D:S580D:R588N,-7.2915496826171875
V571D:S580D:T581D:N582E:R585S,-8.269606590270996
V571D:S580E,-8.87090015411377
V571D:S580E:G586E:R588I,-5.759113311767578
V571D:S580E:N582D:R585I:N587E:R588P,-6.7310004234313965
V571D:S580E:N582E,-8.008159637451172
V571D:S580E:N582E:R585A:R588H,-5.298656940460205
V571D:S580E:N582P:N587E:R588P,-6.929167747497559
V571D:S580E:N582P:R585D,-9.556211471557617
V571D:S580E:N587E,-9.498942375183105
V571D:S580E:R585D,-8.369427680969238
V571D:S580E:R585H,-9.493181228637695
V571D:S580E:R585H:G586E:N587E,-13.074748039245605
V571D:S580E:R585S,-8.034446716308594
V571D:S580E:R588I,-2.8055882453918457
V571D:S580E:R588Q,-6.725475311279297
V571D:S580E:T581D:G586E:N587E,-13.271379470825195
V571D:S580E:T581E:N582D:N587E,-9.886249542236328
V571D:S580K,-12.894762992858887
V571D:S580W,-11.417579650878906
V571D:S580W:N582G,-14.027412414550781
V571D:T581D:R585C:G586E:R588I,-2.512752056121826
V571D:T581E,-4.089053630828857
V571D:T581E:N582E:R585M,-2.885352611541748
V571D:T581E:N582P:R585P,-5.930577754974365
V571D:T581E:N587E,-4.717095851898193
V571D:T581E:R588D,-2.2299599647521973
V571D:T581H,-9.313674926757812
V571D:V579I,-8.560873031616211
V571D:V579I:N582P:R585T,-9.032060623168945
V571D:V579T:N582M:R588P,-5.294586658477783
V571D:V579W:N582D:R585M:G586D:R588H,-14.484098434448242
V571D:V579W:N582E,-10.026729583740234
V571D:V579W:N582P:R588P,-8.319696426391602
V571D:V579W:S580E:N582P:R585D,-14.943883895874023
V571D:V579W:S580E:N582P:R585D:N587D:R588I,-10.280834197998047
V571D:V579W:S580E:N582P:R585D:R588I,-8.878571510314941
V571D:V579W:S580E:T581E:N582E:R585C:R588N,-9.42857551574707
V571D:V579W:S580E:T581H:N582P:R585P,-19.911972045898438
V571D:V579W:S580F,-15.315815925598145
V571E:A572C:Q575M:N582A,-13.34156322479248
V571E:A572C:Q575V:S580A,-14.45744800567627
V571E:A572N,-10.706426620483398
V571E:A572S,-7.125174522399902
V571E:A572S:N582D:R588Q,-6.779801845550537
V571E:G586A,-8.407157897949219
V571E:G586D:N587D,-10.406312942504883
V571E:G586D:R588H,-7.53746223449707
V571E:G586E:N587E,-8.98349380493164
V571E:G586E:R588P,-4.5988922119140625
V571E:G586E:R588S,-5.576829433441162
V571E:G586K,-13.366378784179688
V571E:N582A,-6.7597975730896
V571E:N582A:R585Q:R588G,-3.1854135990142822
V571E:N582C,-7.428683280944824
V571E:N582C:R585Q:N587G:R588I,-2.638641595840454
V571E:N582D,-7.2019782066345215
V571E:N582D:G586E:R588H,-8.688915252685547
V571E:N582D:N587D,-8.604240417480469
V571E:N582D:R585D:N587D:R588E,-5.702326774597168
V571E:N582D:R585H:G586D:R588A,-7.5102386474609375
V571E:N582D:R585H:G586E:R588N,-8.919445037841797
V571E:N582D:R585I,-6.390542984008789
V571E:N582D:R585I:G586E,-9.34406852722168
V571E:N582D:R585N,-7.219844341278076
V571E:N582D:R585Q:N587E:R588G,-4.255636215209961
V571E:N582D:R585W:N587E,-9.299946784973145
V571E:N582E,-4.539185523986816
V571E:N582E:G586E:R588Q,-5.347285747528076
V571E:N582E:N587E:R588A,-1.2510826587677002
V571E:N582E:N587E:R588M,-1.0104985237121582
V571E:N582E:R585H:N587E:R588I,0.27580368518829346
V571E:N582G:R585G,-6.511537551879883
V571E:N582P,-6.588710308074951
V571E:N582P:R585S:G586E:R588G,-6.189103126525879
V571E:N582P:R585S:R588A,-1.8361115455627441
V571E:N582P:R585W:R588S,-5.280014991760254
V571E:N587A,-6.891575813293457
V571E:N587D,-6.804188251495361
V571E:N587D:R588A,-2.888043165206909
V571E:N587D:R588P,-3.0476293563842773
V571E:N587E,-6.02996826171875
V571E:Q575I:R585G:G586E:R588H,-8.000994682312012
V571E:Q575I:R588Q,-5.868854522705078
V571E:Q575N:R585G:R588M,-3.008406639099121
V571E:Q575T:R585Q,-6.904447555541992
V571E:Q575T:R588N,-6.103813171386719
V571E:Q575T:R588Q,-5.816727638244629
V571E:Q575V:R588Q,-5.843616485595703
V571E:R585A:N587D,-5.561274528503418
V571E:R585D:G586E,-7.853979110717773
V571E:R585D:R588T,-1.3080103397369385
V571E:R585E,-4.304241180419922
V571E:R585F,-5.383108139038086
V571E:R585F:R588I,0.6822037696838379
V571E:R585F:R588M,-1.2263789176940918
V571E:R585G:N587E:R588I,1.5355651378631592
V571E:R585H,-6.024206638336182
V571E:R585I,-4.590490818023682
V571E:R585I:N587E,-5.218533039093018
V571E:R585K,-8.084722518920898
V571E:R585Q,-4.344221115112305
V571E:R585Q:N587E:R588N,-3.113924026489258
V571E:R585S,-4.565472602844238
V571E:R585T,-4.686329364776611
V571E:R588D,-3.542832374572754
V571E:R588G,-2.885247230529785
V571E:R588H,-3.935337543487549
V571E:R588I,0.6633858680725098
V571E:R588M,-1.24519681930542
V571E:R588N,-3.5435867309570312
V571E:R588P,-1.64536714553833
V571E:R588Q,-3.2565011978149414
V571E:R588S,-2.6233043670654297
V571E:R588W,-3.4124388694763184
V571E:S580D:G586E:R588M,-7.8468122482299805
V571E:S580D:N582D:R585A:N587E:R588Q,-8.08977222442627
V571E:S580D:N582P:N587D:R588H,-10.172473907470703
V571E:S580D:N582P:R585C:R588A,-5.624483585357666
V571E:S580D:N582P:R585I:R588T,-5.832921981811523
V571E:S580D:R585M:R588S,-5.930434226989746
V571E:S580D:R585Q:N587E:R588P,-4.863794326782227
V571E:S580D:R585S:R588M,-4.056833744049072
V571E:S580D:T581E:G586E:R588Q,-8.445371627807617
V571E:S580E,-8.771026611328125
V571E:S580E:N582D,-10.57107925415039
V571E:S580E:N582D:N587E,-11.199121475219727
V571E:S580E:N582D:R585D:N587E:R588D,-8.838555335998535
V571E:S580E:N582D:R585F:R588W,-8.562774658203125
V571E:S580E:N582D:R585H:R588N,-9.335020065307617
V571E:S580E:N582D:R585W,-12.04100513458252
V571E:S580E:N582D:R588W,-8.581591606140137
V571E:S580E:N582E,-7.9082865715026855
V571E:S580E:N582E:N587D:R588N,-7.45220947265625
V571E:S580E:N582E:N587E:R588S,-5.757707118988037
V571E:S580E:N582E:R585S:R588G,-4.555154323577881
V571E:S580E:N582E:R585W:R588N,-7.51987361907959
V571E:S580E:N582P,-9.95781135559082
V571E:S580E:N582P:N587E,-10.585853576660156
V571E:S580E:N582P:R585E:N587E:R588H,-8.021580696105957
V571E:S580E:N582Q:R588M,-4.0196533203125
V571E:S580E:N587E:R588I,-3.333756923675537
V571E:S580E:R585D:N587D,-9.671815872192383
V571E:S580E:R585I:N587D:R588M,-5.205124855041504
V571E:S580E:R585M:N587D,-9.832328796386719
V571E:S580E:R585S,-7.934573650360107
V571E:S580E:R588H,-7.304438591003418
V571E:S580E:R588S,-5.992405414581299
V571E:S580E:T581E:R585Q:G586E:N587D,-10.656364440917969
V571E:S580F,-9.828271865844727
V571E:S580G,-8.461868286132812
V571E:S580I:N582D:R585T:R588Q,-7.810218334197998
V571E:S580P:N582C,-9.482820510864258
V571E:S580V,-8.746997833251953
V571E:S580W,-11.317707061767578
V571E:T581A:N582D:N587P,-9.673341751098633
V571E:T581A:N587P,-7.873289108276367
V571E:T581A:R588N,-6.040961265563965
V571E:T581D:G586E:R588M,-5.017633438110352
V571E:T581D:N582D:R588G,-5.504210948944092
V571E:T581D:R585D:G586E:R588I,-2.6075782775878906
V571E:T581E,-3.989180564880371
V571E:T581R,-12.234745979309082
V571E:T581S,-8.228776931762695
V571E:V579H,-10.327865600585938
V571E:V579I:R585P,-9.115739822387695
V571E:V579W:S580E,-14.158698081970215
V571E:V579W:S580E:R585G:R588T,-9.066033363342285
V571F:A572C:Q575M:V579A:G586L,-17.732139587402344
V571F:A572E:R585W,-14.280729293823242
V571F:A572S:G586N,-11.725977897644043
V571F:G586D,-8.948013305664062
V571F:G586I,-8.360013961791992
V571F:N582C:R585I:G586E:R588A,-5.598590850830078
V571F:N582C:R585P:N587E:R588P,-4.898869514465332
V571F:N582D,-7.145941257476807
V571F:N582D:R585S:N587E:R588H,-5.470941543579102
V571F:N582E:N587D,-5.885410785675049
V571F:N582G,-7.955721855163574
V571F:N582G:G586E:R588D,-9.050153732299805
V571F:N582G:R588D,-6.096628189086914
V571F:N582G:R588P,-4.19916296005249
V571F:N582K,-11.32628059387207
V571F:N582P,-6.532673358917236
V571F:N582P:R585A,-5.289759159088135
V571F:N582P:R585I:G586E:R588D,-6.815669536590576
V571F:N582P:R585P:R588P,-3.430854320526123
V571F:N582P:R588A,-2.616528272628784
V571F:N582W,-8.898981094360352
V571F:N587E,-5.973931312561035
V571F:N587E:R588W,-3.9844441413879395
V571F:N587P,-5.319877624511719
V571F:Q575C:G586E,-9.97504997253418
V571F:Q575C:N582G,-9.63135814666748
V571F:Q575G:S580P:N582C:R588T,-7.6321702003479
V571F:Q575T:S580E:N582G,-13.885049819946289
V571F:R585A:R588I,1.962336778640747
V571F:R585C,-4.649717330932617
V571F:R585E:N587E,-4.876246452331543
V571F:R585G,-3.845667600631714
V571F:R585H,-5.968169689178467
V571F:R585I,-4.534453868865967
V571F:R585N,-5.363755226135254
V571F:R585P:R588P,-2.244070053100586
V571F:R585Q,-4.28818416595459
V571F:R588D,-3.486795425415039
V571F:R588G,-2.8292102813720703
V571F:R588H,-3.879300594329834
V571F:R588N,-3.4875497817993164
V571F:R588Q,-3.2004642486572266
V571F:R588T,-1.7534458637237549
V571F:R588W,-3.3564019203186035
V571F:S580D,-8.993979454040527
V571F:S580D:N582C,-11.020736694335938
V571F:S580E,-8.714990615844727
V571F:S580E:G586E:N587D,-13.070777893066406
V571F:S580E:R585H:R588M,-5.1805419921875
V571F:S580E:R588S,-5.936368465423584
V571F:S580H:N582G:R585D,-12.370258331298828
V571F:S580M:N582C:N587E:R588W,-10.208638191223145
V571F:T581D,-6.164800643920898
V571F:T581D:G586E:R588E,-6.717884540557861
V571F:T581D:N582A:R585M:R588E,-4.781270503997803
V571F:T581E,-3.9331436157226562
V571F:T581E:N582C:G586E:N587E,-9.541467666625977
V571F:T581E:N582G,-6.542976379394531
V571F:T581E:N587E:R588D,-2.702092170715332
V571F:T581E:R585A:G586E:R588N,-3.7854154109954834
V571F:T581E:R588D,-2.074049949645996
V571F:T581M:R585Q:R588D,-6.019567489624023
V571F:T581N:G586E,-10.96290397644043
V571F:V579T:R585T,-7.391826629638672
V571F:V579W,-10.733560562133789
V571F:V579W:S580D:R588A,-10.465505599975586
V571F:V579W:T581E:N582D:N587E:R588G,-9.232231140136719
V571F:V579W:T581E:N582E:N587E,-9.086116790771484
V571G:A572Q,-10.482998847961426
V571G:G577S,-8.241141319274902
V571G:G586Q,-8.129623413085938
V571G:N582G,-6.2302141189575195
V571G:Q575V,-6.207496643066406
V571G:R585D,-3.1189091205596924
V571G:R585Q,-2.562676429748535
V571G:R588A,0.2957634925842285
V571G:R588N,-1.7620422840118408
V571G:R588P,0.13617730140686035
V571G:R588Q,-1.474956750869751
V571G:S580T,-7.016639709472656
V571G:V579L,-6.6985979080200195
V571H:N582G,-8.2149019241333
V571H:N582R,-12.076861381530762
V571H:N587I,-5.354459285736084
V571H:N587M,-6.759535789489746
V571H:R585N,-5.6229352951049805
V571H:R585P:R588T,-2.667365789413452
V571H:R588G,-3.088390350341797
V571H:S580D,-9.253159523010254
V571H:T581Q,-7.95059061050415
V571I:A572S:V579T:R588D,-6.229665756225586
V571I:G577P,-9.952459335327148
V571I:G586Q,-8.113219261169434
V571I:N582A,-4.961848258972168
V571I:N582A:N587M,-6.1163153648376465
V571I:N582R,-10.075769424438477
V571I:N587D,-5.00623893737793
V571I:N587Q,-6.679320335388184
V571I:Q575C,-5.279613494873047
V571I:Q575C:R585I:R588D,-2.6090846061706543
V571I:Q575F,-5.798028945922852
V571I:Q575G:S580A:N587E,-8.65871810913086
V571I:Q575I,-6.216330528259277
V571I:Q575M,-6.346205234527588
V571I:Q575N,-6.867408752441406
V571I:Q575T,-6.16420316696167
V571I:Q575T:T581E,-4.751457691192627
V571I:Q575V,-6.191092014312744
V571I:R585C,-2.9078052043914795
V571I:R585I,-2.792541742324829
V571I:R585N,-3.621842861175537
V571I:R585S,-2.7675235271453857
V571I:R588P,0.15258193016052246
V571I:S580G,-6.663919448852539
V571I:S580G:R588I,-0.5986075401306152
V571I:S580Q,-7.765749931335449
V571I:T581I,-6.511386871337891
V571I:T581N,-6.267467498779297
V571I:T581P,-6.009791374206543
V571I:T581S,-6.430828094482422
V571I:V579R,-11.775354385375977
V571I:V579T:S580G:N582E:R588I,-2.4974007606506348
V571I:V579T:S580G:R588I,-3.3601415157318115
V571I:V579W:R585P:N587I:R588I,-3.3304665088653564
V571K:A572K,-15.567208290100098
V571K:A572R,-15.916435241699219
V571K:R588H,-5.371405124664307
V571K:S580M,-11.035430908203125
V571K:T581Q,-9.183515548706055
V571M:A572Q,-10.772860527038574
V571M:A572S,-5.633491516113281
V571M:G577L,-10.253924369812012
V571M:G586A,-6.915474891662598
V571M:G586H,-9.029905319213867
V571M:G586I,-6.924367904663086
V571M:N582Q,-3.3155994415283203
V571M:N587G,-6.243218421936035
V571M:Q575M,-6.652471542358398
V571M:R585F,-3.891425371170044
V571M:R585I,-3.0988080501556396
V571M:R588A,0.005901813507080078
V571M:R588E,-1.5098021030426025
V571M:R588Q,-1.7648184299468994
V571M:T581G,-7.003885269165039
V571M:T581P,-6.316058158874512
V571M:T581S:R585W,-8.207021713256836
V571M:V579C,-6.864997386932373
V571M:V579I,-6.969317436218262
V571M:V579Y,-8.277816772460938
V571N:A572N,-9.281785011291504
V571N:G577N,-8.898750305175781
V571N:G586Q,-8.486527442932129
V571N:N582D,-5.777337074279785
V571N:N587H:R588G,-5.26458740234375
V571N:R588I,2.088026762008667
V571N:S580C,-7.488447189331055
V571N:T581P,-6.383099555969238
V571N:V579H,-8.903223991394043
V571P:S580P,-8.479497909545898
V571P:T581D,-7.244272232055664
V571Q:A572R,-13.558338165283203
V571Q:N582C,-6.506653308868408
V571Q:R585T,-3.7642993927001953
V571Q:R588K,-6.860875606536865
V571Q:R588S,-1.7012743949890137
V571Q:T581A,-6.977270603179932
V571Q:T581H,-8.291770935058594
V571Q:T581I,-7.387306213378906
V571Q:V579H,-9.405835151672363
V571Q:V579Q,-8.36953353881836
V571R:G577K:V579L,-19.021102905273438
V571R:N582V,-7.217681407928467
V571R:R585C,-6.33451509475708
V571R:R585S,-6.194233417510986
V571R:R588N,-5.172347545623779
V571R:S580T,-10.426944732666016
V571R:V579E,-11.51706314086914
V571R:V579P,-12.005814552307129
V571S:G586K,-9.741497039794922
V571S:Q575D,-6.22910213470459
V571T:A572C,-4.898101329803467
V571T:A572F,-8.4614896774292
V571T:A572L:N582C,-9.538473129272461
V571T:G577D,-6.537151336669922
V571T:G577N,-5.980029106140137
V571T:G586E,-4.012088775634766
V571T:G586Q,-5.567806243896484
V571T:G586R,-8.886831283569336
V571T:N582D,-2.8586161136627197
V571T:N582D:R588D,-0.9995224475860596
V571T:N587D,-2.4608261585235596
V571T:N587P,-1.0325524806976318
V571T:Q575C:T581E:N587Q,-4.396798133850098
V571T:Q575E,-5.31865119934082
V571T:Q575M,-3.8007922172546387
V571T:Q575M:T581E:G586E,-5.341571807861328
V571T:Q575T:T581E:N582D,-4.006096839904785
V571T:Q575V,-3.645678997039795
V571T:Q575V:N582D:R588D,-3.586637496948242
V571T:R585F:N587D,-2.4420082569122314
V571T:R585I,-0.24712872505187988
V571T:R585I:R588A,3.6690163612365723
V571T:R585I:R588N,1.611210584640503
V571T:R585I:R588Q,1.8982961177825928
V571T:R585K,-3.741360902786255
V571T:R585N,-1.076429843902588
V571T:R585N:R588A,2.8397152423858643
V571T:R585N:R588E,1.3240113258361816
V571T:R585N:R588Q,1.0689949989318848
V571T:R585P,-1.713303804397583
V571T:R585Q,-0.0008587837219238281
V571T:R585Q:R588A,3.9152863025665283
V571T:R585Q:R588S,2.7777628898620605
V571T:R585S,-0.22211050987243652
V571T:R585T,-0.34296727180480957
V571T:R588A,2.85758113861084
V571T:R588D,0.8005297183990479
V571T:R588G,1.4581148624420166
V571T:R588K,-3.4395434856414795
V571T:R588N,0.7997753620147705
V571T:R588Q,1.0868608951568604
V571T:R588S,1.720057725906372
V571T:R588T,2.533879280090332
V571T:S580A:R585H,-4.309713363647461
V571T:S580C:N582D:R588I,-0.30446624755859375
V571T:T581A,-3.555938482284546
V571T:T581A:R585G,-2.0557169914245605
V571T:T581E,0.35418152809143066
V571T:T581E:R585N,0.3363156318664551
V571T:T581E:R585Q,1.4118866920471191
V571T:T581M,-4.649041175842285
V571T:T581N:R585G:R588D,-0.36273956298828125
V571T:T581Q,-3.404085397720337
V571T:T581R,-7.891384124755859
V571T:T581S:N582G:G586P,-7.992291450500488
V571T:V579T:S580A:R585H:N587Q,-10.146591186523438
V571W:A572I,-13.528584480285645
V571W:G577A,-12.152605056762695
V571W:G577P,-13.647420883178711
V571W:N582P,-8.485723495483398
V571W:N587Q,-10.374281883239746
V571W:Q575D,-11.750996589660645
V571W:R585N,-7.316804885864258
V571W:R588K,-9.67991828918457
V571W:S580A,-9.927807807922363
V571W:S580G,-10.358880996704102
V571W:T581S:R588G,-7.609111309051514
V579A:G586E,-5.540674209594727
V579A:G586E:N587E,-6.1687164306640625
V579A:G586E:R588Q,-3.395249605178833
V579A:G586R,-10.415416717529297
V579A:N582C:G586E,-7.567431449890137
V579A:N582C:R585H,-5.236186981201172
V579A:N582D,-4.387201309204102
V579A:N582D:R585H:N587D:R588Q,-4.266319274902344
V579A:N582E,-1.724408745765686
V579A:N582E:R585D,-1.2229362726211548
V579A:N582E:R588A,2.1917362213134766
V579A:N582H,-5.390398025512695
V579A:N582I,-2.4363043308258057
V579A:N582V,-2.774143934249878
V579A:N582V:R585H,-3.3964245319366455
V579A:N587D,-3.9894115924835205
V579A:N587E,-3.215191602706909
V579A:N587G,-4.9201250076293945
V579A:N587M,-3.7416160106658936
V579A:N587Q,-5.662492752075195
V579A:R585E,-1.4894647598266602
V579A:R585H:G586E,-6.162954807281494
V579A:R585H:N587Q:R588Q,-4.139348030090332
V579A:R585H:R588I,2.855881929397583
V579A:R585I,-1.7757141590118408
V579A:R585N:G586E:N587E,-6.186582565307617
V579A:R585N:G586E:N587E:R588M,-2.029853343963623
V579A:R585Q,-1.5294442176818848
V579A:R588A,1.328995704650879
V579A:R588D,-0.7280557155609131
V579A:R588H,-1.120560884475708
V579A:R588K,-4.9681291580200195
V579A:R588M,1.569579839706421
V579A:R588N,-0.7288100719451904
V579A:R588Q,-0.4417245388031006
V579A:S580A:R585H:R588M,-1.681570053100586
V579A:S580A:T581D:R585H,-6.657210826873779
V579A:S580D,-6.235239505767822
V579A:S580D:T581S,-9.062090873718262
V579A:S580N:G586E,-9.764796257019043
V579A:S580P,-4.6412858963012695
V579A:S580P:N587E,-5.2693281173706055
V579A:T581D,-3.4060611724853516
V579A:T581E,-1.1744039058685303
V579A:T581E:G586D,-4.776528358459473
V579A:T581E:N582C,-3.2011613845825195
V579A:T581E:N582C:G586E:N587E,-6.78272819519043
V579A:T581E:N582C:R585K,-5.883957862854004
V579A:T581E:N582V,-1.361398458480835
V579A:T581E:N582V:G586E,-4.314923286437988
V579A:T581E:N582V:N587G,-3.694373846054077
V579A:T581E:N582V:R585H:N587G,-4.316654682159424
V579A:T581E:N587G,-3.5073795318603516
V579A:T581E:N587M:R588I,3.7364413738250732
V579A:T581E:N587P,-1.1483924388885498
V579A:T581E:R585H:R588Q,0.3487403392791748
V579A:T581E:R588I,4.890908241271973
V579A:T581E:R588M,2.982325315475464
V579A:T581E:R588T,2.418039321899414
V579A:T581G:R585G:N587E:R588A,-0.8924667835235596
V579A:T581M,-6.177626609802246
V579C:G586S,-6.535231590270996
V579C:N582P:R588G,-1.6248595714569092
V579C:N582Q:R585N,-2.3779759407043457
V579C:N582Q:R585N:R588Q,-0.23255133628845215
V579C:N582T,-4.740384101867676
V579C:N587Q:R588M,-1.8733680248260498
V579C:R585C,-2.258582353591919
V579C:R585N,-2.9726200103759766
V579C:R588D,-1.0956604480743408
V579C:R588G,-0.43807530403137207
V579C:S580V:N582M:G586Q:N587E:R588Q,-10.079498291015625
V579C:S580W:T581H:N582E,-11.819669723510742
V579C:T581E:N582D:R585N:G586E,-6.313451766967773
V579C:T581E:N582Q:R585N:R588Q,1.1801942586898804
V579C:T581E:R585A:N587E,-0.9271368980407715
V579C:T581K,-9.255498886108398
V579D:G586L,-7.741462230682373
V579D:N582E:R585T:R588I,3.1195220947265625
V579D:N582R,-10.995919227600098
V579D:R585E,-3.4264423847198486
V579D:R585F,-4.505309104919434
V579D:R585K,-7.206923961639404
V579D:R585Q:N587D:R588M,-0.7119548320770264
V579D:R585W:N587E,-6.622095584869385
V579D:R588E,-2.123685836791992
V579D:S580M:N582D:R585H:R588N,-9.28555679321289
V579E:G586Q,-8.99561882019043
V579E:N582T,-6.272006988525391
V579E:N582V,-4.673371315002441
V579E:N587E,-5.114418983459473
V579E:R585H,-5.108657360076904
V579E:R588A,-0.5702316761016846
V579E:T581N,-7.149867534637451
V579F:G586H,-8.800549507141113
V579F:G586K,-11.645339965820312
V579F:N582E:R588Q,-0.6727222204208374
V579F:N587M,-4.835354328155518
V579F:R588M,0.4758415222167969
V579F:S580W,-9.596668243408203
V579F:T581N,-6.344378471374512
V579G:G586T,-7.350811004638672
V579G:N582A,-4.895286560058594
V579G:R585P,-4.192154884338379
V579G:R588M,0.6193141937255859
V579G:R588N,-1.6790757179260254
V579G:R588S,-0.7587933540344238
V579G:S580T,-6.933672904968262
V579G:T581D:N582C:R585H,-7.005364418029785
V579G:T581D:N582T,-6.141956806182861
V579G:T581M,-7.127892017364502
V579H:G586K,-12.890392303466797
V579H:N582A,-6.283810615539551
V579H:N582C,-6.952696323394775
V579H:N582K,-10.906330108642578
V579H:N582M:G586S:N587Q,-12.369571685791016
V579H:N582Q,-4.331295013427734
V579H:N587E,-5.553981304168701
V579H:R588G,-2.4092602729797363
V579H:T581E:R585D,-3.011721134185791
V579H:T581E:R585T,-2.7975969314575195
V579H:T581P:R585N:N587E:R588I,-1.9123499393463135
V579I:N582M,-3.846886396408081
V579I:N582S,-5.469155311584473
V579I:N582V:N587D,-4.6483306884765625
V579I:N587D,-4.461336135864258
V579I:N587I,-2.808464288711548
V579I:R585T,-2.343477487564087
V579K:N582H,-10.66446304321289
V579K:N587K,-15.028785705566406
V579K:R588Q,-5.715790271759033
V579K:R588S,-5.0825934410095215
V579L:G586E,-6.031741142272949
V579L:G586T,-6.8916120529174805
V579L:N582M,-3.8660285472869873
V579L:N587G,-5.411191940307617
V579L:R585T:R588M,1.794109582901001
V579L:S580I,-6.547477722167969
V579M:G586R,-11.508426666259766
V579M:N582D:R585W:N587D:R588N,-6.494060516357422
V579M:N582D:R588D,-3.62111759185791
V579M:N582E,-2.8174185752868652
V579M:N587E:R588A,-0.3920562267303467
V579M:R585E,-2.58247447013855
V579M:R585M,-3.339198589324951
V579M:R588M,0.47657012939453125
V579M:R588Q,-1.5347342491149902
V579M:T581D,-4.499070644378662
V579M:T581E:N582D,-4.067465782165527
V579M:T581E:N582D:R585N:R588S,-1.3067100048065186
V579M:T581E:R588Q,-0.12198877334594727
V579M:T581P,-6.085973739624023
V579N:G586K,-12.193193435668945
V579N:G586P,-5.725783824920654
V579N:N587K,-11.39631175994873
V579N:N587R,-11.630271911621094
V579N:R588A,-0.3125956058502197
V579N:R588G,-1.712061882019043
V579N:T581H,-8.040616035461426
V579P:N582V,-5.1621222496032715
V579P:N587H,-8.779108047485352
V579P:N587Q,-8.050470352172852
V579P:R588D,-3.1160340309143066
V579Q:G586H,-9.009300231933594
V579Q:G586T,-7.703033924102783
V579Q:N587P,-3.863626480102539
V579Q:S580N,-8.113759994506836
V579Q:T581P,-6.29545259475708
V579R:N582I,-8.020532608032227
V579R:N587R,-15.572908401489258
V579R:R588A,-4.255231857299805
V579R:R588E,-5.770936012268066
V579R:T581D,-8.990288734436035
V579R:T581N,-10.834867477416992
V579S:G586H,-7.931267738342285
V579S:N582E,-1.9488650560379028
V579S:N582I,-2.6607606410980225
V579S:N582P:R585Q:N587P:R588S,-0.13605165481567383
V579S:N582V,-2.9986002445220947
V579S:N587P,-2.7855942249298096
V579S:R585Q:N587P:R588S,1.0507326126098633
V579S:R585Q:R588S,1.0247211456298828
V579S:T581D:N582A:R588I,1.07692289352417
V579T:G586A,-5.766765594482422
V579T:G586L,-5.978869438171387
V579T:N582A,-4.119405746459961
V579T:N582H,-5.56478214263916
V579T:N582P,-3.9483182430267334
V579T:R585A:R588P,2.23793888092041
V579T:R588M,1.3951952457427979
V579T:R588W,-0.7720468044281006
V579T:S580N,-6.985655784606934
V579T:T581I,-5.668944358825684
V579T:T581M,-6.352010726928711
V579W:G586E:N587E:R588P,-5.212679386138916
V579W:G586E:R588P,-4.584637641906738
V579W:G586L,-8.60500717163086
V579W:G586P,-6.884714603424072
V579W:N582A,-6.745543003082275
V579W:N582A:R585F:N587D,-8.128987312316895
V579W:N582C:R585D,-6.912956237792969
V579W:N582D,-7.187723636627197
V579W:N582D:N587E,-7.815765857696533
V579W:N582D:N587Q,-10.263067245483398
V579W:N582E:G586E:N587E:R588N,-6.248158931732178
V579W:N582G,-7.997504234313965
V579W:N582P:G586E,-9.52798080444336
V579W:N582P:R585P:N587E,-7.857237815856934
V579W:N587E,-6.015713691711426
V579W:N587E:R588N,-4.157374382019043
V579W:N587E:R588P,-2.259154796600342
V579W:N587K,-12.555242538452148
V579W:R585E:R588S,-1.5113651752471924
V579W:R585G,-3.8874499797821045
V579W:R585G:R588E,-1.487008810043335
V579W:R585H,-6.009952068328857
V579W:R585H:N587E,-6.637994289398193
V579W:R585I:G586E:N587D,-8.932024002075195
V579W:R585K,-8.07046890258789
V579W:R585M,-5.046710968017578
V579W:R585M:R588A,-1.130565881729126
V579W:R585S,-4.551218032836914
V579W:R588N,-3.529332160949707
V579W:R588P,-1.6311125755310059
V579W:R588Q,-3.242246627807617
V579W:R588T,-1.7952282428741455
V579W:R588W,-3.398184299468994
V579W:S580D:G586E:N587D,-13.391549110412598
V579W:S580D:N582C,-11.062519073486328
V579W:S580D:N582E:R585F:N587D,-9.556465148925781
V579W:S580D:N582G,-11.645594596862793
V579W:S580D:N582G:R585E:N587D:R588M,-7.793442726135254
V579W:S580D:R585E:N587D:R588M,-5.183609962463379
V579W:S580D:T581D:R585A:G586E,-11.56528377532959
V579W:S580D:T581D:R585S,-9.018219947814941
V579W:S580E,-8.756772994995117
V579W:S580E:R585N:G586D,-12.376763343811035
V579W:S580E:R585P,-9.41151237487793
V579W:S580E:R585P:R588P,-5.654953956604004
V579W:S580E:T581D:N582D:R585N,-11.39360237121582
V579W:S580E:T581E:N582E:R585C:R588N,-3.9267754554748535
V579W:S580G,-8.447613716125488
V579W:T581A,-7.885046005249023
V579W:T581D:R585F:R588W,-4.198277950286865
V579W:T581D:R588Q,-4.061158180236816
V579W:T581E,-3.974925994873047
V579W:T581E:N582G,-6.584758758544922
V579W:T581H,-9.199546813964844
V579Y:G586S,-7.948051452636719
V579Y:N582H:G586H,-12.290484428405762
V579Y:N582H:G586P:N587E:R588T,-5.703464508056641
V579Y:N582P,-5.554358005523682
V579Y:R585G:R588I,3.1979596614837646
V579Y:R585H:R588A,-1.07370924949646
V579Y:R585I:N587D,-4.958400726318359
V579Y:R585Q,-3.309868574142456
V579Y:R588A,-0.4514286518096924
V579Y:R588M,-0.2108445167541504
V579Y:S580H:T581E:N587D,-9.273099899291992
V579Y:T581D:N587P,-5.160473823547363
V579Y:T581E,-2.9548282623291016
V579Y:T581E:N582I:R588A,1.112161636352539
V579Y:T581E:N587D,-4.357090473175049
