mutant,prediction
T244P:V280I,-19.68309783935547
T244P:V280H,-23.812667846679688
T244P:V280G,-21.171588897705078
T244P:V280F,-16.885536193847656
T244P:V280E,-24.232336044311523
T244P:V280C,-13.10379409790039
T244P:V280A,-16.038898468017578
T244P:V280D,-24.285982131958008
T244P:V280L,-19.518108367919922
T244P:V280T,-18.916521072387695
T244P:V280N,-22.619277954101562
T244P:W269K,-29.388212203979492
T244P:W269I,-29.369688034057617
T244P:W269H,-29.40652847290039
T244P:W269F,-26.052106857299805
T244P:W269E,-29.616634368896484
T244P:W269D,-29.238618850708008
T244P:W269C,-28.323036193847656
T244P:W269A,-29.085609436035156
T244P:V280W,-18.87824249267578
T244P:V280S,-18.845111846923828
T244P:V280R,-28.521739959716797
T244P:V280P,-26.699142456054688
T244P:V280M,-18.511558532714844
T244P:W269L,-29.27806282043457
T244P:W269M,-29.108169555664062
T244P:W269P,-30.2989501953125
T244P:W269N,-29.439361572265625
T244P:W269Y,-26.020069122314453
T244P:W269V,-29.634794235229492
T244P:W269T,-29.318931579589844
T244P:W269S,-28.38318634033203
T244P:W269R,-28.485872268676758
T244P:W269Q,-29.36705207824707
T244P:T270D,-16.936851501464844
T244P:T270F,-14.975326538085938
T244P:T270H,-14.772977828979492
T244P:T270Y,-15.032628059387207
T244P:T270S,-14.097575187683105
T244P:T270N,-15.153743743896484
T244P:T270M,-15.454545021057129
T244P:T270I,-17.160654067993164
T244P:T270R,-13.838312149047852
T244P:T281H,-18.068283081054688
T244P:T281G,-18.699077606201172
T244P:T281F,-18.153873443603516
T244P:T281E,-18.04012680053711
T244P:T281C,-17.045495986938477
T244P:T281A,-16.91202163696289
T244P:T281I,-18.1275691986084
T244P:T281K,-16.639328002929688
T244P:T281M,-17.61538314819336
T244P:T281W,-16.425878524780273
T244P:T281V,-17.176973342895508
T244P:T281S,-16.252092361450195
T244P:T281R,-16.351959228515625
T244P:T281Q,-17.625225067138672
T244P:T281Y,-17.77294921875
T244Q:V280L,-13.715598106384277
T244Q:W269C,-22.520526885986328
T244Q:W269A,-23.283100128173828
T244Q:V280W,-13.075733184814453
T244Q:V280T,-13.114011764526367
T244Q:V280S,-13.042603492736816
T244Q:V280R,-22.71923065185547
T244Q:W269D,-23.43610954284668
T244Q:V280N,-16.816768646240234
T244Q:V280M,-12.709049224853516
T244Q:V280I,-13.88058853149414
T244Q:V280H,-18.01015853881836
T244Q:V280G,-15.369078636169434
T244Q:V280F,-11.083026885986328
T244Q:V280P,-20.89663314819336
T244Q:W269E,-23.814125061035156
T244Q:W269Y,-20.217559814453125
T244Q:W269V,-23.832284927368164
T244Q:W269T,-23.516422271728516
T244Q:W269S,-22.580677032470703
T244Q:W269F,-20.249597549438477
T244Q:W269R,-22.68336296081543
T244Q:W269P,-24.496440887451172
T244Q:W269N,-23.636852264404297
T244Q:W269M,-23.305660247802734
T244Q:W269L,-23.475553512573242
T244Q:W269K,-23.585702896118164
T244Q:W269I,-23.56717872619629
T244Q:W269H,-23.604019165039062
T244Q:W269Q,-23.564542770385742
T244R:T270Y,-6.051889419555664
T244R:T270S,-5.1168365478515625
T244R:T270R,-4.857572555541992
T244R:T270N,-6.173004627227783
T244R:T270M,-6.473805904388428
T244Q:V280E,-18.429826736450195
T244R:T270I,-8.179915428161621
T244R:T270H,-5.792239189147949
T244R:T270F,-5.9945878982543945
T244R:T270D,-7.956112861633301
T244Q:V280D,-18.48347282409668
T244Q:V280A,-10.236388206481934
T244Q:T270N,-9.351234436035156
T244Q:T270M,-9.6520357131958
T244Q:T270I,-11.358144760131836
T244Q:T270H,-8.970468521118164
T244Q:T270D,-11.134342193603516
T244Q:T270F,-9.17281723022461
T244Q:T270R,-8.035802841186523
T244Q:T270S,-8.295065879821777
T244Q:T270Y,-9.230118751525879
T244Q:V280C,-7.301284313201904
T244Q:T281S,-10.449583053588867
T244Q:T281R,-10.549449920654297
T244Q:T281Q,-11.822715759277344
T244Q:T281M,-11.812873840332031
T244Q:T281V,-11.37446403503418
T244Q:T281K,-10.836819648742676
T244Q:T281H,-12.26577377319336
T244Q:T281G,-12.89656925201416
T244Q:T281F,-12.351363182067871
T244Q:T281E,-12.237617492675781
T244Q:T281C,-11.242986679077148
T244Q:T281A,-11.109512329101562
T244Q:T281I,-12.32505989074707
T244Q:T281W,-10.623369216918945
T244Q:T281Y,-11.970440864562988
T244M:T281F,-13.339510917663574
T244M:T281E,-13.225765228271484
T244M:T281C,-12.231134414672852
T244M:T281A,-12.097660064697266
T244M:T270Y,-10.218266487121582
T244M:T270S,-9.28321361541748
T244M:T270R,-9.023950576782227
T244M:T270N,-10.33938217163086
T244M:T270M,-10.640183448791504
T244M:T270I,-12.346292495727539
T244M:T270H,-9.958616256713867
T244M:T281G,-13.884716987609863
T244M:T281H,-13.253921508789062
T244M:T281K,-11.824967384338379
T244M:V280I,-14.868736267089844
T244M:V280H,-18.998306274414062
T244M:V280G,-16.357227325439453
T244M:V280F,-12.071174621582031
T244M:V280E,-19.4179744720459
T244M:V280D,-19.471620559692383
T244M:V280C,-8.289432525634766
T244M:V280A,-11.224535942077637
T244M:T281Y,-12.958588600158691
T244M:T281W,-11.611516952514648
T244M:T281S,-11.43773078918457
T244M:T281R,-11.53759765625
T244M:T281Q,-12.810863494873047
T244M:T281M,-12.801021575927734
T244M:T281V,-12.362611770629883
T244M:T281I,-13.313207626342773
T244M:T270F,-10.160964965820312
T244M:T270D,-12.122489929199219
T244L:V280T,-14.003158569335938
T244L:V280S,-13.931750297546387
T244L:V280R,-23.60837745666504
T244L:V280P,-21.78577995300293
T244L:V280N,-17.705915451049805
T244L:V280M,-13.598196029663086
T244L:V280L,-14.604744911193848
T244L:V280I,-14.769735336303711
T244L:V280H,-18.89930534362793
T244L:V280G,-16.258224487304688
T244L:V280F,-11.972173690795898
T244L:V280E,-19.318973541259766
T244L:V280D,-19.37261962890625
T244L:V280W,-13.964879989624023
T244L:W269A,-24.1722469329834
T244L:W269C,-23.4096736907959
T244L:W269V,-24.721431732177734
T244L:W269T,-24.405569076538086
T244L:W269S,-23.469823837280273
T244L:W269R,-23.572509765625
T244L:W269Q,-24.453689575195312
T244L:W269P,-25.385587692260742
T244L:W269N,-24.525999069213867
T244L:V280C,-8.190431594848633
T244L:W269M,-24.194807052612305
T244L:W269K,-24.474849700927734
T244L:W269I,-24.45632553100586
T244L:W269H,-24.493165969848633
T244L:W269F,-21.138744354248047
T244L:W269E,-24.703271865844727
T244L:W269D,-24.32525634765625
T244L:W269L,-24.364700317382812
T244L:V280A,-11.125535011291504
T244L:W269Y,-21.106706619262695
T244M:V280L,-14.70374584197998
T244M:V280M,-13.697196960449219
T244M:V280N,-17.804916381835938
T244M:V280P,-21.884780883789062
T244N:T281Y,-11.562577247619629
T244N:T281W,-10.215505599975586
T244N:T281A,-10.701648712158203
T244N:T281V,-10.96660041809082
T244N:T281S,-10.041719436645508
T244N:T281R,-10.141586303710938
T244N:T281Q,-11.414852142333984
T244N:T281M,-11.405010223388672
T244N:T281I,-11.917196273803711
T244N:T281H,-11.85791015625
T244N:T281G,-12.4887056350708
T244N:T281F,-11.943499565124512
T244N:T281E,-11.829753875732422
T244N:T281C,-10.835123062133789
T244N:T281K,-10.428956031799316
T244N:W269Y,-19.809696197509766
T244N:W269V,-23.424421310424805
T244N:W269T,-23.108558654785156
T244N:W269S,-22.172813415527344
T244N:W269R,-22.27549934387207
T244N:W269Q,-23.156679153442383
T244N:W269N,-23.228988647460938
T244N:W269M,-22.897796630859375
T244N:W269L,-23.067689895629883
T244N:W269K,-23.177839279174805
T244N:W269I,-23.15931510925293
T244N:W269H,-23.196155548095703
T244N:W269P,-24.088577270507812
T244N:W269F,-19.841733932495117
T244N:W269E,-23.406261444091797
T244N:W269C,-22.11266326904297
T244N:V280A,-9.828524589538574
T244N:W269D,-23.02824592590332
T244N:V280C,-6.893420696258545
T244N:V280E,-18.021963119506836
T244N:W269A,-22.87523651123047
T244N:V280W,-12.667869567871094
T244N:V280T,-12.706148147583008
T244N:V280S,-12.634739875793457
T244N:V280R,-22.31136703491211
T244N:V280D,-18.07560920715332
T244N:V280P,-20.48876953125
T244N:V280M,-12.301185607910156
T244N:V280L,-13.307734489440918
T244N:V280I,-13.472724914550781
T244N:V280H,-17.602294921875
T244N:V280G,-14.961215019226074
T244N:V280F,-10.675163269042969
T244N:V280N,-16.408905029296875
T244M:W269L,-24.463701248168945
T244M:W269K,-24.573850631713867
T244M:W269I,-24.555326461791992
T244M:W269H,-24.592166900634766
T244M:W269F,-21.23774528503418
T244M:W269E,-24.80227279663086
T244M:W269M,-24.293807983398438
T244M:W269D,-24.424257278442383
T244M:W269A,-24.27124786376953
T244M:V280W,-14.063880920410156
T244M:V280T,-14.10215950012207
T244M:V280S,-14.03075122833252
T244M:V280R,-23.707378387451172
T244M:W269C,-23.50867462158203
T244M:W269N,-24.625
T244M:W269Q,-24.552690505981445
T244M:W269P,-25.484588623046875
T244M:W269Y,-21.205707550048828
T244M:W269V,-24.820432662963867
T244M:W269T,-24.50457000732422
T244M:W269S,-23.568824768066406
T244M:W269R,-23.671510696411133
T244N:T270Y,-8.82225513458252
T244N:T270S,-7.887202262878418
T244N:T270R,-7.627938747406006
T244N:T270N,-8.943370819091797
T244N:T270M,-9.244172096252441
T244N:T270I,-10.950281143188477
T244N:T270H,-8.562604904174805
T244N:T270D,-10.726478576660156
T244N:T270F,-8.76495361328125
T244V:W269Y,-17.124853134155273
T244V:W269V,-20.739578247070312
T244V:W269T,-20.423715591430664
T244V:W269S,-19.48797035217285
T244V:W269R,-19.590656280517578
T244V:V280P,-17.803926467895508
T244V:V280N,-13.724061965942383
T244V:V280M,-9.616342544555664
T244V:V280L,-10.622891426086426
T244V:V280I,-10.787882804870605
T244V:V280H,-14.917451858520508
T244V:V280G,-12.276371955871582
T244V:V280E,-15.337120056152344
T244V:V280D,-15.390766143798828
T244V:V280C,-4.208578109741211
T244V:V280A,-7.143681526184082
T244V:V280F,-7.990320205688477
T244V:V280R,-19.626523971557617
T244V:V280T,-10.021305084228516
T244V:W269Q,-20.47183609008789
T244V:W269P,-21.40373420715332
T244V:W269N,-20.544145584106445
T244V:W269M,-20.212953567504883
T244V:W269L,-20.38284683227539
T244V:W269K,-20.492996215820312
T244V:W269I,-20.474472045898438
T244V:V280S,-9.949896812438965
T244V:W269H,-20.51131248474121
T244V:W269F,-17.156890869140625
T244V:W269E,-20.721418380737305
T244V:W269D,-20.343402862548828
T244V:W269C,-19.427820205688477
T244V:W269A,-20.190393447875977
T244V:V280W,-9.983026504516602
T244S:T270R,-5.9061994552612305
T244S:T270N,-7.221631050109863
T244S:T270M,-7.522432327270508
T244S:T270I,-9.22854232788086
T244S:T270F,-7.043214321136475
T244S:T270D,-9.004739761352539
T244S:T270H,-6.8408660888671875
T244S:T270S,-6.165463447570801
T244S:T270Y,-7.100515842437744
T244S:T281A,-8.97990894317627
T244S:T281C,-9.113384246826172
T244S:T281W,-8.493765830993652
T244S:T281V,-9.244861602783203
T244S:T281S,-8.31998062133789
T244S:T281R,-8.419846534729004
T244S:T281Q,-9.693113327026367
T244S:T281M,-9.683271408081055
T244S:T281K,-8.707216262817383
T244S:T281I,-10.195456504821777
T244S:T281H,-10.136171340942383
T244S:T281G,-10.766965866088867
T244S:T281F,-10.221759796142578
T244S:T281E,-10.108014106750488
T244R:T281Y,-8.792211532592773
T244R:T281W,-7.445138931274414
T244R:T281V,-8.196234703063965
T244R:T281S,-7.271353721618652
T244R:T281R,-7.371219635009766
T244R:T281Q,-8.644486427307129
T244R:T281M,-8.634644508361816
T244R:T281K,-7.658590316772461
T244R:T281I,-9.146829605102539
T244R:T281H,-9.087544441223145
T244R:T281G,-9.718339920043945
T244R:T281F,-9.173133850097656
T244R:T281E,-9.05938720703125
T244R:T281C,-8.064757347106934
T244R:T281A,-7.931282043457031
T244R:W269N,-20.458621978759766
T244R:W269M,-20.127429962158203
T244R:W269L,-20.29732322692871
T244R:W269K,-20.407472610473633
T244R:W269I,-20.388948440551758
T244R:W269H,-20.42578887939453
T244R:W269P,-21.31821060180664
T244R:W269F,-17.071367263793945
T244R:W269D,-20.25787925720215
T244R:W269C,-19.342296600341797
T244R:W269A,-20.104869842529297
T244R:V280W,-9.897503852844238
T244R:V280T,-9.935781478881836
T244R:V280S,-9.864374160766602
T244R:W269E,-20.635894775390625
T244R:V280R,-19.541000366210938
T244R:W269Q,-20.38631248474121
T244R:W269S,-19.402446746826172
T244R:W269R,-19.5051326751709
T244R:W269Y,-17.039329528808594
T244R:W269V,-20.654054641723633
T244R:W269T,-20.338191986083984
T244S:T281Y,-9.840837478637695
T244R:V280N,-13.63853931427002
T244R:V280P,-17.718402862548828
T244R:V280M,-9.530818939208984
T244R:V280L,-10.537368774414062
T244R:V280I,-10.702359199523926
T244R:V280H,-14.831929206848145
T244R:V280G,-12.190849304199219
T244R:V280F,-7.904797554016113
T244R:V280E,-15.25159740447998
T244R:V280C,-4.123054504394531
T244R:V280A,-7.058158874511719
T244R:V280D,-15.305243492126465
T244V:T270F,-6.080110549926758
T244V:T270D,-8.041635513305664
T244V:T270H,-5.877762317657471
T244V:T270I,-8.265438079833984
T244V:T270Y,-6.137412071228027
T244V:T270S,-5.202359676361084
T244V:T270R,-4.943096160888672
T244V:T270N,-6.258527755737305
T244V:T270M,-6.559329032897949
T244V:T281K,-7.744112968444824
T244V:T281I,-9.232353210449219
T244V:T281H,-9.173067092895508
T244V:T281G,-9.803862571716309
T244V:T281F,-9.25865650177002
T244V:T281E,-9.14491081237793
T244V:T281M,-8.720168113708496
T244V:T281A,-8.016805648803711
T244V:T281C,-8.150280952453613
T244V:T281Q,-8.730009078979492
T244V:T281Y,-8.877734184265137
T244V:T281W,-7.530662536621094
T244V:T281V,-8.281757354736328
T244V:T281S,-7.356877326965332
T244V:T281R,-7.456743240356445
T244S:V280A,-8.10678482055664
T244S:V280C,-5.1716814041137695
T244S:V280D,-16.353870391845703
T244S:V280E,-16.30022430419922
T244S:V280F,-8.953424453735352
T244S:W269C,-20.39092445373535
T244S:W269A,-21.15349769592285
T244S:V280W,-10.946130752563477
T244S:V280T,-10.984408378601074
T244S:V280S,-10.913000106811523
T244S:V280R,-20.589628219604492
T244S:V280N,-14.687166213989258
T244S:V280M,-10.579445838928223
T244S:V280L,-11.585994720458984
T244S:V280I,-11.750986099243164
T244S:V280H,-15.880556106567383
T244S:V280G,-13.23947525024414
T244S:V280P,-18.767030715942383
T244S:W269D,-21.306507110595703
T244S:W269E,-21.68452262878418
T244S:W269F,-18.1199951171875
T244S:W269Y,-18.08795738220215
T244S:W269V,-21.702682495117188
T244S:W269T,-21.38681983947754
T244S:W269S,-20.451074600219727
T244S:W269R,-20.553760528564453
T244S:W269P,-22.366838455200195
T244S:W269N,-21.50724983215332
T244S:W269M,-21.176057815551758
T244S:W269L,-21.345951080322266
T244S:W269K,-21.456100463867188
T244S:W269I,-21.437576293945312
T244S:W269H,-21.474416732788086
T244S:W269Q,-21.434940338134766
T244F:T281R,-9.506841659545898
T244D:V280D,-22.248064041137695
T244D:V280C,-11.065876007080078
T244D:V280A,-14.00097942352295
T244D:T281Y,-15.735032081604004
T244D:T281W,-14.387960433959961
T244D:T281V,-15.139055252075195
T244D:T281S,-14.214174270629883
T244D:T281R,-14.314041137695312
T244D:T281Q,-15.58730697631836
T244D:T281M,-15.577465057373047
T244D:T281K,-14.601410865783691
T244D:T281I,-16.089651107788086
T244D:T281H,-16.030364990234375
T244D:T281G,-16.66115951538086
T244D:T281F,-16.115955352783203
T244D:V280E,-22.19441795349121
T244D:V280F,-14.847618103027344
T244D:V280G,-19.133670806884766
T244D:V280H,-21.774749755859375
T244D:W269E,-27.578716278076172
T244D:W269D,-27.200700759887695
T244D:W269C,-26.285118103027344
T244D:W269A,-27.047691345214844
T244D:V280W,-16.84032440185547
T244D:V280T,-16.878602981567383
T244D:W269F,-24.014188766479492
T244D:V280S,-16.807193756103516
T244D:V280P,-24.661224365234375
T244D:V280N,-20.58135986328125
T244D:V280M,-16.47364044189453
T244D:V280L,-17.48019027709961
T244D:V280I,-17.645179748535156
T244D:V280R,-26.483821868896484
T244D:W269I,-27.331769943237305
T244D:W269Y,-23.98215103149414
T244D:W269V,-27.59687614440918
T244D:W269H,-27.368610382080078
T244D:W269T,-27.28101348876953
T244D:W269R,-26.447954177856445
T244D:W269Q,-27.329133987426758
T244D:W269P,-28.261032104492188
T244D:W269N,-27.401443481445312
T244D:W269M,-27.07025146484375
T244D:W269L,-27.240144729614258
T244D:W269K,-27.35029411315918
T244D:W269S,-26.34526824951172
T244D:T281E,-16.002208709716797
T244F:T281A,-10.066904067993164
T244F:T281C,-10.200379371643066
T244F:T281E,-11.195009231567383
T244F:T281F,-11.308755874633789
T244F:T281Y,-10.927833557128906
T244F:T281W,-9.580760955810547
T244F:T281V,-10.331855773925781
T244F:T281S,-9.406975746154785
T244F:T281Q,-10.780107498168945
T244F:T281M,-10.77026653289795
T244F:T281K,-9.794212341308594
T244F:T281I,-11.282451629638672
T244F:T281H,-11.223165512084961
T244F:T281G,-11.853961944580078
T244F:V280F,-10.04041862487793
T244F:V280E,-17.387218475341797
T244F:V280D,-17.44086456298828
T244F:V280C,-6.258676528930664
T244F:V280A,-9.193780899047852
T244F:V280G,-14.326471328735352
T244F:V280H,-16.96755027770996
T244F:V280I,-12.837981224060059
T244F:W269F,-19.206989288330078
T244F:W269E,-22.771516799926758
T244F:W269D,-22.39350128173828
T244F:W269C,-21.47791862487793
T244F:W269A,-22.24049186706543
T244F:V280W,-12.033124923706055
T244F:V280S,-11.999996185302734
T244F:V280R,-21.67662239074707
T244F:V280P,-19.85402488708496
T244F:V280N,-15.774160385131836
T244F:V280M,-11.666440963745117
T244F:V280L,-12.672990798950195
T244F:V280T,-12.071403503417969
T244F:T270Y,-8.187511444091797
T244F:T270S,-7.252458572387695
T244F:T270R,-6.993194580078125
T244F:T270N,-8.308626174926758
T244F:T270M,-8.609427452087402
T244F:T270I,-10.315536499023438
T244F:T270H,-7.927861213684082
T244F:T270F,-8.130208969116211
T244F:T270D,-10.091733932495117
T244F:W269H,-22.561410903930664
T244D:T281A,-14.874103546142578
T244A:W269Y,-17.676746368408203
T244A:W269V,-21.291471481323242
T244A:W269T,-20.975608825683594
T244A:W269S,-20.03986358642578
T244A:W269R,-20.142549514770508
T244A:W269Q,-21.02372932434082
T244A:W269P,-21.95562744140625
T244A:W269N,-21.096038818359375
T244A:W269M,-20.764846801757812
T244A:W269L,-20.93474006652832
T244A:W269K,-21.044889450073242
T244A:W269I,-21.026365280151367
T244A:W269H,-21.06320571899414
T244A:W269F,-17.708784103393555
T244A:V280D,-15.942659378051758
T244A:V280C,-4.760471343994141
T244A:V280A,-7.69557523727417
T244A:V280E,-15.889013290405273
T244A:V280F,-8.542213439941406
T244A:V280H,-15.469345092773438
T244A:W269E,-21.273311614990234
T244A:W269D,-20.895296096801758
T244A:W269C,-19.979713439941406
T244A:W269A,-20.742286682128906
T244A:V280W,-10.534919738769531
T244A:V280T,-10.573198318481445
T244A:V280G,-12.828266143798828
T244A:V280S,-10.501791000366211
T244A:V280P,-18.355819702148438
T244A:V280N,-14.275955200195312
T244A:V280M,-10.168235778808594
T244A:V280L,-11.174785614013672
T244A:V280I,-11.339776039123535
T244A:V280R,-20.178417205810547
T244A:T270Y,-6.689305782318115
T244A:T270S,-5.754253387451172
T244A:T270R,-5.494989395141602
T244A:T270N,-6.810420989990234
T244A:T270M,-7.111222267150879
T244A:T270H,-6.429656028747559
T244A:T270F,-6.632004261016846
T244A:T270D,-8.593528747558594
T244A:T270I,-8.817331314086914
T244A:T281A,-8.56869888305664
T244A:T281Y,-9.429628372192383
T244A:T281W,-8.082555770874023
T244A:T281V,-8.833650588989258
T244A:T281S,-7.908770561218262
T244A:T281R,-8.008636474609375
T244A:T281Q,-9.281902313232422
T244A:T281C,-8.702174186706543
T244A:T281K,-8.29600715637207
T244A:T281I,-9.784246444702148
T244A:T281H,-9.724960327148438
T244A:T281G,-10.355756759643555
T244A:T281F,-9.810550689697266
T244A:T281E,-9.69680404663086
T244A:T281M,-9.272061347961426
T244D:T281C,-15.007577896118164
T244D:T270S,-12.059657096862793
T244D:T270R,-11.800394058227539
T244D:T270N,-13.115825653076172
T244D:T270M,-13.416626930236816
T244D:T270I,-15.122735977172852
T244D:T270H,-12.73505973815918
T244D:T270F,-12.937408447265625
T244D:T270D,-14.898933410644531
T244D:T270Y,-12.994709968566895
T244F:W269I,-22.52457046508789
T244F:W269K,-22.543094635009766
T244F:W269L,-22.432945251464844
T244I:W269Y,-19.188488006591797
T244I:W269V,-22.803213119506836
T244I:W269T,-22.487350463867188
T244I:W269S,-21.551605224609375
T244I:W269R,-21.6542911529541
T244I:W269Q,-22.535470962524414
T244I:W269P,-23.467369079589844
T244I:W269N,-22.60778045654297
T244I:W269L,-22.446481704711914
T244I:W269K,-22.556631088256836
T244I:W269I,-22.53810691833496
T244I:W269H,-22.574947357177734
T244I:W269F,-19.22052574157715
T244I:W269E,-22.785053253173828
T244I:W269M,-22.276588439941406
T244I:W269D,-22.40703773498535
T244K:T270D,-8.360755920410156
T244K:T270Y,-6.456532955169678
T244K:T270S,-5.521480560302734
T244K:T270F,-6.399231433868408
T244K:T270R,-5.262216567993164
T244K:T270N,-6.577648162841797
T244K:T270M,-6.878449440002441
T244K:T270I,-8.584558486938477
T244K:T270H,-6.196883201599121
T244I:W269C,-21.491455078125
T244I:W269A,-22.2540283203125
T244I:T281Q,-10.793643951416016
T244I:T281M,-10.783802032470703
T244I:T281K,-9.807747840881348
T244I:T281I,-11.295988082885742
T244I:T281H,-11.236701965332031
T244I:T281F,-11.322291374206543
T244I:T281E,-11.208545684814453
T244I:T281C,-10.21391487121582
T244I:T281A,-10.080440521240234
T244I:T281G,-11.867497444152832
T244I:T270Y,-8.20104694366455
T244I:T270S,-7.265994071960449
T244I:T281R,-9.520378112792969
T244I:T281S,-9.420511245727539
T244I:T281V,-10.345392227172852
T244I:T281W,-9.594297409057617
T244I:V280C,-6.272212505340576
T244I:V280W,-12.046661376953125
T244I:V280T,-12.084939956665039
T244I:V280S,-12.013531684875488
T244I:V280R,-21.69015884399414
T244I:V280P,-19.86756134033203
T244I:V280N,-15.787696838378906
T244I:V280A,-9.207316398620605
T244I:V280M,-11.679977416992188
T244I:V280I,-12.851516723632812
T244I:V280H,-16.98108673095703
T244I:V280G,-14.340006828308105
T244I:V280F,-10.053955078125
T244I:V280E,-17.400754928588867
T244I:V280D,-17.45440101623535
T244I:V280L,-12.68652629852295
T244I:T281Y,-10.94136905670166
T244I:T270R,-7.006730556488037
T244L:T270N,-10.240381240844727
T244L:T270M,-10.541182518005371
T244L:T270I,-12.247291564941406
T244L:T270H,-9.859615325927734
T244L:T270F,-10.06196403503418
T244L:T270D,-12.023488998413086
T244L:T270R,-8.924949645996094
T244L:T270S,-9.184212684631348
T244L:T270Y,-10.11926555633545
T244L:T281R,-11.438596725463867
T244L:T281Q,-12.711862564086914
T244L:T281M,-12.702020645141602
T244L:T281K,-11.725966453552246
T244L:T281I,-13.21420669555664
T244L:T281H,-13.15492057800293
T244L:T281G,-13.78571605682373
T244L:T281F,-13.240509986877441
T244L:T281E,-13.126764297485352
T244L:T281C,-12.132133483886719
T244L:T281A,-11.998659133911133
T244L:T281S,-11.338729858398438
T244L:T281V,-12.26361083984375
T244L:T281W,-11.512516021728516
T244L:T281Y,-12.859587669372559
T244K:T281F,-9.577777862548828
T244K:T281E,-9.464031219482422
T244K:T281C,-8.469401359558105
T244K:T281A,-8.335926055908203
T244K:T281G,-10.122983932495117
T244K:T281H,-9.4921875
T244K:T281K,-8.063234329223633
T244K:T281Y,-9.196855545043945
T244K:T281I,-9.551473617553711
T244K:T281W,-7.849782943725586
T244K:T281S,-7.675997734069824
T244K:T281R,-7.7758636474609375
T244K:T281Q,-9.049129486083984
T244K:T281M,-9.039288520812988
T244K:T281V,-8.60087776184082
T244K:W269Y,-17.443973541259766
T244K:W269V,-21.058698654174805
T244K:W269T,-20.742835998535156
T244K:W269S,-19.807090759277344
T244K:W269R,-19.90977668762207
T244K:W269Q,-20.790956497192383
T244K:W269P,-21.722854614257812
T244K:W269N,-20.863265991210938
T244K:W269L,-20.701967239379883
T244K:V280I,-11.107003211975098
T244K:V280H,-15.236572265625
T244K:V280G,-12.59549331665039
T244K:V280F,-8.309440612792969
T244K:V280E,-15.656240463256836
T244K:V280D,-15.70988655090332
T244K:V280C,-4.527698516845703
T244K:V280A,-7.462802410125732
T244K:W269M,-20.532073974609375
T244K:V280L,-10.942012786865234
T244K:V280N,-14.043182373046875
T244K:W269K,-20.812116622924805
T244K:W269I,-20.79359245300293
T244K:W269H,-20.830432891845703
T244K:W269F,-17.476011276245117
T244K:W269E,-21.040538787841797
T244K:W269D,-20.66252326965332
T244K:V280M,-9.935462951660156
T244K:W269C,-19.74694061279297
T244K:V280W,-10.302146911621094
T244K:V280T,-10.340425491333008
T244K:V280S,-10.269018173217773
T244K:V280R,-19.94564437866211
T244K:V280P,-18.123046875
T244K:W269A,-20.50951385498047
T244I:T270N,-8.322162628173828
T244G:T281M,-12.177803993225098
T244G:T281K,-11.201749801635742
T244G:T281I,-12.68998908996582
T244G:T281H,-12.63070297241211
T244G:T281Q,-12.187644958496094
T244G:T281G,-13.261499404907227
T244G:T281E,-12.602546691894531
T244G:T281C,-11.607916831970215
T244G:T281A,-11.474441528320312
T244G:T281F,-12.716293334960938
T244G:T281R,-10.914379119873047
T244G:T281V,-11.73939323425293
T244G:T281S,-10.814513206481934
T244G:T281Y,-12.335371017456055
T244G:T281W,-10.988298416137695
T244G:W269Y,-20.582489013671875
T244G:W269V,-24.197214126586914
T244G:V280S,-13.407533645629883
T244G:V280R,-23.08415985107422
T244G:V280P,-21.26156234741211
T244G:V280N,-17.181697845458984
T244G:V280M,-13.073978424072266
T244G:V280L,-14.080528259277344
T244G:V280T,-13.478940963745117
T244G:V280H,-18.37508773803711
T244G:V280G,-15.7340087890625
T244G:V280F,-11.447956085205078
T244G:V280E,-18.794755935668945
T244G:V280D,-18.84840202331543
T244G:V280C,-7.6662139892578125
T244G:V280A,-10.601318359375
T244G:V280I,-14.245518684387207
T244G:V280W,-13.440662384033203
T244G:W269A,-23.648029327392578
T244G:W269T,-23.881351470947266
T244G:W269S,-22.945606231689453
T244G:W269R,-23.04829216003418
T244G:W269Q,-23.929471969604492
T244G:W269P,-24.861370086669922
T244G:W269N,-24.001781463623047
T244G:W269M,-23.670589447021484
T244G:W269L,-23.840482711791992
T244G:W269I,-23.93210792541504
T244G:W269H,-23.968948364257812
T244G:W269F,-20.614526748657227
T244G:W269E,-24.179054260253906
T244G:W269D,-23.80103874206543
T244G:W269C,-22.885456085205078
T244G:W269K,-23.950632095336914
T244F:W269Y,-19.174951553344727
T244F:W269T,-22.473814010620117
T244F:W269S,-21.538068771362305
T244F:W269R,-21.64075469970703
T244F:W269Q,-22.521934509277344
T244F:W269P,-23.453832626342773
T244F:W269N,-22.5942440032959
T244F:W269M,-22.263051986694336
T244F:W269V,-22.789676666259766
T244G:T270I,-11.723073959350586
T244G:T270H,-9.33539867401123
T244G:T270F,-9.53774642944336
T244G:T270D,-11.499271392822266
T244G:T270M,-10.01696491241455
T244G:T270N,-9.716163635253906
T244G:T270Y,-9.595048904418945
T244G:T270S,-8.659996032714844
T244G:T270R,-8.400732040405273
T244H:W269H,-22.072229385375977
T244H:W269F,-18.71780776977539
T244H:W269E,-22.28233528137207
T244H:W269D,-21.904319763183594
T244H:W269C,-20.988737106323242
T244H:W269A,-21.751310348510742
T244H:V280W,-11.543943405151367
T244H:V280T,-11.582221031188965
T244H:V280S,-11.510812759399414
T244H:V280R,-21.187440872192383
T244H:V280P,-19.364843368530273
T244H:V280N,-15.284978866577148
T244H:W269I,-22.035388946533203
T244H:W269K,-22.053913116455078
T244H:W269L,-21.943763732910156
T244H:W269M,-21.77387046813965
T244H:V280M,-11.177258491516113
T244H:W269V,-22.300495147705078
T244H:W269T,-21.98463249206543
T244H:W269S,-21.048887252807617
T244H:W269R,-21.151573181152344
T244H:W269Q,-22.032752990722656
T244H:W269P,-22.964651107788086
T244H:W269N,-22.10506248474121
T244H:W269Y,-18.68577003479004
T244H:V280L,-12.183807373046875
T244H:V280I,-12.348798751831055
T244H:V280H,-16.478368759155273
T244H:V280G,-13.837287902832031
T244H:V280F,-9.551237106323242
T244H:V280E,-16.89803695678711
T244H:V280D,-16.951683044433594
T244H:V280C,-5.76949405670166
T244H:V280A,-8.704597473144531
T244I:T270M,-8.622963905334473
T244I:T270I,-10.329072952270508
T244I:T270H,-7.941396713256836
T244I:T270F,-8.143745422363281
T244I:T270D,-10.105270385742188
T244H:T270Y,-7.698328495025635
T244H:T270S,-6.763276100158691
T244H:T270R,-6.504012107849121
T244H:T270N,-7.819443702697754
T244H:T270M,-8.120244979858398
T244H:T270I,-9.82635498046875
T244H:T270H,-7.438678741455078
T244H:T270F,-7.641026973724365
T244H:T270D,-9.60255241394043
T244H:T281Y,-10.438650131225586
T244H:T281W,-9.091578483581543
T244H:T281V,-9.842674255371094
T244H:T281S,-8.917793273925781
T244H:T281Q,-10.290925979614258
T244H:T281M,-10.281084060668945
T244H:T281K,-9.305028915405273
T244H:T281I,-10.793269157409668
T244H:T281R,-9.017659187316895
T244H:T281H,-10.733983993530273
T244H:T281G,-11.364778518676758
T244H:T281E,-10.705826759338379
T244H:T281F,-10.819572448730469
T244H:T281C,-9.711196899414062
T244H:T281A,-9.57772159576416
A246Q:Q258N,-5.466225624084473
A246Q:Q258M,-8.222572326660156
A246Q:Q258L,-7.882371425628662
A246Q:Q258K,-4.742072105407715
A246Q:Q258I,-11.269765853881836
A246Q:Q258H,-5.794619560241699
A246Q:Q258E,-14.146951675415039
A246Q:Q258C,-8.4893798828125
A246Q:Q258A,-8.91646957397461
A246Q:Q258P,-16.69551658630371
A246Q:Q258R,-2.8998894691467285
A246Q:Q258S,-8.275857925415039
A246Q:Q258T,-9.48733901977539
A246Q:V280R,-20.0527400970459
A246Q:V280P,-18.23014259338379
A246Q:V280N,-14.150278091430664
A246Q:V280M,-10.042558670043945
A246Q:V280L,-11.049107551574707
A246Q:V280I,-11.21409797668457
A246Q:V280H,-15.343667984008789
A246Q:V280G,-12.702588081359863
A246Q:V280F,-8.416536331176758
A246Q:V280E,-15.763336181640625
A246Q:V280D,-15.81698226928711
A246Q:V280C,-4.634793758392334
A246Q:V280A,-7.569897651672363
A246Q:V280S,-10.376112937927246
A246Q:V280T,-10.447521209716797
A246Q:W269R,-20.01687240600586
A246Q:W269Q,-20.898052215576172
A246Q:W269P,-21.8299503326416
A246Q:W269N,-20.970361709594727
A246Q:W269M,-20.639169692993164
A246Q:W269L,-20.809062957763672
A246Q:W269K,-20.919212341308594
A246Q:W269I,-20.90068817138672
A246Q:W269H,-20.937528610229492
A246Q:W269F,-17.583106994628906
A246Q:W269E,-21.147634506225586
A246Q:W269D,-20.76961898803711
A246Q:W269C,-19.854036331176758
A246Q:W269A,-20.616609573364258
A246Q:V280W,-10.409242630004883
A246Q:W269S,-19.914186477661133
A246Q:W269T,-20.849931716918945
A246Q:W269V,-21.165794372558594
A246Q:W269Y,-17.551069259643555
A246Q:T270N,-6.684743881225586
A246Q:T270M,-6.9855451583862305
A246Q:T270I,-8.691654205322266
A246Q:T270H,-6.303977966308594
A246Q:T270F,-6.506326675415039
A246Q:T270D,-8.467851638793945
A246Q:T270R,-5.369311809539795
A246Q:T270S,-5.628575325012207
A246Q:T270Y,-6.563628196716309
A246Q:T244P,-15.18516731262207
A246Q:T244N,-8.974794387817383
A246Q:T244M,-10.370805740356445
A246Q:T244L,-10.271804809570312
A246Q:T244K,-6.609072208404541
A246Q:T244I,-8.353586196899414
A246Q:T244H,-7.850867748260498
A246Q:T244G,-9.747587203979492
A246Q:T244F,-8.340049743652344
A246Q:T244D,-13.147249221801758
A246Q:T244A,-6.8418450355529785
A246Q:T244Q,-9.382658004760742
A246Q:T244R,-6.204428672790527
A246Q:T244S,-7.253055095672607
A246Q:T244V,-6.289951324462891
A246Q:T281R,-7.882958889007568
A246Q:T281Q,-9.156225204467773
A246Q:T281M,-9.146383285522461
A246Q:T281K,-8.170329093933105
A246Q:T281I,-9.6585693359375
A246Q:T281H,-9.599283218383789
A246Q:T281G,-10.23007869720459
A246Q:T281F,-9.6848726272583
A246Q:T281E,-9.571126937866211
A246Q:T281C,-8.576496124267578
A246Q:T281A,-8.443021774291992
A246Q:T281S,-7.783092975616455
A246Q:T281V,-8.70797348022461
A246Q:T281Y,-9.303950309753418
A246Q:T281W,-7.956878185272217
A246Q:A252G,-4.339930534362793
A246Q:A252E,-17.356103897094727
A246Q:A252C,-8.018457412719727
A246Q:A252H,-17.490446090698242
A246Q:A252L,-16.272512435913086
A246Q:A252Y,-17.43317222595215
A246Q:A252W,-16.83820152282715
A246Q:A252V,-11.602697372436523
A246Q:A252R,-17.122528076171875
A246Q:A252Q,-16.169090270996094
A246Q:A252P,-12.41092300415039
A246Q:A252N,-15.609941482543945
A246Q:A252M,-14.218183517456055
A246P:T281E,-14.74104118347168
A246P:T281C,-13.746410369873047
A246P:T281A,-13.612936019897461
A246P:T281F,-14.85478687286377
A246P:T281G,-15.399992942810059
A246P:T281H,-14.769197463989258
A246P:T281I,-14.828483581542969
A246P:T281Y,-14.473864555358887
A246P:T281W,-13.126792907714844
A246P:T281V,-13.877887725830078
A246P:T281R,-13.052873611450195
A246P:T281Q,-14.326139450073242
A246P:T281M,-14.31629753112793
A246P:T281K,-13.340243339538574
A246P:T281S,-12.953006744384766
A246P:W269Y,-22.720983505249023
A246P:W269V,-26.335708618164062
A246P:W269T,-26.019845962524414
A246P:W269S,-25.0841007232666
A246P:W269R,-25.186786651611328
A246P:W269Q,-26.06796646118164
A246P:W269P,-26.99986457824707
A246P:W269N,-26.140275955200195
A246P:W269M,-25.809083938598633
A246P:W269L,-25.97897720336914
A246P:W269K,-26.089126586914062
A246P:W269I,-26.070602416992188
A246P:W269H,-26.10744285583496
A246P:V280F,-13.586450576782227
A246P:V280E,-20.933250427246094
A246P:V280D,-20.986896514892578
A246P:V280C,-9.804708480834961
A246P:V280A,-12.739811897277832
A246P:V280G,-17.872501373291016
A246P:V280H,-20.513582229614258
A246P:V280I,-16.38401222229004
A246P:W269F,-22.753021240234375
A246P:W269E,-26.317548751831055
A246P:W269D,-25.939533233642578
A246P:W269C,-25.023950576782227
A246P:W269A,-25.786523818969727
A246P:V280W,-15.579156875610352
A246P:V280S,-15.546027183532715
A246P:V280R,-25.222654342651367
A246P:V280P,-23.400056838989258
A246P:V280N,-19.320192337036133
A246P:V280M,-15.212472915649414
A246P:V280L,-16.21902084350586
A246P:V280T,-15.617435455322266
A246Q:F278W,-15.198005676269531
A246Q:F278V,-15.629973411560059
A246Q:F278T,-17.41796112060547
A246Q:F278S,-17.548294067382812
A246Q:F278R,-20.57002830505371
A246Q:F278Q,-19.26862335205078
A246Q:F278P,-20.540327072143555
A246Q:F278N,-18.396217346191406
A246Q:F256K,-15.391757011413574
A246Q:F256E,-19.130069732666016
A246Q:F256D,-19.825536727905273
A246Q:F256A,-12.374117851257324
A246Q:E282Y,-13.98978042602539
A246Q:E282W,-10.619681358337402
A246Q:E282V,-12.862078666687012
A246Q:E282T,-10.71458625793457
A246Q:E282S,-11.02157211303711
A246Q:E282R,-11.49305248260498
A246Q:E282Q,-10.499232292175293
A246Q:F256M,-8.659128189086914
A246Q:F256N,-13.553340911865234
A246Q:F278L,-14.087966918945312
A246Q:F278K,-20.12158203125
A246Q:F278I,-16.081905364990234
A246Q:F278H,-17.426708221435547
A246Q:F278E,-20.2724552154541
A246Q:F278D,-19.220195770263672
A246Q:F278C,-15.262763023376465
A246Q:F256W,-10.69457721710205
A246Q:F256V,-11.628946304321289
A246Q:F256S,-13.163416862487793
A246Q:F256Q,-14.06645393371582
A246Q:F278A,-17.20372200012207
A246Q:E282P,-14.674275398254395
A246Q:E282N,-13.185302734375
A246Q:E282L,-14.592074394226074
A246Q:E282M,-14.076170921325684
A246Q:E282K,-12.685009956359863
A246Q:E282I,-14.843473434448242
A246Q:E282H,-13.221741676330566
A246Q:E282G,-13.260811805725098
A246Q:E282C,-12.817306518554688
A246Q:E282A,-11.596617698669434
A246R:T281F,-5.289285659790039
A246R:T281E,-5.175539493560791
A246R:T281C,-4.180909633636475
A246R:T281A,-4.047434329986572
A246R:T281G,-5.834491729736328
A246R:T270Y,-2.168041229248047
A246R:T270S,-1.2329885959625244
A246R:T270R,-0.9737248420715332
A246R:T270N,-2.289156675338745
A246R:T270M,-2.5899579524993896
A246R:T281H,-5.203696250915527
A246R:T281I,-5.26298189163208
A246R:T281K,-3.7747421264648438
A246R:V280G,-8.307001113891602
A246R:V280F,-4.020949363708496
A246R:V280E,-11.367749214172363
A246R:V280D,-11.421395301818848
A246R:V280C,-0.23920679092407227
A246R:V280A,-3.1743106842041016
A246R:T281Y,-4.908363342285156
A246R:T281W,-3.561291217803955
A246R:T281V,-4.312386512756348
A246R:T281S,-3.3875060081481934
A246R:T281R,-3.4873719215393066
A246R:T281Q,-4.760638236999512
A246R:T281M,-4.750796794891357
A246R:T270I,-4.296067237854004
A246R:T270H,-1.9083912372589111
A246R:Q258T,-5.091752052307129
A246R:Q258S,-3.8802709579467773
A246R:Q258R,1.4956974983215332
A246R:Q258P,-12.29992961883545
A246R:Q258N,-1.070638656616211
A246R:Q258M,-3.8269853591918945
A246R:Q258L,-3.4867844581604004
A246R:Q258K,-0.3464853763580322
A246R:Q258I,-6.874179363250732
A246R:Q258H,-1.3990328311920166
A246R:Q258E,-9.751364707946777
A246R:Q258C,-4.0937933921813965
A246R:Q258A,-4.5208821296691895
A246R:V280H,-10.948081016540527
A246R:T244V,-1.894364595413208
A246R:T244S,-2.8574681282043457
A246R:T244R,-1.8088414669036865
A246R:T244Q,-4.9870710372924805
A246R:T244P,-10.789580345153809
A246R:T244N,-4.579207420349121
A246R:T244M,-5.975218772888184
A246R:T244L,-5.876217842102051
A246R:T244K,-2.2134852409362793
A246R:T270F,-2.1107397079467773
A246R:T270D,-4.072264671325684
A246R:T244I,-3.9579992294311523
A246R:T244H,-3.4552807807922363
A246R:T244G,-5.352000713348389
A246R:T244F,-3.9444632530212402
A246R:T244D,-8.751662254333496
A246R:T244A,-2.446258068084717
A246R:V280I,-6.818511486053467
A246R:V280L,-6.653520584106445
A246R:W269F,-13.187520027160645
A246R:W269E,-16.75204849243164
A246R:W269D,-16.37403106689453
A246R:W269C,-15.458449363708496
A246R:W269A,-16.221023559570312
A246R:V280W,-6.013655662536621
A246R:V280T,-6.051933765411377
A246R:V280S,-5.980525970458984
A246R:V280R,-15.657153129577637
A246R:V280P,-13.834555625915527
A246R:V280N,-9.754691123962402
A246R:V280M,-5.646971225738525
A246R:W269H,-16.541942596435547
A246R:W269I,-16.50510025024414
A246R:W269K,-16.523624420166016
A246R:W269L,-16.413475036621094
A246R:W269Y,-13.155482292175293
A246R:W269T,-16.454345703125
A246R:W269S,-15.518599510192871
A246R:W269R,-15.621285438537598
A246R:W269Q,-16.502464294433594
A246R:W269P,-17.434364318847656
A246R:W269N,-16.57477569580078
A246R:W269M,-16.24358367919922
A246R:W269V,-16.770206451416016
A246S:A252H,-17.324417114257812
A246S:A252G,-4.173901081085205
A246S:A252E,-17.190074920654297
A246S:A252C,-7.852428436279297
A246S:A252L,-16.106483459472656
A246S:A252N,-15.443912506103516
A246S:A252Y,-17.26714324951172
A246S:A252W,-16.67217254638672
A246S:A252V,-11.436668395996094
A246S:A252R,-16.956497192382812
A246S:A252Q,-16.003061294555664
A246S:A252P,-12.244894027709961
A246S:A252M,-14.052154541015625
A246R:F256W,-6.298990249633789
A246R:F256V,-7.233359336853027
A246R:F256S,-8.767829895019531
A246R:F256Q,-9.670866966247559
A246R:F256N,-9.157753944396973
A246R:F256M,-4.263540744781494
A246R:F256K,-10.996170043945312
A246R:F256E,-14.734482765197754
A246R:F256D,-15.429949760437012
A246R:F278A,-12.808135032653809
A246R:F278D,-14.824607849121094
A246R:F278W,-10.80241870880127
A246R:F278V,-11.234386444091797
A246R:F278T,-13.022374153137207
A246R:F278S,-13.15270709991455
A246R:F278R,-16.174442291259766
A246R:F278Q,-14.873037338256836
A246R:F278P,-16.14474105834961
A246R:F278N,-14.000630378723145
A246R:F278L,-9.69237995147705
A246R:F278K,-15.725995063781738
A246R:F278I,-11.686319351196289
A246R:F278H,-13.031121253967285
A246R:F278E,-15.87686824798584
A246R:F278C,-10.867176055908203
A246R:F256A,-7.9785308837890625
A246R:E282Y,-9.594193458557129
A246R:E282A,-7.201030731201172
A246R:E282C,-8.421719551086426
A246R:E282W,-6.224094390869141
A246R:E282V,-8.46649169921875
A246R:E282T,-6.318999767303467
A246R:E282S,-6.6259846687316895
A246R:E282R,-7.097465515136719
A246R:E282Q,-6.103645324707031
A246R:E282P,-10.278688430786133
A246R:E282N,-8.789715766906738
A246R:E282L,-10.196487426757812
A246R:E282K,-8.289422988891602
A246R:E282I,-10.44788646697998
A246R:E282H,-8.826154708862305
A246R:E282G,-8.865224838256836
A246R:E282M,-9.680583953857422
A246R:A252Y,-13.037585258483887
A246R:A252W,-12.442614555358887
A246R:A252V,-7.207110404968262
A246R:A252R,-12.726940155029297
A246R:A252Q,-11.773503303527832
A246R:A252P,-8.015336036682129
A246R:A252N,-11.214354515075684
A246R:A252M,-9.822596549987793
A246R:A252L,-11.876925468444824
A246R:A252H,-13.09485912322998
A246R:A252G,0.055656373500823975
A246R:A252E,-12.960516929626465
A246R:A252C,-3.622870922088623
A246N:F278K,-21.93970489501953
A246N:F278I,-17.9000301361084
A246N:F278H,-19.244831085205078
A246N:F278E,-22.090579986572266
A246N:F278D,-21.038318634033203
A246N:F278C,-17.080886840820312
A246N:F278A,-19.021846771240234
A246N:F256W,-12.512701034545898
A246N:F256V,-13.447070121765137
A246N:F256S,-14.98154067993164
A246N:F256Q,-15.884577751159668
A246N:F278L,-15.90609073638916
A246N:F278P,-22.35845184326172
A246N:F278W,-17.016128540039062
A246N:F278V,-17.448097229003906
A246N:F278T,-19.236083984375
A246N:F278S,-19.366416931152344
A246N:F278R,-22.388153076171875
A246N:F278Q,-21.086748123168945
A246N:F278N,-20.214340209960938
A246N:F256N,-15.371464729309082
A246N:F256M,-10.477251052856445
A246N:E282I,-16.661598205566406
A246N:E282H,-15.039865493774414
A246N:E282G,-15.078935623168945
A246N:E282C,-14.635430335998535
A246N:E282A,-13.414741516113281
A246N:E282K,-14.503133773803711
A246N:E282L,-16.410198211669922
A246N:E282M,-15.894294738769531
A246N:E282N,-15.003426551818848
A246N:F256K,-17.209880828857422
A246N:F256E,-20.948192596435547
A246N:F256D,-21.643661499023438
A246N:F256A,-14.192241668701172
A246N:E282W,-12.43780517578125
A246N:E282V,-14.68020248413086
A246N:E282T,-12.532711029052734
A246N:E282S,-12.83969497680664
A246N:E282R,-13.311176300048828
A246N:E282Q,-12.31735610961914
A246N:E282P,-16.492399215698242
A246N:E282Y,-15.807904243469238
A246N:A252G,-6.158054351806641
A246N:A252E,-19.17422866821289
A246N:A252C,-9.83658218383789
A246N:A252H,-19.308570861816406
A246N:A252L,-18.09063720703125
A246N:A252Y,-19.251296997070312
A246N:A252W,-18.656326293945312
A246N:A252R,-18.940650939941406
A246N:A252Q,-17.987213134765625
A246N:A252P,-14.229046821594238
A246N:A252N,-17.42806625366211
A246N:A252M,-16.03630828857422
A246N:A252V,-13.420821189880371
A246M:Q258A,-12.07801628112793
A246M:Q258C,-11.650927543640137
A246M:Q258E,-17.30849838256836
A246M:T244A,-10.003392219543457
A246M:Q258T,-12.648885726928711
A246M:Q258S,-11.43740463256836
A246M:Q258R,-6.061436653137207
A246M:Q258P,-19.85706329345703
A246M:Q258N,-8.62777328491211
A246M:Q258M,-11.384119033813477
A246M:Q258L,-11.04391860961914
A246M:Q258K,-7.903619766235352
A246M:Q258I,-14.431313514709473
A246M:Q258H,-8.956167221069336
A246M:T244D,-16.308795928955078
A246M:T244F,-11.50159740447998
A246M:W269E,-24.309181213378906
A246M:W269D,-23.93116569519043
A246M:W269C,-23.015583038330078
A246M:W269A,-23.778156280517578
A246M:V280W,-13.570789337158203
A246M:V280T,-13.609067916870117
A246M:V280S,-13.537660598754883
A246M:V280R,-23.21428680419922
A246M:V280P,-21.39168930053711
A246M:V280N,-17.311824798583984
A246M:V280M,-13.204105377197266
A246M:V280L,-14.210655212402344
A246M:W269F,-20.744653701782227
A246M:V280I,-14.375645637512207
A246M:W269I,-24.06223487854004
A246M:W269Y,-20.712615966796875
A246M:W269V,-24.327341079711914
A246M:W269T,-24.011478424072266
A246M:W269S,-23.075733184814453
A246M:W269R,-23.17841911315918
A246M:W269Q,-24.059598922729492
A246M:W269P,-24.991497039794922
A246M:W269N,-24.131908416748047
A246M:W269M,-23.800716400146484
A246M:W269L,-23.970609664916992
A246M:W269K,-24.080759048461914
A246M:W269H,-24.099075317382812
A246M:V280H,-18.50521469116211
A246M:V280G,-15.8641357421875
A246M:V280F,-11.578083038330078
A246M:V280E,-18.924882888793945
A246M:V280D,-18.97852897644043
A246M:V280C,-7.7963409423828125
A246M:V280A,-10.7314453125
A246M:T270Y,-9.725175857543945
A246M:T270S,-8.790122985839844
A246M:T270R,-8.530858993530273
A246M:T270N,-9.846290588378906
A246M:T270M,-10.14709186553955
A246M:T270I,-11.853200912475586
A246M:T270H,-9.46552562713623
A246M:T270F,-9.66787338256836
A246M:T270D,-11.629398345947266
A246M:T244V,-9.451498985290527
A246M:T244S,-10.414602279663086
A246M:T244R,-9.365975379943848
A246M:T244Q,-12.544204711914062
A246M:T244P,-18.34671401977539
A246M:T244N,-12.136341094970703
A246M:T244M,-13.532352447509766
A246M:T244L,-13.433351516723633
A246M:T244K,-9.77061939239502
A246M:T244I,-11.515132904052734
A246M:T244H,-11.012414932250977
A246M:T244G,-12.909134864807129
A246M:T281Y,-12.465497970581055
A246M:T281W,-11.118425369262695
A246M:T281V,-11.86952018737793
A246M:T281S,-10.944640159606934
A246M:T281R,-11.044506072998047
A246M:T281Q,-12.317771911621094
A246M:T281M,-12.307930946350098
A246M:T281K,-11.331876754760742
A246M:T281I,-12.82011604309082
A246M:T281H,-12.76082992553711
A246M:T281G,-13.391626358032227
A246M:T281F,-12.846420288085938
A246M:T281E,-12.732673645019531
A246M:T281C,-11.738043785095215
A246M:T281A,-11.604568481445312
A246P:E282W,-15.789595603942871
A246P:E282V,-18.031993865966797
A246P:E282T,-15.884500503540039
A246P:E282S,-16.191486358642578
A246P:E282R,-16.662967681884766
A246P:E282Q,-15.669146537780762
A246P:E282P,-19.844188690185547
A246P:E282N,-18.35521697998047
A246P:E282M,-19.24608612060547
A246P:E282L,-19.76198959350586
A246P:E282K,-17.854923248291016
A246P:E282I,-20.01338768005371
A246P:E282H,-18.39165496826172
A246P:E282G,-18.43072509765625
A246P:E282Y,-19.15969467163086
A246P:F256A,-17.54403305053711
A246P:F256D,-24.995450973510742
A246P:F256W,-15.86449146270752
A246P:F256V,-16.798860549926758
A246P:F256S,-18.333332061767578
A246P:F256Q,-19.23636817932129
A246P:F256N,-18.723255157470703
A246P:F256M,-13.829042434692383
A246P:F256K,-20.56167221069336
A246P:F256E,-24.299983978271484
A246P:E282C,-17.987220764160156
A246P:E282A,-16.76653289794922
A246P:F278A,-22.37363624572754
A246P:F278D,-24.39011001586914
A246P:F278W,-20.367919921875
A246P:F278V,-20.799888610839844
A246P:F278T,-22.587875366210938
A246P:F278S,-22.71820831298828
A246P:F278R,-25.73994255065918
A246P:F278Q,-24.43853759765625
A246P:F278P,-25.710241317749023
A246P:F278N,-23.566131591796875
A246P:F278L,-19.25788116455078
A246P:F278K,-25.29149627685547
A246P:F278I,-21.251819610595703
A246P:F278H,-22.596622467041016
A246P:F278E,-25.44236946105957
A246P:F278C,-20.43267822265625
A246P:T244D,-18.317163467407227
A246P:T244A,-12.011758804321289
A246P:T244F,-13.509963989257812
A246P:T244H,-13.020782470703125
A246P:T244V,-11.45986557006836
A246P:T244S,-12.422969818115234
A246P:T244R,-11.374342918395996
A246P:T244Q,-14.552572250366211
A246P:T244P,-20.35508155822754
A246P:T244N,-14.144708633422852
A246P:T244M,-15.540719985961914
A246P:T244L,-15.441719055175781
A246P:T244K,-11.778985977172852
A246P:T244I,-13.523500442504883
A246P:T244G,-14.917501449584961
A246P:T270D,-13.637765884399414
A246P:T270F,-11.676240921020508
A246P:T270H,-11.473892211914062
A246P:T270Y,-11.733542442321777
A246P:T270S,-10.798489570617676
A246P:T270N,-11.854658126831055
A246P:T270M,-12.1554594039917
A246P:T270I,-13.861568450927734
A246P:T270R,-10.539226531982422
A246P:Q258C,-13.659294128417969
A246P:Q258A,-14.086383819580078
A246P:Q258E,-19.316865921020508
A246P:Q258H,-10.964533805847168
A246P:Q258T,-14.65725326538086
A246P:Q258S,-13.445772171020508
A246P:Q258R,-8.069804191589355
A246P:Q258P,-21.86543083190918
A246P:Q258N,-10.636139869689941
A246P:Q258M,-13.392486572265625
A246P:Q258L,-13.052286148071289
A246P:Q258K,-9.911986351013184
A246P:Q258I,-16.439680099487305
A246N:T281M,-10.964508056640625
A246N:T281K,-9.988452911376953
A246N:T281I,-11.476692199707031
A246N:T281H,-11.417407035827637
A246N:T281G,-12.048202514648438
A246N:T281F,-11.502996444702148
A246N:T281E,-11.389249801635742
A246N:T281C,-10.394620895385742
A246N:T281A,-10.261144638061523
A246N:T281Q,-10.974349021911621
A246N:T270Y,-8.381752014160156
A246N:T281R,-9.701082229614258
A246N:T281S,-9.601217269897461
A246N:T281V,-10.526097297668457
A246N:V280P,-20.048267364501953
A246N:V280N,-15.968401908874512
A246N:V280M,-11.860681533813477
A246N:V280L,-12.867231369018555
A246N:V280I,-13.032222747802734
A246N:V280H,-17.161792755126953
A246N:V280G,-14.520711898803711
A246N:V280F,-10.234660148620605
A246N:V280E,-17.581459045410156
A246N:V280D,-17.63510513305664
A246N:V280C,-6.452917575836182
A246N:V280A,-9.388021469116211
A246N:T281Y,-11.122074127197266
A246N:T281W,-9.775001525878906
A246N:T270S,-7.446699142456055
A246N:T270R,-7.187435626983643
A246N:Q258T,-11.305462837219238
A246N:Q258S,-10.093981742858887
A246N:Q258R,-4.718013286590576
A246N:Q258P,-18.513641357421875
A246N:Q258N,-7.28434944152832
A246N:Q258M,-10.040696144104004
A246N:Q258L,-9.700494766235352
A246N:Q258K,-6.5601959228515625
A246N:Q258I,-13.087890625
A246N:Q258H,-7.612743377685547
A246N:Q258C,-10.307504653930664
A246N:Q258A,-10.73459243774414
A246N:Q258E,-15.965075492858887
A246N:V280R,-21.870864868164062
A246N:T244V,-8.108075141906738
A246N:T270N,-8.502867698669434
A246N:T270M,-8.803668975830078
A246N:T270I,-10.509778022766113
A246N:T270H,-8.122101783752441
A246N:T270F,-8.324450492858887
A246N:T270D,-10.285975456237793
A246N:T244S,-9.071178436279297
A246N:T244R,-8.022552490234375
A246N:T244Q,-11.20078182220459
A246N:T244P,-17.003292083740234
A246N:T244N,-10.79291820526123
A246N:T244M,-12.188929557800293
A246N:T244L,-12.08992862701416
A246N:T244K,-8.427196502685547
A246N:T244I,-10.171710014343262
A246N:T244H,-9.668991088867188
A246N:T244G,-11.565711975097656
A246N:T244D,-14.965373039245605
A246N:T244A,-8.659969329833984
A246N:T244F,-10.158174514770508
A246N:V280S,-12.194236755371094
A246N:V280T,-12.265644073486328
A246N:V280W,-12.22736644744873
A246N:W269Q,-22.716175079345703
A246N:W269P,-23.648075103759766
A246N:W269N,-22.78848648071289
A246N:W269M,-22.457294464111328
A246N:W269L,-22.627185821533203
A246N:W269K,-22.737335205078125
A246N:W269I,-22.71881103515625
A246N:W269H,-22.755653381347656
A246N:W269F,-19.401229858398438
A246N:W269E,-22.96575927734375
A246N:W269D,-22.58774185180664
A246N:W269C,-21.672161102294922
A246N:W269A,-22.434734344482422
A246N:W269R,-21.83499526977539
A246N:W269S,-21.732311248779297
A246N:W269T,-22.66805648803711
A246N:W269V,-22.983917236328125
A246N:W269Y,-19.36919403076172
A246P:A252R,-22.292442321777344
A246P:A252Q,-21.339004516601562
A246P:A252P,-17.58083724975586
A246P:A252N,-20.779855728149414
A246P:A252M,-19.388097763061523
A246P:A252L,-21.442426681518555
A246P:A252H,-22.66036033630371
A246P:A252G,-9.509844779968262
A246P:A252E,-22.526018142700195
A246P:A252C,-13.188371658325195
A246P:A252V,-16.772611618041992
A246P:A252Y,-22.603086471557617
A246P:A252W,-22.008115768432617
A246W:E282A,-16.812257766723633
A246W:E282C,-18.032947540283203
A246W:E282G,-18.476451873779297
A246W:F256A,-17.589757919311523
A246W:E282Y,-19.205421447753906
A246W:E282W,-15.835321426391602
A246W:E282V,-18.07771873474121
A246W:E282T,-15.930227279663086
A246W:E282S,-16.237211227416992
A246W:E282R,-16.70869255065918
A246W:E282Q,-15.714872360229492
A246W:E282P,-19.889915466308594
A246W:E282N,-18.400943756103516
A246W:E282M,-19.291810989379883
A246W:E282L,-19.807714462280273
A246W:E282K,-17.900650024414062
A246W:E282I,-20.059112548828125
A246W:E282H,-18.437381744384766
A246W:F256D,-25.041175842285156
A246W:F278A,-22.419361114501953
A246W:F256W,-15.91021728515625
A246W:F256V,-16.844585418701172
A246W:F256S,-18.379056930541992
A246W:F256Q,-19.282093048095703
A246W:F256N,-18.76898193359375
A246W:F256M,-13.874767303466797
A246W:F256K,-20.607397079467773
A246W:F278C,-20.478403091430664
A246W:F278D,-24.435834884643555
A246W:F278E,-25.488094329833984
A246W:F278W,-20.413646697998047
A246W:F278V,-20.845613479614258
A246W:F278T,-22.633602142333984
A246W:F278S,-22.763935089111328
A246W:F256E,-24.34571075439453
A246W:F278R,-25.785667419433594
A246W:F278P,-25.755966186523438
A246W:F278N,-23.611858367919922
A246W:F278L,-19.303607940673828
A246W:F278K,-25.337223052978516
A246W:F278I,-21.29754638671875
A246W:F278H,-22.642349243164062
A246W:F278Q,-24.484264373779297
A246W:T244G,-14.963228225708008
A246W:T244F,-13.55569076538086
A246W:T244D,-18.36288833618164
A246W:T244A,-12.057485580444336
A246W:T244H,-13.066507339477539
A246W:Q258T,-14.70297908782959
A246W:Q258S,-13.491497993469238
A246W:Q258R,-8.115530014038086
A246W:Q258P,-21.911155700683594
A246W:Q258N,-10.681865692138672
A246W:Q258M,-13.438212394714355
A246W:T244I,-13.569226264953613
A246W:T244K,-11.824712753295898
A246W:T244L,-15.487444877624512
A246W:T270Y,-11.779268264770508
A246W:T270S,-10.844215393066406
A246W:T270R,-10.584951400756836
A246W:T270N,-11.900383949279785
A246W:T270M,-12.20118522644043
A246W:T270I,-13.907294273376465
A246W:T244V,-11.50559139251709
A246W:T244S,-12.468694686889648
A246W:T244R,-11.420068740844727
A246W:T244Q,-14.598298072814941
A246W:T244P,-20.400806427001953
A246W:T244N,-14.190434455871582
A246W:T244M,-15.586445808410645
A246W:T270H,-11.519618034362793
A246W:T270F,-11.721966743469238
A246W:T270D,-13.683491706848145
A246W:Q258L,-13.098011016845703
A246W:Q258K,-9.957712173461914
A246W:Q258I,-16.48540687561035
A246W:Q258H,-11.010259628295898
A246W:Q258E,-19.362590789794922
A246W:Q258C,-13.705020904541016
A246W:Q258A,-14.132108688354492
A246W:A252W,-22.05384063720703
A246W:A252Y,-22.64881134033203
A246W:A252V,-16.818336486816406
A246W:A252R,-22.338167190551758
A246W:A252Q,-21.38473129272461
A246W:A252P,-17.626564025878906
A246W:A252N,-20.825580596923828
A246W:A252M,-19.433822631835938
A246W:A252L,-21.48815155029297
A246W:A252H,-22.706085205078125
A246W:A252G,-9.555570602416992
A246W:A252E,-22.57174301147461
A246W:A252C,-13.234098434448242
A246Y:Q258T,-14.665682792663574
A246Y:Q258S,-13.454201698303223
A246Y:Q258R,-8.07823371887207
A246Y:Q258P,-21.873859405517578
A246Y:Q258N,-10.644569396972656
A246Y:Q258M,-13.40091609954834
A246Y:Q258L,-13.060714721679688
A246Y:Q258K,-9.920415878295898
A246Y:Q258H,-10.972963333129883
A246Y:Q258E,-19.325294494628906
A246Y:Q258C,-13.667724609375
A246Y:Q258A,-14.094812393188477
A246Y:Q258I,-16.448110580444336
A246Y:V280A,-12.748241424560547
A246Y:V280D,-20.99532699584961
A246Y:V280W,-15.587586402893066
A246Y:V280T,-15.625864028930664
A246Y:V280S,-15.55445671081543
A246Y:V280R,-25.231082916259766
A246Y:V280P,-23.408485412597656
A246Y:V280N,-19.32862091064453
A246Y:V280M,-15.220901489257812
A246Y:V280L,-16.22745132446289
A246Y:V280I,-16.39244270324707
A246Y:V280H,-20.522010803222656
A246Y:V280G,-17.880931854248047
A246Y:V280F,-13.594880104064941
A246Y:V280E,-20.941680908203125
A246Y:V280C,-9.81313705444336
A246Y:W269A,-25.794952392578125
A246Y:W269C,-25.032379150390625
A246Y:W269D,-25.94796371459961
A246Y:W269V,-26.344139099121094
A246Y:W269T,-26.028274536132812
A246Y:W269S,-25.092529296875
A246Y:W269R,-25.19521713256836
A246Y:W269Q,-26.076396942138672
A246Y:W269P,-27.00829315185547
A246Y:W269N,-26.148704528808594
A246Y:W269M,-25.81751251220703
A246Y:W269L,-25.987407684326172
A246Y:W269K,-26.097557067871094
A246Y:W269I,-26.07903289794922
A246Y:W269H,-26.11587142944336
A246Y:W269F,-22.761451721191406
A246Y:W269E,-26.325977325439453
A246Y:W269Y,-22.729412078857422
A246Y:T281Y,-14.482294082641602
A246Y:T270S,-10.80691909790039
A246Y:T270R,-10.54765510559082
A246Y:T270N,-11.86308765411377
A246Y:T270M,-12.163888931274414
A246Y:T270I,-13.86999797821045
A246Y:T270H,-11.482321739196777
A246Y:T270F,-11.684670448303223
A246Y:T270D,-13.646195411682129
A246Y:T244A,-12.02018928527832
A246Y:T244V,-11.468295097351074
A246Y:T244S,-12.431398391723633
A246Y:T244R,-11.382772445678711
A246Y:T244Q,-14.561001777648926
A246Y:T244P,-20.363510131835938
A246Y:T244N,-14.153138160705566
A246Y:T244M,-15.549149513244629
A246Y:T244L,-15.450148582458496
A246Y:T244I,-13.531929969787598
A246Y:T244H,-13.029211044311523
A246Y:T244G,-14.925931930541992
A246Y:T244F,-13.518394470214844
A246Y:T244D,-18.325592041015625
A246Y:T244K,-11.787416458129883
A246Y:T270Y,-11.741971969604492
A246Y:T281A,-13.62136459350586
A246Y:T281W,-13.135221481323242
A246Y:T281V,-13.886317253112793
A246Y:T281S,-12.961437225341797
A246Y:T281R,-13.061302185058594
A246Y:T281Q,-14.334568977355957
A246Y:T281M,-14.324728012084961
A246Y:T281K,-13.348672866821289
A246Y:T281I,-14.836912155151367
A246Y:T281H,-14.777626991271973
A246Y:T281G,-15.408422470092773
A246Y:T281F,-14.863216400146484
A246Y:T281E,-14.749469757080078
A246Y:T281C,-13.754840850830078
A246Y:A252H,-22.66878890991211
A246Y:A252G,-9.518274307250977
A246Y:A252E,-22.534446716308594
A246Y:A252C,-13.196802139282227
A246Y:A252L,-21.450855255126953
A246Y:A252M,-19.396526336669922
A246Y:A252N,-20.788284301757812
A246Y:A252P,-17.58926773071289
A246Y:A252Y,-22.611515045166016
A246Y:A252W,-22.016544342041016
A246Y:A252V,-16.78104019165039
A246Y:A252R,-22.300870895385742
A246Y:A252Q,-21.347434997558594
A246W:T281Y,-14.519590377807617
A246W:T281W,-13.172517776489258
A246W:T281V,-13.923613548278809
A246W:T281S,-12.998733520507812
A246W:T281R,-13.09859848022461
A246W:T281Q,-14.371865272521973
A246W:T281M,-14.362024307250977
A246W:T281K,-13.385969161987305
A246W:T281I,-14.874208450317383
A246W:T281H,-14.814923286437988
A246W:T281G,-15.445718765258789
A246W:T281F,-14.9005126953125
A246W:T281E,-14.786766052246094
A246W:T281C,-13.792137145996094
A246W:T281A,-13.658660888671875
A246W:W269K,-26.13485336303711
A246W:W269I,-26.116329193115234
A246W:W269H,-26.153167724609375
A246W:W269F,-22.798748016357422
A246W:W269E,-26.36327362060547
A246W:W269D,-25.985260009765625
A246W:W269C,-25.06967544555664
A246W:W269A,-25.83224868774414
A246W:V280W,-15.624882698059082
A246W:V280T,-15.66316032409668
A246W:V280S,-15.591753005981445
A246W:V280R,-25.26837921142578
A246W:W269L,-26.024703979492188
A246W:V280P,-23.445781707763672
A246W:W269M,-25.854808807373047
A246W:W269P,-27.045589447021484
A246W:W269Y,-22.766708374023438
A246W:W269V,-26.38143539428711
A246W:W269T,-26.065570831298828
A246W:W269S,-25.129825592041016
A246W:W269R,-25.232513427734375
A246W:W269Q,-26.113693237304688
A246W:W269N,-26.18600082397461
A246W:V280N,-19.365917205810547
A246W:V280M,-15.258197784423828
A246W:V280L,-16.264747619628906
A246W:V280I,-16.429738998413086
A246W:V280H,-20.559307098388672
A246W:V280G,-17.918228149414062
A246W:V280F,-13.632176399230957
A246W:V280E,-20.97897720336914
A246W:V280D,-21.032623291015625
A246W:V280C,-9.850433349609375
A246W:V280A,-12.785537719726562
A246Y:F278P,-25.718669891357422
A246Y:F278N,-23.574562072753906
A246Y:F278L,-19.266311645507812
A246Y:F278K,-25.2999267578125
A246Y:F278I,-21.260250091552734
A246Y:F278H,-22.605052947998047
A246Y:F278E,-25.45079803466797
A246Y:F278D,-24.39853858947754
A246Y:F278C,-20.44110679626465
A246Y:F278A,-22.382064819335938
A246Y:F256W,-15.872920989990234
A246Y:F256V,-16.807289123535156
A246Y:F278Q,-24.44696807861328
A246Y:F278R,-25.748371124267578
A246Y:F278T,-22.59630584716797
A246Y:F278W,-20.37635040283203
A246Y:F278V,-20.808317184448242
A246Y:F278S,-22.726638793945312
A246Y:F256S,-18.341760635375977
A246Y:F256Q,-19.244796752929688
A246Y:E282N,-18.3636474609375
A246Y:E282M,-19.254514694213867
A246Y:E282L,-19.770418167114258
A246Y:E282K,-17.863353729248047
A246Y:E282I,-20.02181625366211
A246Y:E282H,-18.40008544921875
A246Y:E282G,-18.43915557861328
A246Y:E282C,-17.995651245117188
A246Y:E282A,-16.774961471557617
A246Y:E282P,-19.852619171142578
A246Y:E282Q,-15.677576065063477
A246Y:E282R,-16.671396255493164
A246Y:E282S,-16.199914932250977
A246Y:F256N,-18.731685638427734
A246Y:F256M,-13.837471008300781
A246Y:F256K,-20.570100784301758
A246Y:F256D,-25.00387954711914
A246Y:F256A,-17.552461624145508
A246Y:E282Y,-19.16812515258789
A246Y:E282W,-15.798025131225586
A246Y:E282V,-18.040422439575195
A246Y:E282T,-15.89293098449707
A246Y:F256E,-24.308414459228516
A246T:A252C,-7.517707347869873
A246T:A252R,-16.621776580810547
A246T:A252Q,-15.668339729309082
A246T:A252P,-11.910172462463379
A246T:A252N,-15.109190940856934
A246T:A252M,-13.717432975769043
A246T:A252L,-15.771761894226074
A246T:A252H,-16.989696502685547
A246T:A252G,-3.8391799926757812
A246T:A252E,-16.85535430908203
A246T:A252V,-11.101946830749512
A246T:A252W,-16.337451934814453
A246T:A252Y,-16.932422637939453
A246S:T281Y,-9.137920379638672
A246S:T281W,-7.790848731994629
A246S:T281V,-8.54194450378418
A246S:T281S,-7.617063522338867
A246S:T281R,-7.7169294357299805
A246S:T281Q,-8.990196228027344
A246S:T281M,-8.980354309082031
A246S:T281K,-8.00429916381836
A246S:T281H,-9.43325424194336
A246S:T281G,-10.064048767089844
A246S:T281F,-9.518842697143555
A246S:T281E,-9.405097007751465
A246S:T281C,-8.410467147827148
A246S:T281A,-8.276991844177246
A246S:T281I,-9.492539405822754
A246S:W269T,-20.683902740478516
A246S:W269S,-19.748157501220703
A246S:W269R,-19.85084342956543
A246S:W269Q,-20.732023239135742
A246S:W269P,-21.663921356201172
A246S:W269N,-20.804332733154297
A246S:W269M,-20.473140716552734
A246S:W269L,-20.643033981323242
A246S:W269K,-20.753183364868164
A246S:W269I,-20.73465919494629
A246S:W269H,-20.771499633789062
A246S:W269F,-17.417078018188477
A246S:W269E,-20.981605529785156
A246S:W269D,-20.60359001159668
A246S:W269V,-20.999765396118164
A246S:W269C,-19.688007354736328
A246S:W269Y,-17.385040283203125
A246S:W269A,-20.450580596923828
A246S:V280W,-10.243213653564453
A246S:V280A,-7.403868198394775
A246S:V280T,-10.28149127960205
A246S:V280S,-10.2100830078125
A246S:V280R,-19.88671112060547
A246S:V280P,-18.06411361694336
A246S:V280N,-13.984249114990234
A246S:V280M,-9.8765287399292
A246S:V280L,-10.883077621459961
A246S:V280I,-11.04806900024414
A246S:V280H,-15.17763900756836
A246S:V280G,-12.536558151245117
A246S:V280F,-8.250507354736328
A246S:V280E,-15.597307205200195
A246S:V280D,-15.65095329284668
A246S:V280C,-4.468764305114746
A246T:F278W,-14.69725513458252
A246T:F278V,-15.129222869873047
A246T:F278T,-16.91720962524414
A246T:F278S,-17.047542572021484
A246T:F278R,-20.069278717041016
A246T:F278Q,-18.767873764038086
A246T:F278P,-20.03957748413086
A246T:F278N,-17.895465850830078
A246T:F278L,-13.5872163772583
A246T:F278K,-19.620830535888672
A246T:F278I,-15.581155776977539
A246T:F278H,-16.92595672607422
A246T:F278E,-19.771705627441406
A246T:F278D,-18.719444274902344
A246T:F278A,-16.702972412109375
A246T:E282Y,-13.489029884338379
A246T:E282W,-10.11893081665039
A246T:E282V,-12.361328125
A246T:E282T,-10.213836669921875
A246T:E282S,-10.520820617675781
A246T:E282R,-10.992301940917969
A246T:E282Q,-9.998481750488281
A246T:E282P,-14.173524856567383
A246T:E282N,-12.684552192687988
A246T:E282M,-13.575420379638672
A246T:E282L,-14.091323852539062
A246T:E282K,-12.184259414672852
A246T:E282I,-14.34272289276123
A246T:E282H,-12.720991134643555
A246T:E282G,-12.760061264038086
A246T:F256A,-11.873367309570312
A246T:F278C,-14.762012481689453
A246T:F256E,-18.629318237304688
A246T:F256W,-10.193826675415039
A246T:F256V,-11.128195762634277
A246T:F256S,-12.662666320800781
A246T:F256Q,-13.565703392028809
A246T:F256N,-13.052590370178223
A246T:F256M,-8.158376693725586
A246T:F256K,-14.891006469726562
A246T:F256D,-19.324787139892578
A246T:E282C,-12.316555976867676
A246T:E282A,-11.095867156982422
A246S:E282L,-14.426044464111328
A246S:E282K,-12.518980026245117
A246S:E282I,-14.677444458007812
A246S:E282H,-13.05571174621582
A246S:E282G,-13.094781875610352
A246S:E282C,-12.651277542114258
A246S:E282A,-11.430587768554688
A246S:E282M,-13.910140991210938
A246S:E282N,-13.01927375793457
A246S:E282Q,-10.333202362060547
A246S:F256K,-15.225727081298828
A246S:F256E,-18.964040756225586
A246S:F256D,-19.659507751464844
A246S:F256A,-12.208087921142578
A246S:E282Y,-13.823751449584961
A246S:E282W,-10.453651428222656
A246S:E282V,-12.696048736572266
A246S:E282T,-10.54855728149414
A246S:E282S,-10.855542182922363
A246S:E282R,-11.327022552490234
A246S:E282P,-14.508245468139648
A246S:F256M,-8.493098258972168
A246S:F256N,-13.387311935424805
A246S:F256Q,-13.90042495727539
A246S:F278L,-13.921937942504883
A246S:F278K,-19.95555305480957
A246S:F278I,-15.915876388549805
A246S:F278H,-17.260679244995117
A246S:F278E,-20.106426239013672
A246S:F278D,-19.05416488647461
A246S:F278C,-15.096733093261719
A246S:F278A,-17.03769302368164
A246S:F256W,-10.528547286987305
A246S:F256V,-11.46291732788086
A246S:F256S,-12.997386932373047
A246S:F278N,-18.230188369750977
A246S:F278P,-20.374298095703125
A246S:F278Q,-19.10259437561035
A246S:F278W,-15.031976699829102
A246S:F278V,-15.463943481445312
A246S:F278T,-17.25193214416504
A246S:F278S,-17.382265090942383
A246S:F278R,-20.40399932861328
A246S:T244Q,-9.216629028320312
A246S:T244P,-15.01913833618164
A246S:T244N,-8.808765411376953
A246S:T244M,-10.204776763916016
A246S:T244L,-10.105775833129883
A246S:T244K,-6.443042755126953
A246S:T244I,-8.187557220458984
A246S:T244H,-7.68483829498291
A246S:T244G,-9.581558227539062
A246S:T244F,-8.174020767211914
A246S:T244D,-12.981220245361328
A246S:T244A,-6.675815582275391
A246S:T244R,-6.038398742675781
A246S:T244S,-7.0870256423950195
A246S:T270Y,-6.397598743438721
A246S:T270S,-5.462546348571777
A246S:T270R,-5.203282356262207
A246S:T270N,-6.51871395111084
A246S:T270M,-6.819515228271484
A246S:T244V,-6.123922348022461
A246S:T270I,-8.525625228881836
A246S:T270F,-6.340297222137451
A246S:T270D,-8.301822662353516
A246S:T270H,-6.137948989868164
A246S:Q258T,-9.321310043334961
A246S:Q258R,-2.7338600158691406
A246S:Q258S,-8.10982894897461
A246S:Q258P,-16.52948760986328
A246S:Q258N,-5.300196170806885
A246S:Q258M,-8.056543350219727
A246S:Q258L,-7.716341972351074
A246S:Q258K,-4.576043128967285
A246S:Q258I,-11.103736877441406
A246S:Q258H,-5.6285905838012695
A246S:Q258E,-13.98092269897461
A246S:Q258C,-8.32335090637207
A246S:Q258A,-8.750439643859863
A246T:Q258C,-7.9886298179626465
A246T:Q258A,-8.415718078613281
A246T:Q258E,-13.646201133728027
A246T:Q258H,-5.2938690185546875
A246T:Q258T,-8.986588478088379
A246T:Q258R,-2.399138927459717
A246T:Q258P,-16.194766998291016
A246T:Q258N,-4.965475082397461
A246T:Q258M,-7.7218217849731445
A246T:Q258L,-7.38162088394165
A246T:Q258K,-4.241321563720703
A246T:Q258I,-10.76901626586914
A246T:Q258S,-7.775107383728027
A246T:V280H,-14.842917442321777
A246T:V280G,-12.201837539672852
A246T:V280F,-7.915785789489746
A246T:V280E,-15.262585639953613
A246T:V280D,-15.316231727600098
A246T:V280C,-4.134043216705322
A246T:V280A,-7.069147109985352
A246T:V280I,-10.713348388671875
A246T:V280M,-9.541807174682617
A246T:W269H,-20.436779022216797
A246T:W269F,-17.082355499267578
A246T:W269E,-20.64688491821289
A246T:W269D,-20.26886749267578
A246T:W269C,-19.353286743164062
A246T:W269A,-20.115859985351562
A246T:V280W,-9.908492088317871
A246T:V280T,-9.946769714355469
A246T:V280S,-9.875362396240234
A246T:V280R,-19.551990509033203
A246T:V280P,-17.729393005371094
A246T:V280N,-13.649527549743652
A246T:V280L,-10.548357009887695
A246T:W269I,-20.39993667602539
A246T:W269K,-20.418460845947266
A246T:W269M,-20.13842010498047
A246T:W269Y,-17.05031967163086
A246T:W269V,-20.665042877197266
A246T:W269T,-20.34918212890625
A246T:W269S,-19.413436889648438
A246T:W269R,-19.51612091064453
A246T:W269Q,-20.397300720214844
A246T:W269P,-21.329200744628906
A246T:W269N,-20.46961212158203
A246T:W269L,-20.308311462402344
A246T:T270F,-6.005576133728027
A246T:T270D,-7.967101097106934
A246T:T270H,-5.803227424621582
A246T:T270Y,-6.062877655029297
A246T:T270S,-5.127824783325195
A246T:T270R,-4.868561267852783
A246T:T270N,-6.183993339538574
A246T:T270M,-6.484794616699219
A246T:T270I,-8.190903663635254
A246T:T244D,-12.646498680114746
A246T:T244A,-6.341094493865967
A246T:T244F,-7.83929967880249
A246T:T244G,-9.246837615966797
A246T:T244H,-7.350117206573486
A246T:T244I,-7.852835655212402
A246T:T244V,-5.789200782775879
A246T:T244R,-5.703678131103516
A246T:T244Q,-8.88190746307373
A246T:T244P,-14.684416770935059
A246T:T244N,-8.474043846130371
A246T:T244M,-9.870055198669434
A246T:T244L,-9.7710542678833
A246T:T244K,-6.108321666717529
A246T:T244S,-6.752304553985596
A246T:T281G,-9.729328155517578
A246T:T281F,-9.184122085571289
A246T:T281E,-9.070375442504883
A246T:T281C,-8.075746536254883
A246T:T281A,-7.942270755767822
A246T:T281H,-9.098532676696777
A246T:T281I,-9.157817840576172
A246T:T281Y,-8.803199768066406
A246T:T281W,-7.456127643585205
A246T:T281V,-8.207222938537598
A246T:T281S,-7.282342433929443
A246T:T281R,-7.382208347320557
A246T:T281Q,-8.655474662780762
A246T:T281M,-8.645633697509766
A246T:T281K,-7.669578552246094
A246F:A252W,-22.70532989501953
A246F:A252Y,-23.30030059814453
A246F:A252V,-17.469825744628906
A246F:A252R,-22.989656448364258
A246F:A252Q,-22.03622055053711
A246F:A252P,-18.278053283691406
A246F:A252N,-21.477069854736328
A246F:A252M,-20.085311889648438
A246F:A252L,-22.13964080810547
A246F:A252H,-23.357574462890625
A246F:A252G,-10.207059860229492
A246F:A252E,-23.22323226928711
A246F:A252C,-13.885587692260742
A246F:F256S,-19.030546188354492
A246F:F256Q,-19.933582305908203
A246F:F256N,-19.42047119140625
A246F:F256M,-14.526256561279297
A246F:F256K,-21.258886337280273
A246F:F256E,-24.99720001220703
A246F:F256D,-25.692665100097656
A246F:F256V,-17.496074676513672
A246F:F256A,-18.241247177124023
A246F:F256W,-16.56170654296875
A246F:F278A,-23.070850372314453
A246F:F278T,-23.285091400146484
A246F:F278S,-23.415424346923828
A246F:F278R,-26.437156677246094
A246F:F278Q,-25.135753631591797
A246F:F278P,-26.407455444335938
A246F:F278N,-24.263347625732422
A246F:F278L,-19.955097198486328
A246F:F278K,-25.988712310791016
A246F:F278I,-21.94903564453125
A246F:F278H,-23.293838500976562
A246F:F278E,-26.139583587646484
A246F:F278D,-25.087324142456055
A246F:F278C,-21.129892349243164
A246F:F278V,-21.497102737426758
A246F:E282Y,-19.856910705566406
A246F:E282V,-18.72920799255371
A246F:E282W,-16.4868106842041
A246F:E282A,-17.463747024536133
A246F:E282T,-16.581716537475586
A246F:E282S,-16.888700485229492
A246F:E282R,-17.36018180847168
A246F:E282Q,-16.366361618041992
A246F:E282P,-20.541404724121094
A246F:E282N,-19.052433013916016
A246F:E282M,-19.943300247192383
A246F:E282L,-20.459203720092773
A246F:E282K,-18.552139282226562
A246F:E282I,-20.710601806640625
A246F:E282H,-19.088871002197266
A246F:E282G,-19.127941131591797
A246F:E282C,-18.684436798095703
A246F:F278W,-21.065135955810547
A246E:Q258A,-13.549200057983398
A246E:Q258C,-13.122111320495605
A246E:Q258E,-18.779682159423828
A246E:T281Y,-13.936681747436523
A246E:T281W,-12.589609146118164
A246E:T281V,-13.340703964233398
A246E:T281S,-12.415823936462402
A246E:T281R,-12.515689849853516
A246E:T281Q,-13.788955688476562
A246E:T281M,-13.779114723205566
A246E:T281K,-12.803060531616211
A246E:T281I,-14.291299819946289
A246E:T281H,-14.232013702392578
A246E:T281G,-14.862810134887695
A246E:T281F,-14.317604064941406
A246E:T281E,-14.203857421875
A246E:T281C,-13.209227561950684
A246E:T281A,-13.075752258300781
A246E:V280W,-15.041973114013672
A246E:V280T,-15.080251693725586
A246E:V280S,-15.008844375610352
A246E:V280R,-24.685470581054688
A246E:V280P,-22.862873077392578
A246E:V280N,-18.783008575439453
A246E:V280M,-14.675289154052734
A246E:V280L,-15.681838989257812
A246E:V280I,-15.846829414367676
A246E:V280H,-19.976398468017578
A246E:V280G,-17.33531951904297
A246E:V280F,-13.049266815185547
A246E:W269A,-25.249340057373047
A246E:V280E,-20.396066665649414
A246E:W269C,-24.486766815185547
A246E:W269E,-25.780364990234375
A246E:W269Y,-22.183799743652344
A246E:W269V,-25.798524856567383
A246E:W269T,-25.482662200927734
A246E:W269S,-24.546916961669922
A246E:W269R,-24.64960289001465
A246E:W269Q,-25.53078269958496
A246E:W269P,-26.46268081665039
A246E:W269N,-25.603092193603516
A246E:W269M,-25.271900177001953
A246E:W269L,-25.44179344177246
A246E:W269K,-25.551942825317383
A246E:W269I,-25.533418655395508
A246E:W269H,-25.57025909423828
A246E:W269F,-22.215837478637695
A246E:W269D,-25.4023494720459
A246E:V280D,-20.4497127532959
A246E:V280A,-12.202629089355469
A246E:V280C,-9.267524719238281
A246E:T244A,-11.474575996398926
A246E:Q258T,-14.12006950378418
A246E:Q258S,-12.908588409423828
A246E:Q258R,-7.532620429992676
A246E:Q258P,-21.3282470703125
A246E:Q258N,-10.098957061767578
A246E:Q258M,-12.855302810668945
A246E:Q258L,-12.51510238647461
A246E:Q258K,-9.37480354309082
A246E:Q258I,-15.902497291564941
A246E:Q258H,-10.427350997924805
A246E:T244D,-17.779979705810547
A246E:T244F,-12.97278118133545
A246E:T270Y,-11.196359634399414
A246E:T270S,-10.261306762695312
A246E:T270R,-10.002042770385742
A246E:T270N,-11.317474365234375
A246E:T270M,-11.61827564239502
A246E:T270I,-13.324384689331055
A246E:T270H,-10.9367094039917
A246E:T270F,-11.139057159423828
A246E:T244V,-10.922682762145996
A246E:T244S,-11.885786056518555
A246E:T244R,-10.837159156799316
A246E:T244Q,-14.015388488769531
A246E:T244P,-19.81789779663086
A246E:T244N,-13.607524871826172
A246E:T244M,-15.003536224365234
A246E:T244L,-14.904535293579102
A246E:T244K,-11.241803169250488
A246E:T244I,-12.986316680908203
A246E:T244H,-12.483598709106445
A246E:T244G,-14.380318641662598
A246E:T270D,-13.100582122802734
A246G:F278W,-15.739118576049805
A246G:F278V,-16.17108726501465
A246G:F278T,-17.959074020385742
A246G:F278S,-18.089406967163086
A246G:F278R,-21.111141204833984
A246G:F278Q,-19.809738159179688
A246G:F278P,-21.081439971923828
A246G:F278N,-18.93733024597168
A246G:F256M,-9.200241088867188
A246G:F256K,-15.932870864868164
A246G:F256E,-19.67118263244629
A246G:F256D,-20.366649627685547
A246G:F256A,-12.915231704711914
A246G:E282Y,-14.530893325805664
A246G:E282W,-11.160795211791992
A246G:E282V,-13.403192520141602
A246G:E282T,-11.25570011138916
A246G:E282S,-11.562685012817383
A246G:F256N,-14.094453811645508
A246G:F278L,-14.629079818725586
A246G:F278K,-20.662694931030273
A246G:F278I,-16.62302017211914
A246G:F278H,-17.96782112121582
A246G:F278E,-20.813568115234375
A246G:F278D,-19.761308670043945
A246G:F278C,-15.803876876831055
A246G:F278A,-17.744834899902344
A246G:F256W,-11.23569107055664
A246G:F256V,-12.170059204101562
A246G:F256S,-13.704530715942383
A246G:F256Q,-14.607566833496094
A246G:E282R,-12.03416633605957
A246G:E282Q,-11.040346145629883
A246G:E282N,-13.726415634155273
A246G:E282M,-14.617284774780273
A246G:E282L,-15.133188247680664
A246G:E282K,-13.226123809814453
A246G:E282I,-15.384586334228516
A246G:E282H,-13.762855529785156
A246G:E282G,-13.801925659179688
A246G:E282C,-13.358419418334961
A246G:E282A,-12.137731552124023
A246G:E282P,-15.215389251708984
A246G:Q258I,-11.810879707336426
A246G:Q258H,-6.335733413696289
A246G:Q258E,-14.688064575195312
A246G:Q258C,-9.03049373626709
A246G:Q258A,-9.457582473754883
A246G:Q258K,-5.283185958862305
A246G:Q258L,-8.423484802246094
A246G:Q258N,-6.007339000701904
A246G:Q258T,-10.028451919555664
A246G:Q258S,-8.816970825195312
A246G:Q258R,-3.44100284576416
A246G:Q258P,-17.236629486083984
A246G:Q258M,-8.76368522644043
A246F:T244P,-21.052295684814453
A246F:T244N,-14.841923713684082
A246F:T244M,-16.237934112548828
A246F:T244L,-16.138935089111328
A246F:T244K,-12.476202011108398
A246F:T244I,-14.220715522766113
A246F:T244Q,-15.249787330627441
A246F:T244H,-13.717996597290039
A246F:T244F,-14.20718002319336
A246F:T244D,-19.01437759399414
A246F:T244A,-12.708974838256836
A246F:T244G,-15.614717483520508
A246F:T244R,-12.071557998657227
A246F:T244S,-13.120183944702148
A246F:T244V,-12.15708065032959
A246F:T270N,-12.551873207092285
A246F:T270M,-12.85267448425293
A246F:T270I,-14.558783531188965
A246F:T270H,-12.171107292175293
A246F:T270F,-12.373456001281738
A246F:T270D,-14.334980964660645
A246F:T270R,-11.236440658569336
A246F:T270Y,-12.430757522583008
A246F:T270S,-11.495704650878906
A246F:Q258R,-8.767019271850586
A246F:Q258P,-22.562644958496094
A246F:Q258N,-11.333354949951172
A246F:Q258M,-14.089701652526855
A246F:Q258L,-13.749500274658203
A246F:Q258K,-10.609201431274414
A246F:Q258I,-17.13689613342285
A246F:Q258H,-11.661748886108398
A246F:Q258E,-20.014080047607422
A246F:Q258C,-14.356510162353516
A246F:Q258A,-14.783597946166992
A246F:Q258S,-14.142987251281738
A246F:Q258T,-15.35446834564209
A246G:A252N,-16.15105438232422
A246G:A252M,-14.759296417236328
A246G:A252L,-16.81362533569336
A246G:A252H,-18.031558990478516
A246G:A252G,-4.881043910980225
A246G:A252E,-17.897216796875
A246G:A252C,-8.559571266174316
A246G:A252P,-12.952035903930664
A246G:A252Q,-16.710203170776367
A246G:A252R,-17.66364097595215
A246G:A252Y,-17.974285125732422
A246G:A252W,-17.379314422607422
A246G:A252V,-12.143810272216797
A246F:T281M,-15.013513565063477
A246F:T281K,-14.037458419799805
A246F:T281I,-15.525697708129883
A246F:T281H,-15.466412544250488
A246F:T281G,-16.09720802307129
A246F:T281F,-15.552001953125
A246F:T281E,-15.438255310058594
A246F:T281C,-14.443626403808594
A246F:T281A,-14.310150146484375
A246F:T281Q,-15.023354530334473
A246F:T281R,-13.75008773803711
A246F:T281V,-14.575102806091309
A246F:T281Y,-15.171079635620117
A246F:T281W,-13.824007034301758
A246F:T281S,-13.650222778320312
A246F:W269Y,-23.418197631835938
A246F:W269V,-27.03292465209961
A246F:W269T,-26.717060089111328
A246F:W269S,-25.781314849853516
A246F:W269Q,-26.765182495117188
A246F:V280P,-24.097270965576172
A246F:V280N,-20.017406463623047
A246F:V280M,-15.909687042236328
A246F:V280L,-16.916236877441406
A246F:V280I,-17.081228256225586
A246F:V280H,-21.210796356201172
A246F:V280G,-18.569717407226562
A246F:V280F,-14.283665657043457
A246F:V280E,-21.63046646118164
A246F:V280D,-21.684112548828125
A246F:V280C,-10.501922607421875
A246F:V280A,-13.437026977539062
A246F:W269R,-25.884002685546875
A246F:V280R,-25.91986846923828
A246F:V280T,-16.31464958190918
A246F:W269P,-27.697078704833984
A246F:W269N,-26.83749008178711
A246F:W269M,-26.506298065185547
A246F:W269L,-26.676193237304688
A246F:W269K,-26.78634262084961
A246F:W269I,-26.767818450927734
A246F:W269H,-26.804656982421875
A246F:W269F,-23.450237274169922
A246F:W269E,-27.01476287841797
A246F:W269D,-26.636749267578125
A246F:W269C,-25.72116470336914
A246F:W269A,-26.48373794555664
A246F:V280W,-16.276371002197266
A246F:V280S,-16.243242263793945
A246C:T270Y,-6.3884477615356445
A246C:T270S,-5.453394889831543
A246C:T270R,-5.194131374359131
A246C:T270N,-6.509563446044922
A246C:T244V,-6.114770889282227
A246C:T244S,-7.077874660491943
A246C:T270M,-6.810364723205566
A246C:T270I,-8.516473770141602
A246C:T270H,-6.12879753112793
A246C:T270F,-6.331146240234375
A246C:T270D,-8.292671203613281
A246C:T281Y,-9.128769874572754
A246C:T281W,-7.781697750091553
A246C:T281V,-8.532793045043945
A246C:T281S,-7.607912540435791
A246C:T281R,-7.707778453826904
A246C:T281Q,-8.98104476928711
A246C:T244R,-6.029248237609863
A246C:T281M,-8.971202850341797
A246C:T281K,-7.995148658752441
A246C:T281I,-9.483388900756836
A246C:T281H,-9.424102783203125
A246C:T281G,-10.054898262023926
A246C:T281F,-9.509692192077637
A246C:T281E,-9.395946502685547
A246C:T281C,-8.401315689086914
A246C:T281A,-8.267841339111328
A246C:T244Q,-9.207477569580078
A246C:T244N,-8.799613952636719
A246C:Q258M,-8.047391891479492
A246C:Q258L,-7.707190990447998
A246C:Q258K,-4.566891670227051
A246C:Q258I,-11.094585418701172
A246C:Q258H,-5.619439125061035
A246C:Q258E,-13.971771240234375
A246C:Q258C,-8.314199447631836
A246C:Q258A,-8.741289138793945
A246C:Q258N,-5.291045188903809
A246C:Q258P,-16.520336151123047
A246C:Q258R,-2.7247090339660645
A246C:Q258S,-8.100677490234375
A246C:T244M,-10.195625305175781
A246C:T244L,-10.096624374389648
A246C:T244K,-6.433891773223877
A246C:T244I,-8.17840576171875
A246C:T244H,-7.675687313079834
A246C:T244G,-9.572406768798828
A246C:T244F,-8.16486930847168
A246C:T244D,-12.972068786621094
A246C:T244A,-6.6666646003723145
A246C:T244P,-15.009986877441406
A246C:Q258T,-9.312158584594727
A246D:A252L,-21.68606948852539
A246D:A252H,-22.904003143310547
A246D:A252G,-9.753486633300781
A246D:A252E,-22.76966094970703
A246D:A252C,-13.432014465332031
A246D:A252M,-19.63174057006836
A246D:A252N,-21.02349853515625
A246D:A252Q,-21.582645416259766
A246D:A252Y,-22.846729278564453
A246D:A252W,-22.251758575439453
A246D:A252V,-17.016254425048828
A246D:A252R,-22.536083221435547
A246D:A252P,-17.824478149414062
A246C:W269L,-20.633882522583008
A246C:W269K,-20.74403190612793
A246C:W269I,-20.725507736206055
A246C:W269H,-20.762348175048828
A246C:W269F,-17.407926559448242
A246C:W269E,-20.972454071044922
A246C:W269D,-20.594438552856445
A246C:W269C,-19.678855895996094
A246C:W269A,-20.441429138183594
A246C:V280W,-10.234062194824219
A246C:V280T,-10.272340774536133
A246C:V280S,-10.200932502746582
A246C:V280R,-19.877559661865234
A246C:W269M,-20.4639892578125
A246C:W269N,-20.795181274414062
A246C:W269Q,-20.722871780395508
A246C:W269Y,-17.37588882446289
A246C:W269V,-20.99061393737793
A246C:W269T,-20.67475128173828
A246C:W269S,-19.73900604248047
A246C:W269R,-19.841691970825195
A246C:W269P,-21.654769897460938
A246C:V280P,-18.054962158203125
A246C:V280M,-9.867378234863281
A246C:V280N,-13.97509765625
A246C:V280L,-10.873927116394043
A246C:V280I,-11.038917541503906
A246C:V280H,-15.168487548828125
A246C:V280G,-12.5274076461792
A246C:V280F,-8.241355895996094
A246C:V280E,-15.588155746459961
A246C:V280D,-15.641801834106445
A246C:V280C,-4.45961332321167
A246C:V280A,-7.394717216491699
A246C:E282Q,-10.324051856994629
A246C:E282P,-14.49909496307373
A246C:E282N,-13.010122299194336
A246C:E282M,-13.90099048614502
A246C:E282L,-14.41689395904541
A246C:E282K,-12.5098295211792
A246C:E282I,-14.668292999267578
A246C:E282H,-13.046561241149902
A246C:E282G,-13.085631370544434
A246C:E282C,-12.642126083374023
A246C:E282A,-11.42143726348877
A246C:E282R,-11.317872047424316
A246C:E282S,-10.846391677856445
A246C:E282V,-12.686898231506348
A246C:F256Q,-13.891273498535156
A246C:F256N,-13.37816047668457
A246C:F256M,-8.48394775390625
A246C:F256K,-15.21657657623291
A246C:F256E,-18.95488929748535
A246C:F256D,-19.65035629272461
A246C:F256A,-12.19893741607666
A246C:E282Y,-13.814599990844727
A246C:E282W,-10.444500923156738
A246C:E282T,-10.539405822753906
A246C:A252R,-16.947345733642578
A246C:A252Q,-15.99390983581543
A246C:A252P,-12.235742568969727
A246C:A252N,-15.434761047363281
A246C:A252M,-14.04300308227539
A246C:A252L,-16.097332000732422
A246C:A252H,-17.315265655517578
A246C:A252G,-4.164750099182129
A246C:A252E,-17.180923461914062
A246C:A252C,-7.843277454376221
A246C:A252V,-11.42751693725586
A246C:A252W,-16.663021087646484
A246C:A252Y,-17.257991790771484
A246C:F256S,-12.988236427307129
A246C:F256V,-11.453765869140625
A246C:F278Q,-19.09344482421875
A246C:F278P,-20.36514663696289
A246C:F278N,-18.221036911010742
A246C:F278L,-13.912786483764648
A246C:F278K,-19.946401596069336
A246C:F278I,-15.906725883483887
A246C:F278H,-17.251527786254883
A246C:F278E,-20.097274780273438
A246C:F278D,-19.045013427734375
A246C:F278C,-15.0875825881958
A246C:F278A,-17.028541564941406
A246C:F256W,-10.519396781921387
A246C:F278R,-20.394847869873047
A246C:F278S,-17.37311363220215
A246C:F278V,-15.454792976379395
A246C:F278W,-15.022825241088867
A246C:F278T,-17.242780685424805
A246D:W269F,-22.996662139892578
A246D:W269E,-26.56119155883789
A246D:W269D,-26.18317413330078
A246D:W269C,-25.267593383789062
A246D:W269A,-26.030166625976562
A246D:V280W,-15.822798728942871
A246D:V280T,-15.861076354980469
A246D:V280S,-15.789669036865234
A246D:V280R,-25.466297149658203
A246D:V280P,-23.643699645996094
A246D:V280N,-19.56383514404297
A246D:V280M,-15.456113815307617
A246D:V280L,-16.462663650512695
A246D:W269H,-26.351085662841797
A246D:W269K,-26.332767486572266
A246D:W269Y,-22.96462631225586
A246D:W269V,-26.579349517822266
A246D:W269T,-26.26348876953125
A246D:W269S,-25.327743530273438
A246D:W269R,-25.43042755126953
A246D:W269Q,-26.311607360839844
A246D:W269P,-27.243507385253906
A246D:W269N,-26.38391876220703
A246D:W269M,-26.05272674560547
A246D:W269L,-26.222618103027344
A246D:W269I,-26.31424331665039
A246E:A252E,-21.988834381103516
A246E:A252C,-12.651188850402832
A246E:A252G,-8.972661972045898
A246E:A252Y,-22.065902709960938
A246E:A252W,-21.470932006835938
A246E:A252V,-16.235427856445312
A246E:A252R,-21.755258560180664
A246E:A252Q,-20.801820755004883
A246E:A252P,-17.04365348815918
A246E:A252N,-20.242671966552734
A246E:A252M,-18.850914001464844
A246E:A252L,-20.905242919921875
A246E:A252H,-22.12317657470703
A246D:V280I,-16.627655029296875
A246D:V280G,-18.11614418029785
A246D:T281F,-15.098428726196289
A246D:T281E,-14.984682083129883
A246D:T281C,-13.990053176879883
A246D:T281A,-13.856576919555664
A246D:T270Y,-11.977184295654297
A246D:T270S,-11.042131423950195
A246D:T270R,-10.782867431640625
A246D:T270N,-12.098299980163574
A246D:T270M,-12.399101257324219
A246D:T281G,-15.643634796142578
A246D:T281H,-15.012839317321777
A246D:T281I,-15.072124481201172
A246D:T281K,-13.583885192871094
A246D:V280F,-13.830092430114746
A246D:V280E,-21.176891326904297
A246D:V280D,-21.23053741455078
A246D:V280C,-10.048349380493164
A246D:V280A,-12.983453750610352
A246D:V280H,-20.757225036621094
A246D:T281Y,-14.717506408691406
A246D:T281W,-13.370433807373047
A246D:T281V,-14.121529579162598
A246D:T281S,-13.196649551391602
A246D:T281R,-13.296514511108398
A246D:T281Q,-14.569781303405762
A246D:T281M,-14.559940338134766
A246E:E282C,-17.450037002563477
A246E:E282A,-16.22934913635254
A246E:E282G,-17.893543243408203
A246E:E282H,-17.854473114013672
A246E:F256A,-17.00684928894043
A246E:E282Y,-18.62251091003418
A246E:E282W,-15.252412796020508
A246E:E282V,-17.494810104370117
A246E:E282T,-15.347317695617676
A246E:E282S,-15.654302597045898
A246E:E282R,-16.125783920288086
A246E:E282Q,-15.131963729858398
A246E:E282P,-19.3070068359375
A246E:E282N,-17.81803321838379
A246E:E282M,-18.70890235900879
A246E:E282L,-19.22480583190918
A246E:E282K,-17.31774139404297
A246E:E282I,-19.47620391845703
A246E:F256D,-24.458267211914062
A246E:F256E,-23.762800216674805
A246E:F278C,-19.89549446105957
A246E:F278A,-21.83645248413086
A246E:F256W,-15.327308654785156
A246E:F256V,-16.261676788330078
A246E:F256S,-17.7961483001709
A246E:F256Q,-18.69918441772461
A246E:F256N,-18.186071395874023
A246E:F256M,-13.291858673095703
A246E:F256K,-20.02448844909668
A246E:F278D,-23.85292625427246
A246E:F278E,-24.90518569946289
A246E:F278H,-22.059438705444336
A246E:F278W,-19.83073616027832
A246E:F278V,-20.262704849243164
A246E:F278T,-22.050691604614258
A246E:F278S,-22.1810245513916
A246E:F278R,-25.2027587890625
A246E:F278Q,-23.901355743408203
A246E:F278P,-25.173057556152344
A246E:F278N,-23.028947830200195
A246E:F278L,-18.7206974029541
A246E:F278K,-24.75431251525879
A246E:F278I,-20.714637756347656
A246D:T270I,-14.105210304260254
A246D:T270H,-11.717534065246582
A246D:F278K,-25.535137176513672
A246D:F278I,-21.49546241760254
A246D:F278H,-22.84026336669922
A246D:F278E,-25.686012268066406
A246D:F278D,-24.633750915527344
A246D:F278C,-20.676319122314453
A246D:F278A,-22.617279052734375
A246D:F256W,-16.10813331604004
A246D:F256V,-17.042503356933594
A246D:F256S,-18.57697296142578
A246D:F256Q,-19.480010986328125
A246D:F278L,-19.501522064208984
A246D:F278P,-25.95388412475586
A246D:F278W,-20.611560821533203
A246D:F278V,-21.043529510498047
A246D:F278T,-22.83151626586914
A246D:F278S,-22.961849212646484
A246D:F278R,-25.983585357666016
A246D:F278Q,-24.682180404663086
A246D:F278N,-23.809772491455078
A246D:F256N,-18.966896057128906
A246D:E282K,-18.09856605529785
A246D:E282I,-20.257030487060547
A246D:E282H,-18.635297775268555
A246D:E282G,-18.674367904663086
A246D:E282C,-18.23086166381836
A246D:E282A,-17.010173797607422
A246D:E282L,-20.005630493164062
A246D:F256M,-14.072683334350586
A246D:E282M,-19.489727020263672
A246D:E282P,-20.087831497192383
A246D:F256K,-20.805313110351562
A246D:F256E,-24.543624877929688
A246D:F256D,-25.239093780517578
A246D:F256A,-17.787673950195312
A246D:E282Y,-19.403335571289062
A246D:E282W,-16.03323745727539
A246D:E282V,-18.275634765625
A246D:E282T,-16.128143310546875
A246D:E282S,-16.43512725830078
A246D:E282R,-16.90660858154297
A246D:E282Q,-15.912788391113281
A246D:E282N,-18.598857879638672
A246D:Q258T,-14.900895118713379
A246D:Q258S,-13.689414024353027
A246D:Q258R,-8.313446044921875
A246D:Q258P,-22.109073638916016
A246D:Q258N,-10.879781723022461
A246D:Q258M,-13.636128425598145
A246D:Q258L,-13.295927047729492
A246D:Q258K,-10.155628204345703
A246D:Q258I,-16.68332290649414
A246D:Q258H,-11.208175659179688
A246D:Q258E,-19.560508728027344
A246D:Q258C,-13.902936935424805
A246D:Q258A,-14.330024719238281
A246D:T244V,-11.703507423400879
A246D:T244S,-12.666610717773438
A246D:T244R,-11.617984771728516
A246D:T244Q,-14.79621410369873
A246D:T244P,-20.598724365234375
A246D:T244N,-14.388350486755371
A246D:T244M,-15.784361839294434
A246D:T244L,-15.6853609085083
A246D:T270F,-11.919882774353027
A246D:T270D,-13.881407737731934
A246D:T244K,-12.022628784179688
A246D:T244H,-13.264423370361328
A246D:T244I,-13.767142295837402
A246D:T244G,-15.161144256591797
A246D:T244F,-13.753606796264648
A246D:T244D,-18.560806274414062
A246D:T244A,-12.255401611328125
A246K:T281W,-4.382160186767578
A246K:T281V,-5.133255481719971
A246K:T281S,-4.208374977111816
A246K:T281R,-4.30824089050293
A246K:T281Q,-5.581507205963135
A246K:T281Y,-5.729232311248779
A246K:T281M,-5.5716657638549805
A246K:T281K,-4.595611095428467
A246K:T281I,-6.083850860595703
A246K:T281H,-6.02456521987915
A246K:T281G,-6.655360698699951
A246K:T281F,-6.110154628753662
A246K:T281E,-5.996408462524414
A246K:T281C,-5.001778602600098
A246K:T281A,-4.868303298950195
A246K:W269H,-17.362810134887695
A246K:W269F,-14.00838851928711
A246K:W269E,-17.57291603088379
A246K:W269D,-17.194900512695312
A246K:W269C,-16.27931785583496
A246K:W269A,-17.04189109802246
A246K:V280W,-6.834524631500244
A246K:V280T,-6.872802734375
A246K:V280S,-6.801394939422607
A246K:V280R,-16.4780216217041
A246K:V280P,-14.655424118041992
A246K:V280N,-10.575559616088867
A246K:W269I,-17.325969696044922
A246K:V280M,-6.467840194702148
A246K:W269K,-17.344493865966797
A246K:W269M,-17.064451217651367
A246K:W269Y,-13.976350784301758
A246K:W269V,-17.591075897216797
A246K:W269T,-17.27521324157715
A246K:W269S,-16.339468002319336
A246K:W269R,-16.442153930664062
A246K:W269Q,-17.323333740234375
A246K:W269P,-18.255231857299805
A246K:W269N,-17.39564323425293
A246K:W269L,-17.234344482421875
A246K:V280L,-7.474389553070068
A246K:V280I,-7.63938045501709
A246K:V280H,-11.768949508666992
A246K:V280G,-9.127870559692383
A246K:V280F,-4.841818332672119
A246K:V280E,-12.188617706298828
A246K:V280D,-12.242263793945312
A246K:V280C,-1.0600757598876953
A246K:V280A,-3.9951796531677246
A246K:T244I,-4.778868198394775
A246K:T244H,-4.276149749755859
A246K:T244G,-6.172869682312012
A246K:T244F,-4.765332221984863
A246K:T244D,-9.572530746459961
A246K:T244A,-3.26712703704834
A246K:Q258T,-5.912621021270752
A246K:Q258S,-4.7011399269104
A246K:Q258R,0.6748284697532654
A246K:T244K,-3.0343542098999023
A246K:T244L,-6.697086811065674
A246K:T244M,-6.796087741851807
A246K:T244N,-5.400076389312744
A246K:T270Y,-2.98891019821167
A246K:T270S,-2.0538575649261475
A246K:T270R,-1.7945938110351562
A246K:T270N,-3.110025644302368
A246K:T270M,-3.4108269214630127
A246K:T244V,-2.715233564376831
A246K:T244S,-3.6783370971679688
A246K:T244R,-2.6297104358673096
A246K:T244Q,-5.8079400062561035
A246K:T244P,-11.610448837280273
A246K:T270I,-5.116936206817627
A246K:T270H,-2.729260206222534
A246K:T270F,-2.9316086769104004
A246K:T270D,-4.893133640289307
A246K:Q258P,-13.120798110961914
A246L:A252H,-21.65829086303711
A246L:A252G,-8.50777530670166
A246L:A252E,-21.523948669433594
A246L:A252C,-12.186302185058594
A246L:A252M,-18.386028289794922
A246L:A252Y,-21.601016998291016
A246L:A252W,-21.006046295166016
A246L:A252V,-15.77054214477539
A246L:A252R,-21.29037094116211
A246L:A252Q,-20.33693504333496
A246L:A252P,-16.578767776489258
A246L:A252N,-19.777786254882812
A246L:A252L,-20.440357208251953
A246K:Q258N,-1.891507625579834
A246K:Q258L,-4.307653427124023
A246K:E282M,-10.501453399658203
A246K:E282L,-11.017356872558594
A246K:E282K,-9.110292434692383
A246K:E282I,-11.268754959106445
A246K:E282H,-9.647024154663086
A246K:E282G,-9.686094284057617
A246K:E282N,-9.610584259033203
A246K:E282C,-9.24258804321289
A246K:E282A,-8.021900177001953
A246K:E282P,-11.099557876586914
A246K:E282Q,-6.924514293670654
A246K:E282R,-7.918334484100342
A246K:F256M,-5.084409713745117
A246K:F256K,-11.817039489746094
A246K:F256E,-15.555351257324219
A246K:F256D,-16.250818252563477
A246K:F256A,-8.799400329589844
A246K:E282Y,-10.415061950683594
A246K:E282W,-7.044963359832764
A246K:E282V,-9.287361145019531
A246K:E282T,-7.13986873626709
A246K:E282S,-7.4468536376953125
A246K:F256N,-9.978622436523438
A246K:F256Q,-10.491735458374023
A246K:F278L,-10.513248443603516
A246K:F278K,-16.546863555908203
A246K:F278I,-12.50718879699707
A246K:F278H,-13.85198974609375
A246K:F278E,-16.697736740112305
A246K:F278D,-15.645477294921875
A246K:F278C,-11.688045501708984
A246K:F278A,-13.629003524780273
A246K:F256W,-7.119859218597412
A246K:F256V,-8.054227828979492
A246K:F256S,-9.588699340820312
A246K:F278N,-14.82149887084961
A246K:F278P,-16.965608596801758
A246K:F278R,-16.995309829711914
A246K:F278W,-11.623287200927734
A246K:F278V,-12.055255889892578
A246K:F278T,-13.843242645263672
A246K:F278S,-13.973575592041016
A246K:F278Q,-15.693906784057617
A246K:Q258K,-1.1673543453216553
A246K:Q258I,-7.6950483322143555
A246K:Q258H,-2.2199018001556396
A246K:Q258E,-10.572233200073242
A246K:Q258C,-4.9146623611450195
A246K:Q258A,-5.3417510986328125
A246K:Q258M,-4.647854328155518
A246M:A252C,-11.180005073547363
A246M:A252E,-20.517650604248047
A246M:A252W,-19.99974822998047
A246M:A252V,-14.764244079589844
A246M:A252R,-20.284074783325195
A246M:A252Q,-19.330636978149414
A246M:A252P,-15.572469711303711
A246M:A252N,-18.771488189697266
A246M:A252M,-17.379730224609375
A246M:A252L,-19.434059143066406
A246M:A252H,-20.651992797851562
A246M:A252G,-7.5014777183532715
A246M:A252Y,-20.59471893310547
A246L:V280A,-11.737741470336914
A246L:T281Y,-13.471794128417969
A246L:T281W,-12.124722480773926
A246L:T281V,-12.875818252563477
A246L:T281S,-11.950937271118164
A246L:T281R,-12.050803184509277
A246L:T281Q,-13.32406997680664
A246L:T281M,-13.314228057861328
A246L:T281K,-12.338172912597656
A246L:T281I,-13.82641315460205
A246L:T281H,-13.767127990722656
A246L:V280C,-8.802638053894043
A246L:V280D,-19.984827041625977
A246L:V280E,-19.931180953979492
A246L:V280F,-12.584381103515625
A246L:W269A,-24.784454345703125
A246L:V280W,-14.57708740234375
A246L:V280T,-14.615365028381348
A246L:V280S,-14.543956756591797
A246L:V280R,-24.220584869384766
A246L:V280P,-22.397987365722656
A246L:V280N,-18.31812286376953
A246L:V280M,-14.210402488708496
A246L:V280L,-15.216951370239258
A246L:V280I,-15.381942749023438
A246L:V280H,-19.511512756347656
A246L:V280G,-16.870431900024414
A246L:W269C,-24.021881103515625
A246L:W269D,-24.937463760375977
A246L:W269F,-21.750951766967773
A246L:W269Y,-21.718914031982422
A246L:W269V,-25.33363914489746
A246L:W269T,-25.017776489257812
A246L:W269S,-24.08203125
A246L:W269R,-24.184717178344727
A246L:W269Q,-25.06589698791504
A246L:W269P,-25.99779510498047
A246L:W269N,-25.138206481933594
A246L:W269M,-24.80701446533203
A246L:W269L,-24.97690773010254
A246L:W269K,-25.08705711364746
A246L:W269I,-25.068532943725586
A246L:W269H,-25.10537338256836
A246L:W269E,-25.315479278564453
A246M:F256W,-13.856124877929688
A246M:F256V,-14.79049301147461
A246M:F256S,-16.32496452331543
A246M:F256Q,-17.22800064086914
A246M:F256N,-16.714887619018555
A246M:F256M,-11.820674896240234
A246M:F256K,-18.55330467224121
A246M:F256E,-22.291616439819336
A246M:F278A,-20.36526870727539
A246M:F278D,-22.381742477416992
A246M:F278W,-18.35955238342285
A246M:F278V,-18.791521072387695
A246M:F278T,-20.57950782775879
A246M:F278S,-20.709840774536133
A246M:F278R,-23.73157501220703
A246M:F278Q,-22.430171966552734
A246M:F278P,-23.701873779296875
A246M:F278N,-21.557764053344727
A246M:F278L,-17.249513626098633
A246M:F278K,-23.28312873840332
A246M:F278I,-19.243453979492188
A246M:F278H,-20.588254928588867
A246M:F278E,-23.434001922607422
A246M:F278C,-18.4243106842041
A246M:F256D,-22.987083435058594
A246M:F256A,-15.535665512084961
A246M:E282Y,-17.15132713317871
A246L:T281G,-14.39792251586914
A246M:E282A,-14.75816535949707
A246M:E282W,-13.781229019165039
A246M:E282V,-16.02362632751465
A246M:E282T,-13.876133918762207
A246M:E282S,-14.18311882019043
A246M:E282R,-14.654600143432617
A246M:E282Q,-13.66077995300293
A246M:E282P,-17.83582305908203
A246M:E282N,-16.34684944152832
A246M:E282M,-17.23771858215332
A246M:E282L,-17.75362205505371
A246M:E282K,-15.8465576171875
A246M:E282I,-18.005020141601562
A246M:E282H,-16.383289337158203
A246M:E282G,-16.422359466552734
A246M:E282C,-15.978853225708008
A246L:T281F,-13.852716445922852
A246L:F278E,-24.44029998779297
A246L:F278D,-23.388038635253906
A246L:F278C,-19.430606842041016
A246L:F278A,-21.371566772460938
A246L:F256W,-14.862421035766602
A246L:F256V,-15.796791076660156
A246L:F256S,-17.331260681152344
A246L:F256Q,-18.234298706054688
A246L:F256N,-17.7211856842041
A246L:F256M,-12.826972007751465
A246L:F278H,-21.594552993774414
A246L:F278I,-20.2497501373291
A246L:F278K,-24.289426803588867
A246L:F278W,-19.3658504486084
A246L:F278V,-19.79781723022461
A246L:F278T,-21.585805892944336
A246L:F278S,-21.71613883972168
A246L:F278R,-24.737873077392578
A246L:F278Q,-23.43646812438965
A246L:F278P,-24.708171844482422
A246L:F278N,-22.564062118530273
A246L:F278L,-18.25581169128418
A246L:F256K,-19.559600830078125
A246L:E282G,-17.42865562438965
A246L:E282C,-16.985151290893555
A246L:E282A,-15.764461517333984
A246L:E282H,-17.389585494995117
A246L:E282I,-19.01131820678711
A246L:E282L,-18.759918212890625
A246L:F256E,-23.297914505004883
A246L:F256D,-23.99338150024414
A246L:F256A,-16.541961669921875
A246L:E282Y,-18.157625198364258
A246L:E282W,-14.787525177001953
A246L:E282V,-17.029922485351562
A246L:E282T,-14.882431030273438
A246L:E282S,-15.18941593170166
A246L:E282R,-15.660896301269531
A246L:E282Q,-14.667076110839844
A246L:E282P,-18.842119216918945
A246L:E282N,-17.353147506713867
A246L:E282M,-18.244014739990234
A246L:E282K,-16.852853775024414
A246L:T244V,-10.457796096801758
A246L:T244S,-11.420899391174316
A246L:T244R,-10.372272491455078
A246L:T244P,-19.353012084960938
A246L:T244N,-13.14263916015625
A246L:T244M,-14.538650512695312
A246L:T244L,-14.43964958190918
A246L:T244K,-10.77691650390625
A246L:T244I,-12.521430969238281
A246L:T244Q,-13.55050277709961
A246L:T244H,-12.018712043762207
A246L:T244G,-13.91543197631836
A246L:T244F,-12.507894515991211
A246L:T270D,-12.635696411132812
A246L:T244D,-17.315093994140625
A246L:T244A,-11.009689331054688
A246L:T270F,-10.674171447753906
A246L:T281C,-12.744340896606445
A246L:T281A,-12.610865592956543
A246L:T270Y,-10.73147201538086
A246L:T270S,-9.796420097351074
A246L:T270R,-9.537156105041504
A246L:T270N,-10.852587699890137
A246L:T270M,-11.153388977050781
A246L:T270I,-12.859498977661133
A246L:T270H,-10.471822738647461
A246L:T281E,-13.738970756530762
A246L:Q258T,-13.655183792114258
A246L:Q258S,-12.443702697753906
A246L:Q258R,-7.0677337646484375
A246L:Q258P,-20.863361358642578
A246L:Q258N,-9.634069442749023
A246L:Q258M,-12.390417098999023
A246L:Q258L,-12.050215721130371
A246L:Q258K,-8.909916877746582
A246L:Q258I,-15.437610626220703
A246L:Q258H,-9.962464332580566
A246L:Q258E,-18.314796447753906
A246L:Q258C,-12.657224655151367
A246L:Q258A,-13.08431339263916
A246H:Q258C,-11.385565757751465
A246H:Q258A,-11.812654495239258
A246H:Q258E,-17.043136596679688
A246H:T281Y,-12.200136184692383
A246H:T281W,-10.853063583374023
A246H:T281V,-11.604158401489258
A246H:T281S,-10.679278373718262
A246H:T281Q,-12.052410125732422
A246H:T281R,-10.779144287109375
A246H:T281M,-12.042569160461426
A246H:T281K,-11.06651496887207
A246H:T281I,-12.554754257202148
A246H:T281H,-12.495468139648438
A246H:T281G,-13.126264572143555
A246H:T281E,-12.46731185913086
A246H:T281C,-11.472681999206543
A246H:T281A,-11.33920669555664
A246H:T281F,-12.581058502197266
A246H:W269V,-24.061979293823242
A246H:W269T,-23.746116638183594
A246H:W269S,-22.81037139892578
A246H:W269R,-22.913057327270508
A246H:W269Q,-23.79423713684082
A246H:W269P,-24.72613525390625
A246H:W269N,-23.866546630859375
A246H:W269Y,-20.447254180908203
A246H:W269M,-23.535354614257812
A246H:W269K,-23.815397262573242
A246H:W269I,-23.796873092651367
A246H:W269H,-23.83371353149414
A246H:W269F,-20.479291915893555
A246H:W269E,-24.043819427490234
A246H:W269D,-23.665803909301758
A246H:W269L,-23.70524787902832
A246H:W269C,-22.750221252441406
A246H:W269A,-23.512794494628906
A246H:V280W,-13.305427551269531
A246H:V280A,-10.466083526611328
A246H:V280T,-13.343706130981445
A246H:V280S,-13.272298812866211
A246H:V280R,-22.948925018310547
A246H:V280P,-21.126327514648438
A246H:V280N,-17.046463012695312
A246H:V280M,-12.938743591308594
A246H:V280L,-13.945293426513672
A246H:V280I,-14.110283851623535
A246H:V280H,-18.239852905273438
A246H:V280G,-15.598773956298828
A246H:V280F,-11.312721252441406
A246H:V280E,-18.659521102905273
A246H:V280D,-18.713167190551758
A246H:V280C,-7.530979156494141
A246H:T244G,-12.643773078918457
A246H:T244F,-11.236235618591309
A246H:T244D,-16.043434143066406
A246H:T244A,-9.738030433654785
A246H:T244H,-10.747053146362305
A246H:Q258T,-12.383523941040039
A246H:Q258S,-11.172042846679688
A246H:Q258P,-19.59170150756836
A246H:Q258N,-8.362411499023438
A246H:Q258M,-11.118757247924805
A246H:Q258L,-10.778556823730469
A246H:Q258K,-7.63825798034668
A246H:Q258I,-14.1659517288208
A246H:Q258H,-8.690805435180664
A246H:Q258R,-5.796074867248535
A246H:T244I,-11.249771118164062
A246H:T244K,-9.505257606506348
A246H:T244L,-13.167989730834961
A246H:T270Y,-9.459814071655273
A246H:T270S,-8.524761199951172
A246H:T270R,-8.265497207641602
A246H:T270N,-9.580928802490234
A246H:T270M,-9.881730079650879
A246H:T244V,-9.186137199401855
A246H:T244S,-10.149240493774414
A246H:T244R,-9.100613594055176
A246H:T244Q,-12.27884292602539
A246H:T244P,-18.08135223388672
A246H:T244N,-11.870979309082031
A246H:T244M,-13.266990661621094
A246H:T270I,-11.587839126586914
A246H:T270H,-9.200163841247559
A246H:T270F,-9.402511596679688
A246H:T270D,-11.364036560058594
A246G:W269A,-21.15772247314453
A246G:V280W,-10.950355529785156
A246G:V280T,-10.98863410949707
A246G:V280S,-10.917226791381836
A246G:V280R,-20.593852996826172
A246G:W269C,-20.39514923095703
A246G:V280P,-18.771255493164062
A246G:V280M,-10.583671569824219
A246G:V280L,-11.590221405029297
A246G:V280I,-11.75521183013916
A246G:V280H,-15.884780883789062
A246G:V280G,-13.243701934814453
A246G:V280F,-8.957649230957031
A246G:V280N,-14.691390991210938
A246G:V280E,-16.3044490814209
A246G:W269D,-21.310731887817383
A246G:W269F,-18.12421989440918
A246G:W269Y,-18.092182159423828
A246G:W269V,-21.706907272338867
A246G:W269T,-21.39104461669922
A246G:W269S,-20.455299377441406
A246G:W269R,-20.557985305786133
A246G:W269E,-21.68874740600586
A246G:W269Q,-21.439165115356445
A246G:W269N,-21.511474609375
A246G:W269M,-21.180282592773438
A246G:W269L,-21.350175857543945
A246G:W269K,-21.460325241088867
A246G:W269I,-21.441801071166992
A246G:W269H,-21.478641510009766
A246G:W269P,-22.371063232421875
A246G:V280D,-16.358095169067383
A246G:V280A,-8.111011505126953
A246G:V280C,-5.175907135009766
A246G:T270M,-7.526658058166504
A246G:T270I,-9.232767105102539
A246G:T270H,-6.845091819763184
A246G:T270F,-7.047440052032471
A246G:T270N,-7.225856781005859
A246G:T270D,-9.008964538574219
A246G:T270R,-5.910425186157227
A246G:T270Y,-7.10474157333374
A246G:T270S,-6.169689178466797
A246G:T244K,-7.150185585021973
A246G:T244I,-8.894699096679688
A246G:T244H,-8.39198112487793
A246G:T244G,-10.288701057434082
A246G:T244F,-8.881163597106934
A246G:T244D,-13.688362121582031
A246G:T244L,-10.812917709350586
A246G:T244A,-7.38295841217041
A246G:T244M,-10.911918640136719
A246G:T244P,-15.726280212402344
A246G:T244N,-9.515907287597656
A246G:T244V,-6.8310651779174805
A246G:T244S,-7.794168472290039
A246G:T244R,-6.745541572570801
A246G:T244Q,-9.923770904541016
A246G:T281S,-8.324206352233887
A246G:T281R,-8.424072265625
A246G:T281Q,-9.697338104248047
A246G:T281M,-9.68749713897705
A246G:T281V,-9.249086380004883
A246G:T281K,-8.711442947387695
A246G:T281H,-10.140396118164062
A246G:T281G,-10.77119255065918
A246G:T281F,-10.22598648071289
A246G:T281E,-10.112239837646484
A246G:T281C,-9.117609977722168
A246G:T281A,-8.984134674072266
A246G:T281I,-10.199682235717773
A246G:T281W,-8.497991561889648
A246G:T281Y,-9.845064163208008
A246H:E282A,-14.492803573608398
A246H:E282C,-15.713491439819336
A246H:F278W,-18.09419059753418
A246H:F278V,-18.526159286499023
A246H:F278T,-20.314146041870117
A246H:F278S,-20.44447898864746
A246H:F278Q,-22.164810180664062
A246H:F278P,-23.436511993408203
A246H:F278N,-21.292402267456055
A246H:F278L,-16.98415184020996
A246H:F278K,-23.01776695251465
A246H:F278I,-18.978092193603516
A246H:F278R,-23.46621322631836
A246H:F278H,-20.322893142700195
A246H:F278E,-23.16864013671875
A246H:F278D,-22.11638069152832
A246H:E282Y,-16.88596534729004
A246H:E282W,-13.515867233276367
A246H:E282V,-15.758264541625977
A246H:E282T,-13.610772132873535
A246H:E282S,-13.917757034301758
A246H:E282R,-14.389238357543945
A246H:E282Q,-13.395418167114258
A246H:F256A,-15.270303726196289
A246H:E282P,-17.57046127319336
A246H:E282M,-16.97235679626465
A246H:E282L,-17.48826026916504
A246H:E282K,-15.581195831298828
A246H:E282I,-17.73965835571289
A246H:E282H,-16.11792755126953
A246H:E282G,-16.156997680664062
A246H:E282N,-16.08148765563965
A246H:F256D,-22.721721649169922
A246H:F256E,-22.026254653930664
A246H:F278C,-18.15894889831543
A246H:F278A,-20.09990692138672
A246H:F256W,-13.590763092041016
A246H:F256V,-14.525131225585938
A246H:F256S,-16.059602737426758
A246H:F256Q,-16.96263885498047
A246H:F256N,-16.449525833129883
A246H:F256M,-11.555313110351562
A246H:F256K,-18.28794288635254
A246H:A252H,-20.38663101196289
A246H:A252G,-7.2361159324646
A246H:A252E,-20.252288818359375
A246H:A252C,-10.914643287658691
A246H:A252M,-17.114368438720703
A246H:A252L,-19.168697357177734
A246H:A252Y,-20.329357147216797
A246H:A252V,-14.498882293701172
A246H:A252R,-20.018712997436523
A246H:A252Q,-19.065275192260742
A246H:A252P,-15.307107925415039
A246H:A252N,-18.506126403808594
A246H:A252W,-19.734386444091797
A246I:Q258K,-9.487990379333496
A246I:Q258I,-16.015684127807617
A246I:Q258H,-10.54053783416748
A246I:Q258E,-18.89286994934082
A246I:Q258L,-12.628290176391602
A246I:Q258C,-13.235298156738281
A246I:Q258A,-13.66238784790039
A246I:Q258M,-12.968490600585938
A246I:Q258P,-21.441434860229492
A246I:Q258N,-10.212143898010254
A246I:Q258T,-14.233257293701172
A246I:Q258S,-13.02177619934082
A246I:Q258R,-7.64580774307251
A246I:T244P,-19.93108558654785
A246I:T244N,-13.720712661743164
A246I:T244M,-15.116724014282227
A246I:T244L,-15.017723083496094
A246I:T244K,-11.354990005493164
A246I:T244I,-13.099504470825195
A246I:T244H,-12.596786499023438
A246I:T244Q,-14.128576278686523
A246I:T244G,-14.493505477905273
A246I:T244D,-17.89316749572754
A246I:T244A,-11.587762832641602
A246I:T244F,-13.085968017578125
A246I:T244R,-10.950346946716309
A246I:T244V,-11.035869598388672
A246I:T244S,-11.998973846435547
A246I:W269F,-22.329025268554688
A246I:W269E,-25.893552780151367
A246I:W269D,-25.51553726196289
A246I:W269C,-24.59995460510254
A246I:W269A,-25.36252784729004
A246I:V280W,-15.155160903930664
A246I:V280T,-15.193439483642578
A246I:V280R,-24.79865837097168
A246I:V280P,-22.97606086730957
A246I:V280N,-18.896196365356445
A246I:V280M,-14.788476943969727
A246I:V280L,-15.795025825500488
A246I:V280S,-15.122031211853027
A246I:W269H,-25.683446884155273
A246I:W269K,-25.665130615234375
A246I:W269Y,-22.296987533569336
A246I:W269I,-25.6466064453125
A246I:W269V,-25.911712646484375
A246I:W269S,-24.660104751586914
A246I:W269R,-24.76279067993164
A246I:W269Q,-25.643970489501953
A246I:W269P,-26.575868606567383
A246I:W269N,-25.716279983520508
A246I:W269M,-25.385087966918945
A246I:W269L,-25.554981231689453
A246I:W269T,-25.595849990844727
A246K:A252N,-12.035223007202148
A246K:A252M,-10.643465042114258
A246K:A252L,-12.697793960571289
A246K:A252H,-13.915727615356445
A246K:A252G,-0.7652125954627991
A246K:A252P,-8.836204528808594
A246K:A252C,-4.443739891052246
A246K:A252E,-13.78138542175293
A246K:A252Q,-12.594371795654297
A246K:A252R,-13.547809600830078
A246K:A252Y,-13.858453750610352
A246K:A252W,-13.263483047485352
A246K:A252V,-8.027978897094727
A246I:V280I,-15.960016250610352
A246I:V280H,-20.08958625793457
A246I:V280F,-13.162454605102539
A246I:T270R,-10.115230560302734
A246I:T270N,-11.430662155151367
A246I:T270M,-11.731463432312012
A246I:T270S,-10.374493598937988
A246I:T270I,-13.437572479248047
A246I:T270F,-11.25224494934082
A246I:T270D,-13.213769912719727
A246I:T270H,-11.049896240234375
A246I:T270Y,-11.30954647064209
A246I:T281A,-13.188940048217773
A246I:T281C,-13.32241439819336
A246I:V280E,-20.509254455566406
A246I:V280D,-20.56290054321289
A246I:V280C,-9.380712509155273
A246I:V280A,-12.315815925598145
A246I:T281Y,-14.0498685836792
A246I:T281W,-12.702796936035156
A246I:T281V,-13.45389175415039
A246I:T281S,-12.529010772705078
A246I:T281R,-12.628877639770508
A246I:T281Q,-13.902143478393555
A246I:T281K,-12.916247367858887
A246I:T281I,-14.404487609863281
A246I:T281H,-14.34520149230957
A246I:T281G,-14.975996971130371
A246I:T281F,-14.430790901184082
A246I:T281E,-14.317045211791992
A246I:T281M,-13.892301559448242
A246I:V280G,-17.448505401611328
A246I:A252Y,-22.17909049987793
A246I:A252W,-21.58411979675293
A246I:A252C,-12.764375686645508
A246I:A252E,-22.102022171020508
A246I:A252G,-9.085848808288574
A246I:A252H,-22.236364364624023
A246I:A252L,-21.018430709838867
A246I:A252M,-18.964101791381836
A246I:A252N,-20.355859756469727
A246I:A252P,-17.156841278076172
A246I:A252Q,-20.915008544921875
A246I:A252R,-21.868446350097656
A246I:A252V,-16.348615646362305
A246I:E282A,-16.34253692626953
A246I:E282C,-17.56322479248047
A246I:E282G,-18.006729125976562
A246I:E282I,-19.589391708374023
A246I:F256W,-15.440495491027832
A246I:F278A,-21.94964027404785
A246I:F278C,-20.008682250976562
A246I:F278D,-23.966114044189453
A246I:F278E,-25.018373489379883
A246I:F278H,-22.172626495361328
A246I:F278I,-20.827823638916016
A246I:F278K,-24.86750030517578
A246I:F278L,-18.833885192871094
A246I:F256V,-16.37486457824707
A246I:F278P,-25.286245346069336
A246I:F278R,-25.315946578979492
A246I:F278S,-22.294212341308594
A246I:F278T,-22.16387939453125
A246I:F278V,-20.375892639160156
A246I:F278W,-19.943923950195312
A246I:E282H,-17.96765899658203
A246I:F278Q,-24.014541625976562
A246I:F278N,-23.142135620117188
A246I:E282K,-17.430927276611328
A246I:E282L,-19.337993621826172
A246I:F256S,-17.90933609008789
A246I:E282N,-17.93122100830078
A246I:E282P,-19.42019271850586
A246I:E282Q,-15.245150566101074
A246I:E282R,-16.238971710205078
A246I:E282S,-15.76749038696289
A246I:E282T,-15.460504531860352
A246I:E282V,-17.60799789428711
A246I:E282W,-15.365599632263184
A246I:E282Y,-18.735698699951172
A246I:F256A,-17.120037078857422
A246I:E282M,-18.82209014892578
A246I:F256M,-13.405046463012695
A246I:F256E,-23.875988006591797
A246I:F256K,-20.137676239013672
A246I:F256Q,-18.8123722076416
A246I:F256N,-18.299259185791016
A246I:F256D,-24.571455001831055
A252M:T281A,-15.945037841796875
A252M:T281C,-16.07851219177246
A252M:T281E,-17.073143005371094
A252M:T281F,-17.1868896484375
A252M:T281G,-17.732093811035156
A252M:T281H,-17.101299285888672
A252M:T281I,-17.160585403442383
A252M:T281K,-15.672345161437988
A252M:T281M,-16.648399353027344
A252M:T281Q,-16.658241271972656
A252M:T281R,-15.38497543334961
A252M:T281S,-15.28510856628418
A252M:T281V,-16.209989547729492
A252M:T281W,-15.458894729614258
A252M:T281Y,-16.805965423583984
A252M:V280A,-15.071913719177246
A252M:V280C,-12.136810302734375
A252M:V280D,-23.318998336791992
A252M:V280E,-23.265352249145508
A252M:V280F,-15.91855239868164
A252M:V280G,-20.204605102539062
A252M:V280H,-22.845684051513672
A252M:V280I,-18.716114044189453
A252M:V280L,-18.551124572753906
A252M:W269V,-28.667810440063477
A252M:V280N,-21.652294158935547
A252M:W269P,-29.331966400146484
A252M:W269Q,-28.400068283081055
A252M:W269R,-27.518888473510742
A252M:W269S,-27.416202545166016
A252M:W269T,-28.351947784423828
A252M:W269Y,-25.053085327148438
A252M:W269N,-28.47237777709961
A252M:W269M,-28.141185760498047
A252M:W269L,-28.311079025268555
A252M:W269K,-28.421228408813477
A252M:V280P,-25.732158660888672
A252M:V280R,-27.55475616455078
A252M:V280S,-17.878128051757812
A252M:V280T,-17.94953727722168
A252M:V280W,-17.911258697509766
A252M:W269A,-28.11862564086914
A252M:W269C,-27.35605239868164
A252M:W269D,-28.271635055541992
A252M:W269E,-28.64965057373047
A252M:W269F,-25.08512306213379
A252M:W269H,-28.439544677734375
A252M:W269I,-28.4027042388916
A252M:V280M,-17.544574737548828
A252M:T244V,-13.791967391967773
A252M:T244S,-14.755071640014648
A252M:T244R,-13.70644474029541
A252M:T244Q,-16.884674072265625
A252M:T244P,-22.687183380126953
A252M:T244N,-16.476810455322266
A252M:T244M,-17.872821807861328
A252M:T244A,-14.343860626220703
A252M:T244D,-20.64926528930664
A252M:T244F,-15.842065811157227
A252M:T244G,-17.249603271484375
A252M:T244H,-15.352884292602539
A252M:T244I,-15.855602264404297
A252M:T244K,-14.111087799072266
A252M:T244L,-17.773820877075195
A252M:T270N,-14.186759948730469
A252M:T270R,-12.871328353881836
A252M:T270S,-13.13059139251709
A252M:T270M,-14.487561225891113
A252M:T270Y,-14.065644264221191
A252M:T270I,-16.19367027282715
A252M:T270D,-15.969867706298828
A252M:T270F,-14.008342742919922
A252M:T270H,-13.805994033813477
A252M:Q258S,-15.777873992919922
A252M:Q258A,-16.418485641479492
A252M:Q258C,-15.991395950317383
A252M:Q258E,-21.648967742919922
A252M:Q258T,-16.989355087280273
A252M:Q258H,-13.296635627746582
A252M:Q258K,-12.244088172912598
A252M:Q258L,-15.384387969970703
A252M:Q258M,-15.724588394165039
A252M:Q258N,-12.968241691589355
A252M:Q258P,-24.197532653808594
A252M:Q258R,-10.40190601348877
A252M:Q258I,-18.77178192138672
A252Y:V280A,-18.286903381347656
A252Y:V280C,-15.351799011230469
A252Y:V280D,-26.533987045288086
A252Y:V280E,-26.4803409576416
A252Y:V280W,-21.12624740600586
A252Y:V280T,-21.164525985717773
A252Y:V280S,-21.093116760253906
A252Y:V280R,-30.769744873046875
A252Y:V280P,-28.947147369384766
A252Y:V280N,-24.86728286743164
A252Y:V280L,-21.76611328125
A252Y:V280I,-21.931102752685547
A252Y:V280H,-26.060672760009766
A252Y:V280G,-23.419593811035156
A252Y:V280F,-19.133541107177734
A252Y:V280M,-20.759563446044922
A252Y:W269A,-31.333614349365234
A252Y:W269C,-30.571041107177734
A252Y:W269D,-31.486623764038086
A252Y:W269T,-31.566936492919922
A252Y:W269S,-30.63119125366211
A252Y:W269R,-30.733877182006836
A252Y:W269Q,-31.61505699157715
A252Y:W269P,-32.54695510864258
A252Y:W269N,-31.687366485595703
A252Y:W269V,-31.88279914855957
A252Y:W269M,-31.35617446899414
A252Y:W269K,-31.63621711730957
A252Y:W269I,-31.617692947387695
A252Y:W269H,-31.65453338623047
A252Y:W269F,-28.300111770629883
A252Y:W269E,-31.864639282226562
A252Y:W269L,-31.52606773376465
A252Y:W269Y,-28.26807403564453
A252N:E282Y,-22.883554458618164
A252N:F256A,-21.26789093017578
A252N:F256D,-28.719310760498047
A252N:F256E,-28.02384376525879
A252N:E282W,-19.51345443725586
A252N:F256K,-24.28553009033203
A252N:F256M,-17.552902221679688
A252N:F256N,-22.447114944458008
A252N:F256Q,-22.960227966308594
A252N:E282V,-21.75585174560547
A252N:E282S,-19.915346145629883
A252N:E282A,-20.49039077758789
A252N:E282C,-21.71108055114746
A252N:E282G,-22.154586791992188
A252N:E282H,-22.115516662597656
A252N:E282T,-19.608360290527344
A252N:E282I,-23.737247467041016
A252N:E282L,-23.48584747314453
A252N:E282M,-22.96994400024414
A252N:E282N,-22.079076766967773
A252N:E282P,-23.568050384521484
A252N:E282Q,-19.39300537109375
A252N:E282R,-20.386825561523438
A252N:E282K,-21.578784942626953
A252N:F256S,-22.05718994140625
A252N:F256V,-20.522720336914062
A252N:F278V,-24.523746490478516
A252N:F278W,-24.091779708862305
A252N:F278T,-26.311735153198242
A252N:F278S,-26.442068099975586
A252N:F278Q,-28.162399291992188
A252N:F256W,-19.58835220336914
A252N:F278A,-26.097496032714844
A252N:F278C,-24.156536102294922
A252N:F278D,-28.113967895507812
A252N:F278E,-29.166229248046875
A252N:F278R,-29.463802337646484
A252N:F278I,-24.97568130493164
A252N:F278K,-29.015356063842773
A252N:F278L,-22.981740951538086
A252N:F278N,-27.28999137878418
A252N:F278P,-29.434101104736328
A252N:F278H,-26.32048225402832
A252L:T244A,-16.398189544677734
A252L:T244S,-16.80940055847168
A252L:T244D,-22.703594207763672
A252L:T244F,-17.896394729614258
A252L:T244G,-19.303932189941406
A252L:T244H,-17.40721321105957
A252L:T244V,-15.846296310424805
A252L:T244I,-17.909931182861328
A252L:T244L,-19.828149795532227
A252L:T244M,-19.92715072631836
A252L:T244N,-18.531139373779297
A252L:T244P,-24.741512298583984
A252L:T244Q,-18.939002990722656
A252L:T244R,-15.760773658752441
A252L:T244K,-16.165416717529297
A252L:Q258C,-18.045724868774414
A252L:Q258A,-18.472814559936523
A252L:Q258E,-23.703296661376953
A252L:Q258H,-15.350964546203613
A252L:Q258I,-20.82611083984375
A252L:Q258K,-14.298417091369629
A252L:Q258L,-17.438716888427734
A252L:Q258M,-17.77891731262207
A252L:Q258N,-15.022570610046387
A252L:Q258P,-26.251861572265625
A252L:Q258S,-17.832202911376953
A252L:Q258T,-19.043684005737305
A252L:Q258R,-12.4562349319458
A252L:T281Y,-18.860294342041016
A252L:T281W,-17.51322364807129
A252L:T281V,-18.264318466186523
A252L:T281S,-17.33943748474121
A252L:T281R,-17.43930435180664
A252L:T281Q,-18.712570190429688
A252L:T281M,-18.702728271484375
A252L:T281A,-17.999366760253906
A252L:T281C,-18.132841110229492
A252L:T281E,-19.127471923828125
A252L:T281F,-19.24121856689453
A252L:T281G,-19.786422729492188
A252L:T281H,-19.155628204345703
A252L:T281I,-19.214914321899414
A252L:T281K,-17.726673126220703
A252L:T270Y,-16.119972229003906
A252L:T270S,-15.184920310974121
A252L:T270D,-18.02419662475586
A252L:T270F,-16.062671661376953
A252L:T270R,-14.925657272338867
A252L:T270I,-18.24799919128418
A252L:T270M,-16.541889190673828
A252L:T270N,-16.2410888671875
A252L:T270H,-15.860322952270508
A252M:F278H,-24.92872428894043
A252M:F278I,-23.58392333984375
A252M:F278K,-27.623598098754883
A252M:F278L,-21.589982986450195
A252M:F278N,-25.89823341369629
A252M:F278Q,-26.770641326904297
A252M:F278R,-28.072044372558594
A252M:F278S,-25.050310134887695
A252M:F278T,-24.91997718811035
A252M:F278V,-23.131988525390625
A252M:F278W,-22.700021743774414
A252M:F278P,-28.042343139648438
A252M:F278E,-27.774471282958984
A252M:F278D,-26.722209930419922
A252M:F278A,-24.705738067626953
A252M:E282C,-20.31932258605957
A252M:E282A,-19.0986328125
A252M:E282G,-20.762828826904297
A252M:E282H,-20.723758697509766
A252M:F256K,-22.89377212524414
A252M:F256M,-16.161144256591797
A252M:F256N,-21.055356979370117
A252M:F256S,-20.66543197631836
A252M:F256V,-19.130962371826172
A252M:F256W,-18.19659423828125
A252M:F256Q,-21.568470001220703
A252M:F278C,-22.76477813720703
A252M:F256E,-26.6320858001709
A252M:E282I,-22.345489501953125
A252M:E282K,-20.187026977539062
A252M:E282L,-22.09408950805664
A252M:E282M,-21.57818603515625
A252M:E282N,-20.687318801879883
A252M:E282P,-22.176292419433594
A252M:F256D,-27.327552795410156
A252M:E282Q,-18.00124740600586
A252M:E282S,-18.523588180541992
A252M:E282T,-18.216602325439453
A252M:E282V,-20.364093780517578
A252M:E282W,-18.12169647216797
A252M:E282Y,-21.491796493530273
A252M:F256A,-19.87613296508789
A252M:E282R,-18.995067596435547
A252L:V280L,-20.605453491210938
A252L:V280M,-19.59890365600586
A252L:V280N,-23.706623077392578
A252L:V280P,-27.786487579345703
A252L:V280I,-20.770442962646484
A252L:V280R,-29.609085083007812
A252L:V280T,-20.00386619567871
A252L:V280W,-19.965587615966797
A252L:W269A,-30.172954559326172
A252L:W269C,-29.410381317138672
A252L:W269D,-30.325963973999023
A252L:V280S,-19.932456970214844
A252L:W269E,-30.7039794921875
A252L:V280H,-24.900012969970703
A252L:V280F,-17.972881317138672
A252L:V280G,-22.258934020996094
A252L:V280A,-17.126243591308594
A252L:V280C,-14.191139221191406
A252L:V280D,-25.373327255249023
A252L:V280E,-25.31968116760254
A252L:W269F,-27.13945198059082
A252L:W269H,-30.493873596191406
A252L:W269I,-30.457033157348633
A252L:W269K,-30.475557327270508
A252L:W269L,-30.365407943725586
A252L:W269M,-30.195514678955078
A252L:W269N,-30.52670669555664
A252L:W269P,-31.386295318603516
A252L:W269Q,-30.454397201538086
A252L:W269S,-29.470531463623047
A252L:W269T,-30.40627670288086
A252L:W269V,-30.722139358520508
A252L:W269Y,-27.10741424560547
A252L:W269R,-29.573217391967773
A252W:F278R,-30.692062377929688
A252W:F278S,-27.67032814025879
A252W:F278T,-27.539995193481445
A252W:F278V,-25.75200653076172
A252W:F278W,-25.320039749145508
A252W:F278Q,-29.39065933227539
A252W:F278P,-30.66236114501953
A252W:F278N,-28.518251419067383
A252W:F256M,-18.78116226196289
A252W:F256K,-25.513790130615234
A252W:F256N,-23.67537498474121
A252W:F256E,-29.252103805541992
A252W:F256A,-22.496150970458984
A252W:E282Y,-24.111814498901367
A252W:E282W,-20.741714477539062
A252W:E282V,-22.984111785888672
A252W:E282T,-20.836620330810547
A252W:F256D,-29.94757080078125
A252W:F278L,-24.21000099182129
A252W:F278K,-30.243616104125977
A252W:F278I,-26.203941345214844
A252W:F278H,-27.548742294311523
A252W:F278E,-30.394489288330078
A252W:F256Q,-24.188488006591797
A252W:F278D,-29.342227935791016
A252W:F278A,-27.325756072998047
A252W:F256W,-20.816612243652344
A252W:F256V,-21.750980377197266
A252W:F256S,-23.285449981689453
A252W:F278C,-25.384796142578125
A252W:E282S,-21.143606185913086
A252W:E282R,-21.61508560180664
A252W:E282Q,-20.621265411376953
A252W:E282P,-24.796310424804688
A252W:E282N,-23.307336807250977
A252W:E282M,-24.198204040527344
A252W:E282L,-24.714107513427734
A252W:E282K,-22.807044982910156
A252W:E282I,-24.96550750732422
A252W:E282H,-23.34377670288086
A252W:E282G,-23.38284683227539
A252W:E282C,-22.939340591430664
A252W:E282A,-21.718650817871094
A252W:Q258T,-19.609373092651367
A252W:Q258R,-13.021924018859863
A252W:Q258P,-26.817550659179688
A252W:Q258N,-15.58825969696045
A252W:Q258M,-18.344606399536133
A252W:Q258L,-18.004405975341797
A252W:Q258K,-14.864106178283691
A252W:Q258S,-18.397891998291016
A252W:Q258I,-21.391799926757812
A252W:Q258H,-15.916653633117676
A252W:Q258E,-24.268985748291016
A252W:Q258C,-18.611413955688477
A252W:Q258A,-19.038503646850586
A252V:T244G,-14.634117126464844
A252V:T244F,-13.226579666137695
A252V:T244D,-18.03377914428711
A252V:T244A,-11.728374481201172
A252V:Q258T,-14.373868942260742
A252V:T244H,-12.737398147583008
A252V:Q258S,-13.16238784790039
A252V:T244I,-13.240116119384766
A252V:T244L,-15.158334732055664
A252V:T270M,-11.872075080871582
A252V:T270N,-11.571273803710938
A252V:T270R,-10.255842208862305
A252V:T270S,-10.515105247497559
A252V:T270Y,-11.45015811920166
A252V:T270I,-13.578184127807617
A252V:T270H,-11.190507888793945
A252V:T270F,-11.39285659790039
A252V:T244S,-12.139585494995117
A252V:T244R,-11.090958595275879
A252V:T244Q,-14.269187927246094
A252V:T244P,-20.071697235107422
A252V:T244N,-13.861324310302734
A252V:T244M,-15.257335662841797
A252V:T244V,-11.176481246948242
A252V:T244K,-11.495601654052734
A252V:T270D,-13.354381561279297
A252V:Q258R,-7.78641939163208
A252V:Q258P,-21.582046508789062
A252V:Q258N,-10.352755546569824
A252V:Q258M,-13.109102249145508
A252V:Q258L,-12.768901824951172
A252V:Q258K,-9.628602027893066
A252V:Q258I,-16.156295776367188
A252V:Q258H,-10.68114948272705
A252V:Q258C,-13.375909805297852
A252V:Q258A,-13.802999496459961
A252V:Q258E,-19.03348159790039
A252V:W269Y,-22.437599182128906
A252V:W269V,-26.052324295043945
A252V:W269T,-25.736461639404297
A252V:W269S,-24.800716400146484
A252V:W269R,-24.90340232849121
A252V:W269Q,-25.784582138061523
A252V:W269N,-25.856891632080078
A252V:T281E,-14.457656860351562
A252V:T281F,-14.571402549743652
A252V:T281G,-15.116608619689941
A252V:T281H,-14.48581314086914
A252V:T281I,-14.545099258422852
A252V:T281K,-13.056859016418457
A252V:T281M,-14.032913208007812
A252V:T281Q,-14.042755126953125
A252V:T281R,-12.769489288330078
A252V:T281S,-12.669622421264648
A252V:T281V,-13.594503402709961
A252V:T281W,-12.843408584594727
A252V:T281Y,-14.19048023223877
A252V:T281C,-13.46302604675293
A252V:T281A,-13.329551696777344
A252V:V280N,-19.036808013916016
A252V:V280M,-14.929088592529297
A252V:V280L,-15.935637474060059
A252V:V280I,-16.100627899169922
A252V:V280H,-20.23019790649414
A252V:V280P,-23.11667251586914
A252V:V280G,-17.58911895751953
A252V:V280E,-20.649866104125977
A252V:V280D,-20.70351219177246
A252V:V280C,-9.521324157714844
A252V:V280A,-12.456427574157715
A252V:V280F,-13.30306625366211
A252V:V280S,-15.262642860412598
A252V:W269M,-25.525699615478516
A252V:W269L,-25.695592880249023
A252V:W269K,-25.805742263793945
A252V:W269I,-25.78721809387207
A252V:W269H,-25.824058532714844
A252V:V280R,-24.93927001953125
A252V:W269F,-22.469636917114258
A252V:W269D,-25.65614891052246
A252V:W269C,-24.74056625366211
A252V:W269A,-25.50313949584961
A252V:V280W,-15.295772552490234
A252V:V280T,-15.334051132202148
A252V:W269E,-26.034164428710938
A252V:W269P,-26.716480255126953
A252Y:F278W,-25.915010452270508
A252Y:F278V,-26.34697723388672
A252Y:F278T,-28.134965896606445
A252Y:F278S,-28.26529884338379
A252Y:F278Q,-29.98563003540039
A252Y:F278P,-31.25733184814453
A252Y:F278N,-29.113222122192383
A252Y:F278L,-24.80497169494629
A252Y:F278K,-30.838586807250977
A252Y:F278R,-31.287033081054688
A252Y:T270D,-19.184856414794922
A252Y:T270F,-17.223331451416016
A252Y:T270H,-17.02098274230957
A252Y:T270I,-19.408658981323242
A252Y:T270M,-17.70254898071289
A252Y:T270N,-17.401748657226562
A252Y:T270Y,-17.28063201904297
A252Y:T270S,-16.3455810546875
A252Y:T270R,-16.08631706237793
A252Y:T244N,-19.69179916381836
A252Y:T244M,-21.087810516357422
A252Y:T244L,-20.98880958557129
A252Y:T244K,-17.32607650756836
A252Y:T244I,-19.07059097290039
A252Y:T244H,-18.567873001098633
A252Y:T244P,-25.902172088623047
A252Y:T244G,-20.46459197998047
A252Y:T244D,-23.864253997802734
A252Y:T244A,-17.558849334716797
A252Y:T244F,-19.05705451965332
A252Y:T244Q,-20.09966278076172
A252Y:T244S,-17.970060348510742
A252Y:T244R,-16.921432495117188
A252Y:T244V,-17.006956100463867
A252Y:T281F,-20.401878356933594
A252Y:T281E,-20.288131713867188
A252Y:T281C,-19.293500900268555
A252Y:T281A,-19.16002655029297
A252Y:T281G,-20.94708251953125
A252Y:T281H,-20.316287994384766
A252Y:T281K,-18.887332916259766
A252Y:T281Y,-20.020954132080078
A252Y:T281W,-18.67388343811035
A252Y:T281I,-20.375574111938477
A252Y:T281V,-19.424978256225586
A252Y:T281R,-18.599964141845703
A252Y:T281Q,-19.87322998046875
A252Y:T281M,-19.863388061523438
A252Y:T281S,-18.500097274780273
A252Y:F278I,-26.798912048339844
A252Y:Q258A,-19.633474349975586
A252Y:Q258C,-19.206384658813477
A252Y:Q258T,-20.204343795776367
A252Y:Q258S,-18.992862701416016
A252Y:Q258R,-13.616894721984863
A252Y:Q258P,-27.412521362304688
A252Y:Q258N,-16.183231353759766
A252Y:Q258M,-18.939577102661133
A252Y:Q258L,-18.599376678466797
A252Y:Q258I,-21.986770629882812
A252Y:Q258H,-16.511625289916992
A252Y:Q258E,-24.863956451416016
A252Y:Q258K,-15.459076881408691
A252Y:F278H,-28.143712997436523
A252Y:F278E,-30.989459991455078
A252W:T281M,-19.268417358398438
A252W:T281K,-18.292362213134766
A252W:T281I,-19.780603408813477
A252W:T281H,-19.721317291259766
A252W:T281G,-20.35211181640625
A252W:T281F,-19.806907653808594
A252W:T281C,-18.698530197143555
A252W:T281A,-18.56505584716797
A252W:T281E,-19.693161010742188
A252W:T281R,-18.004993438720703
A252W:T281Q,-19.27825927734375
A252W:T281Y,-19.425983428955078
A252W:T281W,-18.07891273498535
A252W:T281V,-18.830007553100586
A252W:T281S,-17.905126571655273
A252W:W269Y,-27.67310333251953
A252W:W269V,-31.28782844543457
A252W:W269T,-30.971965789794922
A252W:W269R,-30.138906478881836
A252W:W269Q,-31.02008628845215
A252W:W269P,-31.951984405517578
A252W:W269N,-31.092395782470703
A252W:W269M,-30.76120376586914
A252W:W269L,-30.93109703063965
A252W:W269S,-30.03622055053711
A252W:W269K,-31.04124641418457
A252W:W269I,-31.022722244262695
A252W:V280G,-22.824623107910156
A252W:V280F,-18.538570404052734
A252W:V280E,-25.8853702545166
A252W:V280D,-25.939016342163086
A252W:V280C,-14.756828308105469
A252W:V280A,-17.691932678222656
A252W:V280H,-25.465702056884766
A252W:W269H,-31.05956268310547
A252W:V280I,-21.336132049560547
A252W:V280L,-21.171142578125
A252W:W269F,-27.705141067504883
A252W:W269E,-31.269668579101562
A252W:W269D,-30.891653060913086
A252W:W269C,-29.976070404052734
A252W:W269A,-30.738643646240234
A252W:V280W,-20.53127670288086
A252W:V280S,-20.498146057128906
A252W:V280R,-30.174774169921875
A252W:V280P,-28.352176666259766
A252W:V280N,-24.27231216430664
A252W:V280M,-20.164592742919922
A252W:V280T,-20.569555282592773
A252W:T244F,-18.46208381652832
A252W:T244G,-19.86962127685547
A252W:T244H,-17.972902297973633
A252W:T244I,-18.47562026977539
A252W:T244K,-16.73110580444336
A252W:T244L,-20.39383888244629
A252W:T244M,-20.492839813232422
A252W:T244N,-19.09682846069336
A252W:T244P,-25.307201385498047
A252W:T244Q,-19.50469207763672
A252W:T244R,-16.326461791992188
A252W:T244S,-17.375089645385742
A252W:T244V,-16.411985397338867
A252W:T244D,-23.269283294677734
A252W:T244A,-16.963878631591797
A252W:T270R,-15.49134635925293
A252W:T270N,-16.806777954101562
A252W:T270M,-17.10757827758789
A252W:T270S,-15.750609397888184
A252W:T270H,-16.42601203918457
A252W:T270F,-16.628360748291016
A252W:T270D,-18.589885711669922
A252W:T270I,-18.813688278198242
A252W:T270Y,-16.68566131591797
A252Y:F256E,-29.847074508666992
A252Y:F256D,-30.54254150390625
A252Y:F256A,-23.091121673583984
A252Y:E282Y,-24.706785202026367
A252Y:E282W,-21.336685180664062
A252Y:E282V,-23.579082489013672
A252Y:E282S,-21.738576889038086
A252Y:E282R,-22.21005630493164
A252Y:E282Q,-21.216236114501953
A252Y:E282P,-25.391281127929688
A252Y:E282N,-23.902307510375977
A252Y:E282M,-24.793174743652344
A252Y:E282T,-21.431591033935547
A252Y:E282L,-25.309078216552734
A252Y:F256K,-26.108760833740234
A252Y:F278D,-29.937198638916016
A252Y:F278C,-25.979766845703125
A252Y:F278A,-27.920726776123047
A252Y:F256W,-21.411582946777344
A252Y:F256V,-22.345951080322266
A252Y:F256Q,-24.783458709716797
A252Y:F256N,-24.27034568786621
A252Y:F256M,-19.37613296508789
A252Y:F256S,-23.880420684814453
A252Y:E282K,-23.402015686035156
A252Y:E282H,-23.93874740600586
A252Y:E282I,-25.56047821044922
A252Y:E282G,-23.97781753540039
A252Y:E282C,-23.534311294555664
A252Y:E282A,-22.313621520996094
A252H:F278W,-25.9722843170166
A252H:F278V,-26.404251098632812
A252H:F278T,-28.19223976135254
A252H:F278R,-31.34430694580078
A252H:F278Q,-30.042903900146484
A252H:F278P,-31.314605712890625
A252H:F278N,-29.170495986938477
A252H:F278L,-24.862245559692383
A252H:F278S,-28.322572708129883
A252H:T270D,-19.242130279541016
A252H:T270F,-17.28060531616211
A252H:T270H,-17.078256607055664
A252H:T270I,-19.465932846069336
A252H:T270M,-17.759822845458984
A252H:T270N,-17.459022521972656
A252H:T270Y,-17.337905883789062
A252H:T270S,-16.402854919433594
A252H:T270R,-16.143590927124023
A252H:T244P,-25.95944595336914
A252H:T244N,-19.749073028564453
A252H:T244M,-21.145084381103516
A252H:T244L,-21.046083450317383
A252H:T244K,-17.383350372314453
A252H:T244I,-19.127864837646484
A252H:T244Q,-20.156936645507812
A252H:T244H,-18.625146865844727
A252H:T244F,-19.114328384399414
A252H:T244D,-23.921527862548828
A252H:T244A,-17.61612319946289
A252H:T244G,-20.521865844726562
A252H:T244R,-16.97870635986328
A252H:T244V,-17.06422996520996
A252H:T244S,-18.027334213256836
A252H:T281G,-21.004356384277344
A252H:T281F,-20.459152221679688
A252H:T281E,-20.34540557861328
A252H:T281C,-19.35077476501465
A252H:T281A,-19.217300415039062
A252H:T281H,-20.37356185913086
A252H:T281I,-20.43284797668457
A252H:T281Y,-20.078227996826172
A252H:T281K,-18.94460678100586
A252H:T281W,-18.731157302856445
A252H:T281S,-18.557371139526367
A252H:T281R,-18.657238006591797
A252H:T281Q,-19.930503845214844
A252H:T281M,-19.92066192626953
A252H:T281V,-19.48225212097168
A252H:F278K,-30.89586067199707
A252H:Q258A,-19.69074821472168
A252H:Q258C,-19.26365852355957
A252H:Q258T,-20.26161766052246
A252H:Q258S,-19.05013656616211
A252H:Q258R,-13.674168586730957
A252H:Q258P,-27.46979522705078
A252H:Q258N,-16.24050521850586
A252H:Q258M,-18.996850967407227
A252H:Q258K,-15.516350746154785
A252H:Q258I,-22.044044494628906
A252H:Q258H,-16.568899154663086
A252H:Q258E,-24.92123031616211
A252H:Q258L,-18.65665054321289
A252H:F278I,-26.856185913085938
A252G:T281M,-6.77014684677124
A252G:T281K,-5.794092178344727
A252G:T281I,-7.282331943511963
A252G:T281Q,-6.7799882888793945
A252G:T281H,-7.22304630279541
A252G:T281F,-7.308635711669922
A252G:T281E,-7.194889545440674
A252G:T281C,-6.200259685516357
A252G:T281A,-6.066784381866455
A252G:T281G,-7.853841781616211
A252G:T281R,-5.5067219734191895
A252G:T281V,-6.3317365646362305
A252G:T281S,-5.406856060028076
A252G:T281Y,-6.927713394165039
A252G:T281W,-5.580641269683838
A252G:W269N,-18.594125747680664
A252G:W269P,-19.45371437072754
A252G:W269Q,-18.52181625366211
A252G:W269R,-17.640636444091797
A252G:W269S,-17.53795051574707
A252G:W269T,-18.473695755004883
A252G:W269V,-18.78955841064453
A252G:W269Y,-15.174832344055176
A252G:W269M,-18.2629337310791
A252G:W269L,-18.43282699584961
A252G:W269K,-18.54297637939453
A252G:W269I,-18.524452209472656
A252G:V280I,-8.837862014770508
A252G:V280H,-12.96743106842041
A252G:V280G,-10.326351165771484
A252G:V280F,-6.040299415588379
A252G:V280E,-13.387099266052246
A252G:V280D,-13.44074535369873
A252G:V280C,-2.258556842803955
A252G:V280A,-5.193660736083984
A252G:V280L,-8.672870635986328
A252G:V280N,-11.774041175842285
A252G:W269H,-18.56129264831543
A252G:W269F,-15.206870079040527
A252G:W269E,-18.771398544311523
A252G:W269D,-18.393383026123047
A252G:W269C,-17.477800369262695
A252G:V280M,-7.666321277618408
A252G:W269A,-18.240373611450195
A252G:V280W,-8.033005714416504
A252G:V280T,-8.071284294128418
A252G:V280S,-7.999876022338867
A252G:V280R,-17.676504135131836
A252G:V280P,-15.85390567779541
A252G:T244H,-5.474630832672119
A252G:T244I,-5.977349281311035
A252G:T244K,-4.232835292816162
A252G:T244L,-7.895567893981934
A252G:T244M,-7.994568824768066
A252G:T244N,-6.598557472229004
A252G:T244P,-12.808930397033691
A252G:T244Q,-7.006421089172363
A252G:T244R,-3.8281915187835693
A252G:T244S,-4.8768181800842285
A252G:T244V,-3.913714647293091
A252G:T244G,-7.3713507652282715
A252G:T244F,-5.963813304901123
A252G:T244D,-10.771012306213379
A252G:T244A,-4.4656081199646
A252G:T270D,-6.091614723205566
A252G:T270S,-3.2523386478424072
A252G:T270R,-2.993074893951416
A252G:T270N,-4.308506965637207
A252G:T270M,-4.609308242797852
A252G:T270I,-6.315417289733887
A252G:T270H,-3.927741289138794
A252G:T270F,-4.13008975982666
A252G:T270Y,-4.18739128112793
A252H:F256E,-29.904348373413086
A252H:F256D,-30.599815368652344
A252H:F256A,-23.148395538330078
A252H:E282Y,-24.76405906677246
A252H:E282W,-21.393959045410156
A252H:E282T,-21.48886489868164
A252H:E282S,-21.79585075378418
A252H:E282R,-22.267330169677734
A252H:E282Q,-21.273509979248047
A252H:E282P,-25.44855499267578
A252H:E282N,-23.95958137512207
A252H:E282V,-23.636356353759766
A252H:E282M,-24.850448608398438
A252H:F278E,-31.046733856201172
A252H:F278D,-29.99447250366211
A252H:F278C,-26.03704071044922
A252H:F278A,-27.97800064086914
A252H:F256W,-21.468856811523438
A252H:F256K,-26.166034698486328
A252H:F256V,-22.40322494506836
A252H:F256S,-23.937694549560547
A252H:F256Q,-24.84073257446289
A252H:F256N,-24.327619552612305
A252H:F256M,-19.433406829833984
A252H:E282L,-25.366352081298828
A252H:E282I,-25.617752075195312
A252H:E282K,-23.45928955078125
A252H:E282H,-23.996021270751953
A252H:E282G,-24.035091400146484
A252H:E282C,-23.591585159301758
A252H:E282A,-22.370895385742188
A252H:F278H,-28.200986862182617
A252H:V280A,-18.34417724609375
A252H:V280C,-15.409072875976562
A252H:V280D,-26.59126091003418
A252H:V280E,-26.537614822387695
A252H:V280F,-19.190814971923828
A252H:V280W,-21.183521270751953
A252H:V280T,-21.221799850463867
A252H:V280S,-21.150390625
A252H:V280R,-30.82701873779297
A252H:V280P,-29.00442123413086
A252H:V280M,-20.816837310791016
A252H:V280L,-21.823387145996094
A252H:V280I,-21.98837661743164
A252H:V280H,-26.11794662475586
A252H:V280G,-23.47686767578125
A252H:V280N,-24.924556732177734
A252H:W269A,-31.390888214111328
A252H:W269C,-30.628314971923828
A252H:W269D,-31.54389762878418
A252H:W269E,-31.921913146972656
A252H:W269V,-31.940073013305664
A252H:W269T,-31.624210357666016
A252H:W269S,-30.688465118408203
A252H:W269R,-30.79115104675293
A252H:W269Q,-31.672330856323242
A252H:W269P,-32.60422897338867
A252H:W269Y,-28.325347900390625
A252H:W269N,-31.744640350341797
A252H:W269L,-31.583341598510742
A252H:W269K,-31.693490982055664
A252H:W269I,-31.67496681213379
A252H:W269H,-31.711807250976562
A252H:W269F,-28.357385635375977
A252H:W269M,-31.413448333740234
A252L:F278H,-26.98305320739746
A252L:F278E,-29.828800201416016
A252L:F278D,-28.776538848876953
A252L:F278C,-24.819107055664062
A252L:F278A,-26.760066986083984
A252L:F256W,-20.25092315673828
A252L:F256V,-21.185291290283203
A252L:F256S,-22.71976089477539
A252L:F256Q,-23.622798919677734
A252L:F256N,-23.10968589782715
A252L:F256M,-18.215473175048828
A252L:E282R,-21.049396514892578
A252L:E282S,-20.577917098999023
A252L:E282T,-20.270931243896484
A252L:E282V,-22.41842269897461
A252L:E282W,-20.176025390625
A252L:E282Y,-23.546125411987305
A252L:F278I,-25.63825225830078
A252L:F256A,-21.930461883544922
A252L:F256D,-29.381881713867188
A252L:F256E,-28.68641471862793
A252L:F256K,-24.948101043701172
A252L:F278K,-29.677927017211914
A252L:F278L,-23.644311904907227
A252L:E282Q,-20.05557632446289
A252L:F278N,-27.95256233215332
A252L:F278P,-30.09667205810547
A252L:F278Q,-28.824970245361328
A252L:F278R,-30.126373291015625
A252L:F278S,-27.104639053344727
A252L:F278T,-26.974306106567383
A252L:F278V,-25.186317443847656
A252L:F278W,-24.754350662231445
A252L:E282P,-24.230621337890625
A252L:E282N,-22.741647720336914
A252L:E282M,-23.63251495361328
A252L:E282A,-21.15296173095703
A252L:E282C,-22.3736515045166
A252L:E282G,-22.817157745361328
A252L:E282H,-22.778087615966797
A252L:E282I,-24.399818420410156
A252L:E282K,-22.241355895996094
A252L:E282L,-24.148418426513672
A252G:Q258T,-7.111102104187012
A252G:Q258S,-5.89962100982666
A252G:Q258R,-0.5236526727676392
A252G:Q258P,-14.319279670715332
A252G:Q258N,-3.0899887084960938
A252G:Q258M,-5.846335411071777
A252G:Q258L,-5.506134510040283
A252G:Q258K,-2.365835428237915
A252G:Q258H,-3.4183828830718994
A252G:Q258I,-8.893529891967773
A252G:Q258E,-11.77071475982666
A252G:Q258C,-6.113143444061279
A252G:Q258A,-6.540232181549072
A252G:F278P,-18.164091110229492
A252G:F278N,-16.019981384277344
A252G:F278L,-11.711730003356934
A252G:F278K,-17.745346069335938
A252G:F278I,-13.705669403076172
A252G:F278H,-15.050471305847168
A252G:F278E,-17.89621925354004
A252G:F278D,-16.843957901000977
A252G:F278C,-12.886526107788086
A252G:F278A,-14.827485084533691
A252G:F256W,-8.318340301513672
A252G:F256V,-9.25270938873291
A252G:F256S,-10.787179946899414
A252G:F256A,-9.997880935668945
A252G:F256D,-17.44930076599121
A252G:F256E,-16.753833770751953
A252G:F278Q,-16.89238739013672
A252G:F256M,-6.282890796661377
A252G:F256N,-11.177103996276855
A252G:F256Q,-11.690217018127441
A252G:F256K,-13.015520095825195
A252G:F278R,-18.19379234313965
A252G:F278S,-15.172057151794434
A252G:F278T,-15.04172420501709
A252G:E282Y,-11.613543510437012
A252G:F278V,-13.25373649597168
A252G:F278W,-12.821768760681152
A252G:E282W,-8.243444442749023
A252G:E282V,-10.485841751098633
A252G:E282T,-8.338350296020508
A252G:E282C,-10.441069602966309
A252G:E282G,-10.884574890136719
A252G:E282H,-10.845504760742188
A252G:E282I,-12.467236518859863
A252G:E282A,-9.220380783081055
A252G:E282K,-10.308773040771484
A252G:E282M,-11.699934005737305
A252G:E282N,-10.809065818786621
A252G:E282P,-12.298038482666016
A252G:E282Q,-8.122995376586914
A252G:E282R,-9.116815567016602
A252G:E282S,-8.64533519744873
A252G:E282L,-12.215837478637695
A252E:Q258E,-24.786888122558594
A252E:Q258C,-19.129316329956055
A252E:Q258A,-19.556406021118164
A252E:Q258H,-16.43455696105957
A252E:Q258I,-21.90970230102539
A252E:Q258K,-15.38200855255127
A252E:Q258T,-20.127275466918945
A252E:Q258S,-18.915794372558594
A252E:Q258R,-13.539826393127441
A252E:Q258P,-27.335453033447266
A252E:Q258N,-16.106163024902344
A252E:Q258M,-18.86250877380371
A252E:Q258L,-18.522308349609375
A252E:V280N,-24.79021453857422
A252E:V280M,-20.6824951171875
A252E:V280L,-21.689044952392578
A252E:V280I,-21.854034423828125
A252E:V280H,-25.983604431152344
A252E:V280G,-23.342525482177734
A252E:V280E,-26.40327262878418
A252E:V280D,-26.456918716430664
A252E:V280C,-15.274730682373047
A252E:V280A,-18.209835052490234
A252E:V280F,-19.056472778320312
A252E:V280P,-28.870079040527344
A252E:V280R,-30.692676544189453
A252E:V280S,-21.016048431396484
A252E:W269M,-31.27910614013672
A252E:W269L,-31.448999404907227
A252E:W269K,-31.55914878845215
A252E:W269I,-31.540624618530273
A252E:W269H,-31.577465057373047
A252E:W269N,-31.61029815673828
A252E:W269F,-28.22304344177246
A252E:W269D,-31.409555435180664
A252E:W269C,-30.493972778320312
A252E:W269A,-31.256546020507812
A252E:V280W,-21.049179077148438
A252E:V280T,-21.08745765686035
A252E:W269E,-31.78757095336914
A252E:W269P,-32.469886779785156
A252E:W269Q,-31.537988662719727
A252E:W269R,-30.656808853149414
A252E:W269Y,-28.19100570678711
A252E:W269V,-31.80573081970215
A252E:W269T,-31.4898681640625
A252E:W269S,-30.554122924804688
A252E:T281Y,-19.943885803222656
A252E:T281W,-18.59681510925293
A252E:T281V,-19.347909927368164
A252E:T270D,-19.1077880859375
A252E:T270F,-17.146263122558594
A252E:T270Y,-17.203563690185547
A252E:T270S,-16.268512725830078
A252E:T270R,-16.009248733520508
A252E:T270M,-17.62548065185547
A252E:T270I,-19.33159065246582
A252E:T270H,-16.94391441345215
A252E:T270N,-17.32468032836914
A252E:T244A,-17.481781005859375
A252E:T244D,-23.787185668945312
A252E:T244F,-18.9799861907959
A252E:T244G,-20.387523651123047
A252E:T244V,-16.929887771606445
A252E:T244S,-17.89299201965332
A252E:T244R,-16.844364166259766
A252E:T244Q,-20.022594451904297
A252E:T244P,-25.825103759765625
A252E:T244N,-19.614730834960938
A252E:T244M,-21.0107421875
A252E:T244L,-20.911741256713867
A252E:T244K,-17.249008178710938
A252E:T244I,-18.99352264404297
A252E:T244H,-18.49080467224121
A252E:T281C,-19.216432571411133
A252E:T281S,-18.42302894592285
A252E:T281R,-18.52289581298828
A252E:T281Q,-19.796161651611328
A252E:T281M,-19.786319732666016
A252E:T281A,-19.082958221435547
A252E:T281I,-20.298505783081055
A252E:T281H,-20.239219665527344
A252E:T281G,-20.870014190673828
A252E:T281F,-20.324810028076172
A252E:T281E,-20.211063385009766
A252E:T281K,-18.810264587402344
A252P:F278V,-21.324729919433594
A252P:F278T,-23.112716674804688
A252P:F278S,-23.24304962158203
A252P:F278R,-26.26478385925293
A252P:F278Q,-24.96337890625
A252P:F278P,-26.235082626342773
A252P:F278W,-20.89276123046875
A252P:F278N,-24.090972900390625
A252P:F278L,-19.78272247314453
A252P:F278K,-25.81633758544922
A252P:F278I,-21.776660919189453
A252P:F278H,-23.121463775634766
A252P:F278E,-25.96721076965332
A252P:F278D,-24.91495132446289
A252P:F278C,-20.95751953125
A252P:E282Y,-19.68453598022461
A252P:E282W,-16.314437866210938
A252P:E282V,-18.556835174560547
A252P:E282T,-16.40934181213379
A252P:E282S,-16.716327667236328
A252P:E282R,-17.187808990478516
A252P:F256A,-18.06887435913086
A252P:E282Q,-16.193988800048828
A252P:E282N,-18.88005828857422
A252P:E282M,-19.77092742919922
A252P:E282L,-20.28683090209961
A252P:E282K,-18.379764556884766
A252P:E282I,-20.53822898864746
A252P:E282H,-18.91649627685547
A252P:E282P,-20.369029998779297
A252P:E282G,-18.95556640625
A252P:F256E,-24.824825286865234
A252P:F256W,-16.389331817626953
A252P:F256V,-17.323701858520508
A252P:F256S,-18.858173370361328
A252P:F256Q,-19.76120948791504
A252P:F256D,-25.520292282104492
A252P:F256M,-14.353883743286133
A252P:F256K,-21.08651351928711
A252P:F256N,-19.248096466064453
A252P:E282C,-18.512062072753906
A252P:E282A,-17.29137420654297
A252P:F278A,-22.89847755432129
A252P:Q258A,-14.611225128173828
A252P:Q258C,-14.184135437011719
A252P:Q258E,-19.841707229614258
A252P:Q258T,-15.18209457397461
A252P:Q258S,-13.970613479614258
A252P:Q258R,-8.594645500183105
A252P:Q258P,-22.39027214050293
A252P:Q258N,-11.160981178283691
A252P:Q258L,-13.577127456665039
A252P:Q258K,-10.436827659606934
A252P:Q258I,-16.964521408081055
A252P:Q258H,-11.489375114440918
A252P:Q258M,-13.917327880859375
A252N:T244D,-22.04102325439453
A252N:T244A,-15.735618591308594
A252N:T244F,-17.233823776245117
A252N:T244G,-18.641361236572266
A252N:T244I,-17.247360229492188
A252N:T244V,-15.183725357055664
A252N:T244H,-16.74464225769043
A252N:T244S,-16.14682960510254
A252N:T244Q,-18.276432037353516
A252N:T244P,-24.078941345214844
A252N:T244N,-17.868568420410156
A252N:T244M,-19.26457977294922
A252N:T244L,-19.165578842163086
A252N:T244K,-15.502845764160156
A252N:T244R,-15.0982027053833
A252N:T270D,-17.36162567138672
A252N:T270F,-15.400100708007812
A252N:T270Y,-15.457402229309082
A252N:T270S,-14.52234935760498
A252N:T270R,-14.263086318969727
A252N:T270N,-15.57851791381836
A252N:T270M,-15.879319190979004
A252N:T270I,-17.58542823791504
A252N:T270H,-15.197751998901367
A252N:Q258I,-20.16353988647461
A252N:Q258H,-14.688393592834473
A252N:Q258E,-23.040725708007812
A252N:Q258K,-13.635846138000488
A252N:Q258C,-17.383153915405273
A252N:Q258A,-17.810243606567383
A252N:Q258L,-16.776145935058594
A252N:Q258N,-14.359999656677246
A252N:Q258M,-17.11634635925293
A252N:Q258T,-18.381113052368164
A252N:Q258S,-17.169631958007812
A252N:Q258R,-11.79366397857666
A252N:Q258P,-25.589290618896484
A252N:T281Y,-18.197723388671875
A252N:T281A,-17.336795806884766
A252N:T281C,-17.47027015686035
A252N:T281W,-16.85065269470215
A252N:T281V,-17.601747512817383
A252N:T281S,-16.67686653137207
A252N:T281R,-16.7767333984375
A252N:T281Q,-18.049999237060547
A252N:T281M,-18.040157318115234
A252N:T281K,-17.064102172851562
A252N:T281I,-18.552343368530273
A252N:T281H,-18.493057250976562
A252N:T281G,-19.123851776123047
A252N:T281F,-18.57864761352539
A252N:T281E,-18.464900970458984
A252N:W269Q,-29.791826248168945
A252N:W269P,-30.723724365234375
A252N:W269N,-29.8641357421875
A252N:W269M,-29.532943725585938
A252N:W269L,-29.702836990356445
A252N:W269K,-29.812986373901367
A252N:W269R,-28.910646438598633
A252N:W269I,-29.794462203979492
A252N:W269F,-26.47688102722168
A252N:W269E,-30.04140853881836
A252N:W269D,-29.663393020629883
A252N:W269C,-28.74781036376953
A252N:W269A,-29.51038360595703
A252N:W269H,-29.831302642822266
A252N:W269S,-28.807960510253906
A252N:W269V,-30.059568405151367
A252N:W269T,-29.74370574951172
A252N:W269Y,-26.444843292236328
A252N:V280W,-19.303016662597656
A252N:V280T,-19.34129524230957
A252N:V280S,-19.269886016845703
A252N:V280R,-28.946514129638672
A252N:V280P,-27.123916625976562
A252N:V280N,-23.044052124023438
A252N:V280M,-18.93633270263672
A252N:V280L,-19.942882537841797
A252N:V280I,-20.107872009277344
A252N:V280H,-24.237442016601562
A252N:V280G,-21.596363067626953
A252N:V280F,-17.31031036376953
A252N:V280E,-24.6571102142334
A252N:V280D,-24.710756301879883
A252N:V280C,-13.528568267822266
A252N:V280A,-16.463672637939453
A252C:T270S,-6.930866241455078
A252C:T270R,-6.671602249145508
A252C:T270N,-7.987033843994141
A252C:T270M,-8.287835121154785
A252C:T270I,-9.99394416809082
A252C:T270H,-7.606268882751465
A252C:T270F,-7.808617115020752
A252C:T270D,-9.7701416015625
A252C:T270Y,-7.8659186363220215
A252C:T281M,-10.448674201965332
A252C:T281K,-9.472620010375977
A252C:T281I,-10.960859298706055
A252C:T281H,-10.901573181152344
A252C:T281G,-11.532369613647461
A252C:T281E,-10.873416900634766
A252C:T281C,-9.87878704071045
A252C:T281A,-9.745311737060547
A252C:T281F,-10.987163543701172
A252C:T281Q,-10.458515167236328
A252C:T281R,-9.185249328613281
A252C:T281S,-9.085383415222168
A252C:T281Y,-10.606241226196289
A252C:T281W,-9.25916862487793
A252C:T281V,-10.010263442993164
A252C:Q258T,-10.789628982543945
A252C:Q258S,-9.578147888183594
A252C:Q258P,-17.997806549072266
A252C:Q258N,-6.7685160636901855
A252C:Q258M,-9.524862289428711
A252C:Q258L,-9.184661865234375
A252C:Q258K,-6.044363021850586
A252C:Q258I,-12.572056770324707
A252C:Q258R,-4.202179908752441
A252C:Q258H,-7.09691047668457
A252C:Q258E,-15.449241638183594
A252C:Q258C,-9.791670799255371
A252C:Q258A,-10.218759536743164
A252C:T244V,-7.592242240905762
A252C:T244S,-8.55534553527832
A252C:T244R,-7.506718635559082
A252C:T244Q,-10.684947967529297
A252C:T244P,-16.487457275390625
A252C:T244N,-10.277084350585938
A252C:T244L,-11.574094772338867
A252C:T244K,-7.911362648010254
A252C:T244I,-9.655876159667969
A252C:T244H,-9.153158187866211
A252C:T244G,-11.049878120422363
A252C:T244F,-9.642340660095215
A252C:T244M,-11.673095703125
A252C:T244D,-14.449539184570312
A252C:T244A,-8.144135475158691
A252C:W269V,-22.46808433532715
A252C:W269T,-22.1522216796875
A252C:W269S,-21.216476440429688
A252C:W269R,-21.319162368774414
A252C:W269Q,-22.200342178344727
A252C:W269P,-23.132240295410156
A252C:W269Y,-18.85335922241211
A252C:W269N,-22.27265167236328
A252C:W269M,-21.94145965576172
A252C:W269K,-22.22150230407715
A252C:V280I,-12.516388893127441
A252C:V280H,-16.645957946777344
A252C:V280G,-14.004878997802734
A252C:V280F,-9.718826293945312
A252C:V280E,-17.06562614440918
A252C:V280L,-12.351398468017578
A252C:V280D,-17.119272232055664
A252C:V280A,-8.872188568115234
A252C:V280C,-5.937084197998047
A252C:W269L,-22.111352920532227
A252C:V280M,-11.3448486328125
A252C:V280P,-19.532432556152344
A252C:W269I,-22.202978134155273
A252C:W269H,-22.239818572998047
A252C:W269F,-18.88539695739746
A252C:W269E,-22.44992446899414
A252C:W269D,-22.071908950805664
A252C:V280N,-15.452568054199219
A252C:W269C,-21.156326293945312
A252C:V280W,-11.711532592773438
A252C:V280T,-11.749811172485352
A252C:V280S,-11.678403854370117
A252C:V280R,-21.355030059814453
A252C:W269A,-21.918899536132812
A252C:E282C,-14.119596481323242
A252C:E282A,-12.898908615112305
A252C:E282G,-14.563102722167969
A252C:E282H,-14.524032592773438
A252C:F278W,-16.500295639038086
A252C:F278V,-16.93226432800293
A252C:F278T,-18.720251083374023
A252C:F278S,-18.850584030151367
A252C:F278R,-21.872318267822266
A252C:F278Q,-20.57091522216797
A252C:F278N,-19.69850730895996
A252C:F278L,-15.390256881713867
A252C:F278K,-21.423871994018555
A252C:F278I,-17.384197235107422
A252C:F278H,-18.7289981842041
A252C:F278P,-21.84261703491211
A252C:F278E,-21.574745178222656
A252C:F278D,-20.522485733032227
A252C:F278C,-16.565053939819336
A252C:F256A,-13.676408767700195
A252C:E282Y,-15.292070388793945
A252C:E282W,-11.921972274780273
A252C:E282V,-14.164369583129883
A252C:E282T,-12.016877174377441
A252C:E282S,-12.323862075805664
A252C:E282R,-12.795343399047852
A252C:E282P,-15.976566314697266
A252C:E282N,-14.487592697143555
A252C:E282M,-15.378461837768555
A252C:E282L,-15.894365310668945
A252C:E282K,-13.987300872802734
A252C:E282I,-16.145763397216797
A252C:E282Q,-11.801523208618164
A252C:F256D,-21.127826690673828
A252C:F256E,-20.43235969543457
A252C:F278A,-18.506011962890625
A252C:F256W,-11.996868133544922
A252C:F256V,-12.931236267089844
A252C:F256S,-14.465707778930664
A252C:F256Q,-15.368743896484375
A252C:F256N,-14.855630874633789
A252C:F256M,-9.961418151855469
A252C:F256K,-16.694047927856445
A252E:F278E,-30.912391662597656
A252E:F278D,-29.860130310058594
A252E:F278C,-25.902698516845703
A252E:F278A,-27.843658447265625
A252E:F256W,-21.334514617919922
A252E:F256V,-22.268882751464844
A252E:F256S,-23.80335235595703
A252E:F256Q,-24.706390380859375
A252E:F256N,-24.19327735900879
A252E:F256M,-19.29906463623047
A252E:F278H,-28.0666446685791
A252E:F278K,-30.761518478393555
A252E:F278W,-25.837942123413086
A252E:F278V,-26.269908905029297
A252E:F278I,-26.721843719482422
A252E:F278T,-28.057897567749023
A252E:F278R,-31.209964752197266
A252E:F278Q,-29.90856170654297
A252E:F278P,-31.18026351928711
A252E:F278N,-29.03615379333496
A252E:F278L,-24.727903366088867
A252E:F278S,-28.188230514526367
A252E:F256K,-26.031692504882812
A252E:E282H,-23.861679077148438
A252E:E282G,-23.90074920654297
A252E:E282C,-23.457242965698242
A252E:E282A,-22.236553192138672
A252E:E282I,-25.483409881591797
A252E:E282K,-23.324947357177734
A252E:E282M,-24.716106414794922
A252E:F256E,-29.77000617980957
A252E:F256D,-30.465473175048828
A252E:F256A,-23.014053344726562
A252E:E282Y,-24.629716873168945
A252E:E282L,-25.232009887695312
A252E:E282W,-21.25961685180664
A252E:E282T,-21.354522705078125
A252E:E282S,-21.661508560180664
A252E:E282R,-22.13298797607422
A252E:E282Q,-21.13916778564453
A252E:E282P,-25.314212799072266
A252E:E282N,-23.825239181518555
A252E:E282V,-23.50201416015625
A252P:T244A,-12.536600112915039
A252V:F256N,-18.439870834350586
A252V:F256M,-13.545658111572266
A252V:F256K,-20.27828598022461
A252V:F256Q,-18.952983856201172
A252V:F256E,-24.016599655151367
A252V:F256D,-24.712066650390625
A252V:F256A,-17.26064682006836
A252V:E282Y,-18.876310348510742
A252V:E282W,-15.506211280822754
A252V:E282V,-17.748607635498047
A252V:F278N,-23.282747268676758
A252V:F278L,-18.974496841430664
A252V:F278K,-25.00811195373535
A252V:F278I,-20.96843719482422
A252V:F278H,-22.3132381439209
A252V:F256S,-18.049945831298828
A252V:F278D,-24.10672378540039
A252V:F278C,-20.1492919921875
A252V:F278A,-22.090251922607422
A252V:F256W,-15.581107139587402
A252V:F256V,-16.51547622680664
A252V:F278E,-25.158985137939453
A252V:F278P,-25.426856994628906
A252V:E282T,-15.601116180419922
A252V:E282R,-16.379581451416016
A252V:E282S,-15.908102035522461
A252V:E282Q,-15.385762214660645
A252V:E282P,-19.560806274414062
A252V:E282N,-18.07183265686035
A252V:E282M,-18.96269989013672
A252V:E282L,-19.47860336303711
A252V:E282K,-17.57154083251953
A252V:E282I,-19.730003356933594
A252V:E282G,-18.147342681884766
A252V:E282C,-17.70383644104004
A252V:E282A,-16.48314666748047
A252V:E282H,-18.108272552490234
A252V:F278Q,-24.155155181884766
A252V:F278R,-25.456558227539062
A252V:F278S,-22.434823989868164
A252V:F278W,-20.084535598754883
A252V:F278V,-20.516502380371094
A252V:F278T,-22.30449104309082
A252Q:T281A,-17.895944595336914
A252Q:T281C,-18.0294189453125
A252Q:T270Y,-16.016551971435547
A252Q:T270R,-14.822235107421875
A252Q:T270N,-16.137666702270508
A252Q:T270M,-16.438467025756836
A252Q:T270S,-15.081498146057129
A252Q:T281E,-19.024049758911133
A252Q:T281F,-19.137794494628906
A252Q:T281Y,-18.756874084472656
A252Q:T281W,-17.409801483154297
A252Q:T281V,-18.16089630126953
A252Q:T281S,-17.23601531982422
A252Q:T281R,-17.33588218688965
A252Q:T281Q,-18.609148025512695
A252Q:T281M,-18.599306106567383
A252Q:T281K,-17.623252868652344
A252Q:T281I,-19.111492156982422
A252Q:T281H,-19.05220603942871
A252Q:T281G,-19.683002471923828
A252Q:T270I,-18.144577026367188
A252Q:Q258T,-18.940261840820312
A252Q:Q258S,-17.72878074645996
A252Q:Q258R,-12.352812767028809
A252Q:Q258P,-26.148439407348633
A252Q:Q258M,-17.675495147705078
A252Q:Q258N,-14.919148445129395
A252Q:Q258L,-17.335294723510742
A252Q:Q258K,-14.194994926452637
A252Q:Q258I,-20.722688674926758
A252Q:Q258H,-15.247542381286621
A252Q:Q258E,-23.59987449645996
A252Q:Q258C,-17.942302703857422
A252Q:Q258A,-18.36939239501953
A252Q:T244V,-15.742874145507812
A252Q:T244S,-16.705978393554688
A252Q:T244R,-15.65735149383545
A252Q:T244Q,-18.835580825805664
A252Q:T244P,-24.638090133666992
A252Q:T244N,-18.427717208862305
A252Q:T244M,-19.823728561401367
A252Q:T270F,-15.959249496459961
A252Q:T270D,-17.920774459838867
A252Q:T244L,-19.724727630615234
A252Q:T244K,-16.061994552612305
A252Q:T244I,-17.806509017944336
A252Q:T244H,-17.303791046142578
A252Q:T244G,-19.200510025024414
A252Q:T244F,-17.792972564697266
A252Q:T244D,-22.60017204284668
A252Q:T244A,-16.294767379760742
A252Q:T270H,-15.756900787353516
A252P:V280G,-18.397342681884766
A252P:V280F,-14.111291885375977
A252P:V280E,-21.458091735839844
A252P:V280D,-21.511737823486328
A252P:V280C,-10.329549789428711
A252P:V280A,-13.264653205871582
A252P:V280H,-21.038423538208008
A252P:V280I,-16.90885353088379
A252P:V280L,-16.74386215209961
A252P:W269F,-23.277862548828125
A252P:W269E,-26.842390060424805
A252P:W269D,-26.464374542236328
A252P:W269C,-25.548791885375977
A252P:W269A,-26.311365127563477
A252P:V280W,-16.1039981842041
A252P:V280S,-16.07086944580078
A252P:V280R,-25.747495651245117
A252P:V280P,-23.924898147583008
A252P:V280N,-19.845033645629883
A252P:V280M,-15.737314224243164
A252P:V280T,-16.142276763916016
A252P:W269H,-26.63228416442871
A252P:W269I,-26.595443725585938
A252P:W269K,-26.613967895507812
A252P:W269Y,-23.245824813842773
A252P:W269V,-26.860549926757812
A252P:W269T,-26.544687271118164
A252P:W269R,-25.711627960205078
A252P:W269Q,-26.59280776977539
A252P:W269P,-27.52470588684082
A252P:W269N,-26.665117263793945
A252P:W269M,-26.333925247192383
A252P:W269L,-26.50381851196289
A252P:W269S,-25.60894203186035
A252P:T270N,-12.379499435424805
A252P:T270M,-12.68030071258545
A252P:T270I,-14.386409759521484
A252P:T270H,-11.998733520507812
A252P:T270F,-12.201082229614258
A252P:T270D,-14.162607192993164
A252P:T270R,-11.064067840576172
A252P:T270S,-11.323330879211426
A252P:T270Y,-12.258383750915527
A252P:T244R,-11.899184226989746
A252P:T244Q,-15.077413558959961
A252P:T244P,-20.87992286682129
A252P:T244N,-14.669549942016602
A252P:T244M,-16.065561294555664
A252P:T244L,-15.966560363769531
A252P:T244S,-12.947811126708984
A252P:T244K,-12.303827285766602
A252P:T244H,-13.545623779296875
A252P:T244G,-15.442342758178711
A252P:T244F,-14.034805297851562
A252P:T244D,-18.842004776000977
A252P:T244I,-14.048341751098633
A252P:T244V,-11.98470687866211
A252P:T281K,-13.865084648132324
A252P:T281I,-15.353324890136719
A252P:T281H,-15.294038772583008
A252P:T281G,-15.924834251403809
A252P:T281F,-15.37962818145752
A252P:T281M,-14.84113883972168
A252P:T281E,-15.26588249206543
A252P:T281C,-14.271251678466797
A252P:T281A,-14.137777328491211
A252P:T281Q,-14.850980758666992
A252P:T281Y,-14.998705863952637
A252P:T281W,-13.651634216308594
A252P:T281V,-14.402729034423828
A252P:T281S,-13.477848052978516
A252P:T281R,-13.577714920043945
A252Q:E282M,-23.529094696044922
A252Q:E282L,-24.044998168945312
A252Q:E282K,-22.13793182373047
A252Q:E282I,-24.296396255493164
A252Q:E282H,-22.674663543701172
A252Q:E282G,-22.713733673095703
A252Q:E282C,-22.27022933959961
A252Q:E282A,-21.049541473388672
A252Q:E282N,-22.638225555419922
A252Q:E282P,-24.127197265625
A252Q:E282Q,-19.95215606689453
A252Q:E282R,-20.94597625732422
A252Q:F278W,-24.650928497314453
A252Q:F278V,-25.082897186279297
A252Q:F278T,-26.87088394165039
A252Q:F278S,-27.001216888427734
A252Q:F278R,-30.022951126098633
A252Q:F278Q,-28.721546173095703
A252Q:F278P,-29.993249893188477
A252Q:F278N,-27.849140167236328
A252Q:F256K,-24.844680786132812
A252Q:F256E,-28.582992553710938
A252Q:F256M,-18.112051010131836
A252Q:F256D,-29.278459548950195
A252Q:F256A,-21.827041625976562
A252Q:E282Y,-23.442703247070312
A252Q:E282W,-20.07260513305664
A252Q:E282V,-22.31500244140625
A252Q:E282T,-20.167509078979492
A252Q:E282S,-20.47449493408203
A252Q:F256N,-23.006263732910156
A252Q:F256Q,-23.519376754760742
A252Q:F278L,-23.540889739990234
A252Q:F278K,-29.574504852294922
A252Q:F278I,-25.534828186035156
A252Q:F278H,-26.87963104248047
A252Q:F278E,-29.725378036499023
A252Q:F278D,-28.673118591308594
A252Q:F278C,-24.715686798095703
A252Q:F278A,-26.656644821166992
A252Q:F256W,-20.147499084472656
A252Q:F256V,-21.08186912536621
A252Q:F256S,-22.61634063720703
A252Q:V280A,-17.02281951904297
A252Q:V280C,-14.087717056274414
A252R:T244S,-17.659414291381836
A252R:T244R,-16.610788345336914
A252R:T244Q,-19.789016723632812
A252R:T244P,-25.59152603149414
A252R:T244N,-19.381153106689453
A252R:T244M,-20.777164459228516
A252R:T244A,-17.248205184936523
A252R:T244L,-20.678165435791016
A252R:T244I,-18.759944915771484
A252R:T244H,-18.257226943969727
A252R:T244G,-20.153947830200195
A252R:T244F,-18.746410369873047
A252R:T244D,-23.553607940673828
A252R:T244K,-17.015432357788086
A252R:T244V,-16.696311950683594
A252R:T270Y,-16.969987869262695
A252R:T270S,-16.034934997558594
A252R:T270R,-15.775671005249023
A252R:T270N,-17.091102600097656
A252R:T270M,-17.391904830932617
A252R:T270I,-19.09801483154297
A252R:T270H,-16.710338592529297
A252R:T270F,-16.91268539428711
A252R:T270D,-18.874210357666016
A252R:Q258C,-18.895740509033203
A252R:Q258A,-19.32282829284668
A252R:Q258E,-24.55331039428711
A252R:Q258T,-19.893699645996094
A252R:Q258S,-18.68221664428711
A252R:Q258R,-13.306249618530273
A252R:Q258N,-15.87258529663086
A252R:Q258M,-18.62893295288086
A252R:Q258L,-18.28873062133789
A252R:Q258K,-15.148431777954102
A252R:Q258I,-21.67612648010254
A252R:Q258H,-16.200979232788086
A252R:Q258P,-27.10187530517578
A252R:T281Y,-19.710309982299805
A252R:T281W,-18.363237380981445
A252R:T281V,-19.114334106445312
A252R:T281S,-18.189453125
A252R:T281R,-18.289318084716797
A252R:T281Q,-19.562583923339844
A252R:T281M,-19.552743911743164
A252R:T281K,-18.576688766479492
A252R:T281I,-20.06492805480957
A252R:T281H,-20.00564193725586
A252R:T281G,-20.636438369750977
A252R:T281F,-20.091232299804688
A252R:T281E,-19.97748565673828
A252R:T281C,-18.98285675048828
A252R:T281A,-18.849380493164062
A252R:W269I,-31.307048797607422
A252R:W269H,-31.343887329101562
A252R:W269F,-27.98946762084961
A252R:W269E,-31.553993225097656
A252R:W269D,-31.175979614257812
A252R:W269K,-31.325572967529297
A252R:W269C,-30.260395050048828
A252R:V280W,-20.815601348876953
A252R:V280T,-20.853879928588867
A252R:V280S,-20.782472610473633
A252R:V280R,-30.45909881591797
A252R:W269A,-31.022968292236328
A252R:V280P,-28.63650131225586
A252R:W269L,-31.215423583984375
A252R:W269N,-31.376720428466797
A252R:W269M,-31.045528411865234
A252R:W269V,-31.572154998779297
A252R:W269T,-31.256290435791016
A252R:W269S,-30.320545196533203
A252R:W269R,-30.423233032226562
A252R:W269Q,-31.304412841796875
A252R:W269P,-32.23630905151367
A252R:W269Y,-27.957427978515625
A252R:V280N,-24.556636810302734
A252R:V280M,-20.448917388916016
A252R:V280L,-21.455467224121094
A252R:V280I,-21.620458602905273
A252R:V280H,-25.75002670288086
A252R:V280G,-23.10894775390625
A252R:V280F,-18.822895050048828
A252R:V280E,-26.169696807861328
A252R:V280D,-26.223342895507812
A252R:V280C,-15.041152954101562
A252R:V280A,-17.97625732421875
A252Q:W269Y,-27.003992080688477
A252Q:W269V,-30.618717193603516
A252Q:W269S,-29.367109298706055
A252Q:V280S,-19.829036712646484
A252Q:V280R,-29.50566291809082
A252Q:V280P,-27.68306541442871
A252Q:V280N,-23.603200912475586
A252Q:V280M,-19.495481491088867
A252Q:V280T,-19.90044403076172
A252Q:V280L,-20.502029418945312
A252Q:V280I,-20.667020797729492
A252Q:V280H,-24.79659080505371
A252Q:V280G,-22.15550994873047
A252Q:V280F,-17.86945915222168
A252Q:V280E,-25.216259002685547
A252Q:V280D,-25.26990509033203
A252Q:W269T,-30.302854537963867
A252Q:V280W,-19.862165451049805
A252Q:W269A,-30.06953239440918
A252Q:W269R,-29.46979522705078
A252Q:W269Q,-30.350975036621094
A252Q:W269P,-31.282873153686523
A252Q:W269N,-30.42328453063965
A252Q:W269M,-30.092092514038086
A252Q:W269L,-30.261985778808594
A252Q:W269K,-30.372135162353516
A252Q:W269H,-30.390451431274414
A252Q:W269F,-27.036029815673828
A252Q:W269E,-30.600557327270508
A252Q:W269D,-30.22254180908203
A252Q:W269C,-29.30695915222168
A252Q:W269I,-30.35361099243164
A252R:F256W,-21.100936889648438
A252R:F256V,-22.03530502319336
A252R:F256S,-23.56977653503418
A252R:F278A,-27.61008071899414
A252R:F256Q,-24.47281265258789
A252R:F256N,-23.959701538085938
A252R:F256M,-19.065486907958984
A252R:F256K,-25.79811668395996
A252R:F278C,-25.66912269592285
A252R:F278E,-30.678813934326172
A252R:F278W,-25.604366302490234
A252R:F278V,-26.036333084106445
A252R:F278T,-27.824321746826172
A252R:F278S,-27.954654693603516
A252R:F278R,-30.97638702392578
A252R:F278Q,-29.674983978271484
A252R:F278D,-29.626554489135742
A252R:F278P,-30.946685791015625
A252R:F278L,-24.494327545166016
A252R:F278K,-30.527942657470703
A252R:F278I,-26.488265991210938
A252R:F278H,-27.83306884765625
A252R:F278N,-28.80257797241211
A252R:F256E,-29.53643035888672
A252R:F256D,-30.231895446777344
A252R:E282A,-22.00297737121582
A252R:E282C,-23.22366714477539
A252R:E282G,-23.667171478271484
A252R:F256A,-22.78047752380371
A252R:E282Y,-24.396141052246094
A252R:E282W,-21.02604103088379
A252R:E282V,-23.2684383392334
A252R:E282T,-21.120946884155273
A252R:E282S,-21.42793083190918
A252R:E282R,-21.899412155151367
A252R:E282Q,-20.90559196472168
A252R:E282P,-25.08063507080078
A252R:E282N,-23.591663360595703
A252R:E282M,-24.48253059387207
A252R:E282L,-24.99843406677246
A252R:E282K,-23.09136962890625
A252R:E282I,-25.249832153320312
A252R:E282H,-23.628101348876953
F256S:F278C,-21.710012435913086
F256S:F278A,-23.650970458984375
F256S:F278D,-25.667444229125977
F256S:F278E,-26.719703674316406
F256S:F278H,-23.873958587646484
F256S:F278V,-22.07722282409668
F256S:F278T,-23.865211486816406
F256S:F278S,-23.99554443359375
F256S:F278R,-27.017276763916016
F256S:F278Q,-25.71587371826172
F256S:F278P,-26.98757553100586
F256S:F278N,-24.843467712402344
F256S:F278L,-20.53521728515625
F256S:F278K,-26.568832397460938
F256S:F278I,-22.529155731201172
F256S:F278W,-21.64525604248047
F256Q:F278W,-22.54829216003418
F256Q:F278V,-22.98025894165039
F256Q:F278A,-24.55400848388672
F256Q:F278C,-22.613048553466797
F256Q:F278D,-26.570480346679688
F256Q:F278E,-27.62274169921875
F256Q:F278H,-24.776994705200195
F256Q:F278I,-23.432193756103516
F256Q:F278K,-27.47186851501465
F256Q:F278L,-21.43825340270996
F256Q:F278N,-25.746503829956055
F256Q:F278P,-27.890613555908203
F256Q:F278Q,-26.618911743164062
F256Q:F278R,-27.92031478881836
F256Q:F278S,-24.89858055114746
F256Q:F278T,-24.768247604370117
F256Q:Q258R,-10.250176429748535
F256Q:Q258P,-24.04580307006836
F256Q:Q258N,-12.816512107849121
F256Q:Q258M,-15.572858810424805
F256Q:Q258L,-15.232658386230469
F256Q:Q258K,-12.092358589172363
F256Q:Q258I,-18.620052337646484
F256Q:Q258H,-13.144906044006348
F256Q:Q258E,-21.497238159179688
F256Q:Q258A,-16.266756057739258
F256Q:Q258C,-15.839666366577148
F256Q:Q258S,-15.626144409179688
F256Q:Q258T,-16.83762550354004
F256Q:T244V,-13.640237808227539
F256Q:T244S,-14.603342056274414
F256Q:T244R,-13.554715156555176
F256Q:T244Q,-16.73294448852539
F256Q:T244P,-22.53545379638672
F256Q:T244N,-16.32508087158203
F256Q:T244M,-17.721092224121094
F256Q:T244L,-17.62209129333496
F256Q:T244K,-13.959358215332031
F256Q:T244I,-15.703872680664062
F256Q:T244H,-15.201154708862305
F256Q:T244G,-17.09787368774414
F256Q:T244F,-15.690336227416992
F256Q:T244D,-20.497535705566406
F256Q:T244A,-14.192131042480469
F256Q:T270I,-16.041940689086914
F256Q:T270H,-13.654264450073242
F256Q:T270F,-13.856613159179688
F256Q:T270D,-15.818138122558594
F256Q:T270M,-14.335831642150879
F256Q:T270N,-14.035030364990234
F256Q:T281S,-15.133378982543945
F256Q:T281R,-15.233245849609375
F256Q:T281Q,-16.506511688232422
F256Q:T281M,-16.49666976928711
F256Q:T281K,-15.520615577697754
F256Q:T281I,-17.00885581970215
F256Q:T281H,-16.949569702148438
F256Q:T281G,-17.580364227294922
F256Q:T281F,-17.035160064697266
F256Q:T281E,-16.92141342163086
F256Q:T281C,-15.926782608032227
F256Q:T281A,-15.79330825805664
F256Q:T281V,-16.058259963989258
F256Q:T281W,-15.307165145874023
F256Q:T281Y,-16.65423583984375
F256Q:T270Y,-13.913914680480957
F256Q:T270S,-12.978861808776855
F256Q:T270R,-12.719598770141602
F256Q:W269Y,-24.901355743408203
F256Q:W269V,-28.516080856323242
F256Q:W269T,-28.200218200683594
F256Q:W269S,-27.26447296142578
F256Q:W269R,-27.367158889770508
F256Q:W269Q,-28.24833869934082
F256Q:W269P,-29.18023681640625
F256Q:W269N,-28.320648193359375
F256Q:W269M,-27.989456176757812
F256Q:W269L,-28.15934944152832
F256Q:W269K,-28.269498825073242
F256Q:W269I,-28.250974655151367
F256Q:W269H,-28.28781509399414
F256Q:W269F,-24.933393478393555
F256Q:W269E,-28.497920989990234
F256Q:W269D,-28.119905471801758
F256Q:W269C,-27.204322814941406
F256Q:W269A,-27.966896057128906
F256Q:V280W,-17.75952911376953
F256Q:V280T,-17.797807693481445
F256Q:V280S,-17.726398468017578
F256Q:V280R,-27.403026580810547
F256Q:V280P,-25.580429077148438
F256Q:V280M,-17.392845153808594
F256Q:V280L,-18.399394989013672
F256Q:V280I,-18.56438446044922
F256Q:V280H,-22.693954467773438
F256Q:V280G,-20.052875518798828
F256Q:V280F,-15.766822814941406
F256Q:V280E,-23.113622665405273
F256Q:V280D,-23.167268753051758
F256Q:V280C,-11.98508071899414
F256Q:V280A,-14.920184135437012
F256Q:V280N,-21.500564575195312
F256N:F278H,-24.26388168334961
F256N:F278I,-22.919078826904297
F256N:F278K,-26.958755493164062
F256N:F278L,-20.925140380859375
F256N:F278N,-25.23339080810547
F256N:F278P,-27.377500534057617
F256N:F278Q,-26.105796813964844
F256N:F278R,-27.407201766967773
F256N:F278S,-24.385467529296875
F256N:F278T,-24.25513458251953
F256N:F278W,-22.035179138183594
F256N:F278V,-22.467147827148438
F256N:F278E,-27.109628677368164
F256N:F278D,-26.057369232177734
F256N:F278A,-24.040895462036133
F256M:W269A,-22.5595703125
F256M:W269C,-21.7969970703125
F256M:W269D,-22.71257972717285
F256M:W269E,-23.090595245361328
F256M:W269F,-19.52606773376465
F256M:W269H,-22.880489349365234
F256M:W269I,-22.84364891052246
F256M:W269K,-22.862173080444336
F256M:W269L,-22.752023696899414
F256M:W269M,-22.582130432128906
F256M:W269N,-22.91332244873047
F256M:W269P,-23.772911071777344
F256M:W269Q,-22.841012954711914
F256M:W269R,-21.9598331451416
F256M:W269S,-21.857147216796875
F256M:W269T,-22.792892456054688
F256M:W269V,-23.108755111694336
F256M:W269Y,-19.494029998779297
F256M:V280W,-12.352203369140625
F256M:V280T,-12.390480995178223
F256M:V280S,-12.319072723388672
F256M:V280R,-21.99570083618164
F256M:V280A,-9.512857437133789
F256M:V280C,-6.577754020690918
F256M:V280E,-17.706296920776367
F256M:V280F,-10.3594970703125
F256M:V280G,-14.645547866821289
F256M:V280H,-17.28662872314453
F256M:V280I,-13.157058715820312
F256M:V280L,-12.992067337036133
F256M:V280M,-11.985518455505371
F256M:V280N,-16.093238830566406
F256M:V280P,-20.17310333251953
F256M:V280D,-17.75994300842285
F256N:F278C,-22.099937438964844
F256M:Q258K,-6.685032844543457
F256M:Q258L,-9.825331687927246
F256M:Q258M,-10.165533065795898
F256M:Q258N,-7.409185886383057
F256M:Q258P,-18.638477325439453
F256M:Q258R,-4.8428497314453125
F256M:Q258S,-10.218818664550781
F256M:Q258T,-11.430299758911133
F256M:Q258I,-13.212726593017578
F256M:Q258H,-7.737580299377441
F256M:Q258A,-10.859429359436035
F256M:Q258C,-10.432340621948242
F256M:Q258E,-16.08991241455078
F256A:F278W,-20.85595703125
F256A:F278V,-21.28792381286621
F256A:F278T,-23.075912475585938
F256A:F278S,-23.20624542236328
F256A:F278R,-26.227977752685547
F256A:F278Q,-24.92657470703125
F256A:F278P,-26.19827651977539
F256A:F278L,-19.74591827392578
F256A:F278K,-25.77953338623047
F256A:F278I,-21.739856719970703
F256A:F278H,-23.084659576416016
F256A:F278E,-25.930404663085938
F256A:F278D,-24.878145217895508
F256A:F278C,-20.920713424682617
F256A:F278A,-22.861671447753906
F256A:F278N,-24.054168701171875
F256M:T281A,-10.385981559753418
F256M:T281C,-10.51945686340332
F256M:T281E,-11.514086723327637
F256M:T281F,-11.627832412719727
F256M:T281G,-12.173038482666016
F256M:T281H,-11.542243957519531
F256M:T281I,-11.601529121398926
F256M:T281K,-10.113288879394531
F256M:T281M,-11.089344024658203
F256M:T281Q,-11.099185943603516
F256M:T281R,-9.825919151306152
F256M:T281S,-9.726053237915039
F256M:T281V,-10.650934219360352
F256M:T281W,-9.8998384475708
F256M:T281Y,-11.246910095214844
F256M:T244A,-8.784805297851562
F256M:T244D,-15.0902099609375
F256M:T244F,-10.283010482788086
F256M:T244G,-11.690547943115234
F256M:T244H,-9.793828010559082
F256M:T244I,-10.296546936035156
F256M:T244K,-8.552032470703125
F256M:T244L,-12.214765548706055
F256M:T244M,-12.313766479492188
F256M:T244N,-10.917755126953125
F256M:T244P,-17.128128051757812
F256M:T244Q,-11.325618743896484
F256M:T270F,-8.449287414550781
F256M:T270H,-8.246938705444336
F256M:T270I,-10.634614944458008
F256M:T270M,-8.928504943847656
F256M:T270N,-8.627703666687012
F256M:T270R,-7.312272071838379
F256M:T270S,-7.571536064147949
F256M:T270Y,-8.506587982177734
F256M:T270D,-10.410812377929688
F256M:T244R,-8.147388458251953
F256M:T244S,-9.196015357971191
F256M:T244V,-8.232912063598633
F256N:T270D,-15.305025100708008
F256N:T270F,-13.343500137329102
F256N:T270H,-13.141151428222656
F256N:T270I,-15.528827667236328
F256N:T270M,-13.822718620300293
F256N:T270N,-13.521917343139648
F256N:T270R,-12.206485748291016
F256N:T270S,-12.46574878692627
F256N:T270Y,-13.400801658630371
F256N:T244K,-13.446245193481445
F256N:T244L,-17.108978271484375
F256N:T244M,-17.207979202270508
F256N:T244N,-15.811967849731445
F256N:T244P,-22.022340774536133
F256N:T244Q,-16.219831466674805
F256N:T244R,-13.04160213470459
F256N:T244S,-14.090229034423828
F256N:T244V,-13.127124786376953
F256N:T244I,-15.190759658813477
F256N:T281A,-15.280195236206055
F256N:T244H,-14.688041687011719
F256N:T244F,-15.177223205566406
F256N:Q258E,-20.9841251373291
F256N:Q258H,-12.631793022155762
F256N:Q258I,-18.1069393157959
F256N:Q258K,-11.579245567321777
F256N:Q258L,-14.719545364379883
F256N:Q258M,-15.059745788574219
F256N:Q258N,-12.303399085998535
F256N:Q258P,-23.532690048217773
F256N:Q258R,-9.73706340789795
F256N:Q258S,-15.113031387329102
F256N:Q258T,-16.324512481689453
F256N:Q258C,-15.326553344726562
F256N:Q258A,-15.753643035888672
F256N:T244G,-16.584760665893555
F256N:T244A,-13.679018020629883
F256N:T244D,-19.98442268371582
F256N:T281C,-15.41366958618164
F256N:T281E,-16.408300399780273
F256N:W269Y,-24.388242721557617
F256N:W269V,-28.002967834472656
F256N:W269T,-27.687105178833008
F256N:T281F,-16.522045135498047
F256N:T281G,-17.06725311279297
F256N:T281H,-16.43645668029785
F256N:T281I,-16.495742797851562
F256N:T281K,-15.007502555847168
F256N:T281M,-15.983556747436523
F256N:T281Q,-15.993398666381836
F256N:T281R,-14.720132827758789
F256N:T281S,-14.62026596069336
F256N:T281W,-14.794052124023438
F256N:T281Y,-16.141124725341797
F256N:T281V,-15.545146942138672
F256N:V280N,-20.987451553344727
F256N:V280P,-25.06731605529785
F256N:V280R,-26.88991355895996
F256N:V280S,-17.213287353515625
F256N:V280T,-17.28469467163086
F256N:V280W,-17.246416091918945
F256N:W269A,-27.45378303527832
F256N:W269C,-26.69120979309082
F256N:W269D,-27.606792449951172
F256N:V280M,-16.879732131958008
F256N:W269E,-27.98480796813965
F256N:W269H,-27.774702072143555
F256N:W269I,-27.73786163330078
F256N:W269K,-27.756385803222656
F256N:W269L,-27.646236419677734
F256N:W269M,-27.476343154907227
F256N:W269N,-27.80753517150879
F256N:W269P,-28.667123794555664
F256N:W269Q,-27.735225677490234
F256N:W269R,-26.854045867919922
F256N:W269S,-26.751359939575195
F256N:W269F,-24.42028045654297
F256N:V280L,-17.886280059814453
F256N:V280I,-18.051271438598633
F256N:V280A,-14.407071113586426
F256N:V280C,-11.471967697143555
F256N:V280D,-22.654155731201172
F256N:V280E,-22.600509643554688
F256N:V280F,-15.25370979309082
F256N:V280G,-19.53976058959961
F256N:V280H,-22.18084144592285
F256W:T244S,-11.231464385986328
F256W:T244R,-10.182838439941406
F256W:T244Q,-13.361067771911621
F256W:T244P,-19.163578033447266
F256W:T244N,-12.953204154968262
F256W:T244M,-14.349215507507324
F256W:T244L,-14.250214576721191
F256W:T244K,-10.587482452392578
F256W:T244I,-12.331995964050293
F256W:T244H,-11.829277038574219
F256W:T244G,-13.725997924804688
F256W:T244F,-12.318460464477539
F256W:T244D,-17.125659942626953
F256W:T244A,-10.820255279541016
F256W:T244V,-10.26836109161377
F256W:Q258K,-8.720481872558594
F256W:Q258I,-15.248176574707031
F256W:Q258H,-9.773029327392578
F256W:Q258E,-18.125362396240234
F256W:Q258C,-12.467790603637695
F256W:Q258A,-12.894878387451172
F256W:Q258L,-11.860780715942383
F256W:Q258M,-12.200982093811035
F256W:Q258N,-9.444635391235352
F256W:Q258P,-20.673927307128906
F256W:Q258T,-13.46574878692627
F256W:Q258S,-12.254267692565918
F256W:Q258R,-6.878299236297607
F256W:T281M,-13.124794006347656
F256W:T281K,-12.148738861083984
F256W:T281I,-13.636978149414062
F256W:T281H,-13.577692985534668
F256W:T281G,-14.208488464355469
F256W:T281F,-13.66328239440918
F256W:T281E,-13.549535751342773
F256W:T281C,-12.554906845092773
F256W:T281A,-12.421430587768555
F256W:T270F,-10.484736442565918
F256W:T270D,-12.446261405944824
F256W:T270H,-10.282387733459473
F256W:T270I,-12.670063972473145
F256W:T270Y,-10.542037963867188
F256W:T270S,-9.606985092163086
F256W:T270R,-9.347721099853516
F256W:T270N,-10.663153648376465
F256W:T270M,-10.96395492553711
F256W:T281Q,-13.134634971618652
F256W:T281S,-11.761503219604492
F256W:V280W,-14.387652397155762
F256W:V280T,-14.42593002319336
F256W:V280S,-14.354522705078125
F256W:V280R,-24.031150817871094
F256W:V280P,-22.208553314208984
F256W:V280N,-18.12868881225586
F256W:V280M,-14.020967483520508
F256W:V280L,-15.027517318725586
F256W:V280I,-15.192508697509766
F256W:V280H,-19.322078704833984
F256W:V280G,-16.680997848510742
F256W:V280F,-12.394946098327637
F256W:V280E,-19.741744995117188
F256W:V280D,-19.795391082763672
F256W:V280C,-8.613203048706055
F256W:V280A,-11.548307418823242
F256W:W269A,-24.595020294189453
F256W:W269C,-23.832447052001953
F256W:W269D,-24.748027801513672
F256W:W269Y,-21.52947998046875
F256W:W269V,-25.144203186035156
F256W:W269T,-24.82834243774414
F256W:W269S,-23.892597198486328
F256W:W269Q,-24.876461029052734
F256W:W269P,-25.808361053466797
F256W:W269N,-24.948772430419922
F256W:W269M,-24.61758041381836
F256W:W269L,-24.787471771240234
F256W:W269K,-24.897621154785156
F256W:W269I,-24.87909698486328
F256W:W269H,-24.915939331054688
F256W:W269F,-21.56151580810547
F256W:W269E,-25.12604522705078
F256W:W269R,-23.995281219482422
F256W:T281Y,-13.282360076904297
F256W:T281W,-11.935287475585938
F256W:T281V,-12.686383247375488
F256W:T281R,-11.861368179321289
F256V:Q258S,-13.188636779785156
F256V:Q258R,-7.812668323516846
F256V:Q258P,-21.608295440673828
F256V:Q258N,-10.37900447845459
F256V:Q258M,-13.135351181030273
F256V:Q258L,-12.795150756835938
F256V:Q258K,-9.654850959777832
F256V:Q258I,-16.182544708251953
F256V:Q258H,-10.707398414611816
F256V:Q258E,-19.059730529785156
F256V:Q258C,-13.402158737182617
F256V:Q258A,-13.829248428344727
F256V:Q258T,-14.400117874145508
F256V:F278W,-20.11078453063965
F256V:F278V,-20.54275131225586
F256V:F278T,-22.330739974975586
F256V:F278S,-22.46107292175293
F256V:F278R,-25.482807159423828
F256V:F278Q,-24.18140411376953
F256V:F278P,-25.453105926513672
F256V:F278N,-23.308996200561523
F256V:F278L,-19.00074577331543
F256V:F278K,-25.034360885620117
F256V:F278I,-20.994686126708984
F256V:F278E,-25.18523406982422
F256V:F278D,-24.132972717285156
F256V:F278C,-20.175540924072266
F256V:F278A,-22.116500854492188
F256V:F278H,-22.339487075805664
F256W:F278P,-24.51873779296875
F256W:F278N,-22.37462615966797
F256W:F278L,-18.066375732421875
F256W:F278K,-24.099990844726562
F256W:F278I,-20.06031608581543
F256W:F278H,-21.40511703491211
F256W:F278E,-24.250865936279297
F256W:F278D,-23.198604583740234
F256W:F278C,-19.241172790527344
F256W:F278A,-21.182132720947266
F256W:F278Q,-23.247034072875977
F256V:W269F,-22.495885848999023
F256V:W269E,-26.060413360595703
F256V:W269D,-25.682397842407227
F256V:W269C,-24.766815185546875
F256V:W269A,-25.529388427734375
F256V:V280W,-15.322021484375
F256V:V280T,-15.360300064086914
F256V:V280S,-15.288891792297363
F256V:V280R,-24.965518951416016
F256V:V280P,-23.142921447753906
F256V:V280N,-19.06305694580078
F256V:V280M,-14.955337524414062
F256V:V280L,-15.961886405944824
F256V:V280I,-16.126876831054688
F256V:V280H,-20.256446838378906
F256V:V280G,-17.615367889404297
F256V:V280F,-13.329315185546875
F256V:V280E,-20.676115036010742
F256V:V280D,-20.729761123657227
F256V:W269H,-25.85030746459961
F256V:W269I,-25.813467025756836
F256V:W269K,-25.83199119567871
F256V:W269L,-25.72184181213379
F256V:W269Y,-22.463848114013672
F256V:W269V,-26.07857322692871
F256V:W269T,-25.762710571289062
F256V:W269S,-24.82696533203125
F256V:W269R,-24.929651260375977
F256V:W269Q,-25.81083106994629
F256V:W269P,-26.74272918701172
F256V:W269N,-25.883140563964844
F256V:W269M,-25.55194854736328
F256V:V280C,-9.54757308959961
F256W:F278R,-24.548439025878906
F256W:F278T,-21.39636993408203
F256W:F278S,-21.526702880859375
F256W:F278W,-19.176414489746094
F256W:F278V,-19.608383178710938
F256V:V280A,-12.48267650604248
F256V:T270M,-11.898324012756348
F256V:T270I,-13.604433059692383
F256V:T270H,-11.216756820678711
F256V:T270F,-11.419105529785156
F256V:T270D,-13.380630493164062
F256V:T270N,-11.597522735595703
F256V:T270R,-10.28209114074707
F256V:T270Y,-11.476407051086426
F256V:T270S,-10.541354179382324
F256V:T244V,-11.202730178833008
F256V:T244S,-12.165834426879883
F256V:T244R,-11.117207527160645
F256V:T244Q,-14.29543685913086
F256V:T244P,-20.097946166992188
F256V:T244N,-13.8875732421875
F256V:T244M,-15.283584594726562
F256V:T244K,-11.5218505859375
F256V:T244I,-13.266365051269531
F256V:T244H,-12.763647079467773
F256V:T244G,-14.66036605834961
F256V:T244F,-13.252828598022461
F256V:T244D,-18.060028076171875
F256V:T244A,-11.754623413085938
F256V:T244L,-15.18458366394043
F256V:T281Y,-14.216729164123535
F256V:T281W,-12.869657516479492
F256V:T281V,-13.620752334594727
F256V:T281S,-12.695871353149414
F256V:T281R,-12.795738220214844
F256V:T281Q,-14.06900405883789
F256V:T281M,-14.059162139892578
F256V:T281K,-13.083107948303223
F256V:T281I,-14.571348190307617
F256V:T281G,-15.142857551574707
F256V:T281F,-14.597651481628418
F256V:T281E,-14.483905792236328
F256V:T281C,-13.489274978637695
F256V:T281A,-13.35580062866211
F256V:T281H,-14.512062072753906
F256S:W269Y,-23.99831771850586
F256S:V280R,-26.499988555908203
F256S:V280S,-16.823362350463867
F256S:V280T,-16.8947696685791
F256S:V280W,-16.856491088867188
F256S:W269A,-27.063858032226562
F256S:W269C,-26.301284790039062
F256S:W269D,-27.216869354248047
F256S:W269E,-27.59488296508789
F256S:W269F,-24.030357360839844
F256S:W269I,-27.347938537597656
F256S:W269K,-27.36646270751953
F256S:W269L,-27.25631332397461
F256S:W269M,-27.08641815185547
F256S:W269N,-27.41761016845703
F256S:W269P,-28.277198791503906
F256S:W269Q,-27.34530258178711
F256S:W269R,-26.464122772216797
F256S:W269S,-26.361434936523438
F256S:W269T,-27.29718017578125
F256S:W269V,-27.61304473876953
F256S:W269H,-27.384777069091797
F256S:V280P,-24.677391052246094
F256S:V280N,-20.59752655029297
F256S:V280L,-17.496356964111328
F256S:T281I,-16.105817794799805
F256S:T281K,-14.617578506469727
F256S:T281M,-15.593633651733398
F256S:T281Q,-15.603474617004395
F256S:T281R,-14.330207824707031
F256S:T281S,-14.230342864990234
F256S:T281V,-15.15522289276123
F256S:T281W,-14.40412712097168
F256S:T281Y,-15.751199722290039
F256S:T281H,-16.046531677246094
F256S:T281G,-16.67732810974121
F256S:T281F,-16.132122039794922
F256S:T281E,-16.018375396728516
F256S:T281A,-14.890270233154297
F256S:T281C,-15.023746490478516
F256S:V280M,-16.48980712890625
F256S:V280A,-14.017147064208984
F256S:V280C,-11.082042694091797
F256S:V280D,-22.264232635498047
F256S:V280E,-22.210586547851562
F256S:V280F,-14.863785743713379
F256S:V280G,-19.149837493896484
F256S:V280H,-21.790916442871094
F256S:V280I,-17.661348342895508
F256S:T244N,-15.422043800354004
F256S:T244P,-21.632415771484375
F256S:T244Q,-15.829907417297363
F256S:T244R,-12.651678085327148
F256S:T244S,-13.70030403137207
F256S:T244V,-12.737200736999512
F256S:T244M,-16.81805419921875
F256S:T244L,-16.71905517578125
F256S:T244K,-13.05632209777832
F256S:T244I,-14.800835609436035
F256S:T244A,-13.289094924926758
F256S:T244D,-19.594497680664062
F256S:T244F,-14.787300109863281
F256S:T244G,-16.19483757019043
F256S:T244H,-14.298116683959961
F256S:T270D,-14.915101051330566
F256S:T270F,-12.95357608795166
F256S:T270H,-12.751227378845215
F256S:T270I,-15.138903617858887
F256S:T270M,-13.432794570922852
F256S:T270N,-13.131993293762207
F256S:T270R,-11.816560745239258
F256S:T270S,-12.075824737548828
F256S:T270Y,-13.01087760925293
F256S:Q258A,-15.363718032836914
F256S:Q258C,-14.936630249023438
F256S:Q258E,-20.594200134277344
F256S:Q258H,-12.24186897277832
F256S:Q258I,-17.717016220092773
F256S:Q258K,-11.189321517944336
F256S:Q258L,-14.329620361328125
F256S:Q258M,-14.669821739196777
F256S:Q258N,-11.913475036621094
F256S:Q258P,-23.142765045166016
F256S:Q258R,-9.347139358520508
F256S:Q258S,-14.72310733795166
F256S:Q258T,-15.934588432312012
F256M:F278W,-17.140966415405273
F256M:F278V,-17.572933197021484
F256M:F278T,-19.36092185974121
F256M:F278S,-19.491254806518555
F256M:F278R,-22.512989044189453
F256M:F278Q,-21.211584091186523
F256M:F278P,-22.483287811279297
F256M:F278N,-20.33917808532715
F256M:F278L,-16.030927658081055
F256M:F278K,-22.064542770385742
F256M:F278I,-18.024866104125977
F256M:F278H,-19.36966896057129
F256M:F278E,-22.215415954589844
F256M:F278D,-21.16315460205078
F256M:F278C,-17.20572280883789
F256M:F278A,-19.146682739257812
F256K:F278N,-27.071807861328125
F256K:F278L,-22.76355743408203
F256K:F278K,-28.79717254638672
F256K:F278I,-24.757495880126953
F256K:F278H,-26.102298736572266
F256K:F278E,-28.948043823242188
F256K:F278D,-27.895784378051758
F256K:F278C,-23.938352584838867
F256K:F278A,-25.879310607910156
F256K:F278P,-29.21591567993164
F256K:F278Q,-27.9442138671875
F256K:F278R,-29.245616912841797
F256K:F278S,-26.22388458251953
F256K:F278W,-23.87359619140625
F256K:F278V,-24.30556297302246
F256K:F278T,-26.093551635742188
F256K:W269I,-29.576278686523438
F256K:W269H,-29.613117218017578
F256K:W269F,-26.258697509765625
F256K:W269E,-29.823223114013672
F256K:W269D,-29.445209503173828
F256K:W269C,-28.529624938964844
F256K:W269A,-29.292198181152344
F256K:V280W,-19.08483123779297
F256K:V280T,-19.123109817504883
F256K:V280S,-19.05170249938965
F256K:V280R,-28.728328704833984
F256K:V280P,-26.905731201171875
F256K:V280N,-22.82586669921875
F256K:V280M,-18.71814727783203
F256K:V280L,-19.72469711303711
F256K:V280I,-19.88968849182129
F256K:V280H,-24.019256591796875
F256K:V280G,-21.378177642822266
F256K:V280F,-17.092124938964844
F256K:W269K,-29.594802856445312
F256K:W269L,-29.48465347290039
F256K:W269M,-29.31475830078125
F256K:W269N,-29.645950317382812
F256K:V280E,-24.438926696777344
F256K:W269Y,-26.22665786743164
F256K:W269V,-29.841384887695312
F256K:W269T,-29.52552032470703
F256K:W269S,-28.58977508544922
F256K:W269R,-28.692462921142578
F256K:W269Q,-29.57364273071289
F256K:W269P,-30.505538940429688
F256K:V280D,-24.492572784423828
F256K:V280C,-13.310382843017578
F256K:V280A,-16.245487213134766
F256K:T244V,-14.965540885925293
F256K:T244S,-15.928644180297852
F256K:T244R,-14.88001823425293
F256K:T244Q,-18.058246612548828
F256K:T244P,-23.860755920410156
F256K:T244N,-17.65038299560547
F256K:T244M,-19.04639434814453
F256K:T244L,-18.94739532470703
F256K:T244I,-17.0291748046875
F256K:T244H,-16.526456832885742
F256K:T244G,-18.42317771911621
F256K:T244F,-17.015640258789062
F256K:T244D,-21.822837829589844
F256K:T244A,-15.517435073852539
F256K:T244K,-15.284662246704102
F256K:Q258P,-25.371105194091797
F256K:Q258N,-14.141815185546875
F256K:Q258M,-16.898162841796875
F256K:Q258L,-16.557960510253906
F256K:Q258K,-13.417661666870117
F256K:Q258I,-19.945356369018555
F256K:Q258H,-14.470209121704102
F256K:Q258E,-22.822540283203125
F256K:Q258R,-11.575479507446289
F256K:Q258C,-17.16497039794922
F256K:Q258A,-17.592058181762695
F256K:Q258S,-16.951446533203125
F256K:Q258T,-18.16292953491211
F256K:T281Y,-17.97953987121582
F256K:T281W,-16.63246726989746
F256K:T281V,-17.383563995361328
F256K:T281S,-16.458683013916016
F256K:T281R,-16.558547973632812
F256K:T281Q,-17.83181381225586
F256K:T281M,-17.82197380065918
F256K:T281K,-16.845918655395508
F256K:T281I,-18.334157943725586
F256K:T281G,-18.905668258666992
F256K:T281F,-18.360462188720703
F256K:T281E,-18.246715545654297
F256K:T281C,-17.252086639404297
F256K:T281A,-17.118610382080078
F256K:T281H,-18.274871826171875
F256K:T270M,-15.661134719848633
F256K:T270I,-17.367244720458984
F256K:T270H,-14.979567527770996
F256K:T270F,-15.181916236877441
F256K:T270D,-17.14344024658203
F256K:T270N,-15.360333442687988
F256K:T270R,-14.044900894165039
F256K:T270Y,-15.239217758178711
F256K:T270S,-14.30416488647461
F256D:Q258E,-27.25632095336914
F256D:Q258C,-21.5987491607666
F256D:Q258A,-22.02583885192871
F256D:F278P,-33.649696350097656
F256D:F278N,-31.505586624145508
F256D:F278L,-27.197336196899414
F256D:F278K,-33.23094940185547
F256D:F278I,-29.19127655029297
F256D:F278H,-30.53607749938965
F256D:F278E,-33.3818244934082
F256D:F278D,-32.32956314086914
F256D:F278C,-28.37213134765625
F256D:F278A,-30.313091278076172
F256D:F278Q,-32.377994537353516
F256D:F278R,-33.67939758300781
F256D:F278T,-30.52733039855957
F256D:F278W,-28.307374954223633
F256D:F278V,-28.739341735839844
F256D:F278S,-30.657663345336914
F256A:Q258C,-14.147331237792969
F256A:Q258A,-14.574419021606445
F256A:Q258E,-19.804901123046875
F256A:Q258T,-15.145289421081543
F256A:Q258S,-13.933808326721191
F256A:Q258R,-8.557840347290039
F256A:Q258P,-22.353466033935547
F256A:Q258N,-11.124176025390625
F256A:Q258M,-13.880522727966309
F256A:Q258L,-13.540321350097656
F256A:Q258K,-10.400022506713867
F256A:Q258I,-16.927717208862305
F256A:Q258H,-11.452569961547852
F256A:T244V,-11.947901725769043
F256A:T244S,-12.911005020141602
F256A:T244R,-11.86237907409668
F256A:T244Q,-15.040608406066895
F256A:T244P,-20.843116760253906
F256A:T244N,-14.632744789123535
F256A:T270Y,-12.221578598022461
F256A:T270S,-11.28652572631836
F256A:T270R,-11.027261734008789
F256A:T270N,-12.342694282531738
F256A:T270M,-12.643495559692383
F256A:T270I,-14.349604606628418
F256A:T270H,-11.961928367614746
F256A:T270F,-12.164277076721191
F256A:T270D,-14.125802040100098
F256A:T244M,-16.02875518798828
F256A:T244L,-15.929755210876465
F256A:T244K,-12.267023086547852
F256A:T244I,-14.011536598205566
F256A:T244H,-13.508817672729492
F256A:T244G,-15.405538558959961
F256A:T244F,-13.998001098632812
F256A:T244D,-18.805198669433594
F256A:T244A,-12.499795913696289
F256A:T281Y,-14.96190071105957
F256A:T281W,-13.614828109741211
F256A:T281V,-14.365923881530762
F256A:T281S,-13.441043853759766
F256A:T281R,-13.540908813476562
F256A:T281Q,-14.814175605773926
F256A:T281M,-14.80433464050293
F256A:T281K,-13.828279495239258
F256A:T281I,-15.316518783569336
F256A:T281H,-15.257233619689941
F256A:T281G,-15.888029098510742
F256A:T281F,-15.342823028564453
F256A:T281E,-15.229076385498047
F256A:T281C,-14.234447479248047
F256A:T281A,-14.100971221923828
F256A:W269Y,-23.20901870727539
F256A:W269V,-26.823745727539062
F256A:V280I,-16.87204933166504
F256A:V280H,-21.001617431640625
F256A:V280G,-18.360538482666016
F256A:V280F,-14.07448673248291
F256A:V280E,-21.421287536621094
F256A:V280D,-21.474933624267578
F256A:V280C,-10.292743682861328
F256A:V280A,-13.227848052978516
F256A:V280L,-16.70705795288086
F256A:V280M,-15.700508117675781
F256A:V280N,-19.8082275390625
F256A:W269T,-26.50788116455078
F256A:W269S,-25.57213592529297
F256A:W269R,-25.674823760986328
F256A:W269Q,-26.55600357055664
F256A:W269P,-27.487899780273438
F256A:W269N,-26.628311157226562
F256A:W269M,-26.297119140625
F256A:W269L,-26.46701431274414
F256A:W269K,-26.577163696289062
F256A:W269I,-26.558639526367188
F256A:W269H,-26.595478057861328
F256A:W269E,-26.805583953857422
F256A:W269D,-26.427570343017578
F256A:W269C,-25.511985778808594
F256A:W269A,-26.274559020996094
F256A:V280W,-16.06719207763672
F256A:V280T,-16.105470657348633
F256A:V280S,-16.0340633392334
F256A:V280R,-25.710689544677734
F256A:V280P,-23.888092041015625
F256A:W269F,-23.241058349609375
F256D:Q258H,-18.903989791870117
F256D:Q258K,-17.851442337036133
F256E:T244V,-18.703853607177734
F256E:T244S,-19.66695785522461
F256E:T244R,-18.618330001831055
F256E:T244Q,-21.796560287475586
F256E:T244P,-27.599069595336914
F256E:T244N,-21.388696670532227
F256E:T244M,-22.78470802307129
F256E:T244L,-22.685707092285156
F256E:T244K,-19.022974014282227
F256E:T244I,-20.767488479614258
F256E:T244H,-20.2647705078125
F256E:T244F,-20.753952026367188
F256E:T244D,-25.5611515045166
F256E:T244A,-19.255746841430664
F256E:T244G,-22.161489486694336
F256E:T270F,-18.920228958129883
F256E:T270D,-20.88175392150879
F256E:T270H,-18.717880249023438
F256E:T281K,-20.584232330322266
F256E:T281I,-22.072471618652344
F256E:T281H,-22.013185501098633
F256E:T281G,-22.64398193359375
F256E:T281F,-22.098773956298828
F256E:T281E,-21.985029220581055
F256E:T281C,-20.990398406982422
F256E:T281A,-20.856924057006836
F256E:T281M,-21.560285568237305
F256E:T281Y,-21.717853546142578
F256E:T281W,-20.37078094482422
F256E:T281V,-21.121875762939453
F256E:T281S,-20.19699478149414
F256E:T281R,-20.29686164855957
F256E:T281Q,-21.570127487182617
F256E:T270Y,-18.97753143310547
F256E:T270S,-18.042478561401367
F256E:T270R,-17.783214569091797
F256E:T270N,-19.09864616394043
F256E:T270M,-19.399446487426758
F256E:T270I,-21.10555648803711
F256E:Q258S,-20.689760208129883
F256E:Q258T,-21.901241302490234
F256E:Q258R,-15.31379222869873
F256E:Q258P,-29.109418869018555
F256E:Q258N,-17.880126953125
F256E:Q258M,-20.636474609375
F256E:Q258L,-20.296274185180664
F256E:Q258K,-17.155975341796875
F256E:Q258I,-23.68366813659668
F256E:Q258H,-18.20852279663086
F256E:Q258E,-26.560853958129883
F256E:Q258C,-20.903282165527344
F256E:Q258A,-21.330371856689453
F256D:Q258I,-24.379135131835938
F256E:W269Y,-29.9649715423584
F256E:W269V,-33.57969665527344
F256E:W269T,-33.263832092285156
F256E:W269S,-32.328086853027344
F256E:W269R,-32.4307746887207
F256E:W269Q,-33.311954498291016
F256E:W269P,-34.24385070800781
F256E:W269N,-33.38426208496094
F256E:W269M,-33.053070068359375
F256E:W269L,-33.222965240478516
F256E:W269K,-33.33311462402344
F256E:W269H,-33.35143280029297
F256E:W269F,-29.99700927734375
F256E:W269E,-33.56153869628906
F256E:W269D,-33.18352127075195
F256E:W269C,-32.26793670654297
F256E:W269A,-33.03050994873047
F256E:V280W,-22.823144912719727
F256E:V280T,-22.86142349243164
F256E:W269I,-33.31459045410156
F256E:V280S,-22.790016174316406
F256E:V280R,-32.466644287109375
F256E:V280P,-30.644044876098633
F256E:V280N,-26.564180374145508
F256E:V280M,-22.45646095275879
F256E:V280L,-23.463008880615234
F256E:V280I,-23.628000259399414
F256E:V280H,-27.757570266723633
F256E:V280G,-25.11648941040039
F256E:V280F,-20.8304386138916
F256E:V280E,-28.17723846435547
F256E:V280D,-28.230884552001953
F256E:V280C,-17.048696517944336
F256E:V280A,-19.98379898071289
F256E:F278S,-29.962196350097656
F256E:F278R,-32.98393249511719
F256E:F278Q,-31.682525634765625
F256E:F278P,-32.95423126220703
F256E:F278N,-30.81011962890625
F256E:F278L,-26.501869201660156
F256E:F278K,-32.535484313964844
F256E:F278I,-28.495807647705078
F256E:F278H,-29.84061050415039
F256E:F278E,-32.68635559082031
F256E:F278D,-31.634098052978516
F256E:F278C,-27.676666259765625
F256E:F278A,-29.617624282836914
F256D:V280W,-23.518611907958984
F256D:V280T,-23.5568904876709
F256D:V280S,-23.48548126220703
F256D:V280R,-33.162109375
F256D:V280P,-31.33951187133789
F256D:V280N,-27.259647369384766
F256D:V280M,-23.151927947998047
F256D:V280L,-24.158477783203125
F256D:V280I,-24.323467254638672
F256D:V280H,-28.45303726196289
F256D:V280G,-25.81195831298828
F256D:V280F,-21.52590560913086
F256D:V280E,-28.872705459594727
F256D:V280D,-28.92635154724121
F256D:V280C,-17.744163513183594
F256D:V280A,-20.67926788330078
F256D:W269A,-33.72597885131836
F256E:F278T,-29.831863403320312
F256D:W269C,-32.96340560913086
F256D:W269E,-34.25700378417969
F256D:W269Y,-30.660438537597656
F256D:W269V,-34.27516174316406
F256D:W269T,-33.95930099487305
F256D:W269S,-33.023555755615234
F256D:W269R,-33.126243591308594
F256D:W269Q,-34.007423400878906
F256D:W269P,-34.9393196105957
F256D:W269N,-34.07973098754883
F256D:W269M,-33.748538970947266
F256D:W269L,-33.918434143066406
F256D:W269K,-34.02857971191406
F256D:W269I,-34.01005554199219
F256D:W269H,-34.046897888183594
F256D:W269F,-30.692476272583008
F256D:W269D,-33.878990173339844
F256E:F278V,-28.04387664794922
F256E:F278W,-27.611907958984375
F256D:T244V,-19.399320602416992
F256D:T244S,-20.362424850463867
F256D:T244R,-19.313796997070312
F256D:T244Q,-22.492027282714844
F256D:T244P,-28.294536590576172
F256D:T244N,-22.084163665771484
F256D:T244L,-23.381174087524414
F256D:T244K,-19.718441009521484
F256D:T244I,-21.462955474853516
F256D:T244H,-20.960237503051758
F256D:T244G,-22.856956481933594
F256D:T244F,-21.449419021606445
F256D:T244D,-26.25661849975586
F256D:T244A,-19.951213836669922
F256D:T244M,-23.480175018310547
F256D:T270S,-18.737945556640625
F256D:T270R,-18.478681564331055
F256D:T270N,-19.794113159179688
F256D:T270M,-20.094913482666016
F256D:T270I,-21.801023483276367
F256D:T270H,-19.413347244262695
F256D:T270F,-19.61569595336914
F256D:T270D,-21.577220916748047
F256D:Q258T,-22.596708297729492
F256D:Q258S,-21.38522720336914
F256D:Q258R,-16.009258270263672
F256D:Q258P,-29.804885864257812
F256D:Q258M,-21.331941604614258
F256D:T270Y,-19.672996520996094
F256D:T281Y,-22.413318634033203
F256D:T281W,-21.066247940063477
F256D:T281V,-21.81734275817871
F256D:T281S,-20.8924617767334
F256D:T281R,-20.992328643798828
F256D:T281Q,-22.265594482421875
F256D:T281M,-22.255752563476562
F256D:T281K,-21.27969741821289
F256D:T281I,-22.7679386138916
F256D:T281H,-22.70865249633789
F256D:T281G,-23.339447021484375
F256D:T281F,-22.79424285888672
F256D:T281E,-22.680496215820312
F256D:T281C,-21.68586540222168
F256D:T281A,-21.552391052246094
F256D:Q258L,-20.991741180419922
F256D:Q258N,-18.57559585571289
Q258P:T270I,-18.671003341674805
Q258P:T270Y,-16.54297637939453
Q258P:T270S,-15.607924461364746
Q258P:T270R,-15.348661422729492
Q258P:T270N,-16.664093017578125
Q258P:T270M,-16.964893341064453
Q258P:T270F,-16.485675811767578
Q258P:T270H,-16.283327102661133
Q258P:T270D,-18.447200775146484
Q258P:T281H,-19.578632354736328
Q258P:T281G,-20.209426879882812
Q258P:T281F,-19.664222717285156
Q258P:T281E,-19.55047607421875
Q258P:T281C,-18.555845260620117
Q258P:T281A,-18.42237091064453
Q258P:T281I,-19.63791847229004
Q258P:T281K,-18.149677276611328
Q258P:T281M,-19.125732421875
Q258P:T281Y,-19.28329849243164
Q258P:T281W,-17.936227798461914
Q258P:T281V,-18.68732261657715
Q258P:T281S,-17.762441635131836
Q258P:T281R,-17.862308502197266
Q258P:T281Q,-19.135574340820312
Q258P:T244S,-17.232404708862305
Q258N:V280G,-11.452646255493164
Q258N:V280F,-7.166594505310059
Q258N:V280E,-14.513394355773926
Q258N:V280D,-14.56704044342041
Q258N:V280C,-3.3848519325256348
Q258N:V280A,-6.319955825805664
Q258N:V280H,-14.09372615814209
Q258N:V280I,-9.964157104492188
Q258N:V280L,-9.799165725708008
Q258N:W269Y,-16.301128387451172
Q258N:W269V,-19.915851593017578
Q258N:W269T,-19.599990844726562
Q258N:W269S,-18.66424560546875
Q258N:W269R,-18.766929626464844
Q258N:W269Q,-19.648109436035156
Q258N:W269P,-20.58000946044922
Q258N:W269N,-19.720420837402344
Q258N:W269M,-19.38922882080078
Q258N:W269L,-19.559120178222656
Q258N:W269K,-19.669269561767578
Q258N:W269I,-19.650745391845703
Q258N:W269H,-19.68758773803711
Q258N:W269E,-19.897693634033203
Q258N:W269D,-19.519676208496094
Q258N:W269C,-18.604095458984375
Q258N:W269A,-19.366668701171875
Q258N:V280W,-9.159300804138184
Q258N:V280T,-9.197578430175781
Q258N:V280S,-9.126171112060547
Q258N:V280R,-18.802799224853516
Q258N:V280P,-16.980201721191406
Q258N:V280N,-12.900336265563965
Q258N:V280M,-8.79261589050293
Q258N:W269F,-16.33316421508789
Q258N:T281V,-7.45803165435791
Q258N:T281S,-6.533151149749756
Q258N:T281R,-6.633017063140869
Q258N:T281Q,-7.906283378601074
Q258N:T281M,-7.89644193649292
Q258N:T281K,-6.920387268066406
Q258N:T281I,-8.408626556396484
Q258N:T281H,-8.34934139251709
Q258N:T281G,-8.98013687133789
Q258N:T281F,-8.434930801391602
Q258N:T281W,-6.706936359405518
Q258N:T281E,-8.321184158325195
Q258N:T281C,-7.326554775238037
Q258N:T281A,-7.193079471588135
Q258N:T281Y,-8.054008483886719
Q258P:T244V,-16.26930046081543
Q258P:T244R,-16.18377685546875
Q258P:T244Q,-19.36200714111328
Q258P:T244P,-25.16451644897461
Q258P:T244N,-18.954143524169922
Q258P:T244M,-20.350154876708984
Q258P:T244L,-20.25115394592285
Q258P:T244K,-16.588420867919922
Q258P:T244I,-18.332935333251953
Q258P:T244H,-17.830217361450195
Q258P:T244G,-19.72693634033203
Q258P:T244F,-18.319398880004883
Q258P:T244D,-23.126598358154297
Q258P:T244A,-16.82119369506836
Q258R:T281Y,-5.487672328948975
Q258R:T281W,-4.140600204467773
Q258R:T281V,-4.891695499420166
Q258R:T281S,-3.9668149948120117
Q258R:T281R,-4.066680908203125
Q258R:T281Q,-5.33994722366333
Q258R:T281M,-5.330105781555176
Q258R:T281K,-4.354051113128662
Q258R:T281I,-5.842290878295898
Q258R:T281H,-5.783005237579346
Q258R:T281G,-6.4138007164001465
Q258R:T281F,-5.868594646453857
Q258R:T281E,-5.754848480224609
Q258R:T281A,-4.626743316650391
Q258R:T281C,-4.760218620300293
Q258R:W269Y,-13.73479175567627
Q258R:W269V,-17.349515914916992
Q258R:W269T,-17.033653259277344
Q258R:W269S,-16.09790802001953
Q258R:W269Q,-17.08177375793457
Q258R:V280F,-4.6002583503723145
Q258R:V280E,-11.94705867767334
Q258R:V280D,-12.000704765319824
Q258R:V280C,-0.8185158371925354
Q258R:V280A,-3.75361967086792
Q258R:V280G,-8.886310577392578
Q258R:W269R,-16.200593948364258
Q258R:V280H,-11.527390480041504
Q258R:W269P,-18.013671875
Q258R:W269N,-17.154083251953125
Q258R:W269M,-16.822891235351562
Q258R:W269L,-16.99278450012207
Q258R:W269K,-17.102933883666992
Q258R:W269I,-17.084409713745117
Q258R:W269H,-17.12125015258789
Q258R:W269F,-13.766829490661621
Q258R:W269E,-17.331356048583984
Q258R:W269D,-16.953340530395508
Q258R:W269C,-16.037757873535156
Q258R:W269A,-16.800331115722656
Q258R:V280W,-6.5929646492004395
Q258R:V280T,-6.631242752075195
Q258R:V280S,-6.559834957122803
Q258R:V280R,-16.236461639404297
Q258R:V280P,-14.413865089416504
Q258R:V280N,-10.334000587463379
Q258R:V280M,-6.226280212402344
Q258R:V280L,-7.232829570770264
Q258R:V280I,-7.397820472717285
Q258P:W269E,-31.126983642578125
Q258P:W269D,-30.74896812438965
Q258P:W269C,-29.833385467529297
Q258P:W269A,-30.595958709716797
Q258P:V280W,-20.388591766357422
Q258P:V280T,-20.426870346069336
Q258P:V280S,-20.35546112060547
Q258P:V280R,-30.032089233398438
Q258P:V280P,-28.209491729736328
Q258P:V280N,-24.129627227783203
Q258P:V280M,-20.021907806396484
Q258P:V280L,-21.028457641601562
Q258P:V280I,-21.19344711303711
Q258P:V280H,-25.323017120361328
Q258P:V280G,-22.68193817138672
Q258P:V280F,-18.395885467529297
Q258P:V280E,-25.742685317993164
Q258P:V280D,-25.79633140563965
Q258P:V280C,-14.614143371582031
Q258P:V280A,-17.54924774169922
Q258P:W269F,-27.562456130981445
Q258P:W269I,-30.880037307739258
Q258P:W269Y,-27.530418395996094
Q258P:W269V,-31.145143508911133
Q258P:W269T,-30.829280853271484
Q258P:W269S,-29.893535614013672
Q258P:W269R,-29.9962215423584
Q258P:W269Q,-30.87740135192871
Q258P:W269P,-31.80929946899414
Q258P:W269N,-30.949710845947266
Q258P:W269M,-30.618518829345703
Q258P:W269L,-30.78841209411621
Q258P:W269K,-30.898561477661133
Q258P:W269H,-30.91687774658203
Q258R:T244V,-2.4736735820770264
Q258R:T244S,-3.436777114868164
Q258R:T244R,-2.388150453567505
Q258R:T244Q,-5.566380023956299
Q258R:T244P,-11.368889808654785
Q258R:T244N,-5.1585164070129395
Q258R:T244M,-6.554527759552002
Q258R:T244L,-6.455526828765869
Q258R:T244K,-2.7927942276000977
Q258R:T270Y,-2.7473502159118652
Q258R:T270S,-1.8122975826263428
Q258R:T270R,-1.5530338287353516
Q258R:T270N,-2.8684656620025635
Q258R:T270M,-3.169266939163208
Q258R:T270I,-4.875376224517822
Q258R:T270H,-2.4877002239227295
Q258R:T270F,-2.6900486946105957
Q258R:T270D,-4.651573657989502
Q258R:T244I,-4.537308216094971
Q258R:T244G,-5.931309700012207
Q258R:T244H,-4.034589767456055
Q258R:T244F,-4.523772239685059
Q258R:T244D,-9.330971717834473
Q258R:T244A,-3.025567054748535
Q258L:W269K,-22.085416793823242
Q258L:W269I,-22.066892623901367
Q258L:W269H,-22.10373306274414
Q258L:W269F,-18.749311447143555
Q258L:W269E,-22.313838958740234
Q258L:W269D,-21.935823440551758
Q258L:W269C,-21.020240783691406
Q258L:W269A,-21.782814025878906
Q258L:W269L,-21.97526741027832
Q258L:V280W,-11.575447082519531
Q258L:V280S,-11.542316436767578
Q258L:V280R,-21.218944549560547
Q258L:V280P,-19.396347045898438
Q258L:V280N,-15.316482543945312
Q258L:V280M,-11.208762168884277
Q258L:V280L,-12.215311050415039
Q258L:V280I,-12.380302429199219
Q258L:V280H,-16.509872436523438
Q258L:V280T,-11.613724708557129
Q258L:W269M,-21.805374145507812
Q258L:W269N,-22.136566162109375
Q258L:W269P,-22.99615478515625
Q258L:W269Y,-18.717273712158203
Q258L:W269V,-22.331998825073242
Q258L:W269T,-22.016136169433594
Q258L:W269S,-21.08039093017578
Q258L:W269R,-21.183076858520508
Q258L:W269Q,-22.06425666809082
Q258L:V280G,-13.868791580200195
Q258L:V280F,-9.582740783691406
Q258L:V280E,-16.929540634155273
Q258L:V280D,-16.983186721801758
Q258L:V280C,-5.800997734069824
Q258L:V280A,-8.736101150512695
Q258M:T244M,-11.87721061706543
Q258M:T244L,-11.778209686279297
Q258M:T244K,-8.115476608276367
Q258M:T244I,-9.859991073608398
Q258M:T244H,-9.35727310180664
Q258M:T244G,-11.253992080688477
Q258M:T244F,-9.846454620361328
Q258M:T244D,-14.653654098510742
Q258M:T244A,-8.348249435424805
Q258L:T244D,-14.313453674316406
Q258L:T244A,-8.008049011230469
Q258L:T244F,-9.506254196166992
Q258L:T244H,-9.017071723937988
Q258L:T244V,-7.456155776977539
Q258L:T244S,-8.419259071350098
Q258L:T244R,-7.370632171630859
Q258L:T244Q,-10.54886245727539
Q258L:T244P,-16.35137176513672
Q258L:T244N,-10.140998840332031
Q258L:T244M,-11.537010192871094
Q258L:T244L,-11.438009262084961
Q258L:T244K,-7.775276184082031
Q258L:T244I,-9.519790649414062
Q258L:T244G,-10.91379165649414
Q258M:T244N,-10.481199264526367
Q258L:T281A,-9.609225273132324
Q258L:T281Y,-10.47015380859375
Q258L:T281W,-9.123082160949707
Q258L:T281V,-9.874177932739258
Q258L:T281S,-8.949296951293945
Q258L:T281R,-9.049162864685059
Q258L:T281Q,-10.322429656982422
Q258L:T281M,-10.31258773803711
Q258L:T281K,-9.336532592773438
Q258L:T281I,-10.824772834777832
Q258L:T281H,-10.765487670898438
Q258L:T281G,-11.396282196044922
Q258L:T281F,-10.851076126098633
Q258L:T281E,-10.737330436706543
Q258L:T281C,-9.742700576782227
Q258L:T270Y,-7.729832172393799
Q258L:T270S,-6.7947797775268555
Q258L:T270R,-6.535515785217285
Q258L:T270N,-7.850947380065918
Q258L:T270M,-8.151748657226562
Q258L:T270I,-9.857858657836914
Q258L:T270H,-7.470182418823242
Q258L:T270F,-7.672530651092529
Q258L:T270D,-9.634056091308594
Q258M:T244P,-16.691572189331055
Q258M:T244Q,-10.889062881469727
Q258M:T244R,-7.710833549499512
Q258N:T270Y,-5.313686370849609
Q258N:T270S,-4.378633499145508
Q258N:T270R,-4.119369983673096
Q258N:T270N,-5.434802055358887
Q258N:T270M,-5.735603332519531
Q258N:T244V,-5.040009498596191
Q258N:T244S,-6.003113269805908
Q258N:T244R,-4.954486846923828
Q258N:T244Q,-8.132716178894043
Q258N:T244P,-13.935225486755371
Q258N:T244N,-7.724852561950684
Q258N:T244M,-9.120863914489746
Q258N:T244L,-9.021862983703613
Q258N:T244K,-5.359130382537842
Q258N:T244I,-7.103644371032715
Q258N:T244H,-6.600925922393799
Q258N:T244G,-8.49764633178711
Q258N:T244F,-7.090108394622803
Q258N:T244D,-11.897307395935059
Q258N:T244A,-5.591903209686279
Q258N:T270I,-7.441712379455566
Q258N:T270H,-5.0540361404418945
Q258N:T270F,-5.25638484954834
Q258N:T270D,-7.217909812927246
Q258M:W269Y,-19.05747413635254
Q258M:T281F,-11.191277503967285
Q258M:T281E,-11.077531814575195
Q258M:T281C,-10.082901000976562
Q258M:T281A,-9.949426651000977
Q258M:T281G,-11.736483573913574
Q258M:T244V,-7.796356201171875
Q258M:T244S,-8.75946044921875
Q258M:T270Y,-8.070033073425293
Q258M:T270S,-7.134980201721191
Q258M:T270R,-6.875716686248779
Q258M:T270N,-8.19114875793457
Q258M:T270M,-8.491950035095215
Q258M:T270I,-10.19805908203125
Q258M:T270H,-7.810382843017578
Q258M:T270F,-8.012731552124023
Q258M:T270D,-9.97425651550293
Q258M:T281H,-11.105688095092773
Q258M:T281K,-9.67673397064209
Q258M:V280L,-12.555512428283691
Q258M:V280I,-12.720502853393555
Q258M:V280H,-16.850072860717773
Q258M:V280G,-14.208992958068848
Q258M:V280F,-9.922941207885742
Q258M:V280E,-17.26974105834961
Q258M:V280D,-17.323387145996094
Q258M:V280C,-6.141198635101318
Q258M:V280A,-9.076302528381348
Q258M:V280M,-11.54896354675293
Q258M:V280N,-15.656682968139648
Q258M:W269V,-22.672199249267578
Q258M:W269T,-22.35633659362793
Q258M:W269S,-21.420591354370117
Q258M:W269R,-21.523277282714844
Q258M:W269Q,-22.404457092285156
Q258M:W269P,-23.336355209350586
Q258M:W269N,-22.47676658630371
Q258M:W269M,-22.14557456970215
Q258M:W269L,-22.315467834472656
Q258M:W269K,-22.425617218017578
Q258M:W269I,-22.407093048095703
Q258M:W269H,-22.443933486938477
Q258M:W269F,-19.08951187133789
Q258M:W269E,-22.65403938293457
Q258M:W269D,-22.276023864746094
Q258M:W269C,-21.360441207885742
Q258M:W269A,-22.123014450073242
Q258M:V280W,-11.915647506713867
Q258M:V280T,-11.953926086425781
Q258M:V280S,-11.88251781463623
Q258M:V280R,-21.559144973754883
Q258M:V280P,-19.736547470092773
Q258M:T281I,-11.164974212646484
Q258M:T281Y,-10.810355186462402
Q258M:T281W,-9.46328353881836
Q258M:T281V,-10.214378356933594
Q258M:T281S,-9.289497375488281
Q258M:T281R,-9.389364242553711
Q258M:T281Q,-10.662630081176758
Q258M:T281M,-10.652788162231445
Q258S:W269Y,-19.110759735107422
Q258S:W269V,-22.72548484802246
Q258S:W269T,-22.409622192382812
Q258S:W269S,-21.473876953125
Q258S:W269R,-21.576562881469727
Q258S:W269Q,-22.45774269104004
Q258S:W269P,-23.38964080810547
Q258S:W269N,-22.530052185058594
Q258S:W269M,-22.19886016845703
Q258S:W269L,-22.36875343322754
Q258S:W269K,-22.47890281677246
Q258S:W269H,-22.49721908569336
Q258S:W269F,-19.142797470092773
Q258S:W269E,-22.707324981689453
Q258S:W269D,-22.329309463500977
Q258S:W269C,-21.413726806640625
Q258S:W269A,-22.176300048828125
Q258S:V280W,-11.96893310546875
Q258S:V280T,-12.007211685180664
Q258S:W269I,-22.460378646850586
Q258S:V280S,-11.935803413391113
Q258S:V280R,-21.612430572509766
Q258S:V280P,-19.789833068847656
Q258S:V280N,-15.709968566894531
Q258S:V280M,-11.602249145507812
Q258S:V280L,-12.608798027038574
Q258S:V280I,-12.773788452148438
Q258S:V280H,-16.903358459472656
Q258S:V280G,-14.26227855682373
Q258S:V280F,-9.976226806640625
Q258S:V280E,-17.323026657104492
Q258S:V280D,-17.376672744750977
Q258S:V280C,-6.194484233856201
Q258S:V280A,-9.12958812713623
Q258T:T244V,-9.06112289428711
Q258T:T244S,-10.024227142333984
Q258T:T244R,-8.975600242614746
Q258T:T244Q,-12.153829574584961
Q258T:T244P,-17.95633888244629
Q258T:T244N,-11.745965957641602
Q258T:T244M,-13.141977310180664
Q258T:T244L,-13.042976379394531
Q258T:T244K,-9.380243301391602
Q258T:T244I,-11.124757766723633
Q258T:T244H,-10.622039794921875
Q258T:T244G,-12.518758773803711
Q258T:T244F,-11.111221313476562
Q258T:T244D,-15.918420791625977
Q258T:T244A,-9.613016128540039
Q258S:T244P,-16.744857788085938
Q258S:T244N,-10.53448486328125
Q258S:T244M,-11.930496215820312
Q258S:T244L,-11.83149528503418
Q258S:T244K,-8.16876220703125
Q258S:T244I,-9.913276672363281
Q258S:T244H,-9.410558700561523
Q258S:T244G,-11.30727767944336
Q258S:T244F,-9.899740219116211
Q258S:T244D,-14.706939697265625
Q258S:T244A,-8.401535034179688
Q258S:T244Q,-10.94234848022461
Q258S:T244R,-7.7641191482543945
Q258S:T244V,-7.849641799926758
Q258S:T244S,-8.812746047973633
Q258S:T270D,-10.027542114257812
Q258S:T281H,-11.158973693847656
Q258S:T281G,-11.789769172668457
Q258S:T281F,-11.244563102722168
Q258S:T281E,-11.130817413330078
Q258S:T281C,-10.136186599731445
Q258S:T281A,-10.00271224975586
Q258S:T281I,-11.218259811401367
Q258S:T281K,-9.730019569396973
Q258S:T281M,-10.706073760986328
Q258S:T281Y,-10.863640785217285
Q258S:T281W,-9.516569137573242
Q258S:T281V,-10.267663955688477
Q258S:T281S,-9.342782974243164
Q258S:T281R,-9.442649841308594
Q258S:T281Q,-10.71591567993164
Q258S:T270F,-8.066017150878906
Q258S:T270Y,-8.123318672180176
Q258S:T270S,-7.188265800476074
Q258S:T270R,-6.929002285003662
Q258S:T270N,-8.244434356689453
Q258S:T270M,-8.545235633850098
Q258S:T270I,-10.251344680786133
Q258S:T270H,-7.863668441772461
Q258T:T281Q,-11.927396774291992
Q258T:T281M,-11.91755485534668
Q258T:T281K,-10.941500663757324
Q258T:T281I,-12.429740905761719
Q258T:T281H,-12.370454788208008
Q258T:T281G,-13.001250267028809
Q258T:T281F,-12.45604419708252
Q258T:T281E,-12.34229850769043
Q258T:T281C,-11.347667694091797
Q258T:T281A,-11.214193344116211
Q258T:T281R,-10.654130935668945
Q258T:T270I,-11.462825775146484
Q258T:T270H,-9.075149536132812
Q258T:T270F,-9.277498245239258
Q258T:T270D,-11.239023208618164
Q258T:T270M,-9.75671672821045
Q258T:T270Y,-9.334799766540527
Q258T:T270S,-8.399746894836426
Q258T:T270R,-8.140483856201172
Q258T:T270N,-9.455915451049805
Q258T:T281S,-10.554264068603516
Q258T:T281W,-10.728050231933594
Q258T:V280W,-13.180414199829102
Q258T:V280T,-13.218692779541016
Q258T:V280S,-13.147284507751465
Q258T:V280R,-22.823911666870117
Q258T:V280P,-21.001314163208008
Q258T:V280N,-16.921449661254883
Q258T:V280M,-12.813730239868164
Q258T:V280L,-13.820279121398926
Q258T:V280I,-13.985269546508789
Q258T:V280H,-18.114839553833008
Q258T:V280G,-15.473759651184082
Q258T:V280F,-11.187707901000977
Q258T:V280E,-18.534507751464844
Q258T:V280D,-18.588153839111328
Q258T:V280C,-7.405965328216553
Q258T:V280A,-10.341069221496582
Q258T:W269A,-23.387781143188477
Q258T:W269C,-22.625207901000977
Q258T:W269E,-23.918806076049805
Q258T:W269Y,-20.322240829467773
Q258T:W269V,-23.936965942382812
Q258T:W269T,-23.621103286743164
Q258T:W269S,-22.68535804748535
Q258T:W269R,-22.788043975830078
Q258T:W269Q,-23.66922378540039
Q258T:W269P,-24.60112190246582
Q258T:W269N,-23.741533279418945
Q258T:W269M,-23.410341262817383
Q258T:W269L,-23.58023452758789
Q258T:W269K,-23.690383911132812
Q258T:W269I,-23.671859741210938
Q258T:W269H,-23.70870018005371
Q258T:W269F,-20.354278564453125
Q258T:W269D,-23.540790557861328
Q258T:T281V,-11.479145050048828
Q258T:T281Y,-12.075121879577637
Q258E:T244V,-13.720735549926758
Q258E:T270D,-15.898635864257812
Q258E:T270Y,-13.994412422180176
Q258E:T270S,-13.059359550476074
Q258E:T270R,-12.80009651184082
Q258E:T270N,-14.115528106689453
Q258E:T270M,-14.416329383850098
Q258E:T270I,-16.122438430786133
Q258E:T270H,-13.734762191772461
Q258E:T270F,-13.937110900878906
Q258E:T244S,-14.683839797973633
Q258E:T244Q,-16.81344223022461
Q258E:T244R,-13.635212898254395
Q258E:T244P,-22.615951538085938
Q258E:T244N,-16.40557861328125
Q258E:T244M,-17.801589965820312
Q258E:T244L,-17.70258903503418
Q258E:T244K,-14.03985595703125
Q258E:T244I,-15.784370422363281
Q258E:T244H,-15.281652450561523
Q258E:T244G,-17.17837142944336
Q258E:T244F,-15.770833969116211
Q258E:T244A,-14.272628784179688
Q258E:T244D,-20.578033447265625
Q258E:T281Y,-16.73473358154297
Q258E:T281W,-15.387662887573242
Q258E:T281V,-16.138757705688477
Q258E:T281S,-15.213876724243164
Q258E:T281R,-15.313743591308594
Q258E:T281Q,-16.58700942993164
Q258E:T281M,-16.577167510986328
Q258E:T281I,-17.089353561401367
Q258E:T281H,-17.030067443847656
Q258E:T281G,-17.66086196899414
Q258E:T281F,-17.115657806396484
Q258E:T281E,-17.001911163330078
Q258E:T281C,-16.007280349731445
Q258E:T281A,-15.87380599975586
Q258E:T281K,-15.601113319396973
Q258E:W269Y,-24.981853485107422
Q258E:W269V,-28.59657859802246
Q258E:W269T,-28.280715942382812
Q258E:W269S,-27.344970703125
Q258E:W269R,-27.447656631469727
Q258E:W269Q,-28.32883644104004
Q258E:W269P,-29.26073455810547
Q258E:W269N,-28.401145935058594
Q258E:W269M,-28.06995391845703
Q258E:W269K,-28.34999656677246
Q258E:W269I,-28.331472396850586
Q258E:W269H,-28.36831283569336
Q258E:W269F,-25.013891220092773
Q258E:W269E,-28.578418731689453
Q258E:W269D,-28.200403213500977
Q258E:W269C,-27.284820556640625
Q258E:W269A,-28.047393798828125
Q258E:W269L,-28.23984718322754
Q258E:V280W,-17.84002685546875
Q258E:V280S,-17.806896209716797
Q258E:V280T,-17.878305435180664
Q258E:V280R,-27.483524322509766
Q258E:V280P,-25.660926818847656
Q258E:V280N,-21.58106231689453
Q258E:V280M,-17.473342895507812
Q258E:V280L,-18.47989273071289
Q258E:V280I,-18.644882202148438
Q258E:V280H,-22.774452209472656
Q258E:V280G,-20.133373260498047
Q258E:V280E,-23.194120407104492
Q258E:V280D,-23.247766494750977
Q258E:V280C,-12.06557846069336
Q258E:V280A,-15.00068187713623
Q258E:V280F,-15.847320556640625
Q258A:V280N,-16.3505802154541
Q258A:V280M,-12.242859840393066
Q258A:V280L,-13.249408721923828
Q258A:V280I,-13.414400100708008
Q258A:V280H,-17.543970108032227
Q258A:V280G,-14.902889251708984
Q258A:V280F,-10.616838455200195
Q258A:V280E,-17.963638305664062
Q258A:V280P,-20.430444717407227
Q258A:V280D,-18.017284393310547
Q258A:V280A,-9.770198822021484
Q258A:V280C,-6.835095405578613
Q258A:V280S,-12.576414108276367
Q258A:W269T,-23.050233840942383
Q258A:W269S,-22.11448860168457
Q258A:W269R,-22.217174530029297
Q258A:W269Q,-23.09835433959961
Q258A:W269P,-24.03025245666504
Q258A:W269N,-23.170663833618164
Q258A:W269M,-22.8394718170166
Q258A:W269L,-23.00936508178711
Q258A:W269K,-23.11951446533203
Q258A:V280R,-22.253042221069336
Q258A:W269I,-23.100990295410156
Q258A:W269F,-19.783409118652344
Q258A:W269E,-23.347936630249023
Q258A:W269D,-22.969921112060547
Q258A:W269C,-22.054338455200195
Q258A:W269A,-22.816911697387695
Q258A:V280W,-12.60954475402832
Q258A:V280T,-12.647822380065918
Q258A:W269H,-23.13783073425293
Q258A:W269V,-23.36609649658203
Q258A:W269Y,-19.751371383666992
Q258A:T281Y,-11.504251480102539
Q258A:T281V,-10.908275604248047
Q258A:T244L,-12.47210693359375
Q258A:T244K,-8.80937385559082
Q258A:T244I,-10.553888320922852
Q258A:T244H,-10.051169395446777
Q258A:T244G,-11.94788932800293
Q258A:T244F,-10.540351867675781
Q258A:T244D,-15.347551345825195
Q258A:T244M,-12.571107864379883
Q258A:T244A,-9.042146682739258
Q258A:T244N,-11.17509651184082
Q258A:T244Q,-11.58296012878418
Q258A:T244P,-17.385469436645508
Q258A:T244V,-8.490253448486328
Q258A:T244S,-9.453356742858887
Q258A:T244R,-8.404729843139648
Q258A:T281W,-10.157179832458496
Q258A:T281S,-9.983394622802734
Q258A:T281R,-10.083260536193848
Q258A:T281Q,-11.356527328491211
Q258A:T281M,-11.346685409545898
Q258A:T281K,-10.370630264282227
Q258A:T281I,-11.858870506286621
Q258A:T281H,-11.799585342407227
Q258A:T281F,-11.885173797607422
Q258A:T281E,-11.771428108215332
Q258A:T281C,-10.776798248291016
Q258A:T281A,-10.643322944641113
Q258A:T281G,-12.430379867553711
Q258A:T270Y,-8.76392936706543
Q258A:T270S,-7.8288774490356445
Q258A:T270R,-7.569613456726074
Q258A:T270N,-8.885045051574707
Q258A:T270M,-9.185846328735352
Q258A:T270I,-10.891956329345703
Q258A:T270H,-8.504280090332031
Q258A:T270F,-8.706628799438477
Q258A:T270D,-10.668153762817383
Q258C:W269Y,-19.324281692504883
Q258C:W269V,-22.939006805419922
Q258C:W269T,-22.623144149780273
Q258C:W269S,-21.68739891052246
Q258C:W269R,-21.790084838867188
Q258C:W269Q,-22.6712646484375
Q258C:W269N,-22.743574142456055
Q258C:V280G,-14.475801467895508
Q258C:V280F,-10.189748764038086
Q258C:V280E,-17.536548614501953
Q258C:V280D,-17.590194702148438
Q258C:V280C,-6.40800666809082
Q258C:V280A,-9.343111038208008
Q258C:V280H,-17.116880416870117
Q258C:W269P,-23.60316276550293
Q258C:V280I,-12.987311363220215
Q258C:V280L,-12.822320938110352
Q258C:W269M,-22.412382125854492
Q258C:W269L,-22.582275390625
Q258C:W269K,-22.692424774169922
Q258C:W269I,-22.673900604248047
Q258C:W269H,-22.71074104309082
Q258C:W269F,-19.356319427490234
Q258C:W269E,-22.920846939086914
Q258C:W269D,-22.542831420898438
Q258C:W269C,-21.627248764038086
Q258C:V280W,-12.182455062866211
Q258C:V280T,-12.220733642578125
Q258C:V280S,-12.14932632446289
Q258C:V280R,-21.825952529907227
Q258C:V280P,-20.003355026245117
Q258C:V280N,-15.923490524291992
Q258C:V280M,-11.815771102905273
Q258C:W269A,-22.389822006225586
Q258C:T270N,-8.457956314086914
Q258C:T270M,-8.758757591247559
Q258C:T270I,-10.464866638183594
Q258C:T270H,-8.077191352844238
Q258C:T270F,-8.279539108276367
Q258C:T270D,-10.241064071655273
Q258C:T270R,-7.142524719238281
Q258C:T270S,-7.401788711547852
Q258C:T270Y,-8.336841583251953
Q258C:T244D,-14.920461654663086
Q258C:T244A,-8.615057945251465
Q258C:T244F,-10.113263130187988
Q258C:T244H,-9.624080657958984
Q258C:T244G,-11.520800590515137
Q258C:T244S,-9.026268005371094
Q258C:T244R,-7.9776411056518555
Q258C:T244Q,-11.15587043762207
Q258C:T244P,-16.9583797454834
Q258C:T244N,-10.748006820678711
Q258C:T244M,-12.144018173217773
Q258C:T244L,-12.04501724243164
Q258C:T244K,-8.382285118103027
Q258C:T244I,-10.126798629760742
Q258C:T244V,-8.063164710998535
Q258C:T281Y,-11.077163696289062
Q258C:T281W,-9.730091094970703
Q258C:T281V,-10.481185913085938
Q258C:T281S,-9.556305885314941
Q258C:T281R,-9.656171798706055
Q258C:T281Q,-10.929437637329102
Q258C:T281M,-10.919596672058105
Q258C:T281K,-9.94354248046875
Q258C:T281I,-11.431781768798828
Q258C:T281H,-11.372495651245117
Q258C:T281G,-12.003292083740234
Q258C:T281F,-11.458086013793945
Q258C:T281E,-11.344339370727539
Q258C:T281C,-10.349709510803223
Q258C:T281A,-10.21623420715332
Q258I:T281R,-12.43655776977539
Q258I:T281Q,-13.709823608398438
Q258I:T281M,-13.699982643127441
Q258I:T281K,-12.723928451538086
Q258I:T281I,-14.212167739868164
Q258I:T281H,-14.152881622314453
Q258I:T281G,-14.78367805480957
Q258I:T281E,-14.124725341796875
Q258I:T281C,-13.130095481872559
Q258I:T281A,-12.996620178222656
Q258I:T281F,-14.238471984863281
Q258I:T270Y,-11.117227554321289
Q258I:T270S,-10.182174682617188
Q258I:T270R,-9.922910690307617
Q258I:T270N,-11.23834228515625
Q258I:T270M,-11.539143562316895
Q258I:T270I,-13.24525260925293
Q258I:T270H,-10.857577323913574
Q258I:T270F,-11.059925079345703
Q258I:T270D,-13.02145004272461
Q258I:T281S,-12.336691856384277
Q258I:T281V,-13.261571884155273
Q258I:T281W,-12.510477066040039
Q258I:T281Y,-13.857549667358398
Q258I:V280M,-14.59615707397461
Q258I:V280L,-15.602706909179688
Q258I:V280I,-15.76769733428955
Q258I:V280H,-19.897266387939453
Q258I:V280G,-17.256187438964844
Q258I:V280F,-12.970134735107422
Q258I:V280E,-20.31693458557129
Q258I:V280D,-20.370580673217773
Q258I:V280N,-18.703876495361328
Q258I:V280C,-9.188392639160156
Q258I:V280A,-12.123497009277344
Q258I:V280P,-22.783740997314453
Q258I:V280R,-24.606338500976562
Q258I:W269S,-24.467784881591797
Q258I:W269R,-24.570470809936523
Q258I:W269Q,-25.451650619506836
Q258I:W269P,-26.383548736572266
Q258I:W269N,-25.52396011352539
Q258I:W269M,-25.192768096923828
Q258I:W269L,-25.362661361694336
Q258I:W269K,-25.472810745239258
Q258I:W269I,-25.454286575317383
Q258I:W269H,-25.491127014160156
Q258I:W269F,-22.13670539855957
Q258I:W269E,-25.70123291015625
Q258I:W269D,-25.323217391967773
Q258I:W269C,-24.407634735107422
Q258I:W269A,-25.170207977294922
Q258I:V280W,-14.962841033935547
Q258I:V280T,-15.001119613647461
Q258I:V280S,-14.929712295532227
Q258H:V280W,-9.48769474029541
Q258H:V280T,-9.525973320007324
Q258H:V280S,-9.454565048217773
Q258H:V280R,-19.131193161010742
Q258H:V280P,-17.308595657348633
Q258H:V280N,-13.228730201721191
Q258H:V280M,-9.121010780334473
Q258H:W269A,-19.6950626373291
Q258H:V280L,-10.127559661865234
Q258H:V280I,-10.292551040649414
Q258H:V280H,-14.422120094299316
Q258H:V280G,-11.78104019165039
Q258H:V280F,-7.494988441467285
Q258H:V280E,-14.841788291931152
Q258H:V280D,-14.895434379577637
Q258H:V280C,-3.7132461071014404
Q258H:V280A,-6.648349761962891
Q258H:W269C,-18.9324893951416
Q258H:W269E,-20.22608757019043
Q258H:W269Y,-16.6295223236084
Q258H:W269V,-20.244247436523438
Q258H:W269T,-19.92838478088379
Q258H:W269S,-18.992639541625977
Q258H:W269D,-19.848072052001953
Q258H:W269R,-19.095325469970703
Q258H:W269P,-20.908403396606445
Q258H:W269N,-20.04881477355957
Q258H:W269M,-19.717622756958008
Q258H:W269L,-19.887516021728516
Q258H:W269K,-19.997665405273438
Q258H:W269I,-19.979141235351562
Q258H:W269H,-20.015981674194336
Q258H:W269F,-16.66156005859375
Q258H:W269Q,-19.976505279541016
Q258I:W269T,-25.40353012084961
Q258I:T244L,-14.825403213500977
Q258I:T244K,-11.162671089172363
Q258I:T244I,-12.907184600830078
Q258I:T244H,-12.40446662902832
Q258I:T244G,-14.301186561584473
Q258I:T244F,-12.893649101257324
Q258I:T244D,-17.700847625732422
Q258I:T244M,-14.92440414428711
Q258I:T244A,-11.3954439163208
Q258I:T244N,-13.528392791748047
Q258I:T244Q,-13.936256408691406
Q258I:T244P,-19.738765716552734
Q258I:T244V,-10.843550682067871
Q258I:T244S,-11.80665397644043
Q258I:T244R,-10.758027076721191
Q258I:W269V,-25.719392776489258
Q258I:W269Y,-22.10466766357422
Q258K:T281Y,-7.329854965209961
Q258K:T281W,-5.982783317565918
Q258K:T281V,-6.733878135681152
Q258K:T281S,-5.808998107910156
Q258K:T281R,-5.9088640213012695
Q258K:T281Q,-7.182129859924316
Q258K:T281M,-7.17228889465332
Q258K:T281K,-6.196233749389648
Q258K:T281I,-7.684473991394043
Q258K:T281H,-7.625187873840332
Q258K:T281G,-8.255983352661133
Q258K:T281F,-7.710777282714844
Q258K:T281E,-7.597031593322754
Q258K:T281C,-6.6024017333984375
Q258K:T281A,-6.468926429748535
Q258K:W269Y,-15.576973915100098
Q258K:W269V,-19.191699981689453
Q258K:W269T,-18.875837326049805
Q258K:W269S,-17.940092086791992
Q258K:W269R,-18.04277801513672
Q258K:W269Q,-18.92395782470703
Q258K:W269P,-19.85585594177246
Q258K:W269N,-18.996267318725586
Q258K:W269L,-18.83496856689453
Q258K:V280E,-13.789240837097168
Q258K:V280D,-13.842886924743652
Q258K:V280C,-2.660698652267456
Q258K:V280A,-5.595802307128906
Q258K:V280F,-6.442440986633301
Q258K:W269M,-18.665075302124023
Q258K:V280G,-10.728492736816406
Q258K:V280I,-9.24000358581543
Q258K:W269K,-18.945117950439453
Q258K:W269I,-18.926593780517578
Q258K:W269H,-18.96343421936035
Q258K:W269F,-15.60901165008545
Q258K:W269E,-19.173540115356445
Q258K:W269D,-18.79552459716797
Q258K:W269C,-17.879941940307617
Q258K:W269A,-18.642515182495117
Q258K:V280H,-13.369572639465332
Q258K:V280T,-8.47342586517334
Q258K:V280S,-8.402017593383789
Q258K:V280R,-18.078645706176758
Q258K:V280P,-16.25604820251465
Q258K:V280N,-12.176182746887207
Q258K:V280M,-8.068463325500488
Q258K:V280L,-9.07501220703125
Q258K:V280W,-8.435147285461426
Q258K:T270N,-4.710648536682129
Q258K:T270M,-5.011449813842773
Q258K:T270I,-6.717558860778809
Q258K:T270H,-4.329883098602295
Q258K:T270F,-4.532231330871582
Q258K:T270D,-6.493756294250488
Q258K:T270S,-3.654480457305908
Q258K:T270R,-3.395216703414917
Q258K:T270Y,-4.589532852172852
Q258K:T244A,-4.86775016784668
Q258K:T244D,-11.1731538772583
Q258K:T244G,-7.773492813110352
Q258K:T244F,-6.365955352783203
Q258K:T244V,-4.315856456756592
Q258K:T244R,-4.23033332824707
Q258K:T244Q,-7.408562660217285
Q258K:T244P,-13.211071968078613
Q258K:T244N,-7.000699043273926
Q258K:T244M,-8.396710395812988
Q258K:T244L,-8.297709465026855
Q258K:T244K,-4.634977340698242
Q258K:T244I,-6.379490852355957
Q258K:T244H,-5.876772880554199
Q258K:T244S,-5.278960227966309
Q258H:T270Y,-5.642080307006836
Q258H:T270S,-4.707027912139893
Q258H:T270R,-4.4477643966674805
Q258H:T270N,-5.763195991516113
Q258H:T270M,-6.063997268676758
Q258H:T270I,-7.770106315612793
Q258H:T270H,-5.382430553436279
Q258H:T270F,-5.584778785705566
Q258H:T244V,-5.368403911590576
Q258H:T244S,-6.331507682800293
Q258H:T244R,-5.282880783081055
Q258H:T244Q,-8.46111011505127
Q258H:T244P,-14.263619422912598
Q258H:T244N,-8.05324649810791
Q258H:T244M,-9.449257850646973
Q258H:T244L,-9.35025691986084
Q258H:T244K,-5.687524795532227
Q258H:T244H,-6.929320335388184
Q258H:T244G,-8.826040267944336
Q258H:T244F,-7.4185028076171875
Q258H:T244D,-12.225701332092285
Q258H:T244A,-5.920297622680664
Q258H:T244I,-7.432038307189941
Q258H:T270D,-7.546303749084473
Q258H:T281A,-7.5214738845825195
Q258H:T281C,-7.654949188232422
Q258H:T281E,-8.649579048156738
Q258H:T281Y,-8.382402420043945
Q258H:T281W,-7.035330772399902
Q258H:T281V,-7.786425590515137
Q258H:T281S,-6.861545562744141
Q258H:T281R,-6.961411476135254
Q258H:T281M,-8.224836349487305
Q258H:T281K,-7.248781204223633
Q258H:T281I,-8.737021446228027
Q258H:T281H,-8.677735328674316
Q258H:T281G,-9.308530807495117
Q258H:T281F,-8.763324737548828
Q258H:T281Q,-8.2346773147583
T270R:T281K,-6.8234734535217285
T270R:T281M,-7.799528121948242
T270R:T281Q,-7.8093695640563965
T270R:T281R,-6.536103248596191
T270R:T281S,-6.436237335205078
T270R:T281W,-6.61002254486084
T270R:T281Y,-7.957094669342041
T270R:T281V,-7.361117839813232
T270R:V280N,-12.803422927856445
T270R:V280G,-11.355731964111328
T270R:V280H,-13.99681282043457
T270R:V280I,-9.867242813110352
T270R:V280L,-9.702251434326172
T270R:V280M,-8.69570255279541
T270R:V280P,-16.88328742980957
T270R:V280R,-18.70588493347168
T270R:V280S,-9.029256820678711
T270R:V280T,-9.100665092468262
T270R:V280W,-9.062387466430664
T270R:W269A,-19.26975440979004
T270R:W269C,-18.50718116760254
T270R:W269D,-19.42276382446289
T270R:W269E,-19.800779342651367
T270R:T281I,-8.311713218688965
T270R:W269H,-19.590673446655273
T270R:W269F,-16.236251831054688
T270R:V280F,-7.069680690765381
T270R:V280E,-14.416481018066406
T270R:V280C,-3.287938117980957
T270R:V280A,-6.223042011260986
T270R:V280D,-14.47012710571289
T270R:T281H,-8.25242805480957
T270R:T281F,-8.338016510009766
T270R:W269I,-19.5538330078125
T270R:T281G,-8.883222579956055
T270R:T281A,-7.096165657043457
T270R:T281C,-7.229640960693359
T270R:T281E,-8.224270820617676
T270R:W269K,-19.572357177734375
T270R:W269M,-19.292314529418945
T270S:T281C,-7.48890495300293
T270S:T281E,-8.483534812927246
T270S:T281F,-8.597280502319336
T270S:T281G,-9.142486572265625
T270S:T281H,-8.511691093444824
T270S:T281I,-8.570977210998535
T270S:T281K,-7.082736968994141
T270S:T281A,-7.355429649353027
T270S:T281M,-8.058792114257812
T270S:T281Q,-8.068633079528809
T270S:T281R,-6.795367240905762
T270S:T281S,-6.695501327514648
T270S:T281V,-7.6203813552856445
T270S:T281W,-6.86928653717041
T270S:T281Y,-8.216358184814453
T270R:W269N,-19.623506546020508
T270R:W269P,-20.483095169067383
T270R:W269Q,-19.551197052001953
T270R:W269R,-18.67001724243164
T270R:W269S,-18.567331314086914
T270R:W269T,-19.503076553344727
T270R:W269V,-19.818939208984375
T270R:W269Y,-16.204214096069336
T270R:W269L,-19.462207794189453
T270Y:W269I,-20.748149871826172
T270Y:W269K,-20.766674041748047
T270Y:W269L,-20.656524658203125
T270Y:W269M,-20.486629486083984
T270Y:W269N,-20.817821502685547
T270Y:W269P,-21.677410125732422
T270Y:W269Q,-20.745513916015625
T270Y:W269R,-19.864334106445312
T270Y:W269S,-19.761646270751953
T270Y:W269H,-20.784988403320312
T270Y:W269T,-20.697391510009766
T270Y:W269Y,-17.398529052734375
T270Y:W269V,-21.013256072998047
T270Y:W269F,-17.43056869506836
T270Y:W269E,-20.995094299316406
T270Y:V280C,-4.482254505157471
T270Y:V280D,-15.664443016052246
T270Y:V280E,-15.610796928405762
T270Y:V280F,-8.263997077941895
T270Y:V280G,-12.550048828125
T270Y:V280H,-15.191128730773926
T270Y:V280I,-11.061559677124023
T270Y:V280L,-10.896568298339844
T270Y:V280M,-9.890018463134766
T270Y:V280N,-13.9977388381958
T270Y:V280P,-18.07760238647461
T270Y:V280R,-19.90019989013672
T270Y:V280S,-10.223573684692383
T270Y:V280T,-10.294981002807617
T270Y:V280W,-10.25670337677002
T270Y:W269A,-20.464069366455078
T270Y:W269C,-19.701496124267578
T270Y:W269D,-20.617080688476562
T270Y:V280A,-7.4173583984375
T270Y:T281E,-9.418586730957031
T270Y:T281F,-9.532333374023438
T270Y:T281G,-10.077539443969727
T270Y:T281H,-9.446743965148926
T270Y:T281I,-9.50602912902832
T270Y:T281K,-8.017789840698242
T270Y:T281M,-8.993844985961914
T270Y:T281R,-7.730419635772705
T270Y:T281S,-7.630553722381592
T270Y:T281V,-8.555434226989746
T270Y:T281W,-7.8043389320373535
T270Y:T281Y,-9.151411056518555
T270Y:T281Q,-9.00368595123291
T270Y:T281C,-8.423957824707031
T270Y:T281A,-8.290481567382812
T270S:W269F,-16.495515823364258
T270S:W269H,-19.849937438964844
T270S:W269I,-19.81309700012207
T270S:W269K,-19.831621170043945
T270S:W269L,-19.721471786499023
T270S:W269M,-19.551578521728516
T270S:W269N,-19.882770538330078
T270S:W269P,-20.742359161376953
T270S:W269E,-20.060043334960938
T270S:W269Q,-19.810461044311523
T270S:W269S,-18.826595306396484
T270S:W269T,-19.762340545654297
T270S:W269V,-20.078203201293945
T270S:W269Y,-16.463478088378906
T270S:W269R,-18.92928123474121
T270S:W269D,-19.68202781677246
T270S:W269C,-18.76644515991211
T270S:W269A,-19.52901840209961
T270S:V280A,-6.482305526733398
T270S:V280C,-3.5472018718719482
T270S:V280D,-14.729390144348145
T270S:V280E,-14.67574405670166
T270S:V280F,-7.328944206237793
T270S:V280G,-11.614995956420898
T270S:V280H,-14.256075859069824
T270S:V280I,-10.126506805419922
T270S:V280L,-9.961515426635742
T270S:V280M,-8.95496654510498
T270S:V280N,-13.0626859664917
T270S:V280P,-17.14255142211914
T270S:V280R,-18.96514892578125
T270S:V280S,-9.288520812988281
T270S:V280T,-9.359929084777832
T270S:V280W,-9.321650505065918
T270N:W269H,-20.906105041503906
T270N:W269I,-20.869264602661133
T270N:W269K,-20.887788772583008
T270N:W269L,-20.777639389038086
T270N:W269M,-20.607746124267578
T270N:W269N,-20.93893814086914
T270N:W269P,-21.798526763916016
T270N:W269Q,-20.866628646850586
T270N:W269S,-19.882762908935547
T270N:W269T,-20.81850814819336
T270N:W269V,-21.134370803833008
T270N:W269Y,-17.51964569091797
T270N:W269R,-19.985448837280273
T270N:W269F,-17.55168342590332
T270N:W269E,-21.1162109375
T270N:W269D,-20.738195419311523
T270N:W269C,-19.822612762451172
T270M:V280R,-20.32211685180664
T270M:V280S,-10.645490646362305
T270M:V280T,-10.716897964477539
T270M:V280W,-10.678620338439941
T270M:W269A,-20.885986328125
T270M:W269C,-20.1234130859375
T270M:W269D,-21.03899574279785
T270M:W269E,-21.417011260986328
T270M:W269F,-17.85248374938965
T270M:W269H,-21.206905364990234
T270M:W269I,-21.17006492614746
T270M:W269K,-21.188589096069336
T270M:W269L,-21.078439712524414
T270M:W269M,-20.908546447753906
T270M:W269N,-21.23973846435547
T270M:V280P,-18.49951934814453
T270M:V280N,-14.419655799865723
T270M:V280M,-10.311935424804688
T270M:W269P,-22.099327087402344
T270M:V280A,-7.839275360107422
T270M:V280D,-16.08635902404785
T270M:V280E,-16.032712936401367
T270M:V280F,-8.685914039611816
T270M:V280G,-12.971965789794922
T270M:V280H,-15.613045692443848
T270M:V280I,-11.483475685119629
T270M:V280L,-11.318485260009766
T270M:V280C,-4.904170989990234
T270M:W269Q,-21.167428970336914
T270M:W269R,-20.2862491607666
T270M:W269S,-20.183563232421875
T270M:W269T,-21.119308471679688
T270M:W269V,-21.435171127319336
T270M:W269Y,-17.820446014404297
T270M:T281E,-9.840503692626953
T270M:T281F,-9.95425033569336
T270M:T281G,-10.499456405639648
T270M:T281H,-9.868660926818848
T270M:T281I,-9.927946090698242
T270M:T281K,-8.439706802368164
T270M:T281M,-9.41576099395752
T270M:T281Q,-9.425602912902832
T270M:T281R,-8.152336120605469
T270M:T281S,-8.052470207214355
T270M:T281V,-8.977351188659668
T270M:T281W,-8.226255416870117
T270M:T281Y,-9.573328018188477
T270M:T281C,-8.845873832702637
T270M:T281A,-8.712398529052734
T270N:T281Q,-9.124801635742188
T270N:T281R,-7.851534843444824
T270N:T281S,-7.751668930053711
T270N:T281V,-8.676549911499023
T270N:T281W,-7.925454139709473
T270N:T281Y,-9.272526741027832
T270N:V280D,-15.785558700561523
T270N:V280E,-15.731912612915039
T270N:V280F,-8.385112762451172
T270N:V280G,-12.671164512634277
T270N:V280H,-15.312244415283203
T270N:V280I,-11.182674407958984
T270N:V280L,-11.017683982849121
T270N:V280C,-4.60336971282959
T270N:V280M,-10.011134147644043
T270N:V280P,-18.198719024658203
T270N:V280R,-20.021316528320312
T270N:V280S,-10.34468936920166
T270N:V280T,-10.416096687316895
T270N:V280W,-10.377819061279297
T270N:W269A,-20.585186004638672
T270N:V280N,-14.118854522705078
T270N:V280A,-7.538474082946777
T270N:T281C,-8.545072555541992
T270N:T281E,-9.539702415466309
T270N:T281F,-9.653449058532715
T270N:T281G,-10.198655128479004
T270N:T281H,-9.567859649658203
T270N:T281I,-9.627144813537598
T270N:T281K,-8.13890552520752
T270N:T281A,-8.41159725189209
T270N:T281M,-9.114959716796875
T270H:T281A,-8.030832290649414
T270H:T281C,-8.164307594299316
T270H:T281F,-9.272683143615723
T270H:T281Y,-8.89176082611084
T270H:T281W,-7.544689178466797
T270H:T281V,-8.295783996582031
T270H:T281S,-7.370903968811035
T270H:T281E,-9.158937454223633
T270H:T281R,-7.470769882202148
T270H:T281M,-8.7341947555542
T270H:T281K,-7.758139610290527
T270H:T281I,-9.246379852294922
T270H:T281H,-9.187093734741211
T270H:T281G,-9.817889213562012
T270H:T281Q,-8.744035720825195
T270I:V280E,-17.73882293701172
T270I:V280D,-17.792469024658203
T270I:V280C,-6.610280513763428
T270I:V280A,-9.545384407043457
T270I:V280F,-10.392023086547852
T270I:V280G,-14.678074836730957
T270I:V280I,-13.189584732055664
T270I:W269H,-22.913015365600586
T270I:W269F,-19.55859375
T270I:W269E,-23.12312126159668
T270I:W269D,-22.745105743408203
T270I:W269C,-21.82952308654785
T270I:W269A,-22.59209632873535
T270I:V280H,-17.319154739379883
T270I:V280W,-12.384729385375977
T270I:V280S,-12.35159969329834
T270I:V280R,-22.028226852416992
T270I:V280P,-20.205629348754883
T270I:V280N,-16.125764846801758
T270I:V280M,-12.018045425415039
T270I:V280L,-13.0245943069458
T270I:V280T,-12.42300796508789
T270I:W269I,-22.876174926757812
T270I:T281Y,-11.279437065124512
T270I:T281W,-9.932365417480469
T270I:W269K,-22.894699096679688
T270I:W269M,-22.614656448364258
T270I:W269L,-22.784549713134766
T270I:W269Y,-19.52655601501465
T270I:W269V,-23.141281127929688
T270I:W269T,-22.82541847229004
T270I:W269S,-21.889673233032227
T270I:W269R,-21.992359161376953
T270I:W269Q,-22.873538970947266
T270I:W269P,-23.805437088012695
T270I:W269N,-22.94584846496582
T270I:T281V,-10.683460235595703
T270I:T281R,-9.85844612121582
T270H:W269Y,-17.138879776000977
T270H:W269T,-20.437742233276367
T270H:V280P,-17.81795310974121
T270H:V280N,-13.738088607788086
T270H:V280M,-9.630369186401367
T270H:V280L,-10.636918067932129
T270H:V280I,-10.801909446716309
T270H:V280H,-14.931478500366211
T270H:V280G,-12.290398597717285
T270H:V280F,-8.00434684753418
T270H:V280D,-15.404792785644531
T270H:V280C,-4.222604751586914
T270H:V280A,-7.157708168029785
T270H:V280E,-15.351146697998047
T270H:W269V,-20.753604888916016
T270H:V280R,-19.64055061340332
T270H:V280T,-10.035331726074219
T270H:W269S,-19.501996994018555
T270H:W269R,-19.60468292236328
T270H:W269Q,-20.485862731933594
T270H:W269P,-21.417760848999023
T270H:W269N,-20.55817222595215
T270H:W269M,-20.226980209350586
T270H:W269L,-20.396873474121094
T270H:W269K,-20.507022857666016
T270H:V280S,-9.963923454284668
T270H:W269I,-20.48849868774414
T270H:W269F,-17.170917510986328
T270H:W269E,-20.735445022583008
T270H:W269D,-20.35742950439453
T270H:W269C,-19.44184684753418
T270H:W269A,-20.20442008972168
T270H:V280W,-9.997053146362305
T270H:W269H,-20.525339126586914
T270I:T281S,-9.75857925415039
T270I:T281Q,-11.131711959838867
T270I:T281M,-11.121870040893555
T270I:T281K,-10.1458158493042
T270I:T281I,-11.634056091308594
T270I:T281H,-11.574769973754883
T270I:T281G,-12.205565452575684
T270I:T281E,-11.546613693237305
T270I:T281C,-10.551982879638672
T270I:T281A,-10.418508529663086
T270I:T281F,-11.660359382629395
T270D:T281K,-9.922013282775879
T270D:T281I,-11.410253524780273
T270D:T281H,-11.350967407226562
T270D:T281G,-11.981762886047363
T270D:T281F,-11.436556816101074
T270D:T281E,-11.322811126708984
T270D:T281C,-10.328180313110352
T270D:T281A,-10.194705963134766
T270D:T281M,-10.898067474365234
T270D:T281Q,-10.907909393310547
T270D:T281Y,-11.055634498596191
T270D:T281W,-9.708562850952148
T270D:T281V,-10.459657669067383
T270D:T281S,-9.53477668762207
T270D:T281R,-9.6346435546875
T270D:W269A,-22.36829376220703
T270D:V280W,-12.160926818847656
T270D:V280T,-12.19920539855957
T270D:V280S,-12.12779712677002
T270D:V280R,-21.804424285888672
T270D:V280P,-19.981826782226562
T270D:V280N,-15.901962280273438
T270D:V280M,-11.794242858886719
T270D:V280L,-12.80079174041748
T270D:V280I,-12.965782165527344
T270D:V280H,-17.095352172851562
T270D:V280G,-14.454272270202637
T270D:V280F,-10.168220520019531
T270D:V280E,-17.5150203704834
T270D:W269C,-21.60572052001953
T270D:W269D,-22.521303176879883
T270D:W269E,-22.89931869506836
T270D:W269F,-19.33479118347168
T270D:W269Y,-19.302753448486328
T270D:W269V,-22.917478561401367
T270D:W269T,-22.60161590576172
T270D:W269S,-21.665870666503906
T270D:V280D,-17.568666458129883
T270D:W269R,-21.768556594848633
T270D:W269P,-23.581634521484375
T270D:W269N,-22.7220458984375
T270D:W269M,-22.390853881835938
T270D:W269L,-22.560747146606445
T270D:W269K,-22.670896530151367
T270D:W269I,-22.652372360229492
T270D:W269H,-22.689212799072266
T270D:W269Q,-22.649736404418945
T270D:V280C,-6.386477947235107
T270D:V280A,-9.321581840515137
T270F:V280I,-11.004257202148438
T270F:V280H,-15.133827209472656
T270F:V280G,-12.49274730682373
T270F:V280F,-8.206695556640625
T270F:V280E,-15.553495407104492
T270F:V280D,-15.607141494750977
T270F:V280C,-4.424952983856201
T270F:V280A,-7.3600568771362305
T270F:T281S,-7.573252201080322
T270F:T281R,-7.6731181144714355
T270F:T281Q,-8.94638442993164
T270F:T281M,-8.936542510986328
T270F:T281K,-7.960488319396973
T270F:T281V,-8.498132705688477
T270F:T281I,-9.448728561401367
T270F:T281G,-10.020237922668457
T270F:T281F,-9.475031852722168
T270F:T281E,-9.361286163330078
T270F:T281C,-8.366655349731445
T270F:T281A,-8.23318099975586
T270F:T281H,-9.389442443847656
T270F:T281W,-7.747037410736084
T270F:T281Y,-9.094109535217285
T270F:V280L,-10.839266777038574
T270F:V280N,-13.940437316894531
T270F:V280M,-9.832717895507812
T270F:W269M,-20.42932891845703
T270F:W269L,-20.59922218322754
T270F:W269K,-20.70937156677246
T270F:W269I,-20.690847396850586
T270F:W269H,-20.72768783569336
T270F:W269F,-17.373266220092773
T270F:W269E,-20.937793731689453
T270F:W269N,-20.760520935058594
T270F:W269D,-20.559778213500977
T270F:W269A,-20.406768798828125
T270F:V280W,-10.19940185546875
T270F:V280T,-10.237680435180664
T270F:V280S,-10.166272163391113
T270F:V280R,-19.842899322509766
T270F:V280P,-18.020301818847656
T270F:W269C,-19.644195556640625
T270F:W269P,-21.62010955810547
T270F:W269Q,-20.68821144104004
T270F:W269R,-19.807031631469727
T270F:W269Y,-17.341228485107422
T270F:W269V,-20.95595359802246
T270F:W269T,-20.640090942382812
T270F:W269S,-19.704345703125
F278Q:T270D,-21.020309448242188
F278Q:T270F,-19.05878448486328
F278Q:T270H,-18.856435775756836
F278Q:T270I,-21.244110107421875
F278Q:T270M,-19.538002014160156
F278Q:T270N,-19.237199783325195
F278Q:T270R,-17.921768188476562
F278Q:T270S,-18.181032180786133
F278Q:T244D,-25.69970703125
F278Q:T244F,-20.892507553100586
F278Q:T244G,-22.300045013427734
F278Q:T244H,-20.403324127197266
F278Q:T244I,-20.906044006347656
F278Q:T244K,-19.161529541015625
F278Q:T244L,-22.824260711669922
F278Q:T244M,-22.923263549804688
F278Q:T244N,-21.527252197265625
F278Q:T244P,-27.737625122070312
F278Q:T244Q,-21.935115814208984
F278Q:T244S,-19.805511474609375
F278Q:T244V,-18.842409133911133
F278Q:T244R,-18.756885528564453
F278Q:T270Y,-19.116085052490234
F278Q:T244A,-19.394302368164062
F278Q:Q258A,-21.46892547607422
F278Q:Q258C,-21.041837692260742
F278Q:Q258E,-26.69940948486328
F278Q:Q258H,-18.347076416015625
F278Q:Q258I,-23.822223663330078
F278Q:Q258K,-17.29452896118164
F278Q:Q258L,-20.43482780456543
F278Q:Q258M,-20.775028228759766
F278Q:Q258N,-18.0186824798584
F278Q:Q258P,-29.247974395751953
F278Q:Q258R,-15.452346801757812
F278Q:Q258S,-20.82831573486328
F278Q:Q258T,-22.039794921875
F278P:T270I,-22.51581382751465
F278P:T270M,-20.809703826904297
F278P:T270N,-20.50890350341797
F278P:T270R,-19.193471908569336
F278P:T270S,-19.452735900878906
F278P:T270Y,-20.387786865234375
F278P:T270H,-20.128137588500977
F278P:T281S,-21.60725212097168
F278P:T281V,-22.532133102416992
F278P:T281W,-21.781038284301758
F278P:T281Y,-23.128108978271484
F278P:T281R,-21.70711898803711
F278P:T281Q,-22.980384826660156
F278P:T281A,-22.267181396484375
F278P:T281C,-22.40065574645996
F278P:T281E,-23.395286560058594
F278P:T281F,-23.509033203125
F278P:T281G,-24.054237365722656
F278P:T281H,-23.423442840576172
F278P:T281I,-23.482728958129883
F278P:T281K,-21.994487762451172
F278P:T281M,-22.970542907714844
F278P:Q258R,-16.724048614501953
F278P:Q258S,-22.100017547607422
F278P:Q258P,-30.519676208496094
F278P:Q258T,-23.311498641967773
F278P:T270F,-20.330486297607422
F278P:T270D,-22.292011260986328
F278P:T244V,-20.114110946655273
F278P:T244S,-21.07721519470215
F278P:T244R,-20.028587341308594
F278P:T244A,-20.666004180908203
F278P:T244F,-22.164209365844727
F278P:T244G,-23.571746826171875
F278P:T244H,-21.67502784729004
F278P:T244I,-22.177745819091797
F278P:T244K,-20.433231353759766
F278P:T244L,-24.095964431762695
F278P:T244M,-24.194965362548828
F278P:T244N,-22.798954010009766
F278P:T244P,-29.009326934814453
F278P:T244Q,-23.206817626953125
F278P:T244D,-26.97140884399414
F278P:V280A,-21.394058227539062
F278P:V280C,-18.458953857421875
F278P:V280D,-29.641141891479492
F278P:V280E,-29.587495803833008
F278P:V280F,-22.24069595336914
F278P:V280G,-26.526748657226562
F278P:V280H,-29.167827606201172
F278P:V280I,-25.038257598876953
F278P:V280L,-24.873268127441406
F278P:V280M,-23.866718292236328
F278P:V280N,-27.974437713623047
F278P:V280P,-32.05430221557617
F278P:V280R,-33.87689971923828
F278P:V280S,-24.200271606445312
F278P:V280T,-24.27168083190918
F278P:V280W,-24.233402252197266
F278P:W269A,-34.44076919555664
F278P:W269C,-33.67819595336914
F278P:W269D,-34.593780517578125
F278P:W269E,-34.97179412841797
F278P:W269F,-31.40726661682129
F278P:W269H,-34.761688232421875
F278P:W269I,-34.72484588623047
F278P:W269K,-34.743370056152344
F278P:W269L,-34.63322448730469
F278P:W269M,-34.46332931518555
F278P:W269N,-34.79452133178711
F278P:W269P,-35.654109954833984
F278P:W269Q,-34.72221374511719
F278P:W269S,-33.738346099853516
F278P:W269T,-34.67409133911133
F278P:W269V,-34.989952087402344
F278P:W269Y,-31.375228881835938
F278P:W269R,-33.841033935546875
F278R:T244A,-20.69570541381836
F278R:T244D,-27.001110076904297
F278R:T244F,-22.193910598754883
F278R:T244G,-23.60144805908203
F278R:T244H,-21.704729080200195
F278R:T244I,-22.207447052001953
F278R:T244K,-20.462932586669922
F278R:T244L,-24.12566566467285
F278R:T244M,-24.224666595458984
F278R:T244N,-22.828655242919922
F278R:T244Q,-23.23651885986328
F278R:T270F,-20.360187530517578
F278R:T270H,-20.157838821411133
F278R:T270I,-22.545515060424805
F278R:T270M,-20.839405059814453
F278R:T270N,-20.538604736328125
F278R:T270R,-19.223173141479492
F278R:T270S,-19.482437133789062
F278R:T270Y,-20.41748809814453
F278R:T270D,-22.321712493896484
F278R:T244R,-20.05828857421875
F278R:T244S,-21.106916427612305
F278R:T244V,-20.14381217956543
F278R:T244P,-29.03902816772461
F278R:Q258I,-25.123626708984375
F278R:Q258K,-18.59593391418457
F278R:Q258L,-21.73623275756836
F278R:Q258M,-22.076433181762695
F278R:Q258N,-19.320087432861328
F278R:Q258P,-30.54937744140625
F278R:Q258R,-16.75374984741211
F278R:Q258S,-22.129718780517578
F278R:Q258T,-23.34119987487793
F278R:Q258H,-19.648481369018555
F278R:Q258E,-28.000812530517578
F278R:Q258A,-22.77033042907715
F278R:Q258C,-22.34324073791504
F278R:V280W,-24.263103485107422
F278R:W269A,-34.4704704284668
F278R:W269C,-33.7078971862793
F278R:W269D,-34.62348175048828
F278R:W269E,-35.001495361328125
F278R:W269F,-31.436967849731445
F278R:W269H,-34.79138946533203
F278R:W269I,-34.754547119140625
F278R:W269K,-34.7730712890625
F278R:W269L,-34.662925720214844
F278R:W269M,-34.4930305480957
F278R:W269N,-34.824222564697266
F278R:W269P,-35.68381118774414
F278R:W269Q,-34.751914978027344
F278R:W269R,-33.87073516845703
F278R:W269S,-33.76804733276367
F278R:W269T,-34.703792572021484
F278R:W269V,-35.0196533203125
F278R:W269Y,-31.404930114746094
F278R:V280T,-24.301382064819336
F278R:V280S,-24.22997283935547
F278R:V280R,-33.90660095214844
F278R:V280A,-21.42375946044922
F278R:V280D,-29.67084312438965
F278R:V280E,-29.617197036743164
F278R:V280F,-22.270397186279297
F278R:V280G,-26.55644989013672
F278R:V280H,-29.197528839111328
F278R:V280I,-25.06795883178711
F278R:V280L,-24.902969360351562
F278R:V280M,-23.896419525146484
F278R:V280N,-28.004138946533203
F278R:V280P,-32.08400344848633
F278R:V280C,-18.48865509033203
F278P:Q258N,-19.290386199951172
F278R:T281A,-22.29688262939453
F278R:T281C,-22.430356979370117
F278R:T281E,-23.42498779296875
F278R:T281F,-23.538734436035156
F278R:T281G,-24.083938598632812
F278R:T281H,-23.453144073486328
F278R:T281I,-23.51243019104004
F278R:T281M,-23.000244140625
F278R:T281Q,-23.010086059570312
F278R:T281R,-21.736820220947266
F278R:T281S,-21.636953353881836
F278R:T281V,-22.56183433532715
F278R:T281W,-21.810739517211914
F278R:T281Y,-23.15781021118164
F278R:T281K,-22.024188995361328
F278Q:W269Q,-33.45050811767578
F278Q:W269R,-32.56932830810547
F278Q:W269S,-32.466644287109375
F278Q:W269T,-33.40238952636719
F278Q:W269V,-33.7182502746582
F278Q:W269Y,-30.103527069091797
F278Q:W269P,-34.382408142089844
F278Q:W269N,-33.52281951904297
F278Q:W269L,-33.36151885986328
F278Q:T281A,-20.9954776763916
F278Q:T281C,-21.12895393371582
F278Q:T281E,-22.12358283996582
F278Q:T281F,-22.237329483032227
F278Q:T281G,-22.782535552978516
F278Q:T281H,-22.15174102783203
F278Q:T281I,-22.21102523803711
F278Q:T281K,-20.72278594970703
F278Q:T281Q,-21.708683013916016
F278Q:T281R,-20.435415267944336
F278Q:T281S,-20.33555030822754
F278Q:T281V,-21.26042938232422
F278Q:T281W,-20.509334564208984
F278Q:T281Y,-21.856407165527344
F278Q:T281M,-21.698841094970703
F278Q:W269M,-33.191627502441406
F278Q:V280G,-25.25504493713379
F278Q:V280H,-27.89612579345703
F278Q:V280I,-23.766555786132812
F278Q:V280L,-23.601564407348633
F278Q:V280M,-22.595014572143555
F278Q:V280N,-26.702735900878906
F278Q:V280P,-30.78260040283203
F278Q:V280R,-32.60519790649414
F278Q:V280S,-22.928569793701172
F278Q:V280T,-22.999977111816406
F278Q:V280W,-22.961700439453125
F278Q:W269A,-33.1690673828125
F278Q:W269C,-32.406494140625
F278Q:W269D,-33.32207489013672
F278Q:W269E,-33.70009231567383
F278Q:W269F,-30.135562896728516
F278Q:W269H,-33.489986419677734
F278Q:W269I,-33.45314407348633
F278Q:W269K,-33.4716682434082
F278Q:V280F,-20.968994140625
F278Q:V280E,-28.315792083740234
F278Q:V280D,-28.36943817138672
F278Q:V280C,-17.1872501373291
F278Q:V280A,-20.12235450744629
F278P:Q258M,-22.04673194885254
F278P:Q258K,-18.566232681274414
F278N:W269Y,-29.23111915588379
F278N:W269V,-32.84584426879883
F278N:W269T,-32.52998352050781
F278N:W269S,-31.594236373901367
F278N:V280M,-21.72260856628418
F278N:V280N,-25.8303279876709
F278N:V280P,-29.910192489624023
F278N:V280R,-31.732789993286133
F278N:V280S,-22.056163787841797
F278N:V280T,-22.12757110595703
F278N:V280W,-22.089292526245117
F278N:W269A,-32.296661376953125
F278N:W269C,-31.534086227416992
F278N:W269D,-32.449668884277344
F278N:W269F,-29.26315689086914
F278N:W269H,-32.617576599121094
F278N:W269I,-32.58073806762695
F278N:W269K,-32.59926223754883
F278N:W269L,-32.489112854003906
F278N:W269M,-32.31922149658203
F278N:W269N,-32.650413513183594
F278N:W269P,-33.51000213623047
F278N:W269Q,-32.578102111816406
F278N:W269R,-31.696922302246094
F278N:W269E,-32.82768249511719
F278N:V280L,-22.729156494140625
F278P:Q258A,-22.740629196166992
F278P:Q258C,-22.313539505004883
F278P:Q258E,-27.971111297607422
F278P:Q258H,-19.6187801361084
F278P:Q258I,-25.09392547607422
F278N:V280I,-22.894147872924805
F278N:V280H,-27.023717880249023
F278N:Q258A,-20.596519470214844
F278N:Q258C,-20.169429779052734
F278N:Q258E,-25.827001571655273
F278N:Q258H,-17.47467041015625
F278N:Q258I,-22.94981575012207
F278N:Q258K,-16.422122955322266
F278N:Q258L,-19.562421798706055
F278N:Q258M,-19.90262222290039
F278N:Q258N,-17.14627456665039
F278N:Q258R,-14.579939842224121
F278N:Q258S,-19.955907821655273
F278N:Q258T,-21.167388916015625
F278N:Q258P,-28.375566482543945
F278N:T281F,-21.36492156982422
F278N:T281G,-21.91012954711914
F278N:T281H,-21.279333114624023
F278N:T281I,-21.338619232177734
F278N:T281K,-19.850379943847656
F278N:T281M,-20.826433181762695
F278N:T281Q,-20.836275100708008
F278N:T281R,-19.56300926208496
F278N:T281S,-19.46314239501953
F278N:T281V,-20.388023376464844
F278N:T281W,-19.63692855834961
F278N:T281Y,-20.98400115966797
F278N:T281E,-21.251176834106445
F278N:T281C,-20.256546020507812
F278N:T281A,-20.123071670532227
F278N:V280A,-19.24994659423828
F278N:V280C,-16.314844131469727
F278N:V280D,-27.497032165527344
F278N:V280E,-27.44338607788086
F278N:V280F,-20.096586227416992
F278N:V280G,-24.38263702392578
F278N:T244I,-20.03363609313965
F278N:T244K,-18.289121627807617
F278N:T244L,-21.951854705810547
F278N:T244M,-22.05085563659668
F278N:T244N,-20.654844284057617
F278N:T244P,-26.865217208862305
F278N:T244Q,-21.062707901000977
F278N:T244R,-17.884477615356445
F278N:T244S,-18.93310546875
F278N:T244V,-17.970001220703125
F278N:T244H,-19.53091812133789
F278N:T244G,-21.427637100219727
F278N:T244F,-20.020099639892578
F278N:T244A,-18.521894454956055
F278N:T244D,-24.827299118041992
F278P:Q258L,-21.706531524658203
F278N:T270D,-20.14790153503418
F278N:T270F,-18.186376571655273
F278N:T270H,-17.984027862548828
F278N:T270I,-20.3717041015625
F278N:T270M,-18.66559410095215
F278N:T270N,-18.36479377746582
F278N:T270R,-17.049362182617188
F278N:T270S,-17.308626174926758
F278N:T270Y,-18.24367904663086
F278W:T270D,-16.949689865112305
F278W:T270F,-14.988164901733398
F278W:T270H,-14.785816192626953
F278W:T270I,-17.173492431640625
F278W:T270M,-15.46738338470459
F278W:T270N,-15.166582107543945
F278W:T270R,-13.851150512695312
F278W:T270S,-14.110413551330566
F278W:T244F,-16.821887969970703
F278W:T244G,-18.22942543029785
F278W:T244H,-16.332706451416016
F278W:T244I,-16.835424423217773
F278W:T244K,-15.090909957885742
F278W:T244L,-18.753643035888672
F278W:T244M,-18.852643966674805
F278W:T244N,-17.456632614135742
F278W:T244P,-23.66700553894043
F278W:T244Q,-17.8644962310791
F278W:T244R,-14.686266899108887
F278W:T244S,-15.734893798828125
F278W:T244V,-14.77178955078125
F278W:T270Y,-15.045466423034668
F278W:T244D,-21.629087448120117
F278W:T244A,-15.32368278503418
F278W:Q258A,-17.39830780029297
F278W:Q258C,-16.97121810913086
F278W:Q258E,-22.6287899017334
F278W:Q258H,-14.276457786560059
F278W:Q258I,-19.751604080200195
F278W:Q258K,-13.223910331726074
F278W:Q258L,-16.36421012878418
F278W:Q258M,-16.704410552978516
F278W:Q258N,-13.948063850402832
F278W:Q258P,-25.17735481262207
F278W:Q258R,-11.381728172302246
F278W:Q258S,-16.7576961517334
F278W:Q258T,-17.96917724609375
F278V:T270M,-15.899351119995117
F278V:T270N,-15.598549842834473
F278V:T270R,-14.283117294311523
F278V:T270S,-14.542381286621094
F278V:T270Y,-15.477434158325195
F278V:T281W,-16.870683670043945
F278V:T281Y,-18.217756271362305
F278V:T281V,-17.621780395507812
F278V:T281S,-16.6968994140625
F278V:T281R,-16.796764373779297
F278V:T281Q,-18.070030212402344
F278V:T281A,-17.356826782226562
F278V:T281E,-18.48493194580078
F278V:T281F,-18.598678588867188
F278V:T281G,-19.143884658813477
F278V:T281H,-18.51308822631836
F278V:T281I,-18.57237434387207
F278V:T281K,-17.084135055541992
F278V:T281M,-18.060190200805664
F278V:T281C,-17.49030303955078
F278V:T270H,-15.21778392791748
F278V:Q258S,-17.18966293334961
F278V:Q258T,-18.401145935058594
F278V:T270I,-17.60546112060547
F278V:T270D,-17.381656646728516
F278V:T270F,-15.420132637023926
F278V:T244A,-15.755651473999023
F278V:T244D,-22.061054229736328
F278V:T244F,-17.253856658935547
F278V:T244H,-16.764673233032227
F278V:T244I,-17.267391204833984
F278V:T244K,-15.522878646850586
F278V:T244L,-19.185611724853516
F278V:T244M,-19.284610748291016
F278V:T244N,-17.888599395751953
F278V:T244P,-24.09897232055664
F278V:T244Q,-18.296463012695312
F278V:T244R,-15.118234634399414
F278V:T244S,-16.166860580444336
F278V:T244V,-15.203757286071777
F278V:T244G,-18.661394119262695
F278V:V280A,-16.48370361328125
F278V:V280C,-13.548599243164062
F278V:V280D,-24.730789184570312
F278V:V280E,-24.677143096923828
F278V:V280F,-17.330341339111328
F278V:V280G,-21.61639404296875
F278V:V280H,-24.25747299194336
F278V:V280I,-20.127904891967773
F278V:V280L,-19.962913513183594
F278V:V280M,-18.956363677978516
F278V:V280N,-23.064083099365234
F278V:V280P,-27.14394760131836
F278V:V280R,-28.96654510498047
F278V:V280S,-19.289918899536133
F278V:V280T,-19.361326217651367
F278V:V280W,-19.323047637939453
F278V:W269A,-29.530414581298828
F278V:W269C,-28.767841339111328
F278V:W269E,-30.061439514160156
F278V:W269F,-26.49691390991211
F278V:W269H,-29.851333618164062
F278V:W269I,-29.814495086669922
F278V:W269K,-29.833019256591797
F278V:W269L,-29.722869873046875
F278V:W269M,-29.552974700927734
F278V:W269N,-29.884166717529297
F278V:W269P,-30.743755340576172
F278V:W269Q,-29.811859130859375
F278V:W269R,-28.930679321289062
F278V:W269D,-29.683425903320312
F278V:W269S,-28.827991485595703
F278V:W269V,-30.079601287841797
F278V:W269Y,-26.464874267578125
F278V:W269T,-29.763736724853516
F278V:Q258R,-11.813695907592773
F278W:W269S,-28.396024703979492
F278W:W269T,-29.331769943237305
F278W:W269V,-29.647632598876953
F278W:W269Y,-26.032907485961914
F278W:W269R,-28.49871063232422
F278W:W269Q,-29.37989044189453
F278W:W269N,-29.452199935913086
F278W:T281A,-16.92486000061035
F278W:T281C,-17.058334350585938
F278W:T281E,-18.05296516418457
F278W:T281F,-18.166709899902344
F278W:T281G,-18.711917877197266
F278W:T281H,-18.08112144470215
F278W:T281I,-18.14040756225586
F278W:T281K,-16.65216827392578
F278W:T281M,-17.62822151184082
F278W:T281Q,-17.638063430786133
F278W:T281R,-16.364797592163086
F278W:T281S,-16.264930725097656
F278W:T281V,-17.18981170654297
F278W:T281W,-16.438716888427734
F278W:T281Y,-17.785789489746094
F278W:W269P,-30.31178855895996
F278W:V280I,-19.69593620300293
F278W:V280L,-19.53094482421875
F278W:V280M,-18.524396896362305
F278W:V280N,-22.632116317749023
F278W:V280P,-26.71198081970215
F278W:V280R,-28.534578323364258
F278W:V280S,-18.857952117919922
F278W:V280T,-18.929359436035156
F278W:V280W,-18.891080856323242
F278W:W269A,-29.098447799682617
F278W:W269C,-28.335874557495117
F278W:W269D,-29.25145721435547
F278W:W269E,-29.629472732543945
F278W:W269F,-26.064945220947266
F278W:W269H,-29.41936683654785
F278W:W269I,-29.382526397705078
F278W:W269K,-29.401050567626953
F278W:W269L,-29.29090118408203
F278W:W269M,-29.121007919311523
F278W:V280H,-23.82550621032715
F278W:V280G,-21.184425354003906
F278W:V280F,-16.898374557495117
F278W:V280E,-24.245174407958984
F278W:V280A,-16.051734924316406
F278W:V280C,-13.116632461547852
F278W:V280D,-24.29882049560547
F278V:Q258P,-25.60932159423828
F278V:Q258N,-14.38003158569336
F278V:Q258M,-17.13637924194336
F278S:W269L,-31.641189575195312
F278S:W269M,-31.471296310424805
F278S:W269N,-31.802488327026367
F278S:W269P,-32.662078857421875
F278S:W269Q,-31.730178833007812
F278S:W269R,-30.8489990234375
F278S:W269S,-30.746313095092773
F278S:W269T,-31.682058334350586
F278S:W269V,-31.997920989990234
F278S:W269Y,-28.383195877075195
F278S:W269K,-31.751338958740234
F278S:W269I,-31.73281478881836
F278S:W269H,-31.769655227661133
F278S:V280A,-18.402023315429688
F278S:V280C,-15.466920852661133
F278S:V280D,-26.64910888671875
F278S:V280E,-26.595462799072266
F278S:V280F,-19.2486629486084
F278S:V280G,-23.534713745117188
F278S:V280H,-26.17579460144043
F278S:V280I,-22.04622459411621
F278S:V280L,-21.88123321533203
F278S:V280M,-20.874685287475586
F278S:V280N,-24.982404708862305
F278S:V280R,-30.88486671447754
F278S:V280S,-21.208240509033203
F278S:V280T,-21.279647827148438
F278S:V280W,-21.241369247436523
F278S:W269A,-31.4487361907959
F278S:W269C,-30.6861629486084
F278S:W269D,-31.60174560546875
F278S:W269E,-31.979761123657227
F278S:W269F,-28.415233612060547
F278S:V280P,-29.06226921081543
F278S:T281W,-18.789005279541016
F278S:T270S,-16.460702896118164
F278S:T270Y,-17.395755767822266
F278S:T270R,-16.201438903808594
F278S:T270N,-17.516870498657227
F278S:T270D,-19.299978256225586
F278S:T270F,-17.33845329284668
F278S:T270H,-17.136104583740234
F278S:T270I,-19.523780822753906
F278S:T270M,-17.817670822143555
F278S:T281Y,-20.136077880859375
F278S:T281A,-19.275148391723633
F278S:T281C,-19.40862274169922
F278S:T281E,-20.40325355529785
F278S:T281F,-20.516998291015625
F278S:T281G,-21.062206268310547
F278S:T281H,-20.43140983581543
F278S:T281I,-20.49069595336914
F278S:T281K,-19.002456665039062
F278S:T281M,-19.9785099029541
F278S:T281Q,-19.988351821899414
F278S:T281R,-18.715085983276367
F278S:T281S,-18.615219116210938
F278S:T281V,-19.54010009765625
F278S:Q258T,-20.31946563720703
F278S:Q258A,-19.74859619140625
F278S:Q258C,-19.32150650024414
F278S:Q258H,-16.626747131347656
F278S:Q258I,-22.101892471313477
F278S:Q258K,-15.574198722839355
F278S:Q258L,-18.71449851989746
F278S:Q258M,-19.054698944091797
F278S:Q258N,-16.298351287841797
F278S:Q258P,-27.52764320373535
F278S:Q258R,-13.732016563415527
F278S:Q258S,-19.10798454284668
F278S:Q258E,-24.97907829284668
F278S:T244A,-17.67397117614746
F278S:T244D,-23.9793758392334
F278S:T244F,-19.172176361083984
F278S:T244G,-20.579713821411133
F278S:T244H,-18.682994842529297
F278S:T244I,-19.185712814331055
F278S:T244K,-17.441198348999023
F278S:T244L,-21.103931427001953
F278S:T244M,-21.202932357788086
F278S:T244N,-19.806921005249023
F278S:T244P,-26.01729393005371
F278S:T244Q,-20.214784622192383
F278S:T244R,-17.03655433654785
F278S:T244S,-18.085182189941406
F278S:T244V,-17.12207794189453
F278T:W269Y,-28.25286293029785
F278T:W269V,-31.86758804321289
F278T:V280P,-28.931936264038086
F278T:V280R,-30.754533767700195
F278T:V280S,-21.07790756225586
F278T:V280T,-21.149314880371094
F278T:V280W,-21.11103630065918
F278T:W269A,-31.318403244018555
F278T:W269C,-30.555830001831055
F278T:W269D,-31.471412658691406
F278T:W269E,-31.849428176879883
F278T:W269F,-28.284900665283203
F278T:W269H,-31.63932228088379
F278T:W269I,-31.602481842041016
F278T:W269K,-31.62100601196289
F278T:W269L,-31.51085662841797
F278T:W269M,-31.34096336364746
F278T:W269N,-31.672155380249023
F278T:W269P,-32.53174591064453
F278T:W269Q,-31.59984588623047
F278T:W269R,-30.718666076660156
F278T:W269S,-30.61598014831543
F278T:W269T,-31.551725387573242
F278T:V280N,-24.85207176208496
F278V:Q258A,-17.83027458190918
F278V:Q258C,-17.403186798095703
F278V:Q258E,-23.06075668334961
F278V:Q258H,-14.708425521850586
F278V:Q258I,-20.18357276916504
F278V:Q258K,-13.655878067016602
F278V:Q258L,-16.79617691040039
F278T:V280M,-20.744352340698242
F278T:V280L,-21.750900268554688
F278T:Q258C,-19.191173553466797
F278T:Q258E,-24.848745346069336
F278T:Q258H,-16.496414184570312
F278T:Q258I,-21.971559524536133
F278T:Q258K,-15.443865776062012
F278T:Q258L,-18.584165573120117
F278T:Q258M,-18.924365997314453
F278T:Q258N,-16.168018341064453
F278T:Q258P,-27.397310256958008
F278T:Q258A,-19.618263244628906
F278T:Q258R,-13.601683616638184
F278T:Q258T,-20.189132690429688
F278T:Q258S,-18.977651596069336
F278T:T281H,-20.301076889038086
F278T:T281I,-20.360363006591797
F278T:T281K,-18.87212371826172
F278T:T281M,-19.848176956176758
F278T:T281Q,-19.85801887512207
F278T:T281R,-18.584753036499023
F278T:T281S,-18.484886169433594
F278T:T281V,-19.409767150878906
F278T:T281W,-18.658672332763672
F278T:T281Y,-20.00574493408203
F278T:T281G,-20.931873321533203
F278T:T281F,-20.38666534423828
F278T:T281E,-20.272920608520508
F278T:T281A,-19.14481544494629
F278T:T281C,-19.278289794921875
F278T:V280A,-18.271690368652344
F278T:V280C,-15.336587905883789
F278T:V280D,-26.518775939941406
F278T:V280E,-26.465129852294922
F278T:V280F,-19.118330001831055
F278T:V280G,-23.404380798339844
F278T:V280H,-26.045461654663086
F278T:V280I,-21.915891647338867
F278T:T244L,-20.97359848022461
F278T:T244M,-21.072599411010742
F278T:T244N,-19.67658805847168
F278T:T244P,-25.886960983276367
F278T:T244Q,-20.08445167541504
F278T:T244R,-16.906221389770508
F278T:T244S,-17.954849243164062
F278T:T244V,-16.991744995117188
F278T:T244K,-17.31086540222168
F278T:T244I,-19.05537986755371
F278T:T244H,-18.552661895751953
F278T:T244G,-20.44938087463379
F278T:T244A,-17.543638229370117
F278T:T244D,-23.849042892456055
F278T:T244F,-19.04184341430664
F278T:T270D,-19.169645309448242
F278T:T270F,-17.208120346069336
F278T:T270H,-17.00577163696289
F278T:T270I,-19.393447875976562
F278T:T270N,-17.386537551879883
F278T:T270R,-16.07110595703125
F278T:T270S,-16.33036994934082
F278T:T270Y,-17.265422821044922
F278T:T270M,-17.68733787536621
F278D:V280A,-20.073925018310547
F278D:V280C,-17.13882064819336
F278D:V280D,-28.32101058959961
F278D:V280E,-28.267364501953125
F278D:V280F,-20.920562744140625
F278D:V280G,-25.206615447998047
F278D:V280H,-27.847694396972656
F278D:V280I,-23.71812629699707
F278D:V280L,-23.55313491821289
F278D:V280M,-22.546585083007812
F278D:V280N,-26.65430450439453
F278D:W269Y,-30.055095672607422
F278D:W269V,-33.669822692871094
F278D:W269T,-33.35395812988281
F278D:W269R,-32.52090072631836
F278D:V280P,-30.734169006347656
F278D:V280R,-32.556766510009766
F278D:V280S,-22.88014030456543
F278D:V280T,-22.951547622680664
F278D:V280W,-22.91326904296875
F278D:W269A,-33.120635986328125
F278D:W269C,-32.358062744140625
F278D:W269D,-33.27364730834961
F278D:W269E,-33.65166091918945
F278D:W269F,-30.087135314941406
F278D:W269H,-33.44155502319336
F278D:W269I,-33.40471649169922
F278D:W269K,-33.423240661621094
F278D:W269L,-33.31309127807617
F278D:W269M,-33.14319610595703
F278D:W269N,-33.474388122558594
F278D:W269P,-34.33397674560547
F278D:W269Q,-33.40208053588867
F278D:W269S,-32.418212890625
F278D:Q258H,-18.298646926879883
F278D:Q258I,-23.773794174194336
F278D:Q258K,-17.2460994720459
F278D:Q258L,-20.386398315429688
F278D:Q258M,-20.726600646972656
F278D:Q258N,-17.970252990722656
F278D:Q258P,-29.199542999267578
F278D:Q258R,-15.40391731262207
F278D:Q258S,-20.779884338378906
F278D:Q258T,-21.99136734008789
F278D:Q258E,-26.650978088378906
F278D:Q258C,-20.993408203125
F278D:Q258A,-21.420495986938477
F278D:T270S,-18.13260269165039
F278D:T270Y,-19.067655563354492
F278D:T281Q,-21.66025161743164
F278D:T281R,-20.386985778808594
F278D:T281S,-20.287120819091797
F278D:T281V,-21.21200180053711
F278D:T281W,-20.460905075073242
F278D:T281Y,-21.8079776763916
F278D:T270R,-17.87333869934082
F278D:T281A,-20.94704818725586
F278D:T281C,-21.080524444580078
F278D:T281E,-22.075153350830078
F278D:T281F,-22.188899993896484
F278D:T281G,-22.734106063842773
F278D:T281H,-22.103309631347656
F278D:T281I,-22.162595748901367
F278D:T281K,-20.67435646057129
F278D:T281M,-21.65041160583496
F278D:T270N,-19.188770294189453
F278D:T244A,-19.34587287902832
F278D:T244D,-25.651275634765625
F278D:T270D,-20.971878051757812
F278D:T270F,-19.010353088378906
F278D:T270H,-18.808006286621094
F278D:T270I,-21.195682525634766
F278D:T270M,-19.489572525024414
F278D:T244F,-20.844078063964844
F278D:T244G,-22.251615524291992
F278D:T244H,-20.354894638061523
F278D:T244I,-20.85761260986328
F278D:T244K,-19.113100051879883
F278D:T244L,-22.775833129882812
F278D:T244M,-22.874832153320312
F278D:T244N,-21.47882080078125
F278D:T244P,-27.689193725585938
F278D:T244Q,-21.88668441772461
F278D:T244R,-18.70845603942871
F278D:T244S,-19.757081985473633
F278D:T244V,-18.79397964477539
F278E:T244V,-19.84623908996582
F278E:T244R,-19.76071548461914
F278E:T244A,-20.39813232421875
F278E:T244D,-26.703536987304688
F278E:T244F,-21.896337509155273
F278E:T244G,-23.303874969482422
F278E:T244H,-21.407155990600586
F278E:T244I,-21.909873962402344
F278E:T244K,-20.165359497070312
F278E:T244L,-23.828092575073242
F278E:T244M,-23.927093505859375
F278E:T244N,-22.531082153320312
F278E:T244P,-28.741455078125
F278E:T244Q,-22.938945770263672
F278E:T244S,-20.809343338012695
F278E:Q258A,-22.47275733947754
F278E:Q258C,-22.04566764831543
F278E:Q258E,-27.70323944091797
F278E:Q258H,-19.350908279418945
F278E:Q258I,-24.826053619384766
F278E:Q258K,-18.29836082458496
F278E:Q258L,-21.43865966796875
F278E:Q258M,-21.778860092163086
F278E:Q258N,-19.02251434326172
F278E:Q258P,-30.25180435180664
F278E:Q258R,-16.4561767578125
F278E:Q258S,-21.83214569091797
F278E:Q258T,-23.04362678527832
F278E:T270D,-22.024139404296875
F278E:T270F,-20.06261444091797
F278E:V280A,-21.12618637084961
F278E:W269I,-34.45697784423828
F278E:W269K,-34.475502014160156
F278E:W269L,-34.36534881591797
F278E:W269M,-34.195457458496094
F278E:W269N,-34.526649475097656
F278E:W269P,-35.38623809814453
F278E:W269Q,-34.45433807373047
F278E:W269R,-33.573158264160156
F278E:W269S,-33.47047424316406
F278E:W269T,-34.406219482421875
F278E:W269V,-34.722084045410156
F278E:W269Y,-31.107357025146484
F278E:W269H,-34.49381637573242
F278E:W269E,-34.703922271728516
F278E:V280C,-18.191082000732422
F278E:V280D,-29.37327003479004
F278E:V280E,-29.319623947143555
F278E:V280F,-21.972824096679688
F278E:V280G,-26.25887680053711
F278E:V280H,-28.89995574951172
F278E:V280I,-24.7703857421875
F278E:V280L,-24.605396270751953
F278E:V280M,-23.598846435546875
F278E:V280N,-27.706565856933594
F278E:V280P,-31.78643035888672
F278E:V280R,-33.60902786254883
F278E:V280S,-23.93239974975586
F278E:V280T,-24.003808975219727
F278E:V280W,-23.965530395507812
F278E:W269A,-34.17289733886719
F278E:W269C,-33.41032409667969
F278E:W269D,-34.325904846191406
F278E:W269F,-31.139394760131836
F278E:T270H,-19.860265731811523
F278E:T270I,-22.247941970825195
F278E:T270M,-20.541831970214844
F278E:T270N,-20.241031646728516
F278E:T270R,-18.925600051879883
F278E:T270S,-19.184864044189453
F278E:T270Y,-20.119915008544922
F278E:T281E,-23.12741470336914
F278E:T281F,-23.241161346435547
F278E:T281G,-23.786365509033203
F278E:T281H,-23.15557098388672
F278E:T281I,-23.21485710144043
F278E:T281K,-21.72661590576172
F278E:T281M,-22.70267105102539
F278E:T281Q,-22.712512969970703
F278E:T281R,-21.439247131347656
F278E:T281S,-21.339380264282227
F278E:T281V,-22.26426124572754
F278E:T281W,-21.513166427612305
F278E:T281Y,-22.86023712158203
F278E:T281C,-22.132783889770508
F278E:T281A,-21.999309539794922
F278A:T281A,-18.93057632446289
F278A:T281C,-19.064050674438477
F278A:T281E,-20.05868148803711
F278A:T281F,-20.172428131103516
F278A:T281G,-20.717632293701172
F278A:T281H,-20.086837768554688
F278A:T281I,-20.1461238861084
F278A:T281K,-18.657882690429688
F278A:T281M,-19.63393783569336
F278A:T281Q,-19.643779754638672
F278A:T281R,-18.370513916015625
F278A:T281S,-18.270647048950195
F278A:T281V,-19.195528030395508
F278A:T281W,-18.444433212280273
F278A:T281Y,-19.79150390625
F278A:T244D,-23.634803771972656
F278A:T244F,-18.827604293823242
F278A:T244G,-20.23514175415039
F278A:T244H,-18.338422775268555
F278A:T244I,-18.841140747070312
F278A:T244K,-17.09662628173828
F278A:T244L,-20.75935935974121
F278A:T244A,-17.32939910888672
F278A:T244M,-20.858360290527344
F278A:T244P,-25.67272186279297
F278A:T244Q,-19.87021255493164
F278A:T244R,-16.69198226928711
F278A:T244S,-17.740610122680664
F278A:T244V,-16.77750587463379
F278A:T244N,-19.46234893798828
F278A:T270R,-15.856866836547852
F278A:T270S,-16.116130828857422
F278A:T270Y,-17.05118179321289
F278A:T270N,-17.172298431396484
F278A:T270M,-17.473098754882812
F278A:T270D,-18.955406188964844
F278A:T270F,-16.993881225585938
F278A:T270H,-16.791532516479492
F278A:T270I,-19.179208755493164
F278A:V280L,-21.536663055419922
F278A:V280M,-20.530113220214844
F278A:V280N,-24.637832641601562
F278A:V280P,-28.717697143554688
F278A:V280R,-30.540294647216797
F278A:V280S,-20.863666534423828
F278A:V280T,-20.935075759887695
F278A:V280W,-20.89679718017578
F278A:W269C,-30.341590881347656
F278A:W269D,-31.257173538208008
F278A:W269E,-31.635189056396484
F278A:W269F,-28.070661544799805
F278A:W269H,-31.42508316040039
F278A:W269I,-31.388242721557617
F278A:W269K,-31.406766891479492
F278A:W269L,-31.29661750793457
F278A:W269A,-31.104164123535156
F278A:V280I,-21.70165252685547
F278A:V280H,-25.831222534179688
F278A:V280G,-23.190143585205078
F278A:V280A,-18.057453155517578
F278A:V280C,-15.12234878540039
F278A:V280D,-26.304536819458008
F278A:V280E,-26.250890731811523
F278A:V280F,-18.904090881347656
F278A:W269M,-31.126724243164062
F278A:W269N,-31.457916259765625
F278A:W269P,-32.3175048828125
F278A:W269Q,-31.38560676574707
F278A:W269R,-30.504426956176758
F278A:W269S,-30.40174102783203
F278A:W269T,-31.337486267089844
F278A:W269V,-31.653348922729492
F278A:W269Y,-28.038623809814453
F278A:Q258A,-19.404024124145508
F278A:Q258C,-18.9769344329834
F278A:Q258E,-24.634506225585938
F278A:Q258H,-16.282175064086914
F278A:Q258I,-21.757320404052734
F278A:Q258K,-15.229626655578613
F278A:Q258L,-18.36992645263672
F278A:Q258M,-18.710126876831055
F278A:Q258N,-15.953780174255371
F278A:Q258P,-27.18307113647461
F278A:Q258R,-13.387444496154785
F278A:Q258S,-18.763412475585938
F278A:Q258T,-19.97489356994629
F278C:V280A,-16.116493225097656
F278C:V280C,-13.181388854980469
F278C:V280D,-24.36357879638672
F278C:V280E,-24.309932708740234
F278C:V280F,-16.963130950927734
F278C:V280G,-21.249183654785156
F278C:V280H,-23.890262603759766
F278C:V280I,-19.76069450378418
F278C:V280L,-19.595703125
F278C:V280M,-18.589153289794922
F278C:V280N,-22.69687271118164
F278C:V280P,-26.776737213134766
F278C:V280R,-28.599334716796875
F278C:V280S,-18.92270851135254
F278C:V280T,-18.994115829467773
F278C:V280W,-18.95583724975586
F278C:W269A,-29.163204193115234
F278C:W269C,-28.400630950927734
F278C:W269D,-29.31621551513672
F278C:W269E,-29.694229125976562
F278C:W269F,-26.129703521728516
F278C:W269H,-29.48412322998047
F278C:W269I,-29.447284698486328
F278C:W269K,-29.465808868408203
F278C:W269L,-29.35565948486328
F278C:W269M,-29.18576431274414
F278C:W269N,-29.516956329345703
F278C:W269P,-30.376544952392578
F278C:W269Q,-29.44464874267578
F278C:W269R,-28.56346893310547
F278C:W269S,-28.46078109741211
F278C:W269T,-29.396526336669922
F278C:W269V,-29.712390899658203
F278C:W269Y,-26.09766387939453
F278C:T281A,-16.98961639404297
F278C:T281C,-17.123092651367188
F278C:T281E,-18.117721557617188
F278C:T281F,-18.231468200683594
F278C:T281G,-18.776674270629883
F278C:T281H,-18.145877838134766
F278C:T281I,-18.205163955688477
F278C:T281K,-16.7169246673584
F278C:T281M,-17.69297981262207
F278C:T281Q,-17.70281982421875
F278C:T281R,-16.429553985595703
F278C:T281S,-16.329689025878906
F278C:T281V,-17.25457000732422
F278C:T281W,-16.50347328186035
F278C:T281Y,-17.85054588317871
F278C:T244D,-21.693843841552734
F278C:T244F,-16.886646270751953
F278C:T244G,-18.2941837310791
F278C:T244H,-16.397462844848633
F278C:T244I,-16.90018081665039
F278C:T244K,-15.155668258666992
F278C:T244L,-18.818401336669922
F278C:T244A,-15.38844108581543
F278C:T244M,-18.917400360107422
F278C:T244N,-17.52138900756836
F278C:T244P,-23.731761932373047
F278C:T244Q,-17.92925262451172
F278C:T270D,-17.014446258544922
F278C:T270F,-15.052922248840332
F278C:T270H,-14.850573539733887
F278C:T270I,-17.238250732421875
F278C:T270M,-15.532140731811523
F278C:T270N,-15.231339454650879
F278C:T270R,-13.91590690612793
F278C:T270S,-14.1751708984375
F278C:T270Y,-15.110223770141602
F278C:T244R,-14.75102424621582
F278C:T244S,-15.799650192260742
F278C:T244V,-14.836546897888184
F278C:Q258T,-18.033935546875
F278C:Q258S,-16.822452545166016
F278C:Q258P,-25.242111206054688
F278C:Q258A,-17.463064193725586
F278C:Q258C,-17.03597640991211
F278C:Q258E,-22.693546295166016
F278C:Q258H,-14.341215133666992
F278C:Q258I,-19.816362380981445
F278C:Q258K,-13.288667678833008
F278C:Q258L,-16.428966522216797
F278C:Q258M,-16.769168853759766
F278C:Q258N,-14.012821197509766
F278C:Q258R,-11.44648551940918
F278K:Q258E,-27.552366256713867
F278K:Q258H,-19.200035095214844
F278K:Q258I,-24.675180435180664
F278K:Q258K,-18.14748764038086
F278K:Q258L,-21.28778648376465
F278K:Q258M,-21.627986907958984
F278K:Q258C,-21.894794464111328
F278K:Q258N,-18.871639251708984
F278K:Q258R,-16.3053035736084
F278K:Q258S,-21.681272506713867
F278K:Q258T,-22.89275360107422
F278K:Q258P,-30.10093116760254
F278K:Q258A,-22.321884155273438
F278K:T281M,-22.55179786682129
F278K:T281Q,-22.5616397857666
F278K:T281R,-21.288373947143555
F278K:T281S,-21.188507080078125
F278K:T281V,-22.113388061523438
F278K:T281W,-21.362293243408203
F278K:T281Y,-22.709365844726562
F278K:T281K,-21.57574462890625
F278K:T281I,-23.063983917236328
F278K:T281H,-23.004697799682617
F278K:T281A,-21.84843635559082
F278K:T281C,-21.981910705566406
F278K:T281E,-22.97654151916504
F278K:T281F,-23.090286254882812
F278K:T281G,-23.635494232177734
F278K:V280A,-20.975311279296875
F278K:V280C,-18.04020881652832
F278K:V280D,-29.222396850585938
F278K:V280E,-29.168750762939453
F278K:T270D,-21.873266220092773
F278K:T270F,-19.911741256713867
F278K:T270H,-19.709392547607422
F278K:T244A,-20.24725914001465
F278K:T244D,-26.552663803100586
F278K:T244F,-21.745464324951172
F278K:T244G,-23.15300178527832
F278K:T244H,-21.256282806396484
F278K:T244I,-21.759000778198242
F278K:T244K,-20.01448631286621
F278K:T244L,-23.67721939086914
F278K:T244M,-23.776220321655273
F278K:T244N,-22.38020896911621
F278K:T244P,-28.5905818939209
F278K:T244Q,-22.78807258605957
F278K:T244R,-19.60984230041504
F278K:T244S,-20.658470153808594
F278K:T244V,-19.69536590576172
F278K:T270I,-22.097068786621094
F278K:T270M,-20.390958786010742
F278K:T270N,-20.090158462524414
F278K:T270R,-18.77472686767578
F278K:T270S,-19.03399085998535
F278K:T270Y,-19.969043731689453
F278K:V280F,-21.821950912475586
F278I:W269A,-29.982349395751953
F278I:W269C,-29.219776153564453
F278I:W269D,-30.135356903076172
F278I:W269E,-30.51337432861328
F278I:W269F,-26.94884490966797
F278I:W269H,-30.303268432617188
F278I:W269I,-30.26642608642578
F278I:W269K,-30.284950256347656
F278I:W269L,-30.174800872802734
F278I:W269M,-30.00490951538086
F278I:W269N,-30.336101531982422
F278I:W269P,-31.195690155029297
F278I:W269Q,-30.263790130615234
F278I:W269R,-29.382610321044922
F278I:W269S,-29.279926300048828
F278I:W269T,-30.21567153930664
F278I:W269V,-30.531532287597656
F278I:W269Y,-26.91680908203125
F278I:V280W,-19.774982452392578
F278I:V280S,-19.741851806640625
F278I:T281Y,-18.669689178466797
F278I:T281W,-17.322616577148438
F278I:T281A,-17.808759689331055
F278I:T281C,-17.942235946655273
F278I:T281E,-18.936864852905273
F278I:T281F,-19.05061149597168
F278I:T281G,-19.59581756591797
F278I:T281H,-18.965023040771484
F278I:T281I,-19.024307250976562
F278I:T281K,-17.536067962646484
F278I:T281M,-18.512123107910156
F278I:T281Q,-18.52196502685547
F278I:T281R,-17.24869728088379
F278I:T281S,-17.148832321166992
F278I:T281V,-18.073711395263672
F278I:V280A,-16.935636520385742
F278I:V280C,-14.000532150268555
F278I:V280D,-25.182720184326172
F278I:V280E,-25.129074096679688
F278I:V280F,-17.782276153564453
F278I:V280G,-22.068326950073242
F278I:V280H,-24.709407806396484
F278I:V280I,-20.579837799072266
F278I:V280L,-20.414846420288086
F278I:V280M,-19.408296585083008
F278I:V280N,-23.51601791381836
F278I:V280P,-27.595882415771484
F278I:V280R,-29.418479919433594
F278I:V280T,-19.81325912475586
F278K:V280G,-26.108001708984375
F278K:V280H,-28.749082565307617
F278K:V280I,-24.6195125579834
F278L:T244S,-14.624855041503906
F278L:T244V,-13.661750793457031
F278L:T244R,-13.576228141784668
F278L:T244Q,-16.754457473754883
F278L:T244P,-22.55696678161621
F278L:T244N,-16.346593856811523
F278L:T244A,-14.213644027709961
F278L:T244D,-20.5190486907959
F278L:T244F,-15.711849212646484
F278L:T244G,-17.119386672973633
F278L:T244H,-15.222667694091797
F278L:T244I,-15.725385665893555
F278L:T244K,-13.980871200561523
F278L:T244L,-17.643604278564453
F278L:T244M,-17.742605209350586
F278L:T270D,-15.839651107788086
F278L:T270F,-13.87812614440918
F278L:T270H,-13.675777435302734
F278L:T270I,-16.063453674316406
F278L:T270M,-14.357344627380371
F278L:T270N,-14.056543350219727
F278L:T270R,-12.741111755371094
F278L:T270S,-13.000374794006348
F278L:T270Y,-13.93542766571045
F278L:Q258A,-16.28826904296875
F278L:Q258C,-15.86117935180664
F278L:Q258E,-21.51875114440918
F278L:Q258H,-13.16641902923584
F278L:Q258I,-18.641565322875977
F278L:Q258K,-12.113871574401855
F278L:Q258L,-15.254171371459961
F278L:Q258M,-15.594371795654297
F278L:Q258N,-12.838025093078613
F278L:Q258P,-24.06731605529785
F278L:Q258R,-10.271689414978027
F278L:Q258S,-15.64765739440918
F278L:Q258T,-16.85913848876953
F278L:W269F,-24.954906463623047
F278L:W269H,-28.309328079223633
F278L:W269I,-28.27248764038086
F278L:W269K,-28.291011810302734
F278L:W269L,-28.180862426757812
F278L:W269M,-28.010969161987305
F278L:W269N,-28.342161178588867
F278L:W269P,-29.201749801635742
F278L:W269E,-28.519433975219727
F278L:W269Q,-28.269851684570312
F278L:W269S,-27.285985946655273
F278L:W269T,-28.221731185913086
F278L:W269V,-28.537593841552734
F278L:W269Y,-24.922868728637695
F278L:W269R,-27.388671875
F278L:W269D,-28.14141845703125
F278L:W269C,-27.2258358001709
F278L:W269A,-27.9884090423584
F278L:V280A,-14.941697120666504
F278L:V280C,-12.006593704223633
F278L:V280D,-23.18878173828125
F278L:V280E,-23.135135650634766
F278L:V280F,-15.788335800170898
F278L:V280G,-20.074386596679688
F278L:V280H,-22.71546745300293
F278L:V280I,-18.58589744567871
F278L:V280L,-18.42090606689453
F278L:V280M,-17.414358139038086
F278L:V280N,-21.522077560424805
F278L:V280P,-25.60194206237793
F278L:V280R,-27.42453956604004
F278L:V280S,-17.747913360595703
F278L:V280T,-17.819320678710938
F278L:V280W,-17.781042098999023
F278L:T281A,-15.814821243286133
F278L:T281C,-15.948295593261719
F278L:T281E,-16.94292640686035
F278L:T281F,-17.056671142578125
F278L:T281G,-17.601879119873047
F278L:T281H,-16.97108268737793
F278L:T281I,-17.03036880493164
F278L:T281K,-15.542128562927246
F278L:T281Q,-16.528024673461914
F278L:T281R,-15.254758834838867
F278L:T281S,-15.154891967773438
F278L:T281V,-16.07977294921875
F278L:T281W,-15.328678131103516
F278L:T281Y,-16.675750732421875
F278L:T281M,-16.5181827545166
F278K:W269R,-33.42228698730469
F278K:W269S,-33.319602966308594
F278K:W269T,-34.255348205566406
F278K:W269V,-34.57120895385742
F278K:W269Y,-30.956483840942383
F278K:W269Q,-34.303466796875
F278K:W269P,-35.23536682128906
F278K:W269N,-34.37577819824219
F278K:W269M,-34.044586181640625
F278K:V280L,-24.45452117919922
F278K:V280M,-23.447973251342773
F278K:V280N,-27.555692672729492
F278K:V280P,-31.635557174682617
F278K:V280R,-33.458152770996094
F278K:V280S,-23.78152847290039
F278K:V280T,-23.852935791015625
F278K:V280W,-23.81465721130371
F278K:W269A,-34.02202606201172
F278K:W269C,-33.25945281982422
F278K:W269D,-34.17503356933594
F278K:W269E,-34.55304718017578
F278K:W269F,-30.988521575927734
F278K:W269H,-34.34294128417969
F278K:W269I,-34.30610275268555
F278K:W269K,-34.32462692260742
F278K:W269L,-34.2144775390625
F278H:Q258A,-19.627010345458984
F278H:Q258C,-19.199920654296875
F278H:Q258E,-24.857492446899414
F278H:Q258H,-16.50516128540039
F278H:Q258I,-21.98030662536621
F278H:Q258K,-15.45261287689209
F278H:Q258L,-18.592912673950195
F278H:Q258M,-18.93311309814453
F278H:Q258N,-16.17676544189453
F278H:Q258P,-27.406057357788086
F278H:Q258R,-13.610430717468262
F278H:Q258S,-18.986398696899414
F278H:Q258T,-20.197879791259766
F278H:T244A,-17.552385330200195
F278H:T244D,-23.857789993286133
F278H:T244F,-19.05059051513672
F278H:T244G,-20.458127975463867
F278H:T244H,-18.56140899658203
F278H:T244I,-19.06412696838379
F278H:T244K,-17.319612503051758
F278H:T244L,-20.982345581054688
F278H:T244M,-21.08134651184082
F278H:T244N,-19.685335159301758
F278H:T244P,-25.895708084106445
F278H:T244Q,-20.093198776245117
F278H:T244R,-16.914968490600586
F278H:T244S,-17.96359634399414
F278H:T244V,-17.000492095947266
F278I:T270D,-17.83359146118164
F278I:T270F,-15.872065544128418
F278I:T270H,-15.669716835021973
F278I:T270I,-18.057392120361328
F278I:T270M,-16.35128402709961
F278I:T270N,-16.05048179626465
F278I:T270R,-14.735050201416016
F278I:T270S,-14.994314193725586
F278I:T270Y,-15.929367065429688
F278I:T244P,-24.550907135009766
F278I:T244Q,-18.748397827148438
F278I:T244R,-15.570167541503906
F278I:T244S,-16.618793487548828
F278I:T244V,-15.65569019317627
F278I:T244N,-18.340534210205078
F278I:T244M,-19.73654556274414
F278I:T244K,-15.974811553955078
F278I:Q258R,-12.265628814697266
F278I:Q258S,-17.641597747802734
F278I:Q258T,-18.853076934814453
F278I:Q258P,-26.061256408691406
F278I:Q258N,-14.831964492797852
F278I:Q258M,-17.58831024169922
F278I:Q258L,-17.248109817504883
F278I:Q258A,-18.282207489013672
F278I:Q258C,-17.855119705200195
F278I:Q258E,-23.512691497802734
F278I:Q258H,-15.160358428955078
F278I:Q258I,-20.63550567626953
F278I:Q258K,-14.107810974121094
F278I:T244D,-22.512989044189453
F278I:T244F,-17.70578956604004
F278I:T244G,-19.113327026367188
F278I:T244H,-17.21660614013672
F278I:T244I,-17.71932601928711
F278I:T244L,-19.637542724609375
F278I:T244A,-16.207584381103516
F278H:T281K,-18.880870819091797
F278H:T281M,-19.856924057006836
F278H:T281Q,-19.86676597595215
F278H:T281R,-18.5935001373291
F278H:T281S,-18.493633270263672
F278H:T281V,-19.418514251708984
F278H:T281W,-18.66741943359375
F278H:T281Y,-20.01449203491211
F278H:V280H,-26.054208755493164
F278H:V280I,-21.924638748168945
F278H:V280L,-21.759647369384766
F278H:V280M,-20.75309944152832
F278H:V280N,-24.86081886291504
F278H:V280P,-28.940683364868164
F278H:V280R,-30.763280868530273
F278H:V280S,-21.086654663085938
F278H:V280T,-21.158061981201172
F278H:V280W,-21.119783401489258
F278H:W269A,-31.327150344848633
F278H:W269C,-30.564577102661133
F278H:W269D,-31.480159759521484
F278H:W269E,-31.85817527770996
F278H:W269F,-28.29364776611328
F278H:W269H,-31.648069381713867
F278H:W269I,-31.611228942871094
F278H:V280G,-23.413127899169922
F278H:T281I,-20.369110107421875
F278H:V280F,-19.127077102661133
F278H:V280D,-26.527523040771484
F278H:V280A,-18.280437469482422
F278H:V280C,-15.345335006713867
F278H:V280E,-26.473876953125
F278H:T281H,-20.309823989868164
F278H:T281G,-20.94062042236328
F278H:T281F,-20.39541244506836
F278H:T270M,-17.69608497619629
F278H:T270N,-17.39528465270996
F278H:T270R,-16.079853057861328
F278H:T270S,-16.3391170501709
F278H:T270Y,-17.274169921875
F278H:T270I,-19.40219497680664
F278H:T270H,-17.01451873779297
F278H:T270F,-17.216867446899414
F278H:T270D,-19.17839241027832
F278H:W269K,-31.62975311279297
F278H:T281A,-19.153562545776367
F278H:T281C,-19.287036895751953
F278H:T281E,-20.281667709350586
F278H:W269L,-31.519603729248047
F278H:W269N,-31.6809024810791
F278H:W269M,-31.34971046447754
F278H:W269S,-30.624727249145508
F278H:W269R,-30.727413177490234
F278H:W269T,-31.56047248840332
F278H:W269Q,-31.608592987060547
F278H:W269P,-32.540489196777344
F278H:W269V,-31.87633514404297
F278H:W269Y,-28.26161003112793
V280M:W269Q,-24.224443435668945
V280M:W269P,-25.156341552734375
V280M:W269S,-23.240577697753906
V280M:W269T,-24.17632293701172
V280M:W269R,-23.343263626098633
V280M:W269Y,-20.877460479736328
V280M:W269N,-24.2967529296875
V280M:W269V,-24.492185592651367
V280M:W269M,-23.965560913085938
V280M:W269C,-23.18042755126953
V280M:W269K,-24.245603561401367
V280M:W269I,-24.227079391479492
V280M:W269H,-24.263919830322266
V280M:W269F,-20.90949821472168
V280M:W269E,-24.47402572631836
V280M:W269D,-24.096010208129883
V280M:W269A,-23.94300079345703
V280M:W269L,-24.135454177856445
V280L:W269S,-24.247127532958984
V280L:W269Y,-21.884010314941406
V280L:W269V,-25.498733520507812
V280L:W269T,-25.182872772216797
V280L:W269R,-24.349811553955078
V280L:W269Q,-25.23099136352539
V280L:W269P,-26.162891387939453
V280L:W269N,-25.303302764892578
V280L:W269L,-25.14200210571289
V280L:W269M,-24.972110748291016
V280P:W269V,-32.679771423339844
V280L:W269K,-25.252151489257812
V280P:W269Y,-29.065044403076172
V280P:W269T,-32.36390686035156
V280P:W269S,-31.42816162109375
V280P:W269R,-31.530847549438477
V280P:W269P,-33.34392547607422
V280P:W269N,-32.484336853027344
V280P:W269M,-32.15314483642578
V280P:W269L,-32.323036193847656
V280P:W269K,-32.433189392089844
V280P:W269I,-32.41466522216797
V280P:W269H,-32.45150375366211
V280P:W269F,-29.097082138061523
V280P:W269E,-32.6616096496582
V280P:W269D,-32.283592224121094
V280P:W269C,-31.368011474609375
V280P:W269A,-32.130584716796875
V280P:W269Q,-32.412025451660156
V280N:W269L,-28.243173599243164
V280N:W269K,-28.353322982788086
V280N:W269I,-28.33479881286621
V280N:W269H,-28.371639251708984
V280N:W269F,-25.0172176361084
V280N:W269E,-28.581745147705078
V280N:W269D,-28.2037296295166
V280N:W269C,-27.28814697265625
V280N:W269A,-28.05072021484375
V280N:W269M,-28.073280334472656
V280N:W269N,-28.40447235107422
V280N:W269Q,-28.332162857055664
V280N:W269P,-29.264060974121094
V280N:W269Y,-24.985179901123047
V280N:W269V,-28.599905014038086
V280N:W269T,-28.284042358398438
V280N:W269S,-27.348297119140625
V280N:W269R,-27.45098304748535
V280L:W269I,-25.233627319335938
V280I:W269A,-25.114540100097656
V280I:W269C,-24.351966857910156
V280I:W269D,-25.267549514770508
V280I:W269Y,-22.048999786376953
V280I:W269V,-25.663724899291992
V280I:W269S,-24.41211700439453
V280I:W269R,-24.514802932739258
V280I:W269Q,-25.39598274230957
V280I:W269P,-26.327880859375
V280I:W269N,-25.468292236328125
V280I:W269M,-25.137100219726562
V280I:W269L,-25.30699348449707
V280I:W269K,-25.417142868041992
V280I:W269I,-25.398618698120117
V280I:W269H,-25.43545913696289
V280I:W269F,-22.081037521362305
V280I:W269E,-25.645565032958984
V280I:W269T,-25.347862243652344
V280H:W269P,-30.45745086669922
V280H:W269N,-29.597862243652344
V280H:W269M,-29.26667022705078
V280H:W269L,-29.43656349182129
V280H:W269K,-29.54671287536621
V280H:W269I,-29.528188705444336
V280H:W269H,-29.56502914428711
V280H:W269F,-26.210607528686523
V280H:W269E,-29.775135040283203
V280H:W269D,-29.397119522094727
V280H:W269C,-28.481536865234375
V280H:W269A,-29.244110107421875
V280H:W269Q,-29.52555274963379
V280H:W269R,-28.644372940063477
V280H:W269T,-29.477432250976562
V280H:W269S,-28.54168701171875
V280H:W269Y,-26.178569793701172
V280H:W269V,-29.79329490661621
V280L:W269F,-21.916046142578125
V280L:W269E,-25.480575561523438
V280L:W269D,-25.102558135986328
V280L:W269C,-24.18697738647461
V280L:W269A,-24.94955062866211
V280L:W269H,-25.270469665527344
V280W:W269Y,-21.244144439697266
V280W:W269V,-24.858869552612305
V280W:W269T,-24.543006896972656
V280W:W269S,-23.607261657714844
V280W:W269R,-23.70994758605957
V280W:W269Q,-24.591127395629883
V280W:W269P,-25.523025512695312
V280W:W269M,-24.332244873046875
V280W:W269L,-24.502138137817383
V280W:W269K,-24.612287521362305
V280W:W269I,-24.59376335144043
V280W:W269H,-24.630603790283203
V280W:W269F,-21.276182174682617
V280W:W269E,-24.840709686279297
V280W:W269D,-24.46269416809082
V280W:W269C,-23.54711151123047
V280W:W269A,-24.30968475341797
V280W:W269N,-24.663436889648438
V280T:W269I,-24.632041931152344
V280T:W269H,-24.668882369995117
V280T:W269F,-21.31446075439453
V280T:W269E,-24.87898826599121
V280T:W269D,-24.500972747802734
V280T:W269C,-23.585390090942383
V280T:W269A,-24.347963333129883
V280T:W269K,-24.65056610107422
V280T:W269L,-24.540416717529297
V280T:W269N,-24.70171546936035
V280T:W269M,-24.37052345275879
V280T:W269Y,-21.28242301940918
V280T:W269V,-24.89714813232422
V280T:W269T,-24.58128547668457
V280T:W269S,-23.645540237426758
V280T:W269R,-23.748226165771484
V280T:W269Q,-24.629405975341797
V280T:W269P,-25.561304092407227
V280R:W269A,-33.953182220458984
V280R:W269C,-33.190608978271484
V280R:W269D,-34.10619354248047
V280R:W269E,-34.48420715332031
V280R:W269F,-30.919679641723633
V280S:W269Y,-21.211013793945312
V280S:W269V,-24.825740814208984
V280S:W269T,-24.509876251220703
V280S:W269S,-23.57413101196289
V280S:W269R,-23.67681884765625
V280S:W269Q,-24.557998657226562
V280S:W269P,-25.48989486694336
V280S:W269N,-24.630306243896484
V280S:W269M,-24.299114227294922
V280S:W269L,-24.469009399414062
V280S:W269K,-24.579158782958984
V280S:W269I,-24.56063461303711
V280S:W269F,-21.243053436279297
V280S:W269E,-24.807579040527344
V280S:W269D,-24.4295654296875
V280S:W269C,-23.513980865478516
V280S:W269A,-24.276554107666016
V280S:W269H,-24.59747314453125
V280R:W269V,-34.50236511230469
V280R:W269T,-34.18650436401367
V280R:W269S,-33.25075912475586
V280R:W269R,-33.35344696044922
V280R:W269Q,-34.23462677001953
V280R:W269P,-35.16652297973633
V280R:W269N,-34.30693435668945
V280R:W269M,-33.97574234008789
V280R:W269L,-34.14563751220703
V280R:W269K,-34.25578308105469
V280R:W269I,-34.23725891113281
V280R:W269H,-34.27410125732422
V280R:W269Y,-30.88764190673828
V280D:W269A,-29.717424392700195
V280D:W269C,-28.954851150512695
V280D:W269D,-29.870433807373047
V280D:W269E,-30.248449325561523
V280D:W269F,-26.683921813964844
V280D:W269H,-30.03834342956543
V280D:W269I,-30.001502990722656
V280D:W269K,-30.02002716064453
V280D:W269L,-29.90987777709961
V280D:W269M,-29.7399845123291
V280D:W269P,-30.93076515197754
V280D:W269N,-30.071176528930664
V280D:W269Q,-29.99886703491211
V280D:W269R,-29.117687225341797
V280D:W269S,-29.01500129699707
V280D:W269T,-29.950746536254883
V280D:W269V,-30.26660919189453
V280D:W269Y,-26.651884078979492
V280A:W269A,-21.470340728759766
V280A:W269C,-20.707767486572266
V280A:W269D,-21.623348236083984
V280A:W269E,-22.001365661621094
V280A:W269F,-18.43683624267578
V280A:W269H,-21.791259765625
V280A:W269I,-21.754417419433594
V280A:W269K,-21.77294158935547
V280A:W269L,-21.662792205810547
V280A:W269N,-21.824092864990234
V280A:W269P,-22.68368148803711
V280A:W269Q,-21.751781463623047
V280A:W269R,-20.870601654052734
V280A:W269S,-20.76791763305664
V280A:W269T,-21.703662872314453
V280A:W269V,-22.01952362060547
V280A:W269Y,-18.404800415039062
V280A:W269M,-21.492900848388672
V280C:W269H,-18.856155395507812
V280C:W269I,-18.81931495666504
V280C:W269K,-18.837839126586914
V280C:W269L,-18.727689743041992
V280C:W269M,-18.557796478271484
V280C:W269N,-18.888988494873047
V280C:W269P,-19.748577117919922
V280C:W269Q,-18.816679000854492
V280C:W269R,-17.93549919128418
V280C:W269S,-17.832813262939453
V280C:W269T,-18.768558502197266
V280C:W269V,-19.084421157836914
V280C:W269Y,-15.469696044921875
V280C:W269F,-15.501733779907227
V280C:W269D,-18.68824577331543
V280C:W269E,-19.066261291503906
V280C:W269A,-18.535236358642578
V280C:W269C,-17.772663116455078
V280G:W269A,-26.603031158447266
V280G:W269C,-25.840457916259766
V280G:W269D,-26.756038665771484
V280G:W269E,-27.134056091308594
V280G:W269F,-23.56952667236328
V280G:W269H,-26.9239501953125
V280G:W269I,-26.887107849121094
V280G:W269K,-26.90563201904297
V280G:W269L,-26.795482635498047
V280G:W269M,-26.625591278076172
V280G:W269N,-26.956783294677734
V280G:W269P,-27.81637191772461
V280G:W269Q,-26.884471893310547
V280G:W269R,-26.003292083740234
V280G:W269S,-25.90060806274414
V280G:W269T,-26.836353302001953
V280G:W269V,-27.15221405029297
V280G:W269Y,-23.537490844726562
V280E:W269Y,-26.598237991333008
V280E:W269T,-29.8971004486084
V280E:W269A,-29.66377830505371
V280E:W269C,-28.90120506286621
V280E:W269V,-30.212963104248047
V280E:W269D,-29.816787719726562
V280E:W269H,-29.984697341918945
V280E:W269I,-29.947856903076172
V280E:W269K,-29.966381072998047
V280E:W269L,-29.856231689453125
V280E:W269M,-29.686338424682617
V280E:W269N,-30.01753044128418
V280E:W269P,-30.877119064331055
V280E:W269Q,-29.945220947265625
V280E:W269R,-29.064041137695312
V280E:W269S,-28.961355209350586
V280E:W269E,-30.19480323791504
V280E:W269F,-26.63027572631836
V280F:W269A,-22.316978454589844
V280F:W269C,-21.554405212402344
V280F:W269D,-22.469987869262695
V280F:W269E,-22.848003387451172
V280F:W269F,-19.283475875854492
V280F:W269H,-22.637897491455078
V280F:W269I,-22.601057052612305
V280F:W269K,-22.61958122253418
V280F:W269L,-22.509431838989258
V280F:W269M,-22.33953857421875
V280F:W269P,-23.530319213867188
V280F:W269Q,-22.598421096801758
V280F:W269S,-21.61455535888672
V280F:W269T,-22.55030059814453
V280F:W269V,-22.86616325378418
V280F:W269Y,-19.25143814086914
V280F:W269N,-22.670730590820312
V280F:W269R,-21.717241287231445
T281A:V280G,-14.429441452026367
T281A:V280F,-10.143390655517578
T281A:V280H,-17.07052230834961
T281A:V280E,-17.490190505981445
T281A:V280D,-17.54383659362793
T281A:V280C,-6.361647605895996
T281A:V280A,-9.296751022338867
T281A:V280I,-12.94095230102539
T281A:V280M,-11.76941204071045
T281A:W269M,-22.366024017333984
T281A:W269L,-22.535917282104492
T281A:W269K,-22.646066665649414
T281A:W269I,-22.62754249572754
T281A:W269H,-22.664382934570312
T281A:W269F,-19.309961318969727
T281A:W269E,-22.874488830566406
T281A:W269D,-22.49647331237793
T281A:W269C,-21.580890655517578
T281A:W269A,-22.343463897705078
T281A:V280W,-12.136096954345703
T281A:V280T,-12.1743745803833
T281A:V280S,-12.10296630859375
T281A:V280R,-21.77959442138672
T281A:V280P,-19.95699691772461
T281A:V280N,-15.877132415771484
T281A:W269N,-22.697216033935547
T281A:V280L,-12.775960922241211
T281A:W269P,-23.556804656982422
T281A:W269R,-21.74372673034668
T281A:W269Y,-19.277923583984375
T281A:W269V,-22.892648696899414
T281A:W269T,-22.576786041259766
T281A:W269S,-21.641040802001953
T281A:W269Q,-22.624906539916992
T281R:V280F,-9.583328247070312
T281R:V280A,-8.736688613891602
T281R:W269C,-21.020828247070312
T281R:W269A,-21.783401489257812
T281R:V280W,-11.576034545898438
T281R:V280T,-11.614312171936035
T281R:V280S,-11.542903900146484
T281R:V280R,-21.219532012939453
T281R:V280P,-19.396934509277344
T281R:V280N,-15.317070007324219
T281R:V280M,-11.209349632263184
T281R:V280L,-12.215898513793945
T281R:V280I,-12.380889892578125
T281R:V280H,-16.510459899902344
T281R:V280G,-13.869379043579102
T281R:V280E,-16.93012809753418
T281R:V280D,-16.983774185180664
T281R:V280C,-5.8015851974487305
T281R:W269D,-21.936410903930664
T281R:W269E,-22.31442642211914
T281R:W269Y,-18.71786117553711
T281R:W269V,-22.33258628845215
T281R:W269T,-22.0167236328125
T281R:W269S,-21.080978393554688
T281R:W269R,-21.183664321899414
T281R:W269Q,-22.064844131469727
T281R:W269P,-22.996742248535156
T281R:W269N,-22.13715362548828
T281R:W269M,-21.80596160888672
T281R:W269L,-21.975854873657227
T281R:W269K,-22.08600425720215
T281R:W269I,-22.067480087280273
T281R:W269H,-22.104320526123047
T281R:W269F,-18.74989891052246
T281E:V280C,-7.489752769470215
T281E:V280A,-10.424856185913086
T281C:V280P,-20.090471267700195
T281C:V280N,-16.01060676574707
T281C:V280M,-11.902887344360352
T281C:V280L,-12.90943717956543
T281C:V280I,-13.074427604675293
T281C:V280H,-17.203996658325195
T281C:V280G,-14.562917709350586
T281C:V280F,-10.276865005493164
T281C:V280D,-17.677310943603516
T281C:V280C,-6.495122909545898
T281C:V280A,-9.430227279663086
T281C:V280E,-17.62366485595703
T281C:V280R,-21.913068771362305
T281C:V280S,-12.236442565917969
T281C:V280T,-12.307849884033203
T281C:W269T,-22.71026039123535
T281C:W269S,-21.77451515197754
T281C:W269R,-21.877201080322266
T281C:W269Q,-22.758380889892578
T281C:W269P,-23.690279006958008
T281C:W269N,-22.830690383911133
T281C:W269M,-22.49949836730957
T281C:W269L,-22.669391632080078
T281C:W269K,-22.779541015625
T281C:W269I,-22.761016845703125
T281C:W269H,-22.7978572845459
T281C:W269F,-19.443435668945312
T281C:W269E,-23.007963180541992
T281C:W269D,-22.629947662353516
T281C:W269C,-21.714365005493164
T281C:W269A,-22.476938247680664
T281C:V280W,-12.269571304321289
T281C:W269V,-23.026123046875
T281C:W269Y,-19.41139793395996
T281M:V280W,-12.839458465576172
T281M:V280T,-12.877737045288086
T281M:V280S,-12.806329727172852
T281M:V280R,-22.482955932617188
T281M:V280P,-20.660358428955078
T281M:V280N,-16.580493927001953
T281M:V280M,-12.472774505615234
T281M:V280L,-13.479324340820312
T281M:V280I,-13.644314765930176
T281M:V280H,-17.773883819580078
T281M:V280G,-15.132804870605469
T281M:V280F,-10.846752166748047
T281M:V280E,-18.193552017211914
T281M:V280D,-18.2471981048584
T281M:V280C,-7.065010070800781
T281M:V280A,-10.000114440917969
T281M:W269A,-23.046825408935547
T281M:W269C,-22.284252166748047
T281M:W269E,-23.577850341796875
T281M:W269Y,-19.981285095214844
T281M:W269V,-23.596010208129883
T281M:W269T,-23.280147552490234
T281M:W269S,-22.344402313232422
T281M:W269R,-22.44708824157715
T281M:W269Q,-23.32826805114746
T281M:W269P,-24.26016616821289
T281M:W269N,-23.400577545166016
T281M:W269M,-23.069385528564453
T281M:W269L,-23.23927879333496
T281M:W269K,-23.349428176879883
T281M:W269I,-23.330904006958008
T281M:W269H,-23.36774444580078
T281M:W269F,-20.013322830200195
T281M:W269D,-23.1998348236084
T281Q:V280R,-22.4927978515625
T281Q:V280P,-20.67020034790039
T281Q:V280N,-16.590335845947266
T281Q:V280M,-12.482616424560547
T281Q:V280L,-13.489165306091309
T281Q:V280I,-13.654155731201172
T281Q:V280H,-17.78372573852539
T281Q:V280G,-15.142645835876465
T281Q:V280F,-10.85659408569336
T281Q:V280E,-18.203393936157227
T281Q:V280D,-18.25704002380371
T281Q:V280C,-7.0748515129089355
T281Q:V280A,-10.009955406188965
T281Q:V280S,-12.816170692443848
T281Q:V280T,-12.887578964233398
T281Q:W269Y,-19.991127014160156
T281Q:W269V,-23.605852127075195
T281Q:W269T,-23.289989471435547
T281Q:W269S,-22.354244232177734
T281Q:W269R,-22.45693016052246
T281Q:W269Q,-23.338109970092773
T281Q:W269P,-24.270008087158203
T281Q:W269N,-23.410419464111328
T281Q:W269M,-23.079227447509766
T281Q:W269L,-23.249120712280273
T281Q:W269K,-23.359270095825195
T281Q:W269I,-23.34074592590332
T281Q:W269H,-23.377586364746094
T281Q:W269F,-20.023164749145508
T281Q:W269E,-23.587692260742188
T281Q:W269D,-23.20967674255371
T281Q:W269C,-22.29409408569336
T281Q:W269A,-23.05666732788086
T281Q:V280W,-12.849300384521484
T281E:V280D,-18.67194175720215
T281E:V280E,-18.618295669555664
T281E:V280G,-15.557546615600586
T281S:W269P,-22.896875381469727
T281S:W269N,-22.03728675842285
T281S:W269M,-21.70609474182129
T281S:W269L,-21.875988006591797
T281S:W269K,-21.98613739013672
T281S:W269I,-21.967613220214844
T281S:W269H,-22.004453659057617
T281S:W269Q,-21.964977264404297
T281S:W269F,-18.65003204345703
T281S:W269D,-21.836544036865234
T281S:W269C,-20.920961380004883
T281S:W269A,-21.683534622192383
T281S:V280W,-11.476167678833008
T281S:V280T,-11.514446258544922
T281S:V280S,-11.443038940429688
T281S:V280R,-21.119665145874023
T281S:W269E,-22.21455955505371
T281S:W269R,-21.083797454833984
T281S:W269S,-20.981111526489258
T281S:W269T,-21.91685676574707
T281S:W269Y,-18.61799430847168
T281S:W269V,-22.23271942138672
T281V:V280R,-22.044546127319336
T281V:V280P,-20.221948623657227
T281V:V280N,-16.1420841217041
T281V:V280M,-12.034364700317383
T281V:V280L,-13.040913581848145
T281V:V280I,-13.205904006958008
T281V:V280S,-12.367918968200684
T281V:V280H,-17.335474014282227
T281V:V280F,-10.408342361450195
T281V:V280E,-17.755142211914062
T281V:V280D,-17.808788299560547
T281V:V280C,-6.6265997886657715
T281V:V280A,-9.5617036819458
T281V:V280G,-14.6943941116333
T281V:V280T,-12.439327239990234
T281V:V280W,-12.40104866027832
T281V:W269Y,-19.542875289916992
T281V:W269V,-23.15760040283203
T281V:W269T,-22.841737747192383
T281V:W269S,-21.90599250793457
T281V:W269R,-22.008678436279297
T281V:W269Q,-22.88985824584961
T281V:W269P,-23.82175636291504
T281V:W269N,-22.962167739868164
T281V:W269M,-22.6309757232666
T281V:W269L,-22.80086898803711
T281V:W269K,-22.91101837158203
T281V:W269I,-22.892494201660156
T281V:W269H,-22.92933464050293
T281V:W269F,-19.574913024902344
T281V:W269E,-23.139440536499023
T281V:W269D,-22.761425018310547
T281V:W269C,-21.845842361450195
T281V:W269A,-22.608415603637695
T281S:V280P,-19.297067642211914
T281S:V280N,-15.217203140258789
T281S:V280M,-11.10948371887207
T281K:W269R,-21.47103500366211
T281K:W269Q,-22.352214813232422
T281K:W269P,-23.28411102294922
T281K:W269N,-22.424522399902344
T281K:W269M,-22.09333038330078
T281K:W269L,-22.263225555419922
T281K:W269K,-22.373374938964844
T281K:W269I,-22.35485076904297
T281K:W269S,-21.36834716796875
T281K:W269H,-22.39168930053711
T281K:W269F,-19.037269592285156
T281K:W269E,-22.601795196533203
T281K:W269D,-22.22378158569336
T281K:W269C,-21.308197021484375
T281K:W269A,-22.070770263671875
T281K:V280W,-11.863404273986816
T281K:V280T,-11.901681900024414
T281K:W269T,-22.304092407226562
T281K:W269V,-22.619956970214844
T281K:W269Y,-19.005229949951172
T281K:V280S,-11.83027458190918
T281K:V280R,-21.506900787353516
T281K:V280P,-19.684303283691406
T281K:V280N,-15.604439735412598
T281K:V280M,-11.496719360351562
T281K:V280L,-12.50326919555664
T281K:V280I,-12.66826057434082
T281K:V280H,-16.797828674316406
T281K:V280G,-14.156749725341797
T281K:V280F,-9.870697975158691
T281K:V280E,-17.217498779296875
T281K:V280D,-17.27114486694336
T281K:V280C,-6.088955402374268
T281K:V280A,-9.024059295654297
T281S:V280L,-12.116033554077148
T281S:V280I,-12.281023979187012
T281S:V280H,-16.410593032836914
T281S:V280G,-13.769514083862305
T281S:V280F,-9.483461380004883
T281S:V280E,-16.83026123046875
T281S:V280D,-16.883907318115234
T281S:V280C,-5.701719284057617
T281S:V280A,-8.636823654174805
T281Y:V280E,-18.351119995117188
T281Y:V280D,-18.404766082763672
T281Y:V280C,-7.22257661819458
T281Y:V280A,-10.15768051147461
T281Y:V280F,-11.004319190979004
T281Y:V280G,-15.29037094116211
T281Y:V280I,-13.801881790161133
T281Y:W269I,-23.48847198486328
T281Y:W269H,-23.525310516357422
T281Y:W269F,-20.17089080810547
T281Y:W269E,-23.735416412353516
T281Y:W269D,-23.357402801513672
T281Y:W269C,-22.441818237304688
T281Y:W269A,-23.204391479492188
T281Y:V280W,-12.997025489807129
T281Y:V280T,-13.035303115844727
T281Y:V280S,-12.963895797729492
T281Y:V280R,-22.640522003173828
T281Y:V280P,-20.81792449951172
T281Y:V280N,-16.738059997558594
T281Y:V280M,-12.630340576171875
T281Y:V280L,-13.636890411376953
T281Y:W269K,-23.506996154785156
T281Y:V280H,-17.93144989013672
T281Y:W269L,-23.396846771240234
T281Y:W269N,-23.558143615722656
T281Y:W269Y,-20.138851165771484
T281Y:W269V,-23.753578186035156
T281Y:W269T,-23.437713623046875
T281Y:W269S,-22.501968383789062
T281Y:W269R,-22.604656219482422
T281Y:W269Q,-23.485836029052734
T281Y:W269P,-24.41773223876953
T281Y:W269M,-23.226951599121094
T281W:W269Y,-18.791780471801758
T281W:W269V,-22.406505584716797
T281W:W269T,-22.09064292907715
T281W:W269S,-21.154897689819336
T281W:W269Q,-22.138763427734375
T281W:W269P,-23.070661544799805
T281W:W269N,-22.21107292175293
T281W:W269M,-21.879880905151367
T281W:W269L,-22.049774169921875
T281W:W269K,-22.159923553466797
T281W:W269I,-22.141399383544922
T281W:W269H,-22.178239822387695
T281W:W269R,-21.257583618164062
T281W:W269F,-18.82381820678711
T281W:W269E,-22.38834571838379
T281W:W269D,-22.010330200195312
T281W:V280C,-5.875504493713379
T281W:W269C,-21.09474754333496
T281W:W269A,-21.85732078552246
T281W:V280W,-11.649953842163086
T281W:V280T,-11.688231468200684
T281W:V280S,-11.616823196411133
T281W:V280R,-21.2934513092041
T281W:V280P,-19.470853805541992
T281W:V280N,-15.390989303588867
T281W:V280M,-11.283268928527832
T281W:V280L,-12.289817810058594
T281W:V280I,-12.454809188842773
T281W:V280H,-16.584379196166992
T281W:V280G,-13.94329833984375
T281W:V280F,-9.657247543334961
T281W:V280E,-17.004047393798828
T281W:V280D,-17.057693481445312
T281W:V280A,-8.81060791015625
T281F:W269Y,-20.519775390625
T281F:W269V,-24.134498596191406
T281F:W269T,-23.81863784790039
T281F:W269S,-22.882892608642578
T281G:W269Y,-21.064979553222656
T281G:W269V,-24.679706573486328
T281G:W269T,-24.363842010498047
T281G:W269S,-23.428096771240234
T281G:W269R,-23.530784606933594
T281G:W269Q,-24.411964416503906
T281G:W269P,-25.343860626220703
T281G:W269N,-24.484272003173828
T281G:W269M,-24.153079986572266
T281G:W269K,-24.433124542236328
T281G:W269I,-24.414600372314453
T281G:W269H,-24.451438903808594
T281G:W269F,-21.09701919555664
T281G:W269E,-24.661544799804688
T281G:W269D,-24.283531188964844
T281G:W269C,-23.36794662475586
T281G:W269L,-24.322975158691406
T281G:W269A,-24.13051986694336
T281G:V280W,-13.9231538772583
T281G:V280T,-13.961431503295898
T281G:V280S,-13.890024185180664
T281G:V280R,-23.566650390625
T281G:V280P,-21.74405288696289
T281G:V280N,-17.664188385009766
T281G:V280M,-13.556468963623047
T281G:V280L,-14.563018798828125
T281G:V280I,-14.728010177612305
T281G:V280H,-18.85757827758789
T281G:V280G,-16.21649932861328
T281G:V280F,-11.930447578430176
T281G:V280E,-19.27724838256836
T281G:V280D,-19.330894470214844
T281G:V280C,-8.148704528808594
T281G:V280A,-11.083808898925781
T281F:W269R,-22.985576629638672
T281F:W269P,-24.798656463623047
T281E:W269F,-20.438066482543945
T281E:W269E,-24.002593994140625
T281E:W269D,-23.62457847595215
T281E:W269C,-22.708995819091797
T281E:W269A,-23.471569061279297
T281E:V280W,-13.264202117919922
T281E:V280T,-13.30247974395752
T281E:V280S,-13.231071472167969
T281E:V280R,-22.907699584960938
T281E:V280P,-21.085102081298828
T281E:V280N,-17.005237579345703
T281E:V280M,-12.897517204284668
T281E:V280L,-13.90406608581543
T281E:V280I,-14.06905746459961
T281E:V280H,-18.198627471923828
T281E:W269H,-23.79248809814453
T281E:W269I,-23.755647659301758
T281E:W269L,-23.66402244567871
T281E:W269Y,-20.406028747558594
T281E:W269V,-24.020753860473633
T281E:W269T,-23.704891204833984
T281E:W269S,-22.769145965576172
T281E:W269R,-22.8718318939209
T281E:W269Q,-23.75301170349121
T281E:W269P,-24.68490982055664
T281E:W269N,-23.825321197509766
T281E:W269M,-23.494129180908203
T281E:W269K,-23.774171829223633
T281F:W269Q,-23.866756439208984
T281F:V280I,-14.182804107666016
T281F:V280H,-18.312374114990234
T281F:V280G,-15.671293258666992
T281F:V280F,-11.385241508483887
T281F:V280E,-18.732040405273438
T281F:V280D,-18.785686492919922
T281F:V280C,-7.603498935699463
T281F:V280A,-10.538602828979492
T281F:V280L,-14.017812728881836
T281F:V280M,-13.011262893676758
T281F:V280N,-17.11898422241211
T281F:W269N,-23.939067840576172
T281F:W269M,-23.60787582397461
T281F:W269L,-23.777767181396484
T281F:W269K,-23.887916564941406
T281F:W269I,-23.86939239501953
T281F:W269H,-23.906234741210938
T281F:W269F,-20.55181121826172
T281F:W269E,-24.11634063720703
T281F:W269D,-23.738323211669922
T281F:W269C,-22.822742462158203
T281F:W269A,-23.585315704345703
T281F:V280W,-13.377947807312012
T281F:V280T,-13.41622543334961
T281F:V280S,-13.344818115234375
T281F:V280R,-23.021446228027344
T281F:V280P,-21.198848724365234
T281E:V280F,-11.271495819091797
T281I:V280F,-11.358938217163086
T281I:V280E,-18.705738067626953
T281I:V280D,-18.759384155273438
T281I:V280C,-7.577195167541504
T281I:V280A,-10.512298583984375
T281I:V280G,-15.644989013671875
T281I:V280H,-18.286069869995117
T281I:V280I,-14.156499862670898
T281I:W269K,-23.861614227294922
T281I:W269I,-23.843090057373047
T281I:W269H,-23.87993049621582
T281I:W269F,-20.525508880615234
T281I:W269E,-24.090036392211914
T281I:W269D,-23.712020874023438
T281I:W269C,-22.796438217163086
T281I:W269A,-23.559011459350586
T281I:V280W,-13.351644515991211
T281I:V280T,-13.389922142028809
T281I:V280S,-13.318513870239258
T281I:V280R,-22.995141983032227
T281I:V280P,-21.172544479370117
T281I:V280N,-17.092679977416992
T281I:V280M,-12.984959602355957
T281I:V280L,-13.991508483886719
T281I:W269L,-23.75146484375
T281I:W269M,-23.581571578979492
T281I:W269P,-24.77235221862793
T281I:W269Y,-20.493471145629883
T281I:W269V,-24.108196258544922
T281I:W269T,-23.792333602905273
T281I:W269S,-22.85658836364746
T281I:W269R,-22.959274291992188
T281I:W269Q,-23.8404541015625
T281I:W269N,-23.912763595581055
T281H:V280A,-10.45301342010498
T281H:V280D,-18.700098037719727
T281H:W269D,-23.652734756469727
T281H:W269C,-22.737152099609375
T281H:W269A,-23.499725341796875
T281H:V280W,-13.2923583984375
T281H:V280T,-13.330636978149414
T281H:V280S,-13.259228706359863
T281H:V280R,-22.935855865478516
T281H:V280P,-21.113258361816406
T281H:V280N,-17.03339385986328
T281H:V280M,-12.925674438476562
T281H:V280L,-13.932223320007324
T281H:V280I,-14.097213745117188
T281H:V280H,-18.226783752441406
T281H:V280G,-15.58570384979248
T281H:V280F,-11.299652099609375
T281H:V280E,-18.646451950073242
T281H:W269E,-24.030750274658203
T281H:V280C,-7.517909526824951
T281H:W269F,-20.466222763061523
T281H:W269H,-23.82064437866211
T281H:W269Y,-20.434185028076172
T281H:W269V,-24.04891014099121
T281H:W269T,-23.733047485351562
T281H:W269S,-22.79730224609375
T281H:W269R,-22.899988174438477
T281H:W269Q,-23.78116798400879
T281H:W269P,-24.71306610107422
T281H:W269N,-23.853477478027344
T281H:W269M,-23.52228546142578
T281H:W269L,-23.69217872619629
T281H:W269K,-23.80232810974121
T281H:W269I,-23.783803939819336
E282I:Q258L,-16.00967788696289
E282I:Q258K,-12.869378089904785
E282I:Q258I,-19.397071838378906
E282I:Q258H,-13.92192554473877
E282I:Q258E,-22.27425765991211
E282I:Q258C,-16.61668586730957
E282I:Q258A,-17.04377555847168
E282I:Q258M,-16.349878311157227
E282I:F278Q,-27.395931243896484
E282I:F278P,-28.667633056640625
E282I:F278N,-26.523523330688477
E282I:F278L,-22.215272903442383
E282I:F278K,-28.24888801574707
E282I:F278I,-24.209213256835938
E282I:F278H,-25.554014205932617
E282I:F278E,-28.399761199951172
E282I:F278D,-27.34749984741211
E282I:F278C,-23.39006805419922
E282I:F278A,-25.33102798461914
E282I:F256W,-18.821884155273438
E282I:F256V,-19.75625228881836
E282I:F256S,-21.290721893310547
E282I:F256Q,-22.19375991821289
E282I:F256N,-21.680646896362305
E282I:F256M,-16.786434173583984
E282I:F278R,-28.69733428955078
E282I:F278S,-25.675600051879883
E282I:F278T,-25.54526710510254
E282I:F278V,-23.757278442382812
E282I:F278W,-23.3253116607666
E282I:F256K,-23.519062042236328
E282I:F256E,-27.257375717163086
E282I:F256D,-27.952842712402344
E282I:F256A,-20.501422882080078
E282I:Q258N,-13.593531608581543
E282I:Q258P,-24.82282257080078
E282I:Q258R,-11.027195930480957
E282I:W269Y,-25.678375244140625
E282I:W269V,-29.293100357055664
E282I:W269T,-28.977237701416016
E282I:W269S,-28.041492462158203
E282I:W269R,-28.14417839050293
E282I:W269Q,-29.025358200073242
E282I:W269P,-29.957256317138672
E282I:W269N,-29.097667694091797
E282I:W269M,-28.766475677490234
E282I:W269L,-28.936368942260742
E282I:W269K,-29.046518325805664
E282I:W269I,-29.02799415588379
E282I:W269H,-29.064834594726562
E282I:W269F,-25.710412979125977
E282I:W269E,-29.274940490722656
E282I:W269C,-27.981342315673828
E282I:W269A,-28.743915557861328
E282I:V280W,-18.536548614501953
E282I:V280T,-18.574827194213867
E282I:V280S,-18.50341796875
E282I:V280R,-28.18004608154297
E282I:V280P,-26.35744857788086
E282I:V280N,-22.277584075927734
E282I:V280M,-18.169864654541016
E282I:V280L,-19.176414489746094
E282I:W269D,-28.89692497253418
E282I:V280H,-23.47097396850586
E282I:V280G,-20.82989501953125
E282I:V280F,-16.543842315673828
E282I:V280E,-23.890642166137695
E282I:V280D,-23.94428825378418
E282I:V280C,-12.762100219726562
E282I:V280A,-15.697203636169434
E282I:V280I,-19.34140396118164
E282K:F278W,-21.166847229003906
E282K:F278T,-23.386802673339844
E282K:F256E,-25.09891128540039
E282K:F256D,-25.79438018798828
E282K:F256A,-18.342960357666016
E282K:F256K,-21.360599517822266
E282K:F256M,-14.627969741821289
E282K:F278S,-23.517135620117188
E282K:F278R,-26.53887176513672
E282K:F278Q,-25.23746681213379
E282K:F278P,-26.509170532226562
E282K:F278N,-24.36505889892578
E282K:F278L,-20.056808471679688
E282K:F278K,-26.090423583984375
E282K:F278I,-22.050748825073242
E282K:F278H,-23.395549774169922
E282K:F278V,-21.59881591796875
E282K:F278E,-26.24129867553711
E282K:F278C,-21.231605529785156
E282K:F278A,-23.172565460205078
E282K:F256W,-16.663419723510742
E282K:F256V,-17.597789764404297
E282K:F256S,-19.132259368896484
E282K:F256Q,-20.035297393798828
E282K:F256N,-19.52218246459961
E282K:F278D,-25.189037322998047
E282I:T244S,-15.380361557006836
E282I:T244R,-14.331734657287598
E282I:T244Q,-17.509963989257812
E282I:T244P,-23.31247329711914
E282I:T244N,-17.102100372314453
E282I:T244M,-18.498111724853516
E282I:T244L,-18.399110794067383
E282I:T244K,-14.736377716064453
E282I:T244I,-16.480892181396484
E282I:T244H,-15.978174209594727
E282I:T244G,-17.874893188476562
E282I:T244F,-16.467355728149414
E282I:T244D,-21.274555206298828
E282I:T244A,-14.96915054321289
E282I:T244V,-14.417257308959961
E282I:T270F,-14.63363265991211
E282I:T270D,-16.595157623291016
E282I:T270H,-14.431283950805664
E282I:Q258T,-17.61464500427246
E282I:Q258S,-16.40316390991211
E282I:T270I,-16.818960189819336
E282I:T281M,-17.27368927001953
E282I:T281K,-16.29763412475586
E282I:T281I,-17.78587532043457
E282I:T281H,-17.72658920288086
E282I:T281G,-18.357383728027344
E282I:T281F,-17.812179565429688
E282I:T281E,-17.69843292236328
E282I:T281C,-16.70380210876465
E282I:T281A,-16.570327758789062
E282I:T281Q,-17.283531188964844
E282I:T281R,-16.010265350341797
E282I:T281S,-15.910398483276367
E282I:T281V,-16.83527946472168
E282I:T281Y,-17.431255340576172
E282I:T281W,-16.084184646606445
E282I:T270Y,-14.690934181213379
E282I:T270S,-13.755881309509277
E282I:T270R,-13.496618270874023
E282I:T270N,-14.812049865722656
E282I:T270M,-15.1128511428833
E282H:F278W,-21.70357894897461
E282H:F278V,-22.135547637939453
E282H:F278T,-23.923534393310547
E282H:F278S,-24.05386734008789
E282H:F278Q,-25.774198532104492
E282G:V280T,-16.992164611816406
E282G:V280S,-16.920757293701172
E282G:V280R,-26.59738540649414
E282G:V280P,-24.77478790283203
E282G:V280N,-20.694923400878906
E282G:V280M,-16.587202072143555
E282G:V280L,-17.593751907348633
E282G:V280I,-17.758743286132812
E282G:V280H,-21.88831329345703
E282G:V280G,-19.24723243713379
E282G:V280E,-22.307979583740234
E282G:V280D,-22.36162567138672
E282G:V280C,-11.179437637329102
E282G:V280A,-14.114542007446289
E282G:V280F,-14.961180686950684
E282G:V280W,-16.953887939453125
E282G:T281K,-14.714973449707031
E282G:T281I,-16.20321273803711
E282G:T281H,-16.14392852783203
E282G:T281G,-16.774723052978516
E282G:T281F,-16.229516983032227
E282G:T281E,-16.11577033996582
E282G:T281C,-15.12114143371582
E282G:T281A,-14.987665176391602
E282G:T281M,-15.691028594970703
E282G:T281Q,-15.7008695602417
E282G:T281Y,-15.848594665527344
E282G:T281W,-14.501522064208984
E282G:T281V,-15.252617835998535
E282G:T281S,-14.327737808227539
E282G:T281R,-14.427602767944336
E282H:F278R,-27.075603485107422
E282G:W269C,-26.398681640625
E282H:F256D,-26.331111907958984
E282H:F256A,-18.87969207763672
E282H:F256E,-25.635643005371094
E282H:F278P,-27.045902252197266
E282H:F278N,-24.901790618896484
E282H:F278L,-20.59354019165039
E282H:F278K,-26.627155303955078
E282H:F278I,-22.587480545043945
E282H:F278H,-23.932281494140625
E282H:F278E,-26.778030395507812
E282H:F278D,-25.72576904296875
E282H:F278C,-21.76833724975586
E282H:F278A,-23.70929718017578
E282H:F256W,-17.200151443481445
E282H:F256V,-18.134521484375
E282H:F256S,-19.668991088867188
E282H:F256Q,-20.57202911376953
E282H:F256N,-20.058914184570312
E282H:F256M,-15.164701461791992
E282H:F256K,-21.89733123779297
E282G:W269A,-27.1612548828125
E282G:W269Y,-24.095714569091797
E282G:W269V,-27.710437774658203
E282G:W269T,-27.394577026367188
E282G:W269S,-26.458831787109375
E282G:W269R,-26.56151580810547
E282G:W269Q,-27.44269561767578
E282G:W269P,-28.374595642089844
E282G:W269N,-27.51500701904297
E282G:W269M,-27.183815002441406
E282G:W269L,-27.35370635986328
E282G:W269K,-27.463855743408203
E282G:W269I,-27.445331573486328
E282G:W269H,-27.482173919677734
E282G:W269F,-24.127750396728516
E282G:W269E,-27.692279815673828
E282G:W269D,-27.31426239013672
E282H:T281M,-15.651958465576172
E282H:T281K,-14.6759033203125
E282H:T281I,-16.164142608642578
E282H:T281H,-16.1048583984375
E282H:T281G,-16.735652923583984
E282H:T281F,-16.190446853637695
E282H:T281E,-16.07670021057129
E282H:T281C,-15.082071304321289
E282H:T281A,-14.94859504699707
E282H:T270F,-13.011900901794434
E282H:T270D,-14.97342586517334
E282H:T270H,-12.809552192687988
E282H:T270I,-15.19722843170166
E282H:T270Y,-13.069202423095703
E282H:T270S,-12.134149551391602
E282H:T270R,-11.874885559082031
E282H:T270N,-13.19031810760498
E282H:T270M,-13.491119384765625
E282H:T281Q,-15.661799430847168
E282H:T281S,-14.288667678833008
E282H:V280W,-16.914817810058594
E282H:V280T,-16.953094482421875
E282H:V280S,-16.88168716430664
E282H:V280R,-26.55831527709961
E282H:V280P,-24.7357177734375
E282H:V280N,-20.655853271484375
E282H:V280M,-16.548131942749023
E282H:V280L,-17.5546817779541
E282H:V280I,-17.71967315673828
E282H:V280H,-21.8492431640625
E282H:V280G,-19.208162307739258
E282H:V280F,-14.922110557556152
E282H:V280E,-22.268909454345703
E282H:V280D,-22.322555541992188
E282H:V280C,-11.14036750793457
E282H:V280A,-14.075471878051758
E282H:W269A,-27.12218475341797
E282H:W269C,-26.35961151123047
E282H:W269D,-27.275192260742188
E282H:W269Y,-24.056644439697266
E282H:W269V,-27.671367645263672
E282H:W269T,-27.355506896972656
E282H:W269S,-26.419761657714844
E282H:W269Q,-27.40362548828125
E282H:W269P,-28.335525512695312
E282H:W269N,-27.475936889648438
E282H:W269M,-27.144744873046875
E282H:W269L,-27.31463623046875
E282H:W269K,-27.424785614013672
E282H:W269I,-27.406261444091797
E282H:W269H,-27.443103790283203
E282H:W269F,-24.088680267333984
E282H:W269E,-27.653209686279297
E282H:W269R,-26.522445678710938
E282H:T281R,-14.388532638549805
E282H:T281Y,-15.809524536132812
E282H:T281W,-14.462451934814453
E282H:T281V,-15.213547706604004
E282H:T244V,-12.795525550842285
E282H:T244S,-13.758628845214844
E282H:T244R,-12.710002899169922
E282H:T244Q,-15.888232231140137
E282H:T244P,-21.69074249267578
E282H:T244N,-15.480368614196777
E282H:T244M,-16.876380920410156
E282H:T244L,-16.77737808227539
E282H:T244K,-13.114646911621094
E282H:T244I,-14.859160423278809
E282H:T244H,-14.356441497802734
E282H:T244G,-16.253162384033203
E282H:T244F,-14.845624923706055
E282H:T244D,-19.65282440185547
E282H:T244A,-13.347419738769531
E282H:Q258K,-11.24764633178711
E282H:Q258I,-17.775341033935547
E282H:Q258H,-12.300193786621094
E282H:Q258E,-20.65252685546875
E282H:Q258C,-14.994955062866211
E282H:Q258A,-15.422042846679688
E282H:Q258L,-14.387945175170898
E282H:Q258M,-14.72814655303955
E282H:Q258P,-23.201091766357422
E282H:Q258N,-11.971799850463867
E282H:Q258T,-15.992913246154785
E282H:Q258S,-14.781432151794434
E282H:Q258R,-9.405464172363281
E282L:T270Y,-14.439535140991211
E282L:T270S,-13.50448226928711
E282L:T270R,-13.245218276977539
E282L:T270N,-14.560650825500488
E282L:T244V,-14.165858268737793
E282L:T244S,-15.128961563110352
E282L:T244R,-14.08033561706543
E282L:T244Q,-17.258563995361328
E282L:T244P,-23.061073303222656
E282L:T244N,-16.85070037841797
E282L:T244M,-18.24671173095703
E282L:T244L,-18.14771270751953
E282L:T244K,-14.484979629516602
E282L:T244I,-16.2294921875
E282L:T244H,-15.726774215698242
E282L:T244G,-17.62349510192871
E282L:T244F,-16.215957641601562
E282L:T244D,-21.023155212402344
E282L:T244A,-14.717752456665039
E282L:T270I,-16.567562103271484
E282L:T270H,-14.179884910583496
E282L:T270F,-14.382233619689941
E282L:T270D,-16.34375762939453
E282L:T270M,-14.861452102661133
E282L:W269D,-28.645526885986328
E282L:W269C,-27.729942321777344
E282L:W269A,-28.492515563964844
E282L:V280W,-18.28514862060547
E282L:V280T,-18.323427200317383
E282L:V280S,-18.25201988220215
E282L:V280R,-27.928646087646484
E282L:V280P,-26.106048583984375
E282L:V280N,-22.02618408203125
E282L:V280M,-17.91846466064453
E282L:V280I,-19.09000587463379
E282L:V280H,-23.219573974609375
E282L:V280G,-20.578495025634766
E282L:V280F,-16.292442321777344
E282L:V280E,-23.639244079589844
E282L:V280D,-23.692890167236328
E282L:V280C,-12.510700225830078
E282L:V280A,-15.445804595947266
E282L:V280L,-18.92501449584961
E282L:T281R,-15.758865356445312
E282L:T281Q,-17.03213119506836
E282L:T281M,-17.02229118347168
E282L:T281K,-16.046236038208008
E282L:T281I,-17.534475326538086
E282L:T281H,-17.475189208984375
E282L:T281G,-18.105985641479492
E282L:T281F,-17.560779571533203
E282L:T281E,-17.447032928466797
E282L:T281C,-16.452404022216797
E282L:T281A,-16.318927764892578
E282L:T281S,-15.659000396728516
E282L:T281V,-16.583881378173828
E282L:T281W,-15.832784652709961
E282L:T281Y,-17.17985725402832
E282L:W269E,-29.023540496826172
E282L:Q258T,-17.36324691772461
E282L:Q258R,-10.775796890258789
E282L:Q258P,-24.571422576904297
E282L:Q258N,-13.342132568359375
E282L:Q258M,-16.098480224609375
E282L:Q258L,-15.758277893066406
E282L:Q258K,-12.617979049682617
E282L:Q258I,-19.145673751831055
E282L:Q258H,-13.670526504516602
E282L:Q258E,-22.022857666015625
E282L:Q258S,-16.151763916015625
E282L:Q258C,-16.36528778076172
E282L:Q258A,-16.792375564575195
E282L:W269F,-25.459014892578125
E282L:W269H,-28.813434600830078
E282M:F256K,-22.751760482788086
E282M:F256E,-26.490074157714844
E282M:F256D,-27.18553924560547
E282M:F256A,-19.734121322631836
E282M:F256M,-16.01913070678711
E282M:F256N,-20.913345336914062
E282M:F278V,-22.98997688293457
E282M:F278T,-24.777965545654297
E282M:F278S,-24.90829849243164
E282M:F278R,-27.930030822753906
E282M:F278Q,-26.62862777709961
E282M:F278P,-27.90032958984375
E282M:F278N,-25.756221771240234
E282M:F278L,-21.44797134399414
E282M:F278K,-27.481586456298828
E282M:F278I,-23.441909790039062
E282M:F278H,-24.786712646484375
E282M:F278E,-27.632457733154297
E282M:F278D,-26.580198287963867
E282M:F278C,-22.622766494750977
E282M:F278A,-24.563724517822266
E282M:F256W,-18.054580688476562
E282M:F256V,-18.988948822021484
E282M:F256S,-20.523420333862305
E282M:F256Q,-21.426456451416016
E282M:F278W,-22.55801010131836
E282L:W269Y,-25.42697525024414
E282L:W269V,-29.041702270507812
E282L:W269T,-28.72583770751953
E282L:W269S,-27.79009246826172
E282L:W269R,-27.892780303955078
E282L:W269Q,-28.77396011352539
E282L:W269P,-29.705856323242188
E282L:W269N,-28.846267700195312
E282L:W269M,-28.51507568359375
E282L:W269L,-28.68497085571289
E282L:W269K,-28.795120239257812
E282L:W269I,-28.776596069335938
E282K:Q258M,-14.191414833068848
E282K:Q258L,-13.851213455200195
E282K:Q258K,-10.710914611816406
E282K:Q258I,-17.238609313964844
E282K:Q258H,-11.76346206665039
E282K:Q258E,-20.115795135498047
E282K:Q258C,-14.458223342895508
E282K:Q258A,-14.885311126708984
E282K:Q258N,-11.435068130493164
E282K:Q258P,-22.66436004638672
E282K:Q258R,-8.868732452392578
E282K:Q258S,-14.24470043182373
E282K:Q258T,-15.456181526184082
E282K:T270H,-12.272820472717285
E282K:T270F,-12.47516918182373
E282K:T270D,-14.436694145202637
E282K:T270I,-14.660496711730957
E282K:T270M,-12.954387664794922
E282K:T270Y,-12.532470703125
E282K:T270S,-11.597417831420898
E282K:T270R,-11.338153839111328
E282K:T270N,-12.653586387634277
E282K:T244V,-12.258793830871582
E282K:T244S,-13.22189712524414
E282K:T244R,-12.173271179199219
E282K:T244Q,-15.351500511169434
E282K:T244P,-21.154010772705078
E282K:T244N,-14.943636894226074
E282K:T244M,-16.339649200439453
E282K:T244L,-16.240646362304688
E282K:T244K,-12.57791519165039
E282K:T244I,-14.322428703308105
E282K:T244H,-13.819709777832031
E282K:T244F,-14.308893203735352
E282K:T244D,-19.116092681884766
E282K:T244A,-12.810688018798828
E282K:T244G,-15.7164306640625
E282L:F278T,-25.293869018554688
E282L:F278S,-25.42420196533203
E282L:F278R,-28.445934295654297
E282L:F278Q,-27.14453125
E282L:F278P,-28.41623306274414
E282L:F278N,-26.272125244140625
E282L:F278L,-21.96387481689453
E282L:F278K,-27.99748992919922
E282L:F278I,-23.957813262939453
E282L:F278H,-25.302616119384766
E282L:F278E,-28.148361206054688
E282L:F278D,-27.096101760864258
E282L:F278C,-23.138669967651367
E282L:F278A,-25.079627990722656
E282L:F256W,-18.570484161376953
E282L:F256V,-19.504852294921875
E282L:F256S,-21.039323806762695
E282L:F256Q,-21.942359924316406
E282L:F278V,-23.50588035583496
E282L:F278W,-23.07391357421875
E282L:F256N,-21.429248809814453
E282L:F256M,-16.5350341796875
E282K:T281Y,-15.27279281616211
E282K:T281W,-13.92572021484375
E282K:T281V,-14.6768159866333
E282K:T281R,-13.851800918579102
E282K:T281Q,-15.125067710876465
E282K:T281M,-15.115226745605469
E282K:T281K,-14.139171600341797
E282K:T281I,-15.627410888671875
E282K:T281H,-15.56812572479248
E282K:T281G,-16.19892120361328
E282K:T281F,-15.653715133666992
E282K:T281E,-15.539968490600586
E282K:T281S,-13.751935958862305
E282K:T281A,-14.411863327026367
E282K:T281C,-14.545339584350586
E282L:F256K,-23.267663955688477
E282L:F256E,-27.005977630615234
E282L:F256D,-27.70144271850586
E282L:F256A,-20.250024795532227
E282K:W269C,-25.822879791259766
E282K:W269A,-26.585453033447266
E282K:V280W,-16.37808609008789
E282K:V280T,-16.416362762451172
E282K:V280S,-16.344955444335938
E282K:V280R,-26.021583557128906
E282K:V280P,-24.198986053466797
E282K:V280N,-20.119121551513672
E282K:V280M,-16.01140022277832
E282K:W269D,-26.738460540771484
E282K:V280L,-17.0179500579834
E282K:V280I,-17.182941436767578
E282K:V280H,-21.312511444091797
E282K:V280G,-18.671430587768555
E282K:V280F,-14.38537883758545
E282K:V280E,-21.732177734375
E282K:V280D,-21.785823822021484
E282K:V280C,-10.603635787963867
E282K:V280A,-13.538740158081055
E282K:W269E,-27.116477966308594
E282K:W269F,-23.55194854736328
E282K:W269Y,-23.519912719726562
E282K:W269T,-26.818775177001953
E282K:W269S,-25.88302993774414
E282K:W269R,-25.985713958740234
E282K:W269Q,-26.866893768310547
E282K:W269P,-27.79879379272461
E282K:W269N,-26.939205169677734
E282K:W269M,-26.608013153076172
E282K:W269L,-26.777904510498047
E282K:W269K,-26.88805389404297
E282K:W269I,-26.869529724121094
E282K:W269H,-26.9063720703125
E282K:W269V,-27.13463592529297
E282C:T244K,-12.710210800170898
E282C:T244I,-14.45472526550293
E282C:T244H,-13.952007293701172
E282C:T244G,-15.848726272583008
E282C:T244F,-14.44118881225586
E282C:T244D,-19.248388290405273
E282C:T244A,-12.942983627319336
E282C:T244L,-16.372943878173828
E282C:Q258C,-14.590518951416016
E282C:Q258A,-15.017608642578125
E282C:Q258E,-20.248090744018555
E282C:Q258T,-15.588478088378906
E282C:Q258S,-14.376996994018555
E282C:Q258R,-9.001029014587402
E282C:Q258P,-22.796655654907227
E282C:Q258N,-11.567364692687988
E282C:Q258M,-14.323711395263672
E282C:Q258L,-13.983510971069336
E282C:Q258K,-10.84321117401123
E282C:Q258I,-17.37090492248535
E282C:Q258H,-11.895758628845215
E282C:T244M,-16.47194480895996
E282C:T244P,-21.286306381225586
E282C:T281F,-15.786011695861816
E282C:T281E,-15.672266006469727
E282C:T281C,-14.677635192871094
E282C:T281A,-14.544160842895508
E282C:T244N,-15.075933456420898
E282C:T244V,-12.391090393066406
E282C:T244S,-13.354194641113281
E282C:T244R,-12.305567741394043
E282C:T244Q,-15.483797073364258
E282C:T270Y,-12.664767265319824
E282C:T270S,-11.729714393615723
E282C:T270R,-11.470451354980469
E282C:T270N,-12.785882949829102
E282C:T270M,-13.086684226989746
E282C:T270I,-14.792793273925781
E282C:T270H,-12.40511703491211
E282C:T270F,-12.607465744018555
E282C:T270D,-14.568990707397461
E282C:T281G,-16.331218719482422
E282C:T281H,-15.700422286987305
E282C:T281I,-15.759708404541016
E282C:T281K,-14.271468162536621
E282C:V280M,-16.14369773864746
E282C:V280L,-17.150245666503906
E282C:V280I,-17.315237045288086
E282C:V280H,-21.444807052612305
E282C:V280G,-18.803726196289062
E282C:V280F,-14.517675399780273
E282C:V280E,-21.86447525024414
E282C:V280D,-21.918121337890625
E282C:V280C,-10.735933303833008
E282C:V280A,-13.671036720275879
E282C:V280N,-20.25141716003418
E282C:V280P,-24.331281661987305
E282C:V280R,-26.153879165649414
E282C:W269Y,-23.65220832824707
E282C:W269V,-27.26693344116211
E282C:W269T,-26.95107078552246
E282C:W269S,-26.01532554626465
E282C:W269R,-26.118011474609375
E282C:W269Q,-26.999191284179688
E282C:W269P,-27.931089401245117
E282C:W269N,-27.071500778198242
E282C:W269M,-26.74030876159668
E282C:W269L,-26.910202026367188
E282C:W269K,-27.02035140991211
E282C:W269H,-27.038667678833008
E282C:W269F,-23.684246063232422
E282C:W269E,-27.2487735748291
E282C:W269D,-26.870758056640625
E282C:W269C,-25.955175399780273
E282C:W269A,-26.717748641967773
E282C:V280W,-16.5103816986084
E282C:V280T,-16.548660278320312
E282C:V280S,-16.477252960205078
E282C:W269I,-27.001827239990234
E282C:T281Y,-15.405089378356934
E282C:T281W,-14.05801773071289
E282C:T281V,-14.809112548828125
E282C:T281S,-13.884231567382812
E282C:T281R,-13.984098434448242
E282C:T281Q,-15.257364273071289
E282C:T281M,-15.247522354125977
E282A:Q258T,-14.367789268493652
E282A:Q258S,-13.1563081741333
E282A:Q258R,-7.78033971786499
E282A:Q258P,-21.575965881347656
E282A:Q258N,-10.346675872802734
E282A:Q258M,-13.103022575378418
E282A:Q258L,-12.762821197509766
E282A:Q258K,-9.622522354125977
E282A:Q258I,-16.150217056274414
E282A:Q258H,-10.675069808959961
E282A:Q258E,-19.027400970458984
E282A:Q258C,-13.369831085205078
E282A:Q258A,-13.796918869018555
E282A:F278E,-25.152904510498047
E282A:F278D,-24.100645065307617
E282A:F278C,-20.143213272094727
E282A:F278A,-22.084171295166016
E282A:F256W,-15.575027465820312
E282A:F256V,-16.509395599365234
E282A:F256S,-18.043867111206055
E282A:F256Q,-18.946903228759766
E282A:F256N,-18.433792114257812
E282A:F256M,-13.53957748413086
E282A:F256K,-20.272207260131836
E282A:F256E,-24.010520935058594
E282A:F256D,-24.70598602294922
E282A:F256A,-17.254568099975586
E282A:F278H,-22.307159423828125
E282A:F278I,-20.962356567382812
E282A:F278K,-25.002033233642578
E282A:F278W,-20.07845687866211
E282A:F278V,-20.51042366027832
E282A:F278T,-22.298412322998047
E282A:F278S,-22.42874526977539
E282A:F278R,-25.450477600097656
E282A:F278Q,-24.14907455444336
E282A:F278P,-25.4207763671875
E282A:F278N,-23.276668548583984
E282A:F278L,-18.96841812133789
E282C:F256A,-18.475257873535156
E282C:F278H,-23.527847290039062
E282C:F278E,-26.373594284057617
E282C:F278D,-25.321334838867188
E282C:F278C,-21.363903045654297
E282C:F278A,-23.304861068725586
E282C:F256W,-16.79571533203125
E282C:F256V,-17.730085372924805
E282C:F256S,-19.264556884765625
E282C:F256N,-19.65447998046875
E282C:F256M,-14.76026725769043
E282C:F256K,-21.492897033691406
E282C:F256E,-25.23120880126953
E282C:F256D,-25.92667579650879
E282C:F256Q,-20.167593002319336
E282C:F278I,-22.18304443359375
E282A:W269Y,-22.4315185546875
E282A:W269V,-26.046245574951172
E282A:W269T,-25.73038101196289
E282A:W269S,-24.794635772705078
E282A:W269R,-24.897323608398438
E282A:W269Q,-25.77850341796875
E282A:W269P,-26.710399627685547
E282A:W269N,-25.850811004638672
E282A:W269M,-25.51961898803711
E282A:W269L,-25.68951416015625
E282A:W269K,-25.799663543701172
E282A:W269I,-25.781139373779297
E282A:W269H,-25.817977905273438
E282A:W269F,-22.463558197021484
E282A:W269E,-26.02808380126953
E282A:W269D,-25.650070190429688
E282A:W269C,-24.734485626220703
E282A:W269A,-25.497058868408203
E282A:V280W,-15.289692878723145
E282A:V280T,-15.327970504760742
E282A:V280S,-15.256563186645508
E282A:V280R,-24.933189392089844
E282C:F278K,-26.222721099853516
E282C:F278L,-20.189105987548828
E282C:F278W,-21.299144744873047
E282C:F278V,-21.73111343383789
E282C:F278T,-23.519100189208984
E282C:F278S,-23.649433135986328
E282C:F278R,-26.671167373657227
E282C:F278Q,-25.369762420654297
E282C:F278P,-26.64146614074707
E282C:F278N,-24.497356414794922
E282A:V280P,-23.110591888427734
E282A:V280N,-19.03072738647461
E282A:T270Y,-11.44407844543457
E282A:T270S,-10.509025573730469
E282A:T270R,-10.249761581420898
E282A:T270N,-11.565194129943848
E282A:T270M,-11.865995407104492
E282A:T270I,-13.572104454040527
E282A:T270H,-11.184428215026855
E282A:T270F,-11.3867769241333
E282A:T270D,-13.348301887512207
E282A:T244H,-12.731317520141602
E282A:T244G,-14.62803840637207
E282A:T244F,-13.220500946044922
E282A:T244D,-18.027698516845703
E282A:T244A,-11.722295761108398
E282A:T244I,-13.234036445617676
E282A:T244K,-11.489522933959961
E282A:T244L,-15.152255058288574
E282A:T244M,-15.251255989074707
E282A:T244V,-11.170401573181152
E282A:T244S,-12.133504867553711
E282A:T244R,-11.084878921508789
E282A:T244Q,-14.263108253479004
E282A:T244P,-20.065616607666016
E282A:T244N,-13.855244636535645
E282A:V280M,-14.92300796508789
E282A:V280L,-15.929557800292969
E282A:V280I,-16.09454917907715
E282A:V280H,-20.224117279052734
E282A:V280G,-17.583038330078125
E282A:V280F,-13.29698657989502
E282A:V280E,-20.643787384033203
E282A:V280D,-20.697433471679688
E282A:V280C,-9.515243530273438
E282A:V280A,-12.450347900390625
E282A:T281E,-14.451576232910156
E282A:T281C,-13.456947326660156
E282A:T281A,-13.323471069335938
E282A:T281F,-14.565322875976562
E282A:T281G,-15.110528945922852
E282A:T281I,-14.539018630981445
E282A:T281H,-14.47973346710205
E282A:T281Y,-14.18440055847168
E282A:T281W,-12.83732795715332
E282A:T281V,-13.588423728942871
E282A:T281S,-12.663543701171875
E282A:T281R,-12.763408660888672
E282A:T281Q,-14.036675453186035
E282A:T281M,-14.026834487915039
E282A:T281K,-13.050779342651367
E282G:F256A,-18.91876220703125
E282G:F256D,-26.370182037353516
E282G:F256E,-25.674713134765625
E282G:F278L,-20.632610321044922
E282G:F278K,-26.66622543334961
E282G:F278I,-22.626550674438477
E282G:F278H,-23.971351623535156
E282G:F278E,-26.817100524902344
E282G:F278D,-25.76483917236328
E282G:F278C,-21.80740737915039
E282G:F278A,-23.748367309570312
E282G:F256W,-17.239221572875977
E282G:F256V,-18.17359161376953
E282G:F256S,-19.70806121826172
E282G:F256Q,-20.611099243164062
E282G:F256N,-20.097984313964844
E282G:F256M,-15.203771591186523
E282G:F256K,-21.9364013671875
E282G:F278N,-24.940860748291016
E282G:F278P,-27.084972381591797
E282G:F278Q,-25.813268661499023
E282G:F278R,-27.114673614501953
E282G:F278W,-21.74264907836914
E282G:F278V,-22.174617767333984
E282G:F278T,-23.962604522705078
E282G:F278S,-24.092937469482422
E282G:Q258T,-16.031982421875
E282G:Q258S,-14.820502281188965
E282G:Q258R,-9.444534301757812
E282G:Q258P,-23.240161895751953
E282G:Q258N,-12.010869979858398
E282G:Q258M,-14.767216682434082
E282G:Q258K,-11.28671646118164
E282G:Q258I,-17.814411163330078
E282G:Q258H,-12.339263916015625
E282G:Q258E,-20.69159698486328
E282G:Q258C,-15.034025192260742
E282G:Q258A,-15.461112976074219
E282G:Q258L,-14.42701530456543
E282G:T270Y,-13.108272552490234
E282G:T270S,-12.173219680786133
E282G:T270R,-11.913955688476562
E282G:T270N,-13.229388236999512
E282G:T270M,-13.530189514160156
E282G:T270I,-15.236298561096191
E282G:T270H,-12.84862232208252
E282G:T270F,-13.050971031188965
E282G:T244Q,-15.927302360534668
E282G:T244P,-21.729812622070312
E282G:T244N,-15.519438743591309
E282G:T244M,-16.915451049804688
E282G:T244L,-16.816448211669922
E282G:T244K,-13.153717041015625
E282G:T244I,-14.89823055267334
E282G:T244H,-14.395511627197266
E282G:T244G,-16.292232513427734
E282G:T244F,-14.884695053100586
E282G:T244D,-19.69189453125
E282G:T244A,-13.386489868164062
E282G:T244R,-12.749073028564453
E282G:T244S,-13.797698974609375
E282G:T244V,-12.834595680236816
E282G:T270D,-15.012495994567871
E282T:V280F,-12.414955139160156
E282T:V280E,-19.761754989624023
E282T:V280D,-19.815401077270508
E282T:V280C,-8.63321304321289
E282T:V280A,-11.568317413330078
E282T:V280G,-16.701007843017578
E282T:T281A,-12.44144058227539
E282T:T281C,-12.574915885925293
E282T:T281Y,-13.302370071411133
E282T:T281W,-11.955297470092773
E282T:T281V,-12.706392288208008
E282T:T281S,-11.781512260437012
E282T:T281R,-11.881378173828125
E282T:T281M,-13.144803047180176
E282T:T281K,-12.16874885559082
E282T:T281I,-13.656988143920898
E282T:T281H,-13.597702026367188
E282T:T281G,-14.228498458862305
E282T:T281F,-13.683292388916016
E282T:T281E,-13.56954574584961
E282T:T281Q,-13.154644012451172
E282T:V280H,-19.342086791992188
E282V:F256W,-16.84048843383789
E282V:F256V,-17.774856567382812
E282V:F256S,-19.309328079223633
E282V:F256Q,-20.212364196777344
E282V:F256N,-19.69925308227539
E282V:F256M,-14.805038452148438
E282V:F256K,-21.537668228149414
E282V:F256E,-25.275981903076172
E282V:F256D,-25.971446990966797
E282V:F256A,-18.520029067993164
E282T:V280I,-15.212517738342285
E282T:W269P,-25.828369140625
E282T:W269N,-24.968780517578125
E282T:W269M,-24.637588500976562
E282T:W269L,-24.80748176574707
E282T:W269K,-24.917631149291992
E282T:W269I,-24.899106979370117
E282T:W269H,-24.93594741821289
E282T:W269F,-21.581525802612305
E282T:W269E,-25.146053314208984
E282T:W269D,-24.768037796020508
E282T:W269C,-23.852455139160156
E282T:W269A,-24.615028381347656
E282T:V280W,-14.407661437988281
E282T:V280T,-14.445940017700195
E282T:V280S,-14.374532699584961
E282T:V280R,-24.051158905029297
E282T:V280P,-22.228561401367188
E282T:V280N,-18.148696899414062
E282T:V280M,-14.040977478027344
E282T:V280L,-15.047527313232422
E282T:W269Q,-24.89647102355957
E282T:W269R,-24.015291213989258
E282T:W269S,-23.91260528564453
E282T:W269T,-24.848350524902344
E282T:W269Y,-21.549488067626953
E282T:W269V,-25.164213180541992
E282V:F278A,-23.349632263183594
E282T:Q258T,-13.485757827758789
E282T:Q258S,-12.274276733398438
E282T:Q258R,-6.898308753967285
E282T:Q258P,-20.69393539428711
E282T:Q258N,-9.464645385742188
E282T:Q258M,-12.220991134643555
E282T:Q258L,-11.880790710449219
E282T:Q258K,-8.74049186706543
E282T:Q258I,-15.26818561553955
E282T:Q258H,-9.793039321899414
E282T:Q258E,-18.145370483398438
E282T:Q258C,-12.487799644470215
E282T:Q258A,-12.914888381958008
E282T:T270Y,-10.562047958374023
E282T:T270S,-9.626995086669922
E282T:T270R,-9.367731094360352
E282T:T270N,-10.683162689208984
E282T:T270M,-10.983963966369629
E282T:T270I,-12.690073013305664
E282T:T270H,-10.302397727966309
E282T:T270F,-10.504745483398438
E282T:T270D,-12.466270446777344
E282T:T244A,-10.840264320373535
E282T:T244D,-17.145668029785156
E282T:T244F,-12.338469505310059
E282T:T244G,-13.746006965637207
E282T:T244V,-10.288371086120605
E282T:T244S,-11.251474380493164
E282T:T244R,-10.202847480773926
E282T:T244Q,-13.38107681274414
E282T:T244P,-19.18358612060547
E282T:T244N,-12.973213195800781
E282T:T244M,-14.369224548339844
E282T:T244L,-14.270223617553711
E282T:T244K,-10.607491493225098
E282T:T244I,-12.352005004882812
E282T:T244H,-11.849287033081055
E282V:F278C,-21.408674240112305
E282V:F278D,-25.366106033325195
E282V:F278E,-26.418365478515625
E282V:T244D,-19.29315948486328
E282V:T244A,-12.987756729125977
E282V:Q258A,-15.062379837036133
E282V:Q258T,-15.63325023651123
E282V:Q258S,-14.421769142150879
E282V:Q258R,-9.045801162719727
E282V:Q258N,-11.612136840820312
E282V:Q258M,-14.368483543395996
E282V:Q258L,-14.028282165527344
E282V:Q258K,-10.887983322143555
E282V:Q258I,-17.415678024291992
E282V:Q258H,-11.940530776977539
E282V:Q258E,-20.292861938476562
E282V:Q258C,-14.635292053222656
E282V:Q258P,-22.841426849365234
E282V:F278W,-21.343917846679688
E282V:F278V,-21.7758846282959
E282V:F278T,-23.563873291015625
E282V:F278S,-23.69420623779297
E282V:F278R,-26.715938568115234
E282V:F278Q,-25.414535522460938
E282V:F278P,-26.686237335205078
E282V:F278N,-24.542129516601562
E282V:F278L,-20.23387908935547
E282V:F278K,-26.267494201660156
E282V:F278I,-22.22781753540039
E282V:F278H,-23.572620391845703
E282V:T244F,-14.4859619140625
E282S:T244V,-10.595355987548828
E282S:T244S,-11.558459281921387
E282S:T244R,-10.509832382202148
E282S:T244Q,-13.68806266784668
E282S:T244P,-19.490571975708008
E282S:T244N,-13.28019905090332
E282S:T244M,-14.676210403442383
E282S:T244L,-14.57720947265625
E282S:T244K,-10.91447639465332
E282S:T244I,-12.658990859985352
E282S:T244H,-12.156271934509277
E282S:T244G,-14.05299186706543
E282S:T270S,-9.933979988098145
E282S:T270R,-9.674715995788574
E282S:T270N,-10.990147590637207
E282S:T270M,-11.290948867797852
E282S:T270I,-12.997058868408203
E282S:T244F,-12.645454406738281
E282S:T270H,-10.609382629394531
E282S:T270F,-10.811731338500977
E282S:T270D,-12.773256301879883
E282S:T270Y,-10.86903190612793
E282S:T244A,-11.147249221801758
E282S:T244D,-17.452653884887695
E282S:T281Y,-13.609354019165039
E282S:T281W,-12.262282371520996
E282S:T281V,-13.013378143310547
E282S:T281S,-12.088497161865234
E282S:T281R,-12.188363075256348
E282S:T281Q,-13.461629867553711
E282S:T281M,-13.451787948608398
E282S:T281K,-12.475732803344727
E282S:T281I,-13.963973045349121
E282S:T281H,-13.904687881469727
E282S:T281G,-14.535482406616211
E282S:T281F,-13.990276336669922
E282S:T281E,-13.876530647277832
E282S:T281C,-12.881900787353516
E282S:T281A,-12.748425483703613
E282S:Q258T,-13.792743682861328
E282S:Q258S,-12.581262588500977
E282S:Q258R,-7.205293655395508
E282S:Q258P,-21.00092124938965
E282S:Q258N,-9.771629333496094
E282S:Q258M,-12.527976989746094
E282S:Q258K,-9.047476768493652
E282S:Q258I,-15.575170516967773
E282S:Q258H,-10.100024223327637
E282S:Q258E,-18.452356338500977
E282S:Q258C,-12.794784545898438
E282S:Q258A,-13.22187328338623
E282S:Q258L,-12.187775611877441
E282S:W269Y,-21.856473922729492
E282S:W269V,-25.47119903564453
E282S:W269T,-25.155336380004883
E282S:W269S,-24.21959114074707
E282S:W269R,-24.322277069091797
E282S:W269P,-26.13535499572754
E282S:V280D,-20.122386932373047
E282S:V280C,-8.940197944641113
E282S:V280A,-11.875301361083984
E282S:V280E,-20.068740844726562
E282S:V280F,-12.721940994262695
E282S:V280G,-17.007991790771484
E282S:V280H,-19.649072647094727
E282S:W269N,-25.275766372680664
E282S:W269M,-24.9445743560791
E282S:W269L,-25.11446762084961
E282S:W269K,-25.22461700439453
E282S:W269I,-25.206092834472656
E282S:W269H,-25.24293327331543
E282S:W269F,-21.888511657714844
E282S:W269E,-25.453039169311523
E282S:W269D,-25.075023651123047
E282S:W269C,-24.159440994262695
E282S:W269Q,-25.20345687866211
E282S:W269A,-24.922014236450195
E282S:V280W,-14.71464729309082
E282S:V280T,-14.752924919128418
E282S:V280S,-14.681516647338867
E282S:V280R,-24.358144760131836
E282S:V280P,-22.535547256469727
E282S:V280N,-18.4556827545166
E282S:V280M,-14.347962379455566
E282S:V280L,-15.354511260986328
E282S:V280I,-15.519502639770508
E282T:F256W,-14.692996978759766
E282T:F256V,-15.627365112304688
E282T:F256S,-17.161836624145508
E282T:F256Q,-18.06487274169922
E282T:F256N,-17.551759719848633
E282T:F256M,-12.657546997070312
E282T:F256K,-19.39017677307129
E282T:F256E,-23.128488540649414
E282T:F256D,-23.823955535888672
E282T:F256A,-16.37253761291504
E282T:F278A,-21.20214080810547
E282T:F278D,-23.21861457824707
E282T:F278W,-19.19642448425293
E282T:F278V,-19.628393173217773
E282T:F278C,-19.26118278503418
E282T:F278T,-21.416379928588867
E282T:F278R,-24.56844711303711
E282T:F278Q,-23.267044067382812
E282T:F278P,-24.538745880126953
E282T:F278N,-22.394636154174805
E282T:F278L,-18.08638572692871
E282T:F278K,-24.1200008392334
E282T:F278I,-20.080326080322266
E282T:F278H,-21.425127029418945
E282T:F278E,-24.2708740234375
E282T:F278S,-21.54671287536621
E282V:T244G,-15.893499374389648
E282V:T244I,-14.499497413635254
E282W:W269S,-23.817699432373047
E282W:W269R,-23.920387268066406
E282W:W269Q,-24.80156707763672
E282W:W269P,-25.733463287353516
E282W:W269N,-24.87387466430664
E282W:W269M,-24.542682647705078
E282W:W269L,-24.71257781982422
E282W:W269K,-24.82272720336914
E282W:W269I,-24.804203033447266
E282W:W269H,-24.841041564941406
E282W:W269F,-21.486621856689453
E282W:W269E,-25.0511474609375
E282W:W269D,-24.673133850097656
E282W:W269C,-23.757549285888672
E282W:W269A,-24.520122528076172
E282W:V280W,-14.312756538391113
E282W:V280T,-14.351034164428711
E282W:V280S,-14.279626846313477
E282W:V280R,-23.956253051757812
E282W:V280P,-22.133655548095703
E282W:W269T,-24.75344467163086
E282W:W269V,-25.06930923461914
E282W:W269Y,-21.45458221435547
E282W:V280N,-18.053791046142578
E282W:V280M,-13.94607162475586
E282W:V280I,-15.117612838745117
E282W:V280H,-19.247180938720703
E282W:V280G,-16.606101989746094
E282W:V280F,-12.320050239562988
E282W:V280E,-19.666851043701172
E282W:V280D,-19.720497131347656
E282W:V280C,-8.538307189941406
E282W:V280A,-11.473411560058594
E282W:V280L,-14.952621459960938
E282Y:F278W,-22.47161865234375
E282Y:F278V,-22.903587341308594
E282Y:F278T,-24.691574096679688
E282Y:F278S,-24.82190704345703
E282Y:F278R,-27.84364128112793
E282Y:F278Q,-26.542236328125
E282Y:F278P,-27.813940048217773
E282Y:F278N,-25.669830322265625
E282Y:F278L,-21.36157989501953
E282Y:F278K,-27.39519500732422
E282Y:F278I,-23.355518341064453
E282Y:F278H,-24.700321197509766
E282Y:F278E,-27.54606819152832
E282Y:F278D,-26.49380874633789
E282Y:F278C,-22.536376953125
E282Y:F278A,-24.47733497619629
E282Y:F256W,-17.968189239501953
E282Y:F256V,-18.902559280395508
E282Y:F256S,-20.437030792236328
E282Y:F256Q,-21.34006690979004
E282Y:F256N,-20.826953887939453
E282Y:F256K,-22.66537094116211
E282Y:F256E,-26.403682708740234
E282Y:F256D,-27.099149703979492
E282Y:F256A,-19.64773178100586
E282Y:F256M,-15.932741165161133
E282Y:T281Y,-16.577564239501953
E282Y:T281W,-15.230491638183594
E282Y:T281V,-15.981586456298828
E282Y:T281S,-15.056705474853516
E282Y:T281R,-15.156572341918945
E282Y:T281Q,-16.429838180541992
E282Y:T281M,-16.41999626159668
E282Y:T281K,-15.443942070007324
E282Y:T281I,-16.93218231201172
E282Y:T281H,-16.872896194458008
E282Y:T281F,-16.958484649658203
E282Y:T281E,-16.84473991394043
E282Y:T281C,-15.850109100341797
E282Y:T281A,-15.716634750366211
E282Y:T281G,-17.503692626953125
E282Y:V280L,-18.32271957397461
E282Y:V280I,-18.48771095275879
E282Y:V280H,-22.617280960083008
E282Y:V280G,-19.976200103759766
E282Y:V280F,-15.690149307250977
E282Y:V280E,-23.036949157714844
E282Y:V280D,-23.090595245361328
E282Y:V280C,-11.908407211303711
E282Y:V280A,-14.843510627746582
E282Y:V280M,-17.316171646118164
E282Y:V280N,-21.423891067504883
E282Y:V280P,-25.503755569458008
E282Y:W269Y,-24.824682235717773
E282Y:W269V,-28.439407348632812
E282Y:W269T,-28.123544692993164
E282Y:W269S,-27.18779945373535
E282Y:W269R,-27.290485382080078
E282Y:W269Q,-28.17166519165039
E282Y:W269P,-29.10356330871582
E282Y:W269N,-28.243974685668945
E282Y:W269M,-27.912782669067383
E282Y:W269L,-28.08267593383789
E282Y:W269K,-28.192825317382812
E282Y:W269I,-28.174301147460938
E282Y:W269F,-24.856719970703125
E282Y:W269E,-28.421247482299805
E282Y:W269D,-28.043231964111328
E282Y:W269C,-27.127649307250977
E282Y:W269A,-27.890222549438477
E282Y:V280W,-17.6828556060791
E282Y:V280T,-17.721134185791016
E282Y:V280S,-17.64972686767578
E282Y:V280R,-27.326353073120117
E282Y:W269H,-28.21114158630371
E282Y:Q258A,-16.190082550048828
E282Y:Q258C,-15.762992858886719
E282Y:Q258T,-16.76095199584961
E282Y:Q258R,-10.173502922058105
E282Y:Q258P,-23.96912956237793
E282Y:Q258N,-12.739838600158691
E282Y:Q258M,-15.496185302734375
E282Y:Q258L,-15.155984878540039
E282Y:Q258K,-12.015685081481934
E282Y:Q258I,-18.543378829956055
E282Y:Q258H,-13.068232536315918
E282Y:Q258E,-21.420564651489258
E282Y:Q258S,-15.549470901489258
E282Y:T244V,-13.56356430053711
E282Y:T244S,-14.526668548583984
E282Y:T244R,-13.478041648864746
E282Y:T244Q,-16.65627098083496
E282Y:T244P,-22.45878028869629
E282Y:T270Y,-13.837241172790527
E282Y:T270S,-12.902188301086426
E282Y:T270R,-12.642925262451172
E282Y:T244N,-16.2484073638916
E282Y:T270N,-13.958356857299805
E282Y:T270M,-14.25915813446045
E282Y:T270I,-15.965267181396484
E282Y:T270H,-13.577590942382812
E282Y:T270F,-13.779939651489258
E282Y:T270D,-15.741464614868164
E282Y:T244M,-17.644418716430664
E282Y:T244L,-17.54541778564453
E282Y:T244K,-13.882684707641602
E282Y:T244I,-15.627199172973633
E282Y:T244H,-15.124481201171875
E282Y:T244G,-17.02120018005371
E282Y:T244F,-15.613662719726562
E282Y:T244D,-20.420862197875977
E282Y:T244A,-14.115457534790039
E282V:T244H,-13.99677848815918
E282W:F278A,-21.107234954833984
E282W:F256W,-14.598091125488281
E282W:F256V,-15.53246021270752
E282W:F256S,-17.066930770874023
E282W:F256Q,-17.969966888427734
E282W:F256N,-17.45685577392578
E282W:F256M,-12.562641143798828
E282W:F256K,-19.295270919799805
E282W:F256E,-23.033584594726562
E282W:F256D,-23.729049682617188
E282W:F256A,-16.277631759643555
E282W:F278C,-19.166276931762695
E282W:F278D,-23.123708724975586
E282W:F278E,-24.175968170166016
E282W:F278W,-19.101520538330078
E282W:F278T,-21.321475982666016
E282W:F278S,-21.45180892944336
E282W:F278R,-24.473541259765625
E282W:F278Q,-23.172138214111328
E282W:F278P,-24.44384002685547
E282W:F278N,-22.299732208251953
E282W:F278L,-17.99148178100586
E282W:F278K,-24.025096893310547
E282W:F278I,-19.98542022705078
E282W:F278H,-21.330223083496094
E282W:F278V,-19.53348731994629
E282V:W269Y,-23.696979522705078
E282V:W269V,-27.31170654296875
E282V:W269S,-26.060096740722656
E282V:T281A,-14.588932037353516
E282V:T244V,-12.43586254119873
E282V:T244S,-13.398965835571289
E282V:T244R,-12.350339889526367
E282V:T244Q,-15.528569221496582
E282V:T244P,-21.331077575683594
E282V:T244N,-15.120705604553223
E282V:T244M,-16.51671600341797
E282V:T244L,-16.41771697998047
E282V:T244K,-12.754983901977539
E282V:T270Y,-12.709539413452148
E282V:T270S,-11.774486541748047
E282V:T270R,-11.515222549438477
E282V:T270N,-12.830655097961426
E282V:T270M,-13.13145637512207
E282V:T270I,-14.837565422058105
E282V:T270H,-12.449889183044434
E282V:T270F,-12.652237892150879
E282V:T270D,-14.613762855529785
E282V:W269T,-26.99584197998047
E282V:T281C,-14.722408294677734
E282V:T281E,-15.717037200927734
E282V:V280G,-18.848499298095703
E282V:V280F,-14.562447547912598
E282V:V280E,-21.90924835205078
E282V:V280D,-21.962894439697266
E282V:V280C,-10.780704498291016
E282V:V280A,-13.715808868408203
E282V:V280H,-21.489578247070312
E282V:V280I,-17.360010147094727
E282V:V280L,-17.195018768310547
E282V:W269R,-26.162784576416016
E282V:W269Q,-27.043964385986328
E282V:W269P,-27.975860595703125
E282V:W269N,-27.11627197265625
E282V:W269M,-26.785079956054688
E282V:W269L,-26.954975128173828
E282V:W269K,-27.06512451171875
E282V:W269I,-27.046600341796875
E282V:W269H,-27.083438873291016
E282V:W269F,-23.729019165039062
E282V:W269E,-27.29354476928711
E282V:W269C,-25.99994659423828
E282V:W269A,-26.76251983642578
E282V:V280W,-16.555152893066406
E282V:V280T,-16.59343147277832
E282V:V280S,-16.522024154663086
E282V:V280R,-26.198650360107422
E282V:V280P,-24.376052856445312
E282V:V280N,-20.296188354492188
E282V:V280M,-16.18846893310547
E282V:W269D,-26.915531158447266
E282V:T281Y,-15.449861526489258
E282V:T281W,-14.102788925170898
E282V:T281V,-14.85388469696045
E282V:T281S,-13.929004669189453
E282V:T281R,-14.02886962890625
E282V:T281Q,-15.302136421203613
E282V:T281M,-15.292295455932617
E282V:T281K,-14.316240310668945
E282V:T281I,-15.804479598999023
E282V:T281H,-15.745194435119629
E282V:T281G,-16.37598991394043
E282V:T281F,-15.83078384399414
E282W:T244F,-12.24356460571289
E282W:T244D,-17.050762176513672
E282W:T244A,-10.745359420776367
E282W:T244G,-13.651102066040039
E282W:T244H,-11.75438117980957
E282W:T244I,-12.257100105285645
E282W:T244K,-10.51258659362793
E282W:T244V,-10.193465232849121
E282W:T244S,-11.15656852722168
E282W:T244R,-10.107942581176758
E282W:T244Q,-13.286171913146973
E282W:T244P,-19.088680267333984
E282W:T244N,-12.878308296203613
E282W:T244M,-14.274319648742676
E282W:T244L,-14.175318717956543
E282W:Q258T,-13.390852928161621
E282W:Q258S,-12.17937183380127
E282W:Q258R,-6.803403377532959
E282W:Q258P,-20.599029541015625
E282W:Q258N,-9.369739532470703
E282W:Q258M,-12.126086235046387
E282W:Q258L,-11.785884857177734
E282W:Q258K,-8.645586013793945
E282W:Q258I,-15.173280715942383
E282W:Q258H,-9.69813346862793
E282W:Q258E,-18.050464630126953
E282W:T281A,-12.346534729003906
E282W:T281C,-12.480010986328125
E282W:T281E,-13.474639892578125
E282W:T281F,-13.588386535644531
E282W:T281Y,-13.207464218139648
E282W:T281W,-11.860391616821289
E282W:T281S,-11.686607360839844
E282W:T281R,-11.78647232055664
E282W:T281Q,-13.059739112854004
E282W:T281M,-13.049898147583008
E282W:T281K,-12.073843002319336
E282W:T281I,-13.562082290649414
E282W:T281H,-13.50279712677002
E282W:T281G,-14.13359260559082
E282W:T281V,-12.61148738861084
E282W:T270Y,-10.467142105102539
E282W:T270S,-9.532089233398438
E282W:T270R,-9.272825241088867
E282W:T270N,-10.588257789611816
E282W:T270M,-10.889059066772461
E282W:T270I,-12.595168113708496
E282W:T270H,-10.207491874694824
E282W:T270F,-10.40984058380127
E282W:T270D,-12.371365547180176
E282W:Q258C,-12.392894744873047
E282W:Q258A,-12.819982528686523
E282P:F256N,-21.51144790649414
E282P:F256M,-16.61723518371582
E282P:F256K,-23.349864959716797
E282P:F256E,-27.088176727294922
E282P:F256D,-27.783645629882812
E282P:F256A,-20.332225799560547
E282P:F256Q,-22.02456283569336
E282P:F256S,-21.121524810791016
E282P:F278W,-23.156112670898438
E282P:F278V,-23.58808135986328
E282P:F278T,-25.376068115234375
E282P:F278S,-25.50640106201172
E282P:F278R,-28.52813720703125
E282P:F278Q,-27.22673225402832
E282P:F278P,-28.498435974121094
E282P:F278N,-26.354324340820312
E282P:F278L,-22.04607391357422
E282P:F278I,-24.040014266967773
E282P:F278H,-25.384815216064453
E282P:F278E,-28.23056411743164
E282P:F278D,-27.178302764892578
E282P:F278C,-23.220870971679688
E282P:F278A,-25.16183090209961
E282P:F256W,-18.652685165405273
E282P:F256V,-19.587055206298828
E282P:F278K,-28.079689025878906
E282N:T281W,-14.426013946533203
E282N:T281V,-15.177108764648438
E282N:T281S,-14.252227783203125
E282N:T281R,-14.352094650268555
E282N:T281Q,-15.625360488891602
E282N:T281M,-15.615518569946289
E282N:T281K,-14.639464378356934
E282N:T281I,-16.127704620361328
E282N:T281H,-16.068418502807617
E282N:T281G,-16.699214935302734
E282N:T281F,-16.154006958007812
E282N:T281E,-16.04026222229004
E282N:T281C,-15.045631408691406
E282N:T281A,-14.91215705871582
E282N:T281Y,-15.773085594177246
E282N:T270Y,-13.032763481140137
E282N:W269Y,-24.020204544067383
E282N:W269V,-27.634929656982422
E282N:W269T,-27.319067001342773
E282N:W269S,-26.38332176208496
E282N:W269R,-26.486007690429688
E282N:W269Q,-27.3671875
E282N:W269P,-28.29908561706543
E282N:W269N,-27.439496994018555
E282N:W269M,-27.108304977416992
E282N:W269L,-27.2781982421875
E282N:W269K,-27.388347625732422
E282N:W269H,-27.40666389465332
E282N:V280A,-14.039032936096191
E282N:W269F,-24.052242279052734
E282N:W269E,-27.616769790649414
E282N:W269D,-27.238754272460938
E282N:W269C,-26.323171615600586
E282N:W269A,-27.085744857788086
E282N:V280W,-16.87837791442871
E282N:V280T,-16.916656494140625
E282N:V280S,-16.84524917602539
E282N:V280R,-26.521875381469727
E282N:W269I,-27.369823455810547
E282N:V280N,-20.619413375854492
E282N:V280M,-16.511693954467773
E282N:V280L,-17.51824188232422
E282N:V280I,-17.6832332611084
E282N:V280H,-21.812803268432617
E282N:V280G,-19.171722412109375
E282N:V280F,-14.885671615600586
E282N:V280E,-22.232471466064453
E282N:V280D,-22.286117553710938
E282N:V280C,-11.10392951965332
E282N:V280P,-24.699277877807617
E282P:T270N,-14.642851829528809
E282P:T270M,-14.943653106689453
E282P:T270I,-16.649761199951172
E282P:T270H,-14.262085914611816
E282P:T270F,-14.464434623718262
E282P:T270D,-16.425960540771484
E282P:T270R,-13.32741928100586
E282P:T270S,-13.58668327331543
E282P:T270Y,-14.521736145019531
E282P:T244V,-14.248059272766113
E282P:T244S,-15.211162567138672
E282P:T244R,-14.16253662109375
E282P:T244Q,-17.34076690673828
E282P:T244P,-23.14327621459961
E282P:T244M,-18.328914642333984
E282P:T244L,-18.22991180419922
E282P:T244K,-14.567180633544922
E282P:T244I,-16.311695098876953
E282P:T244H,-15.808975219726562
E282P:T244G,-17.70569610595703
E282P:T244F,-16.298158645629883
E282P:T244D,-21.105358123779297
E282P:T244A,-14.79995346069336
E282P:T244N,-16.932903289794922
E282P:T281Y,-17.26205825805664
E282P:T281W,-15.914985656738281
E282P:T281V,-16.666080474853516
E282P:T281S,-15.741201400756836
E282P:T281R,-15.841066360473633
E282P:T281Q,-17.114334106445312
E282P:T281M,-17.1044921875
E282P:T281K,-16.128437042236328
E282P:T281H,-17.557392120361328
E282P:T281G,-18.188186645507812
E282P:T281F,-17.642980575561523
E282P:T281E,-17.529233932495117
E282P:T281C,-16.534605026245117
E282P:T281A,-16.4011287689209
E282P:T281I,-17.616676330566406
E282P:Q258T,-17.445446014404297
E282P:Q258S,-16.233966827392578
E282P:Q258R,-10.85799789428711
E282P:Q258P,-24.65362548828125
E282P:Q258N,-13.424333572387695
E282P:Q258M,-16.180679321289062
E282P:Q258L,-15.840478897094727
E282P:Q258K,-12.700180053710938
E282P:Q258I,-19.227874755859375
E282P:Q258H,-13.752727508544922
E282P:Q258E,-22.105060577392578
E282P:Q258C,-16.44748878479004
E282P:Q258A,-16.874576568603516
E282N:T270S,-12.097710609436035
E282N:T270R,-11.838447570800781
E282M:W269E,-28.50763702392578
E282M:W269D,-28.129623413085938
E282M:W269C,-27.214038848876953
E282M:W269A,-27.976612091064453
E282M:V280W,-17.769245147705078
E282M:V280T,-17.807523727416992
E282M:V280S,-17.736116409301758
E282M:V280R,-27.412742614746094
E282M:V280P,-25.590145111083984
E282M:V280N,-21.51028060913086
E282M:V280M,-17.40256118774414
E282M:V280L,-18.40911102294922
E282M:V280I,-18.5741024017334
E282M:V280H,-22.703670501708984
E282M:V280G,-20.062591552734375
E282M:V280F,-15.77653980255127
E282M:V280E,-23.123340606689453
E282M:V280D,-23.176986694335938
E282M:V280C,-11.994796752929688
E282M:V280A,-14.929901123046875
E282M:W269F,-24.943111419677734
E282M:W269H,-28.297531127929688
E282M:W269I,-28.260692596435547
E282M:W269Y,-24.91107177734375
E282M:W269V,-28.525798797607422
E282M:W269T,-28.20993423461914
E282M:W269S,-27.274188995361328
E282M:W269R,-27.376876831054688
E282M:W269Q,-28.258056640625
E282M:W269P,-29.189952850341797
E282M:W269N,-28.330364227294922
E282M:W269M,-27.99917221069336
E282M:W269L,-28.1690673828125
E282M:W269K,-28.279216766357422
E282N:F278W,-21.66714096069336
E282N:F278V,-22.099109649658203
E282N:F278T,-23.887096405029297
E282N:F278S,-24.01742935180664
E282N:F278R,-27.03916358947754
E282N:F278Q,-25.73775863647461
E282N:F278P,-27.009462356567383
E282N:F278N,-24.865352630615234
E282N:F278L,-20.55710220336914
E282N:F278K,-26.590717315673828
E282N:F278I,-22.551040649414062
E282N:F278H,-23.895843505859375
E282N:F278E,-26.74159049987793
E282N:F278D,-25.6893310546875
E282N:F278C,-21.73189926147461
E282N:F278A,-23.6728572845459
E282N:F256W,-17.163711547851562
E282N:F256V,-18.098081588745117
E282N:F256S,-19.632553100585938
E282N:F256Q,-20.53558921813965
E282N:F256N,-20.022476196289062
E282N:F256M,-15.128263473510742
E282N:F256K,-21.86089324951172
E282N:F256E,-25.599205017089844
E282N:F256D,-26.2946720123291
E282N:F256A,-18.84325408935547
E282M:T281W,-15.31688117980957
E282M:T244V,-13.649954795837402
E282M:T244S,-14.613058090209961
E282M:T244R,-13.564432144165039
E282M:T244Q,-16.742660522460938
E282M:T244P,-22.545169830322266
E282M:T244N,-16.334796905517578
E282M:T244M,-17.73080825805664
E282M:T244L,-17.63180923461914
E282M:T244I,-15.713589668273926
E282M:T244H,-15.210870742797852
E282M:T244G,-17.10759162902832
E282M:T244F,-15.700054168701172
E282M:T244D,-20.507251739501953
E282M:T244A,-14.201848983764648
E282M:T244K,-13.969076156616211
E282M:Q258R,-10.259893417358398
E282M:Q258P,-24.055519104003906
E282M:Q258N,-12.826229095458984
E282M:Q258M,-15.582575798034668
E282M:Q258L,-15.242374420166016
E282M:Q258K,-12.102075576782227
E282M:Q258I,-18.629770278930664
E282M:Q258H,-13.154623031616211
E282M:Q258E,-21.506954193115234
E282M:Q258C,-15.849384307861328
E282M:Q258A,-16.276472091674805
E282M:Q258S,-15.63586139678955
E282M:Q258T,-16.84734344482422
E282M:T281Y,-16.66395378112793
E282M:T281V,-16.067977905273438
E282M:T281S,-15.143096923828125
E282M:T281R,-15.242961883544922
E282M:T281Q,-16.51622772216797
E282M:T281M,-16.50638771057129
E282M:T281K,-15.530332565307617
E282M:T281I,-17.018571853637695
E282M:T281H,-16.959285736083984
E282M:T281G,-17.5900821685791
E282M:T281E,-16.931129455566406
E282M:T281C,-15.936500549316406
E282M:T281A,-15.803024291992188
E282M:T281F,-17.044876098632812
E282M:T270I,-16.051658630371094
E282M:T270H,-13.663981437683105
E282M:T270F,-13.86633014678955
E282M:T270D,-15.827855110168457
E282M:T270M,-14.345548629760742
E282M:T270N,-14.044747352600098
E282M:T270Y,-13.92363166809082
E282M:T270S,-12.988578796386719
E282M:T270R,-12.729314804077148
E282N:Q258T,-15.956474304199219
E282N:Q258S,-14.744993209838867
E282N:Q258R,-9.369025230407715
E282N:Q258P,-23.16465187072754
E282N:Q258N,-11.9353609085083
E282N:Q258M,-14.691707611083984
E282N:Q258L,-14.351507186889648
E282N:Q258K,-11.211207389831543
E282N:Q258I,-17.738901138305664
E282N:Q258H,-12.263754844665527
E282N:Q258C,-14.958515167236328
E282N:Q258A,-15.385604858398438
E282N:Q258E,-20.616086959838867
E282N:T244V,-12.759086608886719
E282N:T244S,-13.722190856933594
E282N:T244R,-12.673563957214355
E282N:T244Q,-15.85179328918457
E282N:T244P,-21.6543025970459
E282N:T244N,-15.443929672241211
E282N:T244M,-16.839941024780273
E282N:T244L,-16.74094009399414
E282N:T244K,-13.078207015991211
E282N:T244I,-14.822721481323242
E282N:T244H,-14.320003509521484
E282N:T244G,-16.21672248840332
E282N:T244F,-14.809185028076172
E282N:T244D,-19.616384506225586
E282N:T244A,-13.310979843139648
E282N:T270N,-13.153879165649414
E282N:T270M,-13.454680442810059
E282N:T270I,-15.160789489746094
E282N:T270H,-12.773113250732422
E282N:T270F,-12.975461959838867
E282N:T270D,-14.936986923217773
E282P:V280A,-15.528005599975586
E282P:V280C,-12.592901229858398
E282P:V280D,-23.775089263916016
E282R:T244A,-11.618730545043945
E282R:T244D,-17.92413330078125
E282R:T244V,-11.0668363571167
E282R:T244S,-12.029939651489258
E282R:T244Q,-14.15954303741455
E282R:T244P,-19.962051391601562
E282R:T244N,-13.751679420471191
E282R:T244M,-15.147690773010254
E282R:T244L,-15.048689842224121
E282R:T244K,-11.385957717895508
E282R:T244I,-13.130471229553223
E282R:T244H,-12.627752304077148
E282R:T244G,-14.524473190307617
E282R:T244F,-13.116935729980469
E282R:T244R,-10.981313705444336
E282R:Q258T,-14.2642240524292
E282R:Q258S,-13.052742958068848
E282R:Q258R,-7.676774501800537
E282R:Q258P,-21.472400665283203
E282R:Q258N,-10.243110656738281
E282R:Q258M,-12.999457359313965
E282R:Q258L,-12.659255981445312
E282R:Q258K,-9.518957138061523
E282R:Q258I,-16.04665184020996
E282R:Q258H,-10.571504592895508
E282R:Q258E,-18.92383575439453
E282R:Q258C,-13.266265869140625
E282R:Q258A,-13.693353652954102
E282S:F278W,-19.50341033935547
E282S:F278V,-19.93537712097168
E282S:F278T,-21.723365783691406
E282S:F278S,-21.85369873046875
E282S:F278R,-24.87543296813965
E282S:F278Q,-23.57402801513672
E282S:F278P,-24.845731735229492
E282S:F278N,-22.701622009277344
E282S:F278L,-18.39337158203125
E282S:F278K,-24.426986694335938
E282S:F278I,-20.387310028076172
E282S:F278H,-21.732112884521484
E282S:F278E,-24.57785987854004
E282S:F278D,-23.525598526000977
E282S:F278C,-19.568166732788086
E282S:F278A,-21.509126663208008
E282S:F256W,-14.999980926513672
E282S:F256V,-15.934350967407227
E282S:F256S,-17.468820571899414
E282S:F256Q,-18.371858596801758
E282S:F256N,-17.858745574951172
E282S:F256M,-12.964531898498535
E282S:F256K,-19.697160720825195
E282S:F256E,-23.435474395751953
E282S:F256D,-24.13094139099121
E282S:F256A,-16.679521560668945
E282R:T281Y,-14.080835342407227
E282R:T281W,-12.733762741088867
E282R:T281V,-13.484858512878418
E282R:T281S,-12.559978485107422
E282R:T281R,-12.659843444824219
E282R:T281Q,-13.933110237121582
E282R:T281K,-12.947214126586914
E282R:T281I,-14.435453414916992
E282R:T281H,-14.376168251037598
E282R:T281G,-15.006963729858398
E282R:T281F,-14.46175765991211
E282R:T281E,-14.348011016845703
E282R:T281C,-13.353382110595703
E282R:T281A,-13.219905853271484
E282R:T281M,-13.923269271850586
E282R:T270S,-10.405460357666016
E282R:T270R,-10.146196365356445
E282R:T270N,-11.461628913879395
E282R:T270M,-11.762430191040039
E282R:T270I,-13.468539237976074
E282R:T270H,-11.080862998962402
E282R:T270F,-11.283211708068848
E282R:T270D,-13.244736671447754
E282R:T270Y,-11.340513229370117
E282R:W269M,-25.416053771972656
E282R:W269L,-25.585948944091797
E282R:W269K,-25.69609832763672
E282R:W269I,-25.677574157714844
E282R:W269H,-25.714412689208984
E282R:W269F,-22.35999298095703
E282R:W269E,-25.924518585205078
E282R:W269D,-25.546504974365234
E282R:W269C,-24.63092041015625
E282R:W269A,-25.39349365234375
E282R:V280W,-15.186127662658691
E282R:V280T,-15.224405288696289
E282R:V280S,-15.152997970581055
E282R:V280R,-24.82962417602539
E282R:V280P,-23.00702667236328
E282R:V280N,-18.927162170410156
E282R:V280M,-14.819442749023438
E282R:V280L,-15.825992584228516
E282R:V280I,-15.990983963012695
E282R:W269N,-25.74724578857422
E282R:W269P,-26.606834411621094
E282R:W269Q,-25.674938201904297
E282R:W269R,-24.793758392333984
E282R:V280H,-20.12055206298828
E282R:W269Y,-22.327953338623047
E282R:W269V,-25.94268035888672
E282R:W269T,-25.626815795898438
E282R:W269S,-24.691070556640625
E282R:V280G,-17.479473114013672
E282R:V280F,-13.193421363830566
E282R:V280E,-20.54022216796875
E282R:V280D,-20.593868255615234
E282R:V280C,-9.411678314208984
E282R:V280A,-12.346782684326172
E282Q:F256Q,-17.849517822265625
E282Q:F256N,-17.336406707763672
E282Q:F256M,-12.442192077636719
E282Q:F256K,-19.174821853637695
E282Q:F256E,-22.913135528564453
E282Q:F256D,-23.608600616455078
E282Q:F256A,-16.157182693481445
E282P:W269H,-28.89563751220703
E282P:W269F,-25.541213989257812
E282P:W269E,-29.105743408203125
E282P:W269D,-28.727725982666016
E282P:W269C,-27.812145233154297
E282P:W269A,-28.574718475341797
E282P:V280W,-18.367351531982422
E282P:V280T,-18.405628204345703
E282P:V280S,-18.33422088623047
E282P:V280R,-28.010848999023438
E282P:V280P,-26.188251495361328
E282P:V280N,-22.108386993408203
E282P:V280M,-18.00066566467285
E282P:V280L,-19.00721549987793
E282P:V280I,-19.17220687866211
E282P:V280H,-23.301776885986328
E282P:V280G,-20.660696029663086
E282P:V280F,-16.374645233154297
E282P:V280E,-23.72144317626953
E282P:W269I,-28.858795166015625
E282P:W269K,-28.8773193359375
E282P:W269L,-28.767169952392578
E282P:W269M,-28.597278594970703
E282P:W269Y,-25.509178161621094
E282P:W269V,-29.1239013671875
E282P:W269T,-28.808040618896484
E282P:W269S,-27.872295379638672
E282P:W269R,-27.974979400634766
E282P:W269Q,-28.856159210205078
E282P:W269P,-29.78805923461914
E282P:W269N,-28.928470611572266
E282Q:F256S,-16.946481704711914
E282Q:F256V,-15.41201114654541
E282Q:F278W,-18.98107147216797
E282Q:F278V,-19.41303825378418
E282Q:F278T,-21.201026916503906
E282Q:F278S,-21.33135986328125
E282Q:F278R,-24.353092193603516
E282Q:F278Q,-23.05168914794922
E282Q:F278P,-24.32339096069336
E282Q:F278N,-22.179283142089844
E282Q:F278L,-17.87103271484375
E282Q:F278K,-23.904647827148438
E282Q:F278I,-19.864971160888672
E282Q:F278H,-21.209774017333984
E282Q:F278E,-24.055519104003906
E282Q:F278D,-23.003259658813477
E282Q:F278C,-19.045827865600586
E282Q:F278A,-20.986785888671875
E282Q:F256W,-14.477642059326172
E282Q:V280A,-11.352962493896484
E282Q:V280C,-8.417858123779297
E282Q:V280D,-19.600048065185547
E282Q:V280E,-19.546401977539062
E282Q:V280F,-12.199601173400879
E282Q:W269L,-24.59212875366211
E282Q:W269K,-24.70227813720703
E282Q:W269I,-24.683753967285156
E282Q:W269H,-24.720592498779297
E282Q:W269F,-21.366172790527344
E282Q:W269E,-24.93069839477539
E282Q:W269D,-24.552684783935547
E282Q:W269C,-23.637100219726562
E282Q:W269A,-24.399673461914062
E282Q:V280W,-14.192307472229004
E282Q:V280S,-14.159177780151367
E282Q:V280R,-23.835803985595703
E282Q:V280P,-22.013206481933594
E282Q:V280N,-17.93334197998047
E282Q:V280M,-13.82562255859375
E282Q:V280L,-14.832172393798828
E282Q:V280I,-14.997163772583008
E282Q:V280H,-19.126731872558594
E282Q:V280G,-16.485652923583984
E282Q:V280T,-14.230585098266602
E282Q:W269M,-24.42223358154297
E282Q:T281Y,-13.087015151977539
E282Q:T281W,-11.73994255065918
E282Q:T281V,-12.49103832244873
E282Q:T281S,-11.566158294677734
E282Q:T281R,-11.666023254394531
E282Q:T281Q,-12.939290046691895
E282Q:T281M,-12.929449081420898
E282Q:T281K,-11.953393936157227
E282Q:T281I,-13.441633224487305
E282Q:T281H,-13.38234806060791
E282Q:T281G,-14.013143539428711
E282Q:T281F,-13.467937469482422
E282Q:T281E,-13.354190826416016
E282Q:T281C,-12.359561920166016
E282Q:T281A,-12.226085662841797
E282Q:W269N,-24.75342559814453
E282Q:W269Q,-24.68111801147461
E282R:F256S,-17.9403018951416
E282R:F256Q,-18.843338012695312
E282R:F256N,-18.33022689819336
E282R:F256M,-13.436012268066406
E282R:F256K,-20.168642044067383
E282R:F256E,-23.90695571899414
E282R:F256D,-24.602420806884766
E282R:F256A,-17.151002883911133
E282R:F256V,-16.40583038330078
E282R:F256W,-15.47146224975586
E282R:F278W,-19.974891662597656
E282R:F278V,-20.406858444213867
E282R:F278T,-22.194847106933594
E282R:F278S,-22.325180053710938
E282R:F278R,-25.346912384033203
E282R:F278Q,-24.045509338378906
E282R:F278N,-23.17310333251953
E282R:F278L,-18.864852905273438
E282R:F278K,-24.898468017578125
E282R:F278I,-20.85879135131836
E282R:F278H,-22.203594207763672
E282R:F278E,-25.049339294433594
E282R:F278D,-23.997079849243164
E282R:F278C,-20.039648056030273
E282R:F278A,-21.980606079101562
E282R:F278P,-25.317211151123047
E282Q:W269P,-25.613014221191406
E282Q:W269Y,-21.33413314819336
E282Q:W269V,-24.94886016845703
E282Q:W269T,-24.63299560546875
E282Q:W269S,-23.697250366210938
E282Q:W269R,-23.799938201904297
E282Q:Q258T,-13.270403861999512
E282Q:Q258S,-12.05892276763916
E282Q:Q258R,-6.68295431137085
E282Q:Q258P,-20.478580474853516
E282Q:Q258N,-9.249290466308594
E282Q:Q258M,-12.005637168884277
E282Q:Q258L,-11.665435791015625
E282Q:Q258K,-8.525136947631836
E282Q:Q258I,-15.052831649780273
E282Q:Q258E,-17.930015563964844
E282Q:Q258C,-12.272445678710938
E282Q:Q258A,-12.699533462524414
E282Q:Q258H,-9.57768440246582
E282Q:T244A,-10.624910354614258
E282Q:T270Y,-10.34669303894043
E282Q:T244V,-10.073016166687012
E282Q:T244S,-11.03611946105957
E282Q:T244R,-9.987493515014648
E282Q:T244P,-18.968231201171875
E282Q:T244N,-12.757859230041504
E282Q:T244M,-14.153870582580566
E282Q:T244L,-14.054869651794434
E282Q:T244K,-10.39213752746582
E282Q:T244I,-12.136651039123535
E282Q:T244H,-11.633932113647461
E282Q:T244G,-13.53065299987793
E282Q:T244F,-12.123115539550781
E282Q:T244D,-16.930313110351562
E282Q:T244Q,-13.165722846984863
E282Q:T270S,-9.411640167236328
E282Q:T270R,-9.152376174926758
E282Q:T270N,-10.467808723449707
E282Q:T270M,-10.768610000610352
E282Q:T270I,-12.474719047546387
E282Q:T270H,-10.087042808532715
E282Q:T270F,-10.28939151763916
E282Q:T270D,-12.250916481018066
