mutant,prediction
T237Y:Y259M,-15.872612953186035
T237Y:Y259N,-17.04553985595703
T237Y:Y259P,-20.92901039123535
T237Y:Y259Q,-17.56536865234375
T237Y:Y259R,-18.099536895751953
T237Y:Y259S,-17.97985076904297
T237Y:Y259T,-17.681522369384766
T237Y:Y259V,-17.144620895385742
T237F:T281Y,-13.862140655517578
T237F:T281W,-13.51138687133789
T237F:T281V,-13.133101463317871
T237F:T281Q,-13.817607879638672
T237F:T281P,-20.47950553894043
T237F:T281N,-12.848278999328613
T237F:V247D,-13.244986534118652
T237F:T281M,-14.509167671203613
T237F:T281K,-12.976512908935547
T237F:T281I,-14.011964797973633
T237F:T281H,-13.723594665527344
T237F:T281G,-15.05167293548584
T237F:T281F,-14.388699531555176
T237F:T281D,-14.497027397155762
T237F:T281C,-13.620774269104004
T237F:T281L,-14.637208938598633
T237F:V247E,-13.114486694335938
T237F:V247G,-12.157078742980957
T237F:V247Y,-10.930846214294434
T237F:V247F,-11.472310066223145
T237F:V247W,-10.413473129272461
T237F:V247S,-12.605520248413086
T237F:V247P,-12.385284423828125
T237F:V247N,-12.180852890014648
T237F:V247M,-12.379088401794434
T237F:V247L,-12.197549819946289
T237F:V247K,-12.199066162109375
T237F:V247I,-12.271833419799805
T237F:V247H,-11.798385620117188
T237F:V247T,-12.047103881835938
T237Y:Y259G,-17.042438507080078
T237Y:Y259A,-16.7723388671875
T237Y:Y259C,-16.130264282226562
T237Y:Y259D,-20.334651947021484
T237Y:Y259E,-19.690975189208984
T237Y:Y259F,-10.143674850463867
T237F:T277G,-11.935827255249023
T237F:T277E,-8.698331832885742
T237F:T277I,-9.13847541809082
T237F:T277K,-9.564753532409668
T237F:T277M,-8.706690788269043
T237F:T277L,-8.324493408203125
T237F:T277Y,-10.069884300231934
T237F:T277W,-9.88875675201416
T237F:T277V,-8.659790992736816
T237F:T277S,-11.388748168945312
T237F:T277R,-9.935371398925781
T237F:T277P,-20.385929107666016
T237F:T277N,-10.280155181884766
T237Y:V247Y,-10.54916000366211
T237Y:V247W,-10.031786918640137
T237Y:V247S,-12.223833084106445
T237L:T277Y,-10.207181930541992
T237L:T277W,-10.026054382324219
T237L:T277V,-8.797088623046875
T237L:T277E,-8.8356294631958
T237L:T277G,-12.073125839233398
T237L:T277I,-9.275773048400879
T237L:T277K,-9.702051162719727
T237L:T277M,-8.843988418579102
T237L:T277N,-10.417451858520508
T237L:T277P,-20.52322769165039
T237L:T277R,-10.07266902923584
T237L:T277S,-11.526046752929688
T237L:T277L,-8.461791038513184
T237L:Y259D,-20.853635787963867
T237L:Y259C,-16.649246215820312
T237L:Y259A,-17.291322708129883
T237L:V247M,-12.516386032104492
T237L:V247L,-12.334848403930664
T237L:V247K,-12.336363792419434
T237L:V247I,-12.409131050109863
T237L:V247H,-11.935684204101562
T237L:V247G,-12.294376373291016
T237L:V247F,-11.609607696533203
T237L:V247E,-13.251785278320312
T237L:V247D,-13.382284164428711
T237L:T281Y,-13.999439239501953
T237L:T281W,-13.648685455322266
T237L:T281V,-13.27039909362793
T237L:T281Q,-13.954906463623047
T237L:T281C,-13.758071899414062
T237L:T281D,-14.63432502746582
T237L:T281F,-14.525997161865234
T237L:V247N,-12.318150520324707
T237L:T281G,-15.188970565795898
T237L:T281I,-14.149262428283691
T237L:T281K,-13.113810539245605
T237L:T281L,-14.774505615234375
T237L:T281M,-14.646465301513672
T237L:T281N,-12.985576629638672
T237L:T281P,-20.616802215576172
T237L:T281H,-13.860893249511719
T237L:V247P,-12.522581100463867
T237L:V247S,-12.742816925048828
T237L:V247T,-12.18440055847168
T237L:V247W,-10.55077075958252
T237L:V247Y,-11.068143844604492
T237L:Y259E,-20.209959030151367
T237K:T281D,-14.168693542480469
T237K:T281C,-13.292440414428711
T237K:T277M,-8.37835693359375
T237K:T277N,-9.951821327209473
T237K:T277P,-20.05759620666504
T237K:T277R,-9.607038497924805
T237K:T277S,-11.060415267944336
T237K:T277V,-8.33145809173584
T237K:T277Y,-9.741551399230957
T237K:T277W,-9.560422897338867
T237K:T277L,-7.996160507202148
T237K:T281F,-14.060365676879883
T237K:T281H,-13.395261764526367
T237K:V247Y,-10.60251235961914
T237K:V247W,-10.085140228271484
T237K:V247T,-11.718770027160645
T237K:V247S,-12.277186393737793
T237K:V247P,-12.056950569152832
T237K:V247N,-11.852519989013672
T237K:V247M,-12.05075454711914
T237K:V247L,-11.869216918945312
T237K:V247K,-11.870733261108398
T237K:V247I,-11.943500518798828
T237K:V247H,-11.470052719116211
T237K:V247G,-11.828744888305664
T237K:V247F,-11.143976211547852
T237K:V247E,-12.786153793334961
T237K:V247D,-12.91665267944336
T237K:T281I,-13.683631896972656
T237K:T281K,-12.64818000793457
T237K:T281L,-14.30887508392334
T237K:T281M,-14.18083381652832
T237K:T281N,-12.51994514465332
T237K:T281P,-20.151172637939453
T237K:T281G,-14.723339080810547
T237K:T281Q,-13.489274978637695
T237K:T281V,-12.804767608642578
T237K:T281W,-13.183053970336914
T237K:T281Y,-13.533807754516602
T237K:T277K,-9.236420631408691
T237K:T277I,-8.810141563415527
T237K:T277G,-11.607494354248047
T237K:T277E,-8.369998931884766
T237K:Y259M,-15.925966262817383
T237K:Y259G,-17.09579086303711
T237K:Y259F,-10.197027206420898
T237K:Y259E,-19.744327545166016
T237K:Y259D,-20.388004302978516
T237K:Y259C,-16.183616638183594
T237K:Y259A,-16.82569122314453
T237K:Y259N,-17.098894119262695
T237K:Y259P,-20.982362747192383
T237K:Y259R,-18.152889251708984
T237K:Y259S,-18.033205032348633
T237K:Y259T,-17.734874725341797
T237K:Y259V,-17.197973251342773
T237K:Y259Q,-17.61872100830078
T237L:Y259F,-10.66265869140625
T237L:Y259G,-17.56142234802246
T237Y:V247T,-11.665416717529297
T237M:Y259V,-17.285924911499023
T237M:Y259T,-17.822826385498047
T237M:Y259S,-18.12115478515625
T237M:Y259R,-18.240840911865234
T237M:Y259Q,-17.70667266845703
T237M:Y259A,-16.91364288330078
T237M:Y259C,-16.271568298339844
T237M:Y259D,-20.475955963134766
T237M:Y259E,-19.832279205322266
T237M:Y259F,-10.284978866577148
T237M:Y259G,-17.18374252319336
T237M:Y259M,-16.013916015625
T237M:Y259N,-17.186843872070312
T237M:Y259P,-21.070314407348633
T237L:Y259M,-16.391597747802734
T237L:Y259N,-17.564525604248047
T237L:Y259P,-21.447994232177734
T237L:Y259Q,-18.084352493286133
T237L:Y259S,-18.498836517333984
T237L:Y259T,-18.200504302978516
T237L:Y259V,-17.663604736328125
T237L:Y259R,-18.618518829345703
T237M:V247L,-11.957168579101562
T237M:V247M,-12.13870620727539
T237M:V247N,-11.940470695495605
T237M:V247P,-12.144901275634766
T237M:V247S,-12.365137100219727
T237M:V247W,-10.173090934753418
T237M:V247Y,-10.69046401977539
T237M:V247T,-11.806720733642578
T237M:V247K,-11.958683967590332
T237M:V247I,-12.031451225280762
T237M:V247H,-11.558004379272461
T237M:V247G,-11.916696548461914
T237M:T277Y,-9.82950210571289
T237M:T277W,-9.648374557495117
T237M:T277V,-8.419408798217773
T237M:T277S,-11.148366928100586
T237M:T277R,-9.694989204406738
T237M:T277P,-20.14554786682129
T237M:T277N,-10.039772033691406
T237M:T277M,-8.46630859375
T237M:T277L,-8.084111213684082
T237M:T277E,-8.4579496383667
T237M:T277G,-11.695446014404297
T237M:T277I,-8.898093223571777
T237M:T277K,-9.324371337890625
T237M:T281M,-14.26878547668457
T237M:T281N,-12.60789680480957
T237M:T281P,-20.239124298095703
T237M:T281Q,-13.577226638793945
T237M:T281L,-14.396825790405273
T237M:T281V,-12.892719268798828
T237M:T281Y,-13.621759414672852
T237M:V247D,-13.00460433959961
T237M:V247E,-12.874105453491211
T237M:V247F,-11.231927871704102
T237M:T281W,-13.271005630493164
T237M:T281K,-12.736130714416504
T237M:T281H,-13.483213424682617
T237M:T281I,-13.77158260345459
T237M:T281C,-13.380392074584961
T237M:T281D,-14.256645202636719
T237M:T281F,-14.148317337036133
T237M:T281G,-14.811290740966797
T237G:Y259C,-17.468669891357422
T237G:Y259V,-18.483028411865234
T237G:Y259T,-19.019927978515625
T237G:Y259D,-21.673059463500977
T237G:Y259E,-21.029382705688477
T237G:Y259F,-11.48208236694336
T237G:Y259G,-18.38084602355957
T237G:Y259A,-18.110746383666992
T237G:Y259M,-17.211021423339844
T237G:Y259N,-18.383949279785156
T237G:Y259P,-22.267417907714844
T237G:Y259Q,-18.903776168823242
T237G:Y259R,-19.437942504882812
T237G:Y259S,-19.318260192871094
T237G:V247N,-13.137574195861816
T237G:V247P,-13.342004776000977
T237G:V247S,-13.562240600585938
T237G:V247T,-13.003824234008789
T237G:V247W,-11.370194435119629
T237G:V247Y,-11.887567520141602
T237G:V247M,-13.335809707641602
T237G:V247L,-13.154272079467773
T237G:V247K,-13.155787467956543
T237G:V247I,-13.228554725646973
T237F:Y259M,-16.25429916381836
T237F:Y259N,-17.427227020263672
T237F:Y259P,-21.31069564819336
T237F:Y259Q,-17.94705581665039
T237F:Y259R,-18.48122215270996
T237F:Y259S,-18.36153793334961
T237F:Y259T,-18.063207626342773
T237F:Y259V,-17.52630615234375
T237F:Y259A,-17.15402603149414
T237F:Y259C,-16.51194953918457
T237F:Y259D,-20.716339111328125
T237F:Y259E,-20.072662353515625
T237F:Y259F,-10.525361061096191
T237F:Y259G,-17.42412567138672
T237G:T277Y,-11.026605606079102
T237G:T277W,-10.845478057861328
T237G:T277V,-9.616512298583984
T237G:T277S,-12.345470428466797
T237G:T277R,-10.89209270477295
T237G:T277P,-21.3426513671875
T237G:T277E,-9.65505313873291
T237G:T277I,-10.095196723937988
T237G:T277K,-10.521474838256836
T237G:T277L,-9.281214714050293
T237G:T277M,-9.663412094116211
T237G:T277N,-11.236875534057617
T237G:T277G,-12.892549514770508
T237G:V247H,-12.755107879638672
T237G:V247G,-13.113800048828125
T237G:V247F,-12.429031372070312
T237G:V247E,-14.071208953857422
T237G:V247D,-14.20170783996582
T237G:T281Y,-14.818862915039062
T237G:T281W,-14.468109130859375
T237G:T281V,-14.089822769165039
T237G:T281Q,-14.774330139160156
T237G:T281P,-21.43622589111328
T237G:T281N,-13.805000305175781
T237G:T281M,-15.465888977050781
T237G:T281L,-15.593929290771484
T237G:T281C,-14.577495574951172
T237G:T281F,-15.345420837402344
T237G:T281G,-16.008394241333008
T237G:T281H,-14.680316925048828
T237G:T281I,-14.9686861038208
T237G:T281K,-13.933234214782715
T237G:T281D,-15.45374870300293
T237I:V247Y,-10.88848876953125
T237I:V247W,-10.371115684509277
T237I:V247T,-12.004745483398438
T237I:V247S,-12.563161849975586
T237I:V247P,-12.342926025390625
T237I:V247N,-12.138495445251465
T237I:V247M,-12.33673095703125
T237I:T281V,-13.090744018554688
T237I:T281W,-13.469030380249023
T237I:T281Y,-13.819784164428711
T237I:V247D,-13.202629089355469
T237I:V247F,-11.429952621459961
T237I:V247G,-12.114721298217773
T237I:V247H,-11.75602912902832
T237I:V247I,-12.229475975036621
T237I:V247K,-12.156708717346191
T237I:V247L,-12.155193328857422
T237I:V247E,-13.07213020324707
T237I:T281Q,-13.775251388549805
T237I:T281N,-12.80592155456543
T237I:T277P,-20.34357261657715
T237I:T277N,-10.237796783447266
T237I:T277M,-8.66433334350586
T237I:T277L,-8.282135963439941
T237I:T277K,-9.522396087646484
T237I:T277I,-9.096117973327637
T237I:T277G,-11.893470764160156
T237I:T277E,-8.655974388122559
T237I:T277R,-9.893013954162598
T237I:T281P,-20.437149047851562
T237I:T277S,-11.346391677856445
T237I:T277W,-9.846399307250977
T237I:T281M,-14.46681022644043
T237I:T281L,-14.594850540161133
T237I:T281K,-12.934155464172363
T237I:T281I,-13.96960735321045
T237I:T281H,-13.681238174438477
T237I:T281G,-15.009315490722656
T237I:T281F,-14.346342086791992
T237I:T281D,-14.454669952392578
T237I:T281C,-13.57841682434082
T237I:T277Y,-10.02752685546875
T237I:T277V,-8.617433547973633
T237I:Y259G,-17.38176727294922
T237I:Y259M,-16.21194076538086
T237I:Y259F,-10.483003616333008
T237I:Y259N,-17.384868621826172
T237I:Y259Q,-17.90469741821289
T237I:Y259R,-18.438865661621094
T237I:Y259S,-18.31917953491211
T237I:Y259T,-18.020851135253906
T237I:Y259V,-17.483949661254883
T237I:Y259P,-21.268339157104492
T237I:Y259E,-20.030303955078125
T237I:Y259C,-16.469593048095703
T237I:Y259D,-20.673980712890625
T237I:Y259A,-17.11166763305664
T237R:V247Y,-10.14720344543457
T237R:Y259M,-15.47065544128418
T237R:Y259N,-16.643583297729492
T237R:Y259P,-20.527053833007812
T237R:Y259Q,-17.16341209411621
T237R:Y259R,-17.69757843017578
T237R:Y259S,-17.57789421081543
T237R:Y259T,-17.279563903808594
T237R:Y259V,-16.742664337158203
T237R:Y259G,-16.64048194885254
T237R:Y259F,-9.741718292236328
T237R:Y259E,-19.289018630981445
T237R:Y259D,-19.932695388793945
T237R:Y259C,-15.72830581665039
T237R:Y259A,-16.37038230895996
T237R:V247W,-9.629829406738281
T237R:V247T,-11.263460159301758
T237R:V247S,-11.821876525878906
T237R:T277E,-7.914689064025879
T237R:T281F,-13.605056762695312
T237R:T281G,-14.268030166625977
T237R:T281H,-12.93995189666748
T237R:T281I,-13.228321075439453
T237R:T281K,-12.192869186401367
T237R:T281L,-13.853565216064453
T237R:T281M,-13.72552490234375
T237R:T281N,-12.06463623046875
T237R:T281P,-19.69586181640625
T237R:T281Q,-13.033965110778809
T237R:T281V,-12.349458694458008
T237R:T281W,-12.727744102478027
T237R:T281Y,-13.078497886657715
T237R:V247P,-11.601640701293945
T237R:V247N,-11.397209167480469
T237R:V247M,-11.59544563293457
T237R:V247L,-11.413907051086426
T237R:T281D,-13.713384628295898
T237R:V247K,-11.415422439575195
T237R:V247H,-11.014742851257324
T237R:V247G,-11.373435974121094
T237R:V247F,-10.688666343688965
T237R:V247E,-12.330843925476074
T237R:V247D,-12.461343765258789
T237R:V247I,-11.488189697265625
T237R:T281C,-12.83713150024414
T237R:T277Y,-9.28624153137207
T237R:T277W,-9.10511302947998
T237R:T277V,-7.876148223876953
T237R:T277S,-10.60510540008545
T237R:T277R,-9.151728630065918
T237R:T277P,-19.60228729248047
T237R:T277M,-7.923047065734863
T237R:T277L,-7.540850639343262
T237R:T277K,-8.781110763549805
T237R:T277I,-8.35483169555664
T237R:T277G,-11.15218448638916
T237R:T277N,-9.496511459350586
T237P:Y259A,-19.07370376586914
T237P:Y259C,-18.43162727355957
T237P:Y259D,-22.636016845703125
T237P:Y259E,-21.992340087890625
T237P:Y259F,-12.445038795471191
T237P:Y259G,-19.34380340576172
T237P:Y259V,-19.44598388671875
T237P:Y259T,-19.982885360717773
T237P:Y259S,-20.28121566772461
T237P:Y259R,-20.40089988708496
T237P:Y259P,-23.23037338256836
T237P:Y259N,-19.346904754638672
T237P:Y259M,-18.17397689819336
T237P:Y259Q,-19.86673355102539
T237P:T281W,-15.43106460571289
T237P:T281Y,-15.781818389892578
T237P:V247D,-15.164664268493652
T237P:V247E,-15.034164428710938
T237P:V247F,-13.391987800598145
T237P:V247G,-14.076756477355957
T237P:V247H,-13.718063354492188
T237P:V247I,-14.191511154174805
T237P:V247K,-14.118743896484375
T237P:V247L,-14.117227554321289
T237P:V247M,-14.298766136169434
T237P:V247N,-14.100530624389648
T237P:V247P,-14.304962158203125
T237P:T281V,-15.052779197692871
T237P:V247Y,-12.850523948669434
T237P:V247W,-12.333150863647461
T237P:V247T,-13.966781616210938
T237P:V247S,-14.525197982788086
T237P:T281Q,-15.737285614013672
T237P:T281P,-22.39918327331543
T237P:T281N,-14.767956733703613
T237P:T281M,-16.428844451904297
T237P:T281L,-16.556886672973633
T237P:T281K,-14.896190643310547
T237P:T281I,-15.931642532348633
T237P:T281G,-16.971351623535156
T237P:T281F,-16.30837631225586
T237P:T281D,-16.416706085205078
T237P:T281C,-15.540452003479004
T237P:T281H,-15.643272399902344
T237Q:Y259P,-20.847139358520508
T237Q:Y259N,-16.963668823242188
T237Q:Y259M,-15.790741920471191
T237Q:Y259F,-10.061803817749023
T237Q:Y259E,-19.60910415649414
T237Q:Y259D,-20.25278091430664
T237Q:Y259C,-16.04839324951172
T237Q:Y259A,-16.690467834472656
T237Q:Y259G,-16.960567474365234
T237Q:Y259Q,-17.483497619628906
T237Q:Y259R,-18.01766586303711
T237Q:Y259S,-17.897979736328125
T237Q:Y259T,-17.599651336669922
T237Q:Y259V,-17.0627498626709
T237Q:T277P,-19.922372817993164
T237Q:T277R,-9.471814155578613
T237Q:T277S,-10.925191879272461
T237Q:T277V,-8.196233749389648
T237Q:T277W,-9.425199508666992
T237Q:T277Y,-9.606327056884766
T237Q:T281F,-13.925142288208008
T237Q:T281D,-14.033470153808594
T237Q:T281C,-13.157217025756836
T237Q:T277N,-9.816596984863281
T237Q:T281G,-14.588115692138672
T237Q:T277M,-8.243133544921875
T237Q:T277K,-9.1011962890625
T237Q:T277I,-8.674918174743652
T237Q:T277G,-11.472270965576172
T237Q:T277E,-8.234774589538574
T237Q:T277L,-7.860936641693115
T237Q:T281H,-13.260038375854492
T237Q:T281I,-13.548407554626465
T237Q:T281K,-12.512955665588379
T237Q:V247E,-12.650930404663086
T237Q:V247D,-12.781429290771484
T237Q:T281Y,-13.398584365844727
T237Q:T281W,-13.047830581665039
T237Q:V247F,-11.008752822875977
T237Q:T281V,-12.669544219970703
T237Q:T281Q,-13.35405158996582
T237Q:T281P,-20.015949249267578
T237Q:T281N,-12.384721755981445
T237Q:T281M,-14.045610427856445
T237Q:T281L,-14.173650741577148
T237Q:V247G,-11.693521499633789
T237Q:V247I,-11.808276176452637
T237Q:V247Y,-10.467288970947266
T237Q:V247W,-9.949915885925293
T237Q:V247T,-11.583545684814453
T237Q:V247H,-11.334829330444336
T237Q:V247S,-12.141962051391602
T237Q:V247P,-11.92172622680664
T237Q:V247N,-11.71729564666748
T237Q:V247M,-11.915531158447266
T237Q:V247L,-11.733993530273438
T237Q:V247K,-11.735508918762207
T237Y:T277M,-8.325004577636719
T237Y:T277N,-9.898468017578125
T237Y:T277P,-20.004243850708008
T237Y:T277R,-9.553685188293457
T237Y:T277S,-11.007062911987305
T237Y:T277V,-8.278104782104492
T237Y:T277W,-9.507070541381836
T237Y:T277Y,-9.68819808959961
T237Y:T281D,-14.115341186523438
T237Y:T281C,-13.23908805847168
T237Y:T277L,-7.942807674407959
T237Y:T277K,-9.183067321777344
T237Y:T277G,-11.554141998291016
T237Y:T277E,-8.316645622253418
T237Y:T277I,-8.756789207458496
T237W:Y259C,-14.942143440246582
T237W:Y259A,-15.584218978881836
T237W:Y259D,-19.14653205871582
T237W:Y259E,-18.50285530090332
T237W:Y259G,-15.854318618774414
T237W:Y259V,-15.956501007080078
T237W:Y259T,-16.49340057373047
T237W:Y259S,-16.791732788085938
T237W:Y259R,-16.911415100097656
T237W:Y259F,-8.955554962158203
T237W:Y259Q,-16.377248764038086
T237W:Y259N,-15.857420921325684
T237W:Y259M,-14.684493064880371
T237W:Y259P,-19.740890502929688
T237Y:T281F,-14.007013320922852
T237Y:T281G,-14.669986724853516
T237Y:T281H,-13.341909408569336
T237P:T277M,-10.626368522644043
T237P:T277L,-10.244171142578125
T237P:T277K,-11.484431266784668
T237P:T277I,-11.05815315246582
T237P:T277G,-13.855504989624023
T237P:T277E,-10.618009567260742
T237P:T277N,-12.199832916259766
T237P:T277P,-22.305606842041016
T237P:T277R,-11.855049133300781
T237Y:T281I,-13.630278587341309
T237Y:T281K,-12.594826698303223
T237Y:T281L,-14.255521774291992
T237Y:T281M,-14.127481460571289
T237Y:T281N,-12.466592788696289
T237Y:T281P,-20.097820281982422
T237Y:T281Q,-13.435922622680664
T237Y:T281V,-12.751415252685547
T237Y:T281W,-13.129701614379883
T237Y:T281Y,-13.48045539855957
T237Y:V247D,-12.863300323486328
T237Y:V247E,-12.73280143737793
T237Y:V247F,-11.09062385559082
T237P:T277S,-13.308425903320312
T237P:T277V,-10.579468727111816
T237P:T277W,-11.80843448638916
T237P:T277Y,-11.989562034606934
T237Y:V247P,-12.003597259521484
T237Y:V247M,-11.99740219116211
T237Y:V247L,-11.815864562988281
T237Y:V247K,-11.81737995147705
T237Y:V247I,-11.89014720916748
T237Y:V247H,-11.41670036315918
T237Y:V247G,-11.775392532348633
T237Y:V247N,-11.799166679382324
T237V:T281C,-12.769152641296387
T237V:T281D,-13.645405769348145
T237V:T281F,-13.537077903747559
T237V:T281Y,-13.010519027709961
T237V:T281W,-12.659765243530273
T237V:T281V,-12.281479835510254
T237V:T281Q,-12.965986251831055
T237V:T281P,-19.627883911132812
T237V:T281M,-13.657546043395996
T237V:T281L,-13.785587310791016
T237V:T281K,-12.12489128112793
T237V:T281I,-13.160343170166016
T237V:T281H,-12.871973037719727
T237V:T281G,-14.200051307678223
T237V:T281N,-11.996657371520996
T237V:T277E,-7.846710681915283
T237V:T277G,-11.084205627441406
T237V:T277I,-8.286853790283203
T237V:T277Y,-9.218262672424316
T237V:T277W,-9.037135124206543
T237V:T277V,-7.808169841766357
T237V:T277S,-10.537126541137695
T237V:T277P,-19.53430938720703
T237V:T277N,-9.428533554077148
T237V:T277M,-7.855068683624268
T237V:T277L,-7.472872257232666
T237V:T277K,-8.71313190460205
T237V:T277R,-9.083749771118164
T237V:V247E,-12.26286506652832
T237V:V247D,-12.393364906311035
T237V:V247F,-10.620688438415527
T237V:V247G,-11.30545711517334
T237V:V247H,-10.94676399230957
T237V:V247I,-11.420211791992188
T237V:V247K,-11.347444534301758
T237V:V247L,-11.345928192138672
T237V:V247M,-11.527466773986816
T237V:V247N,-11.329231262207031
T237V:V247P,-11.533662796020508
T237V:V247S,-11.753898620605469
T237V:V247T,-11.19548225402832
T237V:V247W,-9.561851501464844
T237V:V247Y,-10.079224586486816
T237W:T277P,-18.816123962402344
T237W:T277N,-8.710348129272461
T237W:T277M,-7.1368842124938965
T237W:T277L,-6.754687786102295
T237W:T277K,-7.99494743347168
T237W:T277I,-7.568668842315674
T237W:T277G,-10.366022109985352
T237W:T277E,-7.128526210784912
T237W:T277R,-8.365565299987793
T237W:T277S,-9.81894302368164
T237W:T277V,-7.089985370635986
T237W:T277W,-8.318950653076172
T237W:T281V,-11.563295364379883
T237W:T281W,-11.941581726074219
T237W:T281Y,-12.292335510253906
T237W:V247D,-11.675180435180664
T237W:V247E,-11.544681549072266
T237W:V247F,-9.902503967285156
T237W:V247G,-10.587272644042969
T237W:V247H,-10.228580474853516
T237W:V247I,-10.702027320861816
T237W:V247K,-10.629260063171387
T237W:V247L,-10.627744674682617
T237W:V247M,-10.809282302856445
T237W:V247N,-10.61104679107666
T237W:V247P,-10.81547737121582
T237W:V247Y,-9.361040115356445
T237W:V247W,-8.843667030334473
T237W:V247T,-10.477296829223633
T237W:V247S,-11.035713195800781
T237W:T281Q,-12.247802734375
T237W:T281P,-18.909698486328125
T237W:T277Y,-8.500078201293945
T237W:T281N,-11.278472900390625
T237W:T281M,-12.939361572265625
T237W:T281L,-13.067401885986328
T237W:T281K,-11.406706809997559
T237W:T281I,-12.442158699035645
T237W:T281H,-12.153789520263672
T237W:T281G,-13.481866836547852
T237W:T281D,-12.927221298217773
T237W:T281C,-12.050968170166016
T237W:T281F,-12.818893432617188
T237V:Y259A,-16.30240249633789
T237V:Y259C,-15.660327911376953
T237V:Y259D,-19.864715576171875
T237V:Y259E,-19.221038818359375
T237V:Y259F,-9.673739433288574
T237V:Y259G,-16.57250213623047
T237V:Y259M,-15.402677536010742
T237V:Y259N,-16.575605392456055
T237V:Y259V,-16.674686431884766
T237V:Y259T,-17.211585998535156
T237V:Y259S,-17.509916305541992
T237V:Y259R,-17.629600524902344
T237V:Y259Q,-17.09543228149414
T237V:Y259P,-20.459075927734375
G240R:N263A,-18.863611221313477
G240R:N263C,-16.676965713500977
G240R:N263D,-21.971805572509766
G240R:N263F,-23.079761505126953
G240R:N263G,-18.93401336669922
G240R:N263H,-19.939102172851562
G240R:N263I,-19.693403244018555
G240R:N263K,-21.6715087890625
G240R:N263L,-20.278541564941406
G240R:N263M,-20.042516708374023
G240R:N263P,-25.327213287353516
G240R:N263Q,-19.18973731994629
G240R:N263R,-21.07498550415039
G240R:N263S,-17.25033950805664
G240R:N263T,-18.389732360839844
G240R:N263E,-21.103317260742188
G240R:N263V,-19.242733001708984
G240R:N263Y,-22.417144775390625
G240R:N263W,-22.339841842651367
G240R:K257C,-24.53763198852539
G240R:K257D,-26.99075698852539
G240R:K257E,-25.3482723236084
G240R:K257F,-26.419593811035156
G240R:K257G,-25.514616012573242
G240R:K257H,-25.01729965209961
G240R:K257I,-24.862117767333984
G240R:K257L,-23.930347442626953
G240R:K257M,-23.658370971679688
G240R:K257R,-21.366641998291016
G240R:K257T,-24.504003524780273
G240R:K257V,-25.870197296142578
G240R:K257W,-26.414596557617188
G240R:K257Y,-25.74234390258789
G240R:T277M,-11.031023979187012
G240R:T277N,-12.604488372802734
G240R:T277P,-22.710262298583984
G240R:T277R,-12.25970458984375
G240R:T277S,-13.713081359863281
G240R:T277V,-10.984124183654785
G240R:T277W,-12.213089942932129
G240R:T277Y,-12.394217491149902
G240R:T277L,-10.648826599121094
G240R:T277K,-11.889086723327637
G240R:T277I,-11.462808609008789
G240R:T277E,-11.022665023803711
G240R:T277G,-14.260160446166992
G240R:V247K,-14.523399353027344
G240R:V247L,-14.521883010864258
G240R:V247M,-14.703421592712402
G240R:V247N,-14.505186080932617
G240R:V247P,-14.709617614746094
G240R:V247S,-14.929853439331055
G240R:V247T,-14.371437072753906
G240R:V247W,-12.73780632019043
G240R:V247Y,-13.255179405212402
G240R:V247I,-14.596166610717773
G240R:V247H,-14.122718811035156
G240R:V247F,-13.796643257141113
G240R:T281C,-15.945107460021973
G240R:T281D,-16.821361541748047
G240R:T281F,-16.713031768798828
G240R:T281G,-17.376007080078125
G240R:T281H,-16.047927856445312
G240R:T281I,-16.3362979888916
G240R:T281K,-15.300846099853516
G240R:T281L,-16.9615421295166
G240R:V247G,-14.481411933898926
G240R:T281M,-16.833499908447266
G240R:T281P,-22.8038387298584
G240R:T281Q,-16.14194107055664
G240R:T281V,-15.45743465423584
G240R:T281W,-15.83572006225586
G240R:T281Y,-16.186473846435547
G240R:V247D,-15.569319725036621
G240R:V247E,-15.438819885253906
G240R:T281N,-15.172612190246582
G240R:T237F,-18.64105796813965
G240R:T237G,-19.5977783203125
G240R:T237I,-18.59870147705078
G240R:T237K,-18.312725067138672
G240R:T237L,-18.77835464477539
G240R:T237M,-18.400676727294922
G240R:T237P,-20.56073570251465
G240R:T237Q,-18.177501678466797
G240R:T237R,-17.85741424560547
G240R:T237V,-17.78943634033203
G240R:T237W,-17.071250915527344
G240R:T237Y,-18.25937271118164
G240R:G264A,-15.235588073730469
G240R:G264D,-18.033802032470703
G240R:G264E,-17.978713989257812
G240R:G264F,-16.727745056152344
G240R:G264K,-17.434833526611328
G240R:G264N,-15.523885726928711
G240R:G264P,-22.720291137695312
G240R:G264Q,-16.234310150146484
G240R:G264R,-17.644025802612305
G240R:G264S,-15.782654762268066
G240R:G264T,-17.22430419921875
G240R:G264V,-17.64766502380371
G240R:G264W,-14.506490707397461
G240L:Y259A,-19.56644058227539
G240L:Y259C,-18.924365997314453
G240L:Y259D,-23.128753662109375
G240L:Y259E,-22.485076904296875
G240L:Y259F,-12.937776565551758
G240L:Y259G,-19.83654022216797
G240L:Y259M,-18.66671371459961
G240L:Y259N,-19.839641571044922
G240L:Y259P,-23.723112106323242
G240L:Y259Q,-20.35947036743164
G240L:Y259R,-20.893638610839844
G240L:Y259S,-20.77395248413086
G240L:Y259T,-20.475624084472656
G240L:Y259V,-19.938722610473633
G240L:T277E,-11.110747337341309
G240L:T277G,-14.348243713378906
G240L:T277I,-11.550890922546387
G240L:T277K,-11.977169036865234
G240L:T277L,-10.736908912658691
G240L:T277M,-11.11910629272461
G240L:T277N,-12.692569732666016
G240L:T277P,-22.7983455657959
G240L:T277R,-12.347786903381348
G240L:T277S,-13.801164627075195
G240L:T277V,-11.072206497192383
G240L:T277W,-12.301172256469727
G240L:T277Y,-12.4822998046875
G240L:T281Y,-16.27455711364746
G240L:V247D,-15.657402038574219
G240L:V247E,-15.52690315246582
G240L:V247F,-13.884725570678711
G240L:V247G,-14.569494247436523
G240L:V247H,-14.21080207824707
G240L:V247I,-14.684248924255371
G240L:V247K,-14.611481666564941
G240L:V247L,-14.609966278076172
G240L:T281W,-15.923803329467773
G240L:V247M,-14.79150390625
G240L:V247P,-14.797698974609375
G240L:V247S,-15.017934799194336
G240L:V247T,-14.459518432617188
G240L:V247W,-12.825888633728027
G240L:V247Y,-13.34326171875
G240L:V247N,-14.593268394470215
G240L:T281V,-15.545516967773438
G240L:T281C,-16.03318977355957
G240L:T281F,-16.801115036010742
G240L:T281G,-17.464088439941406
G240L:T281H,-16.136011123657227
G240L:T281I,-16.424381256103516
G240L:T281K,-15.388928413391113
G240L:T281L,-17.049623489379883
G240L:T281M,-16.92158317565918
G240L:T281N,-15.26069450378418
G240L:T281P,-22.891921997070312
G240L:T281Q,-16.230024337768555
G240L:T281D,-16.909442901611328
G240W:K257D,-25.415199279785156
G240W:K257E,-23.772716522216797
G240W:K257F,-24.844038009643555
G240W:K257G,-23.93906021118164
G240W:K257H,-23.441741943359375
G240W:K257I,-23.286561965942383
G240W:K257L,-22.35479164123535
G240W:K257M,-22.082813262939453
G240W:K257R,-19.791086196899414
G240W:K257T,-22.928447723388672
G240W:K257V,-24.294641494750977
G240W:K257W,-24.839038848876953
G240W:K257Y,-24.16678810119629
G240W:K257C,-22.96207618713379
G240W:T277E,-9.447108268737793
G240W:T277G,-12.68460464477539
G240W:T277I,-9.887251853942871
G240W:N263K,-20.095951080322266
G240W:N263L,-18.702983856201172
G240W:N263M,-18.466960906982422
G240W:N263P,-23.75165557861328
G240W:N263Q,-17.614181518554688
G240W:N263R,-19.49942970275879
G240W:N263S,-15.674783706665039
G240W:N263T,-16.814176559448242
G240W:N263V,-17.667177200317383
G240W:N263W,-20.764286041259766
G240W:N263Y,-20.841588973999023
G240W:N263I,-18.117847442626953
G240W:N263H,-18.363544464111328
G240W:N263G,-17.358455657958984
G240W:N263F,-21.50420379638672
G240W:N263C,-15.101408958435059
G240W:N263D,-20.39624786376953
G240W:N263E,-19.527761459350586
G240W:T237I,-17.023143768310547
G240W:T237K,-16.737167358398438
G240W:T237L,-17.20279884338379
G240W:T237M,-16.825119018554688
G240W:T237P,-18.985179901123047
G240W:T237Q,-16.601943969726562
G240W:T237R,-16.281858444213867
G240W:T237V,-16.213878631591797
G240W:T237G,-18.0222225189209
G240W:T237W,-15.495695114135742
G240W:T237Y,-16.683815002441406
G240W:T237F,-17.065502166748047
G240W:T277K,-10.313529968261719
G240V:T277G,-13.094905853271484
G240V:T277I,-10.297553062438965
G240V:T277K,-10.723831176757812
G240V:T277L,-9.48357105255127
G240V:T277M,-9.865768432617188
G240V:T277N,-11.439231872558594
G240V:T277P,-21.545007705688477
G240V:T277R,-11.094449043273926
G240V:T277S,-12.547826766967773
G240V:T277V,-9.818868637084961
G240V:T277W,-11.047834396362305
G240V:T277Y,-11.228961944580078
G240V:T277E,-9.857409477233887
G240V:N263A,-17.69835662841797
G240V:N263C,-15.511710166931152
G240V:N263D,-20.806549072265625
G240V:N263E,-19.93806266784668
G240V:N263F,-21.914505004882812
G240V:N263G,-17.768756866455078
G240V:N263H,-18.773845672607422
G240V:N263I,-18.528148651123047
G240V:N263K,-20.50625228881836
G240V:N263L,-19.113285064697266
G240V:N263M,-18.877262115478516
G240V:N263P,-24.161956787109375
G240V:N263R,-19.909730911254883
G240V:N263S,-16.085084915161133
G240V:N263T,-17.224477767944336
G240V:N263V,-18.077478408813477
G240V:N263W,-21.17458724975586
G240V:N263Y,-21.251890182495117
G240V:N263Q,-18.02448272705078
G240V:T237F,-17.47580337524414
G240V:T237G,-18.432523727416992
G240V:T237I,-17.43344497680664
G240V:T237K,-17.14746856689453
G240V:T237L,-17.613100051879883
G240V:T237P,-19.39548110961914
G240V:T237Q,-17.012245178222656
G240V:T237R,-16.69215965270996
G240V:T237V,-16.62417984008789
G240V:T237W,-15.905996322631836
G240V:T237Y,-17.0941162109375
G240V:T237M,-17.23542022705078
G240V:Y259A,-18.31310272216797
G240V:Y259C,-17.67102813720703
G240V:Y259D,-21.875415802001953
G240V:Y259E,-21.231739044189453
G240V:Y259F,-11.684438705444336
G240V:Y259G,-18.583202362060547
G240V:Y259M,-17.413375854492188
G240V:Y259N,-18.5863037109375
G240V:Y259P,-22.46977424621582
G240V:Y259Q,-19.10613250732422
G240V:Y259R,-19.640300750732422
G240V:Y259S,-19.520614624023438
G240V:Y259T,-19.222286224365234
G240V:Y259V,-18.68538475036621
G240W:G264A,-13.66003131866455
G240W:G264D,-16.45824432373047
G240W:G264E,-16.403156280517578
G240W:G264F,-15.152188301086426
G240W:G264K,-15.859277725219727
G240W:G264N,-13.94832992553711
G240W:G264P,-21.144733428955078
G240W:G264Q,-14.65875244140625
G240W:G264R,-16.068470001220703
G240W:G264S,-14.207098007202148
G240W:G264T,-15.648748397827148
G240W:G264V,-16.072107315063477
G240W:G264W,-12.93093490600586
G240V:V247D,-14.404064178466797
G240V:V247E,-14.273565292358398
G240V:V247F,-12.631387710571289
G240V:V247G,-13.316156387329102
G240V:V247H,-12.957464218139648
G240V:V247I,-13.43091106414795
G240V:V247K,-13.35814380645752
G240V:V247L,-13.35662841796875
G240V:V247M,-13.538166046142578
G240V:V247N,-13.339930534362793
G240V:V247P,-13.544361114501953
G240V:V247S,-13.764596939086914
G240V:V247T,-13.206180572509766
G240V:V247W,-11.572550773620605
G240V:V247Y,-12.089923858642578
G240V:T281Y,-15.021219253540039
G240V:T281W,-14.670465469360352
G240V:T281C,-14.779851913452148
G240V:T281D,-15.656105041503906
G240V:T281F,-15.54777717590332
G240V:T281H,-14.882673263549805
G240V:T281I,-15.171042442321777
G240V:T281K,-14.135590553283691
G240V:T281L,-15.796285629272461
G240V:T281M,-15.668245315551758
G240V:T281N,-14.007356643676758
G240V:T281P,-21.63858413696289
G240V:T281Q,-14.976686477661133
G240V:T281V,-14.292179107666016
G240V:T281G,-16.210750579833984
G240W:T277L,-9.073269844055176
G240W:T277N,-11.0289306640625
G240Y:T237R,-17.71929931640625
G240Y:T237V,-17.651321411132812
G240Y:T237W,-16.933135986328125
G240Y:T237Y,-18.121257781982422
G240Y:T237Q,-18.039386749267578
G240Y:T237P,-20.42262077331543
G240Y:T237M,-18.262561798095703
G240Y:N263A,-18.725496292114258
G240Y:N263C,-16.538850784301758
G240Y:N263D,-21.833690643310547
G240Y:N263E,-20.96520233154297
G240Y:N263F,-22.941646575927734
G240Y:N263G,-18.7958984375
G240Y:N263H,-19.800987243652344
G240Y:N263I,-19.555288314819336
G240Y:N263K,-21.53339385986328
G240Y:N263L,-20.140426635742188
G240Y:N263M,-19.904401779174805
G240Y:N263P,-25.189098358154297
G240Y:N263Q,-19.05162239074707
G240Y:N263R,-20.936870574951172
G240Y:N263S,-17.112224578857422
G240Y:T237F,-18.50294303894043
G240Y:T237G,-19.45966339111328
G240Y:T237I,-18.460586547851562
G240Y:T237K,-18.174610137939453
G240Y:T237L,-18.640239715576172
G240Y:N263T,-18.251617431640625
G240Y:N263V,-19.104618072509766
G240Y:N263W,-22.20172691345215
G240Y:N263Y,-22.279029846191406
G240Y:Y259R,-20.66744041442871
G240Y:Y259S,-20.54775619506836
G240Y:Y259T,-20.249425888061523
G240Y:Y259V,-19.7125244140625
G240Y:Y259Q,-20.13327407836914
G240Y:Y259P,-23.49691390991211
G240Y:Y259M,-18.44051742553711
G240Y:Y259N,-19.613445281982422
G240Y:Y259A,-19.34024429321289
G240Y:Y259C,-18.69816780090332
G240Y:Y259D,-22.902557373046875
G240Y:Y259E,-22.258880615234375
G240Y:Y259F,-12.711579322814941
G240Y:Y259G,-19.61034393310547
G240Y:T281C,-15.806992530822754
G240Y:T281D,-16.683246612548828
G240Y:T277Y,-12.256102561950684
G240Y:T277W,-12.07497501373291
G240Y:T277V,-10.846009254455566
G240Y:T277S,-13.574966430664062
G240Y:T281F,-16.57491683959961
G240Y:T277G,-14.122045516967773
G240Y:T277I,-11.32469367980957
G240Y:T277K,-11.750971794128418
G240Y:T277L,-10.510711669921875
G240Y:T277M,-10.892909049987793
G240Y:T277N,-12.466373443603516
G240Y:T277P,-22.572147369384766
G240Y:T277R,-12.121589660644531
G240Y:T277E,-10.884550094604492
G240Y:T281G,-17.237892150878906
G240Y:T281H,-15.909812927246094
G240Y:T281I,-16.198183059692383
G240Y:V247W,-12.599691390991211
G240Y:V247Y,-13.117064476013184
G240Y:V247T,-14.233322143554688
G240Y:V247S,-14.791738510131836
G240Y:T281K,-15.162731170654297
G240Y:T281L,-16.823427200317383
G240Y:T281M,-16.695384979248047
G240Y:T281N,-15.034497261047363
G240Y:T281P,-22.66572380065918
G240Y:T281Q,-16.003826141357422
G240Y:T281V,-15.319319725036621
G240Y:T281W,-15.69760513305664
G240Y:T281Y,-16.048358917236328
G240Y:V247D,-15.431204795837402
G240Y:V247E,-15.300704956054688
G240Y:V247F,-13.658528327941895
G240Y:V247G,-14.343297004699707
G240Y:V247H,-13.984603881835938
G240Y:V247I,-14.458051681518555
G240Y:V247K,-14.385284423828125
G240Y:V247L,-14.383768081665039
G240Y:V247M,-14.565306663513184
G240Y:V247N,-14.367071151733398
G240Y:V247P,-14.571502685546875
G240W:T277M,-9.455467224121094
G240W:Y259A,-17.902801513671875
G240W:Y259C,-17.260726928710938
G240W:Y259D,-21.46511459350586
G240W:Y259E,-20.82143783569336
G240W:Y259F,-11.274137496948242
G240W:Y259M,-17.003074645996094
G240W:Y259N,-18.176002502441406
G240W:Y259P,-22.059473037719727
G240W:Y259Q,-18.695831298828125
G240W:Y259R,-19.229999542236328
G240W:Y259S,-19.110313415527344
G240W:Y259T,-18.81198501586914
G240W:Y259V,-18.275083541870117
G240W:Y259G,-18.172901153564453
G240W:T281D,-15.245803833007812
G240W:T281F,-15.137475967407227
G240W:T281G,-15.80044937133789
G240W:T281H,-14.472372055053711
G240W:T281I,-14.760741233825684
G240W:T281K,-13.725289344787598
G240W:T281L,-15.385984420776367
G240W:T281M,-15.257944107055664
G240W:T281N,-13.597055435180664
G240W:T281P,-21.228282928466797
G240W:T281Q,-14.566385269165039
G240W:T281V,-13.881877899169922
G240W:T281W,-14.260164260864258
G240W:T281Y,-14.610918045043945
G240W:V247D,-13.993762969970703
G240W:V247E,-13.863264083862305
G240W:V247F,-12.221086502075195
G240W:V247G,-12.905855178833008
G240W:T281C,-14.369550704956055
G240W:T277P,-21.134706497192383
G240W:T277R,-10.684147834777832
G240W:T277S,-12.13752555847168
G240W:T277V,-9.408567428588867
G240W:T277W,-10.637533187866211
G240W:T277Y,-10.818660736083984
G240W:V247H,-12.547163009643555
G240W:V247I,-13.020609855651855
G240W:V247K,-12.947842597961426
G240W:V247L,-12.946327209472656
G240Y:G264A,-15.09747314453125
G240W:V247M,-13.127864837646484
G240W:V247N,-12.9296293258667
G240W:V247P,-13.13405990600586
G240W:V247S,-13.35429573059082
G240W:V247T,-12.795879364013672
G240W:V247W,-11.162249565124512
G240W:V247Y,-11.679622650146484
G240Y:G264D,-17.895687103271484
G240Y:G264E,-17.840599060058594
G240Y:K257R,-21.228527069091797
G240Y:K257T,-24.365888595581055
G240Y:K257V,-25.73208236694336
G240Y:K257W,-26.27648162841797
G240Y:K257Y,-25.604228973388672
G240Y:K257M,-23.52025604248047
G240Y:K257L,-23.792232513427734
G240Y:K257I,-24.724002838134766
G240Y:K257H,-24.87918472290039
G240Y:K257C,-24.399517059326172
G240Y:K257D,-26.852642059326172
G240Y:K257E,-25.21015739440918
G240Y:K257F,-26.281478881835938
G240Y:K257G,-25.376501083374023
G240Y:G264F,-16.589630126953125
G240Y:G264K,-17.29671859741211
G240Y:G264N,-15.385770797729492
G240Y:G264P,-22.582176208496094
G240Y:G264Q,-16.096195220947266
G240Y:G264R,-17.505910873413086
G240Y:G264S,-15.644539833068848
G240Y:G264T,-17.08618927001953
G240Y:G264W,-14.368375778198242
G240Y:G264V,-17.509550094604492
G240S:T277E,-9.963074684143066
G240S:T277G,-13.200571060180664
G240S:T277I,-10.403218269348145
G240S:T277K,-10.829496383666992
G240S:T277L,-9.58923625946045
G240S:T277M,-9.971433639526367
G240S:T277N,-11.544897079467773
G240S:T277P,-21.650672912597656
G240S:T277S,-12.653491973876953
G240S:T281H,-14.988338470458984
G240S:T281I,-15.276707649230957
G240S:T281K,-14.241255760192871
G240S:T281L,-15.90195083618164
G240S:T281M,-15.773910522460938
G240S:T281N,-14.113021850585938
G240S:T281P,-21.744247436523438
G240S:T281Q,-15.082351684570312
G240S:T281V,-14.397844314575195
G240S:T281W,-14.776130676269531
G240S:T281Y,-15.126884460449219
G240S:V247D,-14.509729385375977
G240S:V247E,-14.379230499267578
G240S:V247F,-12.737052917480469
G240S:V247G,-13.421821594238281
G240S:V247H,-13.063129425048828
G240S:V247I,-13.536576271057129
G240S:V247K,-13.4638090133667
G240S:V247L,-13.46229362487793
G240S:T281G,-16.316415786743164
G240S:T281F,-15.6534423828125
G240S:T281D,-15.761770248413086
G240S:T277V,-9.92453384399414
G240S:T277W,-11.153499603271484
G240S:T277Y,-11.334627151489258
G240S:T277R,-11.200114250183105
G240S:T281C,-14.885517120361328
G240S:T237P,-19.501144409179688
G240S:T237Q,-17.117910385131836
G240S:T237R,-16.79782485961914
G240S:T237V,-16.729846954345703
G240S:T237W,-16.011661529541016
G240S:T237Y,-17.19978141784668
G240S:T237M,-17.34108543395996
G240S:T237L,-17.718765258789062
G240S:T237K,-17.25313377380371
G240S:T237I,-17.53911018371582
G240S:T237F,-17.581466674804688
G240S:T237G,-18.538188934326172
G240S:V247M,-13.643831253051758
G240S:V247N,-13.445595741271973
G240S:V247P,-13.650026321411133
G240T:G264A,-14.514256477355957
G240T:G264D,-17.312469482421875
G240T:G264E,-17.257381439208984
G240S:Y259N,-18.691970825195312
G240S:Y259P,-22.575439453125
G240S:Y259Q,-19.2117977142334
G240S:Y259R,-19.74596405029297
G240S:Y259S,-19.62628173828125
G240S:Y259T,-19.32794952392578
G240S:Y259V,-18.79104995727539
G240T:G264F,-16.006412506103516
G240T:G264K,-16.713502883911133
G240S:Y259M,-17.51904296875
G240T:G264N,-14.802555084228516
G240T:G264P,-21.998958587646484
G240T:G264Q,-15.512977600097656
G240T:G264R,-16.92269515991211
G240T:G264S,-15.061323165893555
G240T:G264T,-16.502973556518555
G240T:G264V,-16.926332473754883
G240T:G264W,-13.785160064697266
G240S:V247S,-13.870262145996094
G240S:V247T,-13.311845779418945
G240S:V247W,-11.678215980529785
G240S:V247Y,-12.195589065551758
G240S:Y259A,-18.41876792907715
G240S:Y259C,-17.776691436767578
G240S:Y259D,-21.981081008911133
G240S:Y259E,-21.337404251098633
G240S:Y259F,-11.790103912353516
G240S:Y259G,-18.688867568969727
G240S:G264D,-16.974212646484375
G240S:G264E,-16.91912269592285
G240S:G264F,-15.6681547164917
G240S:G264K,-16.375244140625
G240S:G264N,-14.464296340942383
G240S:G264P,-21.66069984436035
G240S:G264Q,-15.174718856811523
G240S:G264R,-16.584436416625977
G240S:G264S,-14.723064422607422
G240S:G264T,-16.164714813232422
G240S:G264V,-16.58807373046875
G240S:G264W,-13.446901321411133
G240S:G264A,-14.175997734069824
G240R:Y259F,-12.84969425201416
G240R:Y259G,-19.748458862304688
G240R:Y259M,-18.578632354736328
G240R:Y259N,-19.75156021118164
G240R:Y259P,-23.635028839111328
G240R:Y259Q,-20.27138900756836
G240R:Y259R,-20.80555534362793
G240R:Y259E,-22.396995544433594
G240R:Y259S,-20.685871124267578
G240R:Y259V,-19.85063934326172
G240R:Y259T,-20.387540817260742
G240R:Y259D,-23.040672302246094
G240R:Y259A,-19.47835922241211
G240R:Y259C,-18.83628273010254
G240S:N263Q,-18.130146026611328
G240S:N263R,-20.015396118164062
G240S:N263S,-16.190750122070312
G240S:N263T,-17.330142974853516
G240S:N263V,-18.183143615722656
G240S:N263W,-21.280250549316406
G240S:N263Y,-21.357555389404297
G240S:N263P,-24.267621994018555
G240S:N263M,-18.982925415039062
G240S:N263K,-20.61191749572754
G240S:N263L,-19.218950271606445
G240S:N263A,-17.804019927978516
G240S:N263C,-15.617375373840332
G240S:N263D,-20.912214279174805
G240S:N263E,-20.04372787475586
G240S:N263F,-22.020170211791992
G240S:N263G,-17.874422073364258
G240S:N263H,-18.879512786865234
G240S:N263I,-18.633811950683594
G240S:K257C,-23.478042602539062
G240S:K257D,-25.93116569519043
G240S:K257E,-24.288681030273438
G240S:K257F,-25.360004425048828
G240S:K257G,-24.45502471923828
G240S:K257H,-23.95771026611328
G240S:K257I,-23.802528381347656
G240S:K257L,-22.870758056640625
G240S:K257M,-22.59878158569336
G240S:K257R,-20.307052612304688
G240S:K257T,-23.444412231445312
G240S:K257V,-24.81060791015625
G240S:K257W,-25.35500717163086
G240S:K257Y,-24.682754516601562
G240T:Y259V,-19.129308700561523
G240T:Y259T,-19.666210174560547
G240T:Y259A,-18.75702667236328
G240T:Y259C,-18.114952087402344
G240T:Y259D,-22.319339752197266
G240T:Y259E,-21.675662994384766
G240T:Y259G,-19.02712631225586
G240T:Y259M,-17.8572998046875
G240T:Y259N,-19.030227661132812
G240T:Y259P,-22.913698196411133
G240T:Y259Q,-19.55005645751953
G240T:Y259R,-20.084224700927734
G240T:Y259S,-19.96453857421875
G240T:Y259F,-12.128362655639648
G240V:G264W,-13.341236114501953
G240V:G264V,-16.48240852355957
G240V:G264T,-16.059049606323242
G240V:G264S,-14.617399215698242
G240V:G264R,-16.478771209716797
G240V:G264A,-14.070332527160645
G240V:G264D,-16.868545532226562
G240V:G264E,-16.813457489013672
G240V:G264F,-15.56248950958252
G240V:G264K,-16.26957893371582
G240V:G264N,-14.358631134033203
G240V:G264P,-21.555034637451172
G240V:G264Q,-15.069053649902344
G240T:T281V,-14.736103057861328
G240T:T281W,-15.114389419555664
G240T:T281Y,-15.465143203735352
G240T:V247D,-14.84798812866211
G240T:V247E,-14.717489242553711
G240T:V247F,-13.075311660766602
G240T:V247G,-13.760080337524414
G240T:V247H,-13.401388168334961
G240T:V247K,-13.802067756652832
G240T:V247L,-13.800552368164062
G240T:V247M,-13.98208999633789
G240T:V247N,-13.783854484558105
G240T:V247P,-13.988285064697266
G240T:V247S,-14.208520889282227
G240T:V247T,-13.650104522705078
G240T:V247W,-12.016474723815918
G240T:V247Y,-12.53384780883789
G240T:V247I,-13.874835014343262
G240T:T281Q,-15.420610427856445
G240V:K257Y,-24.577089309692383
G240V:K257C,-23.372377395629883
G240V:K257D,-25.82550048828125
G240V:K257E,-24.18301773071289
G240V:K257F,-25.25433921813965
G240V:K257G,-24.349361419677734
G240V:K257I,-23.696863174438477
G240V:K257L,-22.765092849731445
G240V:K257M,-22.493114471435547
G240V:K257R,-20.201387405395508
G240V:K257T,-23.338748931884766
G240V:K257V,-24.70494270324707
G240V:K257W,-25.249340057373047
G240V:K257H,-23.85204315185547
G240T:T281P,-22.082508087158203
G240T:T281M,-16.11216926574707
G240T:N263A,-18.14228057861328
G240T:N263C,-15.955634117126465
G240T:N263D,-21.250473022460938
G240T:N263E,-20.381986618041992
G240T:N263F,-22.358428955078125
G240T:N263G,-18.21268081665039
G240T:N263I,-18.97207260131836
G240T:N263K,-20.950176239013672
G240T:N263L,-19.557209014892578
G240T:N263M,-19.321186065673828
G240T:N263P,-24.605880737304688
G240T:N263Q,-18.468406677246094
G240T:N263R,-20.353654861450195
G240T:N263S,-16.529008865356445
G240T:N263T,-17.66840171813965
G240T:K257T,-23.782672882080078
G240T:K257V,-25.148866653442383
G240T:K257W,-25.69326400756836
G240T:K257Y,-25.021013259887695
G240T:K257R,-20.64531135559082
G240T:N263V,-18.52140235900879
G240T:K257C,-23.816301345825195
G240T:K257D,-26.269424438476562
G240T:K257E,-24.626941680908203
G240T:K257F,-25.69826316833496
G240T:K257G,-24.793285369873047
G240T:K257H,-24.29596710205078
G240T:K257I,-24.14078712463379
G240T:K257L,-23.209016799926758
G240T:K257M,-22.93703842163086
G240T:N263W,-21.618511199951172
G240T:N263Y,-21.69581413269043
G240T:T281C,-15.223775863647461
G240T:T281D,-16.10002899169922
G240T:T281F,-15.991701126098633
G240T:T281G,-16.654674530029297
G240T:T281H,-15.326597213745117
G240T:T281I,-15.61496639251709
G240T:T281K,-14.579514503479004
G240T:T281L,-16.240209579467773
G240T:T277E,-10.3013334274292
G240T:T277G,-13.538829803466797
G240T:T277I,-10.741477012634277
G240T:T277L,-9.927495002746582
G240T:T277M,-10.3096923828125
G240T:T277N,-11.883155822753906
G240T:T277P,-21.98893165588379
G240T:T277R,-11.538372993469238
G240T:T277S,-12.991750717163086
G240T:T277V,-10.262792587280273
G240T:T277W,-11.491758346557617
G240T:T277Y,-11.67288589477539
G240T:T277K,-11.167755126953125
G240T:T281N,-14.45128059387207
G240T:T237F,-17.919727325439453
G240T:T237G,-18.876447677612305
G240T:T237I,-17.877368927001953
G240T:T237K,-17.591392517089844
G240T:T237L,-18.057024002075195
G240T:T237M,-17.679344177246094
G240T:T237P,-19.839405059814453
G240T:T237Q,-17.45616912841797
G240T:T237R,-17.136083602905273
G240T:T237V,-17.068103790283203
G240T:T237W,-16.34992027282715
G240T:T237Y,-17.538040161132812
G240T:N263H,-19.217769622802734
G240E:N263S,-17.286785125732422
G240E:N263T,-18.426177978515625
G240E:N263V,-19.279178619384766
G240E:N263W,-22.376285552978516
G240E:N263Y,-22.453590393066406
G240E:N263R,-21.111431121826172
G240E:N263Q,-19.226181030273438
G240E:N263P,-25.363656997680664
G240E:N263M,-20.078960418701172
G240E:N263A,-18.900054931640625
G240E:N263C,-16.713409423828125
G240E:N263D,-22.008249282836914
G240E:N263E,-21.13976287841797
G240E:N263F,-23.1162052154541
G240E:N263G,-18.970457077026367
G240E:N263H,-19.975547790527344
G240E:N263I,-19.729846954345703
G240E:N263K,-21.70795249938965
G240E:N263L,-20.314985275268555
G240E:T237P,-20.597179412841797
G240E:T237Q,-18.213945388793945
G240E:T237R,-17.89385986328125
G240E:T237V,-17.825881958007812
G240E:T237W,-17.107696533203125
G240E:T237Y,-18.29581642150879
G240E:T237M,-18.43712043762207
G240E:T237L,-18.814800262451172
G240E:T237K,-18.34916877746582
G240E:T237F,-18.677501678466797
G240E:T237G,-19.63422393798828
G240E:T237I,-18.63514518737793
G240E:K257L,-23.966793060302734
G240E:K257M,-23.69481658935547
G240E:K257R,-21.403087615966797
G240E:K257T,-24.540447235107422
G240E:K257V,-25.90664291381836
G240E:K257W,-26.45104217529297
G240E:K257Y,-25.778789520263672
G240E:K257I,-24.898563385009766
G240E:T281I,-16.37274169921875
G240E:T281K,-15.33729076385498
G240E:T281L,-16.99798583984375
G240E:T281M,-16.869945526123047
G240E:T281N,-15.209056854248047
G240E:T281P,-22.840282440185547
G240E:T281Q,-16.178386688232422
G240E:T281V,-15.493879318237305
G240E:T281W,-15.87216567993164
G240E:T281Y,-16.222919464111328
G240E:V247D,-15.605764389038086
G240E:V247E,-15.475265502929688
G240E:V247F,-13.833087921142578
G240E:V247G,-14.51785659790039
G240E:V247H,-14.159164428710938
G240E:V247I,-14.632611274719238
G240E:V247K,-14.559844017028809
G240E:V247L,-14.558328628540039
G240E:V247M,-14.739866256713867
G240E:T281H,-16.084373474121094
G240E:T281G,-17.412450790405273
G240E:T281F,-16.74947738647461
G240E:T277W,-12.249534606933594
G240E:T277Y,-12.430662155151367
G240E:V247N,-14.541630744934082
G240E:T281C,-15.981552124023438
G240E:T281D,-16.857805252075195
G240E:T277V,-11.02056884765625
G240E:V247P,-14.746061325073242
G240E:V247S,-14.966297149658203
G240E:V247T,-14.407880783081055
G240E:V247W,-12.774250984191895
G240E:V247Y,-13.291624069213867
G240E:T277S,-13.749526977539062
G240E:T277R,-12.296149253845215
G240E:T277E,-11.059109687805176
G240E:T277G,-14.296606063842773
G240E:T277I,-11.499253273010254
G240E:T277K,-11.925531387329102
G240E:T277L,-10.685271263122559
G240E:T277M,-11.067468643188477
G240E:T277N,-12.640932083129883
G240E:T277P,-22.746707916259766
G240E:K257H,-25.05374526977539
G240E:K257G,-25.55105972290039
G240E:K257F,-26.456039428710938
G240D:V247K,-14.606969833374023
G240D:V247L,-14.605453491210938
G240D:V247M,-14.786992073059082
G240D:V247N,-14.588756561279297
G240D:V247P,-14.793188095092773
G240D:V247S,-15.013423919677734
G240D:V247T,-14.455007553100586
G240D:V247W,-12.82137680053711
G240D:V247Y,-13.338749885559082
G240D:V247I,-14.679737091064453
G240D:V247H,-14.206289291381836
G240D:V247G,-14.564982414245605
G240D:V247F,-13.880213737487793
G240D:T281C,-16.02867889404297
G240D:T281D,-16.904930114746094
G240D:T281F,-16.79660415649414
G240D:T281G,-17.459575653076172
G240D:T281H,-16.131498336791992
G240D:T281I,-16.41986846923828
G240D:T281K,-15.384416580200195
G240D:T281L,-17.04511260986328
G240D:T281M,-16.917072296142578
G240D:T281P,-22.887409210205078
G240D:T281Q,-16.22551155090332
G240D:T281V,-15.54100513458252
G240D:T281W,-15.919290542602539
G240D:T281Y,-16.270044326782227
G240D:V247D,-15.6528902053833
G240D:V247E,-15.522390365600586
G240D:T281N,-15.256182670593262
G240D:T277L,-10.732397079467773
G240D:T277M,-11.114594459533691
G240D:T277N,-12.688058853149414
G240D:T277P,-22.793834686279297
G240D:T277R,-12.34327507019043
G240D:T277S,-13.796651840209961
G240D:T277V,-11.067694664001465
G240D:T277W,-12.296660423278809
G240D:T277Y,-12.477787971496582
G240D:T277K,-11.972657203674316
G240D:T277I,-11.546379089355469
G240D:T277G,-14.343730926513672
G240D:T277E,-11.10623550415039
G240E:K257C,-24.574077606201172
G240E:K257D,-27.02720069885254
G240E:K257E,-25.384716033935547
G240D:Y259F,-12.93326473236084
G240D:Y259G,-19.832027435302734
G240D:Y259M,-18.662202835083008
G240D:Y259N,-19.83513069152832
G240D:Y259P,-23.71860122680664
G240D:Y259Q,-20.354957580566406
G240D:Y259R,-20.88912582397461
G240D:Y259S,-20.769441604614258
G240D:Y259T,-20.471111297607422
G240D:Y259V,-19.93421173095703
G240D:Y259E,-22.48056411743164
G240D:Y259D,-23.12424087524414
G240D:Y259C,-18.91985321044922
G240D:Y259A,-19.561927795410156
G240E:G264D,-18.070247650146484
G240E:G264E,-18.01515769958496
G240E:G264F,-16.764190673828125
G240E:G264K,-17.47127914428711
G240E:G264N,-15.560331344604492
G240E:G264P,-22.75673484802246
G240E:G264Q,-16.270753860473633
G240E:G264R,-17.680471420288086
G240E:G264T,-17.26074981689453
G240E:G264V,-17.68410873413086
G240E:G264W,-14.542936325073242
G240E:G264S,-15.819099426269531
G240E:G264A,-15.272032737731934
G240F:T281C,-15.89230728149414
G240F:T281D,-16.7685604095459
G240F:T281F,-16.660232543945312
G240F:T281G,-17.323205947875977
G240F:T281H,-15.995128631591797
G240F:T281I,-16.283496856689453
G240F:T281K,-15.248045921325684
G240F:T277E,-10.969864845275879
G240F:T277G,-14.207361221313477
G240F:T281L,-16.908740997314453
G240F:T277I,-11.410008430480957
G240F:T277L,-10.596026420593262
G240F:T277M,-10.97822380065918
G240F:T277N,-12.551687240600586
G240F:T277P,-22.65746307373047
G240F:T277R,-12.206904411315918
G240F:T277S,-13.660282135009766
G240F:T277V,-10.931324005126953
G240F:T277W,-12.160289764404297
G240F:T277Y,-12.34141731262207
G240F:T277K,-11.836286544799805
G240F:T281M,-16.78070068359375
G240F:T281P,-22.75103759765625
G240F:V247Y,-13.20237922668457
G240F:T281Q,-16.089141845703125
G240F:T281V,-15.404634475708008
G240F:T281W,-15.782920837402344
G240F:T281Y,-16.13367462158203
G240F:V247D,-15.516519546508789
G240F:V247E,-15.38602066040039
G240F:V247F,-13.743843078613281
G240F:T281N,-15.11981201171875
G240F:V247G,-14.428611755371094
G240F:V247I,-14.543366432189941
G240F:V247K,-14.470599174499512
G240F:V247L,-14.469083786010742
G240F:V247M,-14.65062141418457
G240F:V247N,-14.452385902404785
G240F:V247P,-14.656816482543945
G240F:V247S,-14.877052307128906
G240F:V247T,-14.318635940551758
G240F:V247W,-12.685006141662598
G240F:V247H,-14.06991958618164
G240F:T237Y,-18.206571578979492
G240H:G264V,-17.47873878479004
G240H:G264W,-14.337566375732422
G240H:G264T,-17.05537986755371
G240H:G264S,-15.613729476928711
G240H:G264R,-17.475101470947266
G240H:G264Q,-16.065383911132812
G240H:G264D,-17.86487579345703
G240H:G264E,-17.80978775024414
G240H:G264F,-16.558818817138672
G240H:G264K,-17.26590919494629
G240H:G264N,-15.354961395263672
G240H:G264P,-22.55136489868164
G240H:G264A,-15.066662788391113
G240F:T237W,-17.018451690673828
G240F:Y259V,-19.797840118408203
G240F:Y259T,-20.334739685058594
G240F:Y259R,-20.75275421142578
G240F:Y259A,-19.42555809020996
G240F:Y259S,-20.633071899414062
G240F:Y259C,-18.78348159790039
G240F:Y259E,-22.344194412231445
G240F:Y259F,-12.796894073486328
G240F:Y259G,-19.69565773010254
G240F:Y259M,-18.525833129882812
G240F:Y259N,-19.698760986328125
G240F:Y259P,-23.582229614257812
G240F:Y259Q,-20.21858787536621
G240F:Y259D,-22.987871170043945
G240F:T237V,-17.736637115478516
G240F:T237R,-17.804615020751953
G240F:G264N,-15.471086502075195
G240F:G264P,-22.667490005493164
G240F:G264Q,-16.181509017944336
G240F:G264R,-17.59122657775879
G240F:G264S,-15.729854583740234
G240F:G264T,-17.171504974365234
G240F:G264V,-17.594863891601562
G240F:G264W,-14.453691482543945
G240F:G264K,-17.382034301757812
G240E:Y259A,-19.514802932739258
G240E:Y259C,-18.872726440429688
G240E:Y259D,-23.077116012573242
G240E:Y259E,-22.433439254760742
G240E:Y259F,-12.886138916015625
G240E:Y259G,-19.784902572631836
G240E:Y259M,-18.61507797241211
G240F:G264A,-15.182787895202637
G240F:G264D,-17.981002807617188
G240F:G264E,-17.925912857055664
G240F:G264F,-16.674945831298828
G240E:Y259N,-19.788005828857422
G240E:Y259P,-23.67147445678711
G240E:Y259Q,-20.307832717895508
G240E:Y259R,-20.841999053955078
G240E:Y259S,-20.72231674194336
G240E:Y259T,-20.42398452758789
G240E:Y259V,-19.8870849609375
G240F:N263A,-18.810810089111328
G240F:N263C,-16.624164581298828
G240F:N263D,-21.919004440307617
G240F:N263E,-21.050518035888672
G240F:N263F,-23.026960372924805
G240F:N263G,-18.88121223449707
G240F:N263H,-19.886302947998047
G240F:N263I,-19.640602111816406
G240F:N263K,-21.61870765686035
G240F:N263L,-20.225740432739258
G240F:N263M,-19.989715576171875
G240F:N263P,-25.274412155151367
G240F:N263Q,-19.13693618774414
G240F:N263R,-21.022186279296875
G240F:N263S,-17.197540283203125
G240F:N263T,-18.336933135986328
G240F:N263V,-19.18993377685547
G240F:N263W,-22.28704071044922
G240F:N263Y,-22.36434555053711
G240F:T237F,-18.5882568359375
G240F:T237G,-19.544979095458984
G240F:T237I,-18.545900344848633
G240F:T237K,-18.259923934936523
G240F:T237L,-18.725555419921875
G240F:T237M,-18.347875595092773
G240F:T237P,-20.5079345703125
G240F:T237Q,-18.12470054626465
G240F:K257T,-24.451202392578125
G240F:K257V,-25.817398071289062
G240F:K257W,-26.361797332763672
G240F:K257Y,-25.689544677734375
G240F:K257R,-21.3138427734375
G240F:K257C,-24.484832763671875
G240F:K257D,-26.937955856323242
G240F:K257E,-25.29547119140625
G240F:K257F,-26.36679458618164
G240F:K257G,-25.461814880371094
G240F:K257H,-24.964500427246094
G240F:K257I,-24.80931854248047
G240F:K257L,-23.877548217773438
G240F:K257M,-23.605571746826172
G240A:Y259A,-18.27663230895996
G240A:Y259C,-17.63455581665039
G240A:Y259D,-21.838945388793945
G240A:Y259E,-21.195268630981445
G240A:Y259F,-11.647968292236328
G240A:Y259G,-18.54673194885254
G240A:Y259M,-17.376907348632812
G240A:Y259N,-18.549835205078125
G240A:V247Y,-12.05345344543457
G240A:V247W,-11.536080360412598
G240A:V247T,-13.169710159301758
G240A:T277E,-9.820939064025879
G240A:T277G,-13.058435440063477
G240A:T277I,-10.261082649230957
G240A:T277K,-10.687360763549805
G240A:T277L,-9.447100639343262
G240A:T277M,-9.82929801940918
G240A:T277N,-11.402761459350586
G240A:T277P,-21.50853729248047
G240A:T277R,-11.057978630065918
G240A:T277S,-12.511356353759766
G240A:T277V,-9.782398223876953
G240A:T277W,-11.011363983154297
G240A:T277Y,-11.19249153137207
G240A:T281N,-13.97088623046875
G240A:T281P,-21.60211181640625
G240A:T281Q,-14.940216064453125
G240A:T281V,-14.255708694458008
G240A:T281W,-14.633995056152344
G240A:T281Y,-14.984748840332031
G240A:V247D,-14.367593765258789
G240A:T281M,-15.63177490234375
G240A:V247E,-14.23709487915039
G240A:V247G,-13.279685974121094
G240A:V247H,-12.92099380493164
G240A:V247I,-13.394440650939941
G240A:V247K,-13.321673393249512
G240A:V247L,-13.320158004760742
G240A:V247M,-13.50169563293457
G240A:V247N,-13.303460121154785
G240A:V247P,-13.507890701293945
G240A:V247S,-13.728126525878906
G240A:V247F,-12.594917297363281
G240A:Y259P,-22.433303833007812
G240A:T281L,-15.759815216064453
G240A:T281I,-15.13457202911377
G240A:T281K,-14.099120140075684
G240A:T281C,-14.74338150024414
G240A:T281D,-15.619634628295898
G240A:T281F,-15.511306762695312
G240A:T281G,-16.174280166625977
G240A:T281H,-14.846202850341797
G240A:Y259Q,-19.06966209411621
G240A:Y259R,-19.60382843017578
G240A:Y259S,-19.484146118164062
G240C:K257Y,-24.142026901245117
G240C:K257W,-24.81427764892578
G240C:K257T,-22.9036865234375
G240C:K257C,-22.937314987182617
G240C:K257V,-24.269880294799805
G240C:K257D,-25.390438079833984
G240C:K257F,-24.819276809692383
G240C:K257G,-23.91429901123047
G240C:K257H,-23.416980743408203
G240C:K257I,-23.26180076599121
G240C:K257L,-22.33003044128418
G240C:K257M,-22.05805206298828
G240C:K257R,-19.766324996948242
G240C:K257E,-23.747955322265625
G240C:G264A,-13.635270118713379
G240C:G264D,-16.433483123779297
G240C:G264E,-16.378395080566406
G240C:G264F,-15.127427101135254
G240C:G264K,-15.834516525268555
G240A:Y259T,-19.185813903808594
G240A:Y259V,-18.648914337158203
G240C:G264N,-13.923568725585938
G240C:G264P,-21.119972229003906
G240C:G264Q,-14.633991241455078
G240C:G264R,-16.04370880126953
G240C:G264S,-14.182336807250977
G240C:G264T,-15.623987197875977
G240C:G264V,-16.047346115112305
G240C:G264W,-12.906173706054688
G240A:K257C,-23.335906982421875
G240A:K257D,-25.789030075073242
G240A:K257E,-24.14654541015625
G240A:K257F,-25.21786880493164
G240A:K257G,-24.312889099121094
G240A:K257H,-23.815574645996094
G240A:K257I,-23.66039276123047
G240A:K257L,-22.728622436523438
G240A:K257M,-22.456645965576172
G240A:K257R,-20.1649169921875
G240A:K257T,-23.302276611328125
G240A:K257V,-24.668472290039062
G240A:K257W,-25.212871551513672
G240A:K257Y,-24.540618896484375
G240A:G264K,-16.233108520507812
G240A:G264N,-14.322160720825195
G240A:G264P,-21.518564224243164
G240A:G264Q,-15.032583236694336
G240A:G264R,-16.44230079650879
G240A:G264S,-14.580928802490234
G240A:G264T,-16.022579193115234
G240A:G264V,-16.445938110351562
G240A:G264W,-13.304765701293945
G240A:G264F,-15.526019096374512
G240A:G264E,-16.776987075805664
G240A:G264A,-14.033862113952637
G240A:G264D,-16.832077026367188
G240A:T237V,-16.587711334228516
G240A:T237W,-15.869525909423828
G240A:T237Y,-17.057645797729492
G240A:T237R,-16.655689239501953
G240A:T237Q,-16.97577476501465
G240A:T237P,-19.3590087890625
G240A:T237F,-17.4393310546875
G240A:T237G,-18.396053314208984
G240A:T237I,-17.396974563598633
G240A:T237K,-17.110998153686523
G240A:T237L,-17.576629638671875
G240A:T237M,-17.198949813842773
G240A:N263W,-21.13811492919922
G240A:N263Y,-21.21541976928711
G240A:N263V,-18.04100799560547
G240A:N263T,-17.188007354736328
G240A:N263R,-19.873260498046875
G240A:N263S,-16.048614501953125
G240A:N263A,-17.661884307861328
G240A:N263D,-20.770078659057617
G240A:N263E,-19.901592254638672
G240A:N263F,-21.878034591674805
G240A:N263G,-17.73228645324707
G240A:N263H,-18.737377166748047
G240A:N263I,-18.491676330566406
G240A:N263K,-20.46978187561035
G240A:N263L,-19.076814651489258
G240A:N263M,-18.840789794921875
G240A:N263P,-24.125486373901367
G240A:N263Q,-17.98801040649414
G240A:N263C,-15.475239753723145
G240D:K257C,-24.621204376220703
G240D:K257D,-27.074325561523438
G240D:K257E,-25.431842803955078
G240D:K257F,-26.50316619873047
G240D:K257G,-25.598186492919922
G240D:K257H,-25.10087013244629
G240D:K257I,-24.945690155029297
G240D:K257L,-24.013919830322266
G240D:K257M,-23.741941452026367
G240D:K257R,-21.450214385986328
G240D:K257T,-24.587574005126953
G240D:K257V,-25.95376968383789
G240D:K257W,-26.498167037963867
G240D:K257Y,-25.825916290283203
G240C:Y259A,-17.878040313720703
G240C:Y259C,-17.235965728759766
G240C:Y259D,-21.440353393554688
G240C:Y259E,-20.796676635742188
G240C:Y259F,-11.24937629699707
G240C:Y259G,-18.14813995361328
G240C:Y259M,-16.978313446044922
G240C:Y259N,-18.151241302490234
G240C:Y259P,-22.034711837768555
G240C:Y259Q,-18.671070098876953
G240C:Y259R,-19.205238342285156
G240C:Y259S,-19.085552215576172
G240C:Y259T,-18.78722381591797
G240C:Y259V,-18.250322341918945
G240D:G264W,-14.59006118774414
G240D:G264A,-15.319158554077148
G240D:G264D,-18.117372512817383
G240D:G264E,-18.06228256225586
G240D:G264F,-16.811315536499023
G240D:G264K,-17.51840591430664
G240D:G264N,-15.60745620727539
G240D:G264P,-22.80385971069336
G240D:G264Q,-16.31787872314453
G240D:G264R,-17.727596282958984
G240D:G264S,-15.866225242614746
G240D:G264T,-17.307876586914062
G240D:G264V,-17.73123550415039
G240D:N263G,-19.017581939697266
G240D:N263H,-20.022672653198242
G240D:N263I,-19.776973724365234
G240D:N263K,-21.755077362060547
G240D:N263L,-20.362110137939453
G240D:N263M,-20.126087188720703
G240D:N263P,-25.410781860351562
G240D:N263Q,-19.27330780029297
G240D:N263R,-21.158557891845703
G240D:N263S,-17.333911895751953
G240D:N263T,-18.473304748535156
G240D:N263V,-19.326305389404297
G240D:N263Y,-22.500717163085938
G240D:N263W,-22.423412322998047
G240D:N263F,-23.163330078125
G240D:T237F,-18.724628448486328
G240D:T237G,-19.681350708007812
G240D:T237I,-18.682270050048828
G240D:T237K,-18.39629554748535
G240D:T237L,-18.861927032470703
G240D:T237M,-18.48424530029297
G240D:T237P,-20.644306182861328
G240D:T237Q,-18.261070251464844
G240D:T237R,-17.94098472595215
G240D:T237V,-17.87300682067871
G240D:T237W,-17.154823303222656
G240D:T237Y,-18.342941284179688
G240D:N263E,-21.1868896484375
G240D:N263C,-16.760536193847656
G240D:N263D,-22.055374145507812
G240C:T237F,-17.040740966796875
G240C:T237G,-17.997461318969727
G240C:T237I,-16.998382568359375
G240C:T237K,-16.712406158447266
G240C:T237L,-17.178037643432617
G240C:T237M,-16.800357818603516
G240C:T237P,-18.960418701171875
G240C:T237Q,-16.57718276977539
G240C:T237R,-16.257097244262695
G240C:T237V,-16.189117431640625
G240C:T237W,-15.47093391418457
G240C:T237Y,-16.659053802490234
G240C:N263A,-17.263294219970703
G240C:N263C,-15.076647758483887
G240C:N263D,-20.37148666381836
G240C:N263E,-19.503000259399414
G240C:N263F,-21.479442596435547
G240C:N263G,-17.333694458007812
G240C:N263H,-18.338783264160156
G240C:N263I,-18.09308624267578
G240C:N263K,-20.071189880371094
G240C:N263M,-18.44219970703125
G240C:N263P,-23.72689437866211
G240C:N263Q,-17.589420318603516
G240C:N263R,-19.474668502807617
G240C:N263S,-15.650022506713867
G240C:N263T,-16.78941535949707
G240C:N263V,-17.64241600036621
G240C:N263W,-20.739524841308594
G240C:N263Y,-20.81682777404785
G240C:N263L,-18.67822265625
G240C:T281Y,-14.586156845092773
G240C:V247D,-13.969001770019531
G240C:V247E,-13.838502883911133
G240C:V247F,-12.196325302124023
G240C:V247G,-12.881093978881836
G240C:V247H,-12.522401809692383
G240C:V247I,-12.995848655700684
G240C:V247K,-12.923081398010254
G240C:V247L,-12.921566009521484
G240C:V247M,-13.103103637695312
G240C:V247P,-13.109298706054688
G240C:V247S,-13.329534530639648
G240C:V247T,-12.7711181640625
G240C:V247W,-11.13748836517334
G240C:V247Y,-11.654861450195312
G240C:V247N,-12.904868125915527
G240C:T281W,-14.235403060913086
G240C:T281V,-13.85711669921875
G240C:T281C,-14.344789505004883
G240C:T281F,-15.112714767456055
G240C:T281G,-15.775688171386719
G240C:T281H,-14.447610855102539
G240C:T281I,-14.735980033874512
G240C:T281K,-13.700528144836426
G240C:T281L,-15.361223220825195
G240C:T281M,-15.233182907104492
G240C:T281N,-13.572294235229492
G240C:T281P,-21.203521728515625
G240C:T281Q,-14.541624069213867
G240C:T281D,-15.22104263305664
G240C:T277E,-9.422347068786621
G240C:T277G,-12.659843444824219
G240C:T277I,-9.8624906539917
G240C:T277K,-10.288768768310547
G240C:T277L,-9.048508644104004
G240C:T277M,-9.430706024169922
G240C:T277N,-11.004169464111328
G240C:T277R,-10.65938663482666
G240C:T277S,-12.112764358520508
G240C:T277V,-9.383806228637695
G240C:T277W,-10.612771987915039
G240C:T277Y,-10.793899536132812
G240C:T277P,-21.10994529724121
G240I:Y259A,-18.994064331054688
G240I:Y259C,-18.35198974609375
G240I:Y259D,-22.556377410888672
G240I:Y259E,-21.912700653076172
G240I:Y259F,-12.365400314331055
G240I:Y259G,-19.264163970947266
G240K:G264A,-15.7213716506958
G240K:G264D,-18.51958465576172
G240I:Y259M,-18.094337463378906
G240I:Y259N,-19.26726531982422
G240I:Y259P,-23.15073585510254
G240I:Y259Q,-19.787094116210938
G240I:Y259R,-20.32126235961914
G240I:Y259S,-20.201576232910156
G240I:Y259T,-19.903247833251953
G240I:Y259V,-19.36634635925293
G240I:T281G,-16.891712188720703
G240I:T281H,-15.563634872436523
G240I:T281I,-15.852004051208496
G240I:T281K,-14.81655216217041
G240I:T281L,-16.47724723815918
G240I:T281M,-16.349206924438477
G240I:T281N,-14.688318252563477
G240I:T281P,-22.31954574584961
G240I:T281Q,-15.657648086547852
G240I:T281V,-14.973140716552734
G240I:T281W,-15.35142707824707
G240I:T281Y,-15.702180862426758
G240I:V247D,-15.085025787353516
G240I:V247E,-14.954526901245117
G240I:V247F,-13.312349319458008
G240I:V247G,-13.99711799621582
G240I:V247H,-13.638425827026367
G240I:V247I,-14.111872673034668
G240I:V247K,-14.039105415344238
G240I:T281F,-16.22873878479004
G240I:T281D,-16.337066650390625
G240I:T281C,-15.460813522338867
G240I:T277S,-13.228788375854492
G240I:T277V,-10.49983024597168
G240I:T277W,-11.728796005249023
G240I:T277Y,-11.909923553466797
G240I:V247L,-14.037590026855469
G240I:V247M,-14.219127655029297
G240I:V247N,-14.020892143249512
G240I:V247P,-14.225322723388672
G240K:G264E,-18.464496612548828
G240I:V247S,-14.445558547973633
G240I:V247T,-13.887142181396484
G240I:V247W,-12.253512382507324
G240I:V247Y,-12.770885467529297
G240K:G264F,-17.21352767944336
G240K:K257R,-21.852426528930664
G240K:K257T,-24.989788055419922
G240K:K257V,-26.355981826782227
G240K:K257W,-26.900379180908203
G240K:K257Y,-26.22812843322754
G240K:K257M,-24.144153594970703
G240K:K257C,-25.02341651916504
G240K:K257D,-27.476539611816406
G240K:K257E,-25.834056854248047
G240K:K257F,-26.905378341674805
G240K:K257G,-26.00040054321289
G240K:K257H,-25.503082275390625
G240K:K257I,-25.347902297973633
G240K:K257L,-24.4161319732666
G240I:T277R,-11.775410652160645
G240K:G264K,-17.920618057250977
G240K:G264N,-16.00967025756836
G240K:G264P,-23.206073760986328
G240K:G264Q,-16.7200927734375
G240K:G264R,-18.129810333251953
G240K:G264S,-16.2684383392334
G240K:G264T,-17.7100887298584
G240K:G264V,-18.133447647094727
G240K:G264W,-14.99227523803711
G240I:T277N,-12.120193481445312
G240I:K257G,-25.030323028564453
G240I:K257H,-24.533004760742188
G240I:K257I,-24.377824783325195
G240I:K257L,-23.446054458618164
G240I:K257M,-23.174076080322266
G240I:K257R,-20.882349014282227
G240I:K257T,-24.019710540771484
G240I:K257V,-25.38590431213379
G240I:K257Y,-25.2580509185791
G240I:K257W,-25.930301666259766
G240I:K257F,-25.935300827026367
G240I:K257E,-24.86397933959961
G240I:K257D,-26.50646209716797
G240I:K257C,-24.0533390045166
G240I:T277E,-10.538371086120605
G240I:T277G,-13.775867462158203
G240I:T277I,-10.978514671325684
G240I:T277K,-11.404792785644531
G240I:T277L,-10.164532661437988
G240I:T277M,-10.546730041503906
G240I:T277P,-22.225969314575195
G240I:N263P,-24.842918395996094
G240I:N263Q,-18.7054443359375
G240I:N263R,-20.5906925201416
G240I:N263S,-16.76604652404785
G240I:N263T,-17.905439376831055
G240I:N263V,-18.758440017700195
G240I:N263W,-21.855548858642578
G240I:N263Y,-21.932851791381836
G240I:N263M,-19.558223724365234
G240I:N263L,-19.794246673583984
G240I:N263K,-21.187213897705078
G240I:N263I,-19.209110260009766
G240I:N263C,-16.192672729492188
G240I:N263D,-21.487510681152344
G240I:N263E,-20.6190242767334
G240I:N263F,-22.59546661376953
G240I:N263G,-18.449718475341797
G240I:N263H,-19.45480728149414
G240I:T237L,-18.2940616607666
G240I:T237M,-17.9163818359375
G240I:T237P,-20.07644271850586
G240I:T237Q,-17.693206787109375
G240I:T237R,-17.37312126159668
G240I:T237V,-17.30514144897461
G240I:T237W,-16.586957931518555
G240I:T237Y,-17.77507781982422
G240I:T237K,-17.82843017578125
G240I:T237I,-18.11440658569336
G240I:T237G,-19.11348533630371
G240I:T237F,-18.15676498413086
G240L:K257C,-24.625715255737305
G240L:K257D,-27.078838348388672
G240L:K257E,-25.436355590820312
G240L:K257F,-26.50767707824707
G240L:K257G,-25.602699279785156
G240L:K257H,-25.10538101196289
G240L:K257I,-24.9502010345459
G240L:K257L,-24.018430709838867
G240L:K257M,-23.74645233154297
G240L:K257R,-21.45472526550293
G240L:K257T,-24.592086791992188
G240L:K257V,-25.958280563354492
G240L:K257W,-26.50267791748047
G240L:K257Y,-25.830427169799805
G240L:G264T,-17.312387466430664
G240L:G264V,-17.735746383666992
G240L:G264W,-14.594573974609375
G240L:G264S,-15.870737075805664
G240L:G264R,-17.73210906982422
G240L:G264Q,-16.322391510009766
G240L:G264P,-22.808372497558594
G240L:G264A,-15.323670387268066
G240L:G264D,-18.121883392333984
G240L:G264E,-18.066795349121094
G240L:G264F,-16.815826416015625
G240L:G264K,-17.522916793823242
G240L:G264N,-15.611968994140625
G240L:T237F,-18.729141235351562
G240L:T237G,-19.685861587524414
G240L:T237I,-18.686782836914062
G240L:T237L,-18.866437911987305
G240L:T237M,-18.488758087158203
G240L:T237P,-20.648818969726562
G240L:T237Q,-18.265583038330078
G240L:T237R,-17.945497512817383
G240L:T237V,-17.877517700195312
G240L:T237W,-17.159334182739258
G240L:T237Y,-18.347454071044922
G240L:T237K,-18.400806427001953
G240L:N263A,-18.95169448852539
G240L:N263C,-16.76504898071289
G240L:N263D,-22.059886932373047
G240L:N263E,-21.1914005279541
G240L:N263F,-23.167842864990234
G240L:N263G,-19.0220947265625
G240L:N263H,-20.027183532714844
G240L:N263I,-19.78148651123047
G240L:N263K,-21.75959014892578
G240L:N263M,-20.130599975585938
G240L:N263P,-25.415294647216797
G240L:N263Q,-19.277820587158203
G240L:N263R,-21.163068771362305
G240L:N263S,-17.338422775268555
G240L:N263T,-18.477815628051758
G240L:N263V,-19.3308162689209
G240L:N263W,-22.42792510986328
G240L:N263Y,-22.50522804260254
G240L:N263L,-20.366622924804688
G240K:T237W,-17.557035446166992
G240K:T237Y,-18.745155334472656
G240K:T237V,-18.275218963623047
G240K:T237R,-18.343198776245117
G240K:T237Q,-18.663284301757812
G240K:N263A,-19.349395751953125
G240K:N263C,-17.162750244140625
G240K:N263D,-22.45758819580078
G240K:N263E,-21.589101791381836
G240K:N263F,-23.56554412841797
G240K:N263G,-19.419795989990234
G240K:N263H,-20.424884796142578
G240K:N263I,-20.179187774658203
G240K:N263K,-22.157291412353516
G240K:N263L,-20.764324188232422
G240K:N263M,-20.528301239013672
G240K:N263P,-25.81299591064453
G240K:N263Q,-19.675521850585938
G240K:N263R,-21.56077003479004
G240K:N263S,-17.73612403869629
G240K:N263T,-18.875516891479492
G240K:N263V,-19.728517532348633
G240K:N263W,-22.825626373291016
G240K:T237F,-19.126842498779297
G240K:T237G,-20.08356285095215
G240K:T237I,-19.084484100341797
G240K:T237K,-18.798507690429688
G240K:T237L,-19.26413917541504
G240K:T237M,-18.886459350585938
G240K:T237P,-21.046520233154297
G240K:N263Y,-22.902929306030273
G240K:Y259V,-20.336423873901367
G240K:Y259T,-20.87332534790039
G240K:Y259S,-21.171653747558594
G240K:Y259Q,-20.757171630859375
G240K:Y259R,-21.291339874267578
G240K:Y259A,-19.964141845703125
G240K:Y259D,-23.52645492553711
G240K:Y259E,-22.88277816772461
G240K:Y259F,-13.335477828979492
G240K:Y259G,-20.234241485595703
G240K:Y259M,-19.064414978027344
G240K:Y259N,-20.237342834472656
G240K:Y259P,-24.120813369750977
G240K:Y259C,-19.322067260742188
G240K:T281C,-16.430891036987305
G240K:T281D,-17.307144165039062
G240K:T281F,-17.198816299438477
G240K:T281G,-17.86178970336914
G240K:T281H,-16.53371238708496
G240K:T277Y,-12.880001068115234
G240K:T277E,-11.508448600769043
G240K:T281I,-16.82208251953125
G240K:T277G,-14.74594497680664
G240K:T277I,-11.948592185974121
G240K:T277K,-12.374870300292969
G240K:T277L,-11.134610176086426
G240K:T277M,-11.516807556152344
G240K:T277N,-13.09027099609375
G240K:T277P,-23.196046829223633
G240K:T277R,-12.745488166809082
G240K:T277S,-14.19886589050293
G240K:T277V,-11.469907760620117
G240K:T277W,-12.698873519897461
G240K:T281K,-15.786629676818848
G240K:T281L,-17.447324752807617
G240K:T281M,-17.319284439086914
G240K:V247Y,-13.740962982177734
G240K:V247T,-14.857219696044922
G240K:T281N,-15.658395767211914
G240K:T281P,-23.289623260498047
G240K:T281Q,-16.62772560119629
G240K:T281V,-15.943218231201172
G240K:T281W,-16.321504592895508
G240K:T281Y,-16.672258377075195
G240K:V247D,-16.055103302001953
G240K:V247W,-13.223589897155762
G240K:V247E,-15.924604415893555
G240K:V247G,-14.967195510864258
G240K:V247H,-14.608503341674805
G240K:V247I,-15.081950187683105
G240K:V247K,-15.009182929992676
G240K:V247L,-15.007667541503906
G240K:V247M,-15.189205169677734
G240K:V247N,-14.99096965789795
G240K:V247P,-15.19540023803711
G240K:V247S,-15.41563606262207
G240K:V247F,-14.282426834106445
G240H:K257R,-21.197717666625977
G240H:K257T,-24.335079193115234
G240H:K257V,-25.70127296447754
G240H:K257W,-26.245670318603516
G240H:K257Y,-25.57341957092285
G240H:K257M,-23.489444732666016
G240H:K257L,-23.761423110961914
G240H:K257I,-24.693193435668945
G240H:T237R,-17.68848991394043
G240H:K257C,-24.36870765686035
G240H:K257D,-26.82183074951172
G240H:K257E,-25.17934799194336
G240H:K257F,-26.250669479370117
G240H:K257G,-25.345691680908203
G240H:K257H,-24.848373413085938
G240H:T237F,-18.47213363647461
G240H:T237G,-19.42885398864746
G240H:T237I,-18.42977523803711
G240H:T237K,-18.143798828125
G240H:T237L,-18.60943031311035
G240H:T237M,-18.23175048828125
G240H:T237P,-20.39181137084961
G240H:T237Y,-18.09044647216797
G240H:T237W,-16.902326583862305
G240H:T237V,-17.62051010131836
G240H:N263R,-20.90606117248535
G240H:N263S,-17.0814151763916
G240H:N263T,-18.220808029174805
G240H:N263V,-19.073808670043945
G240H:N263W,-22.170917510986328
G240H:N263Y,-22.248220443725586
G240H:N263Q,-19.02081298828125
G240H:N263P,-25.158287048339844
G240H:N263M,-19.873592376708984
G240H:N263L,-20.109615325927734
G240H:N263D,-21.802879333496094
G240H:N263E,-20.93439292907715
G240H:N263F,-22.91083526611328
G240H:N263G,-18.765087127685547
G240H:N263H,-19.77017593383789
G240H:N263I,-19.524478912353516
G240H:N263K,-21.502582550048828
G240H:N263C,-16.508041381835938
G240H:T237Q,-18.008575439453125
G240H:V247Y,-13.086254119873047
G240H:V247T,-14.202510833740234
G240H:V247D,-15.400394439697266
G240H:V247E,-15.269895553588867
G240H:V247F,-13.627717971801758
G240H:V247G,-14.31248664855957
G240H:V247H,-13.953794479370117
G240H:V247I,-14.427241325378418
G240H:V247K,-14.354474067687988
G240H:V247L,-14.352958679199219
G240H:V247M,-14.534496307373047
G240H:V247N,-14.336260795593262
G240H:V247P,-14.540691375732422
G240H:V247S,-14.760927200317383
G240H:V247W,-12.568881034851074
G240H:T281Y,-16.017549514770508
G240H:T281W,-15.66679573059082
G240H:T281V,-15.288509368896484
G240H:T277E,-10.853739738464355
G240H:T277G,-14.091236114501953
G240H:T277I,-11.293883323669434
G240H:T277K,-11.720161437988281
G240H:T277L,-10.479901313781738
G240H:T277M,-10.862098693847656
G240H:T277N,-12.435562133789062
G240H:T277P,-22.541337966918945
G240H:T277R,-12.090779304504395
G240H:T277S,-13.544157028198242
G240H:T277V,-10.81519889831543
G240H:T277W,-12.044164657592773
G240H:T281C,-15.776182174682617
G240H:T281D,-16.652435302734375
G240H:T281F,-16.54410743713379
G240H:T281G,-17.207080841064453
G240H:T281H,-15.879003524780273
G240H:T281I,-16.167373657226562
G240H:T281K,-15.13192081451416
G240H:T281L,-16.79261589050293
G240H:T281M,-16.664575576782227
G240H:T281N,-15.003686904907227
G240H:T281P,-22.63491439819336
G240H:T277Y,-12.225292205810547
G240H:T281Q,-15.973016738891602
G240I:G264D,-17.54950714111328
G240I:G264E,-17.49441909790039
G240I:G264F,-16.243450164794922
G240I:G264K,-16.95054054260254
G240I:G264N,-15.039592742919922
G240I:G264P,-22.23599624633789
G240I:G264Q,-15.750015258789062
G240I:G264R,-17.159732818603516
G240I:G264S,-15.298360824584961
G240I:G264T,-16.74001121520996
G240I:G264A,-14.751294136047363
G240I:G264V,-17.16337013244629
G240I:G264W,-14.022197723388672
G240H:Y259A,-19.309432983398438
G240H:Y259G,-19.579532623291016
G240H:Y259D,-22.871746063232422
G240H:Y259M,-18.409706115722656
G240H:Y259V,-19.68171501159668
G240H:Y259C,-18.6673583984375
G240H:Y259N,-19.58263397216797
G240H:Y259P,-23.46610450744629
G240H:Y259Q,-20.102462768554688
G240H:Y259R,-20.63663101196289
G240H:Y259S,-20.516944885253906
G240H:Y259T,-20.218616485595703
G240H:Y259E,-22.228069305419922
G240H:Y259F,-12.680768966674805
V247P:Y259E,-16.141220092773438
V247P:Y259C,-12.580509185791016
V247P:Y259D,-16.784896850585938
V247P:Y259F,-6.5939202308654785
V247P:Y259G,-13.492683410644531
V247P:Y259A,-13.222583770751953
V247P:Y259M,-12.322858810424805
V247P:Y259N,-13.495786666870117
V247P:Y259P,-17.379255294799805
V247P:Y259Q,-14.015613555908203
V247P:Y259R,-14.549781799316406
V247P:Y259S,-14.430097579956055
V247P:Y259T,-14.131767272949219
V247P:Y259V,-13.594865798950195
V247N:Y259F,-6.38948917388916
V247N:Y259G,-13.288252830505371
V247N:Y259M,-12.118427276611328
V247N:Y259E,-15.936789512634277
V247N:Y259N,-13.29135513305664
V247N:Y259Q,-13.811182975769043
V247N:Y259R,-14.34535026550293
V247N:Y259S,-14.225666046142578
V247N:Y259T,-13.927335739135742
V247N:Y259V,-13.390435218811035
V247N:Y259P,-17.174823760986328
V247N:Y259D,-16.580467224121094
V247N:Y259A,-13.018153190612793
V247N:Y259C,-12.376077651977539
V247W:Y259A,-11.250773429870605
V247W:Y259C,-10.608697891235352
V247W:Y259D,-14.81308650970459
V247W:Y259E,-14.16940975189209
V247W:Y259F,-4.622109413146973
V247W:Y259M,-10.35104751586914
V247W:Y259N,-11.523975372314453
V247W:Y259P,-15.407444953918457
V247W:Y259G,-11.520873069763184
V247T:Y259P,-17.041074752807617
V247T:Y259Q,-13.677433013916016
V247T:Y259R,-14.211601257324219
V247T:Y259S,-14.091917037963867
V247T:Y259T,-13.793586730957031
V247T:Y259V,-13.256685256958008
V247T:Y259N,-13.15760612487793
V247T:Y259M,-11.984678268432617
V247T:Y259C,-12.242328643798828
V247T:Y259D,-16.44671630859375
V247T:Y259E,-15.80303955078125
V247T:Y259F,-6.255739688873291
V247T:Y259G,-13.154502868652344
V247T:Y259A,-12.884403228759766
V247W:Y259Q,-12.043803215026855
V247W:Y259R,-12.577970504760742
V247W:Y259S,-12.45828628540039
V247W:Y259T,-12.159955978393555
V247Y:Y259V,-12.14042854309082
V247Y:Y259T,-12.677329063415527
V247Y:Y259S,-12.975659370422363
V247Y:Y259R,-13.095343589782715
V247Y:Y259P,-15.92481803894043
V247Y:Y259N,-12.041348457336426
V247Y:Y259M,-10.868420600891113
V247Y:Y259Q,-12.561176300048828
V247Y:Y259G,-12.038246154785156
V247W:Y259V,-11.623055458068848
V247Y:Y259F,-5.139482498168945
V247Y:Y259D,-15.330459594726562
V247Y:Y259E,-14.686782836914062
V247Y:Y259C,-11.126070976257324
V247Y:Y259A,-11.768146514892578
V247S:Y259A,-13.442819595336914
V247S:Y259C,-12.800745010375977
V247S:Y259D,-17.0051326751709
V247S:Y259F,-6.8141560554504395
V247S:Y259E,-16.3614559173584
V247S:Y259G,-13.712919235229492
V247S:Y259M,-12.543094635009766
V247S:Y259N,-13.716022491455078
V247S:Y259P,-17.599491119384766
V247S:Y259R,-14.770017623901367
V247S:Y259S,-14.650333404541016
V247S:Y259T,-14.35200309753418
V247S:Y259V,-13.815101623535156
V247S:Y259Q,-14.235849380493164
V247I:Y259G,-13.379233360290527
V247I:Y259F,-6.480469703674316
V247I:Y259E,-16.02777099609375
V247I:Y259D,-16.67144775390625
V247I:Y259C,-12.467058181762695
V247I:Y259A,-13.10913372039795
V247I:Y259M,-12.209407806396484
V247I:Y259N,-13.382335662841797
V247I:Y259P,-17.265804290771484
V247I:Y259V,-13.481415748596191
V247I:Y259T,-14.018316268920898
V247I:Y259S,-14.316646575927734
V247I:Y259R,-14.436330795288086
V247I:Y259Q,-13.9021635055542
V247H:Y259E,-15.554323196411133
V247H:Y259D,-16.197999954223633
V247H:Y259C,-11.993610382080078
V247H:Y259A,-12.635686874389648
V247H:Y259F,-6.007022380828857
V247H:Y259G,-12.905786514282227
V247H:Y259V,-13.00796890258789
V247H:Y259T,-13.544868469238281
V247H:Y259R,-13.962882995605469
V247H:Y259Q,-13.428716659545898
V247H:Y259P,-16.7923583984375
V247H:Y259N,-12.90888786315918
V247H:Y259M,-11.735960006713867
V247H:Y259S,-13.843198776245117
V247L:Y259V,-13.407133102416992
V247L:Y259T,-13.944032669067383
V247L:Y259S,-14.242362976074219
V247L:Y259R,-14.36204719543457
V247L:Y259P,-17.1915225982666
V247L:Y259N,-13.308052062988281
V247L:Y259M,-12.135124206542969
V247L:Y259Q,-13.827880859375
V247M:Y259G,-13.486488342285156
V247M:Y259F,-6.587724685668945
V247M:Y259E,-16.135025024414062
V247M:Y259D,-16.778701782226562
V247M:Y259C,-12.574313163757324
V247M:Y259A,-13.216388702392578
V247M:Y259N,-13.489590644836426
V247M:Y259M,-12.316662788391113
V247M:Y259V,-13.58867073059082
V247M:Y259T,-14.125571250915527
V247M:Y259S,-14.423901557922363
V247M:Y259R,-14.543585777282715
V247M:Y259Q,-14.009418487548828
V247M:Y259P,-17.37306022644043
V247L:Y259G,-13.304950714111328
V247L:Y259F,-6.406186580657959
V247L:Y259E,-15.953487396240234
V247L:Y259D,-16.597164154052734
V247K:Y259V,-13.408648490905762
V247K:Y259S,-14.243879318237305
V247K:Y259T,-13.945549011230469
V247K:Y259R,-14.363563537597656
V247K:Y259Q,-13.82939624786377
V247K:Y259P,-17.193038940429688
V247K:Y259N,-13.309568405151367
V247K:Y259M,-12.136640548706055
V247K:Y259G,-13.306466102600098
V247K:Y259F,-6.407702445983887
V247K:Y259E,-15.955002784729004
V247K:Y259D,-16.598678588867188
V247K:Y259C,-12.394290924072266
V247K:Y259A,-13.03636646270752
V247L:Y259C,-12.39277458190918
V247L:Y259A,-13.03485107421875
V247D:Y259D,-17.64459991455078
V247D:Y259C,-13.440211296081543
V247D:Y259A,-14.082286834716797
V247D:Y259E,-17.00092315673828
V247D:Y259F,-7.453622817993164
V247D:Y259V,-14.454568862915039
V247D:Y259T,-14.991469383239746
V247D:Y259G,-14.352386474609375
V247D:Y259S,-15.289799690246582
V247D:Y259Q,-14.875316619873047
V247D:Y259P,-18.23895835876465
V247D:Y259N,-14.355488777160645
V247D:Y259M,-13.182560920715332
V247D:Y259R,-15.409483909606934
V247E:Y259G,-14.221887588500977
V247E:Y259F,-7.323123455047607
V247E:Y259E,-16.870424270629883
V247E:Y259D,-17.514101028442383
V247E:Y259C,-13.309711456298828
V247E:Y259A,-13.951787948608398
V247E:Y259N,-14.22498893737793
V247E:Y259M,-13.052061080932617
V247G:Y259A,-12.994379043579102
V247G:Y259D,-16.556692123413086
V247G:Y259V,-13.366661071777344
V247G:Y259T,-13.90356159210205
V247G:Y259S,-14.201891899108887
V247G:Y259R,-14.321576118469238
V247G:Y259Q,-13.787408828735352
V247G:Y259P,-17.151050567626953
V247G:Y259C,-12.352303504943848
V247G:Y259N,-13.26758098602295
V247G:Y259G,-13.26447868347168
V247G:Y259F,-6.365715026855469
V247G:Y259E,-15.913015365600586
V247G:Y259M,-12.094653129577637
V247E:Y259V,-14.32406997680664
V247E:Y259T,-14.860969543457031
V247E:Y259S,-15.159299850463867
V247E:Y259P,-18.10845947265625
V247E:Y259R,-15.278984069824219
V247E:Y259Q,-14.744817733764648
V247F:Y259P,-16.46628189086914
V247F:Y259N,-12.582812309265137
V247F:Y259M,-11.409884452819824
V247F:Y259Q,-13.102640151977539
V247F:Y259G,-12.579710006713867
V247F:Y259E,-15.228246688842773
V247F:Y259D,-15.871923446655273
V247F:Y259C,-11.667534828186035
V247F:Y259A,-12.309610366821289
V247F:Y259F,-5.680946350097656
V247F:Y259R,-13.636807441711426
V247F:Y259T,-13.218792915344238
V247F:Y259S,-13.517123222351074
V247F:Y259V,-12.681892395019531
A250L:T277E,-4.584375381469727
A250L:T277G,-7.821870803833008
A250L:T277I,-5.024518013000488
A250L:T277K,-5.450796604156494
A250L:T277L,-4.210536956787109
A250L:T277M,-4.592733383178711
A250L:T277N,-6.166197776794434
A250L:T277P,-16.27197265625
A250L:T281I,-9.898008346557617
A250L:T281K,-8.862556457519531
A250L:T281L,-10.5232515335083
A250L:T281M,-10.395210266113281
A250L:T281N,-8.734321594238281
A250L:T281P,-16.365549087524414
A250L:T281Q,-9.703651428222656
A250L:T281V,-9.019144058227539
A250L:T281W,-9.397430419921875
A250L:T281Y,-9.748184204101562
A250L:T281H,-9.609638214111328
A250L:V247E,-9.000530242919922
A250L:V247F,-7.3583526611328125
A250L:V247G,-8.043121337890625
A250L:V247H,-7.684429168701172
A250L:V247I,-8.157876968383789
A250L:V247K,-8.08510971069336
A250L:V247L,-8.083593368530273
A250L:V247M,-8.265130996704102
A250L:V247N,-8.066896438598633
A250L:V247P,-8.271327018737793
A250L:V247S,-8.491562843322754
A250L:V247D,-9.13102912902832
A250L:T281G,-10.937715530395508
A250L:T277R,-5.821414470672607
A250L:T277S,-7.274791717529297
A250L:T277V,-4.545834541320801
A250L:T277W,-5.774799346923828
A250L:T277Y,-5.95592737197876
A250L:T281F,-10.274742126464844
A250L:T281C,-9.506816864013672
A250L:T281D,-10.38306999206543
A250L:T237Y,-11.821081161499023
A250L:T237W,-10.63296127319336
A250L:T237V,-11.351146697998047
A250L:T237R,-11.419124603271484
A250L:T237Q,-11.73921012878418
A250L:T237M,-11.962385177612305
A250L:T237L,-12.340065002441406
A250L:T237K,-11.874434471130371
A250L:T237I,-12.160409927368164
A250L:T237F,-12.202768325805664
A250L:T237P,-14.122446060180664
A250L:N263Y,-15.97885513305664
A250L:N263W,-15.901552200317383
A250L:N263V,-12.804443359375
A250L:N263T,-11.95144271850586
A250L:N263S,-10.812049865722656
A250L:N263R,-14.636695861816406
A250L:N263Q,-12.751447677612305
A250L:N263P,-18.8889217376709
A250L:N263M,-13.604227066040039
A250L:N263L,-13.840250015258789
A250L:N263K,-15.233217239379883
A250L:N263I,-13.25511360168457
A250L:N263H,-13.500812530517578
A250L:T237G,-13.159488677978516
A250L:V247T,-7.9331464767456055
A250L:K257C,-18.099342346191406
A250L:G264W,-8.068201065063477
A250L:G264T,-10.786014556884766
A250L:G264S,-9.344364166259766
A250L:G264R,-11.20573616027832
A250L:G264Q,-9.796018600463867
A250L:G264P,-16.281999588012695
A250L:G264N,-9.085596084594727
A250L:G264K,-10.996543884277344
A250L:G264F,-10.28945541381836
A250L:G264E,-11.540422439575195
A250L:G264D,-11.595512390136719
A250L:G264V,-11.20937442779541
A250L:K257D,-20.552465438842773
A250L:K257E,-18.909982681274414
A250L:K257F,-19.981304168701172
A250L:N263F,-16.641469955444336
A250L:N263E,-14.665027618408203
A250L:N263D,-15.533514022827148
A250L:N263C,-10.238676071166992
A250L:N263A,-12.425321578979492
A250L:K257Y,-19.304054260253906
A250L:K257W,-19.976306915283203
A250L:K257V,-19.431907653808594
A250L:K257T,-18.06571388244629
A250L:K257R,-14.928352355957031
A250L:K257M,-17.220081329345703
A250L:K257L,-17.49205780029297
A250L:K257I,-18.423828125
A250L:K257H,-18.579010009765625
A250L:K257G,-19.076326370239258
A250L:N263G,-12.495721817016602
A250L:V247W,-6.299516201019287
A250L:V247Y,-6.81688928604126
A250L:Y259P,-17.196739196777344
A250L:Y259Q,-13.833097457885742
A250L:Y259R,-14.367265701293945
A250L:Y259S,-14.247581481933594
A250L:Y259T,-13.949251174926758
A250L:Y259V,-13.412349700927734
A250L:Y259N,-13.313270568847656
A250L:Y259M,-12.140342712402344
A250L:Y259A,-13.040067672729492
A250L:Y259C,-12.397993087768555
A250L:Y259D,-16.602380752563477
A250L:Y259E,-15.958703994750977
A250L:Y259F,-6.411404132843018
A250L:Y259G,-13.31016731262207
A250L:G264A,-8.797298431396484
A250L:G240W,-12.951543807983398
A250K:T237Q,-14.731565475463867
A250K:T237P,-17.11480140686035
A250K:T237M,-14.954740524291992
A250K:T237L,-15.332420349121094
A250K:T237K,-14.866789817810059
A250K:T237I,-15.152765274047852
A250K:T237G,-16.151844024658203
A250K:T237F,-15.195123672485352
A250K:N263S,-13.804405212402344
A250K:N263R,-17.629051208496094
A250K:N263Q,-15.743803024291992
A250K:N263P,-21.881277084350586
A250K:N263M,-16.596582412719727
A250K:N263L,-16.832605361938477
A250K:N263K,-18.22557258605957
A250K:N263I,-16.247468948364258
A250K:N263H,-16.493167877197266
A250K:N263G,-15.488077163696289
A250K:N263F,-19.633825302124023
A250K:N263E,-17.65738296508789
A250K:N263D,-18.525869369506836
A250K:N263C,-13.23103141784668
A250K:N263T,-14.943798065185547
A250K:T237R,-14.411479949951172
A250K:N263V,-15.796798706054688
A250K:N263Y,-18.971210479736328
A250K:N263W,-18.89390754699707
A250K:T237V,-14.343502044677734
A250K:T237W,-13.625316619873047
A250K:T237Y,-14.813436508178711
A250K:E268P,-12.98340892791748
A250K:E268Q,-9.248516082763672
A250K:E268R,-9.370441436767578
A250K:E268S,-9.440608978271484
A250K:E268T,-8.265717506408691
A250K:E268Y,-9.534165382385254
A250K:E268N,-9.502313613891602
A250K:E268M,-9.154430389404297
A250K:E268K,-8.608430862426758
A250K:E268D,-10.544994354248047
A250K:E268F,-9.62234115600586
A250K:E268G,-9.405126571655273
A250K:E268H,-9.325830459594727
A250K:E268I,-7.811705589294434
A250K:E268L,-8.692434310913086
A250K:Y259N,-16.305625915527344
A250K:Y259M,-15.132698059082031
A250K:Y259G,-16.302522659301758
A250K:Y259F,-9.403759002685547
A250K:Y259E,-18.951059341430664
A250K:Y259D,-19.594736099243164
A250K:Y259C,-15.390348434448242
A250K:Y259A,-16.03242301940918
A250K:Y259P,-20.18909454345703
A250K:Y259Q,-16.82545280456543
A250K:Y259R,-17.359621047973633
A250K:Y259S,-17.23993682861328
A250K:Y259V,-16.404705047607422
A250K:Y259T,-16.941606521606445
A250K:T277P,-19.264328002929688
A250K:T277N,-9.158553123474121
A250K:T277M,-7.585088729858398
A250K:T277L,-7.202892303466797
A250K:T277K,-8.44315242767334
A250K:T277I,-8.016873359680176
A250K:T277G,-10.814226150512695
A250K:T277E,-7.576730728149414
A250K:T277R,-8.813770294189453
A250K:T277V,-7.538189888000488
A250K:T277Y,-8.948283195495605
A250K:T277W,-8.767154693603516
A250K:T277S,-10.267147064208984
A250K:V247Y,-9.809244155883789
A250K:V247W,-9.291872024536133
A250K:V247T,-10.925501823425293
A250K:V247S,-11.483918190002441
A250K:T281P,-19.3579044342041
A250K:T281N,-11.726676940917969
A250K:T281M,-13.387565612792969
A250K:T281L,-13.515606880187988
A250K:T281K,-11.854911804199219
A250K:T281I,-12.890363693237305
A250K:T281H,-12.601993560791016
A250K:T281G,-13.930070877075195
A250K:T281F,-13.267097473144531
A250K:T281D,-13.375425338745117
A250K:T281C,-12.49917221069336
A250K:T281Q,-12.696006774902344
A250K:T281V,-12.011499404907227
A250K:V247P,-11.26368236541748
A250K:V247N,-11.05925178527832
A250K:V247M,-11.257486343383789
A250K:V247L,-11.075948715209961
A250K:V247K,-11.077465057373047
A250K:V247I,-11.150232315063477
A250K:V247H,-10.67678451538086
A250K:V247G,-11.035476684570312
A250K:V247F,-10.3507080078125
A250K:V247E,-11.99288558959961
A250K:V247D,-12.123384475708008
A250K:T281Y,-12.74053955078125
A250K:T281W,-12.389785766601562
A250L:G240D,-14.610671997070312
A250L:G240E,-14.563545227050781
A250L:G240F,-14.474300384521484
A250L:G240H,-14.358175277709961
A250L:G240I,-14.042806625366211
A250L:G240K,-15.012884140014648
A250L:G240L,-14.615182876586914
A250L:G240R,-14.527101516723633
A250L:G240S,-13.467510223388672
A250L:G240T,-13.805768966674805
A250L:G240V,-13.361845016479492
A250L:G240C,-12.926782608032227
A250L:G240A,-13.325374603271484
A250L:E268D,-7.552638530731201
A250L:E268F,-6.62998628616333
A250L:E268G,-6.412771224975586
A250L:E268H,-6.333475589752197
A250L:E268I,-4.819350242614746
A250L:E268K,-5.6160759925842285
A250L:E268L,-5.700078964233398
A250L:E268M,-6.162075519561768
A250L:E268N,-6.509957790374756
A250L:E268P,-9.991053581237793
A250L:E268Q,-6.256160736083984
A250L:E268R,-6.378086566925049
A250L:E268S,-6.448254108428955
A250L:E268T,-5.273362159729004
A250L:E268Y,-6.541810035705566
A250K:K257F,-22.97365951538086
A250K:K257E,-21.9023380279541
A250K:K257D,-23.54482078552246
A250K:K257C,-21.091697692871094
A250K:K257G,-22.068681716918945
A250K:K257H,-21.571365356445312
A250K:K257L,-20.484413146972656
A250K:K257Y,-22.296409606933594
A250K:K257W,-22.96866226196289
A250K:K257V,-22.42426300048828
A250K:K257T,-21.058069229125977
A250K:K257R,-17.92070770263672
A250K:K257M,-20.21243667602539
A250K:K257I,-21.416183471679688
A250L:G240Y,-14.388986587524414
A250K:G264W,-11.060556411743164
A250K:G264V,-14.201729774475098
A250K:G264T,-13.778369903564453
A250K:G264S,-12.336719512939453
A250K:G264R,-14.198091506958008
A250K:G264Q,-12.788373947143555
A250K:G264P,-19.274354934692383
A250K:G264N,-12.077951431274414
A250K:G264K,-13.988899230957031
A250K:G240F,-17.466655731201172
A250K:G240E,-17.55590057373047
A250K:G240D,-17.60302734375
A250K:G240C,-15.919137954711914
A250K:G240A,-16.317729949951172
A250K:G240H,-17.35053062438965
A250K:G240I,-17.0351619720459
A250K:G240L,-17.6075382232666
A250K:G264F,-13.281810760498047
A250K:G264E,-14.532777786254883
A250K:G264D,-14.587867736816406
A250K:G264A,-11.789653778076172
A250K:G240Y,-17.3813419342041
A250K:G240W,-15.943899154663086
A250K:G240V,-16.35420036315918
A250K:G240T,-16.798124313354492
A250K:G240S,-16.45986557006836
A250K:G240R,-17.51945686340332
A250K:G240K,-18.005239486694336
A250P:Y259M,-6.985321044921875
A250P:Y259N,-8.158248901367188
A250P:Y259P,-12.041718482971191
A250P:Y259Q,-8.67807674407959
A250P:Y259R,-9.212244033813477
A250P:Y259S,-9.092559814453125
A250P:Y259T,-8.794229507446289
A250P:Y259V,-8.257328987121582
A250P:Y259G,-8.155146598815918
A250P:Y259F,-1.256382942199707
A250P:Y259E,-10.803683280944824
A250P:Y259A,-7.88504695892334
A250P:Y259C,-7.242971420288086
A250P:Y259D,-11.447360038757324
A250P:T277R,-0.6663933992385864
A250P:T277S,-2.1197705268859863
A250P:T277V,0.6091867685317993
A250P:T277W,-0.6197782754898071
A250P:T277Y,-0.8009063005447388
A250P:T277P,-11.116951942443848
A250P:T277N,-1.011176586151123
A250P:T277M,0.5622876882553101
A250P:T277E,0.5706459283828735
A250P:T277G,-2.6668496131896973
A250P:T277I,0.13050305843353271
A250P:T277K,-0.29577553272247314
A250P:T277L,0.9444843530654907
A250P:T281D,-5.228049278259277
A250P:V247P,-3.1163058280944824
A250P:V247S,-3.3365416526794434
A250P:V247T,-2.778125286102295
A250P:V247W,-1.1444950103759766
A250P:V247Y,-1.6618680953979492
A250P:V247N,-2.911874771118164
A250P:V247M,-3.110110282897949
A250P:V247L,-2.928572177886963
A250P:V247K,-2.9300880432128906
A250P:T281F,-5.119721412658691
A250P:T281G,-5.7826948165893555
A250P:T281H,-4.454617023468018
A250P:T281I,-4.742986679077148
A250P:T281K,-3.7075347900390625
A250P:T281L,-5.36823034286499
A250P:T281M,-5.240189552307129
A250P:T281N,-3.579300880432129
A250P:T281P,-11.210527420043945
A250P:T281Q,-4.548630237579346
A250P:T281C,-4.3517961502075195
A250P:T281V,-3.8641233444213867
A250P:T281W,-4.2424092292785645
A250P:T281Y,-4.593163013458252
A250P:V247D,-3.976008415222168
A250P:V247E,-3.8455090522766113
A250P:V247F,-2.203331708908081
A250P:V247G,-2.8881006240844727
A250P:V247H,-2.5294079780578613
A250P:V247I,-3.0028553009033203
A250P:K257I,-13.268807411193848
A250P:K257L,-12.337037086486816
A250P:K257M,-12.065059661865234
A250P:K257R,-9.773331642150879
A250P:K257T,-12.91069221496582
A250P:K257V,-14.276886940002441
A250P:K257W,-14.821285247802734
A250P:K257Y,-14.149033546447754
A250P:K257H,-13.423988342285156
A250P:K257G,-13.921304702758789
A250P:K257E,-13.754961013793945
A250P:K257C,-12.944321632385254
A250P:K257D,-15.397444725036621
A250P:K257F,-14.82628345489502
A250P:G264D,-6.44049072265625
A250P:G264E,-6.385401725769043
A250P:G264F,-5.134433746337891
A250P:G264K,-5.841523170471191
A250P:G264N,-3.930574893951416
A250P:G264P,-11.126978874206543
A250P:G264Q,-4.640997886657715
A250P:G264R,-6.05071496963501
A250P:G264T,-5.630993843078613
A250P:G264V,-6.0543532371521
A250P:G264W,-2.913179874420166
A250P:G264S,-4.189343452453613
A250P:T237L,-7.185044288635254
A250P:T237M,-6.807364463806152
A250P:T237P,-8.967424392700195
A250P:T237Q,-6.584189414978027
A250P:T237R,-6.264103412628174
A250P:T237V,-6.196125030517578
A250P:T237W,-5.477940559387207
A250P:T237Y,-6.666060447692871
A250P:T237K,-6.7194132804870605
A250P:T237I,-7.005389213562012
A250P:T237G,-8.004467964172363
A250P:N263A,-7.270299911499023
A250P:N263C,-5.083654403686523
A250P:N263D,-10.378493309020996
A250P:N263E,-9.51000690460205
A250P:N263F,-11.486449241638184
A250P:N263G,-7.340701103210449
A250P:N263H,-8.34579086303711
A250P:N263I,-8.100091934204102
A250P:N263K,-10.07819652557373
A250P:N263M,-8.44920539855957
A250P:T237F,-7.047746658325195
A250P:N263P,-13.733901023864746
A250P:N263Q,-7.596426010131836
A250P:N263R,-9.481675148010254
A250P:N263S,-5.657029151916504
A250P:N263T,-6.796422004699707
A250P:N263V,-7.649422645568848
A250P:N263W,-10.746530532836914
A250P:N263Y,-10.823834419250488
A250P:N263L,-8.685229301452637
A250P:G264A,-3.6422767639160156
A250P:G240Y,-9.233964920043945
A250P:G240W,-7.796523094177246
A250P:E268I,0.335671067237854
A250P:E268K,-0.4610546827316284
A250P:E268L,-0.5450576543807983
A250P:E268M,-1.007054328918457
A250P:E268N,-1.3549365997314453
A250P:E268P,-4.836032390594482
A250P:E268Q,-1.1011395454406738
A250P:E268R,-1.2230653762817383
A250P:E268S,-1.2932329177856445
A250P:E268T,-0.11834084987640381
A250P:E268Y,-1.3867888450622559
A250P:E268H,-1.1784543991088867
A250P:G240A,-8.170353889465332
A250P:G240C,-7.771761894226074
A250P:G240D,-9.455650329589844
A250P:G240E,-9.408524513244629
A250P:G240F,-9.319279670715332
A250P:G240H,-9.203154563903809
A250P:G240I,-8.887785911560059
A250P:G240K,-9.857863426208496
A250P:G240L,-9.460162162780762
A250P:G240R,-9.372079849243164
A250P:G240S,-8.31248950958252
A250P:G240T,-8.650748252868652
A250P:G240V,-8.20682430267334
A250P:E268G,-1.2577500343322754
A250P:E268D,-2.3976173400878906
A250P:E268F,-1.4749650955200195
A250E:G264K,-8.187583923339844
A250E:G264N,-6.276636123657227
A250E:G264P,-13.473039627075195
A250E:G264Q,-6.987059116363525
A250E:G264R,-8.39677619934082
A250E:G264S,-6.535404682159424
A250E:G264T,-7.977055072784424
A250E:G264V,-8.40041446685791
A250E:G264W,-5.259241104125977
A250E:G264F,-7.480494976043701
A250E:G264E,-8.731462478637695
A250E:G264D,-8.786552429199219
A250E:E268N,-3.700997829437256
A250E:E268P,-7.182093620300293
A250E:E268Q,-3.4472007751464844
A250E:E268R,-3.569126605987549
A250E:E268S,-3.639294147491455
A250E:E268T,-2.464402198791504
A250E:E268Y,-3.7328500747680664
A250E:G240A,-10.516414642333984
A250E:G240C,-10.117822647094727
A250E:G240D,-11.801712036132812
A250E:G240E,-11.754585266113281
A250E:G240F,-11.665340423583984
A250E:G240H,-11.549215316772461
A250E:G240I,-11.233846664428711
A250E:G240K,-12.203924179077148
A250E:G240L,-11.806222915649414
A250E:G240R,-11.718141555786133
A250E:G240S,-10.658550262451172
A250E:G240T,-10.996809005737305
A250E:G240V,-10.552885055541992
A250E:G240W,-10.142583847045898
A250E:G240Y,-11.580026626586914
A250E:G264A,-5.988337993621826
A250E:E268M,-3.3531155586242676
A250E:N263A,-9.616361618041992
A250E:N263C,-7.429715633392334
A250E:N263D,-12.724554061889648
A250E:N263E,-11.856067657470703
A250E:N263F,-13.832509994506836
A250E:N263G,-9.686761856079102
A250E:N263H,-10.691852569580078
A250E:N263I,-10.44615364074707
A250E:N263K,-12.424257278442383
A250E:N263L,-11.031290054321289
A250E:N263M,-10.795267105102539
A250E:N263P,-16.0799617767334
A250E:N263Q,-9.942487716674805
A250E:T237F,-9.393808364868164
A250E:T237G,-10.350528717041016
A250E:N263R,-11.827735900878906
A250E:N263S,-8.003089904785156
A250E:N263T,-9.14248275756836
A250E:N263V,-9.9954833984375
A250E:N263W,-13.092592239379883
A250E:N263Y,-13.16989517211914
A250E:K257R,-12.119392395019531
A250E:K257T,-15.256753921508789
A250E:K257V,-16.622947692871094
A250E:K257W,-17.167346954345703
A250E:K257Y,-16.495094299316406
A250E:K257M,-14.411121368408203
A250E:K257L,-14.683097839355469
A250E:K257I,-15.6148681640625
A250E:K257H,-15.770050048828125
A250E:K257C,-15.290382385253906
A250E:K257D,-17.743505477905273
A250E:K257E,-16.101022720336914
A250E:K257F,-17.172344207763672
A250E:K257G,-16.267366409301758
A250E:E268L,-2.8911190032958984
A250E:E268K,-2.8071160316467285
A250E:E268I,-2.010390281677246
A250D:Y259N,-12.601475715637207
A250D:Y259P,-16.48494529724121
A250D:Y259Q,-13.12130355834961
A250D:Y259R,-13.655470848083496
A250D:Y259S,-13.535786628723145
A250D:Y259T,-13.237456321716309
A250D:Y259V,-12.700555801391602
A250D:Y259M,-11.428547859191895
A250D:Y259A,-12.32827377319336
A250D:Y259C,-11.686198234558105
A250D:Y259D,-15.890586853027344
A250D:Y259E,-15.246910095214844
A250D:Y259F,-5.699609756469727
A250D:Y259G,-12.598373413085938
A250D:T277Y,-5.244132995605469
A250D:T281C,-8.795022964477539
A250D:T281D,-9.671276092529297
A250D:T277W,-5.063004970550537
A250D:T277V,-3.8340401649475098
A250D:T277S,-6.562997341156006
A250D:T277R,-5.109620094299316
A250D:T277E,-3.8725810050964355
A250D:T277G,-7.110076427459717
A250D:T277I,-4.312723636627197
A250D:T277K,-4.739002227783203
A250D:T277L,-3.4987425804138184
A250D:T277M,-3.88093900680542
A250D:T277N,-5.454403400421143
A250D:T277P,-15.560178756713867
A250D:T281F,-9.562948226928711
A250D:T281H,-8.897844314575195
A250D:V247T,-7.2213521003723145
A250D:V247W,-5.587721824645996
A250D:V247Y,-6.105094909667969
A250D:V247S,-7.779768466949463
A250D:V247P,-7.559532642364502
A250D:T281I,-9.186213493347168
A250D:T281K,-8.150761604309082
A250D:T281L,-9.811456680297852
A250D:T281M,-9.683416366577148
A250D:T281N,-8.022527694702148
A250D:T281P,-15.653754234313965
A250D:T281Q,-8.991857528686523
A250D:T281V,-8.307350158691406
A250D:T281W,-8.685636520385742
A250D:T281G,-10.225921630859375
A250D:T281Y,-9.03639030456543
A250D:V247D,-8.419235229492188
A250D:V247E,-8.288736343383789
A250D:V247F,-6.64655876159668
A250D:V247G,-7.331327438354492
A250D:V247H,-6.972634792327881
A250D:V247I,-7.44608211517334
A250D:V247K,-7.37331485748291
A250D:V247L,-7.371798992156982
A250D:V247M,-7.553337097167969
A250D:V247N,-7.355101585388184
A250E:E268D,-4.743678569793701
A250E:E268F,-3.82102632522583
A250E:E268G,-3.603811264038086
A250E:E268H,-3.5245156288146973
A250E:T237I,-9.351449966430664
A250E:T237K,-9.065474510192871
A250E:T237M,-9.153425216674805
A250F:E268M,-2.36765193939209
A250F:E268N,-2.715534210205078
A250F:E268P,-6.196630001068115
A250F:E268Q,-2.4617371559143066
A250F:E268R,-2.583662986755371
A250F:E268S,-2.6538305282592773
A250F:E268T,-1.4789384603500366
A250F:E268Y,-2.7473864555358887
A250F:G240A,-9.530951499938965
A250F:G240C,-9.132359504699707
A250F:G240D,-10.816247940063477
A250F:G240E,-10.769122123718262
A250F:G240F,-10.679877281188965
A250F:G240H,-10.563752174377441
A250F:G240I,-10.248383522033691
A250F:G240K,-11.218461036682129
A250F:G240L,-10.820759773254395
A250F:G240R,-10.732677459716797
A250F:G240S,-9.673087120056152
A250F:G240T,-10.011345863342285
A250F:G240V,-9.567421913146973
A250F:G240W,-9.157120704650879
A250F:G240Y,-10.594562530517578
A250F:E268L,-1.9056552648544312
A250F:E268K,-1.8216522932052612
A250F:E268I,-1.0249265432357788
A250F:E268H,-2.5390520095825195
A250F:G264A,-5.002874374389648
A250F:E268D,-3.7582149505615234
A250F:E268F,-2.8355627059936523
A250F:E268G,-2.618347644805908
A250F:G264E,-7.745999336242676
A250F:K257L,-13.69763469696045
A250F:K257M,-13.425657272338867
A250F:K257R,-11.133929252624512
A250F:K257T,-14.271289825439453
A250F:K257V,-15.637484550476074
A250F:K257W,-16.181882858276367
A250F:K257Y,-15.509631156921387
A250F:K257I,-14.62940502166748
A250F:K257H,-14.784585952758789
A250F:K257F,-16.18688201904297
A250F:K257C,-14.304919242858887
A250F:K257D,-16.758041381835938
A250F:K257E,-15.115558624267578
A250F:K257G,-15.281902313232422
A250F:G264F,-6.495031356811523
A250F:G264K,-7.202120780944824
A250F:G264N,-5.291172504425049
A250F:G264P,-12.487576484680176
A250F:G264Q,-6.001595497131348
A250F:G264R,-7.411312580108643
A250F:G264S,-5.549941062927246
A250F:G264T,-6.991591453552246
A250F:G264W,-4.273777484893799
A250F:G264V,-7.414950847625732
A250F:G264D,-7.801088333129883
A250E:T277S,-4.465831756591797
A250E:T277V,-1.7368744611740112
A250E:T277W,-2.965839385986328
A250E:T277Y,-3.1469674110412598
A250E:T277R,-3.0124545097351074
A250E:T281C,-6.69785737991333
A250E:T277N,-3.3572378158569336
A250E:T277E,-1.775415301322937
A250E:T277G,-5.012910842895508
A250E:T277I,-2.2155580520629883
A250E:T277K,-2.641836643218994
A250E:T277L,-1.4015768766403198
A250E:T277M,-1.7837735414505005
A250E:T277P,-13.4630126953125
A250E:T281D,-7.574110507965088
A250E:T281F,-7.465782642364502
A250E:V247S,-5.682602882385254
A250E:V247T,-5.1241865158081055
A250E:V247W,-3.490556240081787
A250E:V247Y,-4.00792932510376
A250E:V247P,-5.462367057800293
A250E:V247N,-5.257936000823975
A250E:V247M,-5.45617151260376
A250E:T281G,-8.128755569458008
A250E:T281H,-6.800678253173828
A250E:T281I,-7.089047908782959
A250E:T281K,-6.053596019744873
A250E:T281L,-7.714291572570801
A250E:T281M,-7.5862507820129395
A250E:T281N,-5.9253621101379395
A250E:T281P,-13.556589126586914
A250E:T281Q,-6.894691467285156
A250E:T281V,-6.210184574127197
A250E:T281Y,-6.9392242431640625
A250E:V247D,-6.3220696449279785
A250E:V247E,-6.191570281982422
A250E:V247F,-4.5493927001953125
A250E:V247G,-5.234161853790283
A250E:V247H,-4.875469207763672
A250E:V247I,-5.348916530609131
A250E:V247K,-5.276149272918701
A250E:V247L,-5.274633407592773
A250E:T281W,-6.588470458984375
A250E:T237P,-11.313486099243164
A250E:T237Q,-8.93025016784668
A250E:T237R,-8.610164642333984
A250E:T237V,-8.542186737060547
A250E:T237W,-7.824001789093018
A250E:T237Y,-9.012121200561523
A250E:T237L,-9.531105041503906
A250E:Y259M,-9.331382751464844
A250E:Y259N,-10.504310607910156
A250E:Y259P,-14.387779235839844
A250E:Y259Q,-11.024137496948242
A250E:Y259R,-11.558305740356445
A250E:Y259S,-11.438621520996094
A250E:Y259T,-11.140291213989258
A250E:Y259V,-10.603389739990234
A250E:Y259A,-10.231107711791992
A250E:Y259C,-9.589033126831055
A250E:Y259D,-13.793420791625977
A250E:Y259E,-13.149744033813477
A250E:Y259F,-3.6024441719055176
A250E:Y259G,-10.50120735168457
A250C:N263E,-8.61848258972168
A250C:N263F,-10.594924926757812
A250C:N263H,-7.45426607131958
A250C:N263I,-7.208567142486572
A250C:N263K,-9.18667221069336
A250C:N263L,-7.793704509735107
A250C:N263M,-7.557680606842041
A250C:N263P,-12.842376708984375
A250C:N263Q,-6.704901218414307
A250C:N263R,-8.590150833129883
A250C:N263S,-4.765504360198975
A250C:N263V,-6.757897853851318
A250C:T237F,-6.156221866607666
A250C:T237G,-7.112943172454834
A250C:T237I,-6.113864421844482
A250C:T237K,-5.827888488769531
A250C:T237L,-6.293519496917725
A250C:T237M,-5.915839672088623
A250C:N263W,-9.855005264282227
A250C:N263Y,-9.932310104370117
A250C:K257M,-11.173534393310547
A250C:K257R,-8.881807327270508
A250C:K257T,-12.019166946411133
A250C:K257V,-13.38536262512207
A250C:K257W,-13.929759979248047
A250C:K257Y,-13.257509231567383
A250C:K257L,-11.445512771606445
A250C:K257I,-12.377283096313477
A250C:K257H,-12.532463073730469
A250C:K257G,-13.029779434204102
A250C:K257C,-12.052797317504883
A250C:K257D,-14.50592041015625
A250C:K257E,-12.863435745239258
A250C:K257F,-13.934759140014648
A250C:T237P,-8.075899124145508
A250C:T237R,-5.3725786209106445
A250C:T281C,-3.4602713584899902
A250C:T281D,-4.336524486541748
A250C:T277Y,0.09061849117279053
A250C:T281F,-4.228196620941162
A250C:T277W,0.27174651622772217
A250C:T277S,-1.228245735168457
A250C:T277E,1.4621707201004028
A250C:T277G,-1.775324821472168
A250C:T277I,1.022027850151062
A250C:T277K,0.5957492589950562
A250C:T277L,1.83600914478302
A250C:T277M,1.4538124799728394
A250C:T277N,-0.11965179443359375
A250C:T277P,-10.225427627563477
A250C:T277R,0.22513139247894287
A250C:T277V,1.5007115602493286
A250C:T281G,-4.891170024871826
A250C:T281H,-3.5630922317504883
A250C:T281I,-3.851461887359619
A250C:V247W,-0.25297021865844727
A250C:V247Y,-0.7703433036804199
A250C:V247T,-1.8866004943847656
A250C:V247S,-2.445016860961914
A250C:T281K,-2.816009998321533
A250C:T281L,-4.476705551147461
A250C:T281M,-4.3486647605896
A250C:T281N,-2.6877760887145996
A250C:T281P,-10.319002151489258
A250C:T281Q,-3.6571054458618164
A250C:T281V,-2.9725985527038574
A250C:T281W,-3.350884437561035
A250C:T281Y,-3.7016382217407227
A250C:V247D,-3.0844836235046387
A250C:V247E,-2.953984260559082
A250C:V247F,-1.3118069171905518
A250C:V247G,-1.9965758323669434
A250C:V247H,-1.637883186340332
A250C:V247I,-2.111330509185791
A250C:V247K,-2.0385632514953613
A250C:V247L,-2.0370473861694336
A250C:V247M,-2.21858549118042
A250C:V247N,-2.0203499794006348
A250C:V247P,-2.224781036376953
A250C:T237V,-5.304600238800049
A250C:T237W,-4.586415767669678
A250C:T237Y,-5.774535655975342
A250C:T237Q,-5.692664623260498
A250C:E268D,-1.5060925483703613
A250C:E268F,-0.5834403038024902
A250C:E268G,-0.3662252426147461
A250C:E268H,-0.2869296073913574
A250C:E268I,1.2271958589553833
A250C:E268K,0.4304701089859009
A250C:G264F,-4.242908954620361
A250C:G264K,-4.949998378753662
A250C:G264N,-3.0390501022338867
A250C:G264P,-10.235454559326172
A250C:G264Q,-3.7494730949401855
A250C:G264R,-5.1591901779174805
A250C:G264S,-3.297818660736084
A250C:G264T,-4.739469051361084
A250C:G264W,-2.0216550827026367
A250C:G264V,-5.16282844543457
A250C:G264E,-5.493876934051514
A250C:G264D,-5.548965930938721
A250C:G264A,-2.7507519721984863
A250C:E268L,0.34646713733673096
A250C:E268M,-0.11552953720092773
A250C:E268N,-0.463411808013916
A250C:E268P,-3.944507598876953
A250C:E268Q,-0.20961475372314453
A250C:E268R,-0.331540584564209
A250C:E268S,-0.40170812606811523
A250C:E268T,0.7731839418411255
A250C:E268Y,-0.49526405334472656
A250C:G240A,-7.278829097747803
A250C:G240C,-6.880237102508545
A250C:G240D,-8.564125061035156
A250C:G240E,-8.517000198364258
A250C:G240F,-8.427755355834961
A250C:G240H,-8.311630249023438
A250C:G240I,-7.996261119842529
A250C:G240K,-8.966339111328125
A250C:G240L,-8.56863784790039
A250C:G240R,-8.480554580688477
A250C:G240S,-7.42096471786499
A250C:G240T,-7.759223461151123
A250C:G240V,-7.3152995109558105
A250C:G240W,-6.904998302459717
A250C:G240Y,-8.342439651489258
A250D:K257R,-14.216558456420898
A250D:K257T,-17.353919982910156
A250D:K257V,-18.72011375427246
A250D:K257W,-19.264511108398438
A250D:K257Y,-18.592260360717773
A250D:K257M,-16.508285522460938
A250D:K257I,-17.712034225463867
A250D:K257C,-17.387548446655273
A250D:K257D,-19.84067153930664
A250D:K257E,-18.19818878173828
A250D:K257F,-19.26951026916504
A250D:K257G,-18.364532470703125
A250D:K257H,-17.86721420288086
A250D:K257L,-16.780263900756836
A250D:G264K,-10.284749984741211
A250D:G264N,-8.373802185058594
A250D:G264P,-15.570205688476562
A250D:G264Q,-9.084224700927734
A250D:G264R,-10.493942260742188
A250D:G264S,-8.632570266723633
A250D:G264T,-10.074220657348633
A250D:G264V,-10.497579574584961
A250D:G264W,-7.3564066886901855
A250D:T237R,-10.707330703735352
A250D:T237V,-10.639351844787598
A250D:T237W,-9.921167373657227
A250D:T237Y,-11.10928726196289
A250D:T237Q,-11.027416229248047
A250D:T237P,-13.410651206970215
A250D:T237M,-11.250591278076172
A250D:N263C,-9.526881217956543
A250D:N263D,-14.821720123291016
A250D:N263E,-13.95323371887207
A250D:N263F,-15.929676055908203
A250D:N263G,-11.783927917480469
A250D:N263H,-12.789017677307129
A250D:N263I,-12.543318748474121
A250D:N263K,-14.52142333984375
A250D:N263L,-13.128456115722656
A250D:N263M,-12.89243221282959
A250D:N263P,-18.177127838134766
A250D:N263Q,-12.039652824401855
A250D:N263R,-13.924901962280273
A250D:N263T,-11.239648818969727
A250D:T237F,-11.490973472595215
A250D:T237G,-12.447694778442383
A250D:T237I,-11.448616027832031
A250D:T237K,-11.162639617919922
A250D:T237L,-11.628271102905273
A250D:N263V,-12.092649459838867
A250D:N263W,-15.189757347106934
A250D:N263Y,-15.267061233520508
A250D:N263S,-10.100255966186523
A250D:G264F,-9.57766056060791
A250D:G264E,-10.828628540039062
A250C:Y259Q,-7.7865519523620605
A250C:Y259R,-8.320718765258789
A250C:Y259S,-8.201034545898438
A250C:Y259T,-7.90270471572876
A250C:Y259V,-7.365804195404053
A250C:Y259P,-11.15019416809082
A250C:Y259N,-7.266724109649658
A250C:Y259M,-6.093796253204346
A250C:Y259A,-6.9935221672058105
A250C:Y259C,-6.351446628570557
A250C:Y259D,-10.555835723876953
A250C:Y259E,-9.912158966064453
A250C:Y259F,-0.36485815048217773
A250C:Y259G,-7.263621807098389
A250D:E268P,-9.279258728027344
A250D:E268Q,-5.544366359710693
A250D:E268R,-5.666292190551758
A250D:E268S,-5.736459732055664
A250D:E268T,-4.561567783355713
A250D:E268Y,-5.830015659332275
A250D:E268N,-5.798163414001465
A250D:G240A,-12.613580703735352
A250D:G240C,-12.214988708496094
A250D:G240D,-13.898877143859863
A250D:G240E,-13.851751327514648
A250D:G240F,-13.762506484985352
A250D:G240H,-13.646381378173828
A250D:G240I,-13.331012725830078
A250D:G240K,-14.301090240478516
A250D:G240L,-13.903388977050781
A250D:G240R,-13.815306663513184
A250D:G240S,-12.755716323852539
A250D:G240T,-13.093975067138672
A250D:G240V,-12.65005111694336
A250D:G240W,-12.239749908447266
A250D:G240Y,-13.677191734313965
A250D:G264A,-8.085503578186035
A250D:G264D,-10.88371753692627
A250D:E268M,-5.450281143188477
A250D:E268K,-4.9042816162109375
A250D:E268L,-4.988284587860107
A250D:E268D,-6.84084415435791
A250D:E268F,-5.918191909790039
A250D:E268G,-5.700976848602295
A250D:E268H,-5.621681213378906
A250D:E268I,-4.107555866241455
A250H:Y259F,-3.8961076736450195
A250H:Y259G,-10.79487133026123
A250H:Y259M,-9.625045776367188
A250H:Y259N,-10.7979736328125
A250H:Y259P,-14.681443214416504
A250H:Y259Q,-11.317801475524902
A250H:Y259R,-11.851968765258789
A250H:Y259S,-11.732284545898438
A250H:Y259T,-11.433954238891602
A250H:Y259V,-10.897053718566895
A250H:Y259E,-13.443408012390137
A250H:Y259D,-14.087084770202637
A250H:Y259C,-9.882696151733398
A250H:Y259A,-10.524771690368652
A250H:T277N,-3.6509013175964355
A250H:T277P,-13.75667667388916
A250H:T277R,-3.3061180114746094
A250H:T277S,-4.759495258331299
A250H:T277V,-2.0305380821228027
A250H:T277W,-3.25950288772583
A250H:T277Y,-3.4406309127807617
A250H:T277M,-2.077436923980713
A250H:T277L,-1.6952403783798218
A250H:T277K,-2.935500144958496
A250H:T277I,-2.5092215538024902
A250H:T277E,-2.0690789222717285
A250H:T277G,-5.30657434463501
A250H:V247L,-5.568296909332275
A250H:V247M,-5.749835014343262
A250H:V247N,-5.551599502563477
A250H:V247P,-5.756030559539795
A250H:V247S,-5.976266384124756
A250H:V247T,-5.417850017547607
A250H:V247W,-3.784219741821289
A250H:V247Y,-4.301592826843262
A250H:V247K,-5.569812774658203
A250H:V247I,-5.642580032348633
A250H:V247H,-5.169132709503174
A250H:V247G,-5.527825355529785
A250H:T281C,-6.991520881652832
A250H:T281D,-7.86777400970459
A250H:T281F,-7.759446144104004
A250H:T281G,-8.422419548034668
A250H:T281H,-7.09434175491333
A250H:T281I,-7.382711410522461
A250H:T281K,-6.347259521484375
A250H:T281L,-8.007955551147461
A250H:T281M,-7.879914283752441
A250H:T281N,-6.219025611877441
A250H:T281Q,-7.188354969024658
A250H:T281V,-6.503848075866699
A250H:T281W,-6.882133960723877
A250H:T281Y,-7.2328877449035645
A250H:V247D,-6.6157331466674805
A250H:V247E,-6.485233783721924
A250H:V247F,-4.843056678771973
A250H:T281P,-13.850252151489258
A250H:K257F,-17.466007232666016
A250H:K257G,-16.5610294342041
A250H:K257H,-16.06371307373047
A250H:K257I,-15.90853214263916
A250H:K257L,-14.976761817932129
A250H:K257M,-14.704784393310547
A250H:K257R,-12.413056373596191
A250H:K257T,-15.550416946411133
A250H:K257V,-16.916610717773438
A250H:K257W,-17.461009979248047
A250H:K257Y,-16.78875732421875
A250H:K257E,-16.394685745239258
A250H:K257D,-18.03717041015625
A250H:K257C,-15.584046363830566
A250H:G264A,-6.282001495361328
A250H:G264D,-9.080215454101562
A250H:G264E,-9.025126457214355
A250H:G264F,-7.774158477783203
A250H:G264K,-8.481247901916504
A250H:G264N,-6.5702996253967285
A250H:G264P,-13.766703605651855
A250H:G264R,-8.690439224243164
A250H:G264S,-6.829068183898926
A250H:G264T,-8.270718574523926
A250H:G264V,-8.69407844543457
A250H:G264W,-5.5529046058654785
A250H:G264Q,-7.280722618103027
A250H:T237I,-9.645113945007324
A250H:T237K,-9.359138488769531
A250H:T237L,-9.824769020080566
A250H:T237M,-9.447089195251465
A250H:T237P,-11.607149124145508
A250H:T237Q,-9.22391414642334
A250H:T237R,-8.903827667236328
A250H:T237V,-8.83584976196289
A250H:T237W,-8.11766529083252
A250H:T237Y,-9.305785179138184
A250H:T237G,-10.644192695617676
A250H:T237F,-9.687471389770508
A250H:N263A,-9.910024642944336
A250H:N263C,-7.723379135131836
A250H:N263D,-13.018218040466309
A250H:N263E,-12.149731636047363
A250H:N263F,-14.126173973083496
A250H:N263G,-9.980425834655762
A250H:N263I,-10.739816665649414
A250H:N263K,-12.717921257019043
A250H:N263L,-11.32495403289795
A250H:N263M,-11.088930130004883
A250H:N263P,-16.373626708984375
A250H:N263Q,-10.236150741577148
A250H:N263R,-12.121399879455566
A250H:N263S,-8.296753883361816
A250H:N263T,-9.43614673614502
A250H:N263V,-10.28914737701416
A250H:N263W,-13.386255264282227
A250H:N263Y,-13.4635591506958
A250H:N263H,-10.985515594482422
A250H:G240Y,-11.873689651489258
A250I:T277K,-4.472647666931152
A250I:T277L,-3.2323880195617676
A250I:T277M,-3.614584445953369
A250I:T277N,-5.188048839569092
A250I:T277P,-15.293824195861816
A250I:T277R,-4.843265533447266
A250I:T277S,-6.296642780303955
A250I:T277V,-3.567685604095459
A250I:T277W,-4.796650409698486
A250I:T277Y,-4.977778434753418
A250I:T277I,-4.0463690757751465
A250I:T277E,-3.6062264442443848
A250I:T277G,-6.843721866607666
A250I:V247H,-6.70628023147583
A250I:V247I,-7.179727554321289
A250I:V247K,-7.106960296630859
A250I:V247L,-7.105444431304932
A250I:V247M,-7.286982536315918
A250I:V247N,-7.088747024536133
A250I:V247P,-7.293178081512451
A250I:V247S,-7.513413906097412
A250I:V247T,-6.954997539520264
A250I:V247W,-5.321367263793945
A250I:V247Y,-5.838740348815918
A250I:V247G,-7.064972877502441
A250I:V247F,-6.380204200744629
A250I:V247E,-8.022380828857422
A250I:V247D,-8.152880668640137
A250I:T281C,-8.528668403625488
A250I:T281D,-9.404921531677246
A250I:T281F,-9.29659366607666
A250I:T281G,-9.959567070007324
A250I:T281H,-8.631488800048828
A250I:T281I,-8.919858932495117
A250I:T281K,-7.884407043457031
A250I:T281M,-9.417061805725098
A250I:T281N,-7.756173133850098
A250I:T281P,-15.387399673461914
A250I:T281Q,-8.725502014160156
A250I:T281V,-8.040995597839355
A250I:T281W,-8.419281005859375
A250I:T281Y,-8.770034790039062
A250I:T281L,-9.545103073120117
A250I:T237F,-11.224618911743164
A250I:T237G,-12.181340217590332
A250I:T237I,-11.18226146697998
A250I:T237K,-10.896286010742188
A250I:T237L,-11.361916542053223
A250I:T237M,-10.984236717224121
A250I:T237P,-13.144296646118164
A250I:T237Q,-10.761061668395996
A250I:T237R,-10.440975189208984
A250I:T237W,-9.654812812805176
A250I:T237Y,-10.84293270111084
A250I:T237V,-10.372997283935547
A250I:Y259D,-15.624232292175293
A250I:Y259E,-14.980555534362793
A250I:Y259F,-5.433255195617676
A250I:Y259G,-12.332018852233887
A250I:Y259M,-11.162193298339844
A250I:Y259N,-12.335121154785156
A250I:Y259P,-16.218589782714844
A250I:Y259Q,-12.854948997497559
A250I:Y259R,-13.389116287231445
A250I:Y259S,-13.269432067871094
A250I:Y259T,-12.971101760864258
A250I:Y259V,-12.43420124053955
A250I:Y259C,-11.419843673706055
A250I:Y259A,-12.061919212341309
A250I:G240W,-11.973395347595215
A250I:G240Y,-13.410837173461914
A250I:G264A,-7.819149017333984
A250I:G264D,-10.617362976074219
A250I:G264E,-10.562273979187012
A250I:G264F,-9.31130599975586
A250I:G264K,-10.01839542388916
A250I:G264N,-8.107446670532227
A250I:G264P,-15.303851127624512
A250I:G264Q,-8.817870140075684
A250I:G264R,-10.22758674621582
A250I:G264S,-8.366215705871582
A250I:G264T,-9.807866096496582
A250I:G264V,-10.231225967407227
A250I:G264W,-7.090052127838135
A250I:G240V,-12.383696556091309
A250I:G240T,-12.827620506286621
A250I:G240S,-12.489361763000488
A250I:G240R,-13.548952102661133
A250I:E268D,-6.574489593505859
A250I:E268F,-5.651837348937988
A250I:E268G,-5.434622287750244
A250I:E268H,-5.3553266525268555
A250I:E268I,-3.8412013053894043
A250I:E268K,-4.637927055358887
A250I:E268L,-4.721930027008057
A250I:E268M,-5.183926582336426
A250I:E268N,-5.531808853149414
A250I:E268P,-9.01290512084961
A250I:E268Q,-5.278011798858643
A250I:E268R,-5.399937629699707
A250I:E268T,-4.295213222503662
A250I:E268Y,-5.563661098480225
A250I:E268S,-5.470105171203613
A250I:G240A,-12.3472261428833
A250I:G240C,-11.948634147644043
A250I:G240D,-13.632522583007812
A250I:G240E,-13.585396766662598
A250I:G240F,-13.4961519241333
A250I:G240H,-13.380026817321777
A250I:G240I,-13.064658164978027
A250I:G240K,-14.034735679626465
A250I:G240L,-13.63703441619873
A250I:N263A,-11.447172164916992
A250I:N263C,-9.260526657104492
A250I:N263D,-14.555365562438965
A250I:N263E,-13.68687915802002
A250I:N263G,-11.517573356628418
A250I:N263H,-12.522663116455078
A250I:N263I,-12.27696418762207
A250I:N263K,-14.2550687789917
A250I:N263L,-12.862101554870605
A250I:N263M,-12.626077651977539
A250I:N263P,-17.91077423095703
A250I:N263Q,-11.773298263549805
A250I:N263R,-13.658547401428223
A250I:N263S,-9.833901405334473
A250I:N263T,-10.973294258117676
A250I:N263V,-11.826294898986816
A250I:N263F,-15.663321495056152
A250I:N263W,-14.923402786254883
A250I:N263Y,-15.000706672668457
A250I:K257D,-19.574317932128906
A250I:K257E,-17.931833267211914
A250I:K257F,-19.003154754638672
A250I:K257G,-18.098176956176758
A250I:K257H,-17.600860595703125
A250I:K257I,-17.4456787109375
A250I:K257L,-16.51390838623047
A250I:K257M,-16.241931915283203
A250I:K257R,-13.950203895568848
A250I:K257T,-17.08756446838379
A250I:K257V,-18.453758239746094
A250I:K257W,-18.998157501220703
A250I:K257Y,-18.325904846191406
A250I:K257C,-17.121192932128906
A250H:G240W,-10.436247825622559
A250H:G240V,-10.846549034118652
A250H:G240T,-11.290472984313965
A250G:E268D,-3.928375720977783
A250G:E268F,-3.005723476409912
A250G:E268H,-2.7092127799987793
A250G:G264D,-7.971249103546143
A250G:G264E,-7.9161601066589355
A250G:G264F,-6.665192127227783
A250G:G264K,-7.372281551361084
A250G:G264N,-5.461333274841309
A250G:G264P,-12.657737731933594
A250G:G264Q,-6.171756267547607
A250G:G264R,-7.581473350524902
A250G:G264S,-5.720101833343506
A250G:G264T,-7.161752223968506
A250G:G264V,-7.585111618041992
A250G:G264W,-4.443938255310059
A250G:G264A,-5.173035144805908
A250G:G240Y,-10.76472282409668
A250G:G240W,-9.327281951904297
A250G:E268I,-1.1950873136520386
A250G:E268K,-1.991813063621521
A250G:E268L,-2.0758161544799805
A250G:E268M,-2.5378127098083496
A250G:E268N,-2.885694980621338
A250G:E268P,-6.366790771484375
A250G:E268Q,-2.6318979263305664
A250G:E268R,-2.753823757171631
A250G:E268S,-2.823991298675537
A250G:E268T,-1.6490992307662964
A250G:E268Y,-2.9175472259521484
A250G:E268G,-2.788508415222168
A250G:G240A,-9.701112747192383
A250G:G240C,-9.302520751953125
A250G:G240D,-10.986408233642578
A250G:G240E,-10.93928337097168
A250G:G240F,-10.850038528442383
A250G:G240H,-10.73391342163086
A250G:G240I,-10.41854476928711
A250G:G240K,-11.388622283935547
A250G:G240L,-10.990921020507812
A250G:G240R,-10.902837753295898
A250G:G240S,-9.84324836730957
A250G:G240T,-10.181507110595703
A250G:G240V,-9.73758316040039
A250F:T237M,-8.167962074279785
A250F:T237P,-10.328022003173828
A250F:T237Q,-7.94478702545166
A250F:T237R,-7.624701023101807
A250F:T237V,-7.556722640991211
A250F:T237W,-6.83853816986084
A250F:T237Y,-8.026658058166504
A250F:T237L,-8.545641899108887
A250F:T237K,-8.080011367797852
A250F:T237I,-8.365986824035645
A250F:N263A,-8.630897521972656
A250F:N263C,-6.444252014160156
A250F:N263D,-11.739090919494629
A250F:N263E,-10.870604515075684
A250F:N263F,-12.847046852111816
A250F:N263G,-8.701298713684082
A250F:N263H,-9.706388473510742
A250F:N263I,-9.460689544677734
A250F:N263K,-11.438794136047363
A250F:N263L,-10.04582691192627
A250F:N263P,-15.094498634338379
A250F:T237F,-8.408344268798828
A250F:T237G,-9.365065574645996
A250F:N263Q,-8.957023620605469
A250F:N263R,-10.842272758483887
A250F:N263S,-7.017626762390137
A250F:N263T,-8.15701961517334
A250F:N263V,-9.01002025604248
A250F:N263W,-12.107128143310547
A250F:N263Y,-12.184432029724121
A250F:N263M,-9.809803009033203
A250F:Y259M,-8.345918655395508
A250F:Y259N,-9.51884651184082
A250F:Y259P,-13.402316093444824
A250F:Y259Q,-10.038674354553223
A250F:Y259R,-10.57284164428711
A250F:Y259S,-10.453157424926758
A250F:Y259T,-10.154827117919922
A250F:Y259V,-9.617926597595215
A250F:Y259G,-9.51574420928955
A250F:Y259F,-2.61698055267334
A250F:Y259A,-9.245644569396973
A250F:Y259C,-8.603569030761719
A250F:Y259D,-12.807957649230957
A250F:Y259E,-12.164280891418457
A250F:T277R,-2.0269908905029297
A250F:T277S,-3.480368137359619
A250F:T277V,-0.7514108419418335
A250F:T277W,-1.98037588596344
A250F:T277Y,-2.161503791809082
A250F:T277P,-12.47754955291748
A250F:T277N,-2.371774196624756
A250F:T277M,-0.7983099222183228
A250F:T277E,-0.7899516820907593
A250F:T277G,-4.02744722366333
A250F:T277I,-1.2300945520401
A250F:T277K,-1.656373143196106
A250F:T277L,-0.4161132574081421
A250F:T281D,-6.58864688873291
A250F:V247P,-4.476903438568115
A250F:V247S,-4.697139263153076
A250F:V247T,-4.138722896575928
A250F:V247W,-2.5050926208496094
A250F:V247Y,-3.022465705871582
A250F:V247N,-4.272472381591797
A250F:V247M,-4.470707893371582
A250F:V247L,-4.289169788360596
A250F:V247K,-4.290685653686523
A250F:T281F,-6.480319023132324
A250F:T281G,-7.143292427062988
A250F:T281H,-5.81521463394165
A250F:T281I,-6.103584289550781
A250F:T281K,-5.068132400512695
A250F:T281L,-6.728827953338623
A250F:T281M,-6.600787162780762
A250F:T281N,-4.939898490905762
A250F:T281P,-12.571125030517578
A250F:T281Q,-5.9092278480529785
A250F:T281C,-5.712393760681152
A250F:T281V,-5.2247209548950195
A250F:T281W,-5.603006839752197
A250F:T281Y,-5.953760623931885
A250F:V247D,-5.336606025695801
A250F:V247E,-5.206106662750244
A250F:V247F,-3.563929319381714
A250F:V247G,-4.2486982345581055
A250F:V247H,-3.890005588531494
A250F:V247I,-4.363452911376953
A250G:Y259M,-8.51607894897461
A250G:Y259N,-9.689006805419922
A250G:Y259P,-13.572477340698242
A250G:Y259Q,-10.20883560180664
A250G:Y259R,-10.743001937866211
A250G:Y259S,-10.62331771850586
A250G:Y259T,-10.324987411499023
A250G:Y259V,-9.788087844848633
A250G:Y259G,-9.685905456542969
A250G:Y259F,-2.7871413230895996
A250G:Y259E,-12.334442138671875
A250G:Y259D,-12.978118896484375
A250G:Y259A,-9.41580581665039
A250G:Y259C,-8.77372932434082
A250H:E268G,-3.897474765777588
A250H:E268H,-3.818179130554199
A250H:E268I,-2.304053783416748
A250H:E268K,-3.1007795333862305
A250H:E268L,-3.1847825050354004
A250H:E268M,-3.6467790603637695
A250H:E268N,-3.994661331176758
A250H:E268P,-7.475757122039795
A250H:E268Q,-3.7408642768859863
A250H:E268R,-3.862790107727051
A250H:E268S,-3.932957649230957
A250H:E268T,-2.758065700531006
A250H:E268Y,-4.026513576507568
A250H:E268F,-4.114689826965332
A250H:G240A,-10.810078620910645
A250H:G240C,-10.411486625671387
A250H:G240D,-12.095375061035156
A250H:G240E,-12.048249244689941
A250H:G240F,-11.959004402160645
A250H:G240H,-11.842879295349121
A250H:G240I,-11.527510643005371
A250H:G240K,-12.497588157653809
A250H:G240L,-12.099886894226074
A250H:G240R,-12.011804580688477
A250H:G240S,-10.952214241027832
A250H:E268D,-5.037342071533203
A250G:N263A,-8.801057815551758
A250G:N263C,-6.614412784576416
A250G:N263D,-11.909252166748047
A250G:N263E,-11.040765762329102
A250G:N263F,-13.017208099365234
A250G:N263G,-8.8714599609375
A250G:N263H,-9.876548767089844
A250G:N263I,-9.630849838256836
A250G:N263K,-11.608955383300781
A250G:N263L,-10.215988159179688
A250G:N263M,-9.979963302612305
A250G:N263P,-15.264659881591797
A250G:N263Q,-9.12718391418457
A250G:N263R,-11.012434005737305
A250G:N263S,-7.1877875328063965
A250G:N263T,-8.327180862426758
A250G:N263V,-9.180181503295898
A250G:N263W,-12.277288436889648
A250G:N263Y,-12.354593276977539
A250G:K257H,-14.95474624633789
A250G:K257I,-14.799566268920898
A250G:K257L,-13.867795944213867
A250G:K257M,-13.595817565917969
A250G:K257R,-11.30409049987793
A250G:K257T,-14.441450119018555
A250G:K257V,-15.807645797729492
A250G:K257W,-16.35204315185547
A250G:K257Y,-15.679792404174805
A250G:K257G,-15.452062606811523
A250G:K257F,-16.35704231262207
A250G:K257E,-15.28571891784668
A250G:K257D,-16.928203582763672
A250G:K257C,-14.475080490112305
A250G:T237F,-8.57850456237793
A250G:T237G,-9.535226821899414
A250G:T277P,-12.647710800170898
A250G:T277R,-2.1971516609191895
A250G:T277S,-3.650528907775879
A250G:T277V,-0.9215716123580933
A250G:T277W,-2.15053653717041
A250G:T277Y,-2.331664562225342
A250G:T277N,-2.5419349670410156
A250G:T277M,-0.9684706926345825
A250G:T277L,-0.5862740278244019
A250G:T277K,-1.8265339136123657
A250G:T277E,-0.960112452507019
A250G:T277G,-4.19760799407959
A250G:T277I,-1.4002553224563599
A250G:V247M,-4.640868663787842
A250G:V247N,-4.442633152008057
A250G:V247P,-4.647064208984375
A250G:V247S,-4.867300033569336
A250G:V247T,-4.3088836669921875
A250G:V247W,-2.675253391265869
A250G:V247Y,-3.192626476287842
A250G:V247L,-4.4593305587768555
A250G:V247K,-4.460846424102783
A250G:V247I,-4.533613681793213
A250G:V247H,-4.060166358947754
A250G:T281C,-5.882554531097412
A250G:T281D,-6.75880765914917
A250G:T281F,-6.650479793548584
A250G:T281G,-7.313453197479248
A250G:T281H,-5.98537540435791
A250G:T281I,-6.273745059967041
A250G:T281K,-5.238293170928955
A250G:T281L,-6.898988723754883
A250G:T281M,-6.7709479331970215
A250G:T281N,-5.1100592613220215
A250G:T281P,-12.74128532409668
A250G:T281V,-5.394881725311279
A250G:T281W,-5.773167610168457
A250G:T281Y,-6.1239213943481445
A250G:V247D,-5.5067667961120605
A250G:V247E,-5.376267433166504
A250G:V247F,-3.7340900897979736
A250G:V247G,-4.418859004974365
A250G:T281Q,-6.079388618469238
A250G:T237I,-8.536148071289062
A250G:T237K,-8.250171661376953
A250G:T237L,-8.715803146362305
A250G:T237M,-8.338123321533203
A250G:T237P,-10.49818229675293
A250G:T237Q,-8.114948272705078
A250G:T237R,-7.794861793518066
A250G:T237V,-7.726883411407471
A250G:T237W,-7.0086989402771
A250G:T237Y,-8.196819305419922
A250V:Y259V,-11.980130195617676
A250V:Y259T,-12.517030715942383
A250V:Y259S,-12.815361022949219
A250V:Y259R,-12.93504524230957
A250V:Y259Q,-12.400877952575684
A250V:Y259P,-15.764519691467285
A250V:Y259N,-11.881050109863281
A250V:Y259M,-10.708122253417969
A250V:V247H,-6.252209186553955
A250V:V247G,-6.610901832580566
A250V:V247F,-5.926133155822754
A250V:V247E,-7.568310260772705
A250V:V247D,-7.698809623718262
A250V:T281Y,-8.315963745117188
A250V:V247I,-6.725656509399414
A250V:T281W,-7.965210437774658
A250V:T281Q,-8.271430969238281
A250V:T281P,-14.933328628540039
A250V:T281N,-7.302102088928223
A250V:T281M,-8.962990760803223
A250V:T281L,-9.091032028198242
A250V:T281K,-7.430335998535156
A250V:T281V,-7.5869245529174805
A250V:V247K,-6.652889251708984
A250V:V247L,-6.651373386383057
A250V:V247M,-6.832911491394043
A250V:V247Y,-5.384669303894043
A250V:V247W,-4.86729621887207
A250V:V247T,-6.500926494598389
A250V:V247S,-7.059342861175537
A250V:V247P,-6.839107036590576
A250V:V247N,-6.634675979614258
A250V:T281I,-8.465787887573242
A250V:T281H,-8.177417755126953
A250V:T281G,-9.50549602508545
A250V:T281F,-8.842522621154785
A250V:T277Y,-4.523707389831543
A250V:T277W,-4.342579364776611
A250V:T277V,-3.113614559173584
A250V:T277S,-5.84257173538208
A250V:T277R,-4.389194488525391
A250V:T277P,-14.839753150939941
A250V:T277N,-4.733977794647217
A250V:T277M,-3.160513401031494
A250V:T277L,-2.7783169746398926
A250V:T277K,-4.018576622009277
A250V:T277I,-3.5922980308532715
A250V:T277G,-6.389650821685791
A250V:T277E,-3.1521553993225098
A250V:T281D,-8.950850486755371
A250V:T281C,-8.074597358703613
A250V:Y259G,-11.877947807312012
A250V:Y259F,-4.979184150695801
A250V:Y259E,-14.526484489440918
A250V:Y259D,-15.170161247253418
A250V:Y259C,-10.96577262878418
A250V:Y259A,-11.607848167419434
A250W:G264W,-1.4787280559539795
A250W:G264V,-4.619901657104492
A250W:G264T,-4.196541786193848
A250W:G264S,-2.7548916339874268
A250W:G264R,-4.616263389587402
A250W:G264Q,-3.2065460681915283
A250W:K257Y,-12.714581489562988
A250W:K257W,-13.386833190917969
A250W:K257V,-12.842434883117676
A250W:K257T,-11.476240158081055
A250W:K257R,-8.338879585266113
A250W:K257M,-10.630607604980469
A250W:K257L,-10.90258502960205
A250W:K257I,-11.834355354309082
A250W:K257H,-11.98953628540039
A250W:K257G,-12.486852645874023
A250W:K257F,-13.391831398010254
A250W:K257E,-12.32050895690918
A250W:K257D,-13.962992668151855
A250W:K257C,-11.509869575500488
A250W:G264P,-9.692526817321777
A250W:E268L,0.8893941640853882
A250W:E268K,0.9733971357345581
A250W:E268I,1.7701228857040405
A250W:E268H,0.2559974193572998
A250W:E268G,0.17670178413391113
A250W:E268F,-0.04051327705383301
A250W:E268D,-0.9631655216217041
A250W:E268M,0.4273974895477295
A250W:E268N,0.07951521873474121
A250W:E268P,-3.401580572128296
A250W:E268Q,0.3333122730255127
A250W:E268Y,0.047662973403930664
A250W:E268T,1.3161109685897827
A250W:E268S,0.141218900680542
A250W:E268R,0.21138644218444824
A250W:G264N,-2.4961230754852295
A250W:G240F,-7.884827613830566
A250W:G240E,-7.974072456359863
A250W:G240D,-8.021198272705078
A250W:G240C,-6.337309837341309
A250W:G240A,-6.735901832580566
A250W:G240H,-7.768702507019043
A250W:G240I,-7.453333854675293
A250W:G240K,-8.42341136932373
A250W:G240L,-8.025710105895996
A250W:G264K,-4.407071113586426
A250W:G264F,-3.699981927871704
A250W:G264E,-4.950949668884277
A250W:G264D,-5.006038665771484
A250W:G264A,-2.207824945449829
A250W:G240Y,-7.79951286315918
A250W:G240W,-6.3620710372924805
A250W:G240V,-6.772372245788574
A250W:G240T,-7.216296195983887
A250W:G240S,-6.878037452697754
A250W:G240R,-7.937627792358398
A250V:G240S,-12.035290718078613
A250V:G240R,-13.094881057739258
A250V:G240L,-13.182963371276855
A250V:G240K,-13.58066463470459
A250V:G240I,-12.610587120056152
A250V:G240H,-12.925955772399902
A250V:G240F,-13.042080879211426
A250V:G240E,-13.131325721740723
A250V:G240D,-13.178451538085938
A250V:G240C,-11.494563102722168
A250V:G240A,-11.893155097961426
A250V:G240T,-12.373549461364746
A250V:G240V,-11.929625511169434
A250V:G240Y,-12.956766128540039
A250V:G264W,-6.63598108291626
A250V:G264V,-9.777154922485352
A250V:G264T,-9.353795051574707
A250V:G264S,-7.912144660949707
A250V:G264R,-9.773515701293945
A250V:G264Q,-8.363799095153809
A250V:G264P,-14.849780082702637
A250V:G264N,-7.65337610244751
A250V:G264K,-9.564324378967285
A250V:G264F,-8.857234954833984
A250V:G264E,-10.108202934265137
A250V:G264D,-10.163291931152344
A250V:G264A,-7.365077972412109
A250V:G240W,-11.51932430267334
A250V:E268Y,-5.10959005355835
A250V:E268T,-3.841142177581787
A250V:E268S,-5.016034126281738
A250V:E268R,-4.945866584777832
A250V:E268Q,-4.823940753936768
A250V:E268P,-8.558834075927734
A250V:E268N,-5.077737808227539
A250V:E268M,-4.729855537414551
A250V:E268L,-4.267858982086182
A250V:E268K,-4.183856010437012
A250V:E268I,-3.3871302604675293
A250V:E268H,-4.9012556076049805
A250V:E268G,-4.980551242828369
A250V:E268F,-5.197766304016113
A250V:E268D,-6.120418548583984
A250V:T237R,-9.98690414428711
A250V:T237Q,-10.306990623474121
A250V:T237P,-12.690225601196289
A250V:T237M,-10.530165672302246
A250V:T237L,-10.907845497131348
A250V:T237K,-10.442214965820312
A250V:T237I,-10.728190422058105
A250V:T237F,-10.770547866821289
A250V:T237G,-11.727269172668457
A250V:T237V,-9.918926239013672
A250V:T237W,-9.2007417678833
A250V:T237Y,-10.388861656188965
A250V:N263Y,-14.546635627746582
A250V:N263W,-14.469331741333008
A250V:N263V,-11.372223854064941
A250V:N263T,-10.5192232131958
A250V:N263S,-9.379830360412598
A250V:N263R,-13.204476356506348
A250V:N263Q,-11.31922721862793
A250V:N263P,-17.456703186035156
A250V:N263M,-12.172006607055664
A250V:N263L,-12.40803050994873
A250V:N263K,-13.800997734069824
A250V:N263I,-11.822893142700195
A250V:N263H,-12.068592071533203
A250V:N263G,-11.063502311706543
A250V:N263F,-15.209250450134277
A250V:K257Y,-17.87183380126953
A250V:K257W,-18.544086456298828
A250V:K257V,-17.99968719482422
A250V:K257T,-16.633493423461914
A250V:K257R,-13.496132850646973
A250V:K257M,-15.787860870361328
A250V:K257L,-16.059837341308594
A250V:K257I,-16.991607666015625
A250V:K257H,-17.14678955078125
A250V:K257G,-17.644105911254883
A250V:K257F,-18.549083709716797
A250V:K257E,-17.47776222229004
A250V:K257D,-19.12024688720703
A250V:K257C,-16.66712188720703
A250V:N263E,-13.232808113098145
A250V:N263D,-14.10129451751709
A250V:N263C,-8.806455612182617
A250V:N263A,-10.993101119995117
A250Y:K257H,-10.526126861572266
A250Y:K257G,-11.023443222045898
A250Y:K257F,-11.928421974182129
A250Y:K257E,-10.857099533081055
A250Y:K257D,-12.49958324432373
A250Y:K257C,-10.046460151672363
A250Y:K257I,-10.370945930480957
A250Y:K257L,-9.439175605773926
A250Y:K257Y,-11.251172065734863
A250Y:K257W,-11.923423767089844
A250Y:K257V,-11.37902545928955
A250Y:K257T,-10.01283073425293
A250Y:K257R,-6.875470161437988
A250Y:K257M,-9.167198181152344
A250Y:N263M,-5.55134391784668
A250Y:N263L,-5.787367820739746
A250Y:N263K,-7.18033504486084
A250Y:N263I,-5.202230453491211
A250Y:N263H,-5.447929382324219
A250Y:N263G,-4.442839622497559
A250Y:N263F,-8.588587760925293
A250Y:N263E,-6.61214542388916
A250Y:N263P,-10.836039543151855
A250Y:N263D,-7.4806318283081055
A250Y:N263C,-2.185792922973633
A250Y:N263Q,-4.698564529418945
A250Y:N263R,-6.583813667297363
A250Y:N263S,-2.7591676712036133
A250Y:N263Y,-7.925972938537598
A250Y:N263W,-7.848669052124023
A250Y:N263V,-4.751561164855957
A250Y:N263T,-3.8985605239868164
A250Y:G264D,-3.5426292419433594
A250Y:G264A,-0.744415283203125
A250Y:G240Y,-6.336103439331055
A250Y:G240W,-4.8986616134643555
A250Y:G240V,-5.308962821960449
A250Y:G240T,-5.752886772155762
A250Y:G240S,-5.414628028869629
A250Y:G264E,-3.4875402450561523
A250Y:G240R,-6.474218368530273
A250Y:G240L,-6.562300682067871
A250Y:G240K,-6.9600019454956055
A250Y:G240I,-5.989924430847168
A250Y:G240H,-6.305293083190918
A250Y:G240F,-6.421418190002441
A250Y:G264F,-2.236572265625
A250Y:G264W,-0.01531839370727539
A250Y:G264V,-3.156491756439209
A250Y:G264T,-2.7331323623657227
A250Y:G264S,-1.2914819717407227
A250Y:G264R,-3.152853488922119
A250Y:G264Q,-1.7431364059448242
A250Y:G264P,-8.229117393493652
A250Y:G264N,-1.0327134132385254
A250Y:G264K,-2.943661689758301
A250Y:G240E,-6.510663032531738
A250Y:G240D,-6.557788848876953
A250Y:G240C,-4.873900413513184
A250Y:G240A,-5.272492408752441
A250Y:V247Y,1.2359933853149414
A250Y:V247W,1.753366470336914
A250Y:V247T,0.1197361946105957
A250Y:T281N,-0.6814393997192383
A250Y:T281M,-2.3423280715942383
A250Y:T281L,-2.4703688621520996
A250Y:T281K,-0.8096733093261719
A250Y:T281I,-1.8451251983642578
A250Y:T281H,-1.556755542755127
A250Y:T281G,-2.884833335876465
A250Y:T281F,-2.221859931945801
A250Y:T281D,-2.3301877975463867
A250Y:T281C,-1.453934669494629
A250Y:T281P,-8.312665939331055
A250Y:T281Q,-1.650768756866455
A250Y:V247S,-0.43868017196655273
A250Y:V247P,-0.2184443473815918
A250Y:V247N,-0.014013290405273438
A250Y:V247M,-0.2122488021850586
A250Y:V247L,-0.030710697174072266
A250Y:V247K,-0.0322265625
A250Y:V247I,-0.10499382019042969
A250Y:V247H,0.3684535026550293
A250Y:V247G,0.009760856628417969
A250Y:V247F,0.6945297718048096
A250Y:V247E,-0.9476475715637207
A250Y:V247D,-1.0781469345092773
A250Y:T281Y,-1.6953015327453613
A250Y:T281W,-1.3445477485656738
A250Y:T281V,-0.9662618637084961
A250Y:Y259R,-6.314382553100586
A250Y:Y259Q,-5.780215263366699
A250Y:Y259P,-9.1438570022583
A250Y:Y259N,-5.260387420654297
A250Y:Y259M,-4.087459564208984
A250Y:Y259S,-6.194698333740234
A250Y:Y259F,1.6414785385131836
A250Y:Y259E,-7.905821800231934
A250Y:Y259D,-8.549498558044434
A250Y:Y259C,-4.345109939575195
A250Y:Y259A,-4.987185478210449
A250Y:Y259G,-5.257285118103027
A250Y:Y259T,-5.896368026733398
A250Y:Y259V,-5.359467506408691
A250Y:T237Y,-3.7681989669799805
A250Y:T237W,-2.5800790786743164
A250Y:T237V,-3.2982635498046875
A250Y:T237R,-3.366241931915283
A250Y:T237Q,-3.6863279342651367
A250Y:T237P,-6.069562911987305
A250Y:T237M,-3.9095029830932617
A250Y:T237L,-4.287182807922363
A250Y:T237K,-3.82155179977417
A250Y:T237I,-4.107527732849121
A250Y:T237G,-5.106606483459473
A250Y:T237F,-4.149885177612305
A250Y:T277E,3.4685072898864746
A250Y:T277G,0.23101186752319336
A250Y:T277I,3.028364658355713
A250Y:T277Y,2.0969552993774414
A250Y:T277W,2.278083324432373
A250Y:T277V,3.5070481300354004
A250Y:T277S,0.7780909538269043
A250Y:T277R,2.2314682006835938
A250Y:T277P,-8.219090461730957
A250Y:T277N,1.8866848945617676
A250Y:T277M,3.4601492881774902
A250Y:T277L,3.842345714569092
A250Y:T277K,2.602086067199707
A250W:T277M,1.9967395067214966
A250W:T277L,2.378936290740967
A250W:T277K,1.1386762857437134
A250W:T277I,1.5649548768997192
A250W:T277G,-1.2323977947235107
A250W:T277E,2.0050978660583496
A250W:T277N,0.4232752323150635
A250W:T277P,-9.682499885559082
A250W:T277R,0.7680584192276001
A250W:V247Y,-0.2274162769317627
A250W:V247W,0.28995680809020996
A250W:V247T,-1.3436734676361084
A250W:V247S,-1.9020898342132568
A250W:V247N,-1.4774229526519775
A250W:V247M,-1.6756584644317627
A250W:V247L,-1.4941203594207764
A250W:V247K,-1.495636224746704
A250W:V247I,-1.5684034824371338
A250W:V247H,-1.0949561595916748
A250W:V247G,-1.4536488056182861
A250W:V247F,-0.7688798904418945
A250W:V247P,-1.681854009628296
A250W:V247E,-2.411057233810425
A250W:V247D,-2.5415565967559814
A250W:T277Y,0.6335455179214478
A250W:T277W,0.8146735429763794
A250W:T277V,2.0436387062072754
A250W:T277S,-0.6853187084197998
A250W:T281Y,-3.1587111949920654
A250W:T281W,-2.807957410812378
A250W:T281V,-2.4296715259552
A250W:T281Q,-3.114178419113159
A250W:T281P,-9.77607536315918
A250W:T281N,-2.1448490619659424
A250W:T281M,-3.8057377338409424
A250W:T281L,-3.9337785243988037
A250W:T281K,-2.273082971572876
A250W:T281I,-3.308534860610962
A250W:T281H,-3.020165205001831
A250W:T281G,-4.34824275970459
A250W:T281F,-3.685269594192505
A250W:T281D,-3.793597459793091
A250W:T281C,-2.917344331741333
A250W:N263Y,-9.389382362365723
A250W:N263W,-9.312078475952148
A250W:N263V,-6.214970588684082
A250W:N263S,-4.222577095031738
A250W:N263R,-8.047223091125488
A250W:N263Q,-6.16197395324707
A250W:N263P,-12.29944896697998
A250W:N263M,-7.014753341674805
A250W:N263L,-7.250777244567871
A250W:N263K,-8.643744468688965
A250W:N263I,-6.665639877319336
A250W:N263H,-6.911338806152344
A250W:N263G,-5.906249046325684
A250W:N263F,-10.051997184753418
A250W:N263E,-8.075554847717285
A250W:N263D,-8.94404125213623
A250W:T237Y,-5.2316083908081055
A250W:T237W,-4.043488502502441
A250W:T237V,-4.7616729736328125
A250W:T237R,-4.829651832580566
A250W:T237Q,-5.149737358093262
A250W:T237P,-7.53297233581543
A250W:T237M,-5.372912406921387
A250W:T237L,-5.750592231750488
A250W:T237K,-5.284961700439453
A250W:T237I,-5.570937156677246
A250W:T237G,-6.570015907287598
A250W:T237F,-5.61329460144043
A250Y:E268Y,1.5110726356506348
A250Y:E268T,2.7795205116271973
A250Y:E268S,1.604628562927246
A250Y:E268R,1.6747961044311523
A250Y:E268Q,1.7967219352722168
A250Y:E268P,-1.9381709098815918
A250Y:E268N,1.5429248809814453
A250Y:E268M,1.8908071517944336
A250Y:E268L,2.3528037071228027
A250Y:E268K,2.4368066787719727
A250Y:E268I,3.233532428741455
A250Y:E268H,1.719407081604004
A250Y:E268G,1.6401114463806152
A250Y:E268F,1.422896385192871
A250Y:E268D,0.500244140625
A250W:Y259A,-6.450594902038574
A250W:Y259C,-5.80851936340332
A250W:Y259D,-10.012907981872559
A250W:Y259V,-6.822876930236816
A250W:Y259T,-7.359777450561523
A250W:Y259S,-7.658107757568359
A250W:Y259R,-7.777791976928711
A250W:Y259Q,-7.243624687194824
A250W:Y259P,-10.607266426086426
A250W:Y259N,-6.723796844482422
A250W:Y259M,-5.550868988037109
A250W:Y259G,-6.720694541931152
A250W:Y259F,0.1780688762664795
A250W:Y259E,-9.369231224060059
A250S:K257Y,-17.327743530273438
A250S:K257W,-17.9999942779541
A250S:K257V,-17.455596923828125
A250S:K257T,-16.089401245117188
A250S:K257R,-12.952041625976562
A250S:K257M,-15.243768692016602
A250S:K257L,-15.5157470703125
A250S:K257I,-16.44751739501953
A250S:K257H,-16.602697372436523
A250S:K257G,-17.100013732910156
A250S:K257F,-18.004993438720703
A250S:K257E,-16.933670043945312
A250S:K257D,-18.576154708862305
A250S:K257C,-16.123031616210938
A250S:E268S,-4.47194242477417
A250S:E268R,-4.401774883270264
A250S:E268Q,-4.279849052429199
A250S:E268P,-8.014741897583008
A250S:E268N,-4.533646106719971
A250S:E268M,-4.185763835906982
A250S:E268L,-3.7237672805786133
A250S:E268K,-3.6397643089294434
A250S:E268I,-2.843038558959961
A250S:E268H,-4.357163906097412
A250S:E268G,-4.436459541320801
A250S:E268F,-4.653674602508545
A250S:E268D,-5.576326847076416
A250S:E268T,-3.2970504760742188
A250S:E268Y,-4.565498352050781
A250S:G264W,-6.091889381408691
A250S:G264T,-8.809703826904297
A250S:G240L,-12.638872146606445
A250S:G240K,-13.03657341003418
A250S:G240I,-12.066495895385742
A250S:G240H,-12.381864547729492
A250S:G240F,-12.497989654541016
A250S:G240E,-12.587234497070312
A250S:G240D,-12.634359359741211
A250S:G240C,-10.950471878051758
A250S:G240A,-11.349063873291016
A250S:G264V,-9.233062744140625
A250S:G240S,-11.491199493408203
A250S:G264S,-7.368052959442139
A250S:G264R,-9.229424476623535
A250S:G264Q,-7.81970739364624
A250S:G264P,-14.305688858032227
A250S:G264N,-7.109284400939941
A250S:G264K,-9.020233154296875
A250S:G264F,-8.313142776489258
A250S:G264E,-9.564111709594727
A250S:G264D,-9.619199752807617
A250S:G264A,-6.820986270904541
A250S:G240Y,-12.412673950195312
A250S:G240W,-10.97523307800293
A250S:G240V,-11.385534286499023
A250S:G240T,-11.829458236694336
A250S:G240R,-12.550788879394531
A250T:T237F,-11.383255004882812
A250T:T237Y,-11.001569747924805
A250T:T237W,-9.81344985961914
A250T:T237V,-10.531633377075195
A250T:T237R,-10.59961223602295
A250T:T237Q,-10.919698715209961
A250T:T237P,-13.302932739257812
A250T:T237M,-11.142873764038086
A250T:T237L,-11.520553588867188
A250T:T237K,-11.054922103881836
A250T:T237I,-11.340898513793945
A250T:T237G,-12.339977264404297
A250T:N263Q,-11.931934356689453
A250T:N263P,-18.06941032409668
A250T:N263M,-12.784713745117188
A250T:N263L,-13.02073860168457
A250T:N263K,-14.413705825805664
A250T:N263I,-12.435600280761719
A250T:N263H,-12.681299209594727
A250T:N263G,-11.676210403442383
A250T:N263F,-15.821958541870117
A250T:N263E,-13.845516204833984
A250T:N263D,-14.71400260925293
A250T:N263C,-9.41916275024414
A250T:N263A,-11.60580825805664
A250T:N263R,-13.817184448242188
A250T:N263S,-9.992538452148438
A250T:N263V,-11.984931945800781
A250T:N263Y,-15.159343719482422
A250T:N263W,-15.082038879394531
A250T:N263T,-11.13193130493164
A250T:G264F,-9.469942092895508
A250T:G264E,-10.720911026000977
A250T:G264D,-10.775999069213867
A250T:G264A,-7.977785587310791
A250T:G240Y,-13.569473266601562
A250T:G240W,-12.13203239440918
A250T:G240V,-12.542333602905273
A250T:G240T,-12.986257553100586
A250T:G240S,-12.647998809814453
A250T:G240R,-13.707588195800781
A250T:G240L,-13.795671463012695
A250T:G240K,-14.19337272644043
A250T:G240I,-13.223295211791992
A250T:G264K,-10.177032470703125
A250T:G264W,-7.248688697814941
A250T:G264V,-10.389862060546875
A250T:G264T,-9.966503143310547
A250T:G264S,-8.524852752685547
A250T:G264R,-10.386223793029785
A250T:G264Q,-8.976507186889648
A250T:G264P,-15.462488174438477
A250T:G264N,-8.266083717346191
A250T:K257L,-16.67254638671875
A250T:K257I,-17.60431671142578
A250T:K257H,-17.759496688842773
A250T:K257G,-18.256813049316406
A250T:K257F,-19.161792755126953
A250T:K257E,-18.090469360351562
A250T:K257D,-19.732954025268555
A250T:K257C,-17.279830932617188
A250T:K257M,-16.40056800842285
A250T:K257Y,-18.484542846679688
A250T:K257W,-19.15679359436035
A250T:K257V,-18.612396240234375
A250T:K257T,-17.246200561523438
A250T:K257R,-14.108840942382812
A250T:Y259V,-12.592838287353516
A250T:Y259T,-13.129737854003906
A250T:Y259S,-13.428068161010742
A250T:Y259R,-13.547752380371094
A250T:Y259Q,-13.013586044311523
A250T:Y259P,-16.377227783203125
A250T:Y259N,-12.493757247924805
A250T:Y259M,-11.320829391479492
A250T:Y259G,-12.490655899047852
A250T:Y259F,-5.591891765594482
A250T:Y259E,-15.139192581176758
A250T:Y259D,-15.782869338989258
A250T:Y259C,-11.578479766845703
A250T:Y259A,-12.220556259155273
A250T:V247Y,-5.997376918792725
A250T:T281Q,-8.884139060974121
A250T:T281P,-15.546035766601562
A250T:T281N,-7.914809703826904
A250T:T281M,-9.575698852539062
A250T:T281L,-9.703739166259766
A250T:T281K,-8.04304313659668
A250T:T281I,-9.078495025634766
A250T:T281H,-8.790125846862793
A250T:T281G,-10.118204116821289
A250T:T281F,-9.455230712890625
A250T:T281D,-9.563558578491211
A250T:T281C,-8.687305450439453
A250T:T281W,-8.57791805267334
A250T:V247W,-5.480003833770752
A250T:V247T,-7.11363410949707
A250T:V247S,-7.672050476074219
A250T:V247P,-7.451814651489258
A250T:V247N,-7.2473835945129395
A250T:V247M,-7.445619106292725
A250T:V247L,-7.264081001281738
A250T:V247K,-7.265596866607666
A250T:V247I,-7.338364124298096
A250T:V247H,-6.864916801452637
A250T:V247G,-7.223609447479248
A250T:V247F,-6.538840293884277
A250T:V247E,-8.181017875671387
A250T:V247D,-8.311517715454102
A250T:T281Y,-8.928671836853027
A250T:T281V,-8.19963264465332
A250T:G240H,-13.538663864135742
A250T:T277E,-3.7648630142211914
A250T:T277G,-7.002358436584473
A250T:T277K,-4.631284236907959
A250T:T277Y,-5.136415004730225
A250T:T277W,-4.955286979675293
A250T:T277V,-3.7263221740722656
A250T:T277S,-6.455279350280762
A250T:T277R,-5.001902103424072
A250T:T277P,-15.452461242675781
A250T:T277N,-5.346685409545898
A250T:T277M,-3.773221015930176
A250T:T277L,-3.391024589538574
A250T:T277I,-4.205005645751953
A250T:G240F,-13.654788970947266
A250T:G240D,-13.791158676147461
A250S:T281C,-7.530505657196045
A250S:T281D,-8.406759262084961
A250S:V247E,-7.024218559265137
A250S:V247D,-7.154717922210693
A250S:T281Y,-7.771872520446777
A250S:T281W,-7.42111873626709
A250S:T281V,-7.042832851409912
A250S:T281Q,-7.727339744567871
A250S:T281P,-14.389236450195312
A250S:T281N,-6.758010387420654
A250S:T281M,-8.418899536132812
A250S:T281L,-8.546939849853516
A250S:T281K,-6.886244297027588
A250S:T281I,-7.921696186065674
A250S:T281H,-7.633326530456543
A250S:T281G,-8.961404800415039
A250S:T281F,-8.298431396484375
A250S:T277Y,-3.9796156883239746
A250S:T277W,-3.798487663269043
A250S:T277V,-2.5695228576660156
A250S:V247F,-5.382040977478027
A250S:T277S,-5.298480033874512
A250S:T277R,-3.8451027870178223
A250S:T277P,-14.295661926269531
A250S:T277N,-4.189886093139648
A250S:T277M,-2.616421699523926
A250S:T277L,-2.234225273132324
A250S:T277K,-3.474484920501709
A250S:T277I,-3.048206329345703
A250S:T277G,-5.845559120178223
A250S:T277E,-2.6080636978149414
A250S:V247G,-6.066810131072998
A250S:V247I,-6.181564807891846
A250S:V247Y,-4.840577602386475
A250S:V247W,-4.323204517364502
A250S:V247T,-5.95683479309082
A250S:V247S,-6.515251159667969
A250S:V247P,-6.295015335083008
A250S:V247N,-6.0905842781066895
A250S:V247M,-6.288819789886475
A250S:V247L,-6.107281684875488
A250S:V247K,-6.108797550201416
A250S:V247H,-5.708117485046387
A250S:T237L,-10.363754272460938
A250S:T237K,-9.898122787475586
A250S:T237I,-10.184099197387695
A250S:T237G,-11.183177947998047
A250S:T237F,-10.226455688476562
A250T:G240E,-13.744033813476562
A250S:T237M,-9.986074447631836
A250S:N263A,-10.44900894165039
A250S:N263D,-13.55720329284668
A250S:N263Y,-14.002544403076172
A250S:N263W,-13.925239562988281
A250S:N263V,-10.828132629394531
A250S:N263T,-9.97513198852539
A250S:N263S,-8.835739135742188
A250S:N263R,-12.660385131835938
A250S:N263Q,-10.775135040283203
A250S:N263P,-16.91261100769043
A250S:N263M,-11.627914428710938
A250S:N263L,-11.86393928527832
A250S:N263K,-13.256906509399414
A250S:N263I,-11.278800964355469
A250S:N263H,-11.524499893188477
A250S:N263G,-10.519411087036133
A250S:N263F,-14.665159225463867
A250S:N263E,-12.688716888427734
A250S:N263C,-8.26236343383789
A250S:T237P,-12.146133422851562
A250S:T237Q,-9.762899398803711
A250S:T237Y,-9.844770431518555
A250S:T237W,-8.65665054321289
A250S:T237V,-9.374834060668945
A250S:T237R,-9.4428129196167
A250T:E268G,-5.593258857727051
A250T:E268F,-5.810473918914795
A250T:E268D,-6.733126163482666
A250T:E268H,-5.513963222503662
A250T:E268I,-3.999837875366211
A250T:E268K,-4.796563625335693
A250T:E268L,-4.880566596984863
A250T:G240A,-12.505863189697266
A250T:G240C,-12.107271194458008
A250T:E268Y,-5.722297668457031
A250T:E268T,-4.453849792480469
A250T:E268S,-5.62874174118042
A250T:E268R,-5.558574199676514
A250T:E268Q,-5.436648368835449
A250T:E268P,-9.171541213989258
A250T:E268N,-5.690445423126221
A250T:E268M,-5.342563152313232
A250S:Y259D,-14.626070022583008
A250S:Y259C,-10.421680450439453
A250S:Y259A,-11.063756942749023
A250S:Y259E,-13.982393264770508
A250S:Y259F,-4.435092449188232
A250S:Y259T,-11.972938537597656
A250S:Y259S,-12.271268844604492
A250S:Y259R,-12.390953063964844
A250S:Y259Q,-11.856786727905273
A250S:Y259P,-15.220428466796875
A250S:Y259N,-11.336957931518555
A250S:Y259M,-10.164030075073242
A250S:Y259G,-11.333856582641602
A250S:Y259V,-11.436038970947266
K257R:T277W,-12.614341735839844
K257R:T277V,-11.3853759765625
K257R:T277S,-14.114334106445312
K257R:T277R,-12.660956382751465
K257R:T277P,-23.111515045166016
K257R:T277N,-13.005739212036133
K257R:T277M,-11.432275772094727
K257R:T277L,-11.050078392028809
K257R:T277K,-12.290338516235352
K257R:T277I,-11.864060401916504
K257R:T277G,-14.661413192749023
K257R:T277E,-11.423916816711426
K257R:T277Y,-12.795469284057617
K257R:T281C,-16.346359252929688
K257R:T281D,-17.222612380981445
K257R:T281F,-17.11428451538086
K257R:V247D,-15.970571517944336
K257R:T281Y,-16.587726593017578
K257R:T281W,-16.23697280883789
K257R:T281V,-15.858686447143555
K257R:T281Q,-16.543193817138672
K257R:T281P,-23.205089569091797
K257R:T281N,-15.573863983154297
K257R:T281M,-17.234752655029297
K257R:T281L,-17.36279296875
K257R:T281K,-15.70209789276123
K257R:T281I,-16.737548828125
K257R:T281H,-16.449180603027344
K257R:T281G,-17.777257919311523
K257R:V247E,-15.840072631835938
K257R:V247F,-14.197895050048828
K257R:V247G,-14.88266372680664
K257R:V247H,-14.523971557617188
K257R:V247Y,-13.656431198120117
K257R:V247W,-13.139058113098145
K257R:V247T,-14.772687911987305
K257R:V247P,-15.110868453979492
K257R:V247N,-14.906437873840332
K257R:V247M,-15.104673385620117
K257R:V247L,-14.923135757446289
K257R:V247K,-14.924651145935059
K257R:V247I,-14.997418403625488
K257R:V247S,-15.331104278564453
K257R:T237F,-19.042308807373047
K257R:T237G,-19.99903106689453
K257R:T237I,-18.99995231628418
K257R:T237K,-18.71397590637207
K257R:T237L,-19.179607391357422
K257R:T237M,-18.80192756652832
K257R:T237P,-20.961986541748047
K257R:T237Q,-18.578752517700195
K257R:T237R,-18.2586669921875
K257R:T237V,-18.190689086914062
K257R:T237W,-17.472503662109375
K257R:T237Y,-18.66062355041504
K257R:N263Y,-22.818397521972656
K257R:N263W,-22.741092681884766
K257R:N263V,-19.643985748291016
K257R:N263A,-19.264862060546875
K257R:N263C,-17.078216552734375
K257R:N263D,-22.373056411743164
K257R:N263E,-21.50457000732422
K257R:N263F,-23.48101234436035
K257R:N263G,-19.335264205932617
K257R:N263H,-20.340354919433594
K257R:N263K,-22.0727596282959
K257R:N263L,-20.679792404174805
K257R:N263M,-20.443767547607422
K257R:N263P,-25.728464126586914
K257R:N263Q,-19.590988159179688
K257R:N263R,-21.476238250732422
K257R:N263S,-17.651592254638672
K257R:N263T,-18.790985107421875
K257R:N263I,-20.094654083251953
K257R:Y259S,-21.08712387084961
K257R:Y259R,-21.206806182861328
K257R:Y259Q,-20.672639846801758
K257R:Y259P,-24.03628158569336
K257R:Y259N,-20.152812957763672
K257R:Y259M,-18.97988510131836
K257R:Y259G,-20.149709701538086
K257R:Y259F,-13.250946044921875
K257R:Y259E,-22.798246383666992
K257R:Y259D,-23.441923141479492
K257R:Y259C,-19.237533569335938
K257R:Y259A,-19.879610061645508
K257R:Y259T,-20.78879165649414
K257R:Y259V,-20.25189208984375
K257M:N263A,-21.556591033935547
K257M:N263Y,-25.110126495361328
K257M:N263W,-25.032821655273438
K257M:N263V,-21.935714721679688
K257M:N263T,-21.082714080810547
K257M:N263S,-19.943321228027344
K257M:N263R,-23.767967224121094
K257M:N263Q,-21.88271713256836
K257M:N263P,-28.020191192626953
K257M:N263M,-22.735496520996094
K257M:N263K,-24.364486694335938
K257M:N263I,-22.386383056640625
K257M:N263H,-22.632081985473633
K257M:N263G,-21.626991271972656
K257M:N263F,-25.77273941040039
K257M:N263E,-23.79629898071289
K257M:N263D,-24.664783477783203
K257M:N263C,-19.369945526123047
K257M:N263L,-22.971519470214844
K257M:T237F,-21.33403778076172
K257M:T237G,-22.290760040283203
K257M:T237I,-21.29167938232422
K257M:T277Y,-15.087197303771973
K257M:T277W,-14.9060697555542
K257M:T277V,-13.677103996276855
K257M:T277S,-16.40606117248535
K257M:T277R,-14.95268440246582
K257M:T277P,-25.403244018554688
K257M:T277N,-15.297468185424805
K257M:T277M,-13.724003791809082
K257M:T277L,-13.341806411743164
K257M:T277K,-14.582066535949707
K257M:T277I,-14.15578842163086
K257M:T277G,-16.953140258789062
K257M:T277E,-13.715644836425781
K257M:T281C,-18.63808822631836
K257M:T281D,-19.514339447021484
K257M:T281G,-20.068984985351562
K257M:V247E,-18.131799697875977
K257M:V247D,-18.262298583984375
K257M:T281Y,-18.879453659057617
K257M:T281W,-18.52869987487793
K257M:T281V,-18.150413513183594
K257M:T281Q,-18.83492088317871
K257M:T281P,-25.49681854248047
K257M:T281N,-17.86559295654297
K257M:T281M,-19.52648162841797
K257M:T281L,-19.654521942138672
K257M:T281K,-17.993825912475586
K257M:T281I,-19.029277801513672
K257M:T281H,-18.740907669067383
K257M:V247F,-16.489622116088867
K257M:V247G,-17.174392700195312
K257M:V247H,-16.815698623657227
K257M:V247I,-17.289146423339844
K257M:V247Y,-15.948159217834473
K257M:T281F,-19.40601348876953
K257M:V247W,-15.4307861328125
K257M:V247S,-17.622833251953125
K257M:V247P,-17.402597427368164
K257M:V247N,-17.198165893554688
K257M:V247M,-17.396400451660156
K257M:V247L,-17.214862823486328
K257M:V247K,-17.216379165649414
K257M:V247T,-17.064416885375977
K257M:T237Y,-20.952350616455078
K257M:T237W,-19.764232635498047
K257M:T237V,-20.4824161529541
K257M:T237R,-20.55039405822754
K257M:T237Q,-20.870479583740234
K257M:T237P,-23.25371551513672
K257M:T237M,-21.09365463256836
K257M:T237L,-21.471336364746094
K257M:T237K,-21.005704879760742
K257M:Y259A,-22.171337127685547
K257M:Y259C,-21.52926254272461
K257M:Y259D,-25.73365020751953
K257M:Y259E,-25.08997344970703
K257M:Y259F,-15.54267406463623
K257M:Y259G,-22.441436767578125
K257M:Y259M,-21.2716121673584
K257M:Y259N,-22.44454002380371
K257M:Y259P,-26.32801055908203
K257M:Y259Q,-22.964366912841797
K257M:Y259R,-23.49853515625
K257M:Y259S,-23.37885093688965
K257M:Y259T,-23.080520629882812
K257M:Y259V,-22.543621063232422
K257W:T237F,-24.09026336669922
K257W:T237G,-25.046985626220703
K257W:T237I,-24.04790496826172
K257W:T237K,-23.761930465698242
K257W:T237L,-24.227561950683594
K257W:T237M,-23.84988021850586
K257W:T237P,-26.00994110107422
K257W:T237Q,-23.626705169677734
K257W:T237R,-23.30661964416504
K257W:T237V,-23.2386417388916
K257W:T237W,-22.520458221435547
K257W:T237Y,-23.708576202392578
K257W:N263Y,-27.866352081298828
K257W:N263C,-22.126171112060547
K257W:N263D,-27.421009063720703
K257W:N263E,-26.55252456665039
K257W:N263F,-28.52896499633789
K257W:N263G,-24.383216857910156
K257W:N263H,-25.388307571411133
K257W:N263I,-25.142608642578125
K257W:N263K,-27.120712280273438
K257W:N263L,-25.727745056152344
K257W:N263M,-25.491722106933594
K257W:N263P,-30.776416778564453
K257W:N263Q,-24.63894271850586
K257W:N263R,-26.524192810058594
K257W:N263S,-22.699546813964844
K257W:N263T,-23.838939666748047
K257W:N263V,-24.691940307617188
K257W:N263W,-27.789047241210938
K257W:N263A,-24.312816619873047
K257W:T281C,-21.39431381225586
K257W:T277Y,-17.84342384338379
K257W:T277E,-16.47187042236328
K257W:T277G,-19.709365844726562
K257W:T277I,-16.91201400756836
K257W:T277K,-17.338293075561523
K257W:T277L,-16.098031997680664
K257W:T277M,-16.480228424072266
K257W:T277N,-18.053693771362305
K257W:T277P,-28.159469604492188
K257W:T277R,-17.70890998840332
K257W:T277S,-19.16228675842285
K257W:T277V,-16.433330535888672
K257W:T277W,-17.662294387817383
K257W:T281D,-22.270565032958984
K257W:T281F,-22.16223907470703
K257W:V247K,-19.972604751586914
K257W:V247L,-19.971088409423828
K257W:V247M,-20.152626037597656
K257W:V247N,-19.954391479492188
K257W:V247P,-20.158823013305664
K257W:V247S,-20.379058837890625
K257W:V247T,-19.820642471313477
K257W:V247W,-18.18701171875
K257W:V247Y,-18.704383850097656
K257W:V247I,-20.045372009277344
K257W:V247H,-19.571924209594727
K257W:V247G,-19.930618286132812
K257W:V247F,-19.245847702026367
K257W:T281G,-22.825210571289062
K257W:T281H,-21.497133255004883
K257W:T281I,-21.785503387451172
K257W:T281K,-20.750051498413086
K257W:T281L,-22.410747528076172
K257W:T281M,-22.28270721435547
K257W:T281N,-20.62181854248047
K257W:T281P,-28.25304412841797
K257W:T281Q,-21.59114646911621
K257W:T281V,-20.906639099121094
K257W:T281W,-21.28492546081543
K257W:T281Y,-21.635679244995117
K257W:V247D,-21.018524169921875
K257W:V247E,-20.888025283813477
K257V:V247I,-19.500972747802734
K257V:V247K,-19.428207397460938
K257V:V247L,-19.42669105529785
K257V:V247M,-19.60822868347168
K257V:V247N,-19.409992218017578
K257V:V247P,-19.614423751831055
K257V:V247S,-19.834659576416016
K257V:V247T,-19.276243209838867
K257V:V247W,-17.64261245727539
K257V:V247Y,-18.15998649597168
K257V:V247H,-19.02752685546875
K257V:V247G,-19.386219024658203
K257V:V247E,-20.3436279296875
K257V:T281G,-22.280813217163086
K257V:T281H,-20.952735900878906
K257V:T281I,-21.241104125976562
K257V:T281K,-20.20565414428711
K257V:T281L,-21.866348266601562
K257V:T281M,-21.73830795288086
K257V:T281N,-20.07741928100586
K257V:T281P,-27.70864486694336
K257V:T281Q,-21.046749114990234
K257V:T281V,-20.362241744995117
K257V:T281W,-20.740528106689453
K257V:T281Y,-21.09128189086914
K257V:V247D,-20.4741268157959
K257V:V247F,-18.70145034790039
K257V:T281F,-21.617839813232422
K257V:T281C,-20.84991455078125
K257V:T277Y,-17.29902458190918
K257V:T277E,-15.927472114562988
K257V:T277G,-19.164968490600586
K257V:T277I,-16.36761474609375
K257V:T281D,-21.726167678833008
K257V:T277K,-16.793893814086914
K257V:T277M,-15.935831069946289
K257V:T277N,-17.509294509887695
K257V:T277P,-27.615070343017578
K257V:T277R,-17.164512634277344
K257V:T277S,-18.617889404296875
K257V:T277V,-15.888931274414062
K257V:T277W,-17.117897033691406
K257V:T277L,-15.553633689880371
K257V:Y259A,-24.38316535949707
K257V:Y259C,-23.7410888671875
K257V:Y259D,-27.945478439331055
K257V:Y259E,-27.301801681518555
K257V:Y259F,-17.754501342773438
K257V:Y259G,-24.65326499938965
K257V:Y259M,-23.483440399169922
K257V:Y259N,-24.656368255615234
K257V:Y259P,-28.539836883544922
K257V:Y259Q,-25.17619514465332
K257V:Y259R,-25.71036148071289
K257V:Y259S,-25.590679168701172
K257V:Y259T,-25.292346954345703
K257V:Y259V,-24.755447387695312
K257Y:T281Y,-20.963428497314453
K257Y:T281W,-20.612674713134766
K257Y:T281V,-20.23438835144043
K257Y:T281Q,-20.918895721435547
K257Y:T281P,-27.580791473388672
K257Y:T281N,-19.949565887451172
K257Y:T281M,-21.610454559326172
K257Y:T281L,-21.738494873046875
K257Y:T281K,-20.077800750732422
K257Y:T281I,-21.113250732421875
K257Y:T281H,-20.82488250732422
K257Y:T281G,-22.1529598236084
K257Y:T281F,-21.489986419677734
K257Y:V247D,-20.34627342224121
K257Y:V247E,-20.215774536132812
K257Y:V247G,-19.258365631103516
K257Y:V247Y,-18.032133102416992
K257Y:V247W,-17.514759063720703
K257Y:V247T,-19.14838981628418
K257Y:V247S,-19.706806182861328
K257Y:V247P,-19.486570358276367
K257Y:V247N,-19.28213882446289
K257Y:V247M,-19.480375289916992
K257Y:V247L,-19.298837661743164
K257Y:V247K,-19.30035400390625
K257Y:V247I,-19.373119354248047
K257Y:V247H,-18.899673461914062
K257Y:V247F,-18.573596954345703
K257Y:T281D,-21.59831428527832
K257Y:T281C,-20.722061157226562
K257Y:T277S,-18.490036010742188
K257Y:T277R,-17.036659240722656
K257Y:T277P,-27.48721694946289
K257Y:T277N,-17.381441116333008
K257Y:T277M,-15.807977676391602
K257Y:T277L,-15.425780296325684
K257Y:T277K,-16.666040420532227
K257Y:T277I,-16.239761352539062
K257Y:T277G,-19.0371150970459
K257Y:T277E,-15.7996187210083
K257Y:T277V,-15.761077880859375
K257Y:T277W,-16.99004364013672
K257Y:T277Y,-17.171171188354492
K257Y:N263S,-22.027294158935547
K257Y:N263R,-25.851940155029297
K257Y:N263Q,-23.966690063476562
K257Y:N263P,-30.10416603088379
K257Y:N263M,-24.819469451904297
K257Y:N263L,-25.05549430847168
K257Y:N263K,-26.448461532592773
K257Y:N263I,-24.470355987548828
K257Y:N263H,-24.71605682373047
K257Y:N263G,-23.710966110229492
K257Y:N263F,-27.856714248657227
K257Y:N263E,-25.880271911621094
K257Y:N263D,-26.74875831604004
K257Y:N263C,-21.45391845703125
K257Y:N263A,-23.64056396484375
K257Y:N263T,-23.16668701171875
K257Y:N263V,-24.01968765258789
K257Y:N263Y,-27.19409942626953
K257Y:T237Y,-23.036325454711914
K257Y:T237W,-21.84820556640625
K257Y:T237V,-22.566390991210938
K257Y:T237R,-22.634368896484375
K257Y:T237Q,-22.95445442199707
K257Y:T237P,-25.337688446044922
K257Y:T237M,-23.177629470825195
K257Y:T237L,-23.555309295654297
K257Y:T237K,-23.089677810668945
K257Y:T237I,-23.375654220581055
K257Y:T237G,-24.374732971191406
K257Y:T237F,-23.418010711669922
K257Y:N263W,-27.11679458618164
K257W:Y259V,-25.299846649169922
K257W:Y259A,-24.927562713623047
K257W:Y259C,-24.28548812866211
K257W:Y259D,-28.48987579345703
K257W:Y259E,-27.84619903564453
K257W:Y259F,-18.298900604248047
K257W:Y259G,-25.197662353515625
K257W:Y259M,-24.0278377532959
K257W:Y259N,-25.20076560974121
K257W:Y259P,-29.08423614501953
K257W:Y259Q,-25.720592498779297
K257W:Y259R,-26.2547607421875
K257W:Y259S,-26.13507652282715
K257W:Y259T,-25.836746215820312
K257Y:Y259R,-25.582508087158203
K257Y:Y259Q,-25.048341751098633
K257Y:Y259P,-28.411983489990234
K257Y:Y259N,-24.528514862060547
K257Y:Y259M,-23.355587005615234
K257Y:Y259G,-24.52541160583496
K257Y:Y259F,-17.62664794921875
K257Y:Y259E,-27.173948287963867
K257Y:Y259D,-27.817625045776367
K257Y:Y259C,-23.613235473632812
K257Y:Y259A,-24.255311965942383
K257Y:Y259S,-25.462825775146484
K257Y:Y259T,-25.164493560791016
K257Y:Y259V,-24.627593994140625
K257T:N263A,-22.402223587036133
K257T:N263C,-20.215578079223633
K257T:N263D,-25.510417938232422
K257T:N263E,-24.641929626464844
K257T:N263F,-26.61837387084961
K257T:N263G,-22.472625732421875
K257T:N263H,-23.47771453857422
K257T:N263I,-23.23201560974121
K257T:N263K,-25.210121154785156
K257T:N263L,-23.817153930664062
K257T:N263M,-23.58112907409668
K257T:N263P,-28.865825653076172
K257T:N263Q,-22.728349685668945
K257T:N263R,-24.613597869873047
K257T:N263S,-20.788951873779297
K257T:N263T,-21.9283447265625
K257T:N263V,-22.78134536743164
K257T:N263W,-25.878454208374023
K257T:N263Y,-25.95575714111328
K257T:Y259T,-23.9261531829834
K257T:Y259A,-23.016971588134766
K257T:Y259C,-22.374895095825195
K257T:Y259D,-26.57928466796875
K257T:Y259E,-25.93560791015625
K257T:Y259F,-16.3883056640625
K257T:Y259G,-23.287071228027344
K257T:Y259M,-22.117244720458984
K257T:Y259N,-23.290172576904297
K257T:Y259P,-27.173641204833984
K257T:Y259Q,-23.810001373291016
K257T:Y259R,-24.344167709350586
K257T:Y259S,-24.224483489990234
K257T:Y259V,-23.389251708984375
K257V:T237I,-23.503507614135742
K257V:T237K,-23.217531204223633
K257V:T237L,-23.683162689208984
K257V:T237M,-23.305482864379883
K257V:T237P,-25.46554183959961
K257V:T237Q,-23.082307815551758
K257V:T237R,-22.762222290039062
K257V:T237V,-22.694244384765625
K257V:T237W,-21.976058959960938
K257V:T237Y,-23.1641788482666
K257V:T237G,-24.502586364746094
K257V:T237F,-23.54586410522461
K257V:N263A,-23.768417358398438
K257V:N263C,-21.581771850585938
K257V:N263D,-26.876611709594727
K257V:N263E,-26.00812530517578
K257V:N263F,-27.984567642211914
K257V:N263G,-23.83881950378418
K257V:N263H,-24.843910217285156
K257V:N263I,-24.598209381103516
K257V:N263K,-26.57631492614746
K257V:N263L,-25.183347702026367
K257V:N263M,-24.947322845458984
K257V:N263P,-30.232019424438477
K257V:N263Q,-24.09454345703125
K257V:N263R,-25.979793548583984
K257V:N263S,-22.155147552490234
K257V:N263T,-23.294540405273438
K257V:N263V,-24.147541046142578
K257V:N263W,-27.244647979736328
K257V:N263Y,-27.32195281982422
K257T:T237F,-22.179670333862305
K257T:T237G,-23.136390686035156
K257T:T237I,-22.137313842773438
K257T:T237K,-21.851337432861328
K257T:T237L,-22.316967010498047
K257T:T237M,-21.939289093017578
K257T:T237P,-24.099348068237305
K257T:T237Q,-21.716114044189453
K257T:T237V,-21.328048706054688
K257T:T237W,-20.60986328125
K257T:T237Y,-21.797985076904297
K257T:T237R,-21.396026611328125
K257T:T277W,-15.751702308654785
K257T:T277E,-14.561277389526367
K257T:T277G,-17.79877281188965
K257T:T277I,-15.001420974731445
K257T:T277K,-15.427699089050293
K257T:T277L,-14.18743896484375
K257T:T277M,-14.569636344909668
K257T:T277N,-16.14310073852539
K257T:T277P,-26.24887466430664
K257T:T277R,-15.798316955566406
K257T:T277S,-17.251693725585938
K257T:T277V,-14.522736549377441
K257T:T277Y,-15.932829856872559
K257T:T281C,-19.483718872070312
K257T:T281D,-20.359973907470703
K257T:V247I,-18.13477897644043
K257T:V247K,-18.06201171875
K257T:V247L,-18.060495376586914
K257T:V247M,-18.242034912109375
K257T:V247N,-18.043798446655273
K257T:V247P,-18.24822998046875
K257T:V247S,-18.46846580505371
K257T:V247T,-17.910049438476562
K257T:V247W,-16.276418685913086
K257T:V247Y,-16.793792724609375
K257T:V247H,-17.661331176757812
K257T:V247G,-18.020023345947266
K257T:V247F,-17.335254669189453
K257T:V247E,-18.977432250976562
K257T:T281F,-20.251644134521484
K257T:T281G,-20.91461944580078
K257T:T281H,-19.58654022216797
K257T:T281I,-19.874910354614258
K257T:T281K,-18.839458465576172
K257T:T281L,-20.500154495239258
K257T:T281M,-20.372112274169922
K257T:T281N,-18.711223602294922
K257T:T281P,-26.342451095581055
K257T:T281V,-18.996047973632812
K257T:T281W,-19.374332427978516
K257T:T281Y,-19.725086212158203
K257T:V247D,-19.107933044433594
K257T:T281Q,-19.680553436279297
K257D:Y259A,-25.50372314453125
K257D:Y259V,-25.876005172729492
K257D:Y259C,-24.861648559570312
K257D:Y259D,-29.066036224365234
K257D:Y259E,-28.422359466552734
K257D:Y259F,-18.875059127807617
K257D:Y259G,-25.773822784423828
K257D:Y259M,-24.60399627685547
K257D:Y259N,-25.77692413330078
K257D:Y259P,-29.6603946685791
K257D:Y259Q,-26.2967529296875
K257D:Y259R,-26.830921173095703
K257D:Y259S,-26.71123504638672
K257D:Y259T,-26.412906646728516
K257E:N263K,-26.05438995361328
K257E:N263L,-24.661422729492188
K257E:N263M,-24.425397872924805
K257E:N263P,-29.710094451904297
K257E:N263Q,-23.57261848449707
K257E:N263R,-25.457866668701172
K257E:N263S,-21.633220672607422
K257E:N263T,-22.772613525390625
K257E:N263W,-26.72272300720215
K257E:N263Y,-26.800025939941406
K257E:N263V,-23.625614166259766
K257E:T237M,-22.783557891845703
K257E:T237P,-24.94361686706543
K257E:T237Q,-22.560382843017578
K257E:T237R,-22.24029541015625
K257E:T237V,-22.172317504882812
K257E:T237L,-23.161235809326172
K257E:T237W,-21.454132080078125
K257E:T237Y,-22.642253875732422
K257E:N263I,-24.076284408569336
K257E:T237K,-22.695606231689453
K257E:T237I,-22.981582641601562
K257E:T237F,-23.02393913269043
K257E:T237G,-23.98065948486328
K257E:N263H,-24.321983337402344
K257E:N263F,-27.462642669677734
K257E:N263A,-23.246492385864258
K257E:N263C,-21.059846878051758
K257E:N263D,-26.354686737060547
K257E:N263E,-25.48619842529297
K257E:N263G,-23.31689453125
K257D:N263I,-25.718769073486328
K257D:N263K,-27.69687271118164
K257D:N263L,-26.303905487060547
K257D:N263M,-26.067882537841797
K257D:N263P,-31.352577209472656
K257D:N263Q,-25.215103149414062
K257D:N263R,-27.100351333618164
K257D:N263S,-23.275705337524414
K257D:N263V,-25.268098831176758
K257D:N263W,-28.36520767211914
K257D:N263Y,-28.4425106048584
K257D:N263T,-24.415098190307617
K257D:T237L,-24.803720474243164
K257D:T237M,-24.426040649414062
K257D:T237P,-26.586101531982422
K257D:T237Q,-24.202865600585938
K257D:T237R,-23.882780075073242
K257D:T237K,-24.338088989257812
K257D:T237V,-23.814800262451172
K257D:T237Y,-24.28473663330078
K257D:T237W,-23.096616744995117
K257D:T237I,-24.624065399169922
K257D:T237G,-25.623144149780273
K257D:T237F,-24.666423797607422
K257D:V247W,-18.763172149658203
K257D:V247Y,-19.28054428100586
K257D:V247T,-20.396800994873047
K257D:V247S,-20.955217361450195
K257D:T281V,-21.482799530029297
K257D:T281W,-21.861085891723633
K257D:T281Y,-22.21183967590332
K257D:V247D,-21.594684600830078
K257D:V247E,-21.46418571472168
K257D:V247F,-19.82200813293457
K257D:V247H,-20.14808464050293
K257D:V247I,-20.621532440185547
K257D:V247K,-20.548763275146484
K257D:V247L,-20.54724884033203
K257D:V247M,-20.72878646850586
K257D:V247N,-20.53055191040039
K257D:V247P,-20.734981536865234
K257D:V247G,-20.506776809692383
K257D:T281P,-28.829204559326172
K257D:T277E,-17.048030853271484
K257D:T277G,-20.285526275634766
K257D:T277I,-17.48817253112793
K257D:T277K,-17.914451599121094
K257D:T277L,-16.674192428588867
K257D:T277M,-17.05638885498047
K257D:T277N,-18.629852294921875
K257D:T277P,-28.735628128051758
K257D:T281C,-21.97047233581543
K257D:T281D,-22.846725463867188
K257D:T281G,-23.401371002197266
K257D:T281H,-22.073293685913086
K257D:T281I,-22.361663818359375
K257D:T281K,-21.326210021972656
K257D:T281L,-22.986906051635742
K257D:T281M,-22.85886573791504
K257D:T281N,-21.19797706604004
K257D:T281F,-22.7383975982666
K257D:T281Q,-22.167306900024414
K257D:T277R,-18.285070419311523
K257D:T277S,-19.738447189331055
K257D:T277V,-17.009489059448242
K257D:T277W,-18.238454818725586
K257D:T277Y,-18.41958236694336
K257D:N263H,-25.964466094970703
K257F:N263A,-24.317813873291016
K257F:N263C,-22.131168365478516
K257F:N263D,-27.426008224487305
K257F:N263E,-26.55752182006836
K257F:N263F,-28.533964157104492
K257F:N263G,-24.388216018676758
K257F:N263H,-25.393306732177734
K257F:N263K,-27.12571144104004
K257F:N263I,-25.147605895996094
K257F:N263L,-25.732744216918945
K257F:N263M,-25.496719360351562
K257F:N263P,-30.781415939331055
K257F:N263Q,-24.643939971923828
K257F:N263R,-26.529190063476562
K257F:N263S,-22.704544067382812
K257F:N263T,-23.843936920166016
K257F:N263V,-24.696937561035156
K257F:N263Y,-27.871349334716797
K257F:N263W,-27.794044494628906
K257F:T237P,-26.014938354492188
K257F:T237Q,-23.631704330444336
K257F:T237R,-23.31161880493164
K257F:T237V,-23.243640899658203
K257F:T237W,-22.525455474853516
K257F:T237M,-23.85487937927246
K257F:T237Y,-23.71357536315918
K257F:T237L,-24.232559204101562
K257F:T237I,-24.05290412902832
K257F:T237K,-23.76692771911621
K257F:T237F,-24.095260620117188
K257F:T237G,-25.051982879638672
K257E:T277E,-15.405546188354492
K257E:T277G,-18.643041610717773
K257E:T277I,-15.84568977355957
K257E:T277K,-16.271968841552734
K257E:T277L,-15.031707763671875
K257E:T277M,-15.413905143737793
K257E:T277N,-16.987369537353516
K257E:T277P,-27.093143463134766
K257E:T277R,-16.64258575439453
K257E:T281C,-20.327987670898438
K257E:T281D,-21.204242706298828
K257E:T281F,-21.09591293334961
K257E:T281H,-20.430809020996094
K257E:T281I,-20.719179153442383
K257E:T281K,-19.683727264404297
K257E:T281L,-21.344423294067383
K257E:T281M,-21.216381072998047
K257E:T281N,-19.555492401123047
K257E:T281P,-27.18671989440918
K257E:T281G,-21.758888244628906
K257E:T277S,-18.095962524414062
K257E:T277V,-15.367005348205566
K257E:T277W,-16.595970153808594
K257E:T277Y,-16.777099609375
K257E:T281Q,-20.524822235107422
K257E:T281V,-19.840316772460938
K257E:Y259A,-23.86124038696289
K257E:Y259C,-23.21916389465332
K257E:Y259D,-27.423553466796875
K257E:Y259E,-26.779876708984375
K257E:Y259F,-17.232574462890625
K257E:Y259G,-24.13134002685547
K257E:Y259N,-24.134441375732422
K257E:Y259P,-28.01791000366211
K257E:Y259Q,-24.65427017211914
K257E:Y259R,-25.18843650817871
K257E:Y259S,-25.06875228881836
K257E:Y259T,-24.770421981811523
K257E:Y259V,-24.2335205078125
K257E:Y259M,-22.96151351928711
K257E:V247Y,-17.6380615234375
K257E:V247W,-17.12068748474121
K257E:V247T,-18.754318237304688
K257E:V247S,-19.312734603881836
K257E:T281W,-20.21860122680664
K257E:T281Y,-20.569355010986328
K257E:V247D,-19.95220184326172
K257E:V247E,-19.821701049804688
K257E:V247F,-18.179523468017578
K257E:V247G,-18.86429214477539
K257E:V247I,-18.979047775268555
K257E:V247K,-18.906280517578125
K257E:V247L,-18.90476417541504
K257E:V247M,-19.0863037109375
K257E:V247N,-18.8880672454834
K257E:V247P,-19.092498779296875
K257E:V247H,-18.505599975585938
K257D:N263G,-24.95937728881836
K257D:N263E,-27.12868309020996
K257D:N263F,-29.105125427246094
K257C:Y259T,-23.959781646728516
K257C:Y259A,-23.050600051879883
K257C:Y259C,-22.408523559570312
K257C:Y259D,-26.612913131713867
K257C:Y259E,-25.969236373901367
K257C:Y259F,-16.42193603515625
K257C:Y259G,-23.32069969177246
K257C:Y259V,-23.422882080078125
K257C:Y259M,-22.150875091552734
K257C:Y259N,-23.323802947998047
K257C:Y259P,-27.207271575927734
K257C:Y259Q,-23.843629837036133
K257C:Y259R,-24.377796173095703
K257C:Y259S,-24.258113861083984
K257C:V247T,-17.94367790222168
K257C:V247W,-16.310047149658203
K257C:V247Y,-16.827421188354492
K257C:V247S,-18.502094268798828
K257C:V247P,-18.281858444213867
K257C:T281V,-19.02967643737793
K257C:T281W,-19.407962799072266
K257C:T281Y,-19.758716583251953
K257C:V247D,-19.14156150817871
K257C:V247E,-19.011062622070312
K257C:V247G,-18.053653717041016
K257C:V247H,-17.694961547851562
K257C:V247I,-18.168407440185547
K257C:V247K,-18.09564208984375
K257C:V247L,-18.094125747680664
K257C:V247M,-18.275663375854492
K257C:V247N,-18.07742691040039
K257C:V247F,-17.368885040283203
K257D:N263A,-24.88897705078125
K257D:N263C,-22.70233154296875
K257D:N263D,-27.997169494628906
K257C:T281Q,-19.714183807373047
K257C:T281N,-18.744853973388672
K257C:N263H,-23.51134490966797
K257C:N263I,-23.265644073486328
K257C:N263K,-25.243749618530273
K257C:N263L,-23.85078239440918
K257C:N263M,-23.614757537841797
K257C:N263P,-28.89945411682129
K257C:N263Q,-22.761978149414062
K257C:N263R,-24.647228240966797
K257C:N263T,-21.96197509765625
K257C:N263V,-22.81497573852539
K257C:N263W,-25.91208267211914
K257C:N263Y,-25.98938751220703
K257C:N263S,-20.822582244873047
K257C:T237K,-21.884965896606445
K257C:T237L,-22.350597381591797
K257C:T237M,-21.972917556762695
K257C:T237P,-24.132976531982422
K257C:T237Q,-21.74974250793457
K257C:T237R,-21.429656982421875
K257C:T237I,-22.170942306518555
K257C:T237W,-20.64349365234375
K257C:T237Y,-21.831613540649414
K257C:T237V,-21.361679077148438
K257C:N263G,-22.506254196166992
K257C:T237F,-22.213298797607422
K257C:T237G,-23.170021057128906
K257C:N263F,-26.652002334594727
K257C:N263D,-25.54404640197754
K257C:N263A,-22.43585205078125
K257C:N263C,-20.24920654296875
K257C:N263E,-24.675559997558594
K257C:T281P,-26.376079559326172
K257C:T277E,-14.5949068069458
K257C:T277G,-17.8324031829834
K257C:T277I,-15.035050392150879
K257C:T277K,-15.461328506469727
K257C:T277L,-14.221068382263184
K257C:T277M,-14.603265762329102
K257C:T277N,-16.176729202270508
K257C:T277P,-26.28250503540039
K257C:T281C,-19.517349243164062
K257C:T281D,-20.39360237121582
K257C:T281F,-20.285274505615234
K257C:T281G,-20.9482479095459
K257C:T281H,-19.62017059326172
K257C:T281I,-19.908538818359375
K257C:T281K,-18.873088836669922
K257C:T281L,-20.533782958984375
K257C:T281M,-20.405742645263672
K257C:T277R,-15.83194637298584
K257C:T277S,-17.285324096679688
K257C:T277V,-14.556365966796875
K257C:T277W,-15.785331726074219
K257C:T277Y,-15.966459274291992
K257I:T277E,-14.919392585754395
K257I:T277G,-18.156888961791992
K257I:T277I,-15.359536170959473
K257I:T277K,-15.78581428527832
K257I:T277L,-14.545554161071777
K257I:T277M,-14.927751541137695
K257I:T277N,-16.5012149810791
K257I:T277P,-26.606990814208984
K257I:T277R,-16.15643310546875
K257I:T277S,-17.60980987548828
K257I:T277V,-14.880851745605469
K257I:T277W,-16.109817504882812
K257I:T277Y,-16.290945053100586
K257I:T281C,-19.841835021972656
K257I:T281D,-20.718088150024414
K257I:T281F,-20.609760284423828
K257I:T281G,-21.272733688354492
K257I:T281H,-19.944656372070312
K257I:T281I,-20.23302459716797
K257I:T281K,-19.197574615478516
K257I:T281M,-20.730228424072266
K257I:T281N,-19.069339752197266
K257I:T281P,-26.700565338134766
K257I:T281Q,-20.03866958618164
K257I:T281V,-19.354162216186523
K257I:T281L,-20.85826873779297
K257I:T281W,-19.73244857788086
K257I:T281Y,-20.083202362060547
K257I:Y259A,-23.375085830688477
K257I:Y259C,-22.733009338378906
K257I:Y259D,-26.93739891052246
K257I:Y259E,-26.29372215270996
K257I:Y259F,-16.746421813964844
K257I:Y259G,-23.645185470581055
K257I:Y259M,-22.475360870361328
K257I:Y259N,-23.64828872680664
K257I:Y259P,-27.531757354736328
K257I:Y259Q,-24.168115615844727
K257I:Y259S,-24.582599639892578
K257I:Y259T,-24.28426742553711
K257I:Y259V,-23.74736785888672
K257I:Y259R,-24.702281951904297
K257I:V247Y,-17.151906967163086
K257I:V247D,-19.466047286987305
K257I:V247E,-19.335548400878906
K257I:V247F,-17.693370819091797
K257I:V247G,-18.37813949584961
K257I:V247H,-18.019447326660156
K257I:V247I,-18.49289321899414
K257I:V247K,-18.420127868652344
K257I:V247L,-18.418611526489258
K257I:V247N,-18.401912689208984
K257I:V247P,-18.60634422302246
K257I:V247S,-18.826580047607422
K257I:V247T,-18.268163681030273
K257I:V247W,-16.634532928466797
K257I:V247M,-18.600149154663086
K257H:Y259A,-23.53026580810547
K257H:Y259C,-22.88819122314453
K257H:Y259D,-27.092578887939453
K257H:Y259E,-26.448902130126953
K257H:Y259F,-16.90160369873047
K257H:Y259G,-23.800365447998047
K257H:Y259M,-22.63054084777832
K257H:Y259N,-23.803468704223633
K257H:Y259P,-27.686939239501953
K257H:Y259R,-24.857463836669922
K257H:Y259S,-24.73777961730957
K257H:Y259T,-24.439449310302734
K257H:Y259V,-23.902549743652344
K257H:Y259Q,-24.32329559326172
K257I:N263Q,-23.086463928222656
K257I:N263R,-24.97171401977539
K257I:N263S,-21.14706802368164
K257I:N263T,-22.286460876464844
K257I:N263V,-23.139461517333984
K257I:N263W,-26.236568450927734
K257I:N263Y,-26.313873291015625
K257I:T237R,-21.75414276123047
K257I:T237V,-21.68616485595703
K257I:T237W,-20.967979431152344
K257I:T237Y,-22.156099319458008
K257I:T237Q,-22.074228286743164
K257I:N263P,-29.223939895629883
K257I:T237P,-24.457462310791016
K257I:T237M,-22.29740333557129
K257I:T237F,-22.537784576416016
K257I:T237G,-23.4945068359375
K257I:T237I,-22.49542808532715
K257I:T237K,-22.20945167541504
K257I:T237L,-22.67508316040039
K257I:N263M,-23.93924331665039
K257I:N263K,-25.568235397338867
K257I:N263C,-20.573692321777344
K257I:N263D,-25.868532180786133
K257I:N263E,-25.000045776367188
K257I:N263F,-26.97648811340332
K257I:N263G,-22.830739974975586
K257I:N263H,-23.835830688476562
K257I:N263I,-23.590129852294922
K257I:N263A,-22.760337829589844
K257I:N263L,-24.175268173217773
K257L:V247F,-16.761600494384766
K257L:V247G,-17.446369171142578
K257L:V247H,-17.087677001953125
K257L:V247I,-17.56112289428711
K257L:V247K,-17.488357543945312
K257L:V247L,-17.486841201782227
K257L:V247M,-17.668378829956055
K257L:V247N,-17.470142364501953
K257L:V247S,-17.89480972290039
K257L:V247T,-17.336393356323242
K257L:V247W,-15.702763557434082
K257L:V247Y,-16.220136642456055
K257L:V247P,-17.67457389831543
K257L:V247E,-18.403778076171875
K257L:V247D,-18.534276962280273
K257L:T277E,-13.987622261047363
K257L:T277G,-17.22511863708496
K257L:T277I,-14.427765846252441
K257L:T277K,-14.854043960571289
K257L:T277L,-13.613783836364746
K257L:T277M,-13.995981216430664
K257L:T277N,-15.56944465637207
K257L:T277P,-25.675220489501953
K257L:T277R,-15.224661827087402
K257L:T277S,-16.67803955078125
K257L:T277V,-13.949081420898438
K257L:T277W,-15.178047180175781
K257L:T277Y,-15.359174728393555
K257L:T281F,-19.677989959716797
K257L:T281G,-20.34096336364746
K257L:T281H,-19.01288604736328
K257L:T281I,-19.301254272460938
K257L:T281K,-18.265804290771484
K257L:T281L,-19.926498413085938
K257L:T281D,-19.786317825317383
K257L:T281M,-19.798458099365234
K257L:T281P,-25.768795013427734
K257L:T281Q,-19.10689926147461
K257L:T281V,-18.422391891479492
K257L:T281W,-18.800678253173828
K257L:T281Y,-19.151432037353516
K257L:T281N,-18.137569427490234
K257L:T281C,-18.910064697265625
K257L:Y259A,-22.443315505981445
K257L:Y259C,-21.801239013671875
K257L:Y259D,-26.00562858581543
K257L:Y259E,-25.36195182800293
K257L:Y259F,-15.814651489257812
K257L:Y259G,-22.713415145874023
K257L:Y259M,-21.543590545654297
K257L:Y259N,-22.71651840209961
K257L:Y259P,-26.599987030029297
K257L:Y259Q,-23.236345291137695
K257L:Y259R,-23.770511627197266
K257L:Y259S,-23.650829315185547
K257L:Y259V,-22.815597534179688
K257L:Y259T,-23.352497100830078
K257L:N263A,-21.828567504882812
K257L:N263D,-24.9367618560791
K257L:N263E,-24.068275451660156
K257L:N263F,-26.04471778869629
K257L:N263G,-21.898969650268555
K257L:N263H,-22.90406036376953
K257L:N263I,-22.65835952758789
K257L:N263K,-24.636465072631836
K257L:N263C,-19.641921997070312
K257L:N263L,-23.243497848510742
K257L:N263M,-23.00747299194336
K257L:N263Q,-22.154693603515625
K257L:N263P,-28.29216957092285
K257L:N263R,-24.03994369506836
K257L:N263S,-20.21529769897461
K257L:N263T,-21.354690551757812
K257L:N263V,-22.207691192626953
K257L:N263W,-25.304798126220703
K257L:N263Y,-25.382102966308594
K257L:T237V,-20.75439453125
K257L:T237W,-20.036209106445312
K257L:T237Y,-21.224328994750977
K257L:T237R,-20.822372436523438
K257L:T237Q,-21.142457962036133
K257L:T237P,-23.525691986083984
K257L:T237F,-21.606014251708984
K257L:T237G,-22.56273651123047
K257L:T237I,-21.563657760620117
K257L:T237K,-21.277681350708008
K257L:T237L,-21.74331283569336
K257L:T237M,-21.365633010864258
K257G:N263M,-24.59174156188965
K257G:N263P,-29.87643814086914
K257G:N263Q,-23.738962173461914
K257G:N263R,-25.624210357666016
K257G:N263S,-21.799564361572266
K257G:N263T,-22.93895721435547
K257G:N263V,-23.79195785522461
K257G:N263W,-26.889066696166992
K257G:N263Y,-26.96636962890625
K257G:T237P,-25.109960556030273
K257G:T237Q,-22.726726531982422
K257G:T237R,-22.406639099121094
K257G:T237V,-22.338661193847656
K257G:T237W,-21.62047576904297
K257G:T237Y,-22.808597564697266
K257G:N263L,-24.82776641845703
K257G:T237M,-22.949901580810547
K257G:T237K,-22.861949920654297
K257G:T237L,-23.327579498291016
K257G:T237F,-23.190282821655273
K257G:T237G,-24.147003173828125
K257G:T237I,-23.147926330566406
K257G:N263K,-26.220733642578125
K257G:N263H,-24.488327026367188
K257G:N263A,-23.4128360748291
K257G:N263C,-21.2261905670166
K257G:N263D,-26.52103042602539
K257G:N263E,-25.652542114257812
K257G:N263F,-27.628986358642578
K257G:N263G,-23.483238220214844
K257G:N263I,-24.24262809753418
K257G:T277E,-15.571889877319336
K257G:T277G,-18.809385299682617
K257G:T277I,-16.012033462524414
K257G:T277K,-16.438312530517578
K257G:T277L,-15.198051452636719
K257G:T277M,-15.580248832702637
K257G:T277N,-17.15371322631836
K257G:T277P,-27.25948715209961
K257G:T277R,-16.808929443359375
K257G:T277S,-18.262306213378906
K257G:T277V,-15.53334903717041
K257G:T281C,-20.49433135986328
K257G:T281D,-21.370586395263672
K257G:T281F,-21.262256622314453
K257G:T281G,-21.92523193359375
K257G:T281H,-20.597152709960938
K257G:T281K,-19.85007095336914
K257G:T281L,-21.510766983032227
K257G:T281M,-21.38272476196289
K257G:T281N,-19.72183609008789
K257G:T281P,-27.353063583374023
K257G:T281Q,-20.691165924072266
K257G:T281I,-20.885522842407227
K257G:T277W,-16.762313842773438
K257G:T277Y,-16.943443298339844
K257F:V247Y,-18.709383010864258
K257F:V247W,-18.19200897216797
K257F:V247T,-19.825639724731445
K257F:V247S,-20.384056091308594
K257F:T281Y,-21.64067840576172
K257F:V247D,-21.023523330688477
K257F:V247E,-20.893024444580078
K257F:V247F,-19.25084686279297
K257F:V247G,-19.93561553955078
K257F:V247H,-19.576923370361328
K257F:V247I,-20.050369262695312
K257F:V247K,-19.977603912353516
K257F:V247L,-19.97608757019043
K257F:V247M,-20.157625198364258
K257F:V247N,-19.959388732910156
K257F:V247P,-20.163820266723633
K257F:T281W,-21.28992462158203
K257F:T281V,-20.911638259887695
K257F:T277E,-16.476869583129883
K257F:T277G,-19.714365005493164
K257F:T277I,-16.917011260986328
K257F:T277K,-17.343290328979492
K257F:T277L,-16.103031158447266
K257F:T277M,-16.485227584838867
K257F:T277N,-18.058691024780273
K257F:T277P,-28.164466857910156
K257F:T277R,-17.713909149169922
K257F:T277S,-19.167285919189453
K257F:T281C,-21.399311065673828
K257F:T281D,-22.275564193725586
K257F:T281F,-22.167236328125
K257F:T281G,-22.830209732055664
K257F:T281I,-21.79050064086914
K257F:T281K,-20.755050659179688
K257F:T281L,-22.41574478149414
K257F:T281M,-22.287704467773438
K257F:T281N,-20.626815795898438
K257F:T281P,-28.258041381835938
K257F:T281Q,-21.596145629882812
K257F:T281H,-21.502132415771484
K257F:T277V,-16.43832778930664
K257F:T277W,-17.667293548583984
K257F:T277Y,-17.848421096801758
K257F:Y259A,-24.93256187438965
K257F:Y259C,-24.290485382080078
K257F:Y259D,-28.494874954223633
K257F:Y259E,-27.851198196411133
K257F:Y259F,-18.303897857666016
K257F:Y259G,-25.202661514282227
K257F:Y259M,-24.0328369140625
K257F:Y259P,-29.0892333984375
K257F:Y259Q,-25.7255916595459
K257F:Y259R,-26.25975799560547
K257F:Y259S,-26.14007568359375
K257F:Y259T,-25.84174346923828
K257F:Y259V,-25.30484390258789
K257F:Y259N,-25.205764770507812
K257G:T281V,-20.00666046142578
K257G:T281Y,-20.735698699951172
K257H:N263P,-29.379119873046875
K257H:N263Q,-23.24164581298828
K257H:N263R,-25.126895904541016
K257H:N263S,-21.302249908447266
K257H:N263T,-22.44164276123047
K257H:N263V,-23.29464340209961
K257H:N263W,-26.39175033569336
K257H:N263Y,-26.46905517578125
K257H:T237Q,-22.229408264160156
K257H:T237R,-21.90932273864746
K257H:T237V,-21.841344833374023
K257H:T237W,-21.12316131591797
K257H:T237Y,-22.311279296875
K257H:T237P,-24.61264419555664
K257H:T237L,-22.830265045166016
K257H:T237M,-22.45258331298828
K257H:T237F,-22.69296646118164
K257H:T237G,-23.649688720703125
K257H:T237I,-22.65060806274414
K257H:T237K,-22.364633560180664
K257H:N263M,-24.094425201416016
K257H:V247Y,-17.307086944580078
K257H:V247W,-16.789714813232422
K257H:V247T,-18.4233455657959
K257H:V247D,-19.621227264404297
K257H:V247E,-19.4907283782959
K257H:V247F,-17.84855079650879
K257H:V247G,-18.533321380615234
K257H:V247H,-18.17462730407715
K257H:V247I,-18.648075103759766
K257H:V247L,-18.57379150390625
K257H:V247M,-18.755329132080078
K257H:V247N,-18.55709457397461
K257H:V247P,-18.761526107788086
K257H:V247S,-18.981761932373047
K257H:V247K,-18.575307846069336
K257H:T281Y,-20.23838233947754
K257H:T281W,-19.88762855529785
K257H:T277E,-15.074573516845703
K257H:T277G,-18.312068939208984
K257H:T277I,-15.514717102050781
K257H:T277K,-15.940995216369629
K257H:T277L,-14.700735092163086
K257H:T277M,-15.082932472229004
K257H:T277N,-16.656396865844727
K257H:T277P,-26.76217269897461
K257H:T277R,-16.311613082885742
K257H:T277S,-17.764989852905273
K257H:T277V,-15.036032676696777
K257H:T277W,-16.264997482299805
K257H:T281C,-19.99701690673828
K257H:T281D,-20.873268127441406
K257H:T281F,-20.764942169189453
K257H:T281G,-21.427913665771484
K257H:T281H,-20.099836349487305
K257G:T281W,-20.384944915771484
K257H:T281K,-19.352754592895508
K257H:T281L,-21.013450622558594
K257H:T281M,-20.88541030883789
K257H:T281N,-19.22452163696289
K257H:T281P,-26.85574722290039
K257H:T281Q,-20.193849563598633
K257H:T281I,-20.388206481933594
K257H:T281V,-19.509342193603516
K257H:T277Y,-16.44612693786621
K257H:N263L,-24.330448150634766
K257H:N263I,-23.745311737060547
K257G:V247L,-19.071107864379883
K257G:V247K,-19.07262420654297
K257G:V247I,-19.1453914642334
K257G:V247H,-18.67194366455078
K257G:V247G,-19.030635833740234
K257G:V247F,-18.345867156982422
K257G:V247E,-19.98804473876953
K257G:Y259A,-24.027584075927734
K257G:V247D,-20.118545532226562
K257G:Y259C,-23.385507583618164
K257G:Y259D,-27.58989715576172
K257G:Y259F,-17.39891815185547
K257G:V247M,-19.252647399902344
K257G:Y259G,-24.297683715820312
K257G:Y259M,-23.127857208251953
K257G:Y259N,-24.300785064697266
K257G:Y259P,-28.184253692626953
K257G:Y259R,-25.354780197143555
K257G:Y259S,-25.235095977783203
K257G:Y259T,-24.936765670776367
K257G:Y259V,-24.399864196777344
K257G:Y259Q,-24.820613861083984
K257G:V247N,-19.054410934448242
K257G:V247P,-19.25884246826172
K257H:N263K,-25.72341537475586
K257G:V247Y,-17.804405212402344
K257G:V247W,-17.287031173706055
K257G:V247T,-18.92066192626953
K257G:V247S,-19.47907829284668
K257G:Y259E,-26.94622039794922
K257H:N263A,-22.91551971435547
K257H:N263C,-20.72887420654297
K257H:N263D,-26.023712158203125
K257H:N263E,-25.155227661132812
K257H:N263F,-27.131668090820312
K257H:N263G,-22.985919952392578
K257H:N263H,-23.991010665893555
N263M:V247Y,-12.332304954528809
N263M:T281I,-15.413423538208008
N263M:V247T,-13.448562622070312
N263M:T277W,-11.290215492248535
N263M:T281D,-15.898486137390137
N263M:T281C,-15.022233009338379
N263M:T277Y,-11.471343040466309
N263M:T281F,-15.79015827178955
N263M:T281G,-16.45313262939453
N263M:T281H,-15.125053405761719
N263M:T281K,-14.377971649169922
N263M:V247S,-14.006978988647461
N263M:V247P,-13.7867431640625
N263M:V247N,-13.582311630249023
N263M:V247M,-13.780547142028809
N263M:V247L,-13.599008560180664
N263M:V247K,-13.60052490234375
N263M:V247I,-13.67329216003418
N263M:V247H,-13.199844360351562
N263M:V247G,-13.558537483215332
N263M:V247F,-12.87376880645752
N263M:V247W,-11.814931869506836
N263M:V247E,-14.515945434570312
N263M:T281Y,-15.263599395751953
N263M:T281W,-14.912845611572266
N263M:T281V,-14.534560203552246
N263M:T281Q,-15.219066619873047
N263M:T281P,-21.880964279174805
N263M:T281N,-14.249737739562988
N263M:T281M,-15.910626411437988
N263M:T281L,-16.038667678833008
N263M:V247D,-14.646445274353027
N263M:T277V,-10.061249732971191
N263M:Y259V,-18.927764892578125
N263M:Y259T,-19.46466636657715
N263M:Y259S,-19.762996673583984
N263M:Y259R,-19.882680892944336
N263M:Y259Q,-19.348514556884766
N263M:Y259P,-22.712154388427734
N263M:Y259N,-18.828685760498047
N263M:Y259M,-17.655757904052734
N263M:Y259G,-18.825584411621094
N263M:Y259E,-21.47412109375
N263M:Y259D,-22.1177978515625
N263M:Y259C,-17.913408279418945
N263M:Y259A,-18.555484771728516
N263M:Y259F,-11.926819801330566
N263M:T277S,-12.790206909179688
N263M:T237Y,-17.336498260498047
N263M:T237W,-16.14837646484375
N263M:T237V,-16.866561889648438
N263M:T237R,-16.934539794921875
N263M:T237Q,-17.254627227783203
N263M:T237M,-17.477802276611328
N263M:T237L,-17.855480194091797
N263M:T237K,-17.389850616455078
N263M:T237I,-17.675827026367188
N263M:T237G,-18.674903869628906
N263M:T237F,-17.718183517456055
N263M:T237P,-19.637861251831055
N263L:Y259V,-19.163789749145508
N263L:Y259T,-19.70069122314453
N263L:Y259S,-19.999019622802734
N263L:Y259R,-20.11870574951172
N263L:Y259Q,-19.584537506103516
N263L:Y259P,-22.948179244995117
N263L:Y259N,-19.064708709716797
N263L:Y259M,-17.891780853271484
N263M:T277P,-21.78738784790039
N263M:T277N,-11.68161392211914
N263M:T277M,-10.108149528503418
N263M:T277L,-9.7259521484375
N263M:T277K,-10.966212272644043
N263M:T277I,-10.539934158325195
N263M:T277G,-13.337285995483398
N263M:T277E,-10.099790573120117
N263M:T277R,-11.336830139160156
N263P:Y259D,-27.40249252319336
N263P:Y259C,-23.198104858398438
N263P:Y259A,-23.840179443359375
N263P:Y259E,-26.75881576538086
N263P:Y259F,-17.211515426635742
N263P:Y259G,-24.110279083251953
N263P:Y259V,-24.212461471557617
N263P:Y259T,-24.74936294555664
N263P:Y259S,-25.047691345214844
N263P:Y259R,-25.167377471923828
N263P:Y259Q,-24.633209228515625
N263P:Y259P,-27.996850967407227
N263P:Y259N,-24.113380432128906
N263P:Y259M,-22.940452575683594
N263Q:T237Y,-16.483718872070312
N263Q:T237W,-15.295598030090332
N263Q:T237V,-16.013782501220703
N263Q:T237R,-16.08176040649414
N263Q:T237Q,-16.40184783935547
N263Q:T237P,-18.78508186340332
N263Q:T237M,-16.625022888183594
N263Q:T237L,-17.002700805664062
N263Q:T237K,-16.537071228027344
N263Q:T237I,-16.823047637939453
N263Q:T237G,-17.822124481201172
N263Q:T237F,-16.86540412902832
N263P:T237L,-23.14017677307129
N263P:T237K,-22.674545288085938
N263P:T237I,-22.960521697998047
N263P:T237G,-23.9596004486084
N263P:T237F,-23.002880096435547
N263P:T237M,-22.762496948242188
N263P:T237P,-24.922557830810547
N263P:T237Q,-22.539321899414062
N263P:T237Y,-22.621192932128906
N263P:T237W,-21.433073043823242
N263P:T237V,-22.151256561279297
N263P:T237R,-22.219236373901367
N263P:T281V,-19.819255828857422
N263P:T281Q,-20.50376319885254
N263P:T281P,-27.165660858154297
N263P:T281N,-19.534433364868164
N263P:T281M,-21.195322036743164
N263P:T281L,-21.323362350463867
N263P:T281K,-19.66266632080078
N263P:T281I,-20.6981201171875
N263P:T281H,-20.40974998474121
N263P:T281G,-21.73782730102539
N263P:T281F,-21.074853897094727
N263P:T281D,-21.183181762695312
N263P:T281C,-20.306928634643555
N263P:T281W,-20.197542190551758
N263P:T281Y,-20.548295974731445
N263P:V247Y,-17.617000579833984
N263P:V247W,-17.099628448486328
N263P:V247T,-18.733257293701172
N263P:V247S,-19.29167366027832
N263P:V247P,-19.07143783569336
N263P:V247N,-18.867008209228516
N263P:V247M,-19.065242767333984
N263P:V247L,-18.883705139160156
N263P:V247K,-18.88521957397461
N263P:V247I,-18.957988739013672
N263P:V247H,-18.484540939331055
N263P:V247G,-18.843233108520508
N263P:V247F,-18.158464431762695
N263P:V247E,-19.800642013549805
N263P:V247D,-19.931140899658203
N263P:T277Y,-16.756038665771484
N263P:T277W,-16.57491111755371
N263P:T277V,-15.345945358276367
N263P:T277S,-18.07490348815918
N263P:T277R,-16.62152671813965
N263P:T277N,-16.96630859375
N263P:T277M,-15.392845153808594
N263P:T277L,-15.010647773742676
N263P:T277K,-16.25090789794922
N263P:T277I,-15.824629783630371
N263P:T277G,-18.62198257446289
N263P:T277E,-15.384486198425293
N263P:T277P,-27.072084426879883
N263K:T281I,-17.042415618896484
N263L:Y259G,-19.061607360839844
N263K:T237Y,-18.96548843383789
N263K:T237W,-17.777368545532227
N263K:T237V,-18.49555206298828
N263K:T237R,-18.56353187561035
N263K:T237Q,-18.883617401123047
N263K:T237P,-21.26685333251953
N263K:T237M,-19.106792449951172
N263K:T237L,-19.484472274780273
N263K:T237K,-19.018840789794922
N263K:T237I,-19.30481719970703
N263K:T237G,-20.303895950317383
N263K:T237F,-19.34717559814453
N263K:V247P,-15.415733337402344
N263K:V247N,-15.211302757263184
N263K:V247M,-15.409538269042969
N263K:V247L,-15.22800064086914
N263K:V247K,-15.22951602935791
N263K:V247I,-15.30228328704834
N263K:V247H,-14.828836441040039
N263K:V247G,-15.187528610229492
N263K:V247F,-14.50275993347168
N263K:V247E,-16.14493751525879
N263K:V247D,-16.275436401367188
N263K:T281Y,-16.89259147644043
N263K:T281W,-16.541837692260742
N263K:T281V,-16.163551330566406
N263K:T281Q,-16.848058700561523
N263K:T281P,-23.50995635986328
N263K:T281N,-15.878728866577148
N263K:T281M,-17.53961753845215
N263K:T281L,-17.66765785217285
N263K:V247S,-15.635969161987305
N263K:V247T,-15.077552795410156
N263K:V247W,-13.443922996520996
N263K:V247Y,-13.961296081542969
N263K:T281K,-16.006961822509766
N263K:T281H,-16.754045486450195
N263K:T281F,-17.41914939880371
N263K:T277N,-13.310604095458984
N263K:T277M,-11.737140655517578
N263K:T277L,-11.35494327545166
N263K:T277K,-12.595203399658203
N263K:T277I,-12.168925285339355
N263K:T277G,-14.966278076171875
N263K:T277E,-11.728781700134277
N263K:T277P,-23.416379928588867
N263K:T277R,-12.965821266174316
N263K:T277S,-14.419198989868164
N263K:T281D,-17.527477264404297
N263K:T281C,-16.65122413635254
N263K:T281G,-18.082122802734375
N263K:T277Y,-13.100334167480469
N263K:T277W,-12.919206619262695
N263K:T277V,-11.690240859985352
N263I:T281Y,-14.914485931396484
N263I:T281W,-14.563732147216797
N263I:T281V,-14.185446739196777
N263I:T281Q,-14.869953155517578
N263I:T281P,-21.531850814819336
N263I:T281N,-13.90062427520752
N263I:T281M,-15.56151294708252
N263I:T281L,-15.689554214477539
N263I:T281K,-14.028858184814453
N263I:T281I,-15.064310073852539
N263I:T281H,-14.77593994140625
N263I:T281G,-16.104019165039062
N263I:T281F,-15.441044807434082
N263I:T281D,-15.549372673034668
N263I:T281C,-14.67311954498291
N263I:V247D,-14.297331809997559
N263I:V247E,-14.166831970214844
N263I:V247Y,-11.98319149017334
N263I:V247W,-11.465818405151367
N263I:V247S,-13.657865524291992
N263I:V247N,-13.233198165893555
N263I:V247M,-13.43143367767334
N263I:V247L,-13.249895095825195
N263I:V247K,-13.251411437988281
N263I:V247I,-13.324178695678711
N263I:V247H,-12.850730895996094
N263I:V247G,-13.209424018859863
N263I:V247F,-12.52465534210205
N263I:V247T,-13.099449157714844
N263I:Y259F,-11.577706336975098
N263I:Y259E,-21.12500762939453
N263I:Y259D,-21.76868438720703
N263I:Y259C,-17.564294815063477
N263I:Y259A,-18.206371307373047
N263I:Y259G,-18.476470947265625
N263I:Y259V,-18.578651428222656
N263I:Y259T,-19.11555290222168
N263I:Y259S,-19.413883209228516
N263I:Y259R,-19.533567428588867
N263I:Y259Q,-18.999401092529297
N263I:Y259P,-22.363040924072266
N263I:Y259N,-18.479572296142578
N263I:Y259M,-17.306644439697266
N263L:T277Y,-11.707366943359375
N263L:T277W,-11.526239395141602
N263L:T277V,-10.297273635864258
N263L:T277S,-13.02623176574707
N263L:T277R,-11.572854042053223
N263L:T277P,-22.023412704467773
N263L:T277N,-11.91763687133789
N263L:T277M,-10.344173431396484
N263L:T277L,-9.961976051330566
N263L:T277K,-11.20223617553711
N263L:T277I,-10.775958061218262
N263L:T277G,-13.573310852050781
N263L:T277E,-10.335814476013184
N263L:T281Y,-15.499624252319336
N263L:T281W,-15.148870468139648
N263L:T281V,-14.770584106445312
N263L:T281Q,-15.45509147644043
N263L:T281P,-22.116989135742188
N263L:T281N,-14.485761642456055
N263L:T281M,-16.146650314331055
N263L:T281L,-16.274690628051758
N263L:T281K,-14.613995552062988
N263L:T281I,-15.649447441101074
N263L:T281H,-15.361078262329102
N263L:T281F,-16.026182174682617
N263L:T281D,-16.134510040283203
N263L:T281C,-15.258256912231445
N263L:T281G,-16.68915557861328
N263L:V247D,-14.882469177246094
N263L:V247E,-14.751970291137695
N263L:Y259F,-12.162843704223633
N263L:Y259E,-21.71014404296875
N263L:Y259D,-22.35382080078125
N263L:Y259C,-18.149433135986328
N263L:Y259A,-18.791507720947266
N263L:V247Y,-12.568328857421875
N263L:V247W,-12.050955772399902
N263L:V247S,-14.243001937866211
N263L:V247P,-14.02276611328125
N263L:V247N,-13.81833553314209
N263L:V247M,-14.016571044921875
N263L:V247L,-13.835033416748047
N263L:V247K,-13.836548805236816
N263L:V247I,-13.909316062927246
N263L:V247H,-13.435869216918945
N263L:V247G,-13.794561386108398
N263L:V247F,-13.109792709350586
N263L:V247T,-13.684585571289062
N263K:Y259V,-20.5567569732666
N263K:Y259T,-21.093658447265625
N263K:Y259S,-21.391986846923828
N263K:Y259R,-21.511672973632812
N263K:Y259Q,-20.97750473022461
N263K:Y259P,-24.34114646911621
N263K:Y259N,-20.45767593383789
N263K:Y259M,-19.284748077392578
N263K:Y259G,-20.454574584960938
N263K:Y259F,-13.555810928344727
N263K:Y259E,-23.103111267089844
N263K:Y259D,-23.746788024902344
N263K:Y259C,-19.542400360107422
N263K:Y259A,-20.18447494506836
N263L:T237Y,-17.572521209716797
N263L:T237W,-16.384401321411133
N263L:T237V,-17.102584838867188
N263L:T237R,-17.170564651489258
N263L:T237Q,-17.490650177001953
N263L:T237P,-19.873886108398438
N263L:T237M,-17.713825225830078
N263L:T237L,-18.09150505065918
N263L:T237K,-17.625873565673828
N263L:T237I,-17.911849975585938
N263L:T237G,-18.91092872619629
N263L:T237F,-17.954208374023438
N263T:T277Y,-9.818559646606445
N263T:T277W,-9.637432098388672
N263T:T277V,-8.408466339111328
N263T:T277S,-11.13742446899414
N263T:T277R,-9.684046745300293
N263T:T277P,-20.134605407714844
N263T:T277N,-10.028829574584961
N263T:T277L,-8.073168754577637
N263T:T277K,-9.31342887878418
N263T:T277I,-8.887150764465332
N263T:T277G,-11.684503555297852
N263T:T277E,-8.447007179260254
N263T:T277M,-8.455366134643555
N263T:T281Q,-13.5662841796875
N263T:T281P,-20.228179931640625
N263T:T281N,-12.596954345703125
N263T:T281M,-14.257843017578125
N263T:T281L,-14.385883331298828
N263T:T281K,-12.725188255310059
N263T:T281I,-13.760640144348145
N263T:T281H,-13.472270965576172
N263T:T281G,-14.800348281860352
N263T:T281F,-14.137374877929688
N263T:T281D,-14.245702743530273
N263T:T281C,-13.369449615478516
N263T:T281V,-12.881776809692383
N263T:T281W,-13.260063171386719
N263T:T281Y,-13.610816955566406
N263T:V247Y,-10.679521560668945
N263T:V247W,-10.162148475646973
N263T:V247T,-11.795778274536133
N263T:V247P,-12.13395881652832
N263T:V247M,-12.127763748168945
N263T:V247L,-11.946226119995117
N263T:V247K,-11.947741508483887
N263T:V247I,-12.020508766174316
N263T:V247H,-11.547061920166016
N263T:V247G,-11.905754089355469
N263T:V247F,-11.220985412597656
N263T:V247E,-12.863162994384766
N263T:V247S,-12.354194641113281
N263S:Y259Q,-16.556337356567383
N263S:Y259P,-19.919979095458984
N263S:Y259N,-16.036510467529297
N263S:Y259M,-14.863581657409668
N263S:Y259G,-16.03340721130371
N263S:Y259F,-9.1346435546875
N263S:Y259E,-18.681943893432617
N263S:Y259D,-19.325620651245117
N263S:Y259C,-15.121232032775879
N263S:Y259A,-15.763307571411133
N263S:Y259R,-17.090503692626953
N263S:V247Y,-9.540128707885742
N263S:V247W,-9.02275562286377
N263S:V247T,-10.65638542175293
N263S:V247S,-11.214801788330078
N263S:Y259S,-16.970821380615234
N263S:Y259T,-16.672489166259766
N263S:Y259V,-16.135589599609375
N263T:T237K,-15.737066268920898
N263T:T237I,-16.023042678833008
N263T:T237G,-17.02212142944336
N263T:T237F,-16.065399169921875
N263T:T237L,-16.20269775390625
N263T:T237M,-15.825017929077148
N263T:T237P,-17.985076904296875
N263T:T237Y,-15.683713912963867
N263T:T237W,-14.495594024658203
N263T:T237V,-15.213778495788574
N263T:T237R,-15.281757354736328
N263T:T237Q,-15.601842880249023
N263V:V247P,-12.986959457397461
N263V:V247N,-12.7825288772583
N263V:V247M,-12.980764389038086
N263V:V247L,-12.799226760864258
N263V:V247K,-12.800742149353027
N263V:V247I,-12.873509407043457
N263V:V247H,-12.400062561035156
N263V:V247G,-12.75875473022461
N263V:V247F,-12.073986053466797
N263V:V247E,-13.716163635253906
N263V:V247D,-13.846662521362305
N263V:T281Y,-14.463817596435547
N263V:T281W,-14.11306381225586
N263V:T281V,-13.734777450561523
N263V:T281Q,-14.41928482055664
N263V:T281P,-21.081180572509766
N263V:T281N,-13.449954986572266
N263V:T281M,-15.110843658447266
N263V:T281L,-15.238883972167969
N263V:T281K,-13.5781888961792
N263V:T281I,-14.613640785217285
N263V:V247S,-13.207195281982422
N263V:V247T,-12.648778915405273
N263V:V247W,-11.015149116516113
N263V:T281H,-14.325271606445312
N263V:V247Y,-11.532522201538086
N263V:T281G,-15.653348922729492
N263V:T277M,-9.308366775512695
N263V:T277L,-8.926169395446777
N263V:T277K,-10.16642951965332
N263V:T277I,-9.740151405334473
N263V:T277G,-12.537504196166992
N263V:T277E,-9.300007820129395
N263V:T277N,-10.881830215454102
N263V:T277P,-20.987606048583984
N263V:T277R,-10.537047386169434
N263V:T281D,-15.098703384399414
N263V:T281C,-14.222450256347656
N263V:T281F,-14.990375518798828
N263V:T277Y,-10.671560287475586
N263V:T277W,-10.490432739257812
N263V:T277V,-9.261466979980469
N263V:T277S,-11.990425109863281
N263V:Y259V,-18.12798309326172
N263V:Y259T,-18.66488265991211
N263V:Y259S,-18.963214874267578
N263V:Y259R,-19.082897186279297
N263V:Y259Q,-18.548730850219727
N263V:Y259P,-21.912372589111328
N263V:Y259N,-18.02890396118164
N263V:Y259M,-16.855976104736328
N263V:Y259G,-18.025800704956055
N263V:Y259F,-11.127037048339844
N263V:Y259E,-20.67433738708496
N263V:Y259D,-21.31801414489746
N263V:Y259C,-17.113624572753906
N263V:Y259A,-17.755701065063477
N263T:Y259D,-20.46501350402832
N263T:Y259C,-16.260623931884766
N263T:Y259A,-16.902700424194336
N263T:Y259E,-19.82133674621582
N263T:Y259F,-10.274036407470703
N263T:Y259G,-17.172800064086914
N263T:Y259V,-17.274982452392578
N263T:Y259T,-17.81188201904297
N263T:Y259S,-18.110214233398438
N263T:Y259R,-18.229896545410156
N263T:Y259Q,-17.695730209350586
N263T:Y259P,-21.059371948242188
N263T:Y259N,-17.1759033203125
N263T:Y259M,-16.002975463867188
N263V:T237Y,-16.536714553833008
N263V:T237W,-15.348594665527344
N263V:T237V,-16.06678009033203
N263V:T237R,-16.13475799560547
N263V:T237Q,-16.454843521118164
N263V:T237M,-16.67801856994629
N263V:T237L,-17.05569839477539
N263V:T237K,-16.59006690979004
N263V:T237I,-16.87604331970215
N263V:T237G,-17.8751220703125
N263V:T237F,-16.918399810791016
N263V:T237P,-18.838077545166016
N263S:V247P,-10.994565963745117
N263S:V247M,-10.988370895385742
N263R:T237K,-18.422319412231445
N263R:T237I,-18.708295822143555
N263R:T237G,-19.707374572753906
N263R:T237F,-18.750652313232422
N263R:T237L,-18.887950897216797
N263Q:Y259S,-18.91021728515625
N263Q:Y259R,-19.0299015045166
N263Q:Y259Q,-18.49573516845703
N263Q:Y259P,-21.859375
N263Q:Y259N,-17.975906372070312
N263Q:Y259M,-16.802978515625
N263Q:Y259G,-17.97280502319336
N263Q:Y259F,-11.074040412902832
N263Q:Y259E,-20.621341705322266
N263Q:Y259D,-21.265018463134766
N263Q:Y259C,-17.06062889099121
N263Q:Y259A,-17.70270538330078
N263Q:Y259T,-18.611886978149414
N263Q:Y259V,-18.07498550415039
N263R:T237M,-18.510271072387695
N263R:T237P,-20.670330047607422
N263R:T237Y,-18.368967056274414
N263R:T237W,-17.18084716796875
N263R:T237V,-17.899032592773438
N263R:T237R,-17.967010498046875
N263R:T237Q,-18.28709602355957
N263Q:T277K,-10.113432884216309
N263Q:T277I,-9.687154769897461
N263Q:T277G,-12.484506607055664
N263Q:T277E,-9.247011184692383
N263Q:T277L,-8.873172760009766
N263Q:T277M,-9.255370140075684
N263Q:T277N,-10.828834533691406
N263Q:T277P,-20.934608459472656
N263Q:T277Y,-10.618563652038574
N263Q:T277W,-10.4374361038208
N263Q:T277V,-9.208470344543457
N263Q:T277S,-11.937427520751953
N263Q:T277R,-10.484050750732422
N263Q:T281C,-14.169453620910645
N263Q:T281D,-15.045706748962402
N263Q:T281F,-14.937378883361816
N263Q:V247N,-12.729532241821289
N263Q:V247M,-12.927767753601074
N263Q:V247L,-12.74622917175293
N263Q:V247K,-12.747745513916016
N263Q:V247I,-12.820512771606445
N263Q:V247H,-12.347064971923828
N263Q:V247G,-12.705758094787598
N263Q:V247F,-12.020989418029785
N263Q:V247E,-13.663166046142578
N263Q:V247D,-13.793665885925293
N263Q:V247P,-12.933963775634766
N263Q:T281Y,-14.410820007324219
N263Q:T281V,-13.681780815124512
N263Q:T281Q,-14.366287231445312
N263Q:T281P,-21.02818489074707
N263Q:T281N,-13.396958351135254
N263Q:T281M,-15.057847023010254
N263Q:T281L,-15.185888290405273
N263Q:T281K,-13.525192260742188
N263Q:T281I,-14.560644149780273
N263Q:T281H,-14.272274017333984
N263Q:T281G,-15.60035228729248
N263Q:T281W,-14.060066223144531
N263Q:V247S,-13.154199600219727
N263Q:V247Y,-11.479525566101074
N263Q:V247W,-10.962152481079102
N263Q:V247T,-12.595783233642578
N263S:V247N,-10.790135383605957
N263S:T237Y,-14.544321060180664
N263S:T237W,-13.356201171875
N263S:T237V,-14.074385643005371
N263S:T237R,-14.142364501953125
N263S:T237Q,-14.46245002746582
N263S:T237P,-16.845684051513672
N263S:T237M,-14.685625076293945
N263S:T237K,-14.597673416137695
N263S:T237I,-14.883649826049805
N263S:T237G,-15.882728576660156
N263S:T237F,-14.926007270812988
N263S:T237L,-15.063304901123047
N263S:T277Y,-8.679166793823242
N263S:T277W,-8.498039245605469
N263S:T277V,-7.269073963165283
N263S:T277S,-9.998031616210938
N263S:T277R,-8.54465389251709
N263S:T277P,-18.99521255493164
N263S:T281C,-12.230056762695312
N263S:T281D,-13.10630989074707
N263S:V247L,-10.806833267211914
N263S:V247K,-10.808348655700684
N263S:V247I,-10.881115913391113
N263S:V247H,-10.407669067382812
N263S:V247G,-10.766361236572266
N263S:V247F,-10.081592559814453
N263S:V247E,-11.723770141601562
N263S:V247D,-11.854269027709961
N263S:T281Y,-12.471424102783203
N263S:T281W,-12.120670318603516
N263S:T277N,-8.889436721801758
N263S:T281V,-11.74238395690918
N263S:T281Q,-12.426891326904297
N263S:T281P,-19.088787078857422
N263S:T281N,-11.457561492919922
N263S:T281M,-13.118450164794922
N263S:T281L,-13.246490478515625
N263S:T281K,-11.585795402526855
N263S:T281I,-12.621247291564941
N263S:T281H,-12.332878112792969
N263S:T281G,-13.660955429077148
N263S:T281F,-12.997982025146484
N263S:T277M,-7.315972805023193
N263S:T277K,-8.174036026000977
N263S:T277I,-7.747757434844971
N263S:T277G,-10.545110702514648
N263S:T277E,-7.307614803314209
N263S:T277L,-6.933776378631592
N263R:V247Y,-13.364774703979492
N263R:V247W,-12.84740161895752
N263R:V247T,-14.48103141784668
N263R:V247S,-15.039447784423828
N263R:V247P,-14.819211959838867
N263R:V247N,-14.614781379699707
N263R:V247M,-14.813016891479492
N263R:V247L,-14.631479263305664
N263R:V247K,-14.632994651794434
N263R:V247I,-14.705761909484863
N263R:V247H,-14.232315063476562
N263R:V247G,-14.591007232666016
N263R:V247F,-13.906238555908203
N263R:V247E,-15.548416137695312
N263R:V247D,-15.678915023803711
N263R:T281Y,-16.296070098876953
N263R:T281W,-15.945316314697266
N263R:T277Y,-12.503812789916992
N263R:T277W,-12.322685241699219
N263R:T277V,-11.093719482421875
N263R:T277S,-13.822677612304688
N263R:T277R,-12.36929988861084
N263R:T277P,-22.81985855102539
N263R:T277N,-12.714082717895508
N263R:T277M,-11.140619277954102
N263R:T277L,-10.758421897888184
N263R:T277K,-11.998682022094727
N263R:T277I,-11.572403907775879
N263R:T277G,-14.369756698608398
N263R:T277E,-11.1322603225708
N263R:T281Q,-16.251537322998047
N263R:T281P,-22.913433074951172
N263R:T281N,-15.282207489013672
N263R:T281M,-16.943096160888672
N263R:T281L,-17.071136474609375
N263R:T281K,-15.410441398620605
N263R:T281I,-16.445892333984375
N263R:T281H,-16.15752410888672
N263R:T281G,-17.4856014251709
N263R:T281F,-16.822628021240234
N263R:T281V,-15.56702995300293
N263R:T281D,-16.93095588684082
N263R:T281C,-16.054702758789062
N263R:Y259V,-19.960235595703125
N263R:Y259T,-20.497135162353516
N263R:Y259S,-20.795467376708984
N263R:Y259R,-20.915149688720703
N263R:Y259Q,-20.380983352661133
N263R:Y259P,-23.744625091552734
N263R:Y259N,-19.861156463623047
N263R:Y259M,-18.688228607177734
N263R:Y259G,-19.85805320739746
N263R:Y259F,-12.95928955078125
N263R:Y259E,-22.506589889526367
N263R:Y259D,-23.150266647338867
N263R:Y259C,-18.945877075195312
N263R:Y259A,-19.587953567504883
N263C:T237Y,-13.970946311950684
N263C:T237W,-12.78282642364502
N263C:T237R,-13.568988800048828
N263C:T237Q,-13.88907527923584
N263C:T237P,-16.272310256958008
N263C:T237M,-14.112250328063965
N263C:T237L,-14.489930152893066
N263C:T237K,-14.024299621582031
N263C:T237I,-14.310275077819824
N263C:T237G,-15.309353828430176
N263C:T237F,-14.352632522583008
N263C:T237V,-13.50101089477539
N263C:T277Y,-8.105792045593262
N263C:T277W,-7.92466402053833
N263C:T277V,-6.695699214935303
N263C:T277S,-9.42465591430664
N263C:T277R,-7.971279144287109
N263C:T277P,-18.421836853027344
N263C:T277N,-8.316062927246094
N263C:T277M,-6.742598056793213
N263C:T277L,-6.360401630401611
N263C:T277K,-7.600661277770996
N263C:T277I,-7.17438268661499
N263C:T277G,-9.971735000610352
N263C:T281Y,-11.898048400878906
N263C:T281W,-11.547294616699219
N263C:T281V,-11.1690092086792
N263C:T281Q,-11.853515625
N263C:T281P,-18.515413284301758
N263C:T281N,-10.884186744689941
N263C:T281M,-12.545075416564941
N263C:T281L,-12.673116683959961
N263C:T277E,-6.7342400550842285
N263C:T281K,-11.012420654296875
N263C:T281H,-11.759502410888672
N263C:T281G,-13.087580680847168
N263C:T281F,-12.424607276916504
N263C:T281D,-12.53293514251709
N263C:T281C,-11.656682014465332
N263C:T281I,-12.047872543334961
N263A:V247P,-12.607837677001953
N263A:V247N,-12.403406143188477
N263A:V247M,-12.601641654968262
N263A:V247L,-12.420103073120117
N263A:V247K,-12.421619415283203
N263A:V247I,-12.494386672973633
N263A:V247H,-12.020938873291016
N263A:V247G,-12.379631996154785
N263A:V247F,-11.694863319396973
N263A:V247D,-13.46753978729248
N263A:T281Y,-14.084693908691406
N263A:T281W,-13.733940124511719
N263A:T281V,-13.3556547164917
N263A:T281Q,-14.0401611328125
N263A:T281P,-20.702058792114258
N263A:T281N,-13.070832252502441
N263A:T281M,-14.731720924377441
N263A:T281L,-14.859762191772461
N263A:T281K,-13.199066162109375
N263A:T281I,-14.234518051147461
N263A:T281H,-13.946147918701172
N263A:T281G,-15.274226188659668
N263A:V247S,-12.828073501586914
N263A:V247T,-12.269657135009766
N263A:T281F,-14.611252784729004
N263A:V247W,-10.636026382446289
N263A:T281C,-13.843327522277832
N263A:T277K,-9.787306785583496
N263A:T277I,-9.361028671264648
N263A:T277G,-12.158380508422852
N263A:T277E,-8.92088508605957
N263A:T277L,-8.547046661376953
N263A:T277M,-8.929244041442871
N263A:T277N,-10.502708435058594
N263A:T277P,-20.608482360839844
N263A:T281D,-14.71958065032959
N263A:T277Y,-10.292437553405762
N263A:T277W,-10.111310005187988
N263A:T277V,-8.882344245910645
N263A:T277S,-11.61130142211914
N263A:T277R,-10.15792465209961
N263A:Y259V,-17.748859405517578
N263A:Y259T,-18.2857608795166
N263A:Y259S,-18.584091186523438
N263A:Y259R,-18.70377540588379
N263A:Y259Q,-18.16960906982422
N263A:Y259P,-21.533248901367188
N263A:Y259N,-17.6497802734375
N263A:Y259M,-16.476852416992188
N263A:Y259G,-17.646678924560547
N263A:Y259F,-10.74791431427002
N263A:Y259E,-20.295215606689453
N263A:Y259D,-20.938892364501953
N263A:Y259C,-16.7345027923584
N263A:Y259A,-17.37657928466797
N263C:V247E,-11.150394439697266
N263C:V247F,-9.508217811584473
N263C:V247H,-9.834293365478516
N263D:T277S,-14.71949577331543
N263D:T277R,-13.266118049621582
N263D:T277P,-23.716676712036133
N263D:T277N,-13.61090087890625
N263D:T277M,-12.037437438964844
N263D:T277L,-11.655240058898926
N263D:T277K,-12.895500183105469
N263D:T277I,-12.469222068786621
N263D:T277G,-15.26657485961914
N263D:T277E,-12.029078483581543
N263D:T277V,-11.990537643432617
N263D:T277W,-13.219503402709961
N263D:T277Y,-13.400630950927734
N263D:T281H,-17.05434226989746
N263D:T281G,-18.38241958618164
N263D:T281F,-17.719446182250977
N263D:T281D,-17.827774047851562
N263D:T281C,-16.951520919799805
N263D:T281I,-17.34271240234375
N263D:T281K,-16.30725860595703
N263D:T281L,-17.967954635620117
N263D:T281M,-17.839914321899414
N263D:V247Y,-14.261592864990234
N263D:V247W,-13.744219779968262
N263D:V247T,-15.377849578857422
N263D:V247S,-15.93626594543457
N263D:V247P,-15.71603012084961
N263D:V247N,-15.51159954071045
N263D:V247M,-15.709835052490234
N263D:V247L,-15.528297424316406
N263D:V247K,-15.529812812805176
N263D:V247I,-15.602580070495605
N263D:V247H,-15.129133224487305
N263D:V247F,-14.803056716918945
N263D:V247E,-16.445234298706055
N263D:V247D,-16.575733184814453
N263D:T281Y,-17.192888259887695
N263D:T281W,-16.842134475708008
N263D:T281V,-16.463848114013672
N263D:T281Q,-17.14835548400879
N263D:T281P,-23.810253143310547
N263D:T281N,-16.179025650024414
N263D:V247G,-15.487825393676758
N263C:Y259G,-15.46003246307373
N263C:Y259F,-8.56126880645752
N263C:Y259E,-18.108570098876953
N263C:Y259D,-18.752246856689453
N263C:Y259C,-14.547857284545898
N263C:Y259A,-15.189932823181152
N263C:V247Y,-8.966753959655762
N263C:V247W,-8.449380874633789
N263C:V247T,-10.083011627197266
N263C:V247S,-10.641427993774414
N263C:V247P,-10.421192169189453
N263C:V247N,-10.216760635375977
N263C:V247M,-10.414996147155762
N263C:V247L,-10.233457565307617
N263C:V247K,-10.234973907470703
N263C:V247I,-10.307741165161133
N263C:Y259M,-14.290206909179688
N263D:T237Y,-19.265785217285156
N263D:T237W,-18.077665328979492
N263D:T237R,-18.863828659057617
N263D:T237Q,-19.183914184570312
N263D:T237P,-21.567150115966797
N263D:T237M,-19.407089233398438
N263D:T237L,-19.78476905822754
N263D:T237K,-19.319137573242188
N263D:T237I,-19.605113983154297
N263D:T237G,-20.60419273376465
N263D:T237F,-19.647472381591797
N263D:T237V,-18.795848846435547
N263C:Y259V,-15.562214851379395
N263C:Y259T,-16.0991153717041
N263C:Y259S,-16.397445678710938
N263C:Y259R,-16.51712989807129
N263C:Y259Q,-15.982962608337402
N263C:Y259P,-19.346603393554688
N263C:Y259N,-15.463134765625
N263C:V247G,-10.192986488342285
N263Y:T237Y,-19.71112632751465
N263Y:T237W,-18.523006439208984
N263Y:T237V,-19.241191864013672
N263Y:T237F,-20.092811584472656
N263Y:T237G,-21.04953384399414
N263Y:T237I,-20.05045509338379
N263Y:T237K,-19.76447868347168
N263Y:T237L,-20.23011016845703
N263Y:T237M,-19.85243034362793
N263Y:T237P,-22.012489318847656
N263Y:T237Q,-19.629255294799805
N263Y:T237R,-19.30916976928711
N263W:Y259A,-20.85280990600586
N263W:Y259C,-20.21073341369629
N263W:Y259D,-24.415122985839844
N263W:Y259E,-23.771446228027344
N263W:Y259F,-14.22414493560791
N263W:Y259G,-21.122909545898438
N263W:Y259M,-19.953083038330078
N263W:Y259N,-21.12601089477539
N263W:Y259P,-25.009479522705078
N263W:Y259Q,-21.64583969116211
N263W:Y259R,-22.18000602722168
N263W:Y259S,-22.060321807861328
N263W:Y259T,-21.761991500854492
N263W:Y259V,-21.22509002685547
N263Y:Y259R,-22.257308959960938
N263Y:Y259S,-22.13762664794922
N263Y:Y259T,-21.83929443359375
N263Y:Y259V,-21.30239486694336
N263Y:Y259Q,-21.723142623901367
N263Y:Y259P,-25.08678436279297
N263Y:Y259N,-21.20331573486328
N263Y:Y259M,-20.03038787841797
N263Y:Y259A,-20.930112838745117
N263Y:Y259C,-20.288036346435547
N263Y:Y259D,-24.4924259185791
N263Y:Y259E,-23.8487491607666
N263Y:Y259F,-14.301448822021484
N263Y:Y259G,-21.200212478637695
N263Y:T277I,-12.914563179016113
N263Y:T277K,-13.340841293334961
N263Y:T277L,-12.100581169128418
N263Y:T277M,-12.482778549194336
N263Y:T277N,-14.056241989135742
N263Y:T277P,-24.162017822265625
N263Y:T277R,-13.711459159851074
N263Y:T277S,-15.164836883544922
N263Y:T277V,-12.43587875366211
N263Y:T277W,-13.664844512939453
N263Y:T277Y,-13.845972061157227
N263Y:T277G,-15.711915969848633
N263Y:T277E,-12.474419593811035
N263Y:V247L,-15.973638534545898
N263Y:V247M,-16.155176162719727
N263Y:V247N,-15.956940650939941
N263Y:V247P,-16.1613712310791
N263Y:V247S,-16.381607055664062
N263Y:V247T,-15.823190689086914
N263Y:V247W,-14.189560890197754
N263Y:V247Y,-14.706933975219727
N263Y:V247K,-15.975153923034668
N263Y:V247I,-16.04792022705078
N263Y:V247G,-15.93316650390625
N263Y:T281C,-17.396862030029297
N263Y:T281D,-18.273115158081055
N263Y:T281F,-18.16478729248047
N263Y:T281G,-18.827760696411133
N263Y:T281H,-17.499683380126953
N263Y:T281I,-17.78805160522461
N263Y:T281K,-16.752601623535156
N263Y:V247H,-15.574474334716797
N263Y:T281L,-18.41329574584961
N263Y:T281N,-16.624366760253906
N263Y:T281P,-24.255592346191406
N263Y:T281Q,-17.59369659423828
N263Y:T281V,-16.909189224243164
N263Y:T281W,-17.2874755859375
N263Y:T281Y,-17.638229370117188
N263Y:V247D,-17.021074295043945
N263Y:V247E,-16.890575408935547
N263Y:V247F,-15.248397827148438
N263Y:T281M,-18.285255432128906
N263W:T237I,-19.97315216064453
N263W:T237K,-19.687175750732422
N263W:T237L,-20.15280532836914
N263W:T237M,-19.775127410888672
N263W:T237P,-21.9351863861084
N263W:T237Q,-19.551952362060547
N263W:T237R,-19.23186492919922
N263W:T237V,-19.16388702392578
N263W:T237W,-18.445701599121094
N263W:T237Y,-19.63382339477539
N263W:T237G,-20.97222900390625
N263W:T237F,-20.0155086517334
N263A:T237W,-14.96947193145752
N263A:T237V,-15.68765640258789
N263A:T237R,-15.755634307861328
N263A:T237Q,-16.075721740722656
N263A:T237P,-18.458955764770508
N263A:T237M,-16.29889678955078
N263A:T237L,-16.67657470703125
N263A:T237K,-16.21094512939453
N263A:T237I,-16.49692153930664
N263A:T237G,-17.49599838256836
N263A:T237F,-16.539278030395508
N263A:T237Y,-16.1575927734375
N263W:T281Q,-17.51639175415039
N263W:T281V,-16.831886291503906
N263W:T281W,-17.21017074584961
N263W:T281Y,-17.560924530029297
N263W:V247D,-16.943771362304688
N263W:V247E,-16.813270568847656
N263W:V247F,-15.171093940734863
N263W:V247G,-15.855862617492676
N263W:V247H,-15.497169494628906
N263W:V247I,-15.970617294311523
N263W:V247K,-15.897850036621094
N263W:V247L,-15.896333694458008
N263W:V247M,-16.07787322998047
N263W:V247N,-15.879636764526367
N263W:V247P,-16.084068298339844
N263W:V247S,-16.304304122924805
N263W:V247T,-15.745887756347656
N263W:V247W,-14.11225700378418
N263W:V247Y,-14.629630088806152
N263W:T281P,-24.17828941345215
N263W:T281N,-16.547061920166016
N263W:T281M,-18.207950592041016
N263W:T281L,-18.33599281311035
N263W:T281C,-17.319557189941406
N263W:T281D,-18.195812225341797
N263W:T281F,-18.087482452392578
N263W:T281G,-18.750457763671875
N263W:T281H,-17.422378540039062
N263W:T281I,-17.71074867248535
N263W:T281K,-16.675296783447266
N263W:T277Y,-13.768668174743652
N263W:T277W,-13.587540626525879
N263W:T277E,-12.397115707397461
N263W:T277G,-15.634611129760742
N263W:T277I,-12.837259292602539
N263W:T277K,-13.263537406921387
N263W:T277L,-12.023277282714844
N263W:T277M,-12.405474662780762
N263W:T277N,-13.978939056396484
N263W:T277P,-24.084712982177734
N263W:T277R,-13.6341552734375
N263W:T277S,-15.087532043457031
N263W:T277V,-12.358574867248535
N263G:Y259V,-17.81926155090332
N263G:Y259T,-18.356163024902344
N263G:Y259S,-18.654491424560547
N263G:Y259R,-18.77417755126953
N263G:Y259Q,-18.240009307861328
N263G:Y259P,-21.60365104675293
N263G:Y259N,-17.72018051147461
N263G:Y259M,-16.547252655029297
N263G:Y259G,-17.717079162597656
N263G:Y259F,-10.818315505981445
N263G:Y259E,-20.365615844726562
N263G:Y259D,-21.009292602539062
N263G:Y259C,-16.80490493774414
N263G:Y259A,-17.446979522705078
N263H:T237Y,-17.233081817626953
N263H:T237W,-16.044963836669922
N263H:T237R,-16.831125259399414
N263H:T237Q,-17.15121078491211
N263H:T237P,-19.534446716308594
N263H:T237M,-17.374385833740234
N263H:T237L,-17.75206756591797
N263H:T237K,-17.286436080932617
N263H:T237I,-17.572410583496094
N263H:T237G,-18.571491241455078
N263H:T237F,-17.614768981933594
N263H:T237V,-16.763147354125977
N263G:T277E,-8.991286277770996
N263G:V247Y,-11.223800659179688
N263G:V247W,-10.706427574157715
N263G:V247T,-12.340057373046875
N263G:V247S,-12.898473739624023
N263G:V247P,-12.678237915039062
N263G:V247N,-12.473807334899902
N263G:V247M,-12.672042846679688
N263G:V247L,-12.49050521850586
N263G:V247K,-12.492020606994629
N263G:V247I,-12.564787864685059
N263G:V247H,-12.091341018676758
N263G:V247G,-12.450033187866211
N263G:V247F,-11.765264511108398
N263G:T277Y,-10.362838745117188
N263G:T277V,-8.95274543762207
N263G:T277S,-11.681703567504883
N263G:T277R,-10.228325843811035
N263G:T277P,-20.678884506225586
N263G:T277N,-10.573108673095703
N263G:T277M,-8.999645233154297
N263G:T277L,-8.617447853088379
N263G:T277K,-9.857707977294922
N263G:T277I,-9.431429862976074
N263G:T277G,-12.228782653808594
N263G:T277W,-10.181711196899414
N263G:V247E,-13.407442092895508
N263G:V247D,-13.537940979003906
N263G:T281Y,-14.155096054077148
N263G:T281W,-13.804342269897461
N263G:T281V,-13.426055908203125
N263G:T281Q,-14.110563278198242
N263G:T281P,-20.7724609375
N263G:T281N,-13.141233444213867
N263G:T281M,-14.802122116088867
N263G:T281K,-13.2694673538208
N263G:T281I,-14.304919242858887
N263G:T281H,-14.016550064086914
N263G:T281G,-15.344627380371094
N263G:T281F,-14.68165397644043
N263G:T281D,-14.789981842041016
N263G:T281C,-13.913728713989258
N263G:T281L,-14.93016242980957
N263I:T237Q,-16.905513763427734
N263I:T237P,-19.288747787475586
N263I:T237M,-17.12868881225586
N263I:T237L,-17.506366729736328
N263I:T237K,-17.04073715209961
N263I:T237I,-17.32671356201172
N263I:T237G,-18.325790405273438
N263I:T237F,-17.369070053100586
N263I:T237R,-16.585426330566406
N263I:T237V,-16.51744842529297
N263I:T237W,-15.799263954162598
N263I:T237Y,-16.987384796142578
N263I:T277Y,-11.12222957611084
N263I:T277W,-10.941102027893066
N263I:T277V,-9.712136268615723
N263I:T277R,-10.987716674804688
N263I:T277P,-21.438274383544922
N263I:T277N,-11.332500457763672
N263I:T277M,-9.75903606414795
N263I:T277L,-9.376838684082031
N263I:T277K,-10.617098808288574
N263I:T277I,-10.190820693969727
N263I:T277G,-12.98817253112793
N263I:T277E,-9.750677108764648
N263I:T277S,-12.441093444824219
N263H:T281G,-16.349716186523438
N263H:T281F,-15.68674373626709
N263H:T281D,-15.795071601867676
N263H:T281C,-14.918818473815918
N263H:T281H,-15.021638870239258
N263H:T281I,-15.310009002685547
N263H:T281K,-14.274557113647461
N263H:T281L,-15.935253143310547
N263H:V247T,-13.345148086547852
N263H:V247S,-13.903564453125
N263H:V247P,-13.683328628540039
N263H:V247N,-13.478897094726562
N263H:V247M,-13.677132606506348
N263H:V247L,-13.495594024658203
N263H:V247K,-13.497110366821289
N263H:V247I,-13.569877624511719
N263H:V247H,-13.096429824829102
N263H:V247G,-13.455122947692871
N263H:T277Y,-11.367928504943848
N263H:V247F,-12.770354270935059
N263H:V247D,-14.543030738830566
N263H:T281Y,-15.160184860229492
N263H:T281W,-14.809431076049805
N263H:T281V,-14.431145668029785
N263H:T281Q,-15.115652084350586
N263H:T281P,-21.777549743652344
N263H:T281N,-14.146323204040527
N263H:T281M,-15.807211875915527
N263H:V247E,-14.412530899047852
N263H:V247W,-11.711517333984375
N263H:T277W,-11.186800956726074
N263H:T277S,-12.686792373657227
N263H:T277R,-11.233415603637695
N263H:T277P,-21.683975219726562
N263H:T277N,-11.57819938659668
N263H:T277M,-10.004734992980957
N263H:T277L,-9.622537612915039
N263H:T277K,-10.862797737121582
N263H:T277I,-10.436519622802734
N263H:T277G,-13.233871459960938
N263H:T277E,-9.996376037597656
N263H:T277V,-9.95783519744873
N263H:V247Y,-12.228890419006348
N263H:Y259V,-18.824352264404297
N263H:Y259T,-19.361251831054688
N263H:Y259S,-19.659582138061523
N263H:Y259R,-19.779266357421875
N263H:Y259Q,-19.245098114013672
N263H:Y259P,-22.608741760253906
N263H:Y259N,-18.725271224975586
N263H:Y259M,-17.552343368530273
N263H:Y259G,-18.72216796875
N263H:Y259F,-11.823405265808105
N263H:Y259E,-21.370704650878906
N263H:Y259D,-22.014381408691406
N263H:Y259C,-17.809993743896484
N263H:Y259A,-18.452068328857422
N263G:T237Y,-16.22799301147461
N263G:T237V,-15.758057594299316
N263E:V247D,-15.707246780395508
N263E:T281Y,-16.32440185546875
N263E:T281W,-15.973648071289062
N263E:T281V,-15.595361709594727
N263E:T281Q,-16.279869079589844
N263E:T281P,-22.94176483154297
N263E:T281N,-15.310539245605469
N263E:T281M,-16.97142791748047
N263E:T281L,-17.099468231201172
N263E:T281K,-15.438773155212402
N263E:T281I,-16.474224090576172
N263E:T281H,-16.185855865478516
N263E:T281G,-17.513933181762695
N263E:T281F,-16.85095977783203
N263E:T281D,-16.959287643432617
N263E:T281C,-16.08303451538086
N263E:V247E,-15.57674789428711
N263E:V247F,-13.9345703125
N263E:V247G,-14.619338989257812
N263E:V247H,-14.26064682006836
N263E:V247Y,-13.393106460571289
N263E:V247W,-12.875733375549316
N263E:V247T,-14.509363174438477
N263E:V247S,-15.067779541015625
N263E:V247P,-14.847543716430664
N263E:V247N,-14.643113136291504
N263E:V247M,-14.841348648071289
N263E:V247L,-14.659811019897461
N263E:V247K,-14.66132640838623
N263E:V247I,-14.73409366607666
N263E:T277E,-11.160592079162598
N263E:T277Y,-12.532144546508789
N263E:T277V,-11.122051239013672
N263E:T277S,-13.851009368896484
N263E:T277R,-12.397631645202637
N263E:T277P,-22.848190307617188
N263E:T277N,-12.742414474487305
N263E:T277M,-11.168951034545898
N263E:T277L,-10.78675365447998
N263E:T277K,-12.027013778686523
N263E:T277I,-11.600735664367676
N263E:T277G,-14.398088455200195
N263E:T277W,-12.351016998291016
N263E:Y259G,-19.886384963989258
N263E:Y259F,-12.987621307373047
N263E:Y259E,-22.534921646118164
N263E:Y259D,-23.178598403930664
N263E:Y259C,-18.97420883178711
N263E:Y259A,-19.61628532409668
N263E:Y259M,-18.71656036376953
N263E:Y259V,-19.988567352294922
N263E:Y259T,-20.525466918945312
N263E:Y259S,-20.82379913330078
N263E:Y259R,-20.9434814453125
N263E:Y259Q,-20.40931510925293
N263E:Y259P,-23.77295684814453
N263E:Y259N,-19.889488220214844
N263D:Y259V,-20.857053756713867
N263D:Y259T,-21.39395523071289
N263D:Y259S,-21.692283630371094
N263D:Y259R,-21.811969757080078
N263D:Y259Q,-21.277801513671875
N263D:Y259P,-24.641443252563477
N263D:Y259N,-20.757972717285156
N263D:Y259M,-19.585044860839844
N263D:Y259G,-20.754871368408203
N263D:Y259F,-13.856107711791992
N263D:Y259E,-23.40340805053711
N263D:Y259D,-24.04708480834961
N263D:Y259C,-19.842697143554688
N263D:Y259A,-20.484771728515625
N263E:T237R,-17.995342254638672
N263E:T237Q,-18.315427780151367
N263E:T237P,-20.69866180419922
N263E:T237M,-18.538602828979492
N263E:T237L,-18.916282653808594
N263E:T237K,-18.450651168823242
N263E:T237I,-18.73662757873535
N263E:T237G,-19.735706329345703
N263E:T237F,-18.77898406982422
N263E:T237V,-17.927364349365234
N263E:T237W,-17.209178924560547
N263E:T237Y,-18.39729881286621
N263G:T237W,-15.039873123168945
N263F:V247Y,-15.369548797607422
N263F:V247W,-14.85217571258545
N263F:V247T,-16.48580551147461
N263F:V247S,-17.044221878051758
N263F:V247P,-16.823986053466797
N263F:V247N,-16.619556427001953
N263F:V247M,-16.817790985107422
N263F:V247L,-16.636253356933594
N263F:V247K,-16.637767791748047
N263F:V247I,-16.71053695678711
N263F:V247H,-16.237089157104492
N263F:V247G,-16.595781326293945
N263F:V247F,-15.911012649536133
N263F:V247E,-17.553190231323242
N263F:V247D,-17.68368911743164
N263F:T281Y,-18.300844192504883
N263F:T281W,-17.950090408325195
N263F:T281V,-17.57180404663086
N263F:T281Q,-18.256311416625977
N263F:T281P,-24.918209075927734
N263F:T281N,-17.2869815826416
N263G:T237R,-15.82603645324707
N263G:T237Q,-16.146121978759766
N263G:T237P,-18.52935791015625
N263G:T237M,-16.36929702758789
N263G:T237L,-16.746976852416992
N263G:T237K,-16.28134536743164
N263G:T237I,-16.56732177734375
N263G:T237G,-17.5664005279541
N263G:T237F,-16.60968017578125
N263F:Y259V,-21.965009689331055
N263F:Y259T,-22.501911163330078
N263F:Y259S,-22.80023956298828
N263F:Y259R,-22.919925689697266
N263F:Y259Q,-22.385757446289062
N263F:Y259P,-25.749399185180664
N263F:Y259N,-21.865928649902344
N263F:Y259M,-20.69300079345703
N263F:Y259G,-21.86282730102539
N263F:Y259F,-14.96406364440918
N263F:Y259E,-24.511363983154297
N263F:Y259D,-25.155040740966797
N263F:Y259C,-20.950653076171875
N263F:Y259A,-21.592727661132812
N263F:T281M,-18.9478702545166
N263F:T281L,-19.075910568237305
N263F:T281K,-17.41521453857422
N263F:T237Y,-20.373741149902344
N263F:T237W,-19.18562126159668
N263F:T237V,-19.903804779052734
N263F:T237R,-19.971784591674805
N263F:T237Q,-20.2918701171875
N263F:T237P,-22.675106048583984
N263F:T237M,-20.515045166015625
N263F:T237L,-20.892724990844727
N263F:T237K,-20.427093505859375
N263F:T237I,-20.713069915771484
N263F:T237G,-21.712148666381836
N263F:T237F,-20.755428314208984
N263F:T277S,-15.827451705932617
N263F:T277R,-14.37407398223877
N263F:T277P,-24.82463264465332
N263F:T277N,-14.718856811523438
N263F:T277M,-13.145393371582031
N263F:T277L,-12.763195991516113
N263F:T277K,-14.003456115722656
N263F:T277I,-13.577178001403809
N263F:T277G,-16.374530792236328
N263F:T277E,-13.13703441619873
N263F:T277V,-13.098493576049805
N263F:T277W,-14.327459335327148
N263F:T277Y,-14.508586883544922
N263F:T281I,-18.450668334960938
N263F:T281H,-18.16229820251465
N263F:T281G,-19.490375518798828
N263F:T281F,-18.827402114868164
N263F:T281D,-18.93572998046875
N263F:T281C,-18.059476852416992
N263I:V247P,-13.437629699707031
G264F:V247I,-10.3585205078125
G264F:V247H,-9.885072708129883
G264F:V247G,-10.243765830993652
G264F:V247F,-9.55899715423584
G264F:V247E,-11.201173782348633
G264F:V247D,-11.331673622131348
G264F:T281Y,-11.948827743530273
G264F:T281W,-11.598073959350586
G264F:T281V,-11.219788551330566
G264F:T281Q,-11.904294967651367
G264F:T281P,-18.566192626953125
G264F:T281N,-10.934966087341309
G264F:T281M,-12.595854759216309
G264F:T281L,-12.723896026611328
G264F:T281K,-11.063199996948242
G264F:T281I,-12.098651885986328
G264F:T281H,-11.810281753540039
G264F:V247K,-10.28575325012207
G264F:V247L,-10.284236907958984
G264F:V247N,-10.267539978027344
G264F:V247Y,-9.017533302307129
G264F:V247W,-8.500160217285156
G264F:V247T,-10.133790969848633
G264F:V247S,-10.692207336425781
G264F:V247P,-10.47197151184082
G264F:V247M,-10.465775489807129
G264F:Y259V,-15.612994194030762
G264F:Y259T,-16.14989471435547
G264F:Y259S,-16.448225021362305
G264F:Y259R,-16.567909240722656
G264F:Y259Q,-16.033740997314453
G264F:Y259P,-19.397384643554688
G264F:Y259N,-15.513914108276367
G264F:Y259M,-14.340986251831055
G264F:Y259G,-15.510811805725098
G264F:Y259F,-8.612048149108887
G264F:Y259E,-18.159347534179688
G264F:Y259D,-18.803024291992188
G264F:Y259C,-14.598636627197266
G264F:Y259A,-15.24071216583252
G264F:T281G,-13.138360023498535
G264K:T237Y,-14.728815078735352
G264K:T237V,-14.258879661560059
G264K:T237R,-14.326858520507812
G264K:T237Q,-14.646944046020508
G264K:T237P,-17.03017807006836
G264K:T237M,-14.870119094848633
G264K:T237L,-15.247798919677734
G264K:T237K,-14.782167434692383
G264K:T237W,-13.540695190429688
G264K:T237I,-15.068143844604492
G264K:T237F,-15.110501289367676
G264K:N263Y,-18.88658905029297
G264K:N263W,-18.809284210205078
G264K:N263V,-15.712177276611328
G264K:T237G,-16.067222595214844
G264K:T277Y,-8.86366081237793
G264K:T277W,-8.682533264160156
G264K:T277V,-7.453567981719971
G264K:T277S,-10.182525634765625
G264K:T277R,-8.729147911071777
G264K:T277P,-19.179706573486328
G264K:T277N,-9.073930740356445
G264K:T277M,-7.500466823577881
G264K:T277L,-7.118270397186279
G264K:T277K,-8.358530044555664
G264K:T277I,-7.932251453399658
G264K:T277G,-10.729604721069336
G264K:T277E,-7.4921088218688965
G264K:N263T,-14.859176635742188
G264K:N263S,-13.719783782958984
G264K:N263R,-17.544429779052734
G264K:N263Q,-15.659180641174316
G264K:K257Y,-22.211788177490234
G264K:K257W,-22.88404083251953
G264K:K257V,-22.339641571044922
G264K:K257T,-20.973445892333984
G264K:K257R,-17.83608627319336
G264K:K257M,-20.12781524658203
G264K:K257L,-20.399791717529297
G264K:K257I,-21.331562042236328
G264K:K257H,-21.486743927001953
G264K:K257G,-21.984058380126953
G264K:K257F,-22.8890380859375
G264K:K257E,-21.81771469116211
G264K:K257D,-23.4601993560791
G264K:K257C,-21.007076263427734
G264K:N263P,-21.796655654907227
G264K:N263M,-16.511959075927734
G264K:N263L,-16.747983932495117
G264K:N263K,-18.14095115661621
G264K:N263I,-16.162845611572266
G264K:N263H,-16.408546447753906
G264K:N263G,-15.40345573425293
G264K:N263F,-19.549203872680664
G264K:N263E,-17.57276153564453
G264K:N263D,-18.441247940063477
G264K:N263C,-13.146409034729004
G264K:N263A,-15.333054542541504
G264K:V247Y,-9.72462272644043
G264K:V247W,-9.207249641418457
G264K:V247T,-10.840879440307617
G264K:V247S,-11.399295806884766
G264K:V247P,-11.179059982299805
G264K:T281G,-13.845449447631836
G264K:T281F,-13.182476043701172
G264K:T281D,-13.290803909301758
G264K:T281C,-12.41455078125
G264K:T281H,-12.517372131347656
G264K:T281I,-12.805741310119629
G264K:T281L,-13.430984497070312
G264K:V247N,-10.974629402160645
G264K:V247M,-11.17286491394043
G264K:V247L,-10.991327285766602
G264K:V247K,-10.992842674255371
G264K:V247I,-11.0656099319458
G264K:V247H,-10.5921630859375
G264K:V247G,-10.950855255126953
G264K:V247F,-10.26608657836914
G264K:V247E,-11.90826416015625
G264K:V247D,-12.038763046264648
G264K:T281Y,-12.65591812133789
G264K:T281W,-12.305164337158203
G264K:T281V,-11.926877975463867
G264K:T281Q,-12.611385345458984
G264K:T281P,-19.27328109741211
G264K:T281N,-11.64205551147461
G264K:T281M,-13.30294418334961
G264K:T281K,-11.770289421081543
G264K:Y259V,-16.320083618164062
G264K:Y259T,-16.856983184814453
G264K:Y259S,-17.155315399169922
G264K:Y259R,-17.27499771118164
G264K:Y259Q,-16.74083137512207
G264K:Y259P,-20.104473114013672
G264K:Y259N,-16.221004486083984
G264K:Y259G,-16.2179012298584
G264K:Y259F,-9.319137573242188
G264K:Y259E,-18.866437911987305
G264K:Y259D,-19.510114669799805
G264K:Y259C,-15.305726051330566
G264K:Y259M,-15.048075675964355
G264K:Y259A,-15.94780158996582
G264F:T281F,-12.475386619567871
G264F:T281D,-12.583714485168457
G264D:K257R,-18.435054779052734
G264D:K257M,-20.726781845092773
G264D:K257L,-20.998760223388672
G264D:K257I,-21.930530548095703
G264D:K257H,-22.085710525512695
G264D:K257G,-22.583026885986328
G264D:K257F,-23.488006591796875
G264D:K257E,-22.416683197021484
G264D:K257D,-24.059165954589844
G264D:K257C,-21.60604476928711
G264D:K257T,-21.57241439819336
G264D:K257W,-23.483007431030273
G264D:K257Y,-22.81075668334961
G264D:K257V,-22.938610076904297
G264A:N263A,-13.133808135986328
G264A:N263C,-10.947162628173828
G264A:N263D,-16.242000579833984
G264A:N263E,-15.373515129089355
G264A:N263F,-17.349956512451172
G264A:N263Y,-16.68734359741211
G264A:N263W,-16.61003875732422
G264A:N263V,-13.512930870056152
G264A:N263T,-12.659930229187012
G264A:N263S,-11.520537376403809
G264A:N263R,-15.345183372497559
G264A:N263Q,-13.45993423461914
G264A:N263P,-19.597408294677734
G264A:N263M,-14.312713623046875
G264A:N263L,-14.548737525939941
G264A:N263K,-15.941704750061035
G264A:N263I,-13.963600158691406
G264A:N263H,-14.209299087524414
G264A:N263G,-13.204209327697754
G264A:T237Y,-12.529568672180176
G264A:T237W,-11.341448783874512
G264A:T237V,-12.059633255004883
G264A:T237R,-12.12761116027832
G264A:T237Q,-12.447697639465332
G264A:T237P,-14.8309326171875
G264A:T237M,-12.670872688293457
G264A:T237L,-13.048552513122559
G264A:T237K,-12.582921981811523
G264A:T237I,-12.868897438049316
G264A:T237G,-13.867976188659668
G264A:T237F,-12.9112548828125
G264A:K257Y,-20.012542724609375
G264A:K257W,-20.68479347229004
G264A:K257V,-20.140396118164062
G264A:K257T,-18.774200439453125
G264A:K257R,-15.636839866638184
G264A:K257M,-17.92856788635254
G264A:K257L,-18.200546264648438
G264A:K257I,-19.13231658935547
G264A:K257H,-19.28749656677246
G264A:K257G,-19.784812927246094
G264A:K257F,-20.68979263305664
G264A:K257E,-19.61846923828125
G264A:K257D,-21.26095199584961
G264A:K257C,-18.807830810546875
G264A:Y259V,-14.120837211608887
G264A:Y259T,-14.657737731933594
G264A:Y259S,-14.95606803894043
G264A:Y259R,-15.075752258300781
G264A:Y259Q,-14.541584968566895
G264A:Y259P,-17.905227661132812
G264A:Y259N,-14.021757125854492
G264A:Y259M,-12.84882926940918
G264A:Y259G,-14.018654823303223
G264A:Y259F,-7.119891166687012
G264A:Y259E,-16.667190551757812
G264A:Y259D,-17.310867309570312
G264A:Y259C,-13.10647964477539
G264A:Y259A,-13.748555183410645
G264A:T277K,-6.159283638000488
G264A:T277I,-5.733005046844482
G264A:T277G,-8.530357360839844
G264A:T277E,-5.292862415313721
G264A:T277L,-4.9190239906311035
G264A:T277M,-5.301220417022705
G264A:T277N,-6.874684810638428
G264A:T277P,-16.98046112060547
G264A:T277Y,-6.664414405822754
G264A:T277W,-6.483286380767822
G264A:T277V,-5.254321575164795
G264A:T277S,-7.983278751373291
G264A:T277R,-6.529901504516602
G264A:T281Y,-10.456670761108398
G264A:T281W,-10.105916976928711
G264A:T281V,-9.727631568908691
G264A:T281Q,-10.412137985229492
G264A:T281P,-17.07403564453125
G264A:T281N,-9.442809104919434
G264A:T281M,-11.103697776794434
G264A:T281L,-11.231739044189453
G264A:T281K,-9.571043014526367
G264A:T281I,-10.606494903564453
G264A:T281H,-10.318124771118164
G264A:T281G,-11.64620304107666
G264A:T281F,-10.983229637145996
G264A:T281D,-11.091557502746582
G264A:T281C,-10.215304374694824
G264A:V247D,-9.839516639709473
G264A:V247E,-9.709016799926758
G264A:V247G,-8.751608848571777
G264A:V247Y,-7.525376319885254
G264A:V247W,-7.008003234863281
G264A:V247T,-8.641633987426758
G264A:V247S,-9.200050354003906
G264A:V247P,-8.979814529418945
G264A:V247N,-8.775382995605469
G264A:V247M,-8.973618507385254
G264A:V247L,-8.79207992553711
G264A:V247K,-8.793596267700195
G264A:V247I,-8.866363525390625
G264A:V247H,-8.392915725708008
G264A:V247F,-8.066840171813965
G264E:Y259R,-17.818878173828125
G264E:Y259Q,-17.284709930419922
G264E:Y259P,-20.648351669311523
G264E:Y259N,-16.764881134033203
G264E:Y259M,-15.591954231262207
G264E:Y259S,-17.69919204711914
G264E:Y259G,-16.76177978515625
G264E:Y259E,-19.410316467285156
G264E:Y259D,-20.053993225097656
G264E:Y259C,-15.849604606628418
G264E:Y259A,-16.491680145263672
G264E:Y259F,-9.863016128540039
G264E:Y259T,-17.400863647460938
G264E:Y259V,-16.863962173461914
G264E:T277P,-19.72358512878418
G264E:T277N,-9.617809295654297
G264E:T277M,-8.04434585571289
G264E:T277L,-7.662148952484131
G264E:T277K,-8.902408599853516
G264E:T277I,-8.476130485534668
G264E:T277G,-11.273483276367188
G264E:T277E,-8.03598690032959
G264E:T277R,-9.273026466369629
G264E:T277S,-10.726404190063477
G264E:T277W,-9.226411819458008
G264E:V247Y,-10.268501281738281
G264E:V247W,-9.751128196716309
G264E:V247T,-11.384757995605469
G264E:V247S,-11.943174362182617
G264E:V247P,-11.722938537597656
G264E:V247N,-11.518507957458496
G264E:V247M,-11.716743469238281
G264E:V247L,-11.535205841064453
G264E:V247K,-11.536721229553223
G264E:V247I,-11.609488487243652
G264E:T277Y,-9.407539367675781
G264E:T281C,-12.958429336547852
G264E:T277V,-7.997446537017822
G264E:T281D,-13.83468246459961
G264E:T281F,-13.726354598999023
G264E:V247H,-11.136041641235352
G264E:V247G,-11.494733810424805
G264E:V247F,-10.809965133666992
G264E:V247E,-12.452142715454102
G264E:V247D,-12.5826416015625
G264E:T281Y,-13.199796676635742
G264E:T281W,-12.849042892456055
G264E:T281V,-12.470756530761719
G264E:T281Q,-13.155263900756836
G264E:T281P,-19.817161560058594
G264E:T281N,-12.185934066772461
G264E:T281M,-13.846822738647461
G264E:T281L,-13.974863052368164
G264E:T281K,-12.314167976379395
G264E:T281I,-13.34961986541748
G264E:T281H,-13.061250686645508
G264E:T281G,-14.389328002929688
G264F:T237Y,-14.02172565460205
G264F:T237W,-12.833605766296387
G264F:T237V,-13.551790237426758
G264F:T237R,-13.619768142700195
G264F:T237Q,-13.939854621887207
G264F:T237P,-16.323089599609375
G264F:T237M,-14.163029670715332
G264F:T237L,-14.540709495544434
G264F:T237K,-14.075078964233398
G264F:T237I,-14.361054420471191
G264F:T237G,-15.360133171081543
G264F:T237F,-14.403411865234375
G264F:T277R,-8.022058486938477
G264F:T277P,-18.472618103027344
G264F:T277N,-8.366842269897461
G264F:T277M,-6.79337739944458
G264F:T277L,-6.4111809730529785
G264F:T277K,-7.651440620422363
G264F:T277I,-7.225162029266357
G264F:T277S,-9.475435256958008
G264F:T277G,-10.022514343261719
G264F:T277E,-6.785019397735596
G264F:T277V,-6.74647855758667
G264F:T277W,-7.975443363189697
G264F:T277Y,-8.156571388244629
G264F:T281C,-11.7074613571167
G264F:K257Y,-21.50469970703125
G264F:K257W,-22.176950454711914
G264F:K257V,-21.632553100585938
G264F:K257T,-20.266357421875
G264F:K257R,-17.128997802734375
G264F:K257M,-19.420724868774414
G264F:K257L,-19.692703247070312
G264F:K257I,-20.624473571777344
G264F:K257H,-20.779653549194336
G264F:K257G,-21.27696990966797
G264F:K257F,-22.181949615478516
G264F:K257E,-21.110626220703125
G264F:K257D,-22.753108978271484
G264F:K257C,-20.29998779296875
G264F:N263H,-15.701456069946289
G264F:N263G,-14.696366310119629
G264F:N263F,-18.842113494873047
G264F:N263E,-16.865673065185547
G264F:N263D,-17.73415756225586
G264F:N263C,-12.439319610595703
G264F:N263A,-14.625965118408203
G264F:N263I,-15.455757141113281
G264F:N263K,-17.433860778808594
G264F:N263L,-16.0408935546875
G264F:N263M,-15.80487060546875
G264F:N263Y,-18.179500579833984
G264F:N263W,-18.102195739746094
G264F:N263V,-15.005087852478027
G264F:N263T,-14.152087211608887
G264F:N263S,-13.012694358825684
G264F:N263R,-16.83734130859375
G264F:N263Q,-14.952091217041016
G264F:N263P,-21.08956527709961
G264D:V247E,-12.507230758666992
G264D:V247D,-12.637730598449707
G264D:T281Y,-13.254884719848633
G264D:T281W,-12.904130935668945
G264D:T281V,-12.525845527648926
G264D:V247F,-10.8650541305542
G264D:T281Q,-13.210351943969727
G264D:T281N,-12.241023063659668
G264D:T281M,-13.901911735534668
G264D:T281L,-14.029953002929688
G264D:T281K,-12.369256973266602
G264D:T281I,-13.404708862304688
G264D:T281H,-13.116338729858398
G264D:T281G,-14.444416999816895
G264D:T281F,-13.78144359588623
G264D:T281P,-19.872249603271484
G264D:V247G,-11.549822807312012
G264D:V247H,-11.191129684448242
G264D:V247I,-11.66457748413086
G264D:V247Y,-10.323590278625488
G264D:V247W,-9.806217193603516
G264D:V247T,-11.439847946166992
G264D:V247S,-11.99826431274414
G264D:V247P,-11.77802848815918
G264D:V247N,-11.573596954345703
G264D:V247M,-11.771832466125488
G264D:V247L,-11.590293884277344
G264D:V247K,-11.59181022644043
G264D:T281D,-13.889771461486816
G264D:T281C,-13.013518333435059
G264D:T277N,-9.67289924621582
G264D:T277M,-8.099434852600098
G264D:T277L,-7.717237949371338
G264D:T277K,-8.957497596740723
G264D:T277I,-8.531219482421875
G264D:T277G,-11.328571319580078
G264D:T277E,-8.091075897216797
G264D:T277P,-19.778675079345703
G264D:T277R,-9.328115463256836
G264D:T277S,-10.781492233276367
G264D:T277Y,-9.462628364562988
G264D:T277W,-9.281500816345215
G264D:T277V,-8.052535057067871
G264D:Y259Q,-17.339797973632812
G264D:Y259P,-20.703441619873047
G264D:Y259N,-16.819971084594727
G264D:Y259M,-15.647043228149414
G264D:Y259G,-16.81686782836914
G264D:Y259F,-9.918105125427246
G264D:Y259E,-19.465404510498047
G264D:Y259D,-20.109081268310547
G264D:Y259C,-15.904693603515625
G264D:Y259A,-16.546768188476562
G264D:T237Y,-15.32778263092041
G264D:T237W,-14.139662742614746
G264D:T237V,-14.857847213745117
G264D:T237R,-14.925825119018555
G264D:T237Q,-15.245911598205566
G264D:T237P,-17.629146575927734
G264D:T237M,-15.469086647033691
G264D:T237L,-15.846766471862793
G264D:T237K,-15.381135940551758
G264D:T237I,-15.66711139678955
G264D:T237G,-16.66619110107422
G264D:T237F,-15.709468841552734
G264D:N263F,-20.148170471191406
G264D:N263E,-18.171730041503906
G264D:N263D,-19.04021453857422
G264D:N263C,-13.745376586914062
G264D:N263A,-15.932022094726562
G264D:N263G,-16.002422332763672
G264D:N263H,-17.00751304626465
G264D:N263K,-18.739917755126953
G264D:N263Y,-19.485557556152344
G264D:N263W,-19.408252716064453
G264D:N263V,-16.311145782470703
G264D:N263T,-15.458144187927246
G264D:N263S,-14.318751335144043
G264D:N263R,-18.14339828491211
G264D:N263Q,-16.258148193359375
G264D:N263P,-22.39562225341797
G264D:N263M,-17.11092758178711
G264D:N263L,-17.34695053100586
G264D:N263I,-16.76181411743164
G264D:Y259R,-17.873966217041016
G264D:Y259S,-17.754281997680664
G264D:Y259T,-17.455951690673828
G264D:Y259V,-16.919052124023438
G264E:N263G,-15.947334289550781
G264E:N263F,-20.093082427978516
G264E:N263E,-18.116640090942383
G264E:N263D,-18.985126495361328
G264E:N263C,-13.690287590026855
G264E:N263A,-15.876933097839355
G264E:N263H,-16.952423095703125
G264E:N263I,-16.70672607421875
G264E:N263L,-17.29186248779297
G264E:T237Y,-15.272693634033203
G264E:T237W,-14.084573745727539
G264E:T237V,-14.80275821685791
G264E:T237R,-14.870737075805664
G264E:T237Q,-15.19082260131836
G264E:T237M,-15.413997650146484
G264E:T237L,-15.791677474975586
G264E:T237K,-15.326045989990234
G264E:T237I,-15.612022399902344
G264E:T237G,-16.611101150512695
G264E:T237F,-15.654379844665527
G264E:T237P,-17.574058532714844
G264E:N263Y,-19.43046760559082
G264E:N263W,-19.353164672851562
G264E:N263V,-16.25605583190918
G264E:N263T,-15.403055191040039
G264E:N263S,-14.263662338256836
G264E:N263R,-18.088308334350586
G264E:N263Q,-16.203060150146484
G264E:N263P,-22.340534210205078
G264E:N263M,-17.05583953857422
G264E:N263K,-18.684829711914062
G264E:K257R,-18.37996482849121
G264E:K257M,-20.67169189453125
G264E:K257L,-20.94367027282715
G264E:K257I,-21.87544059753418
G264E:K257H,-22.030620574951172
G264E:K257T,-21.51732635498047
G264E:K257G,-22.527938842773438
G264E:K257E,-22.361595153808594
G264E:K257D,-24.004077911376953
G264E:K257C,-21.550954818725586
G264E:K257F,-23.43291664123535
G264E:K257V,-22.883520126342773
G264E:K257W,-23.42791748046875
G264E:K257Y,-22.755666732788086
G264T:T281V,-11.716348648071289
G264T:T281Q,-12.400856018066406
G264T:T281P,-19.06275177001953
G264T:T281N,-11.431526184082031
G264T:T281M,-13.092414855957031
G264T:T281L,-13.220455169677734
G264T:T281K,-11.559760093688965
G264T:T281W,-12.094635009765625
G264T:T281I,-12.59521198272705
G264T:T281G,-13.634920120239258
G264T:T281F,-12.971946716308594
G264T:T281D,-13.08027458190918
G264T:T281C,-12.204021453857422
G264T:T281H,-12.306842803955078
G264T:T281Y,-12.445388793945312
G264T:V247Y,-9.514093399047852
G264T:V247W,-8.996720314025879
G264T:V247T,-10.630350112915039
G264T:V247S,-11.188766479492188
G264T:V247P,-10.968530654907227
G264T:V247N,-10.764100074768066
G264T:V247M,-10.962335586547852
G264T:V247L,-10.780797958374023
G264T:V247K,-10.782313346862793
G264T:V247I,-10.855080604553223
G264T:V247H,-10.381633758544922
G264T:V247G,-10.740325927734375
G264T:V247F,-10.055557250976562
G264T:V247E,-11.697734832763672
G264T:V247D,-11.82823371887207
G264T:Y259V,-16.109554290771484
G264T:Y259T,-16.646453857421875
G264T:Y259S,-16.944786071777344
G264T:Y259R,-17.064468383789062
G264T:Y259Q,-16.530302047729492
G264T:Y259P,-19.893943786621094
G264T:Y259N,-16.010475158691406
G264T:Y259M,-14.837546348571777
G264T:Y259G,-16.00737190246582
G264T:Y259F,-9.10860824584961
G264T:Y259E,-18.655908584594727
G264T:Y259D,-19.299585342407227
G264T:Y259C,-15.095196723937988
G264T:Y259A,-15.737272262573242
G264T:T237Y,-14.518285751342773
G264T:T237W,-13.33016586303711
G264T:T237V,-14.04835033416748
G264T:T237R,-14.116329193115234
G264T:T237Q,-14.43641471862793
G264T:T237P,-16.81964874267578
G264T:T237M,-14.659589767456055
G264T:T237L,-15.037269592285156
G264T:T237K,-14.571638107299805
G264T:T237I,-14.857614517211914
G264T:T237G,-15.856693267822266
G264T:T237F,-14.899971961975098
G264T:T277G,-10.519075393676758
G264T:T277E,-7.281579494476318
G264T:T277I,-7.72172212600708
G264T:T277K,-8.148000717163086
G264T:T277L,-6.907741069793701
G264T:T277Y,-8.653131484985352
G264T:T277W,-8.472003936767578
G264T:T277V,-7.243038654327393
G264T:T277S,-9.971996307373047
G264T:T277R,-8.5186185836792
G264T:T277P,-18.96917724609375
G264T:T277N,-8.863401412963867
G264T:T277M,-7.289937496185303
G264V:N263Y,-19.09941864013672
G264V:N263W,-19.02211570739746
G264V:N263V,-15.925006866455078
G264V:N263T,-15.072006225585938
G264V:N263S,-13.932613372802734
G264V:N263Q,-15.872011184692383
G264V:N263P,-22.009485244750977
G264V:N263M,-16.724790573120117
G264V:N263L,-16.960813522338867
G264V:N263K,-18.35378074645996
G264V:N263I,-16.37567710876465
G264V:N263H,-16.621376037597656
G264V:N263G,-15.61628532409668
G264V:N263F,-19.762033462524414
G264V:N263R,-17.757259368896484
G264V:N263E,-17.78559112548828
G264V:N263D,-18.654077529907227
G264V:N263C,-13.35923957824707
G264V:N263A,-15.54588508605957
G264V:T237V,-14.471710205078125
G264V:T237R,-14.539688110351562
G264V:T237Q,-14.859773635864258
G264V:T237P,-17.243009567260742
G264V:T237M,-15.082948684692383
G264V:T237L,-15.460628509521484
G264V:T237K,-14.99499797821045
G264V:T237I,-15.280973434448242
G264V:T237G,-16.280052185058594
G264V:T237F,-15.323331832885742
G264V:T237W,-13.753524780273438
G264V:T237Y,-14.941644668579102
G264V:K257L,-20.612621307373047
G264V:K257I,-21.544391632080078
G264V:K257H,-21.699573516845703
G264V:K257G,-22.196889877319336
G264V:K257F,-23.10186767578125
G264V:K257E,-22.030546188354492
G264V:K257D,-23.67302894592285
G264V:K257C,-21.219905853271484
G264V:K257M,-20.34064483642578
G264V:K257Y,-22.424617767333984
G264V:K257W,-23.09687042236328
G264V:K257V,-22.552471160888672
G264V:K257T,-21.186277389526367
G264V:K257R,-18.04891586303711
G264S:T277E,-5.839929103851318
G264S:T277G,-9.077425003051758
G264S:T277I,-6.28007173538208
G264S:V247Y,-8.072443008422852
G264S:V247W,-7.555069923400879
G264S:V247T,-9.188699722290039
G264S:V247S,-9.747116088867188
G264S:V247P,-9.526880264282227
G264S:V247N,-9.322449684143066
G264S:V247L,-9.339147567749023
G264S:V247K,-9.340662956237793
G264S:V247I,-9.413430213928223
G264S:V247H,-8.939983367919922
G264S:V247G,-9.298675537109375
G264S:V247F,-8.613906860351562
G264S:V247E,-10.256084442138672
G264S:V247D,-10.38658332824707
G264S:V247M,-9.520685195922852
G264S:T281Y,-11.003738403320312
G264S:T281W,-10.652984619140625
G264S:T281V,-10.274698257446289
G264S:T277Y,-7.211481094360352
G264S:T277W,-7.03035306930542
G264S:T277V,-5.801388263702393
G264S:T277S,-8.530345916748047
G264S:T277R,-7.076968193054199
G264S:T277P,-17.52752685546875
G264S:T277N,-7.421751499176025
G264S:T277M,-5.848287105560303
G264S:T277L,-5.466090679168701
G264S:T277K,-6.706350326538086
G264S:T281Q,-10.959205627441406
G264S:T281P,-17.62110137939453
G264S:T281N,-9.989875793457031
G264S:T281M,-11.650764465332031
G264S:T281L,-11.778804779052734
G264S:T281K,-10.118109703063965
G264S:T281I,-11.15356159210205
G264S:T281H,-10.865192413330078
G264S:T281G,-12.193269729614258
G264S:T281F,-11.530296325683594
G264S:T281D,-11.63862419128418
G264S:T281C,-10.762371063232422
G264S:N263A,-13.680874824523926
G264S:T237Q,-12.99476432800293
G264S:T237P,-15.377999305725098
G264S:T237M,-13.217939376831055
G264S:T237L,-13.595619201660156
G264S:T237K,-13.129987716674805
G264S:T237I,-13.415964126586914
G264S:T237G,-14.415042877197266
G264S:T237R,-12.674678802490234
G264S:T237F,-13.458321571350098
G264S:T237V,-12.60669994354248
G264S:T237W,-11.88851547241211
G264S:T237Y,-13.076635360717773
G264S:N263Y,-17.23440933227539
G264S:N263W,-17.1571044921875
G264S:N263V,-14.05999755859375
G264S:N263T,-13.20699691772461
G264S:N263S,-12.067604064941406
G264S:N263R,-15.892250061035156
G264S:N263Q,-14.007000923156738
G264S:N263P,-20.14447593688965
G264S:N263M,-14.859780311584473
G264S:N263L,-15.095804214477539
G264S:N263K,-16.488771438598633
G264S:N263I,-14.510666847229004
G264S:N263H,-14.756365776062012
G264S:N263G,-13.751276016235352
G264S:N263F,-17.897024154663086
G264S:N263E,-15.920581817626953
G264S:N263D,-16.7890682220459
G264S:N263C,-11.494229316711426
G264T:K257Y,-22.001258850097656
G264T:K257W,-22.673511505126953
G264T:K257V,-22.129112243652344
G264T:K257T,-20.762916564941406
G264T:K257R,-17.62555694580078
G264T:K257M,-19.917285919189453
G264T:K257L,-20.18926239013672
G264T:K257I,-21.12103271484375
G264T:K257H,-21.276214599609375
G264T:K257G,-21.773529052734375
G264T:K257F,-22.678508758544922
G264T:K257E,-21.60718536376953
G264T:K257D,-23.249670028686523
G264T:K257C,-20.796546936035156
G264T:N263A,-15.122525215148926
G264T:N263C,-12.935879707336426
G264T:N263Y,-18.67605972290039
G264T:N263W,-18.5987548828125
G264T:N263V,-15.50164794921875
G264T:N263T,-14.64864730834961
G264T:N263S,-13.509254455566406
G264T:N263R,-17.333900451660156
G264T:N263Q,-15.448651313781738
G264T:N263P,-21.58612632751465
G264T:N263M,-16.301429748535156
G264T:N263L,-16.53745460510254
G264T:N263K,-17.930421829223633
G264T:N263I,-15.952317237854004
G264T:N263H,-16.198017120361328
G264T:N263G,-15.192926406860352
G264T:N263F,-19.338674545288086
G264T:N263E,-17.362232208251953
G264T:N263D,-18.2307186126709
G264S:Y259G,-14.56572151184082
G264S:Y259F,-7.666957855224609
G264S:Y259E,-17.214258193969727
G264S:Y259D,-17.857934951782227
G264S:Y259C,-13.653546333312988
G264S:Y259A,-14.295621871948242
G264S:Y259V,-14.667903900146484
G264S:Y259T,-15.204804420471191
G264S:Y259S,-15.503134727478027
G264S:Y259R,-15.622818946838379
G264S:Y259Q,-15.088651657104492
G264S:Y259P,-18.452293395996094
G264S:Y259N,-14.56882381439209
G264S:Y259M,-13.395895957946777
G264W:Y259M,-12.119731903076172
G264W:Y259G,-13.289558410644531
G264W:Y259F,-6.390794277191162
G264W:Y259E,-15.938095092773438
G264W:Y259D,-16.581771850585938
G264W:Y259C,-12.377382278442383
G264W:Y259A,-13.019458770751953
G264W:Y259N,-13.292659759521484
G264W:Y259P,-17.176130294799805
G264W:Y259R,-14.346654891967773
G264W:Y259V,-13.391740798950195
G264W:Y259T,-13.928640365600586
G264W:Y259S,-14.226970672607422
G264W:Y259Q,-13.812488555908203
G264V:Y259G,-16.43073081970215
G264V:Y259F,-9.531967163085938
G264V:Y259E,-19.079267501831055
G264V:Y259D,-19.722944259643555
G264V:Y259C,-15.518556594848633
G264V:Y259A,-16.16063117980957
G264V:Y259M,-15.260906219482422
G264V:Y259N,-16.433834075927734
G264V:Y259P,-20.317302703857422
G264V:Y259V,-16.532913208007812
G264V:Y259T,-17.069814682006836
G264V:Y259S,-17.368144989013672
G264V:Y259R,-17.487829208374023
G264V:Y259Q,-16.95366096496582
G264W:K257M,-17.19947052001953
G264W:K257L,-17.47144889831543
G264W:K257I,-18.40321922302246
G264W:K257H,-18.558399200439453
G264W:K257G,-19.055715560913086
G264W:K257F,-19.960695266723633
G264W:K257E,-18.889371871948242
G264W:K257D,-20.531856536865234
G264W:K257C,-18.078733444213867
G264V:T277Y,-9.076491355895996
G264V:T277W,-8.895362854003906
G264V:T277V,-7.666398048400879
G264V:T277S,-10.395355224609375
G264V:T277R,-8.941978454589844
G264V:T277P,-19.392536163330078
G264V:T281Y,-12.86874771118164
G264V:T281W,-12.517993927001953
G264V:T281V,-12.139707565307617
G264V:T281Q,-12.824214935302734
G264V:T281P,-19.486112594604492
G264V:T281N,-11.85488510131836
G264V:T281M,-13.51577377319336
G264V:T281L,-13.643815040588379
G264V:T281K,-11.98311996459961
G264V:T281I,-13.018571853637695
G264V:T281H,-12.730201721191406
G264V:T281G,-14.058279037475586
G264V:T281F,-13.395305633544922
G264V:T281D,-13.503633499145508
G264V:T281C,-12.62738037109375
G264V:T277N,-9.286761283874512
G264V:T277M,-7.713296890258789
G264V:T277L,-7.3311004638671875
G264V:T277K,-8.57136058807373
G264V:T277I,-8.145081520080566
G264V:T277G,-10.942434310913086
G264V:T277E,-7.704938888549805
G264V:V247E,-12.12109375
G264V:V247Y,-9.93745231628418
G264V:V247W,-9.420080184936523
G264V:V247T,-11.053709983825684
G264V:V247S,-11.612126350402832
G264V:V247P,-11.391890525817871
G264V:V247N,-11.187459945678711
G264V:V247M,-11.38569450378418
G264V:V247L,-11.204156875610352
G264V:V247K,-11.205673217773438
G264V:V247I,-11.278440475463867
G264V:V247H,-10.80499267578125
G264V:V247G,-11.163684844970703
G264V:V247F,-10.47891616821289
G264V:V247D,-12.251592636108398
G264W:K257R,-14.907743453979492
G264W:T281Y,-9.727574348449707
G264W:T281W,-9.37682056427002
G264W:T281V,-8.99853515625
G264W:T281Q,-9.6830415725708
G264W:T281P,-16.344938278198242
G264W:T281N,-8.713712692260742
G264W:T281M,-10.374601364135742
G264W:T281K,-8.84194564819336
G264W:T281I,-9.877397537231445
G264W:T281H,-9.589028358459473
G264W:T281G,-10.917106628417969
G264W:T281F,-10.254133224487305
G264W:T281D,-10.36246109008789
G264W:T281C,-9.486207962036133
G264W:T281L,-10.502641677856445
G264W:V247D,-9.110420227050781
G264W:V247E,-8.979920387268066
G264W:V247F,-7.337742805480957
G264W:V247Y,-6.796279430389404
G264W:V247W,-6.278906345367432
G264W:V247T,-7.91253662109375
G264W:V247S,-8.470952987670898
G264W:V247P,-8.250717163085938
G264W:V247N,-8.046285629272461
G264W:V247M,-8.244522094726562
G264W:V247L,-8.062983512878418
G264W:V247K,-8.064498901367188
G264W:V247I,-8.137266159057617
G264W:V247H,-7.663819313049316
G264W:V247G,-8.022512435913086
G264W:T277K,-5.430186748504639
G264W:T277I,-5.003908157348633
G264W:T277G,-7.801260948181152
G264W:T277E,-4.563765525817871
G264W:T277L,-4.189927101135254
G264W:T277M,-4.5721235275268555
G264W:T277P,-16.25136375427246
G264W:T277Y,-5.935317516326904
G264W:T277W,-5.754189491271973
G264W:T277V,-4.525224685668945
G264W:T277S,-7.254181861877441
G264W:T277R,-5.800804615020752
G264W:T277N,-6.145587921142578
G264W:T237Y,-11.800472259521484
G264W:K257Y,-19.283445358276367
G264W:K257W,-19.95569610595703
G264W:K257V,-19.411298751831055
G264W:K257T,-18.045103073120117
G264W:T237W,-10.61235237121582
G264W:T237V,-11.330535888671875
G264W:T237R,-11.398514747619629
G264W:T237Q,-11.71860122680664
G264W:T237P,-14.101835250854492
G264W:T237M,-11.941776275634766
G264W:T237L,-12.319456100463867
G264W:T237K,-11.853824615478516
G264W:T237I,-12.139801025390625
G264W:T237G,-13.138879776000977
G264W:T237F,-12.182157516479492
G264W:N263A,-12.40471076965332
G264W:N263C,-10.21806526184082
G264W:N263D,-15.51290512084961
G264W:N263F,-16.620861053466797
G264W:N263Y,-15.958246231079102
G264W:N263W,-15.880941390991211
G264W:N263V,-12.783834457397461
G264W:N263T,-11.93083381652832
G264W:N263S,-10.791440963745117
G264W:N263R,-14.616086959838867
G264W:N263Q,-12.730836868286133
G264W:N263P,-18.86831283569336
G264W:N263M,-13.583616256713867
G264W:N263L,-13.81964111328125
G264W:N263K,-15.212608337402344
G264W:N263I,-13.234502792358398
G264W:N263H,-13.480201721191406
G264W:N263G,-12.475112915039062
G264W:N263E,-14.644418716430664
G264P:K257Y,-27.497243881225586
G264P:K257W,-28.16949462890625
G264P:K257V,-27.625097274780273
G264P:K257R,-23.12154197692871
G264P:K257M,-25.41326904296875
G264P:K257L,-25.68524742126465
G264P:K257I,-26.61701774597168
G264P:K257H,-26.772197723388672
G264P:K257T,-26.25890350341797
G264P:K257G,-27.269515991210938
G264P:K257F,-28.17449378967285
G264P:K257E,-27.103172302246094
G264P:K257D,-28.745655059814453
G264P:K257C,-26.292531967163086
G264N:V247S,-9.488348007202148
G264N:V247P,-9.268112182617188
G264N:V247N,-9.063680648803711
G264N:V247M,-9.261917114257812
G264N:V247L,-9.080378532409668
G264N:V247K,-9.081893920898438
G264N:V247I,-9.154661178588867
G264N:V247T,-8.929931640625
G264N:V247H,-8.681214332580566
G264N:V247F,-8.355137825012207
G264N:V247E,-9.997315406799316
G264N:V247D,-10.127815246582031
G264N:T281Y,-10.744969367980957
G264N:T281W,-10.39421558380127
G264N:T281V,-10.01593017578125
G264N:V247G,-9.039907455444336
G264N:V247W,-7.296301364898682
G264N:V247Y,-7.813674449920654
G264N:T281Q,-10.70043659210205
G264N:T281P,-17.362333297729492
G264N:T281N,-9.731107711791992
G264N:T277Y,-6.952712535858154
G264N:T277W,-6.771584510803223
G264N:T277V,-5.542619705200195
G264N:T277S,-8.271576881408691
G264N:T277R,-6.818199634552002
G264N:T277P,-17.26875877380371
G264N:T277N,-7.162982940673828
G264N:T277M,-5.5895185470581055
G264N:T277L,-5.207322120666504
G264N:T277K,-6.447581768035889
G264N:T277I,-6.021303176879883
G264N:T277G,-8.818655967712402
G264N:T277E,-5.581160545349121
G264N:T281M,-11.391996383666992
G264N:T281L,-11.520036697387695
G264N:T281K,-9.85934066772461
G264N:T281I,-10.894792556762695
G264N:T281H,-10.606423377990723
G264N:T281G,-11.934501647949219
G264N:T281F,-11.271528244018555
G264N:T281D,-11.37985610961914
G264N:T281C,-10.503602981567383
G264N:Y259A,-14.036853790283203
G264N:Y259C,-13.394777297973633
G264N:Y259D,-17.599166870117188
G264N:Y259E,-16.955490112304688
G264N:Y259F,-7.408189296722412
G264N:Y259V,-14.409135818481445
G264N:Y259T,-14.946035385131836
G264N:Y259S,-15.244365692138672
G264N:Y259R,-15.364049911499023
G264N:Y259Q,-14.829883575439453
G264N:Y259P,-18.193525314331055
G264N:Y259N,-14.310054779052734
G264N:Y259M,-13.137126922607422
G264N:Y259G,-14.306953430175781
G264P:T277E,-12.77756404876709
G264P:T277Y,-14.149116516113281
G264P:T277W,-13.967988967895508
G264P:T277V,-12.739023208618164
G264P:T277S,-15.467981338500977
G264P:T277R,-14.014603614807129
G264P:T277P,-24.46516227722168
G264P:T277N,-14.359386444091797
G264P:T277M,-12.78592300415039
G264P:T277L,-12.403725624084473
G264P:T277K,-13.643985748291016
G264P:T277I,-13.217707633972168
G264P:T277G,-16.015060424804688
G264P:V247Y,-15.010078430175781
G264P:T281N,-16.92751121520996
G264P:T281M,-18.58839988708496
G264P:T281L,-18.716440200805664
G264P:T281K,-17.055744171142578
G264P:T281I,-18.091197967529297
G264P:T281H,-17.802827835083008
G264P:T281G,-19.130905151367188
G264P:T281F,-18.467931747436523
G264P:T281D,-18.57625961303711
G264P:T281C,-17.70000648498535
G264P:T281P,-24.558738708496094
G264P:T281Q,-17.896841049194336
G264P:V247W,-14.492705345153809
G264P:V247T,-16.12633514404297
G264P:V247S,-16.684751510620117
G264P:V247P,-16.464515686035156
G264P:V247N,-16.260086059570312
G264P:V247M,-16.45832061767578
G264P:V247L,-16.276782989501953
G264P:V247K,-16.278297424316406
G264P:V247I,-16.35106658935547
G264P:V247H,-15.877618789672852
G264P:V247G,-16.236310958862305
G264P:V247F,-15.551542282104492
G264P:V247E,-17.1937198638916
G264P:V247D,-17.32421875
G264P:T281Y,-17.941373825073242
G264P:T281W,-17.590620040893555
G264P:T281V,-17.21233367919922
G264P:N263V,-20.99763298034668
G264P:N263T,-20.14463233947754
G264P:N263S,-19.005239486694336
G264P:N263R,-22.829885482788086
G264P:N263Q,-20.944637298583984
G264P:N263P,-27.082111358642578
G264P:N263M,-21.79741668701172
G264P:N263L,-22.03343963623047
G264P:N263K,-23.426406860351562
G264P:N263I,-21.44830322265625
G264P:N263H,-21.694000244140625
G264P:N263G,-20.68891143798828
G264P:N263F,-24.834659576416016
G264P:N263E,-22.858217239379883
G264P:N263D,-23.726703643798828
G264P:N263C,-18.431865692138672
G264P:N263A,-20.618511199951172
G264P:N263W,-24.094741821289062
G264P:N263Y,-24.17204475402832
G264P:T237Y,-20.014270782470703
G264P:T237W,-18.82615089416504
G264P:T237V,-19.544334411621094
G264P:T237R,-19.612314224243164
G264P:T237Q,-19.93239974975586
G264P:T237P,-22.315635681152344
G264P:T237M,-20.155574798583984
G264P:T237L,-20.533254623413086
G264P:T237K,-20.067623138427734
G264P:T237I,-20.353599548339844
G264P:T237G,-21.352678298950195
G264P:T237F,-20.395957946777344
G264N:T237I,-13.157196044921875
G264N:T237G,-14.156274795532227
G264N:T237F,-13.199552536010742
G264N:T237K,-12.871219635009766
G264N:T237L,-13.336851119995117
G264N:T237M,-12.959171295166016
G264N:T237Y,-12.817867279052734
G264N:T237W,-11.62974739074707
G264N:T237V,-12.347930908203125
G264N:T237R,-12.415909767150879
G264N:T237Q,-12.73599624633789
G264N:T237P,-15.119230270385742
G264N:N263T,-12.94822883605957
G264N:N263S,-11.808835983276367
G264N:N263R,-15.633481979370117
G264N:N263Q,-13.748231887817383
G264N:N263P,-19.88570785522461
G264N:N263M,-14.601011276245117
G264N:N263L,-14.8370361328125
G264N:N263K,-16.230003356933594
G264N:N263I,-14.251897811889648
G264N:N263H,-14.497596740722656
G264N:N263G,-13.492507934570312
G264N:N263F,-17.638256072998047
G264N:N263E,-15.661813735961914
G264N:N263D,-16.53030014038086
G264N:N263C,-11.23546028137207
G264N:N263A,-13.42210578918457
G264N:N263V,-13.801229476928711
G264N:N263W,-16.89833641052246
G264N:N263Y,-16.97564125061035
G264N:K257C,-19.096128463745117
G264N:K257D,-21.549251556396484
G264N:K257E,-19.906766891479492
G264N:K257Y,-20.300840377807617
G264N:K257W,-20.97309112548828
G264N:K257V,-20.428693771362305
G264N:K257T,-19.062498092651367
G264N:K257R,-15.925138473510742
G264N:K257M,-18.21686553955078
G264N:K257L,-18.48884391784668
G264N:K257I,-19.42061424255371
G264N:K257H,-19.575794219970703
G264N:K257G,-20.073110580444336
G264N:K257F,-20.978090286254883
G264R:T237M,-15.07931137084961
G264R:T237L,-15.456991195678711
G264R:T237K,-14.99135971069336
G264R:T237I,-15.277336120605469
G264R:T237G,-16.27641487121582
G264R:T237F,-15.319692611694336
G264R:T237P,-17.239370346069336
G264R:N263Y,-19.095781326293945
G264R:N263W,-19.018476486206055
G264R:N263V,-15.921369552612305
G264R:N263T,-15.068368911743164
G264R:N263S,-13.928976058959961
G264R:N263R,-17.75362205505371
G264R:N263Q,-15.868371963500977
G264R:N263P,-22.005847930908203
G264R:N263M,-16.72115135192871
G264R:N263L,-16.957176208496094
G264R:N263K,-18.350143432617188
G264R:N263I,-16.372037887573242
G264R:N263H,-16.61773681640625
G264R:N263G,-15.612648010253906
G264R:N263F,-19.75839614868164
G264R:N263E,-17.781953811645508
G264R:N263D,-18.650440216064453
G264R:N263C,-13.355600357055664
G264R:N263A,-15.542245864868164
G264R:T237Q,-14.856136322021484
G264R:T237R,-14.536049842834473
G264R:T237Y,-14.938007354736328
G264R:T237W,-13.749887466430664
G264R:T237V,-14.468070983886719
G264R:K257F,-23.098230361938477
G264R:K257E,-22.026906967163086
G264R:K257D,-23.669391632080078
G264R:K257C,-21.21626853942871
G264R:K257G,-22.19325065612793
G264R:K257H,-21.695934295654297
G264R:K257L,-20.608983993530273
G264R:K257Y,-22.42098045349121
G264R:K257W,-23.093231201171875
G264R:K257V,-22.5488338470459
G264R:K257T,-21.18263816833496
G264R:K257R,-18.045278549194336
G264R:K257M,-20.337005615234375
G264R:K257I,-21.540754318237305
G264R:Y259V,-16.52927589416504
G264R:Y259T,-17.06617546081543
G264R:Y259S,-17.364505767822266
G264R:Y259R,-17.484189987182617
G264R:Y259Q,-16.950023651123047
G264R:Y259P,-20.31366539001465
G264R:Y259N,-16.430194854736328
G264R:Y259M,-15.257266998291016
G264S:K257G,-20.331878662109375
G264S:K257F,-21.236858367919922
G264S:K257E,-20.16553497314453
G264S:K257D,-21.808019638061523
G264S:K257C,-19.354896545410156
G264S:K257H,-19.834564208984375
G264S:K257I,-19.67938232421875
G264S:K257L,-18.74761199951172
G264S:K257M,-18.475635528564453
G264S:K257Y,-20.559608459472656
G264S:K257W,-21.231861114501953
G264S:K257V,-20.687461853027344
G264S:K257T,-19.321266174316406
G264S:K257R,-16.18390655517578
G264R:Y259G,-16.427093505859375
G264R:T281Q,-12.820576667785645
G264R:T281P,-19.482473373413086
G264R:T281N,-11.851247787475586
G264R:T281M,-13.512136459350586
G264R:T281L,-13.640176773071289
G264R:T281K,-11.979480743408203
G264R:T281I,-13.014932632446289
G264R:T281H,-12.726563453674316
G264R:T281G,-14.054641723632812
G264R:T281F,-13.391668319702148
G264R:T281D,-13.499996185302734
G264R:T281C,-12.623743057250977
G264R:T281V,-12.136070251464844
G264R:T281W,-12.514355659484863
G264R:V247Y,-9.933815002441406
G264R:V247W,-9.416440963745117
G264R:V247T,-11.050071716308594
G264R:V247S,-11.608488082885742
G264R:V247P,-11.388252258300781
G264R:V247N,-11.183820724487305
G264R:V247M,-11.382057189941406
G264R:V247L,-11.200518608093262
G264R:V247K,-11.202033996582031
G264R:V247I,-11.274801254272461
G264R:V247H,-10.80135440826416
G264R:V247G,-11.16004753112793
G264R:V247F,-10.4752779006958
G264R:V247E,-12.11745548248291
G264R:V247D,-12.247955322265625
G264R:T281Y,-12.86510944366455
G264R:T277E,-7.701300621032715
G264R:T277Y,-9.072853088378906
G264R:T277W,-8.891724586486816
G264R:T277V,-7.662759780883789
G264R:T277S,-10.391716957092285
G264R:T277R,-8.938340187072754
G264R:T277P,-19.388898849487305
G264R:T277N,-9.283123016357422
G264R:T277M,-7.709658622741699
G264R:T277L,-7.327462196350098
G264R:T277K,-8.56772232055664
G264R:T277I,-8.141443252563477
G264R:T277G,-10.938796043395996
G264R:Y259F,-9.528329849243164
G264R:Y259E,-19.07563018798828
G264R:Y259D,-19.71930694580078
G264R:Y259C,-15.514917373657227
G264R:Y259A,-16.156993865966797
G264Q:K257D,-22.259674072265625
G264Q:K257C,-19.806550979614258
G264Q:K257E,-20.617191314697266
G264Q:K257F,-21.688512802124023
G264Q:K257G,-20.78353500366211
G264Q:K257H,-20.286216735839844
G264Q:K257Y,-21.011262893676758
G264Q:K257W,-21.683513641357422
G264Q:K257V,-21.139116287231445
G264Q:K257T,-19.77292251586914
G264Q:K257R,-16.635560989379883
G264Q:K257M,-18.927288055419922
G264Q:K257L,-19.19926643371582
G264Q:K257I,-20.13103675842285
G264Q:N263W,-17.608760833740234
G264Q:N263V,-14.511651992797852
G264Q:N263T,-13.658651351928711
G264Q:N263S,-12.519258499145508
G264Q:N263R,-16.343904495239258
G264Q:N263Q,-14.45865535736084
G264Q:N263P,-20.59613037109375
G264Q:N263M,-15.311434745788574
G264Q:N263L,-15.54745864868164
G264Q:N263Y,-17.686063766479492
G264Q:N263K,-16.940425872802734
G264Q:N263H,-15.208020210266113
G264Q:N263G,-14.202930450439453
G264Q:N263F,-18.348678588867188
G264Q:N263E,-16.372236251831055
G264Q:N263D,-17.24072265625
G264Q:N263C,-11.945883750915527
G264Q:N263A,-14.132529258728027
G264Q:N263I,-14.962321281433105
G264P:Y259V,-21.605539321899414
G264P:Y259S,-22.44076919555664
G264P:Y259R,-22.560455322265625
G264P:Y259Q,-22.026287078857422
G264P:Y259P,-25.389928817749023
G264P:Y259N,-21.506458282470703
G264P:Y259M,-20.33353042602539
G264P:Y259T,-22.142440795898438
G264P:Y259G,-21.50335693359375
G264P:Y259F,-14.604593276977539
G264P:Y259E,-24.151893615722656
G264P:Y259D,-24.795570373535156
G264P:Y259C,-20.591182708740234
G264P:Y259A,-21.233257293701172
G264Q:V247Y,-8.524097442626953
G264Q:V247W,-8.00672435760498
G264Q:V247T,-9.64035415649414
G264Q:V247S,-10.198770523071289
G264Q:V247P,-9.978534698486328
G264Q:V247N,-9.774104118347168
G264Q:V247M,-9.972339630126953
G264Q:V247L,-9.790802001953125
G264Q:V247K,-9.792317390441895
G264Q:V247I,-9.865084648132324
G264Q:V247H,-9.391637802124023
G264Q:V247G,-9.750329971313477
G264Q:V247F,-9.065561294555664
G264Q:V247E,-10.707738876342773
G264Q:V247D,-10.838237762451172
G264Q:T281Y,-11.455392837524414
G264Q:T281W,-11.104639053344727
G264Q:T281V,-10.72635269165039
G264Q:Y259E,-17.665912628173828
G264Q:Y259D,-18.309589385986328
G264Q:Y259C,-14.10520076751709
G264Q:Y259A,-14.747276306152344
G264Q:Y259F,-8.118612289428711
G264Q:Y259G,-15.017375946044922
G264Q:Y259V,-15.119558334350586
G264Q:Y259T,-15.656458854675293
G264Q:Y259S,-15.954789161682129
G264Q:Y259R,-16.074474334716797
G264Q:Y259Q,-15.540306091308594
G264Q:Y259P,-18.903947830200195
G264Q:Y259N,-15.020478248596191
G264Q:Y259M,-13.847550392150879
G264Q:T281Q,-11.410860061645508
G264Q:T237M,-13.669593811035156
G264Q:T237L,-14.047273635864258
G264Q:T237K,-13.581642150878906
G264Q:T237I,-13.867618560791016
G264Q:T237G,-14.866697311401367
G264Q:T237F,-13.9099760055542
G264Q:T237P,-15.8296537399292
G264Q:T237R,-13.126333236694336
G264Q:T237Y,-13.528289794921875
G264Q:T237W,-12.340169906616211
G264Q:T237V,-13.058354377746582
G264Q:T237Q,-13.446418762207031
G264Q:T277Y,-7.663135528564453
G264Q:T277W,-7.4820075035095215
G264Q:T277V,-6.253042697906494
G264Q:T277R,-7.528622627258301
G264Q:T277P,-17.97918128967285
G264Q:T277N,-7.873405933380127
G264Q:T277M,-6.299941539764404
G264Q:T277L,-5.917745113372803
G264Q:T277K,-7.1580047607421875
G264Q:T277I,-6.731726169586182
G264Q:T277S,-8.982000350952148
G264Q:T281P,-18.072757720947266
G264Q:T281N,-10.441530227661133
G264Q:T281M,-12.102418899536133
G264Q:T281L,-12.230459213256836
G264Q:T281K,-10.569764137268066
G264Q:T281I,-11.605216026306152
G264Q:T281H,-11.31684684753418
G264Q:T281G,-12.64492416381836
G264Q:T281F,-11.981950759887695
G264Q:T281D,-12.090278625488281
G264Q:T281C,-11.214025497436523
G264Q:T277G,-9.52907943725586
G264Q:T277E,-6.29158353805542
E268T:G240Y,-11.57353687286377
E268T:G264A,-5.981849193572998
E268T:G264D,-8.780062675476074
E268T:G264E,-8.724973678588867
E268T:G264F,-7.474006175994873
E268T:G240W,-10.13609504699707
E268T:G264N,-6.270147323608398
E268T:G264P,-13.466550827026367
E268T:G264Q,-6.980570316314697
E268T:G264R,-8.390287399291992
E268T:G264S,-6.528915882110596
E268T:G264K,-8.181095123291016
E268T:G240V,-10.546396255493164
E268T:G240S,-10.652061462402344
E268T:G240A,-10.509925842285156
E268T:G240C,-10.111333847045898
E268T:G240D,-11.795222282409668
E268T:G240E,-11.748096466064453
E268T:G240F,-11.658851623535156
E268T:G240T,-10.990320205688477
E268T:G240H,-11.542726516723633
E268T:G240K,-12.19743537902832
E268T:G240L,-11.799734115600586
E268T:G240R,-11.711651802062988
E268T:G240I,-11.227357864379883
E268T:G264T,-7.970566272735596
E268S:Y259S,-12.607024192810059
E268S:Y259T,-12.308693885803223
E268S:Y259V,-11.771793365478516
E268S:Y259R,-12.72670841217041
E268S:Y259Q,-12.192541122436523
E268S:Y259P,-15.556182861328125
E268S:Y259N,-11.672713279724121
E268S:Y259A,-11.399511337280273
E268S:Y259C,-10.75743579864502
E268S:Y259D,-14.961824417114258
E268S:Y259F,-4.770847320556641
E268S:Y259G,-11.669610977172852
E268S:Y259M,-10.499785423278809
E268S:Y259E,-14.318147659301758
E268T:G264V,-8.393925666809082
E268T:K257C,-15.283893585205078
E268T:K257D,-17.737016677856445
E268T:K257E,-16.094533920288086
E268T:K257F,-17.165855407714844
E268T:K257G,-16.26087760925293
E268T:K257H,-15.76356029510498
E268T:K257I,-15.608379364013672
E268T:K257L,-14.67660903930664
E268T:K257M,-14.404631614685059
E268T:K257R,-12.112903594970703
E268T:K257T,-15.250264167785645
E268T:K257V,-16.616458892822266
E268T:K257W,-17.160858154296875
E268T:K257Y,-16.488605499267578
E268T:G264W,-5.252752304077148
E268S:T277E,-2.9438185691833496
E268S:T237F,-10.562211036682129
E268S:T237G,-11.518932342529297
E268S:T237I,-10.519853591918945
E268S:T237K,-10.233877182006836
E268S:T237L,-10.699508666992188
E268S:T237M,-10.321828842163086
E268S:T237P,-12.481888771057129
E268S:T237Q,-10.098653793334961
E268S:T237R,-9.778568267822266
E268S:T237V,-9.710589408874512
E268S:T237W,-8.99240493774414
E268S:T237Y,-10.180524826049805
E268S:T277G,-6.181313991546631
E268S:T281C,-7.866260528564453
E268S:T281D,-8.742513656616211
E268S:T281F,-8.634185791015625
E268S:T281G,-9.297159194946289
E268S:T277I,-3.3839612007141113
E268S:T277K,-3.810239791870117
E268S:T277L,-2.5699801445007324
E268S:T277M,-2.952176570892334
E268S:T277N,-4.525640964508057
E268S:T277P,-14.631416320800781
E268S:T277R,-4.1808576583862305
E268S:T277V,-2.905277729034424
E268S:T277W,-4.134242534637451
E268S:T277Y,-4.315370559692383
E268S:T277S,-5.63423490524292
E268S:T281H,-7.969081401824951
E268S:T281K,-7.221999168395996
E268S:V247M,-6.624574661254883
E268S:V247N,-6.426339149475098
E268S:V247P,-6.630770206451416
E268S:V247S,-6.851006031036377
E268S:V247T,-6.2925896644592285
E268S:V247L,-6.4430365562438965
E268S:V247W,-4.65895938873291
E268S:V247Y,-5.176332473754883
E268S:T281I,-8.257451057434082
E268S:V247K,-6.444552421569824
E268S:V247H,-6.043872356414795
E268S:T281L,-8.882694244384766
E268S:T281M,-8.754653930664062
E268S:T281N,-7.0937652587890625
E268S:T281P,-14.724991798400879
E268S:T281Q,-8.063095092773438
E268S:V247I,-6.517319679260254
E268S:T281V,-7.37858772277832
E268S:T281Y,-8.107627868652344
E268S:V247D,-7.490472793579102
E268S:V247E,-7.359973430633545
E268S:V247F,-5.717796325683594
E268S:V247G,-6.402565002441406
E268S:T281W,-7.756873607635498
E268T:Y259G,-10.494718551635742
E268T:Y259M,-9.3248929977417
E268T:Y259N,-10.497820854187012
E268T:Y259F,-3.5959553718566895
E268T:Y259P,-14.381290435791016
E268T:Y259R,-11.5518159866333
E268T:Y259S,-11.43213176727295
E268T:Y259T,-11.133801460266113
E268T:Y259V,-10.596900939941406
E268T:Y259Q,-11.017648696899414
E268T:Y259E,-13.143255233764648
E268T:Y259C,-9.58254337310791
E268T:Y259D,-13.786931991577148
E268T:Y259A,-10.224618911743164
E268T:V247D,-6.31558084487915
E268T:V247E,-6.185081481933594
E268T:V247F,-4.542903900146484
E268T:V247G,-5.227673053741455
E268T:V247H,-4.868980407714844
E268T:V247I,-5.342427730560303
E268T:V247K,-5.269660472869873
E268T:V247L,-5.268144607543945
E268T:V247M,-5.449682712554932
E268T:V247N,-5.2514472007751465
E268T:V247P,-5.455878257751465
E268T:V247S,-5.676114082336426
E268T:T281Y,-6.932735443115234
E268T:T281W,-6.581981658935547
E268T:T281V,-6.203695774078369
E268T:T281C,-6.691368579864502
E268T:T281D,-7.56762170791626
E268T:T281F,-7.459293842315674
E268T:T281G,-8.12226676940918
E268T:T281H,-6.794189453125
E268T:V247T,-5.117697715759277
E268T:T281I,-7.082559108734131
E268T:T281L,-7.707802772521973
E268T:T281M,-7.579761981964111
E268T:T281N,-5.918873310089111
E268T:T281P,-13.55009937286377
E268T:T281Q,-6.888202667236328
E268T:T281K,-6.047107219696045
E268T:V247W,-3.484067440032959
E268T:V247Y,-4.001440525054932
E268T:N263M,-10.788777351379395
E268T:N263P,-16.07347297668457
E268T:N263Q,-9.93599796295166
E268T:N263R,-11.821247100830078
E268T:N263S,-7.996601581573486
E268T:N263T,-9.135993957519531
E268T:N263V,-9.988994598388672
E268T:N263W,-13.086102485656738
E268T:N263Y,-13.163406372070312
E268T:N263L,-11.024801254272461
E268T:N263K,-12.417768478393555
E268T:N263I,-10.439663887023926
E268T:N263H,-10.685362815856934
E268T:N263A,-9.609871864318848
E268T:N263C,-7.423226833343506
E268T:N263D,-12.71806526184082
E268T:N263E,-11.849578857421875
E268T:N263F,-13.826021194458008
E268T:N263G,-9.680273056030273
E268T:T237F,-9.38731861114502
E268T:T237G,-10.344039916992188
E268T:T237I,-9.344961166381836
E268T:T237K,-9.058985710144043
E268T:T237L,-9.524616241455078
E268T:T237M,-9.146936416625977
E268T:T277Y,-3.1404786109924316
E268T:T277W,-2.9593505859375
E268T:T277V,-1.7303855419158936
E268T:T277R,-3.0059657096862793
E268T:T277E,-1.7689263820648193
E268T:T277S,-4.459342956542969
E268T:T277G,-5.00642204284668
E268T:T277I,-2.20906925201416
E268T:T277K,-2.635347843170166
E268T:T277L,-1.3950879573822021
E268T:T277M,-1.7772846221923828
E268T:T277N,-3.3507490158081055
E268T:T277P,-13.456523895263672
E268T:T237P,-11.30699634552002
E268T:T237Q,-8.923761367797852
E268T:T237R,-8.603675842285156
E268T:T237V,-8.535696983337402
E268T:T237W,-7.8175129890441895
E268T:T237Y,-9.005632400512695
E268Y:K257C,-16.55234146118164
E268Y:K257D,-19.005464553833008
E268Y:K257E,-17.36298179626465
E268Y:K257F,-18.434303283691406
E268Y:K257G,-17.529325485229492
E268Y:K257H,-17.03200912475586
E268Y:K257I,-16.876827239990234
E268Y:K257L,-15.945056915283203
E268Y:K257M,-15.673080444335938
E268Y:K257R,-13.381351470947266
E268Y:K257T,-16.518712997436523
E268Y:K257V,-17.884906768798828
E268Y:K257W,-18.429306030273438
E268Y:K257Y,-17.75705337524414
E268Y:N263A,-10.878320693969727
E268Y:N263D,-13.986513137817383
E268Y:N263C,-8.691675186157227
E268Y:N263E,-13.118026733398438
E268Y:N263F,-15.09446907043457
E268Y:N263G,-10.948720932006836
E268Y:N263H,-11.953811645507812
E268Y:N263I,-11.708112716674805
E268Y:N263K,-13.686216354370117
E268Y:N263L,-12.293249130249023
E268Y:N263M,-12.057226181030273
E268Y:N263Q,-11.204446792602539
E268Y:N263R,-13.08969497680664
E268Y:N263S,-9.26504898071289
E268Y:N263T,-10.404441833496094
E268Y:N263V,-11.257442474365234
E268Y:N263W,-14.354551315307617
E268Y:N263Y,-14.431854248046875
E268Y:N263P,-17.341920852661133
E268Y:T237G,-11.61248779296875
E268Y:T237I,-10.613409042358398
E268Y:T237K,-10.327433586120605
E268Y:T237L,-10.79306411743164
E268Y:T237M,-10.415384292602539
E268Y:T237F,-10.655767440795898
E268Y:T237P,-12.575445175170898
E268Y:T237R,-9.872123718261719
E268Y:T237V,-9.804145812988281
E268Y:T237W,-9.085960388183594
E268Y:T237Y,-10.274080276489258
E268Y:T237Q,-10.192209243774414
E268Y:G240A,-11.778373718261719
E268Y:G240C,-11.379781723022461
E268Y:G240D,-13.063671112060547
E268Y:G240E,-13.016544342041016
E268Y:G240F,-12.927299499511719
E268Y:G240H,-12.811174392700195
E268Y:G240I,-12.495805740356445
E268Y:G240K,-13.465883255004883
E268Y:G240L,-13.068181991577148
E268Y:G264Q,-8.249017715454102
E268Y:G264R,-9.658735275268555
E268Y:G264S,-7.797363758087158
E268Y:G264T,-9.239013671875
E268Y:G264V,-9.662373542785645
E268Y:G264W,-6.521200180053711
E268Y:G264P,-14.73499870300293
E268Y:G264N,-7.538595199584961
E268Y:G240S,-11.920509338378906
E268Y:G240T,-12.258768081665039
E268Y:G240V,-11.814844131469727
E268Y:G240W,-11.404542922973633
E268Y:G240Y,-12.841985702514648
E268Y:G264D,-10.048511505126953
E268Y:G264E,-9.99342155456543
E268Y:G264F,-8.742454528808594
E268Y:G264K,-9.449542999267578
E268Y:G264A,-7.2502970695495605
E268Y:V247S,-6.944561958312988
E268Y:V247T,-6.38614559173584
E268Y:V247W,-4.7525153160095215
E268Y:V247Y,-5.269888401031494
E268Y:V247P,-6.724326133728027
E268Y:V247N,-6.519895076751709
E268Y:V247M,-6.718130588531494
E268Y:V247L,-6.536592483520508
E268Y:T281P,-14.818548202514648
E268Y:T281Q,-8.15665054321289
E268Y:T281V,-7.472143650054932
E268Y:T281W,-7.850429534912109
E268Y:T281Y,-8.201183319091797
E268Y:V247D,-7.584028720855713
E268Y:V247E,-7.453529357910156
E268Y:V247F,-5.811351776123047
E268Y:V247G,-6.496120929718018
E268Y:V247H,-6.137428283691406
E268Y:V247I,-6.610875606536865
E268Y:V247K,-6.5381083488464355
E268Y:T281N,-7.187321186065674
E268Y:T281M,-8.848209381103516
E268Y:T281K,-7.315555095672607
E268Y:T277E,-3.037374496459961
E268Y:T277G,-6.274869918823242
E268Y:T277I,-3.4775171279907227
E268Y:T277K,-3.9037957191467285
E268Y:T277L,-2.6635360717773438
E268Y:T281C,-7.9598164558410645
E268Y:T281D,-8.836069107055664
E268Y:T281F,-8.727741241455078
E268Y:T281G,-9.390714645385742
E268Y:T281H,-8.062637329101562
E268Y:T281I,-8.351007461547852
E268Y:T281L,-8.976250648498535
E268Y:T277M,-3.0457324981689453
E268Y:T277N,-4.619196891784668
E268Y:T277P,-14.724971771240234
E268Y:T277R,-4.274413585662842
E268Y:T277S,-5.727790832519531
E268Y:T277V,-2.998833656311035
E268Y:T277W,-4.2277984619140625
E268Y:T277Y,-4.408926486968994
E268D:G264W,-7.532028675079346
E268D:G264V,-10.673202514648438
E268D:G264T,-10.249842643737793
E268D:G264S,-8.808192253112793
E268D:G264R,-10.669563293457031
E268D:G264Q,-9.259846687316895
E268D:G264P,-15.745827674865723
E268D:G264N,-8.549423217773438
E268D:G264K,-10.460371971130371
E268D:G264F,-9.75328254699707
E268D:G264E,-11.004250526428223
E268D:G264D,-11.05933952331543
E268D:G240A,-12.789202690124512
E268D:G240C,-12.390610694885254
E268D:G240E,-14.027373313903809
E268D:G264A,-8.261125564575195
E268D:G240Y,-13.852813720703125
E268D:G240W,-12.415371894836426
E268D:G240V,-12.82567310333252
E268D:G240T,-13.269597053527832
E268D:G240S,-12.9313383102417
E268D:G240R,-13.990928649902344
E268D:G240D,-14.074499130249023
E268D:G240L,-14.079010963439941
E268D:G240K,-14.476712226867676
E268D:G240I,-13.506634712219238
E268D:G240H,-13.822003364562988
E268D:G240F,-13.938128471374512
E268Y:Y259V,-11.865348815917969
E268Y:Y259T,-12.402250289916992
E268Y:Y259R,-12.82026481628418
E268Y:Y259A,-11.493066787719727
E268Y:Y259C,-10.850992202758789
E268Y:Y259D,-15.055379867553711
E268Y:Y259E,-14.411703109741211
E268Y:Y259F,-4.864403247833252
E268Y:Y259S,-12.700580596923828
E268Y:Y259G,-11.763166427612305
E268Y:Y259M,-10.593341827392578
E268Y:Y259N,-11.76626968383789
E268Y:Y259P,-15.649738311767578
E268Y:Y259Q,-12.286096572875977
E268Y:G240R,-12.980100631713867
E268K:K257Y,-16.83131980895996
E268K:K257W,-17.503570556640625
E268K:K257V,-16.95917320251465
E268K:K257T,-15.592978477478027
E268K:K257R,-12.455617904663086
E268K:K257M,-14.747345924377441
E268K:K257L,-15.019323348999023
E268K:K257I,-15.951093673706055
E268K:K257H,-16.106273651123047
E268K:K257G,-16.60359001159668
E268K:K257F,-17.508569717407227
E268K:K257E,-16.437246322631836
E268K:K257D,-18.079730987548828
E268K:K257C,-15.626607894897461
E268K:N263R,-12.163961410522461
E268K:N263Q,-10.278712272644043
E268K:N263P,-16.416187286376953
E268K:N263M,-11.131491661071777
E268K:N263L,-11.367515563964844
E268K:N263K,-12.760482788085938
E268K:N263I,-10.782378196716309
E268K:N263H,-11.028077125549316
E268K:N263G,-10.022987365722656
E268K:N263F,-14.16873550415039
E268K:N263E,-12.192293167114258
E268K:N263D,-13.060779571533203
E268K:N263C,-7.7659406661987305
E268K:N263A,-9.95258617401123
E268K:G240A,-10.852640151977539
E268K:G240C,-10.454048156738281
E268K:G240D,-12.13793659210205
E268K:G240F,-12.001565933227539
E268K:G264F,-7.816720008850098
E268K:G264E,-9.06768798828125
E268K:G264D,-9.122776985168457
E268K:G264A,-6.324563026428223
E268K:G240Y,-11.916251182556152
E268K:G240W,-10.478809356689453
E268K:G240V,-10.889110565185547
E268K:G240T,-11.33303451538086
E268K:G240S,-10.994775772094727
E268K:G240R,-12.054366111755371
E268K:G240L,-12.142448425292969
E268K:G240K,-12.540149688720703
E268K:G240I,-11.570072174072266
E268K:G240H,-11.885440826416016
E268K:G240E,-12.090810775756836
E268K:N263S,-8.339315414428711
E268K:G264K,-8.523809432983398
E268K:G264W,-5.595466136932373
E268K:G264V,-8.736639022827148
E268K:G264T,-8.31328010559082
E268K:G264S,-6.87162971496582
E268K:G264R,-8.733000755310059
E268K:G264Q,-7.323284149169922
E268K:G264P,-13.80926513671875
E268K:G264N,-6.612861156463623
E268K:N263T,-9.478708267211914
E268K:N263V,-10.331708908081055
E268K:N263W,-13.428816795349121
E268K:V247Y,-4.344154357910156
E268K:V247W,-3.8267812728881836
E268K:V247T,-5.460411548614502
E268K:V247S,-6.01882791519165
E268K:V247P,-5.7985920906066895
E268K:V247N,-5.594161033630371
E268K:V247M,-5.792396545410156
E268K:V247L,-5.61085844039917
E268K:V247K,-5.612374305725098
E268K:V247I,-5.685141563415527
E268K:V247H,-5.211694240570068
E268K:V247G,-5.57038688659668
E268K:V247F,-4.885617733001709
E268K:V247E,-6.527795314788818
E268K:V247D,-6.658294677734375
E268K:T281Y,-7.275449275970459
E268K:T281V,-6.546409606933594
E268K:T277Y,-3.4831924438476562
E268K:T277W,-3.3020644187927246
E268K:T277V,-2.073099374771118
E268K:T277S,-4.802056789398193
E268K:T277R,-3.348679542541504
E268K:T277P,-13.799238204956055
E268K:T281W,-6.9246954917907715
E268K:T281Q,-7.230916500091553
E268K:T281P,-13.892813682556152
E268K:T281N,-6.261587142944336
E268K:T281M,-7.922475814819336
E268K:T281L,-8.050516128540039
E268K:T281K,-6.3898210525512695
E268K:T281I,-7.4252729415893555
E268K:T281H,-7.136903285980225
E268K:T281G,-8.464981079101562
E268K:T281F,-7.802007675170898
E268K:T281D,-7.910335540771484
E268K:T281C,-7.034082412719727
E268K:T277N,-3.69346284866333
E268K:Y259C,-9.925257682800293
E268K:Y259V,-10.939615249633789
E268K:Y259T,-11.476515769958496
E268K:Y259S,-11.774846076965332
E268K:Y259R,-11.894530296325684
E268K:Y259Q,-11.360363006591797
E268K:Y259P,-14.724004745483398
E268K:Y259N,-10.840535163879395
E268K:Y259M,-9.667607307434082
E268K:Y259G,-10.837432861328125
E268K:Y259F,-3.938669204711914
E268K:Y259E,-13.485969543457031
E268K:Y259D,-14.129646301269531
E268K:Y259A,-10.567333221435547
E268K:T277M,-2.1199984550476074
E268K:T277K,-2.9780616760253906
E268K:T237Y,-9.348346710205078
E268K:T237W,-8.160226821899414
E268K:T237V,-8.878411293029785
E268K:T237R,-8.946389198303223
E268K:T237Q,-9.266475677490234
E268K:T237P,-11.649710655212402
E268K:T237M,-9.48965072631836
E268K:T237L,-9.867330551147461
E268K:T237K,-9.40169906616211
E268K:T237I,-9.687675476074219
E268K:T237G,-10.68675422668457
E268K:N263Y,-13.506120681762695
E268K:T237F,-9.730032920837402
E268K:T277L,-1.7378017902374268
E268K:T277I,-2.5517830848693848
E268K:T277G,-5.349135875701904
E268K:T277E,-2.111640214920044
E268I:K257M,-13.9506196975708
E268I:K257L,-14.222597122192383
E268I:K257I,-15.154367446899414
E268I:K257H,-15.309548377990723
E268I:K257G,-15.806864738464355
E268I:K257F,-16.711843490600586
E268I:K257E,-15.640521049499512
E268I:K257D,-17.283004760742188
E268I:K257C,-14.82988166809082
E268I:K257R,-11.658891677856445
E268I:K257T,-14.796252250671387
E268I:K257Y,-16.03459358215332
E268I:K257W,-16.706846237182617
E268I:K257V,-16.162446975708008
E268I:N263V,-9.534982681274414
E268I:N263T,-8.681982040405273
E268I:N263S,-7.5425896644592285
E268I:N263R,-11.36723518371582
E268I:N263Q,-9.481986045837402
E268I:N263P,-15.619461059570312
E268I:N263M,-10.334765434265137
E268I:N263L,-10.570789337158203
E268I:N263K,-11.963756561279297
E268I:N263I,-9.985651969909668
E268I:N263H,-10.231350898742676
E268I:N263G,-9.226261138916016
E268I:N263F,-13.37200927734375
E268I:N263E,-11.395566940307617
E268I:N263D,-12.264053344726562
E268I:N263C,-6.969214916229248
E268I:N263A,-9.15585994720459
E268I:N263W,-12.63209056854248
E268I:N263Y,-12.709394454956055
E268I:G264F,-7.019994258880615
E268I:G264E,-8.27096176147461
E268I:G264D,-8.326050758361816
E268I:G264A,-5.52783727645874
E268I:G240Y,-11.119524955749512
E268I:G240W,-9.682083129882812
E268I:G240V,-10.092384338378906
E268I:G240T,-10.536308288574219
E268I:G240S,-10.198049545288086
E268I:G240R,-11.25763988494873
E268I:G240L,-11.345722198486328
E268I:G240K,-11.743423461914062
E268I:G264K,-7.727083683013916
E268I:G240I,-10.773345947265625
E268I:G264N,-5.816135406494141
E268I:G264W,-4.798740386962891
E268I:G264V,-7.939913749694824
E268I:G264T,-7.516554355621338
E268I:G264S,-6.074903964996338
E268I:G264R,-7.936275482177734
E268I:G264Q,-6.5265583992004395
E268I:G264P,-13.01253890991211
E268I:G240H,-11.088714599609375
E268I:G240E,-11.294084548950195
E268I:G240F,-11.204839706420898
E268I:G240D,-11.34121036529541
E268I:G240C,-9.65732192993164
E268I:G240A,-10.055913925170898
E268I:T281Y,-6.478723526000977
E268I:T281W,-6.127969741821289
E268I:T281V,-5.749683856964111
E268I:T281Q,-6.43419075012207
E268I:T281P,-13.096087455749512
E268I:T281N,-5.4648613929748535
E268I:T281M,-7.1257500648498535
E268I:T281L,-7.253790855407715
E268I:T281K,-5.593095302581787
E268I:T281I,-6.628547191619873
E268I:T281H,-6.340177536010742
E268I:T281G,-7.66825532913208
E268I:T281F,-7.005281925201416
E268I:T281D,-7.113609790802002
E268I:T281C,-6.237356662750244
E268I:V247E,-5.731069564819336
E268I:V247Y,-3.547428607940674
E268I:V247W,-3.030055522918701
E268I:V247T,-4.6636857986450195
E268I:V247S,-5.222102165222168
E268I:V247P,-5.001866340637207
E268I:V247N,-4.797435283660889
E268I:V247M,-4.995670795440674
E268I:V247L,-4.8141326904296875
E268I:V247K,-4.815648555755615
E268I:V247I,-4.888415813446045
E268I:V247H,-4.414968490600586
E268I:V247G,-4.773661136627197
E268I:V247F,-4.088891983032227
E268I:V247D,-5.861568927764893
E268I:Y259V,-10.142889022827148
E268I:Y259T,-10.679789543151855
E268I:Y259S,-10.978119850158691
E268I:Y259R,-11.097804069519043
E268I:Y259Q,-10.563636779785156
E268I:Y259P,-13.927278518676758
E268I:Y259N,-10.043808937072754
E268I:Y259M,-8.870881080627441
E268I:Y259G,-10.040706634521484
E268I:Y259F,-3.1419434547424316
E268I:Y259E,-12.68924331665039
E268I:Y259C,-9.128531455993652
E268I:Y259D,-13.33292007446289
E268I:Y259A,-9.770606994628906
E268I:T237G,-9.89002799987793
E268I:T237F,-8.933306694030762
E268I:T237I,-8.890949249267578
E268I:T237L,-9.07060432434082
E268I:T237Y,-8.551620483398438
E268I:T237W,-7.363501071929932
E268I:T237V,-8.081685066223145
E268I:T237R,-8.149663925170898
E268I:T237Q,-8.469749450683594
E268I:T237P,-10.852984428405762
E268I:T237M,-8.692924499511719
E268I:T237K,-8.604973793029785
E268I:T277M,-1.323272705078125
E268I:T277L,-0.9410760402679443
E268I:T277K,-2.181335926055908
E268I:T277I,-1.7550573348999023
E268I:T277G,-4.552410125732422
E268I:T277E,-1.3149144649505615
E268I:T277N,-2.8967370986938477
E268I:T277P,-13.002511978149414
E268I:T277R,-2.5519537925720215
E268I:T277Y,-2.686466693878174
E268I:T277W,-2.505338668823242
E268I:T277V,-1.2763736248016357
E268I:T277S,-4.005331039428711
E268M:K257F,-18.054569244384766
E268M:K257E,-16.983245849609375
E268M:K257D,-18.625730514526367
E268M:K257C,-16.172607421875
E268M:K257G,-17.14958953857422
E268M:K257H,-16.65227508544922
E268M:K257L,-15.565322875976562
E268M:K257I,-16.497093200683594
E268M:K257Y,-17.3773193359375
E268M:K257W,-18.049571990966797
E268M:K257V,-17.505172729492188
E268M:K257T,-16.13897705078125
E268M:K257R,-13.001617431640625
E268M:K257M,-15.29334545135498
E268L:Y259V,-11.0236177444458
E268L:Y259T,-11.560518264770508
E268L:Y259S,-11.858848571777344
E268L:Y259R,-11.978532791137695
E268L:Y259Q,-11.444365501403809
E268L:Y259P,-14.80800724029541
E268L:Y259N,-10.924537658691406
E268L:Y259M,-9.751609802246094
E268L:Y259G,-10.921435356140137
E268L:Y259F,-4.022672176361084
E268L:Y259E,-13.569972038269043
E268L:Y259D,-14.213648796081543
E268L:Y259C,-10.009260177612305
E268L:Y259A,-10.651335716247559
E268M:G264W,-6.141465663909912
E268M:G264V,-9.282638549804688
E268M:G264T,-8.85927963256836
E268M:G264S,-7.417629241943359
E268M:G264R,-9.279001235961914
E268M:G264Q,-7.869283676147461
E268M:G264P,-14.355264663696289
E268M:G264N,-7.158860683441162
E268M:G264K,-9.069808959960938
E268M:G264F,-8.362719535827637
E268M:G264E,-9.613687515258789
E268M:G264D,-9.668776512145996
E268M:G264A,-6.870562553405762
E268M:G240Y,-12.462250709533691
E268M:G240W,-11.024808883666992
E268M:G240V,-11.435110092163086
E268M:G240T,-11.879034042358398
E268M:G240S,-11.540775299072266
E268M:G240R,-12.60036563873291
E268M:G240L,-12.688447952270508
E268M:G240K,-13.086149215698242
E268M:G240I,-12.116071701049805
E268M:G240H,-12.431440353393555
E268M:G240F,-12.547565460205078
E268M:G240E,-12.636810302734375
E268M:G240D,-12.68393611907959
E268M:G240C,-11.00004768371582
E268M:G240A,-11.398639678955078
E268M:T277Y,-4.029191970825195
E268M:T277W,-3.8480639457702637
E268M:T277V,-2.6190991401672363
E268M:T277S,-5.348056316375732
E268M:T277R,-3.894679069519043
E268M:T277P,-14.345237731933594
E268M:T277N,-4.239462375640869
E268M:T277M,-2.6659979820251465
E268M:T277L,-2.283801555633545
E268M:T277K,-3.5240612030029297
E268M:T277I,-3.097782611846924
E268M:T281N,-6.807586669921875
E268M:T281M,-8.468475341796875
E268M:T281L,-8.596515655517578
E268M:T281K,-6.935820579528809
E268M:T281I,-7.9712724685668945
E268M:T281H,-7.682902812957764
E268M:T281G,-9.010980606079102
E268M:T281F,-8.348007202148438
E268M:T281D,-8.456335067749023
E268M:T281C,-7.580081939697266
E268M:T281P,-14.438813209533691
E268M:T277G,-5.895135402679443
E268M:T277E,-2.657639980316162
E268M:T281Q,-7.776916027069092
E268M:V247S,-6.5648274421691895
E268M:V247P,-6.3445916175842285
E268M:V247N,-6.14016056060791
E268M:V247M,-6.338396072387695
E268M:V247L,-6.156857967376709
E268M:V247K,-6.158373832702637
E268M:V247I,-6.231141090393066
E268M:V247H,-5.757693767547607
E268M:V247G,-6.116386413574219
E268M:V247F,-5.431617736816406
E268M:V247E,-7.073794841766357
E268M:V247D,-7.204294204711914
E268M:T281Y,-7.821448802947998
E268M:T281W,-7.4706950187683105
E268M:T281V,-7.092409133911133
E268M:V247T,-6.006411075592041
E268M:V247W,-4.372780799865723
E268M:V247Y,-4.890153884887695
E268M:N263Y,-14.052120208740234
E268M:N263W,-13.97481632232666
E268M:N263V,-10.877708435058594
E268M:N263T,-10.024707794189453
E268M:N263S,-8.88531494140625
E268M:N263R,-12.7099609375
E268M:N263Q,-10.824711799621582
E268M:N263M,-11.677491188049316
E268M:N263P,-16.962186813354492
E268M:N263L,-11.913515090942383
E268M:N263K,-13.306482315063477
E268M:N263I,-11.328377723693848
E268M:N263H,-11.574076652526855
E268M:N263G,-10.568986892700195
E268M:N263F,-14.71473503112793
E268M:N263E,-12.738292694091797
E268M:N263D,-13.606779098510742
E268M:N263C,-8.31194019317627
E268M:N263A,-10.49858570098877
E268M:T237Y,-9.894346237182617
E268M:T237W,-8.706226348876953
E268M:T237V,-9.424410820007324
E268M:T237R,-9.492389678955078
E268M:T237Q,-9.812475204467773
E268M:T237P,-12.195710182189941
E268M:T237M,-10.035650253295898
E268M:T237L,-10.413330078125
E268M:T237K,-9.947698593139648
E268M:T237I,-10.233675003051758
E268M:T237G,-11.23275375366211
E268M:T237F,-10.276032447814941
E268L:K257H,-16.190277099609375
E268L:K257G,-16.687593460083008
E268L:K257F,-17.592573165893555
E268L:K257E,-16.521249771118164
E268L:K257D,-18.163734436035156
E268L:K257C,-15.710610389709473
E268L:K257I,-16.035097122192383
E268L:K257L,-15.103325843811035
E268L:K257Y,-16.91532325744629
E268L:K257W,-17.587574005126953
E268L:K257V,-17.043176651000977
E268L:K257T,-15.676980972290039
E268L:K257R,-12.539620399475098
E268L:K257M,-14.831348419189453
E268L:G240C,-10.538050651550293
E268L:G240A,-10.93664264678955
E268L:G264A,-6.408565998077393
E268L:G240Y,-12.000253677368164
E268L:G240W,-10.562811851501465
E268L:G240V,-10.973113059997559
E268L:G240T,-11.417037010192871
E268L:G240S,-11.078778266906738
E268L:G240R,-12.138368606567383
E268L:G240L,-12.22645092010498
E268L:G240K,-12.624152183532715
E268L:G240I,-11.654074668884277
E268L:G240H,-11.969443321228027
E268L:G240F,-12.08556842803955
E268L:G240E,-12.174813270568848
E268L:G240D,-12.221939086914062
E268L:G264D,-9.206779479980469
E268L:G264E,-9.151690483093262
E268L:G264W,-5.679469108581543
E268L:G264V,-8.820642471313477
E268L:G264T,-8.397282600402832
E268L:G264S,-6.95563268661499
E268L:G264R,-8.817004203796387
E268L:G264Q,-7.407287120819092
E268L:G264P,-13.893267631530762
E268L:G264N,-6.696864128112793
E268L:G264K,-8.60781192779541
E268L:G264F,-7.900722980499268
E268L:T281Q,-7.314919471740723
E268L:T281P,-13.976816177368164
E268L:T281N,-6.345590114593506
E268L:T281M,-8.006478309631348
E268L:T281L,-8.134519577026367
E268L:T281K,-6.4738240242004395
E268L:T281I,-7.509275913238525
E268L:T281H,-7.2209062576293945
E268L:T281G,-8.548983573913574
E268L:T281F,-7.886010646820068
E268L:T281D,-7.994338512420654
E268L:T281C,-7.1180853843688965
E268L:T281W,-7.008698463439941
E268L:V247W,-3.9107842445373535
E268L:V247T,-5.544414520263672
E268L:V247S,-6.10283088684082
E268L:V247P,-5.882595062255859
E268L:V247N,-5.678164005279541
E268L:V247M,-5.876399517059326
E268L:V247L,-5.69486141204834
E268L:V247K,-5.696377277374268
E268L:V247I,-5.769144535064697
E268L:V247H,-5.295697212219238
E268L:V247G,-5.65438985824585
E268L:V247F,-4.969620704650879
E268L:V247E,-6.611798286437988
E268L:V247D,-6.742297649383545
E268L:T281Y,-7.359452247619629
E268L:T281V,-6.630412578582764
E268L:V247Y,-4.428157329559326
E268L:T277G,-5.433138847351074
E268L:T277E,-2.195643186569214
E268L:T277I,-2.6357860565185547
E268L:T277L,-1.8218047618865967
E268L:T277Y,-3.567195415496826
E268L:T277W,-3.3860673904418945
E268L:T277V,-2.157102346420288
E268L:T277S,-4.886059761047363
E268L:T277R,-3.432682514190674
E268L:T277P,-13.883240699768066
E268L:T277N,-3.7774658203125
E268L:T277M,-2.2040014266967773
E268L:T277K,-3.0620646476745605
E268L:T237F,-9.814035415649414
E268L:T237Y,-9.43234920501709
E268L:T237W,-8.244229316711426
E268L:T237V,-8.962413787841797
E268L:T237R,-9.03039264678955
E268L:T237Q,-9.350478172302246
E268L:T237P,-11.733713150024414
E268L:T237M,-9.573653221130371
E268L:T237L,-9.951333045959473
E268L:T237K,-9.485702514648438
E268L:T237I,-9.77167797088623
E268L:T237G,-10.770756721496582
E268L:N263P,-16.50019073486328
E268L:N263M,-11.215494155883789
E268L:N263L,-11.451518058776855
E268L:N263K,-12.84448528289795
E268L:N263I,-10.86638069152832
E268L:N263H,-11.112079620361328
E268L:N263G,-10.106989860534668
E268L:N263F,-14.252737998962402
E268L:N263E,-12.27629566192627
E268L:N263D,-13.144782066345215
E268L:N263C,-7.8499436378479
E268L:N263A,-10.036588668823242
E268L:N263Q,-10.362714767456055
E268L:N263R,-12.247963905334473
E268L:N263T,-9.562710762023926
E268L:N263Y,-13.590123176574707
E268L:N263W,-13.512819290161133
E268L:N263V,-10.415711402893066
E268L:N263S,-8.423317909240723
E268F:N263A,-10.966496467590332
E268F:N263C,-8.779850959777832
E268F:N263D,-14.074689865112305
E268F:N263E,-13.20620346069336
E268F:N263Y,-14.520030975341797
E268F:N263W,-14.442727088928223
E268F:N263V,-11.345619201660156
E268F:N263T,-10.492618560791016
E268F:N263S,-9.353225708007812
E268F:N263R,-13.177871704101562
E268F:N263Q,-11.292622566223145
E268F:N263P,-17.430097579956055
E268F:N263M,-12.145401954650879
E268F:N263L,-12.381425857543945
E268F:N263K,-13.774393081665039
E268F:N263I,-11.79628849029541
E268F:N263H,-12.041987419128418
E268F:N263G,-11.036897659301758
E268F:N263F,-15.182645797729492
E268F:T237Y,-10.36225700378418
E268F:T237W,-9.174137115478516
E268F:T237V,-9.892321586608887
E268F:T237R,-9.96030044555664
E268F:T237P,-12.663620948791504
E268F:T237Q,-10.280385971069336
E268F:T237M,-10.503561019897461
E268F:T237L,-10.881240844726562
E268F:T237K,-10.415609359741211
E268F:T237I,-10.70158576965332
E268F:T237G,-11.700664520263672
E268F:T237F,-10.743943214416504
E268F:K257Y,-17.845230102539062
E268F:K257W,-18.51748275756836
E268F:K257V,-17.97308349609375
E268F:K257T,-16.606887817382812
E268F:K257R,-13.469528198242188
E268F:K257M,-15.761256217956543
E268F:K257L,-16.033233642578125
E268F:K257I,-16.965003967285156
E268F:K257H,-17.12018585205078
E268F:K257G,-17.61750030517578
E268F:K257F,-18.522480010986328
E268F:K257E,-17.451156616210938
E268F:K257D,-19.09364128112793
E268F:K257C,-16.640518188476562
E268F:Y259G,-11.851343154907227
E268F:Y259F,-4.952579498291016
E268F:Y259E,-14.499879837036133
E268F:Y259D,-15.143556594848633
E268F:Y259C,-10.939167976379395
E268F:Y259A,-11.581243515014648
E268F:Y259M,-10.681517601013184
E268F:Y259V,-11.95352554321289
E268F:Y259T,-12.490426063537598
E268F:Y259S,-12.788756370544434
E268F:Y259R,-12.908440589904785
E268F:Y259Q,-12.374273300170898
E268F:Y259P,-15.7379150390625
E268F:Y259N,-11.854445457458496
E268G:G240I,-12.366767883300781
E268G:G240H,-12.682136535644531
E268G:G240F,-12.798261642456055
E268G:G240E,-12.887506484985352
E268G:G240D,-12.93463134765625
E268G:G240C,-11.250743865966797
E268G:G240A,-11.649335861206055
E268F:G264W,-6.609376430511475
E268F:T277V,-3.087009906768799
E268F:T277S,-5.815967082977295
E268F:T277R,-4.3625898361206055
E268F:T277P,-14.813148498535156
E268F:T277N,-4.707373142242432
E268F:T277M,-3.133908748626709
E268F:T277L,-2.7517123222351074
E268F:T277K,-3.991971969604492
E268F:T277I,-3.5656933784484863
E268F:T277G,-6.363046169281006
E268F:T277E,-3.1255507469177246
E268F:T277W,-4.315974712371826
E268F:T277Y,-4.497102737426758
E268F:V247Y,-5.358064651489258
E268F:V247W,-4.840691566467285
E268F:V247T,-6.4743218421936035
E268F:V247S,-7.032738208770752
E268F:V247P,-6.812502384185791
E268F:V247N,-6.608071327209473
E268F:V247M,-6.806306838989258
E268F:V247L,-6.6247687339782715
E268F:V247K,-6.626284599304199
E268F:V247H,-6.22560453414917
E268F:T281C,-8.047992706298828
E268F:T281D,-8.924245834350586
E268F:V247I,-6.699051856994629
E268F:T281G,-9.478891372680664
E268F:V247G,-6.584297180175781
E268F:V247F,-5.899528503417969
E268F:V247E,-7.54170560836792
E268F:V247D,-7.672204971313477
E268F:T281Y,-8.289360046386719
E268F:T281W,-7.938605785369873
E268F:T281V,-7.560319900512695
E268F:T281Q,-8.244827270507812
E268F:T281P,-14.906723976135254
E268F:T281N,-7.2754974365234375
E268F:T281M,-8.936386108398438
E268F:T281L,-9.06442642211914
E268F:T281K,-7.403731346130371
E268F:T281I,-8.439183235168457
E268F:T281H,-8.150814056396484
E268F:T281F,-8.81591796875
E268F:G264V,-9.75054931640625
E268F:G264T,-9.327190399169922
E268F:G264S,-7.885540008544922
E268D:N263Y,-15.442683219909668
E268D:N263W,-15.365379333496094
E268D:N263V,-12.268271446228027
E268D:N263T,-11.415270805358887
E268D:N263S,-10.275877952575684
E268D:N263R,-14.100523948669434
E268D:N263Q,-12.215274810791016
E268D:N263P,-18.35274887084961
E268D:N263M,-13.06805419921875
E268D:N263L,-13.304078102111816
E268D:N263K,-14.69704532623291
E268D:N263I,-12.718940734863281
E268D:N263H,-12.964639663696289
E268D:N263G,-11.959549903869629
E268D:N263E,-14.12885570526123
E268D:N263F,-16.105297088623047
E268D:N263D,-14.997342109680176
E268D:N263C,-9.702503204345703
E268D:N263A,-11.889148712158203
E268D:T237R,-10.882951736450195
E268D:T237Q,-11.203038215637207
E268D:T237P,-13.586273193359375
E268D:T237M,-11.426213264465332
E268D:T237L,-11.803893089294434
E268D:T237K,-11.338262557983398
E268D:T237I,-11.624238014221191
E268D:T237G,-12.623316764831543
E268D:T237F,-11.666595458984375
E268D:T237V,-10.814973831176758
E268D:T237Y,-11.28490924835205
E268D:T237W,-10.096789360046387
E268D:K257C,-17.56317138671875
E268D:K257Y,-18.76788330078125
E268D:K257W,-19.440134048461914
E268D:K257V,-18.895736694335938
E268D:K257T,-17.529541015625
E268D:K257R,-14.392180442810059
E268D:K257M,-16.683908462524414
E268D:K257L,-16.955886840820312
E268D:K257I,-17.887657165527344
E268D:K257H,-18.042837142944336
E268D:K257G,-18.54015350341797
E268D:K257F,-19.445133209228516
E268D:K257E,-18.373809814453125
E268D:K257D,-20.016292572021484
E268G:G240K,-13.336845397949219
E268D:Y259V,-12.876177787780762
E268D:Y259T,-13.413078308105469
E268D:Y259S,-13.711408615112305
E268D:Y259R,-13.831092834472656
E268D:Y259Q,-13.29692554473877
E268D:Y259P,-16.660568237304688
E268D:Y259M,-11.604169845581055
E268D:Y259N,-12.777097702026367
E268D:Y259G,-12.773995399475098
E268D:Y259F,-5.875231742858887
E268D:Y259E,-15.422532081604004
E268D:Y259D,-16.066207885742188
E268D:Y259C,-11.861820220947266
E268D:Y259A,-12.50389575958252
E268F:G240L,-13.15635871887207
E268F:G240K,-13.554059982299805
E268F:G240I,-12.583982467651367
E268F:G240H,-12.899351119995117
E268F:G240F,-13.01547622680664
E268F:G240E,-13.104721069335938
E268F:G240D,-13.151846885681152
E268F:G240C,-11.467958450317383
E268F:G240A,-11.86655044555664
E268F:G240R,-13.068276405334473
E268F:G264R,-9.746912002563477
E268F:G264Q,-8.337194442749023
E268F:G264P,-14.823175430297852
E268F:G264N,-7.626771450042725
E268F:G264K,-9.5377197265625
E268F:G264F,-8.8306303024292
E268F:G264E,-10.081598281860352
E268F:G264D,-10.136687278747559
E268F:G264A,-7.338473320007324
E268F:G240Y,-12.930161476135254
E268F:G240W,-11.492719650268555
E268F:G240V,-11.903020858764648
E268F:G240T,-12.346944808959961
E268F:G240S,-12.008686065673828
E268D:T277Y,-5.419754981994629
E268D:T277W,-5.238626956939697
E268D:T277V,-4.00966215133667
E268D:T277S,-6.738619327545166
E268D:T277R,-5.285242080688477
E268D:T277P,-15.735800743103027
E268D:T277N,-5.630025386810303
E268D:T277M,-4.05656099319458
E268D:T277L,-3.6743645668029785
E268D:T277K,-4.914624214172363
E268D:T277I,-4.488345623016357
E268D:T277G,-7.285698413848877
E268D:T277E,-4.048202991485596
E268D:T281F,-9.738570213317871
E268D:T281D,-9.846898078918457
E268D:T281C,-8.9706449508667
E268D:T281G,-10.401543617248535
E268D:T281H,-9.073465347290039
E268D:T281K,-8.326383590698242
E268D:T281I,-9.361835479736328
E268D:V247K,-7.54893684387207
E268D:V247I,-7.6217041015625
E268D:V247H,-7.148256778717041
E268D:V247G,-7.506949424743652
E268D:V247F,-6.82218074798584
E268D:V247E,-8.464357376098633
E268D:V247D,-8.594857215881348
E268D:T281Y,-9.212011337280273
E268D:T281W,-8.861257553100586
E268D:T281V,-8.482972145080566
E268D:T281Q,-9.167478561401367
E268D:T281P,-15.829376220703125
E268D:T281N,-8.198149681091309
E268D:T281M,-9.859038352966309
E268D:T281L,-9.987079620361328
E268D:V247L,-7.547420978546143
E268D:V247M,-7.728959083557129
E268D:V247P,-7.735154628753662
E268D:V247Y,-6.280716896057129
E268D:V247W,-5.763343811035156
E268D:V247T,-7.396974086761475
E268D:V247S,-7.955390453338623
E268D:V247N,-7.530723571777344
E268G:G240L,-12.939144134521484
E268H:K257Y,-17.54871940612793
E268H:K257W,-18.220970153808594
E268H:T237I,-10.405075073242188
E268H:T237G,-11.404153823852539
E268H:T237F,-10.447432518005371
E268H:N263Y,-14.223520278930664
E268H:N263W,-14.14621639251709
E268H:N263V,-11.049108505249023
E268H:N263T,-10.196107864379883
E268H:N263S,-9.05671501159668
E268H:N263R,-12.88136100769043
E268H:N263Q,-10.996111869812012
E268H:N263P,-17.133586883544922
E268H:N263M,-11.848891258239746
E268H:N263L,-12.084915161132812
E268H:N263K,-13.477882385253906
E268H:N263I,-11.499777793884277
E268H:N263H,-11.745476722717285
E268H:N263G,-10.740386962890625
E268H:N263F,-14.88613510131836
E268H:N263E,-12.909692764282227
E268H:N263D,-13.778179168701172
E268H:N263C,-8.4833402633667
E268H:N263A,-10.6699857711792
E268H:T237K,-10.119098663330078
E268H:K257V,-17.676572799682617
E268H:G264W,-6.312865734100342
E268H:G264V,-9.454038619995117
E268H:G264T,-9.030679702758789
E268H:G264S,-7.589029312133789
E268H:G264R,-9.450401306152344
E268H:G264Q,-8.04068374633789
E268H:G264P,-14.526664733886719
E268H:G240F,-12.718965530395508
E268H:G240E,-12.808210372924805
E268H:G240D,-12.85533618927002
E268H:G240C,-11.17144775390625
E268H:G240A,-11.570039749145508
E268H:G240H,-12.602840423583984
E268H:G264N,-7.330260753631592
E268H:G240I,-12.287471771240234
E268H:G240L,-12.859848022460938
E268H:G264K,-9.241209030151367
E268H:G264F,-8.534119606018066
E268H:G264E,-9.785087585449219
E268H:G264D,-9.840176582336426
E268H:G264A,-7.041962623596191
E268H:G240Y,-12.633650779724121
E268H:G240W,-11.196208953857422
E268H:G240V,-11.606510162353516
E268H:G240T,-12.050434112548828
E268H:G240S,-11.712175369262695
E268H:G240R,-12.77176570892334
E268H:G240K,-13.257549285888672
E268H:K257T,-16.310379028320312
E268H:K257R,-13.173017501831055
E268H:K257M,-15.46474552154541
E268H:K257L,-15.736722946166992
E268H:K257I,-16.668493270874023
E268H:K257H,-16.823673248291016
E268H:K257G,-17.32099151611328
E268H:K257F,-18.225969314575195
E268H:K257E,-17.154647827148438
E268H:K257D,-18.797130584716797
E268H:K257C,-16.34400749206543
E268H:T237L,-10.58473014831543
E268H:V247Y,-5.061553955078125
E268H:V247W,-4.544180870056152
E268H:V247T,-6.177811145782471
E268H:V247S,-6.736227512359619
E268H:V247P,-6.515991687774658
E268H:V247N,-6.31156063079834
E268H:V247M,-6.509796142578125
E268H:V247L,-6.328258037567139
E268H:V247K,-6.329773902893066
E268H:V247I,-6.402541160583496
E268H:V247H,-5.929093837738037
E268H:V247G,-6.287786483764648
E268H:Y259D,-14.8470458984375
E268H:Y259C,-10.642657279968262
E268H:Y259A,-11.284732818603516
E268H:Y259E,-14.203369140625
E268H:Y259F,-4.656068801879883
E268H:Y259V,-11.657014846801758
E268H:Y259T,-12.193915367126465
E268H:Y259S,-12.4922456741333
E268H:Y259R,-12.611929893493652
E268H:Y259Q,-12.077762603759766
E268H:Y259P,-15.441404342651367
E268H:Y259N,-11.557934761047363
E268H:Y259M,-10.38500690460205
E268H:Y259G,-11.554832458496094
E268H:T237M,-10.207050323486328
E268H:V247F,-5.603017807006836
E268H:V247D,-7.375694274902344
E268H:T237Y,-10.065746307373047
E268H:T237W,-8.877626419067383
E268H:T237V,-9.595810890197754
E268H:T237R,-9.663789749145508
E268H:T237Q,-9.983875274658203
E268H:T237P,-12.367110252380371
E268H:V247E,-7.245194911956787
E268H:T277Y,-4.200592041015625
E268H:T277W,-4.019464015960693
E268H:T277V,-2.790499210357666
E268H:T281C,-7.751482009887695
E268H:T281Y,-7.992848873138428
E268H:T281W,-7.64209508895874
E268H:T281V,-7.2638092041015625
E268H:T281Q,-7.9483160972595215
E268H:T281P,-14.610213279724121
E268H:T281N,-6.978986740112305
E268H:T281M,-8.639875411987305
E268H:T281L,-8.767915725708008
E268H:T281K,-7.107220649719238
E268H:T281I,-8.142672538757324
E268H:T281H,-7.854302883148193
E268H:T281G,-9.182380676269531
E268H:T281F,-8.519407272338867
E268H:T281D,-8.627735137939453
E268H:T277S,-5.519456386566162
E268H:T277R,-4.066079139709473
E268H:T277P,-14.516637802124023
E268H:T277N,-4.410862445831299
E268H:T277M,-2.837398052215576
E268H:T277L,-2.4552016258239746
E268H:T277K,-3.6954612731933594
E268H:T277I,-3.2691826820373535
E268H:T277G,-6.066535472869873
E268H:T277E,-2.829040050506592
E268G:N263C,-8.56263542175293
E268G:T237L,-10.664026260375977
E268G:T237K,-10.198394775390625
E268G:T237I,-10.484371185302734
E268G:T237G,-11.483449935913086
E268G:T237F,-10.526727676391602
E268G:T237M,-10.286346435546875
E268G:T237Q,-10.06317138671875
E268G:T237Y,-10.145042419433594
E268G:T237W,-8.95692253112793
E268G:T237V,-9.675106048583984
E268G:T237R,-9.743084907531738
E268G:T237P,-12.446405410766602
E268G:N263A,-10.74928092956543
E268G:N263Y,-14.302816390991211
E268G:N263W,-14.22551155090332
E268G:N263V,-11.12840461730957
E268G:N263T,-10.27540397644043
E268G:N263S,-9.136011123657227
E268G:N263R,-12.960657119750977
E268G:N263Q,-11.075407028198242
E268G:N263P,-17.21288299560547
E268G:N263M,-11.928186416625977
E268G:N263L,-12.16421127319336
E268G:N263K,-13.557178497314453
E268G:N263I,-11.579072952270508
E268G:N263H,-11.824771881103516
E268G:N263G,-10.819683074951172
E268G:N263F,-14.965431213378906
E268G:N263E,-12.988988876342773
E268G:N263D,-13.857475280761719
E268G:G264N,-7.4095563888549805
E268G:G264K,-9.320505142211914
E268G:G264F,-8.613414764404297
E268G:G264E,-9.864383697509766
E268G:G264D,-9.919471740722656
E268G:G264A,-7.12125825881958
E268G:G240Y,-12.712945938110352
E268G:G240W,-11.275505065917969
E268G:G240V,-11.685806274414062
E268G:G240T,-12.129730224609375
E268G:G240S,-11.791471481323242
E268G:G240R,-12.85106086730957
E268G:G264P,-14.605960845947266
E268G:G264Q,-8.119979858398438
E268G:G264S,-7.668324947357178
E268G:G264W,-6.3921613693237305
E268G:G264V,-9.533334732055664
E268G:G264T,-9.109975814819336
E268G:G264R,-9.529696464538574
E268G:K257T,-16.389673233032227
E268G:K257R,-13.252313613891602
E268G:K257M,-15.54404067993164
E268G:K257L,-15.816019058227539
E268G:K257I,-16.74778938293457
E268G:K257H,-16.902969360351562
E268G:K257G,-17.400285720825195
E268G:K257F,-18.305265426635742
E268G:K257E,-17.23394203186035
E268G:K257D,-18.876426696777344
E268G:K257C,-16.423303604125977
E268G:K257V,-17.755868911743164
E268G:K257W,-18.30026626586914
E268G:K257Y,-17.628015518188477
E268G:Y259F,-4.7353644371032715
E268G:Y259E,-14.282665252685547
E268G:Y259D,-14.926342010498047
E268G:Y259C,-10.721952438354492
E268G:Y259A,-11.364028930664062
E268G:Y259G,-11.63412857055664
E268G:Y259V,-11.736310958862305
E268G:Y259T,-12.273210525512695
E268G:Y259S,-12.571540832519531
E268G:Y259R,-12.691225051879883
E268G:Y259Q,-12.157058715820312
E268G:Y259P,-15.520700454711914
E268G:Y259N,-11.637229919433594
E268G:Y259M,-10.464302062988281
E268G:V247E,-7.324490547180176
E268G:V247D,-7.454989910125732
E268G:T281Y,-8.072144508361816
E268G:T281W,-7.721390724182129
E268G:T281V,-7.343104839324951
E268G:T281Q,-8.02761173248291
E268G:T281P,-14.689508438110352
E268G:T281N,-7.058282375335693
E268G:T281M,-8.719171524047852
E268G:T281L,-8.847211837768555
E268G:T281K,-7.186516284942627
E268G:T281I,-8.221967697143555
E268G:T281H,-7.933598518371582
E268G:T281G,-9.261676788330078
E268G:T281F,-8.598703384399414
E268G:V247F,-5.682312965393066
E268G:V247G,-6.367082118988037
E268G:V247I,-6.481836795806885
E268G:V247Y,-5.140849590301514
E268G:V247W,-4.623476505279541
E268G:V247T,-6.257106781005859
E268G:V247S,-6.815523147583008
E268G:V247P,-6.595287322998047
E268G:V247N,-6.3908562660217285
E268G:V247M,-6.589091777801514
E268G:V247L,-6.407553672790527
E268G:V247K,-6.409069538116455
E268G:V247H,-6.008389472961426
E268G:T281D,-8.70703125
E268G:T277R,-4.145374774932861
E268G:T277P,-14.59593391418457
E268G:T277N,-4.4901580810546875
E268G:T277M,-2.916693687438965
E268G:T277L,-2.5344972610473633
E268G:T277K,-3.774756908416748
E268G:T277I,-3.348478317260742
E268G:T277G,-6.145831108093262
E268G:T277E,-2.9083356857299805
E268G:T277S,-5.598752021789551
E268G:T281C,-7.830777645111084
E268G:T277V,-2.8697948455810547
E268G:T277Y,-4.279887676239014
E268G:T277W,-4.098759651184082
E268P:T237Y,-13.723323822021484
E268P:T237W,-12.53520393371582
E268P:T237V,-13.253389358520508
E268P:T237R,-13.321367263793945
E268P:T237Q,-13.64145278930664
E268P:T237P,-16.024688720703125
E268P:T237M,-13.864627838134766
E268P:T237L,-14.242307662963867
E268P:T237K,-13.776677131652832
E268P:T237I,-14.062652587890625
E268P:T237G,-15.061731338500977
E268P:T237F,-14.105010986328125
E268P:N263E,-16.567270278930664
E268P:N263D,-17.43575668334961
E268P:N263C,-12.140918731689453
E268P:N263A,-14.327564239501953
E268P:N263F,-18.543712615966797
E268P:N263G,-14.397964477539062
E268P:N263H,-15.403055191040039
E268P:N263I,-15.157356262207031
E268P:N263Y,-17.8810977935791
E268P:N263W,-17.803794860839844
E268P:N263V,-14.706686019897461
E268P:N263T,-13.85368537902832
E268P:N263S,-12.714292526245117
E268P:N263R,-16.538938522338867
E268P:N263Q,-14.653690338134766
E268P:N263P,-20.79116439819336
E268P:N263M,-15.5064697265625
E268P:N263L,-15.74249267578125
E268P:N263K,-17.135459899902344
E268P:K257E,-20.812225341796875
E268P:K257D,-22.454708099365234
E268P:K257C,-20.001585006713867
E268P:K257F,-21.883546829223633
E268P:K257G,-20.97856903076172
E268P:K257H,-20.481252670288086
E268P:K257I,-20.32607078552246
E268P:K257Y,-21.206296920776367
E268P:K257W,-21.878549575805664
E268P:K257V,-21.334150314331055
E268P:K257T,-19.96795654296875
E268P:K257R,-16.830595016479492
E268P:K257M,-19.122323989868164
E268P:K257L,-19.39430046081543
E268P:T277E,-6.4866180419921875
E268Q:G240H,-12.52552604675293
E268Q:G240F,-12.641651153564453
E268Q:G240E,-12.73089599609375
E268Q:G240D,-12.778020858764648
E268Q:G240C,-11.094133377075195
E268Q:G240A,-11.492725372314453
E268Q:G240I,-12.21015739440918
E268Q:G240K,-13.180234909057617
E268Q:G240L,-12.782533645629883
E268Q:G264R,-9.373085975646973
E268Q:G264Q,-7.963368892669678
E268Q:G264P,-14.449350357055664
E268Q:G264N,-7.252945899963379
E268Q:G264K,-9.163894653320312
E268Q:G264F,-8.456804275512695
E268Q:G264E,-9.707773208618164
E268Q:G264D,-9.762861251831055
E268Q:G264A,-6.9646477699279785
E268Q:G240Y,-12.55633544921875
E268Q:G240W,-11.118894577026367
E268Q:G240V,-11.529195785522461
E268Q:G240T,-11.973119735717773
E268Q:G240S,-11.63486099243164
E268Q:G240R,-12.694450378417969
E268Q:G264S,-7.511714458465576
E268Q:G264T,-8.953365325927734
E268Q:G264V,-9.376724243164062
E268Q:G264W,-6.235550880432129
E268P:V247Y,-8.719131469726562
E268P:V247W,-8.201759338378906
E268P:V247T,-9.835389137268066
E268P:V247S,-10.393805503845215
E268P:V247P,-10.173569679260254
E268P:V247N,-9.969139099121094
E268P:V247L,-9.985836029052734
E268P:V247K,-9.98735237121582
E268P:V247I,-10.06011962890625
E268P:V247H,-9.586671829223633
E268P:V247G,-9.945363998413086
E268P:V247F,-9.260595321655273
E268P:V247E,-10.902772903442383
E268P:V247D,-11.033271789550781
E268P:V247M,-10.167373657226562
E268P:T281Y,-11.650426864624023
E268P:T281W,-11.299673080444336
E268P:T277Y,-7.858170032501221
E268P:T277W,-7.677042007446289
E268P:T277V,-6.448077201843262
E268P:T277S,-9.177034378051758
E268P:T277P,-18.17421531677246
E268P:T277N,-8.068440437316895
E268P:T277M,-6.494976043701172
E268P:T277L,-6.11277961730957
E268P:T277K,-7.353039264678955
E268P:T277I,-6.926760673522949
E268P:T277G,-9.724113464355469
E268P:T277R,-7.723657131195068
E268P:T281Q,-11.605894088745117
E268P:T281P,-18.267791748046875
E268P:T281N,-10.636564254760742
E268P:T281M,-12.297452926635742
E268P:T281L,-12.425494194030762
E268P:T281K,-10.764799118041992
E268P:T281I,-11.800251007080078
E268P:T281H,-11.511880874633789
E268P:T281G,-12.839958190917969
E268P:T281F,-12.176984786987305
E268P:T281D,-12.28531265258789
E268P:T281C,-11.409059524536133
E268P:T281V,-10.92138671875
E268P:Y259R,-16.269508361816406
E268P:Y259Q,-15.735340118408203
E268P:Y259P,-19.098981857299805
E268P:Y259N,-15.215513229370117
E268P:Y259M,-14.042585372924805
E268P:Y259G,-15.212409973144531
E268P:Y259S,-16.149824142456055
E268P:Y259F,-8.31364631652832
E268P:Y259D,-18.504623413085938
E268P:Y259C,-14.300235748291016
E268P:Y259A,-14.942310333251953
E268P:Y259E,-17.860946655273438
E268P:Y259T,-15.851493835449219
E268P:Y259V,-15.314592361450195
E268N:T237R,-9.84027099609375
E268N:T237Q,-10.160357475280762
E268N:T237P,-12.54359245300293
E268N:T237M,-10.383532524108887
E268N:T237L,-10.761212348937988
E268N:T237K,-10.295581817626953
E268N:T237I,-10.581557273864746
E268N:T237V,-9.772293090820312
E268N:T237G,-11.580636024475098
E268N:T237F,-10.62391471862793
E268N:T237W,-9.054108619689941
E268N:T237Y,-10.242228507995605
E268N:N263Y,-14.400002479553223
E268N:N263W,-14.322698593139648
E268N:N263V,-11.225590705871582
E268N:N263T,-10.372590065002441
E268N:N263S,-9.233197212219238
E268N:N263R,-13.057843208312988
E268N:N263Q,-11.17259407043457
E268N:N263P,-17.310070037841797
E268N:N263M,-12.025373458862305
E268N:N263L,-12.261397361755371
E268N:N263K,-13.654364585876465
E268N:N263I,-11.676259994506836
E268N:N263H,-11.921958923339844
E268N:N263G,-10.916869163513184
E268N:N263F,-15.062617301940918
E268N:N263E,-13.086174964904785
E268N:N263D,-13.95466136932373
E268N:N263C,-8.659822463989258
E268N:N263A,-10.846467971801758
E268N:G264W,-6.4893479347229
E268N:G264V,-9.630521774291992
E268N:G264T,-9.207161903381348
E268N:G264S,-7.765511512756348
E268N:G264R,-9.626882553100586
E268N:G264Q,-8.21716594696045
E268N:G264P,-14.703146934509277
E268N:G264N,-7.50674295425415
E268N:G264F,-8.710601806640625
E268N:G264E,-9.961569786071777
E268N:G264D,-10.016658782958984
E268N:G264A,-7.21844482421875
E268N:G240Y,-12.81013298034668
E268N:G240W,-11.37269115447998
E268N:G240V,-11.782992362976074
E268N:G264K,-9.417691230773926
E268N:G240T,-12.226916313171387
E268N:G240S,-11.888657569885254
E268N:G240L,-13.036330223083496
E268N:G240K,-13.43403148651123
E268N:G240I,-12.463953971862793
E268N:G240H,-12.779322624206543
E268N:G240F,-12.895447731018066
E268N:G240E,-12.984692573547363
E268N:G240D,-13.031818389892578
E268N:G240C,-11.347929954528809
E268N:G240A,-11.746521949768066
E268N:G240R,-12.948247909545898
E268N:K257Y,-17.725200653076172
E268N:K257W,-18.39745330810547
E268N:K257V,-17.85305404663086
E268N:K257T,-16.486860275268555
E268N:K257R,-13.349499702453613
E268N:K257M,-15.641227722167969
E268N:K257L,-15.91320514678955
E268N:K257I,-16.844974517822266
E268N:K257H,-17.00015640258789
E268N:K257G,-17.497472763061523
E268N:K257F,-18.402450561523438
E268N:K257E,-17.33112907409668
E268N:K257D,-18.973613739013672
E268N:K257C,-16.520488739013672
E268N:Y259V,-11.833497047424316
E268N:Y259T,-12.370397567749023
E268N:Y259S,-12.66872787475586
E268N:Y259R,-12.788412094116211
E268N:Y259Q,-12.254244804382324
E268N:Y259P,-15.617886543273926
E268N:Y259N,-11.734416961669922
E268N:Y259M,-10.56148910522461
E268N:Y259G,-11.731314659118652
E268N:Y259F,-4.832551002502441
E268N:Y259E,-14.379851341247559
E268N:Y259D,-15.023528099060059
E268N:Y259C,-10.81913948059082
E268N:Y259A,-11.461215019226074
E268P:G264E,-13.442665100097656
E268P:G264D,-13.49775505065918
E268P:G264A,-10.699541091918945
E268P:G240Y,-16.291229248046875
E268P:G240W,-14.85378646850586
E268P:G240V,-15.264087677001953
E268P:G240T,-15.708011627197266
E268P:G240S,-15.369752883911133
E268P:G240R,-16.429344177246094
E268P:G264F,-12.19169807434082
E268P:G240L,-16.517425537109375
E268P:G240K,-16.91512680053711
E268P:G240I,-15.945049285888672
E268P:G240H,-16.260417938232422
E268P:G240F,-16.376543045043945
E268P:G240E,-16.465787887573242
E268P:G240D,-16.512914657592773
E268P:G240C,-14.829025268554688
E268P:G264K,-12.898786544799805
E268P:G264W,-9.970443725585938
E268P:G264V,-13.111617088317871
E268P:G264T,-12.688257217407227
E268P:G264S,-11.246606826782227
E268P:G264R,-13.107978820800781
E268P:G264Q,-11.698261260986328
E268P:G264P,-18.184242248535156
E268P:G264N,-10.987838745117188
E268P:G240A,-15.227617263793945
E268N:T277S,-5.695938587188721
E268N:T277R,-4.242561340332031
E268N:T277P,-14.693120002746582
E268N:T277N,-4.587344646453857
E268N:T277M,-3.0138802528381348
E268N:T277L,-2.631683826446533
E268N:T277K,-3.871943473815918
E268N:T277I,-3.445664882659912
E268N:T277G,-6.243017673492432
E268N:T277E,-3.0055222511291504
E268N:T277V,-2.9669814109802246
E268N:T277W,-4.195946216583252
E268N:T277Y,-4.377074241638184
E268N:V247Y,-5.238036155700684
E268N:V247W,-4.720663070678711
E268N:V247T,-6.354293346405029
E268N:V247S,-6.912709712982178
E268N:T281F,-8.695889472961426
E268N:T281D,-8.804217338562012
E268N:T281C,-7.927964210510254
E268N:T281G,-9.35886287689209
E268N:T281H,-8.030784606933594
E268N:T281K,-7.283702850341797
E268N:V247P,-6.692473888397217
E268N:V247N,-6.488042831420898
E268N:V247M,-6.686278343200684
E268N:V247L,-6.504740238189697
E268N:V247K,-6.506256103515625
E268N:V247I,-6.579023361206055
E268N:V247H,-6.105576038360596
E268N:V247G,-6.464268684387207
E268N:V247F,-5.7795000076293945
E268N:V247E,-7.421677112579346
E268N:V247D,-7.552176475524902
E268N:T281Y,-8.169330596923828
E268N:T281W,-7.818577289581299
E268N:T281V,-7.440291404724121
E268N:T281Q,-8.124797821044922
E268N:T281P,-14.78669548034668
E268N:T281N,-7.155468940734863
E268N:T281M,-8.816357612609863
E268N:T281L,-8.944398880004883
E268N:T281I,-8.319154739379883
E268R:T281L,-8.81252670288086
E268R:T281K,-7.15183162689209
E268R:T281I,-8.187283515930176
E268R:T281H,-7.898913860321045
E268R:T281G,-9.226991653442383
E268R:T281F,-8.564018249511719
E268R:T281D,-8.672346115112305
E268R:T281C,-7.796092987060547
E268R:T281M,-8.684486389160156
E268R:T281N,-7.023597717285156
E268R:T281P,-14.654824256896973
E268R:T281Q,-7.992927074432373
E268R:V247W,-4.588791847229004
E268R:V247T,-6.222422122955322
E268R:V247S,-6.780838489532471
E268R:V247P,-6.56060266494751
E268R:V247N,-6.356171607971191
E268R:V247M,-6.554407119750977
E268R:V247L,-6.37286901473999
E268R:V247K,-6.374384880065918
E268R:V247I,-6.447152137756348
E268R:V247H,-5.973704814910889
E268R:V247G,-6.3323974609375
E268R:V247F,-5.6476287841796875
E268R:V247E,-7.289805889129639
E268R:V247D,-7.420305252075195
E268R:T281Y,-8.037460327148438
E268R:T281W,-7.686706066131592
E268R:T281V,-7.308420181274414
E268R:V247Y,-5.106164932250977
E268R:T277Y,-4.245203018188477
E268R:T277W,-4.064074993133545
E268R:T277V,-2.8351101875305176
E268R:T277S,-5.564067363739014
E268R:T277R,-4.110690116882324
E268R:T277P,-14.561248779296875
E268R:T277N,-4.45547342300415
E268R:T277M,-2.8820090293884277
E268R:T277L,-2.499812602996826
E268R:T277K,-3.740072250366211
E268R:T277I,-3.313793659210205
E268R:T277G,-6.111146450042725
E268R:T277E,-2.8736510276794434
E268R:Y259G,-11.599443435668945
E268R:Y259F,-4.700679779052734
E268R:Y259E,-14.247980117797852
E268R:Y259D,-14.891656875610352
E268R:Y259C,-10.687268257141113
E268R:Y259A,-11.329343795776367
E268R:N263Y,-14.268131256103516
E268R:N263W,-14.190827369689941
E268R:N263V,-11.093719482421875
E268R:N263T,-10.240718841552734
E268R:N263S,-9.101325988769531
E268R:N263Q,-11.040722846984863
E268R:N263P,-17.178197860717773
E268R:N263M,-11.893502235412598
E268R:N263L,-12.129526138305664
E268R:N263K,-13.522493362426758
E268R:N263I,-11.544388771057129
E268R:N263H,-11.790087699890137
E268R:N263G,-10.784997940063477
E268R:N263F,-14.930746078491211
E268R:N263E,-12.954303741455078
E268R:N263R,-12.925971984863281
E268R:N263D,-13.822790145874023
E268R:N263C,-8.52795124053955
E268R:N263A,-10.71459674835205
E268R:T237Y,-10.110357284545898
E268R:T237W,-8.922237396240234
E268R:T237V,-9.640421867370605
E268R:T237R,-9.70840072631836
E268R:T237Q,-10.028486251831055
E268R:T237P,-12.411721229553223
E268R:T237M,-10.25166130065918
E268R:T237L,-10.629341125488281
E268R:T237K,-10.16370964050293
E268R:T237I,-10.449686050415039
E268R:T237G,-11.44876480102539
E268R:T237F,-10.492043495178223
E268R:Y259M,-10.429617881774902
E268R:Y259N,-11.602545738220215
E268R:Y259P,-15.486015319824219
E268R:Y259Q,-12.122373580932617
E268S:K257Y,-17.663497924804688
E268S:K257W,-18.335750579833984
E268S:K257V,-17.791351318359375
E268S:K257T,-16.425155639648438
E268S:K257R,-13.287796020507812
E268S:K257M,-15.579524040222168
E268S:K257L,-15.85150146484375
E268S:K257I,-16.78327178955078
E268S:K257H,-16.938453674316406
E268S:K257G,-17.435768127441406
E268S:K257F,-18.340747833251953
E268S:K257E,-17.269424438476562
E268S:K257D,-18.911909103393555
E268S:K257C,-16.458786010742188
E268S:N263K,-13.592660903930664
E268S:N263I,-11.614556312561035
E268S:N263H,-11.860255241394043
E268S:N263G,-10.855165481567383
E268S:N263F,-15.000913619995117
E268S:N263E,-13.024471282958984
E268S:N263D,-13.89295768737793
E268S:N263C,-8.598118782043457
E268S:N263A,-10.784764289855957
E268S:N263L,-12.19969367980957
E268S:N263M,-11.963669776916504
E268S:N263P,-17.24836540222168
E268S:N263Q,-11.11089038848877
E268S:N263Y,-14.338298797607422
E268S:N263W,-14.260994911193848
E268S:N263V,-11.163887023925781
E268S:N263T,-10.31088638305664
E268S:N263S,-9.171493530273438
E268S:N263R,-12.996139526367188
E268S:G240A,-11.684818267822266
E268S:G240C,-11.286226272583008
E268R:Y259V,-11.70162582397461
E268R:Y259T,-12.238526344299316
E268R:Y259S,-12.536856651306152
E268R:Y259R,-12.656540870666504
E268S:G240D,-12.970114707946777
E268S:G240E,-12.922988891601562
E268S:G240F,-12.833744049072266
E268S:G264K,-9.355987548828125
E268S:G264F,-8.648898124694824
E268S:G264E,-9.899866104125977
E268S:G264D,-9.954955101013184
E268S:G264A,-7.156741142272949
E268S:G240Y,-12.748429298400879
E268S:G240W,-11.31098747253418
E268S:G240V,-11.721288681030273
E268S:G240T,-12.165212631225586
E268S:G240S,-11.826953887939453
E268S:G240R,-12.886544227600098
E268S:G240L,-12.974626541137695
E268S:G240K,-13.37232780456543
E268S:G240I,-12.402250289916992
E268S:G240H,-12.717618942260742
E268S:G264N,-7.44503927230835
E268S:G264Q,-8.155462265014648
E268S:G264W,-6.4276442527771
E268S:G264V,-9.568817138671875
E268S:G264T,-9.145458221435547
E268S:G264S,-7.703807830810547
E268S:G264R,-9.565179824829102
E268S:G264P,-14.641443252563477
E268Q:T237Y,-9.988431930541992
E268Q:T237W,-8.800312042236328
E268Q:T237V,-9.518495559692383
E268Q:V247H,-5.851778984069824
E268Q:V247G,-6.2104716300964355
E268Q:V247F,-5.525702476501465
E268Q:V247E,-7.167880058288574
E268Q:V247D,-7.298379421234131
E268Q:T281Y,-7.915534019470215
E268Q:T281W,-7.564780235290527
E268Q:T281V,-7.18649435043335
E268Q:V247I,-6.325226306915283
E268Q:T281Q,-7.871001243591309
E268Q:T281P,-14.53289794921875
E268Q:T281N,-6.901671886444092
E268Q:T281M,-8.56256103515625
E268Q:T281L,-8.690601348876953
E268Q:T281K,-7.029905796051025
E268Q:T281I,-8.065357208251953
E268Q:T281H,-7.7769880294799805
E268Q:T281G,-9.105066299438477
E268Q:T281F,-8.442092895507812
E268Q:V247K,-6.2524590492248535
E268Q:V247L,-6.250943183898926
E268Q:V247M,-6.432481288909912
E268Q:V247Y,-4.984239101409912
E268Q:V247W,-4.4668660163879395
E268Q:V247T,-6.100496292114258
E268Q:V247S,-6.658912658691406
E268Q:V247P,-6.438676834106445
E268Q:V247N,-6.234245777130127
E268Q:T281D,-8.550420761108398
E268Q:T281C,-7.674167156219482
E268Q:T277M,-2.7600831985473633
E268Q:T277L,-2.3778867721557617
E268Q:T277K,-3.6181464195251465
E268Q:T277I,-3.1918678283691406
E268Q:T277G,-5.98922061920166
E268Q:T277E,-2.751725196838379
E268Q:T277N,-4.333547592163086
E268Q:T237R,-9.586474418640137
E268Q:T277P,-14.439323425292969
E268Q:T277R,-3.9887642860412598
E268Q:T277Y,-4.123277187347412
E268Q:T277W,-3.9421491622924805
E268Q:T277V,-2.713184356689453
E268Q:T277S,-5.442141532897949
E268Q:T237Q,-9.906560897827148
E268Q:K257R,-13.095703125
E268Q:K257M,-15.387430191040039
E268Q:K257L,-15.659408569335938
E268Q:K257I,-16.59117889404297
E268Q:K257H,-16.74635887145996
E268Q:K257G,-17.243675231933594
E268Q:K257F,-18.14865493774414
E268Q:K257E,-17.07733154296875
E268Q:K257C,-16.266693115234375
E268Q:K257D,-18.719816207885742
E268Q:K257T,-16.233062744140625
E268Q:K257V,-17.599258422851562
E268Q:K257W,-18.14365577697754
E268Q:K257Y,-17.471405029296875
E268Q:T237M,-10.129735946655273
E268Q:T237L,-10.507415771484375
E268Q:T237K,-10.041784286499023
E268Q:T237I,-10.327760696411133
E268Q:T237G,-11.326839447021484
E268Q:T237F,-10.3701171875
E268Q:N263Y,-14.14620590209961
E268Q:N263W,-14.068901062011719
E268Q:N263V,-10.971794128417969
E268Q:N263T,-10.118793487548828
E268Q:T237P,-12.289794921875
E268Q:N263S,-8.979400634765625
E268Q:N263R,-12.804046630859375
E268Q:N263Q,-10.91879653930664
E268Q:N263P,-17.056272506713867
E268Q:N263M,-11.771575927734375
E268Q:N263L,-12.007600784301758
E268Q:N263K,-13.400568008422852
E268Q:N263I,-11.422462463378906
E268Q:N263H,-11.668161392211914
E268Q:N263G,-10.66307258605957
E268Q:N263F,-14.808820724487305
E268Q:N263E,-12.832378387451172
E268Q:N263D,-13.700864791870117
E268Q:N263C,-8.406024932861328
E268Q:N263A,-10.592670440673828
E268R:G264W,-6.357476711273193
E268R:G264V,-9.498649597167969
E268R:G264T,-9.07529067993164
E268R:G264S,-7.633640289306641
E268R:G264Q,-8.085294723510742
E268R:G264P,-14.57127571105957
E268R:G264N,-7.374871730804443
E268R:G264K,-9.285820007324219
E268R:G264F,-8.578730583190918
E268R:G264E,-9.82969856262207
E268R:G264R,-9.495012283325195
E268R:G264D,-9.884787559509277
E268R:K257D,-18.84174156188965
E268R:K257Y,-17.59333038330078
E268R:K257W,-18.265583038330078
E268R:K257V,-17.72118377685547
E268R:K257T,-16.35498809814453
E268R:K257R,-13.217628479003906
E268R:K257M,-15.509356498718262
E268R:K257L,-15.781333923339844
E268R:K257I,-16.713104248046875
E268R:K257H,-16.8682861328125
E268R:K257G,-17.3656005859375
E268R:K257F,-18.270580291748047
E268R:K257E,-17.199256896972656
E268R:K257C,-16.38861846923828
E268R:G240Y,-12.678261756896973
E268Q:Y259A,-11.207418441772461
E268Q:Y259C,-10.56534194946289
E268Q:Y259D,-14.769731521606445
E268Q:Y259V,-11.579700469970703
E268Q:Y259T,-12.116600036621094
E268Q:Y259S,-12.41493034362793
E268Q:Y259R,-12.534614562988281
E268Q:Y259Q,-12.000448226928711
E268Q:Y259P,-15.364089965820312
E268Q:Y259N,-11.480619430541992
E268Q:Y259M,-10.30769157409668
E268Q:Y259G,-11.477518081665039
E268Q:Y259F,-4.57875394821167
E268Q:Y259E,-14.126054763793945
E268R:G240W,-11.240819931030273
E268R:G240V,-11.651121139526367
E268R:G240T,-12.09504508972168
E268R:G240S,-11.756786346435547
E268R:G240R,-12.816376686096191
E268R:G240L,-12.904458999633789
E268R:G240K,-13.302160263061523
E268R:G240I,-12.332082748413086
E268R:G240H,-12.647451400756836
E268R:G240F,-12.76357650756836
E268R:G240E,-12.852821350097656
E268R:G240D,-12.899947166442871
E268R:G240C,-11.216058731079102
E268R:G240A,-11.61465072631836
E268R:G264A,-7.086573600769043
E268M:Y259D,-14.67564582824707
E268M:Y259E,-14.03196907043457
E268M:Y259F,-4.484668731689453
E268M:Y259G,-11.383432388305664
E268M:Y259M,-10.213606834411621
E268M:Y259N,-11.386534690856934
E268M:Y259C,-10.471257209777832
E268M:Y259P,-15.270004272460938
E268M:Y259R,-12.440529823303223
E268M:Y259S,-12.320845603942871
E268M:Y259T,-12.022515296936035
E268M:Y259V,-11.485614776611328
E268M:Y259Q,-11.906362533569336
E268M:Y259A,-11.113332748413086
T277E:Y259A,-9.535632133483887
T277E:Y259C,-8.893556594848633
T277E:Y259V,-9.907914161682129
T277E:Y259T,-10.444814682006836
T277E:Y259S,-10.743144989013672
T277E:Y259R,-10.862829208374023
T277E:Y259Q,-10.328661918640137
T277E:Y259P,-13.692303657531738
T277E:Y259N,-9.808834075927734
T277E:Y259M,-8.635906219482422
T277E:Y259G,-9.805731773376465
T277E:Y259F,-2.906968593597412
T277E:Y259E,-12.454268455505371
T277E:Y259D,-13.097945213317871
T277G:T281F,-10.007802963256836
T277G:T281G,-10.6707763671875
T277G:T281H,-9.342698097229004
T277G:T281I,-9.631067276000977
T277G:T281K,-8.59561538696289
T277G:T281L,-10.256311416625977
T277G:T281M,-10.128271102905273
T277G:T281N,-8.467382431030273
T277G:T281P,-16.098608016967773
T277G:T281Q,-9.436711311340332
T277G:T281V,-8.752204895019531
T277G:T281W,-9.13049030303955
T277G:T281Y,-9.481244087219238
T277G:T281D,-10.116130828857422
T277G:T281C,-9.239877700805664
T277G:V247D,-8.864089965820312
T277G:V247E,-8.733590126037598
T277G:V247F,-7.091412544250488
T277G:Y259A,-12.773128509521484
T277G:Y259C,-12.131052017211914
T277G:Y259D,-16.33544158935547
T277G:Y259E,-15.691764831542969
T277G:Y259G,-13.043228149414062
T277G:Y259M,-11.873401641845703
T277G:Y259N,-13.046329498291016
T277G:Y259F,-6.144464015960693
T277G:Y259P,-16.929800033569336
T277G:Y259Q,-13.566158294677734
T277G:Y259R,-14.100324630737305
T277G:Y259S,-13.980640411376953
T277G:Y259T,-13.682310104370117
T277G:Y259V,-13.145410537719727
T277G:V247G,-7.776181697845459
T277G:V247H,-7.417489051818848
T277G:V247I,-7.890936374664307
T277G:V247K,-7.818169116973877
T277G:V247L,-7.816653251647949
T277G:V247M,-7.9981913566589355
T277G:V247N,-7.79995584487915
T277G:V247P,-8.004386901855469
T277G:V247S,-8.22462272644043
T277G:V247T,-7.666206359863281
T277G:V247W,-6.032576084136963
T277G:V247Y,-6.5499491691589355
T277E:V247Y,-3.3124537467956543
T277E:V247W,-2.7950806617736816
T277E:V247T,-4.4287109375
T277E:V247S,-4.987127304077148
T277E:V247P,-4.7668914794921875
T277E:V247N,-4.562460422515869
T277E:V247M,-4.760695934295654
T277E:V247L,-4.579157829284668
T277E:T281H,-6.105202674865723
T277E:T281G,-7.4332804679870605
T277E:T281F,-6.7703070640563965
T277E:T281D,-6.878634929656982
T277E:T281C,-6.002381801605225
T277E:T281I,-6.3935723304748535
T277E:T281K,-5.358120441436768
T277E:T281M,-6.890775203704834
T277E:V247K,-4.580673694610596
T277E:V247I,-4.653440952301025
T277E:V247H,-4.179993629455566
T277E:V247G,-4.538686275482178
T277E:V247F,-3.853917121887207
T277E:V247E,-5.496094703674316
T277E:V247D,-5.626594066619873
T277E:T281Y,-6.243748664855957
T277E:T281W,-5.8929948806762695
T277E:T281V,-5.514708995819092
T277E:T281Q,-6.199215888977051
T277E:T281P,-12.861112594604492
T277E:T281N,-5.229886531829834
T277E:T281L,-7.018815994262695
T277S:V247W,-5.485496997833252
T277S:V247Y,-6.002870082855225
T277S:V247T,-7.11912727355957
T277S:V247S,-7.677543640136719
T277S:T281Q,-8.889632225036621
T277S:T281P,-15.551528930664062
T277S:T281N,-7.920302867889404
T277S:T281M,-9.581192016601562
T277S:T281L,-9.709232330322266
T277S:T281K,-8.04853630065918
T277S:T281I,-9.083988189697266
T277S:T281G,-10.123697280883789
T277S:T281F,-9.460723876953125
T277S:T281D,-9.569051742553711
T277S:T281C,-8.692798614501953
T277S:T281H,-8.795619010925293
T277S:T281W,-8.58341121673584
T277S:V247P,-7.457307815551758
T277S:V247N,-7.2528767585754395
T277S:V247M,-7.451112270355225
T277S:V247L,-7.269574165344238
T277S:V247K,-7.271090030670166
T277S:V247I,-7.343857288360596
T277S:T281V,-8.20512580871582
T277S:V247H,-6.870409965515137
T277S:V247F,-6.544333457946777
T277S:V247E,-8.186511039733887
T277S:V247D,-8.317010879516602
T277S:T281Y,-8.934165000915527
T277S:V247G,-7.229102611541748
T277S:Y259G,-12.496149063110352
T277S:Y259F,-5.597384929656982
T277S:Y259E,-15.144685745239258
T277S:Y259D,-15.788362503051758
T277S:Y259C,-11.583972930908203
T277S:Y259A,-12.226049423217773
T277R:Y259A,-10.772671699523926
T277R:Y259C,-10.130596160888672
T277R:Y259E,-13.69130802154541
T277R:Y259V,-11.144953727722168
T277R:Y259T,-11.681854248046875
T277R:Y259S,-11.980184555053711
T277R:Y259R,-12.099868774414062
T277R:Y259Q,-11.565701484680176
T277R:Y259P,-14.929343223571777
T277R:Y259D,-14.33498477935791
T277R:Y259N,-11.045873641967773
T277R:Y259G,-11.042771339416504
T277R:Y259F,-4.144007682800293
T277R:Y259M,-9.872945785522461
T277V:Y259P,-13.653762817382812
T277V:Y259N,-9.770293235778809
T277V:Y259M,-8.597365379333496
T277V:Y259Q,-10.290121078491211
T277V:Y259F,-2.8684277534484863
T277V:Y259E,-12.415727615356445
T277V:Y259D,-13.059404373168945
T277V:Y259C,-8.855015754699707
T277V:Y259A,-9.497091293334961
T277V:Y259G,-9.767190933227539
T277V:Y259R,-10.824288368225098
T277V:Y259T,-10.40627384185791
T277V:Y259S,-10.704604148864746
T277V:Y259V,-9.869373321533203
T277W:V247I,-5.843864917755127
T277W:V247H,-5.370417594909668
T277W:V247G,-5.729110240936279
T277W:V247F,-5.044341564178467
T277W:V247E,-6.686518669128418
T277W:V247D,-6.817018032073975
T277W:V247K,-5.771097660064697
T277W:T281Y,-7.434172630310059
T277W:T281W,-7.083418846130371
T277W:T281V,-6.705132961273193
T277W:T281Q,-7.389639854431152
T277W:T281P,-14.05153751373291
T277W:V247L,-5.7695817947387695
T277W:V247N,-5.752884387969971
T277W:V247M,-5.951119899749756
T277W:V247W,-3.985504627227783
T277W:V247T,-5.619134902954102
T277W:V247S,-6.17755126953125
T277W:V247P,-5.957315444946289
T277W:V247Y,-4.502877712249756
T277W:T281N,-6.4203104972839355
T277W:T281L,-8.209239959716797
T277W:T281M,-8.081199645996094
T277W:T281K,-6.548544406890869
T277W:T281I,-7.583996295928955
T277W:T281H,-7.295626640319824
T277W:T281G,-8.62370491027832
T277W:T281F,-7.960731029510498
T277W:T281D,-8.069059371948242
T277W:T281C,-7.192805767059326
T277V:T281C,-5.963840961456299
T277V:T281D,-6.840094089508057
T277V:T281G,-7.394739627838135
T277V:T281Y,-6.205207824707031
T277V:T281W,-5.854454040527344
T277V:T281V,-5.476168155670166
T277V:T281F,-6.731766223907471
T277V:T281Q,-6.160675048828125
T277V:T281N,-5.191345691680908
T277V:T281M,-6.852234363555908
T277V:T281L,-6.9802751541137695
T277V:T281K,-5.319579601287842
T277V:T281I,-6.355031490325928
T277V:T281H,-6.066661834716797
T277V:T281P,-12.822571754455566
T277S:Y259V,-12.598331451416016
T277S:Y259S,-13.433561325073242
T277S:Y259R,-13.553245544433594
T277S:Y259Q,-13.019079208374023
T277S:Y259P,-16.382720947265625
T277S:Y259N,-12.499250411987305
T277S:Y259M,-11.326322555541992
T277S:Y259T,-13.135231018066406
T277V:V247D,-5.588053226470947
T277V:V247F,-3.8153762817382812
T277V:V247E,-5.457553863525391
T277V:V247Y,-3.2739129066467285
T277V:V247W,-2.756539821624756
T277V:V247T,-4.390170097351074
T277V:V247S,-4.948586463928223
T277V:V247P,-4.728350639343262
T277V:V247M,-4.7221550941467285
T277V:V247L,-4.540616989135742
T277V:V247K,-4.54213285446167
T277V:V247I,-4.6149001121521
T277V:V247H,-4.141452789306641
T277V:V247G,-4.500145435333252
T277V:V247N,-4.523919582366943
T277P:V247S,-16.674724578857422
T277P:V247T,-16.116308212280273
T277P:V247W,-14.482678413391113
T277P:V247Y,-15.000051498413086
T277P:V247P,-16.45448875427246
T277P:V247N,-16.250057220458984
T277P:V247M,-16.448293685913086
T277P:T281M,-18.578372955322266
T277P:T281L,-18.70641326904297
T277P:T281K,-17.045719146728516
T277P:T281I,-18.08116912841797
T277P:T281H,-17.792800903320312
T277P:T281G,-19.120878219604492
T277P:T281N,-16.917484283447266
T277P:T281F,-18.457904815673828
T277P:T281D,-18.566232681274414
T277P:T281C,-17.689979553222656
T277P:T281P,-24.548709869384766
T277P:V247L,-16.266756057739258
T277P:V247K,-16.268272399902344
T277P:V247I,-16.34103775024414
T277P:V247H,-15.867591857910156
T277P:V247G,-16.22628402709961
T277P:V247F,-15.541515350341797
T277P:T281Q,-17.88681411743164
T277P:V247E,-17.183692932128906
T277P:T281Y,-17.931346893310547
T277P:T281W,-17.58059310913086
T277P:T281V,-17.202306747436523
T277P:V247D,-17.314191818237305
T277P:Y259E,-24.14186668395996
T277P:Y259D,-24.78554344177246
T277P:Y259C,-20.581153869628906
T277P:Y259A,-21.223230361938477
T277P:Y259F,-14.594566345214844
T277N:Y259V,-11.489736557006836
T277N:Y259S,-12.324968338012695
T277N:Y259T,-12.02663803100586
T277N:Y259A,-11.117454528808594
T277N:Y259R,-12.444652557373047
T277N:Y259Q,-11.910484313964844
T277N:Y259P,-15.274126052856445
T277N:Y259N,-11.390657424926758
T277N:Y259M,-10.217729568481445
T277N:Y259G,-11.387554168701172
T277N:Y259F,-4.488790988922119
T277N:Y259E,-14.036090850830078
T277N:Y259D,-14.679767608642578
T277N:Y259C,-10.475379943847656
T277P:Y259G,-21.493330001831055
T277R:V247G,-5.775725364685059
T277R:V247F,-5.090956687927246
T277R:V247E,-6.733133792877197
T277R:V247D,-6.863633155822754
T277R:V247H,-5.417032718658447
T277R:T281Y,-7.480787754058838
T277R:T281V,-6.751748085021973
T277R:T281Q,-7.436254978179932
T277R:T281P,-14.098152160644531
T277R:T281N,-6.466925621032715
T277R:T281W,-7.13003396987915
T277R:T281M,-8.127814292907715
T277R:V247I,-5.890480041503906
T277R:V247L,-5.816196918487549
T277R:V247Y,-4.549492835998535
T277R:V247K,-5.817712783813477
T277R:V247W,-4.0321197509765625
T277R:V247S,-6.224166393280029
T277R:V247P,-6.003930568695068
T277R:V247N,-5.79949951171875
T277R:V247M,-5.997735023498535
T277R:V247T,-5.665750026702881
T277R:T281L,-8.255855560302734
T277R:T281I,-7.630611419677734
T277R:T281K,-6.595159530639648
T277R:T281H,-7.3422417640686035
T277R:T281G,-8.670319557189941
T277R:T281F,-8.007346153259277
T277R:T281D,-8.115674018859863
T277R:T281C,-7.2394208908081055
T277P:Y259V,-21.59551239013672
T277P:Y259T,-22.13241195678711
T277P:Y259S,-22.430744171142578
T277P:Y259Q,-22.016260147094727
T277P:Y259P,-25.379901885986328
T277P:Y259N,-21.49643325805664
T277P:Y259M,-20.323505401611328
T277P:Y259R,-22.550426483154297
T277K:Y259P,-14.558725357055664
T277K:Y259Q,-11.195083618164062
T277K:Y259R,-11.72925090789795
T277K:Y259S,-11.609566688537598
T277K:Y259T,-11.311236381530762
T277K:Y259V,-10.774335861206055
T277K:Y259N,-10.67525577545166
T277L:T281K,-4.98428201675415
T277L:T281L,-6.644977569580078
T277L:T281M,-6.516936779022217
T277L:T281N,-4.856048107147217
T277L:T281P,-12.487274169921875
T277L:T281Q,-5.825377464294434
T277L:T281I,-6.019733905792236
T277L:T281V,-5.140870571136475
T277L:T281W,-5.519156455993652
T277L:T281Y,-5.86991024017334
T277L:V247D,-5.252755641937256
T277L:T281H,-5.7313642501831055
T277L:T281F,-6.396468639373779
T277L:T281G,-7.059442043304443
T277L:T281C,-5.628543376922607
T277L:T281D,-6.504796504974365
T277L:V247E,-5.122256278991699
T277K:Y259M,-9.502327919006348
T277K:Y259A,-10.402053833007812
T277K:Y259D,-13.964366912841797
T277K:Y259E,-13.320690155029297
T277K:Y259F,-3.7733898162841797
T277K:Y259G,-10.67215347290039
T277K:Y259C,-9.759978294372559
T277L:V247F,-3.48007869720459
T277L:V247H,-3.806155204772949
T277L:Y259A,-9.16179370880127
T277L:Y259V,-9.534075736999512
T277L:Y259S,-10.369306564331055
T277L:Y259C,-8.519718170166016
T277L:Y259D,-12.724106788635254
T277L:Y259E,-12.080430030822754
T277L:Y259F,-2.533130168914795
T277L:Y259G,-9.431893348693848
T277L:Y259T,-10.070976257324219
T277L:Y259M,-8.262067794799805
T277L:Y259N,-9.434995651245117
T277L:Y259P,-13.318465232849121
T277L:Y259Q,-9.95482349395752
T277L:Y259R,-10.488990783691406
T277L:V247G,-4.1648478507995605
T277L:V247I,-4.279602527618408
T277L:V247K,-4.2068352699279785
T277L:V247L,-4.205319404602051
T277L:V247M,-4.386857509613037
T277L:V247N,-4.188621997833252
T277L:V247P,-4.39305305480957
T277L:V247S,-4.613288879394531
T277L:V247T,-4.054872512817383
T277L:V247W,-2.4212422370910645
T277L:V247Y,-2.938615322113037
T277I:T281C,-6.442524433135986
T277I:T281D,-7.318777561187744
T277I:T281F,-7.210449695587158
T277I:T281G,-7.873423099517822
T277I:T281H,-6.545345306396484
T277I:T281I,-6.833714962005615
T277I:T281K,-5.798263072967529
T277I:T281M,-7.330917835235596
T277I:V247M,-5.200838565826416
T277I:V247N,-5.002603054046631
T277I:V247P,-5.207034111022949
T277I:V247S,-5.42726993560791
T277I:V247L,-5.01930046081543
T277I:V247T,-4.868853569030762
T277I:V247Y,-3.752596378326416
T277I:V247W,-3.2352232933044434
T277I:T281L,-7.458958625793457
T277I:V247K,-5.020816326141357
T277I:V247H,-4.620136260986328
T277I:T281N,-5.670029163360596
T277I:T281P,-13.30125617980957
T277I:T281Q,-6.6393585205078125
T277I:T281V,-5.9548516273498535
T277I:V247I,-5.093583583831787
T277I:T281W,-6.333137512207031
T277I:V247D,-6.066736698150635
T277I:V247E,-5.936237335205078
T277I:V247F,-4.294060230255127
T277I:V247G,-4.9788289070129395
T277I:T281Y,-6.683891296386719
T277K:V247D,-6.493015289306641
T277K:V247E,-6.362515926361084
T277K:V247F,-4.720338821411133
T277K:V247G,-5.405107498168945
T277K:T281Y,-7.110169887542725
T277K:V247H,-5.046414852142334
T277K:V247K,-5.447094917297363
T277K:V247L,-5.4455790519714355
T277K:V247M,-5.627117156982422
T277K:V247N,-5.428881645202637
T277K:V247P,-5.633312702178955
T277K:V247I,-5.519862174987793
T277K:T281W,-6.759416103363037
T277K:T281C,-6.868803024291992
T277K:T281D,-7.74505615234375
T277K:T281F,-7.636728286743164
T277K:T281G,-8.299701690673828
T277K:T281H,-6.97162389755249
T277K:T281V,-6.381130218505859
T277K:T281I,-7.259993553161621
T277K:T281L,-7.885237216949463
T277K:T281M,-7.757196426391602
T277K:T281N,-6.096307754516602
T277K:T281P,-13.727534294128418
T277K:T281Q,-7.065637111663818
T277K:T281K,-6.224541664123535
T277K:V247S,-5.853548526763916
T277K:V247W,-3.661501884460449
T277K:V247T,-5.295132160186768
T277K:V247Y,-4.178874969482422
T277I:Y259G,-10.245875358581543
T277I:Y259M,-9.0760498046875
T277I:Y259F,-3.347111225128174
T277I:Y259N,-10.248977661132812
T277I:Y259Q,-10.768805503845215
T277I:Y259R,-11.302972793579102
T277I:Y259S,-11.18328857421875
T277I:Y259T,-10.884958267211914
T277I:Y259V,-10.348057746887207
T277I:Y259P,-14.132447242736816
T277I:Y259E,-12.89441204071045
T277I:Y259C,-9.333700180053711
T277I:Y259D,-13.53808879852295
T277I:Y259A,-9.975775718688965
T277Y:V247Y,-4.6840057373046875
T277Y:V247W,-4.166632652282715
T277Y:V247T,-5.800262928009033
T277Y:V247S,-6.358679294586182
T277Y:T281Q,-7.570767879486084
T277Y:T281P,-14.232665061950684
T277Y:T281N,-6.601438522338867
T277Y:T281M,-8.262327194213867
T277Y:T281V,-6.886260986328125
T277Y:T281L,-8.390368461608887
T277Y:T281I,-7.765124320983887
T277Y:T281H,-7.476754665374756
T277Y:T281G,-8.804832458496094
T277Y:T281F,-8.14185905456543
T277Y:T281D,-8.250186920166016
T277Y:T281K,-6.729672431945801
T277Y:T281W,-7.264546871185303
T277Y:V247P,-6.138443470001221
T277Y:V247N,-5.934012413024902
T277Y:V247M,-6.1322479248046875
T277Y:V247L,-5.950709819793701
T277Y:T281Y,-7.61530065536499
T277Y:V247K,-5.952225685119629
T277Y:V247H,-5.5515456199646
T277Y:V247G,-5.910238265991211
T277Y:V247F,-5.225469589233398
T277Y:V247E,-6.86764669418335
T277Y:V247D,-6.998146057128906
T277Y:V247I,-6.024992942810059
T277Y:Y259G,-11.177284240722656
T277Y:Y259F,-4.278520584106445
T277Y:Y259E,-13.825820922851562
T277Y:Y259D,-14.469497680664062
T277Y:Y259C,-10.265109062194824
T277Y:Y259A,-10.907184600830078
T277Y:T281C,-7.373933792114258
T277W:Y259C,-10.08398151397705
T277W:Y259A,-10.726057052612305
T277W:Y259D,-14.288370132446289
T277W:Y259E,-13.644693374633789
T277W:Y259G,-10.996156692504883
T277W:Y259V,-11.098339080810547
T277W:Y259T,-11.635239601135254
T277W:Y259S,-11.93356990814209
T277W:Y259R,-12.053254127502441
T277W:Y259F,-4.097392559051514
T277W:Y259Q,-11.519086837768555
T277W:Y259N,-10.999258995056152
T277W:Y259M,-9.82633113861084
T277W:Y259P,-14.882728576660156
T277Y:Y259N,-11.180386543273926
T277M:T281C,-6.010739803314209
T277M:T281D,-6.886992931365967
T277M:T281F,-6.778665065765381
T277M:T281G,-7.441638469696045
T277M:T281H,-6.113560676574707
T277M:T281I,-6.401930332183838
T277M:T281K,-5.366478443145752
T277M:T281L,-7.02717399597168
T277M:T281M,-6.899133205413818
T277Y:Y259M,-10.007458686828613
T277M:T281N,-5.238244533538818
T277M:T281P,-12.869471549987793
T277M:T281Q,-6.207573890686035
T277M:V247S,-4.995485305786133
T277M:V247T,-4.437068939208984
T277M:V247W,-2.803438663482666
T277M:V247Y,-3.3208117485046387
T277M:V247P,-4.775249481201172
T277M:V247N,-4.5708184242248535
T277M:T281V,-5.523066997528076
T277M:T281Y,-6.252106666564941
T277M:V247D,-5.634952068328857
T277M:V247E,-5.504452705383301
T277M:V247F,-3.8622756004333496
T277M:V247G,-4.547044277191162
T277M:V247H,-4.188351631164551
T277M:V247I,-4.66179895401001
T277M:V247K,-4.58903169631958
T277M:V247L,-4.587515830993652
T277M:V247M,-4.769053936004639
T277M:T281W,-5.901352882385254
T277N:V247S,-6.5689496994018555
T277N:V247P,-6.3487138748168945
T277N:V247N,-6.144282817840576
T277N:V247M,-6.342518329620361
T277N:V247L,-6.160980224609375
T277N:V247K,-6.162496089935303
T277N:V247I,-6.235263347625732
T277N:V247H,-5.761816024780273
T277N:V247G,-6.120508670806885
T277N:V247F,-5.435739517211914
T277N:V247E,-7.077917098999023
T277N:V247D,-7.20841646194458
T277N:T281Y,-7.825571060180664
T277N:T281F,-8.352128982543945
T277N:T281G,-9.01510238647461
T277N:T281H,-7.68702507019043
T277N:T281I,-7.9753947257995605
T277N:T281K,-6.939942836761475
T277N:T281L,-8.600638389587402
T277N:V247T,-6.010533332824707
T277N:T281M,-8.472597122192383
T277N:T281P,-14.442935943603516
T277N:T281Q,-7.781038284301758
T277N:T281V,-7.096531391143799
T277N:T281W,-7.474817276000977
T277N:T281N,-6.811708927154541
T277N:V247W,-4.376903057098389
T277N:V247Y,-4.894276142120361
T277Y:Y259P,-15.06385612487793
T277Y:Y259Q,-11.700214385986328
T277Y:Y259R,-12.234381675720215
T277Y:Y259T,-11.816367149353027
T277Y:Y259S,-12.114697456359863
T277Y:Y259V,-11.27946662902832
T277N:T281D,-8.460456848144531
T277M:Y259M,-8.644265174865723
T277M:Y259N,-9.817193031311035
T277M:Y259P,-13.700662612915039
T277M:Y259Q,-10.337020874023438
T277M:Y259R,-10.871188163757324
T277M:Y259S,-10.751503944396973
T277M:Y259T,-10.453173637390137
T277M:Y259V,-9.91627311706543
T277N:T281C,-7.584204196929932
T277M:Y259A,-9.543991088867188
T277M:Y259C,-8.901915550231934
T277M:Y259D,-13.106304168701172
T277M:Y259E,-12.462627410888672
T277M:Y259G,-9.814090728759766
T277M:Y259F,-2.9153265953063965
T281C:V247D,-10.549036026000977
T281C:V247E,-10.418537139892578
T281C:V247G,-9.461128234863281
T281D:Y259G,-15.604427337646484
T281D:Y259F,-8.705663681030273
T281D:Y259E,-18.25296401977539
T281D:Y259D,-18.89664077758789
T281D:Y259C,-14.692252159118652
T281D:Y259A,-15.334327697753906
T281D:Y259M,-14.434601783752441
T281D:Y259V,-15.706609725952148
T281D:Y259T,-16.243511199951172
T281D:Y259S,-16.541839599609375
T281D:Y259R,-16.66152572631836
T281D:Y259Q,-16.127357482910156
T281D:Y259P,-19.490999221801758
T281D:Y259N,-15.607529640197754
T281C:V247Y,-8.234895706176758
T281C:V247W,-7.717522621154785
T281C:V247T,-9.351152420043945
T281C:V247S,-9.909568786621094
T281C:V247P,-9.689332962036133
T281C:V247N,-9.484902381896973
T281C:V247M,-9.683137893676758
T281C:V247L,-9.50160026550293
T281C:V247K,-9.5031156539917
T281C:V247I,-9.575882911682129
T281C:V247H,-9.102436065673828
T281C:V247F,-8.776359558105469
T281D:V247I,-10.452136039733887
T281D:V247H,-9.978689193725586
T281D:V247G,-10.337381362915039
T281D:V247F,-9.652612686157227
T281D:V247E,-11.294790267944336
T281D:V247D,-11.425289154052734
T281D:V247K,-10.379368782043457
T281D:V247L,-10.377853393554688
T281D:V247M,-10.559391021728516
T281D:V247N,-10.36115550994873
T281D:V247Y,-9.111148834228516
T281D:V247W,-8.593775749206543
T281D:V247T,-10.227405548095703
T281D:V247S,-10.785821914672852
T281D:V247P,-10.56558609008789
T281C:Y259C,-13.815999031066895
T281C:Y259A,-14.458074569702148
T281C:Y259D,-18.020387649536133
T281C:Y259E,-17.376710891723633
T281C:Y259G,-14.728174209594727
T281C:Y259V,-14.83035659790039
T281C:Y259T,-15.367257118225098
T281C:Y259S,-15.665587425231934
T281C:Y259R,-15.785271644592285
T281C:Y259Q,-15.251104354858398
T281C:Y259P,-18.61474609375
T281C:Y259N,-14.731276512145996
T281C:Y259M,-13.558348655700684
T281C:Y259F,-7.829410552978516
T281M:Y259G,-15.616567611694336
T281M:Y259F,-8.717803955078125
T281M:Y259E,-18.265104293823242
T281M:Y259D,-18.908781051635742
T281M:Y259C,-14.704392433166504
T281M:Y259A,-15.346467971801758
T281M:Y259M,-14.446742057800293
T281M:Y259V,-15.71875
T281M:Y259T,-16.25564956665039
T281M:Y259S,-16.55398178100586
T281M:Y259R,-16.673664093017578
T281M:Y259Q,-16.139497756958008
T281M:Y259P,-19.50313949584961
T281M:Y259N,-15.619669914245605
T281N:V247P,-8.916837692260742
T281N:V247N,-8.712407112121582
T281N:V247M,-8.910642623901367
T281N:V247L,-8.729104995727539
T281N:V247K,-8.730620384216309
T281N:V247I,-8.803387641906738
T281N:V247H,-8.329940795898438
T281N:V247G,-8.68863296508789
T281N:V247F,-8.003864288330078
T281N:V247E,-9.646041870117188
T281N:V247D,-9.776540756225586
T281N:V247S,-9.137073516845703
T281N:V247W,-6.9450273513793945
T281N:V247Y,-7.462400436401367
T281N:V247T,-8.578657150268555
T281L:Y259A,-15.474508285522461
T281L:Y259C,-14.832433700561523
T281L:Y259D,-19.036821365356445
T281L:Y259F,-8.845844268798828
T281M:V247Y,-9.123289108276367
T281M:V247W,-8.605916023254395
T281M:V247T,-10.239545822143555
T281M:V247S,-10.797962188720703
T281M:V247P,-10.577726364135742
T281M:V247N,-10.373295783996582
T281M:V247M,-10.571531295776367
T281M:V247L,-10.389993667602539
T281M:V247K,-10.391509056091309
T281L:Y259V,-15.846790313720703
T281L:Y259T,-16.383691787719727
T281L:Y259S,-16.682022094726562
T281L:Y259R,-16.801706314086914
T281L:Y259Q,-16.26753807067871
T281L:Y259P,-19.631179809570312
T281L:Y259N,-15.747711181640625
T281L:Y259M,-14.574783325195312
T281L:Y259G,-15.744607925415039
T281L:Y259E,-18.393144607543945
T281M:V247I,-10.464276313781738
T281M:V247H,-9.990829467773438
T281M:V247G,-10.34952163696289
T281M:V247F,-9.664752960205078
T281M:V247E,-11.306930541992188
T281M:V247D,-11.437429428100586
T281Q:V247Y,-8.431730270385742
T281Q:V247W,-7.914356708526611
T281Q:V247S,-10.106403350830078
T281Q:V247P,-9.886167526245117
T281Q:V247N,-9.68173599243164
T281Q:V247M,-9.879972457885742
T281Q:V247L,-9.698433876037598
T281Q:V247K,-9.699949264526367
T281Q:V247T,-9.54798698425293
T281Q:V247I,-9.772716522216797
T281Q:V247H,-9.299269676208496
T281Q:V247G,-9.657962799072266
T281Q:V247F,-8.973193168640137
T281P:Y259V,-21.6890869140625
T281P:Y259T,-22.225988388061523
T281P:Y259S,-22.52431869506836
T281P:Y259R,-22.64400291442871
T281P:Y259Q,-22.10983657836914
T281P:Y259P,-25.47347640991211
T281P:Y259N,-21.590007781982422
T281P:Y259M,-20.41707992553711
T281P:Y259G,-21.58690643310547
T281P:Y259F,-14.688141822814941
T281P:Y259E,-24.235443115234375
T281P:Y259D,-24.879119873046875
T281P:Y259C,-20.67473030090332
T281Q:V247E,-10.615370750427246
T281Q:V247D,-10.745870590209961
T281P:Y259A,-21.31680679321289
T281Q:Y259D,-18.217222213745117
T281Q:Y259C,-14.012832641601562
T281Q:Y259A,-14.654909133911133
T281Q:Y259E,-17.573545455932617
T281Q:Y259F,-8.0262451171875
T281Q:Y259G,-14.925008773803711
T281Q:Y259V,-15.027191162109375
T281Q:Y259T,-15.564090728759766
T281Q:Y259S,-15.862421035766602
T281Q:Y259R,-15.982105255126953
T281Q:Y259Q,-15.447938919067383
T281Q:Y259P,-18.811580657958984
T281Q:Y259N,-14.928110122680664
T281Q:Y259M,-13.755182266235352
T281P:V247Y,-15.093626976013184
T281P:V247W,-14.576253890991211
T281P:V247T,-16.209884643554688
T281P:V247S,-16.768301010131836
T281P:V247P,-16.548065185546875
T281P:V247N,-16.3436336517334
T281P:V247M,-16.5418701171875
T281P:V247L,-16.36033058166504
T281P:V247K,-16.361846923828125
T281P:V247I,-16.434614181518555
T281P:V247H,-15.961166381835938
T281P:V247G,-16.31985855102539
T281P:V247F,-15.635090827941895
T281P:V247E,-17.277267456054688
T281P:V247D,-17.40776824951172
T281N:Y259V,-14.057861328125
T281N:Y259T,-14.594761848449707
T281N:Y259S,-14.893092155456543
T281N:Y259R,-15.012776374816895
T281N:Y259Q,-14.478609085083008
T281N:Y259P,-17.84225082397461
T281N:Y259N,-13.958781242370605
T281N:Y259M,-12.785853385925293
T281N:Y259G,-13.955678939819336
T281N:Y259F,-7.056915283203125
T281N:Y259E,-16.604215621948242
T281N:Y259D,-17.247892379760742
T281N:Y259C,-13.043503761291504
T281N:Y259A,-13.685579299926758
T281F:Y259T,-16.135181427001953
T281V:V247E,-9.930864334106445
T281V:V247D,-10.061363220214844
T281V:V247F,-8.288686752319336
T281V:V247G,-8.973455429077148
T281V:V247H,-8.614763259887695
T281V:V247I,-9.088210105895996
T281V:V247Y,-7.747222900390625
T281V:V247W,-7.229849815368652
T281V:V247T,-8.863479614257812
T281V:V247S,-9.421895980834961
T281V:V247P,-9.20166015625
T281V:V247N,-8.99722957611084
T281V:V247M,-9.195465087890625
T281V:V247L,-9.013927459716797
T281V:V247K,-9.015442848205566
T281K:Y259A,-13.813813209533691
T281K:Y259C,-13.171737670898438
T281K:Y259E,-16.73244857788086
T281L:V247Y,-9.25132942199707
T281L:V247W,-8.733957290649414
T281L:V247T,-10.367587089538574
T281L:V247S,-10.926003456115723
T281L:V247P,-10.705767631530762
T281L:V247N,-10.501337051391602
T281L:V247M,-10.69957160949707
T281L:V247L,-10.518033981323242
T281L:V247K,-10.519550323486328
T281L:V247I,-10.592317581176758
T281K:Y259V,-14.186095237731934
T281K:Y259T,-14.72299575805664
T281K:Y259S,-15.021326065063477
T281K:Y259R,-15.141010284423828
T281K:Y259Q,-14.606842994689941
T281K:Y259P,-17.97048568725586
T281K:Y259N,-14.087015151977539
T281K:Y259M,-12.914087295532227
T281K:Y259G,-14.08391284942627
T281K:Y259F,-7.185149192810059
T281K:Y259D,-17.37612533569336
T281L:V247H,-10.11886978149414
T281L:V247G,-10.477561950683594
T281L:V247F,-9.792793273925781
T281L:V247E,-11.43497085571289
T281L:V247D,-11.565469741821289
T281Y:V247Y,-8.476263046264648
T281Y:V247W,-7.958889484405518
T281Y:V247T,-9.592519760131836
T281W:Y259V,-14.720970153808594
T281W:Y259T,-15.257869720458984
T281W:Y259S,-15.55620002746582
T281W:Y259R,-15.675884246826172
T281W:Y259Q,-15.141717910766602
T281Y:V247S,-10.150936126708984
T281Y:V247P,-9.930700302124023
T281Y:V247N,-9.726268768310547
T281Y:V247M,-9.924505233764648
T281Y:V247L,-9.742966651916504
T281Y:V247K,-9.744482040405273
T281Y:V247I,-9.817249298095703
T281Y:V247H,-9.343802452087402
T281Y:V247G,-9.702495574951172
T281Y:V247F,-9.017725944519043
T281Y:V247E,-10.659903526306152
T281Y:V247D,-10.790403366088867
T281W:Y259P,-18.505359649658203
T281Y:Y259R,-16.02663803100586
T281Y:Y259Q,-15.492471694946289
T281Y:Y259P,-18.85611343383789
T281Y:Y259N,-14.97264289855957
T281Y:Y259M,-13.799715042114258
T281Y:Y259S,-15.906953811645508
T281Y:Y259F,-8.070777893066406
T281Y:Y259E,-17.618078231811523
T281Y:Y259D,-18.261754989624023
T281Y:Y259C,-14.057365417480469
T281Y:Y259A,-14.699441909790039
T281Y:Y259G,-14.969541549682617
T281Y:Y259T,-15.608623504638672
T281Y:Y259V,-15.071723937988281
T281W:Y259N,-14.621889114379883
T281W:V247L,-9.392212867736816
T281W:V247K,-9.393728256225586
T281W:V247I,-9.466495513916016
T281W:V247H,-8.993048667907715
T281W:V247G,-9.351741790771484
T281W:V247F,-8.666972160339355
T281W:V247E,-10.309149742126465
T281W:V247D,-10.43964958190918
T281W:V247M,-9.573751449584961
T281W:V247N,-9.37551498413086
T281W:V247P,-9.579946517944336
T281W:V247Y,-8.125509262084961
T281W:V247W,-7.60813570022583
T281W:V247T,-9.241765975952148
T281W:V247S,-9.800182342529297
T281V:Y259E,-16.8890380859375
T281V:Y259D,-17.53271484375
T281V:Y259C,-13.328326225280762
T281V:Y259A,-13.970401763916016
T281V:Y259F,-7.341737747192383
T281V:Y259G,-14.240501403808594
T281V:Y259V,-14.342683792114258
T281V:Y259T,-14.879584312438965
T281V:Y259S,-15.1779146194458
T281V:Y259R,-15.297598838806152
T281V:Y259Q,-14.763431549072266
T281V:Y259P,-18.127073287963867
T281V:Y259N,-14.243603706359863
T281V:Y259M,-13.07067584991455
T281W:Y259M,-13.44896125793457
T281W:Y259G,-14.61878776550293
T281W:Y259F,-7.7200236320495605
T281W:Y259E,-17.267324447631836
T281W:Y259D,-17.911001205444336
T281W:Y259C,-13.706611633300781
T281W:Y259A,-14.348688125610352
T281G:V247E,-11.849435806274414
T281G:V247D,-11.979934692382812
T281G:V247F,-10.207258224487305
T281G:V247G,-10.892026901245117
T281G:V247H,-10.533334732055664
T281G:V247I,-11.006781578063965
T281G:V247Y,-9.665794372558594
T281G:V247W,-9.148421287536621
T281G:V247T,-10.782051086425781
T281G:V247S,-11.34046745300293
T281G:V247P,-11.120231628417969
T281G:V247N,-10.915801048278809
T281G:V247M,-11.114036560058594
T281G:V247L,-10.932498931884766
T281G:V247K,-10.934014320373535
T281F:Y259A,-15.22599983215332
T281F:Y259V,-15.598281860351562
T281F:Y259S,-16.433513641357422
T281F:Y259R,-16.55319595336914
T281F:Y259Q,-16.01902961730957
T281F:Y259P,-19.382671356201172
T281F:Y259N,-15.499201774597168
T281F:Y259M,-14.326273918151855
T281F:Y259G,-15.496099472045898
T281F:Y259F,-8.597335815429688
T281F:Y259E,-18.144636154174805
T281F:Y259D,-18.788312911987305
T281F:Y259C,-14.583924293518066
T281G:Y259E,-18.80760955810547
T281G:Y259D,-19.45128631591797
T281G:Y259C,-15.24689769744873
T281G:Y259A,-15.888973236083984
T281G:Y259F,-9.260309219360352
T281F:V247Y,-9.00282096862793
T281F:V247W,-8.485447883605957
T281F:V247T,-10.119077682495117
T281F:V247S,-10.677494049072266
T281F:V247P,-10.457258224487305
T281F:V247N,-10.252827644348145
T281F:V247M,-10.45106315612793
T281F:V247L,-10.269525527954102
T281F:V247K,-10.271040916442871
T281F:V247I,-10.3438081741333
T281F:V247H,-9.870361328125
T281F:V247G,-10.229053497314453
T281F:V247F,-9.54428482055664
T281F:V247E,-11.18646240234375
T281F:V247D,-11.316961288452148
T281G:Y259G,-16.159072875976562
T281I:V247T,-9.74234390258789
T281I:V247S,-10.300760269165039
T281I:V247P,-10.080524444580078
T281I:V247N,-9.876092910766602
T281I:V247M,-10.074328422546387
T281I:V247L,-9.892789840698242
T281I:V247K,-9.894306182861328
T281I:V247I,-9.967073440551758
T281I:V247H,-9.49362564086914
T281I:V247G,-9.85231876373291
T281I:V247F,-9.167550086975098
T281I:V247E,-10.80972671508789
T281I:V247D,-10.940226554870605
T281I:V247W,-8.108713150024414
T281I:V247Y,-8.626086235046387
T281K:V247D,-9.90477466583252
T281K:V247E,-9.774274826049805
T281K:V247Y,-7.590634346008301
T281K:V247W,-7.073261260986328
T281K:V247T,-8.706892013549805
T281K:V247S,-9.265308380126953
T281K:V247P,-9.045072555541992
T281K:V247N,-8.840641021728516
T281K:V247M,-9.0388765335083
T281K:V247L,-8.857337951660156
T281K:V247K,-8.858854293823242
T281K:V247I,-8.931621551513672
T281K:V247H,-8.458173751831055
T281K:V247G,-8.816866874694824
T281K:V247F,-8.132098197937012
T281I:Y259V,-15.22154712677002
T281I:Y259T,-15.758447647094727
T281I:Y259S,-16.056777954101562
T281I:Y259R,-16.176462173461914
T281I:Y259Q,-15.642294883728027
T281I:Y259P,-19.005935668945312
T281I:Y259N,-15.122467041015625
T281I:Y259M,-13.949539184570312
T281I:Y259G,-15.119364738464355
T281I:Y259F,-8.220601081848145
T281I:Y259E,-17.767902374267578
T281I:Y259D,-18.411579132080078
T281I:Y259C,-14.207189559936523
T281I:Y259A,-14.849265098571777
T281H:V247Y,-8.337717056274414
T281H:V247W,-7.820343494415283
T281H:V247T,-9.453973770141602
T281H:V247S,-10.01239013671875
T281H:V247P,-9.792154312133789
T281H:V247N,-9.587722778320312
T281G:Y259V,-16.261255264282227
T281G:Y259T,-16.79815673828125
T281G:Y259S,-17.096485137939453
T281G:Y259R,-17.216171264648438
T281G:Y259Q,-16.682003021240234
T281G:Y259P,-20.045644760131836
T281G:Y259N,-16.162174224853516
T281G:Y259M,-14.98924732208252
T281H:V247M,-9.785959243774414
T281H:V247L,-9.60442066192627
T281H:V247K,-9.605936050415039
T281H:V247I,-9.678703308105469
T281H:V247H,-9.205256462097168
T281H:V247G,-9.563949584960938
T281H:V247F,-8.879179954528809
T281H:V247E,-10.521357536315918
T281H:V247D,-10.651857376098633
T281H:Y259G,-14.830995559692383
T281H:Y259F,-7.932231426239014
T281H:Y259E,-17.47953224182129
T281H:Y259D,-18.12320899963379
T281H:Y259M,-13.661169052124023
T281H:Y259C,-13.918819427490234
T281H:Y259A,-14.560895919799805
T281H:Y259N,-14.834096908569336
T281H:Y259P,-18.717567443847656
T281H:Y259Q,-15.353925704956055
T281H:Y259V,-14.933177947998047
T281H:Y259T,-15.470077514648438
T281H:Y259S,-15.768407821655273
T281H:Y259R,-15.888092041015625
