mutant,prediction
K9N:S22C,-5.877903461456299
K9N:S22A,-9.39608097076416
K9R:I11V:S22A,-12.928266525268555
K9R:I11N:S22C,-20.046852111816406
K9R:I11N:S22A,-23.56502914428711
K9N:I11N,-10.769264221191406
K9N:I11V:S22A,-8.071250915527344
K9N:I11V:S22C,-4.553072929382324
K9N:I11N:S22A,-18.7080135345459
K9N:I11N:S22C,-15.189836502075195
I11N:S22C,-13.732503890991211
I11N:S22A,-17.250682830810547
N13H:K16Q:Q18F:G25K,-8.668577194213867
N13H:K16Q:Q18F:G25R,-10.520846366882324
N13H:Q18C,-5.605194091796875
N13H:Q18C:G25K,-8.687904357910156
N13H:Q18C:G25R,-10.540173530578613
N13H:Q18F:G25K,-8.73611068725586
N13H:Q18F:G25R,-10.588379859924316
N13H:Q18F,-5.653400421142578
N13Q:G25K,-2.9717235565185547
N13Q:G25R,-4.823992729187012
N13H:K16N:Q18C,-8.896976470947266
N13H:K16N:Q18C:G25K,-11.979686737060547
N13H:K16N:Q18C:G25R,-13.831955909729004
N13H:K16N:Q18F,-8.945182800292969
N13H:K16N:Q18F:G25K,-12.02789306640625
N13H:K16N:Q18F:G25R,-13.880162239074707
N13H:K16Q,-1.4401113986968994
N13H:K16Q:G25K,-4.52282190322876
N13H:K16Q:G25R,-6.375091075897217
N13H:K16Q:Q18C,-5.537661075592041
N13H:K16Q:Q18C:G25K,-8.620370864868164
N13H:K16Q:Q18C:G25R,-10.472640037536621
N13H:K16N:G25R,-9.734407424926758
N13H:K16N:G25K,-7.882137775421143
N13H:K16N,-4.799427032470703
N13H:G25K,-4.590354919433594
N13H:G25R,-6.442624092102051
N13H:K16Q:Q18F,-5.585867404937744
N13Q:K16N:Q18F:G25R,-12.261530876159668
N13Q:K16N:Q18F:G25K,-10.409261703491211
N13Q:K16N:Q18F,-7.326551914215088
N13Q:K16N:Q18C:G25K,-10.361055374145508
N13Q:K16N:Q18C,-7.278345108032227
N13Q:K16N:G25K,-6.2635064125061035
N13Q:K16N,-3.180795907974243
N13Q:K16N:G25R,-8.115776062011719
N13Q:K16Q,0.17851996421813965
N13Q:K16Q:G25K,-2.9041905403137207
N13Q:Q18F:G25R,-8.969748497009277
N13Q:Q18F:G25K,-7.11747932434082
N13Q:Q18F,-4.034769058227539
N13Q:Q18C:G25R,-8.921542167663574
N13Q:Q18C,-3.986562490463257
N13Q:K16Q:Q18F:G25R,-8.902215003967285
N13Q:K16Q:Q18F:G25K,-7.049945831298828
N13Q:K16Q:Q18F,-3.967236042022705
N13Q:K16Q:Q18C:G25R,-8.854008674621582
N13Q:K16Q:Q18C:G25K,-7.001739501953125
N13Q:K16Q:Q18C,-3.919029474258423
N13Q:K16Q:G25R,-4.756459712982178
K16N:Q18F:G25R,-12.372518539428711
K16Q:G25K,-3.0151774883270264
K16Q:G25R,-4.867446422576904
K16N:Q18F:G25K,-10.520249366760254
K16Q:Q18C,-4.0300164222717285
K16Q:Q18C:G25K,-7.112727165222168
K16Q:Q18C:G25R,-8.964996337890625
K16Q:Q18F,-4.078222751617432
K16Q:Q18F:G25R,-9.013202667236328
K16N:Q18C:G25R,-12.324312210083008
K16N:Q18F,-7.4375386238098145
K16Q:Q18F:G25K,-7.160933494567871
K16N:G25K,-6.374493598937988
K16N:G25R,-8.226762771606445
K16N:Q18C,-7.389332294464111
K16N:Q18C:G25K,-10.47204303741455
Q18C:G25K,-7.180259704589844
Q18F:G25K,-7.228466033935547
Q18F:G25R,-9.080735206604004
Q18C:G25R,-9.0325288772583
I66H:H67T:S73C:H86Y:T93V,-30.646377563476562
I66F:H67N:H86L:T93S,-17.985889434814453
I66H:H67T:S73C:H86Y:T93L,-29.940582275390625
I66H:H67T:S73C:H86Y:T93I,-29.04258155822754
I66H:H67T:S73C:H86Y:T93A,-31.351375579833984
I66H:H67T:S73C:H86Y:T93S,-28.453176498413086
I66H:H67T:S73G,-23.473392486572266
I66H:H67T:S73C:T93V,-24.39710807800293
I66H:H67T:S73C:T93S,-22.20390510559082
I66H:H67T:S73C:T93I,-22.793310165405273
I66H:H67T:S73C:T93A,-25.10210418701172
I66H:H67T:S73C:T93L,-23.69131088256836
I66H:H67T:S73C:H86V,-24.85155487060547
I66H:H67T:S73C:H86L:T93V,-29.370054244995117
I66H:H67T:S73C:H86L:T93S,-27.17685317993164
I66H:H67T:S73C:H86L:T93L,-28.66425895690918
I66H:H67T:S73C:H86L:T93I,-27.766258239746094
I66H:H67T:S73C:H86L:T93A,-30.07505226135254
I66H:H67T:S73C:H86Y,-25.800708770751953
I66H:H67T:S73C:H86V:T93V,-29.697223663330078
I66H:H67T:S73C:H86V:T93S,-27.5040225982666
I66H:H67T:S73C:H86V:T93I,-28.093427658081055
I66H:H67T:S73C:H86V:T93A,-30.4022216796875
I66H:H67T:S73C:H86V:T93L,-28.99142837524414
I66H:H67T:S73G:H86L:T93S,-31.09880828857422
I66H:H67T:S73G:H86L:T93L,-32.586212158203125
I66H:H67T:S73G:H86L:T93I,-31.688213348388672
I66H:H67T:S73G:H86L:T93A,-33.99700927734375
I66H:H67T:S73G:H86L:T93V,-33.29200744628906
I66H:H67T:S73G:H86V,-28.773509979248047
I66H:H67T:S73G:H86V:T93S,-31.425979614257812
I66H:H67T:S73G:H86V:T93L,-32.91338348388672
I66H:H67T:S73G:H86V:T93I,-32.015384674072266
I66H:H67T:S73G:H86V:T93A,-34.32417678833008
I66H:H67T:S73G:H86L,-28.446340560913086
I66H:H67T:S73G:H86F:T93S,-30.3903865814209
I66H:H67T:S73G:H86D:T93I,-30.09440803527832
I66H:H67T:S73G:H86D:T93A,-32.403202056884766
I66H:H67T:S73G:H86D,-26.852535247802734
I66H:H67T:S73G:H86D:T93L,-30.992408752441406
I66H:H67T:S73G:H86D:T93S,-29.505002975463867
I66H:H67T:S73G:H86D:T93V,-31.698204040527344
I66H:H67T:S73G:H86F:T93L,-31.877792358398438
I66H:H67T:S73G:H86F:T93I,-30.97979164123535
I66H:H67T:S73G:H86F:T93A,-33.2885856628418
I66H:H67T:S73G:H86F:T93V,-32.583587646484375
I66H:H67T:S73G:H86F,-27.737918853759766
I66H:H67T:S73A:H86V,-22.879138946533203
I66H:H67T:S73A:H86L:T93V,-27.39763832092285
I66H:H67T:S73A:H86L:T93S,-25.204437255859375
I66H:H67T:S73A:H86L:T93L,-26.691843032836914
I66H:H67T:S73A:H86L:T93I,-25.793842315673828
I66H:H67T:S73A:H86L:T93A,-28.102636337280273
I66H:H67T:S73A:H86Y,-23.828292846679688
I66H:H67T:S73A:H86V:T93V,-27.724807739257812
I66H:H67T:S73A:H86V:T93S,-25.531606674194336
I66H:H67T:S73A:H86V:T93L,-27.019012451171875
I66H:H67T:S73A:H86V:T93I,-26.12101173400879
I66H:H67T:S73A:H86V:T93A,-28.429805755615234
I66H:H67T:S73A:H86F,-21.843547821044922
I66H:H67T:S73A:H86D:T93V,-25.8038330078125
I66H:H67T:S73A:H86D:T93S,-23.61063003540039
I66H:H67T:S73A:H86D:T93L,-25.098037719726562
I66H:H67T:S73A:H86D:T93I,-24.200035095214844
I66H:H67T:S73A:H86D:T93A,-26.508831024169922
I66H:H67T:S73A:H86L,-22.551969528198242
I66H:H67T:S73A:H86F:T93V,-26.68921661376953
I66H:H67T:S73A:H86F:T93S,-24.496013641357422
I66H:H67T:S73A:H86F:T93L,-25.983421325683594
I66H:H67T:S73A:H86F:T93I,-25.085418701171875
I66H:H67T:S73A:H86F:T93A,-27.394214630126953
I66H:H67T:S73C:H86F,-23.815963745117188
I66H:H67T:S73C:H86D:T93V,-27.776248931884766
I66H:H67T:S73C:H86D:T93S,-25.583045959472656
I66H:H67T:S73C:H86D:T93L,-27.070453643798828
I66H:H67T:S73C:H86D:T93I,-26.17245101928711
I66H:H67T:S73C:H86D:T93A,-28.481246948242188
I66H:H67T:S73G:H86V:T93V,-33.619178771972656
I66H:H67T:S73C:H86L,-24.524385452270508
I66H:H67T:S73C:H86F:T93V,-28.661632537841797
I66H:H67T:S73C:H86F:T93S,-26.468429565429688
I66H:H67T:S73C:H86F:T93L,-27.95583724975586
I66H:H67T:S73C:H86F:T93I,-27.05783462524414
I66H:H67T:S73C:H86F:T93A,-29.36663055419922
I66H:H67T:S73A:H86Y:T93V,-28.673961639404297
I66H:H67T:S73A:H86Y:T93S,-26.48076057434082
I66H:H67T:S73A:H86Y:T93L,-27.96816635131836
I66H:H67T:S73A:H86Y:T93I,-27.070165634155273
I66H:H67T:S73A:H86Y:T93A,-29.37895965576172
I66H:H67T:S73C:H86D,-22.930580139160156
I66H:H67T:S73C,-19.551435470581055
I66H:H67T:S73A:T93V,-22.424692153930664
I66H:H67T:S73A:T93S,-20.231489181518555
I66H:H67T:S73A:T93L,-21.718894958496094
I66H:H67T:S73A:T93I,-20.820894241333008
I66H:H67T:S73A:T93A,-23.129688262939453
I66H:H67T:S73G:H86Y,-29.72266387939453
I66H:S73A:H86L,-18.916736602783203
I66H:S73A:H86F:T93V,-23.053985595703125
I66H:S73A:H86F:T93S,-20.860782623291016
I66H:S73A:H86F:T93L,-22.348188400268555
I66H:S73A:H86F:T93I,-21.45018768310547
I66H:S73A:H86F:T93A,-23.758981704711914
I66H:S73A:H86V,-19.243907928466797
I66H:S73A:H86L:T93V,-23.762407302856445
I66H:S73A:H86L:T93S,-21.56920623779297
I66H:S73A:H86L:T93L,-23.056610107421875
I66H:S73A:H86L:T93I,-22.15860939025879
I66H:S73A:H86L:T93A,-24.467403411865234
I66H:S73A:H86D,-17.32293128967285
I66H:S73A,-13.943788528442383
I66H:S73A:H86F,-18.208314895629883
I66H:S73A:H86D:T93V,-22.168601989746094
I66H:S73A:H86D:T93S,-19.975399017333984
I66H:S73A:H86D:T93L,-21.462804794311523
I66H:S73A:H86D:T93I,-20.564804077148438
I66H:S73A:H86D:T93A,-22.873598098754883
I66H:S73A:H86V:T93A,-24.794574737548828
I66H:S73C:H86D,-19.295347213745117
I66H:S73C,-15.916204452514648
I66H:S73A:T93V,-18.789459228515625
I66H:S73A:T93S,-16.59625816345215
I66H:S73A:T93L,-18.083663940429688
I66H:S73C:H86F,-20.18073081970215
I66H:S73C:H86D:T93V,-24.14101791381836
I66H:S73C:H86D:T93S,-21.94781494140625
I66H:S73C:H86D:T93L,-23.43522071838379
I66H:S73C:H86D:T93I,-22.537220001220703
I66H:S73C:H86D:T93A,-24.84601402282715
I66H:S73A:T93I,-17.1856632232666
I66H:S73A:T93A,-19.494457244873047
I66H:S73A:H86Y,-20.19306182861328
I66H:S73A:H86V:T93V,-24.089576721191406
I66H:S73A:H86V:T93S,-21.89637565612793
I66H:S73A:H86V:T93L,-23.38378143310547
I66H:S73A:H86V:T93I,-22.485780715942383
I66H:S73A:H86Y:T93A,-25.743728637695312
I66H:S73A:H86Y:T93V,-25.03873062133789
I66H:S73A:H86Y:T93S,-22.845529556274414
I66H:S73A:H86Y:T93L,-24.332935333251953
I66H:S73A:H86Y:T93I,-23.434934616088867
I66H:H86D,-15.411417961120605
I66H:H67T:T93V,-20.51317596435547
I66H:H67T:T93S,-18.319974899291992
I66H:H67T:T93L,-19.80738067626953
I66H:H67T:T93I,-18.909379959106445
I66H:H67T:T93A,-21.21817398071289
I66H:H86F,-16.29680061340332
I66H:H86D:T93V,-20.25708770751953
I66H:H86D:T93S,-18.063886642456055
I66H:H86D:T93L,-19.551292419433594
I66H:H86D:T93I,-18.653291702270508
I66H:H86D:T93A,-20.962085723876953
I66H:H67T:S73G:H86Y:T93V,-34.56833267211914
I66H:H67T:S73G:H86Y:T93S,-32.3751335144043
I66H:H67T:S73G:H86Y:T93L,-33.8625373840332
I66H:H67T:S73G:H86Y:T93I,-32.96453857421875
I66H:H67T:S73G:H86Y:T93A,-35.27333068847656
I66H:H67T:S73G:T93V,-28.319063186645508
I66H:H67T:S73G:T93S,-26.12586212158203
I66H:H67T:S73G:T93L,-27.613265991210938
I66H:H67T:S73G:T93I,-26.71526527404785
I66H:H67T:S73G:T93A,-29.024059295654297
I66H:H86Y,-18.28154754638672
I66H:H86V:T93V,-22.178062438964844
I66H:H86V:T93S,-19.98486328125
I66H:H86V:T93L,-21.472267150878906
I66H:H86V:T93A,-22.883060455322266
I66H:H86V:T93I,-20.574268341064453
I66H:H86Y:T93V,-23.127216339111328
I66H:H86Y:T93S,-20.934017181396484
I66H:H86Y:T93L,-22.42142105102539
I66H:H86Y:T93I,-21.523422241210938
I66H:H86Y:T93A,-23.83221435546875
I66H:H86L,-17.00522232055664
I66H:H86F:T93V,-21.142471313476562
I66H:H86F:T93S,-18.949270248413086
I66H:H86F:T93L,-20.436676025390625
I66H:H86F:T93I,-19.53867530822754
I66H:H86F:T93A,-21.847469329833984
I66H:H86V,-17.332393646240234
I66H:H86L:T93V,-21.850893020629883
I66H:H86L:T93S,-19.657691955566406
I66H:H86L:T93L,-21.145097732543945
I66H:H86L:T93I,-20.24709701538086
I66H:H86L:T93A,-22.555891036987305
I66H:H67P:S73A:T93I,-26.902984619140625
I66H:H67P:S73A:T93A,-29.21177864074707
I66H:H67P:S73A:T93L,-27.80098533630371
I66H:H67P:S73A:T93S,-26.313579559326172
I66H:H67P:S73A:T93V,-28.50678253173828
I66H:H67P:S73C,-25.633525848388672
I66H:H67P:S73C:H86D:T93A,-34.56333923339844
I66H:H67P:S73C:H86D,-29.01266860961914
I66H:H67P:S73A:H86Y:T93V,-34.75605392456055
I66H:H67P:S73A:H86Y:T93S,-32.56285095214844
I66H:H67P:S73A:H86Y:T93L,-34.05025863647461
I66H:H67P:S73A:H86V:T93A,-34.511898040771484
I66H:H67P:S73A:H86V:T93I,-32.203102111816406
I66H:H67P:S73A:H86V:T93L,-33.101104736328125
I66H:H67P:S73A:H86V:T93V,-33.80690002441406
I66H:H67P:S73A:H86Y:T93I,-33.15225601196289
I66H:H67P:S73A:H86Y:T93A,-35.46105194091797
I66H:H67P:S73A:H86Y,-29.910383224487305
I66H:H67P:S73A:H86V:T93S,-31.613697052001953
I66H:H67P:S73C:H86D:T93I,-32.25454330444336
I66H:H67P:S73C:H86D:T93L,-33.15254592895508
I66H:H67P:S73C:H86D:T93S,-31.665138244628906
I66H:H67P:S73C:H86V,-30.933645248413086
I66H:H67P:S73C:H86L:T93V,-35.4521484375
I66H:H67P:S73C:H86L:T93S,-33.258941650390625
I66H:H67P:S73C:H86L:T93L,-34.74635314941406
I66H:H67P:S73C:H86V:T93I,-34.17551803588867
I66H:H67P:S73C:H86Y:T93A,-37.433467864990234
I66H:H67P:S73C:H86Y,-31.88279914855957
I66H:H67P:S73C:H86V:T93V,-35.77931594848633
I66H:H67P:S73C:H86V:T93S,-33.58611297607422
I66H:H67P:S73C:H86V:T93L,-35.07352066040039
I66H:H67P:S73C:H86V:T93A,-36.48431396484375
I66H:H67P:S73C:H86L:T93I,-33.848350524902344
I66H:H67P:S73C:H86F,-29.898052215576172
I66H:H67P:S73C:H86D:T93V,-33.858341217041016
I66H:H67P:S73C:H86L:T93A,-36.157142639160156
I66H:H67P:S73C:H86F:T93A,-35.44872283935547
I66H:H67P:S73C:H86L,-30.606475830078125
I66H:H67P:S73C:H86F:T93V,-34.74372482299805
I66H:H67P:S73C:H86F:T93S,-32.55052185058594
I66H:H67P:S73C:H86F:T93L,-34.03792953491211
I66H:H67P:S73C:H86F:T93I,-33.13992691040039
I66H:H67P:S73A:H86V,-28.96122932434082
I66H:H67P:S73A:H86L:T93V,-33.47972869873047
I66H:H67P:H86V,-27.04971694946289
I66H:H67P:H86L:T93V,-31.56821632385254
I66H:H67P:H86L:T93S,-29.375015258789062
I66H:H67P:H86L:T93L,-30.86241912841797
I66H:H67P:H86L:T93I,-29.964418411254883
I66H:H67P:H86L:T93A,-32.27321243286133
I66H:H67P:H86V:T93I,-30.291589736938477
I66H:H67P:H86Y:T93A,-33.549537658691406
I66H:H67P:H86Y,-27.998870849609375
I66H:H67P:H86V:T93V,-31.8953857421875
I66H:H67P:H86V:T93S,-29.702184677124023
I66H:H67P:H86V:T93L,-31.189590454101562
I66H:H67P:H86V:T93A,-32.60038375854492
I66H:H67P:H86Y:T93I,-31.24074363708496
I66H:H67P:H86F,-26.014122009277344
I66H:H67P:H86D:T93V,-29.974411010742188
I66H:H67P:H86D:T93S,-27.781208038330078
I66H:H67P:H86D:T93L,-29.268613815307617
I66H:H67P:H86D:T93I,-28.37061309814453
I66H:H67P:H86F:T93A,-31.564790725708008
I66H:H67P:H86L,-26.722545623779297
I66H:H67P:H86F:T93V,-30.85979461669922
I66H:H67P:H86F:T93S,-28.66659164428711
I66H:H67P:H86F:T93L,-30.15399742126465
I66H:H67P:H86F:T93I,-29.255996704101562
I66H:H67P:S73C:H86Y:T93I,-35.124671936035156
I66H:H67P:H86Y:T93L,-32.13874435424805
I66H:H67P:H86Y:T93V,-32.844539642333984
I66H:H67P:S73A:H86F:T93I,-31.167510986328125
I66H:H67P:S73A:H86F:T93A,-33.4763069152832
I66H:H67P:S73A:H86F,-27.925636291503906
I66H:H67P:S73A:H86F:T93L,-32.065513610839844
I66H:H67P:S73A:H86D:T93V,-31.88592529296875
I66H:H67P:S73A:H86F:T93S,-30.578105926513672
I66H:H67P:S73A:H86L,-28.63405990600586
I66H:H67P:S73A:H86L:T93S,-31.286527633666992
I66H:H67P:S73A:H86L:T93L,-32.77393341064453
I66H:H67P:S73A:H86L:T93I,-31.875932693481445
I66H:H67P:S73A:H86L:T93A,-34.18472671508789
I66H:H67P:S73A:H86F:T93V,-32.77130889892578
I66H:H67P:H86Y:T93S,-30.651338577270508
I66H:H67P:S73A:H86D:T93S,-29.69272232055664
I66H:H67P:S73A:H86D:T93I,-30.282127380371094
I66H:H67P:S73A,-23.661109924316406
I66H:H67P:S73A:H86D:T93L,-31.180130004882812
I66H:H67P:S73A:H86D,-27.040252685546875
I66H:H67P:S73A:H86D:T93A,-32.59092330932617
I66H:H67P:S73C:H86Y:T93L,-36.022674560546875
I66H:H67P:S73C:H86Y:T93V,-36.72846984863281
I66H:H67T:H86F,-19.932031631469727
I66H:H67T:H86D:T93V,-23.89232063293457
I66H:H67T:H86D:T93S,-21.699119567871094
I66H:H67T:H86D:T93L,-23.1865234375
I66H:H67T:H86D:T93I,-22.288522720336914
I66H:H67T:H86D:T93A,-24.59731674194336
I66H:H67T:H86L,-20.640453338623047
I66H:H67T:H86F:T93V,-24.7777042388916
I66H:H67T:H86F:T93S,-22.584501266479492
I66H:H67T:H86F:T93L,-24.07190704345703
I66H:H67T:H86F:T93I,-23.173906326293945
I66H:H67T:H86F:T93A,-25.48270034790039
I66H:H67T,-15.66750717163086
I66H:H67T:H86D,-19.046649932861328
I66H:H67T:H86Y:T93V,-26.762451171875
I66H:H67T:H86Y:T93S,-24.56924819946289
I66H:H67T:H86Y:T93L,-26.056652069091797
I66H:H67T:H86Y:T93I,-25.158653259277344
I66H:H67T:H86Y:T93A,-27.46744728088379
I66H:H67T:S73A:H86D,-20.95816421508789
I66H:H67T:S73A,-17.57901954650879
I66H:H67T:H86V,-20.96762466430664
I66H:H67T:H86L:T93V,-25.486125946044922
I66H:H67T:H86L:T93S,-23.292922973632812
I66H:H67T:H86L:T93L,-24.78032875061035
I66H:H67T:H86L:T93I,-23.882328033447266
I66H:H67T:H86L:T93A,-26.19112205505371
I66H:H67T:H86Y,-21.916778564453125
I66H:H67T:H86V:T93V,-25.813297271728516
I66H:H67T:H86V:T93S,-23.620094299316406
I66H:H67T:H86V:T93L,-25.107498168945312
I66H:H67T:H86V:T93I,-24.20949935913086
I66H:H67T:H86V:T93A,-26.518293380737305
I66H:H67P:S73G:H86F,-33.82000732421875
I66H:H67P:S73G:H86D:T93V,-37.780296325683594
I66H:H67P:S73G:H86D:T93S,-35.587093353271484
I66H:H67P:S73G:H86D:T93L,-37.074501037597656
I66H:H67P:S73G:H86D:T93I,-36.17649841308594
I66H:H67P:S73G:H86D:T93A,-38.485294342041016
I66H:H67P:S73G:H86F:T93I,-37.06188201904297
I66H:H67P:S73G:H86L,-34.5284309387207
I66H:H67P:S73G:H86F:T93V,-38.665679931640625
I66H:H67P:S73G:H86F:T93S,-36.472476959228516
I66H:H67P:S73G:H86F:T93L,-37.95988464355469
I66H:H67P:S73G:H86F:T93A,-39.37067794799805
I66H:H67P:S73C:T93L,-29.773401260375977
I66H:H67P:S73C:T93I,-28.87540054321289
I66H:H67P:S73C:T93A,-31.184194564819336
I66H:H67P:S73C:T93S,-28.285995483398438
I66H:H67P:S73C:T93V,-30.479198455810547
I66H:H67P:S73G:H86D,-32.93462371826172
I66H:H67P:S73G,-29.555484771728516
I66H:H67P:S73C:H86Y:T93S,-34.5352668762207
I66H:H67P:S73G:H86L:T93A,-40.0791015625
I66H:H67P:S73G:H86L:T93L,-38.668304443359375
I66H:H67P:S73G:T93S,-32.207950592041016
I66H:H67P:S73G:T93L,-33.69535827636719
I66H:H67P:S73G:T93I,-32.79735565185547
I66H:H67P:S73G:T93A,-35.10614776611328
I66H:H67P:S73G:T93V,-34.401153564453125
I66H:H67P:S73G:H86Y:T93V,-40.65042495727539
I66H:H67P:T93V,-26.59526824951172
I66H:H67P:T93S,-24.40206527709961
I66H:H67P:T93L,-25.88947296142578
I66H:H67P:T93I,-24.991470336914062
I66H:H67P:T93A,-27.30026626586914
I66H:H67P:S73G:H86L:T93I,-37.770301818847656
I66H:H67P:S73G:H86Y:T93S,-38.45722198486328
I66H:H67P:S73G:H86Y:T93I,-39.046627044677734
I66H:H67P:S73G:H86V,-34.8556022644043
I66H:H67P:S73G:H86L:T93V,-39.37409973144531
I66H:H67P:S73G:H86L:T93S,-37.18090057373047
I66H:H67P:S73G:H86Y:T93L,-39.94462966918945
I66H:H67P:S73G:H86V:T93A,-40.40626907348633
I66H:H67P:S73G:H86V:T93L,-38.99547576904297
I66H:H67P:S73G:H86Y:T93A,-41.35542297363281
I66H:H67P:S73G:H86Y,-35.80475616455078
I66H:H67P:S73G:H86V:T93V,-39.701271057128906
I66H:H67P:S73G:H86V:T93S,-37.5080680847168
I66H:H67P:S73G:H86V:T93I,-38.09747314453125
I66H:H67P:H86D:T93A,-30.679407119750977
I66L:H67P:H86L,-17.97317886352539
I66L:H67P:H86F:T93V,-22.110427856445312
I66L:H67P:H86F:T93S,-19.917224884033203
I66L:H67P:H86F:T93L,-21.404630661010742
I66L:H67P:H86F:T93I,-20.506629943847656
I66L:H67P:H86L:T93A,-23.523845672607422
I66L:H67P:H86V,-18.300350189208984
I66L:H67P:H86L:T93V,-22.818849563598633
I66L:H67P:H86L:T93S,-20.625648498535156
I66L:H67P:H86L:T93L,-22.113052368164062
I66L:H67P:H86L:T93I,-21.215051651000977
I66L:H67P:H86F:T93A,-22.8154239654541
I66L:H67P:H86D,-16.37937355041504
I66L:H67P:H86V:T93A,-23.851016998291016
I66L:H67P:H86D:T93A,-21.93004035949707
I66L:H67P:H86D:T93L,-20.51924705505371
I66L:H67P:H86F,-17.26475715637207
I66L:H67P:H86D:T93V,-21.22504425048828
I66L:H67P:H86D:T93S,-19.031841278076172
I66L:H67P:H86D:T93I,-19.621246337890625
I66L:H67P:H86V:T93I,-21.54222297668457
I66L:H67P:H86V:T93L,-22.440223693847656
I66L:H67P:H86V:T93S,-20.952817916870117
I66L:H67P:S73A:H86F,-19.17626953125
I66L:H67P:S73A:H86D:T93V,-23.136558532714844
I66L:H67P:S73A:H86D:T93S,-20.943355560302734
I66L:H67P:S73A:H86D:T93L,-22.43075942993164
I66L:H67P:S73A:H86D:T93I,-21.532760620117188
I66L:H67P:S73A:H86D:T93A,-23.841556549072266
I66L:H67P:S73A:H86F:T93V,-24.021942138671875
I66L:H67P:S73A:H86F:T93S,-21.828739166259766
I66L:H67P:S73A:H86F:T93L,-23.316143035888672
I66L:H67P:S73A:H86F:T93I,-22.41814422607422
I66L:H67P:S73A:H86F:T93A,-24.726940155029297
I66L:H67P:H86Y:T93I,-22.491376876831055
I66L:H67P:H86Y:T93A,-24.8001708984375
I66L:H67P:H86Y,-19.24950408935547
I66L:H67P:H86V:T93V,-23.146018981933594
I66L:H67P:H86Y:T93L,-23.38937759399414
I66L:H67P:S73A:H86D,-18.29088592529297
I66L:H67P:H86Y:T93S,-21.9019718170166
I66L:H67P:S73A,-14.911745071411133
I66L:H67P:H86Y:T93V,-24.095172882080078
I66L:H67N:S73G:H86L:T93I,-25.05772590637207
I66L:H67N:S73G:H86L:T93A,-27.366519927978516
I66L:H67N:S73G:H86L,-21.815853118896484
I66L:H67N:S73G:H86L:T93L,-25.955726623535156
I66L:H67N:S73G:H86F:T93V,-25.953102111816406
I66L:H67N:S73G:H86L:T93S,-24.468320846557617
I66L:H67N:S73G:H86V,-22.143024444580078
I66L:H67N:S73G:H86V:T93L,-26.28289794921875
I66L:H67N:S73G:H86V:T93I,-25.38489532470703
I66L:H67N:S73G:H86V:T93A,-27.69369125366211
I66L:H67N:S73G:H86L:T93V,-26.661523818969727
I66L:H67N:S73G:H86V:T93S,-24.795490264892578
I66L:H67N:S73G:H86F:T93S,-23.759899139404297
I66L:H67N:S73G:H86F:T93I,-24.34930419921875
I66L:H67N:S73G:H86D,-20.222047805786133
I66L:H67N:S73G,-16.842905044555664
I66L:H67N:S73G:H86D:T93A,-25.772714614868164
I66L:H67N:S73G:H86F:T93L,-25.247304916381836
I66L:H67N:S73G:H86D:T93I,-23.46392059326172
I66L:H67N:S73G:H86D:T93S,-22.874515533447266
I66L:H67N:S73G:H86F:T93A,-26.658098220825195
I66L:H67N:S73G:H86F,-21.107431411743164
I66L:H67N:S73G:H86D:T93V,-25.067718505859375
I66L:H67N:S73G:H86D:T93L,-24.361921310424805
I66L:H67P:S73A:H86L,-19.884693145751953
I66L:H67N:S73G:H86V:T93V,-26.988693237304688
I66L:H67P,-13.00023078918457
I66L:H67N:T93V,-13.8826904296875
I66L:H67N:T93S,-11.68948745727539
I66L:H67N:T93L,-13.17689323425293
I66L:H67N:T93I,-12.278892517089844
I66L:H67N:T93A,-14.587686538696289
I66L:H67N:S73G:H86Y,-23.092178344726562
I66L:H67N:S73G:H86Y:T93V,-27.937847137451172
I66L:H67N:S73G:H86Y:T93S,-25.744644165039062
I66L:H67N:S73G:H86Y:T93L,-27.232051849365234
I66L:H67N:S73G:H86Y:T93I,-26.334049224853516
I66L:H67N:S73G:H86Y:T93A,-28.642845153808594
I66L:H67N:S73G:T93V,-21.688575744628906
I66L:H67N:S73G:T93S,-19.495372772216797
I66L:H67N:S73G:T93L,-20.982778549194336
I66L:H67N:S73G:T93I,-20.08477783203125
I66L:H67N:S73G:T93A,-22.393571853637695
I66L:H67P:S73G:H86D:T93A,-29.73592758178711
I66L:H67P:S73G:H86D:T93I,-27.42713165283203
I66L:H67P:S73G:H86D,-24.185258865356445
I66L:H67P:S73G,-20.80611801147461
I66L:H67P:S73G:H86D:T93L,-28.325132369995117
I66L:H67P:S73G:H86D:T93S,-26.83772850036621
I66L:H67P:S73G:H86D:T93V,-29.030929565429688
I66L:H67P:S73G:H86F:T93L,-29.21051597595215
I66L:H67P:S73G:H86F:T93I,-28.312515258789062
I66L:H67P:S73G:H86F:T93A,-30.62131118774414
I66L:H67P:S73G:H86F,-25.070642471313477
I66L:H67P:S73C:T93V,-21.72983169555664
I66L:H67P:S73C:T93S,-19.53662872314453
I66L:H67P:S73C:H86Y:T93L,-27.273305892944336
I66L:H67P:S73C:H86Y:T93I,-26.37530517578125
I66L:H67P:S73C:H86Y:T93A,-28.684101104736328
I66L:H67P:S73C:H86Y,-23.133432388305664
I66L:H67P:S73C:H86Y:T93S,-25.78590202331543
I66L:H67P:S73G:H86F:T93S,-27.723112106323242
I66L:H67P:S73C:H86Y:T93V,-27.979103088378906
I66L:H67P:S73C:T93L,-21.02403450012207
I66L:H67P:S73C:T93I,-20.126033782958984
I66L:H67P:S73C:T93A,-22.43482780456543
I66L:H67P:S73G:H86F:T93V,-29.91631317138672
I66L:H67P:S73G:H86L,-25.779064178466797
I66L:H67P:S73G:H86Y:T93I,-30.297260284423828
I66L:H67P:S73G:H86Y:T93A,-32.606056213378906
I66L:H67P:S73G:H86Y,-27.055389404296875
I66L:H67P:S73G:H86Y:T93L,-31.195262908935547
I66L:H67P:S73G:H86V:T93V,-30.951904296875
I66L:H67P:S73G:H86Y:T93S,-29.70785903930664
I66L:H67P:S73G:T93V,-25.65178680419922
I66L:H67P:S73G:T93S,-23.45858383178711
I66L:H67P:S73G:T93L,-24.94598960876465
I66L:H67P:S73G:T93I,-24.047988891601562
I66L:H67P:S73G:T93A,-26.356782913208008
I66L:H67P:S73G:H86Y:T93V,-31.901058197021484
I66L:H67P:S73C:H86V:T93V,-27.029949188232422
I66L:H67P:S73G:H86V:T93S,-28.758705139160156
I66L:H67P:S73G:H86V:T93I,-29.348106384277344
I66L:H67P:S73G:H86L:T93L,-29.91893768310547
I66L:H67P:S73G:H86L:T93I,-29.020936965942383
I66L:H67P:S73G:H86L:T93A,-31.32973289489746
I66L:H67P:S73G:H86L:T93S,-28.431533813476562
I66L:H67P:S73G:H86V:T93L,-30.246109008789062
I66L:H67P:S73G:H86L:T93V,-30.62473487854004
I66L:H67P:S73G:H86V:T93A,-31.656902313232422
I66L:H67P:S73G:H86V,-26.10623550415039
I66L:H67P:S73C:H86V:T93S,-24.836748123168945
I66L:H67P:S73C:H86V:T93L,-26.32415199279785
I66L:H67P:S73C:H86V:T93I,-25.426151275634766
I66L:H67P:S73A:H86Y:T93V,-26.00668716430664
I66L:H67P:S73A:H86Y:T93S,-23.813486099243164
I66L:H67P:S73A:H86Y:T93L,-25.30088996887207
I66L:H67P:S73A:H86Y:T93I,-24.402889251708984
I66L:H67P:S73A:H86Y:T93A,-26.711685180664062
I66L:H67P:S73C,-16.8841609954834
I66L:H67P:S73A:T93V,-19.757415771484375
I66L:H67P:S73A:T93S,-17.564212799072266
I66L:H67P:S73A:T93L,-19.051618576049805
I66L:H67P:S73A:T93I,-18.15361785888672
I66L:H67P:S73A:T93A,-20.462411880493164
I66L:H67P:S73A:H86L:T93V,-24.730363845825195
I66L:H67P:S73A:H86L:T93S,-22.53716278076172
I66L:H67P:S73A:H86L:T93L,-24.024566650390625
I66L:H67P:S73A:H86L:T93I,-23.12656593322754
I66L:H67P:S73A:H86L:T93A,-25.435361862182617
I66L:H67P:S73A:H86V,-20.211862564086914
I66L:H67P:S73A:H86Y,-21.1610164642334
I66L:H67P:S73A:H86V:T93V,-25.057533264160156
I66L:H67P:S73A:H86V:T93S,-22.86433219909668
I66L:H67P:S73A:H86V:T93L,-24.351736068725586
I66L:H67P:S73A:H86V:T93I,-23.4537353515625
I66L:H67P:S73A:H86V:T93A,-25.762531280517578
I66L:H67P:S73C:H86D,-20.263301849365234
I66L:H67P:S73C:H86L:T93I,-25.098981857299805
I66L:H67P:S73C:H86L:T93A,-27.407777786254883
I66L:H67P:S73C:H86L,-21.85710906982422
I66L:H67P:S73C:H86F:T93V,-25.99435806274414
I66L:H67P:S73C:H86F:T93S,-23.80115509033203
I66L:H67P:S73C:H86L:T93L,-25.99698257446289
I66L:H67P:S73C:H86F:T93L,-25.288558959960938
I66L:H67P:S73C:H86L:T93S,-24.509578704833984
I66L:H67P:S73C:H86V,-22.18427848815918
I66L:H67P:S73C:H86V:T93A,-27.734947204589844
I66L:H67P:S73C:H86L:T93V,-26.70277976989746
I66L:H67P:S73C:H86F:T93I,-24.390560150146484
I66L:H67P:S73C:H86D:T93L,-24.403175354003906
I66L:H67P:S73C:H86D:T93I,-23.505176544189453
I66L:H67P:S73C:H86D:T93A,-25.81397247314453
I66L:H67P:S73C:H86D:T93S,-22.915771484375
I66L:H67P:S73C:H86F:T93A,-26.699356079101562
I66L:H67P:S73C:H86D:T93V,-25.10897445678711
I66L:H67P:S73C:H86F,-21.148685455322266
I66L:H67N:S73C:T93V,-17.766620635986328
I66L:H67N:S73C:T93L,-17.060823440551758
I66H:T93V,-16.877944946289062
I66H:T93S,-14.684743881225586
I66H:T93I,-15.274148941040039
I66H:T93A,-17.582942962646484
I66H:T93L,-16.172149658203125
I66H:S73G:T93V,-24.68383026123047
I66H:S73G:T93S,-22.490629196166992
I66H:S73G:H86Y,-26.087432861328125
I66H:S73G:H86V:T93V,-29.983951568603516
I66H:S73G:H86V:T93S,-27.790748596191406
I66H:S73G:H86V:T93L,-29.278152465820312
I66H:S73G:H86Y:T93A,-31.63810157775879
I66H:S73G:H86Y:T93L,-30.227306365966797
I66H:S73G:T93L,-23.97803497314453
I66H:S73G:T93I,-23.080034255981445
I66H:S73G:T93A,-25.38882827758789
I66H:S73G:H86Y:T93V,-30.93310546875
I66H:S73G:H86Y:T93S,-28.73990249633789
I66H:S73G:H86Y:T93I,-29.329307556152344
I66L:H67N:H86D,-12.41616153717041
I66L:H67N:H86F,-13.301545143127441
I66L:H67N:H86D:T93V,-17.26183319091797
I66L:H67N:H86D:T93S,-15.068631172180176
I66L:H67N:H86D:T93L,-16.5560359954834
I66L:H67N:H86D:T93I,-15.658035278320312
I66L:H67N:H86D:T93A,-17.966829299926758
I66H:S73G:H86V:T93I,-28.38015365600586
I66L:H67N,-9.037019729614258
I66H:S73G:H86V:T93A,-30.688947677612305
I66H:S73C:H86Y,-22.165477752685547
I66H:S73C:H86V:T93V,-26.061992645263672
I66H:S73C:H86Y:T93A,-27.716144561767578
I66H:S73C:H86Y:T93I,-25.407350540161133
I66H:S73C:H86Y:T93S,-24.81794548034668
I66H:S73C:T93I,-19.158079147338867
I66H:S73C:T93A,-21.466873168945312
I66H:S73C:H86Y:T93V,-27.011146545410156
I66H:S73C:H86Y:T93L,-26.30535125732422
I66H:S73C:T93L,-20.056079864501953
I66H:S73C:H86V:T93S,-23.868791580200195
I66H:S73C:H86V:T93I,-24.45819664001465
I66H:S73C:H86L,-20.88915252685547
I66H:S73C:H86F:T93V,-25.02640151977539
I66H:S73C:H86F:T93S,-22.83319854736328
I66H:S73C:H86F:T93L,-24.32060432434082
I66H:S73C:H86F:T93I,-23.422603607177734
I66H:S73C:H86F:T93A,-25.73139762878418
I66H:S73C:H86V:T93L,-25.356197357177734
I66H:S73C:H86L:T93A,-26.4398193359375
I66H:S73C:H86L:T93L,-25.02902603149414
I66H:S73C:H86V:T93A,-26.766990661621094
I66H:S73C:H86V,-21.216323852539062
I66H:S73C:H86L:T93V,-25.73482322692871
I66H:S73C:H86L:T93S,-23.541622161865234
I66H:S73C:H86L:T93I,-24.131025314331055
I66H:S73C:T93S,-18.568674087524414
I66H:S73G:H86L,-24.811107635498047
I66H:S73G:H86F:T93V,-28.9483585357666
I66H:S73G:H86F:T93S,-26.755155563354492
I66H:S73G:H86F:T93L,-28.24256134033203
I66H:S73G:H86F:T93I,-27.344560623168945
I66H:S73G:H86L:T93I,-28.052982330322266
I66H:S73G:H86V,-25.13827896118164
I66H:S73G:H86L:T93V,-29.656780242919922
I66H:S73G:H86L:T93S,-27.463577270507812
I66H:S73G:H86L:T93L,-28.95098304748535
I66H:S73G:H86L:T93A,-30.36177635192871
I66H:S73C:T93V,-20.76187515258789
I66H:S73G:H86F:T93A,-29.65335464477539
I66H:S73G:H86D,-23.217304229736328
I66H:S73G,-19.83816146850586
I66H:S73G:H86D:T93I,-26.459177017211914
I66H:S73G:H86F,-24.102685928344727
I66H:S73G:H86D:T93V,-28.06297492980957
I66H:S73G:H86D:T93S,-25.869773864746094
I66H:S73G:H86D:T93L,-27.357177734375
I66H:S73G:H86D:T93A,-28.76797103881836
I66L:H67N:S73C:T93S,-15.573417663574219
I66L:H67N:S73C,-12.92094898223877
I66L:H67N:S73A:T93V,-15.794204711914062
I66L:H67N:S73A:T93S,-13.601001739501953
I66L:H67N:S73A:T93L,-15.088407516479492
I66L:H67N:S73A:T93I,-14.190406799316406
I66L:H67N:S73A:T93A,-16.49920082092285
I66L:H67N:S73C:H86D,-16.300090789794922
I66L:H67N:S73C:H86F,-17.185474395751953
I66L:H67N:S73C:H86D:T93V,-21.145763397216797
I66L:H67N:S73C:H86D:T93S,-18.952560424804688
I66L:H67N:S73C:H86D:T93L,-20.439964294433594
I66L:H67N:S73C:H86D:T93I,-19.54196548461914
I66L:H67N:S73C:H86D:T93A,-21.850757598876953
I66L:H67N:S73A:H86Y,-17.197805404663086
I66L:H67N:S73A:H86V:T93V,-21.094322204589844
I66L:H67N:S73A:H86V:T93S,-18.901119232177734
I66L:H67N:S73A:H86V:T93L,-20.388525009155273
I66L:H67N:S73A:H86V:T93I,-19.490524291992188
I66L:H67N:S73A:H86V:T93A,-21.799318313598633
I66L:H67N:S73A:H86Y:T93V,-22.043476104736328
I66L:H67N:S73A:H86Y:T93S,-19.85027313232422
I66L:H67N:S73A:H86Y:T93L,-21.337678909301758
I66L:H67N:S73A:H86Y:T93I,-20.439678192138672
I66L:H67N:S73A:H86Y:T93A,-22.748472213745117
I66L:H67N:S73C:H86Y,-19.17022132873535
I66L:H67N:S73C:H86V:T93V,-23.06673812866211
I66L:H67N:S73C:H86V:T93S,-20.87353515625
I66L:H67N:S73C:H86V:T93L,-22.36094093322754
I66L:H67N:S73C:H86Y:T93A,-24.720888137817383
I66L:H67N:S73C:H86V:T93I,-21.462940216064453
I66L:H67N:S73C:H86Y:T93I,-22.412094116210938
I66L:H67N:S73C:H86Y:T93S,-21.822689056396484
I66L:H67N:S73C:T93I,-16.162822723388672
I66L:H67N:S73C:T93A,-18.471616744995117
I66L:H67N:S73C:H86Y:T93V,-24.015892028808594
I66L:H67N:S73C:H86Y:T93L,-23.310094833374023
I66L:H67N:S73C:H86V:T93A,-23.7717342376709
I66L:H67N:S73C:H86L,-17.893898010253906
I66L:H67N:S73C:H86F:T93V,-22.031147003173828
I66L:H67N:S73C:H86F:T93S,-19.83794403076172
I66L:H67N:S73C:H86F:T93L,-21.325347900390625
I66L:H67N:S73C:H86F:T93I,-20.427349090576172
I66L:H67N:S73C:H86F:T93A,-22.736141204833984
I66L:H67N:S73C:H86V,-18.221067428588867
I66L:H67N:S73C:H86L:T93V,-22.73956871032715
I66L:H67N:S73C:H86L:T93S,-20.54636573791504
I66L:H67N:S73C:H86L:T93L,-22.033771514892578
I66L:H67N:S73C:H86L:T93I,-21.135770797729492
I66L:H67N:S73C:H86L:T93A,-23.444564819335938
I66L:H67N:H86Y,-15.286291122436523
I66L:H67N:H86V:T93V,-19.18280792236328
I66L:H67N:H86V:T93S,-16.989606857299805
I66L:H67N:H86V:T93L,-18.477012634277344
I66L:H67N:H86V:T93I,-17.579011917114258
I66L:H67N:H86V:T93A,-19.887805938720703
I66L:H67N:H86Y:T93V,-20.131961822509766
I66L:H67N:H86Y:T93S,-17.93876075744629
I66L:H67N:H86Y:T93L,-19.426166534423828
I66L:H67N:H86Y:T93I,-18.528165817260742
I66L:H67N:H86Y:T93A,-20.836959838867188
I66L:H67N:H86L,-14.009967803955078
I66L:H67N:H86F:T93V,-18.147216796875
I66L:H67N:H86F:T93S,-15.95401382446289
I66L:H67N:H86F:T93L,-17.44141960144043
I66L:H67N:H86F:T93I,-16.543418884277344
I66L:H67N:H86F:T93A,-18.85221290588379
I66L:H67N:H86V,-14.337137222290039
I66L:H67N:H86L:T93V,-18.85563850402832
I66L:H67N:H86L:T93S,-16.662437438964844
I66L:H67N:H86L:T93L,-18.14984130859375
I66L:H67N:H86L:T93I,-17.251840591430664
I66L:H67N:H86L:T93A,-19.56063461303711
I66L:H67N:S73A:H86L,-15.92148208618164
I66L:H67N:S73A:H86F:T93V,-20.058731079101562
I66L:H67N:S73A:H86F:T93S,-17.865528106689453
I66L:H67N:S73A:H86F:T93L,-19.35293197631836
I66L:H67N:S73A:H86F:T93I,-18.454933166503906
I66L:H67N:S73A:H86F:T93A,-20.76372528076172
I66L:H67N:S73A:H86V,-16.2486515045166
I66L:H67N:S73A:H86L:T93V,-20.767152786254883
I66L:H67N:S73A:H86L:T93S,-18.573949813842773
I66L:H67N:S73A:H86L:T93L,-20.061355590820312
I66L:H67N:S73A:H86L:T93I,-19.163354873657227
I66L:H67N:S73A:H86L:T93A,-21.472148895263672
I66L:H67N:S73A:H86D,-14.327675819396973
I66L:H67N:S73A,-10.948533058166504
I66L:H67N:S73A:H86F,-15.213059425354004
I66L:H67N:S73A:H86D:T93V,-19.17334747314453
I66L:H67N:S73A:H86D:T93S,-16.980144500732422
I66L:H67N:S73A:H86D:T93L,-18.467548370361328
I66L:H67N:S73A:H86D:T93I,-17.569549560546875
I66L:H67N:S73A:H86D:T93A,-19.878341674804688
I66F:H67N:S73A:H86L:T93A,-22.795602798461914
I66F:H67N:S73A:H86L:T93I,-20.48680877685547
I66F:H67N:S73A:H86L:T93L,-21.384807586669922
I66F:H67N:S73A:H86L:T93S,-19.897403717041016
I66F:H67N:S73A:H86L:T93V,-22.090604782104492
I66F:H67N:S73A:H86V,-17.572105407714844
I66F:H67N:S73A:H86F:T93A,-22.087181091308594
I66F:H67N:S73A:H86F:T93I,-19.778385162353516
I66F:H67N:S73A:H86F:T93L,-20.6763858795166
I66F:H67N:S73A:H86F:T93S,-19.188980102539062
I66F:H67N:S73A:H86F:T93V,-21.382183074951172
I66F:H67N:S73A:H86L,-17.24493408203125
I66F:H67N:S73A:H86V:T93A,-23.122772216796875
I66F:H67N:S73A:H86Y:T93L,-22.6611328125
I66F:H67N:S73A:H86Y:T93S,-21.17372703552246
I66F:H67N:S73A:H86Y:T93V,-23.366928100585938
I66F:H67N:S73A:T93A,-17.822654724121094
I66F:H67N:S73A:H86Y:T93I,-21.763132095336914
I66F:H67N:S73A:H86Y:T93A,-24.07192611694336
I66F:H67N:S73A:H86V:T93I,-20.81397819519043
I66F:H67N:S73A:H86V:T93L,-21.711978912353516
I66F:H67N:S73A:H86V:T93S,-20.224573135375977
I66F:H67N:S73A:H86V:T93V,-22.417776107788086
I66F:H67N:S73A:H86Y,-18.521259307861328
I66F:H67N:H86Y:T93A,-22.160411834716797
I66F:H67N:H86Y:T93I,-19.851619720458984
I66F:H67N:H86Y:T93L,-20.749618530273438
I66F:H67N:H86Y:T93S,-19.26221466064453
I66F:H67N:H86Y:T93V,-21.455415725708008
I66F:H67N:H86V:T93A,-21.211257934570312
I66F:H67N:H86V:T93I,-18.9024658203125
I66F:H67N:H86V:T93L,-19.800464630126953
I66F:H67N:H86V:T93S,-18.313060760498047
I66F:H67N:H86V:T93V,-20.506261825561523
I66F:H67N:H86Y,-16.609745025634766
I66F:H67N:S73A:T93I,-15.513859748840332
I66F:H67N:S73A:H86D:T93A,-21.201797485351562
I66F:H67N:S73A:H86D:T93I,-18.893001556396484
I66F:H67N:S73A:H86D:T93L,-19.79100227355957
I66F:H67N:S73A:H86D:T93S,-18.30359649658203
I66F:H67N:S73A:H86D:T93V,-20.49679946899414
I66F:H67N:S73A:H86F,-16.53651237487793
I66F:H67N:S73A,-12.27198600769043
I66F:H67N:S73A:H86D,-15.651128768920898
I66F:H67N:S73A:T93L,-16.4118595123291
I66F:H67N:S73A:T93S,-14.924455642700195
I66F:H67N:S73A:T93V,-17.117656707763672
I66F:H67N:S73C:H86Y:T93I,-23.73554801940918
I66F:H67N:S73C:H86Y:T93L,-24.633548736572266
I66F:H67N:S73C:H86Y:T93S,-23.146142959594727
I66F:H67N:S73C:H86Y:T93V,-25.339344024658203
I66F:H67N:S73C:H86Y:T93A,-26.044342041015625
I66F:H67N:S73C:H86V:T93A,-25.09518814086914
I66F:H67N:S73C:H86V:T93I,-22.786394119262695
I66F:H67N:S73C:H86V:T93L,-23.68439483642578
I66F:H67N:S73C:H86V:T93S,-22.196989059448242
I66F:H67N:S73C:H86V:T93V,-24.39019012451172
I66F:H67N:S73C:H86Y,-20.493675231933594
I66F:H67N:S73C:T93I,-17.48627471923828
I66F:H67N:S73G:H86D:T93A,-27.096168518066406
I66F:H67N:S73G:H86D:T93I,-24.78737449645996
I66F:H67N:S73G:H86D:T93L,-25.685375213623047
I66F:H67N:S73G:H86D:T93S,-24.197969436645508
I66F:H67N:S73G:H86D:T93V,-26.391170501708984
I66F:H67N:S73G:H86F,-22.430885314941406
I66F:H67N:S73C:T93A,-19.79507064819336
I66F:H67N:S73C:T93L,-18.38427734375
I66F:H67N:S73C:T93S,-16.89687156677246
I66F:H67N:S73C:T93V,-19.090072631835938
I66F:H67N:S73G,-18.166358947753906
I66F:H67N:S73G:H86D,-21.545501708984375
I66F:H67N:S73C:H86D:T93A,-23.174213409423828
I66F:H67N:S73C:H86D:T93I,-20.86541748046875
I66F:H67N:S73C:H86D:T93L,-21.763418197631836
I66F:H67N:S73C:H86D:T93S,-20.276012420654297
I66F:H67N:S73C:H86D:T93V,-22.469215393066406
I66F:H67N:S73C:H86F,-18.508928298950195
I66F:H67N:S73C,-14.244401931762695
I66F:H67N:S73C:H86D,-17.623544692993164
I66F:H67N:S73C:H86L:T93A,-24.76801872253418
I66F:H67N:S73C:H86L:T93I,-22.459224700927734
I66F:H67N:S73C:H86L:T93L,-23.357223510742188
I66F:H67N:S73C:H86L:T93S,-21.86981964111328
I66F:H67N:S73C:H86L:T93V,-24.06302261352539
I66F:H67N:S73C:H86V,-19.54452133178711
I66F:H67N:S73C:H86F:T93A,-24.05959701538086
I66F:H67N:S73C:H86F:T93I,-21.75080108642578
I66F:H67N:S73C:H86F:T93L,-22.648801803588867
I66F:H67N:S73C:H86F:T93S,-21.161396026611328
I66F:H67N:S73C:H86F:T93V,-23.354598999023438
I66F:H67N:S73C:H86L,-19.217350006103516
I66F:H67T:S73A:H86F:T93I,-17.659507751464844
I66F:H67T:S73A:H86F:T93A,-19.968299865722656
I66F:H67T:S73A:H86F:T93L,-18.557506561279297
I66F:H67T:S73A:H86F,-14.417634010314941
I66F:H67T:S73A:H86F:T93S,-17.07010269165039
I66F:H67T:S73A:H86F:T93V,-19.2633056640625
I66F:H67T:S73A:H86L,-15.126056671142578
I66F:H67T:S73A:H86L:T93S,-17.77852439880371
I66F:H67T:S73A:H86L:T93L,-19.26593017578125
I66F:H67T:S73A:H86L:T93I,-18.367929458618164
I66F:H67T:S73A:H86L:T93A,-20.67672348022461
I66F:H67T:S73A:H86D:T93V,-18.37792205810547
I66F:H67T:S73A:H86D:T93S,-16.18471908569336
I66F:H67T:S73A:H86D:T93L,-17.672122955322266
I66F:H67T:S73A:H86D:T93I,-16.774124145507812
I66F:H67T:H86Y:T93V,-19.336536407470703
I66F:H67T:H86Y:T93S,-17.143335342407227
I66F:H67T:H86Y:T93L,-18.630741119384766
I66F:H67T:S73A:H86L:T93V,-19.97172737121582
I66F:H67T:S73A:H86D:T93A,-19.082916259765625
I66F:H67T:S73A:H86D,-13.53225040435791
I66F:H67T:S73A,-10.153107643127441
I66F:H67T:S73A:H86V,-15.453226089477539
I66F:H67T:S73C:H86D,-15.504666328430176
I66F:H67T:S73C,-12.12552261352539
I66F:H67T:S73A:T93V,-14.998779296875
I66F:H67T:S73A:T93S,-12.80557632446289
I66F:H67T:S73A:T93L,-14.29298210144043
I66F:H67T:S73A:T93I,-13.394981384277344
I66F:H67T:S73A:T93A,-15.703775405883789
I66F:H67T:S73C:H86F,-16.39004898071289
I66F:H67T:S73C:H86D:T93V,-20.350337982177734
I66F:H67T:S73C:H86D:T93S,-18.157135009765625
I66F:H67T:S73C:H86D:T93L,-19.64453887939453
I66F:H67T:S73C:H86D:T93I,-18.746540069580078
I66F:H67T:S73C:H86D:T93A,-21.05533218383789
I66F:H67T:H86Y:T93I,-17.73274040222168
I66F:H67T:S73A:H86Y,-16.402379989624023
I66F:H67T:S73A:H86V:T93V,-20.29889678955078
I66F:H67T:S73A:H86V:T93S,-18.105693817138672
I66F:H67T:S73A:H86V:T93L,-19.59309959411621
I66F:H67T:S73A:H86V:T93I,-18.695098876953125
I66F:H67T:S73A:H86V:T93A,-21.00389289855957
I66F:H67T:S73A:H86Y:T93V,-21.248050689697266
I66F:H67T:S73A:H86Y:T93S,-19.054847717285156
I66F:H67T:S73A:H86Y:T93L,-20.542253494262695
I66F:H67T:S73A:H86Y:T93I,-19.64425277709961
I66F:H67T:S73A:H86Y:T93A,-21.953046798706055
I66F:H67T:H86Y:T93A,-20.041534423828125
I66F:H67N:H86D:T93A,-19.290283203125
I66F:H67N:H86D:T93I,-16.981487274169922
I66F:H67N:H86D:T93L,-17.87948989868164
I66F:H67N:H86D:T93S,-16.3920841217041
I66F:H67N:H86D:T93V,-18.585285186767578
I66F:H67N:H86F,-14.624998092651367
I66F:H67N:H86D,-13.739615440368652
I66F:H67N:H86L:T93A,-20.88408660888672
I66F:H67N:H86L:T93I,-18.575294494628906
I66F:H67N:H86L:T93L,-19.47329330444336
I66F:H67T:H86F:T93S,-15.158588409423828
I66F:H67N:H86L:T93V,-20.179092407226562
I66F:H67N:H86V,-15.660591125488281
I66F:H67N:H86F:T93A,-20.17566680908203
I66F:H67N:H86F:T93I,-17.866870880126953
I66F:H67N:H86F:T93L,-18.764873504638672
I66F:H67N:H86F:T93S,-17.277467727661133
I66F:H67N:H86F:T93V,-19.47066879272461
I66F:H67N:H86L,-15.333420753479004
I66F:H67T:H86V,-13.541711807250977
I66F:H67T:H86L:T93V,-18.060213088989258
I66F:H67T:H86L:T93S,-15.867011070251465
I66F:H67T:H86L:T93L,-17.354415893554688
I66F:H67T:H86L:T93I,-16.4564151763916
I66F:H67T:H86L:T93A,-18.765209197998047
I66F:H67T:H86Y,-14.490865707397461
I66F:H67T:H86V:T93V,-18.38738250732422
I66F:H67T:H86V:T93S,-16.194181442260742
I66F:H67T:H86V:T93L,-17.68158721923828
I66F:H67T:H86V:T93I,-16.783586502075195
I66F:H67T:H86V:T93A,-19.09238052368164
I66F:H67N,-10.360472679138184
I66F:H67T:H86L,-13.214542388916016
I66F:H67T:H86F:T93V,-17.351791381835938
I66F:H67N:S73G:H86F:T93I,-25.672758102416992
I66F:H67P:S73C:H86Y:T93A,-30.007553100585938
I66F:H67P:S73C:H86Y:T93I,-27.698759078979492
I66F:H67P:S73C:H86Y:T93S,-27.109355926513672
I66F:H67P:S73C:H86Y:T93V,-29.30255699157715
I66F:H67P:S73C:H86Y:T93L,-28.596759796142578
I66F:H67P:S73C:H86V:T93A,-29.058399200439453
I66F:H67P:S73C:H86V:T93I,-26.749605178833008
I66F:H67P:S73C:H86V:T93L,-27.647605895996094
I66F:H67P:S73C:H86V:T93S,-26.160202026367188
I66F:H67P:S73C:H86V:T93V,-28.353403091430664
I66F:H67P:S73C:H86Y,-24.456886291503906
I66F:H67P:S73G:H86D:T93A,-31.05937957763672
I66F:H67P:S73G:H86D:T93I,-28.750585556030273
I66F:H67P:S73G:H86D:T93L,-29.64858627319336
I66F:H67P:S73G:H86D:T93S,-28.161182403564453
I66F:H67P:S73G:H86D:T93V,-30.35438346862793
I66F:H67P:S73G:H86F,-26.39409637451172
I66F:H67P:S73C:T93A,-23.758281707763672
I66F:H67P:S73C:T93I,-21.449487686157227
I66F:H67P:S73C:T93L,-22.347488403320312
I66F:H67P:S73C:T93S,-20.860082626342773
I66F:H67P:S73C:T93V,-23.053285598754883
I66F:H67P:S73G,-22.12957000732422
I66F:H67P:S73G:H86D,-25.508712768554688
I66F:H67P:S73C:H86D:T93A,-27.13742446899414
I66F:H67P:S73C:H86D:T93I,-24.828628540039062
I66F:H67P:S73C:H86D:T93L,-25.72663116455078
I66F:H67P:S73C:H86D:T93S,-24.239227294921875
I66F:H67P:S73C:H86D,-21.58675765991211
I66F:H67P:S73C:H86D:T93V,-26.43242645263672
I66F:H67P:S73C,-18.20761489868164
I66F:H67P:S73A:T93A,-21.785865783691406
I66F:H67P:S73A:T93I,-19.47707176208496
I66F:H67P:S73A:T93L,-20.375072479248047
I66F:H67P:S73A:T93S,-18.887666702270508
I66F:H67P:S73A:T93V,-21.080869674682617
I66F:H67P:S73C:H86F,-22.47214126586914
I66F:H67P:S73C:H86L:T93A,-28.731229782104492
I66F:H67P:S73C:H86L:T93I,-26.422435760498047
I66F:H67P:S73C:H86L:T93L,-27.320436477661133
I66F:H67P:S73C:H86L:T93S,-25.833032608032227
I66F:H67P:S73C:H86L:T93V,-28.026233673095703
I66F:H67P:S73C:H86V,-23.507732391357422
I66F:H67P:S73C:H86F:T93A,-28.022808074951172
I66F:H67P:S73C:H86F:T93I,-25.714012145996094
I66F:H67P:S73C:H86F:T93L,-26.612014770507812
I66F:H67P:S73C:H86F:T93S,-25.124610900878906
I66F:H67P:S73C:H86F:T93V,-27.31781005859375
I66F:H67P:S73C:H86L,-23.18056297302246
I66F:H67T,-8.241594314575195
I66F:H67P:S73G:T93L,-26.26944351196289
I66F:H67P:S73G:T93S,-24.782039642333984
I66F:H67P:S73G:T93V,-26.97524070739746
I66F:H67P:T93A,-19.874351501464844
I66F:H67P:T93I,-17.5655574798584
I66F:H67P:T93L,-18.463558197021484
I66F:H67P:T93S,-16.976154327392578
I66F:H67P:T93V,-19.169355392456055
I66F:H67P:S73G:T93I,-25.371442794799805
I66F:H67T:H86D:T93V,-16.466407775878906
I66F:H67T:H86F,-12.506118774414062
I66F:H67T:H86F:T93A,-18.056787490844727
I66F:H67T:H86D:T93S,-14.273205757141113
I66F:H67T:H86D:T93L,-15.760610580444336
I66F:H67T:H86D:T93A,-17.171403884887695
I66F:H67T:H86D:T93I,-14.86260986328125
I66F:H67P:S73G:T93A,-27.68023681640625
I66F:H67P:S73G:H86L:T93A,-32.65318298339844
I66F:H67P:S73G:H86L:T93I,-30.344390869140625
I66F:H67P:S73G:H86L:T93L,-31.24239158630371
I66F:H67P:S73G:H86L:T93S,-29.754987716674805
I66F:H67P:S73G:H86L:T93V,-31.94818878173828
I66F:H67P:S73G:H86V,-27.4296875
I66F:H67P:S73G:H86F:T93A,-31.94476318359375
I66F:H67P:S73G:H86F:T93I,-29.635969161987305
I66F:H67P:S73G:H86F:T93L,-30.53396987915039
I66F:H67P:S73G:H86F:T93S,-29.046566009521484
I66F:H67P:S73G:H86F:T93V,-31.23976707458496
I66F:H67P:S73G:H86L,-27.10251808166504
I66F:H67P:S73G:H86Y:T93A,-33.929508209228516
I66F:H67P:S73G:H86Y:T93I,-31.620716094970703
I66F:H67P:S73G:H86Y:T93L,-32.518714904785156
I66F:H67P:S73G:H86Y:T93S,-31.03131103515625
I66F:H67P:S73G:H86Y:T93V,-33.22451400756836
I66F:H67P:S73G:H86V:T93A,-32.98035430908203
I66F:H67P:S73G:H86V:T93I,-30.67156219482422
I66F:H67P:S73G:H86V:T93L,-31.569561004638672
I66F:H67P:S73G:H86V:T93S,-30.082157135009766
I66F:H67P:S73G:H86V:T93V,-32.275360107421875
I66F:H67P:S73G:H86Y,-28.378841400146484
I66F:H67N:S73G:H86F:T93A,-27.981552124023438
I66F:H67P:S73A:H86Y:T93V,-27.330141067504883
I66F:H67P:H86D,-17.70282745361328
I66F:H67N:T93A,-15.911140441894531
I66F:H67N:T93I,-13.602346420288086
I66F:H67N:T93L,-14.500346183776855
I66F:H67N:T93S,-13.012941360473633
I66F:H67N:T93V,-15.206143379211426
I66F:H67P,-14.323684692382812
I66F:H67P:H86F:T93A,-24.138877868652344
I66F:H67P:H86F:T93I,-21.8300838470459
I66F:H67P:H86F:T93L,-22.728084564208984
I66F:H67P:H86F:T93S,-21.240678787231445
I66F:H67P:H86F:T93V,-23.433881759643555
I66F:H67P:H86L,-19.296632766723633
I66F:H67P:H86D:T93A,-23.253494262695312
I66F:H67P:H86D:T93I,-20.944700241088867
I66F:H67P:H86D:T93L,-21.842700958251953
I66F:H67P:H86D:T93S,-20.355297088623047
I66F:H67P:H86D:T93V,-22.548498153686523
I66F:H67P:H86F,-18.588211059570312
I66F:H67N:S73G:T93V,-23.012027740478516
I66F:H67N:S73G:H86L:T93S,-25.79177474975586
I66F:H67N:S73G:H86L:T93V,-27.98497772216797
I66F:H67N:S73G:H86V,-23.466476440429688
I66F:H67N:S73G:H86V:T93A,-29.01714324951172
I66F:H67N:S73G:H86L:T93L,-27.279178619384766
I66F:H67N:S73G:H86V:T93I,-26.708351135253906
I66F:H67N:S73G:H86L:T93I,-26.381179809570312
I66F:H67N:S73G:H86F:T93L,-26.570758819580078
I66F:H67N:S73G:H86F:T93S,-25.08335304260254
I66F:H67N:S73G:H86F:T93V,-27.276554107666016
I66F:H67N:S73G:H86L,-23.139305114746094
I66F:H67N:S73G:H86L:T93A,-28.689973831176758
I66F:H67N:S73G:H86V:T93L,-27.60634994506836
I66F:H67N:S73G:H86V:T93V,-28.31214714050293
I66F:H67N:S73G:T93A,-23.717025756835938
I66F:H67N:S73G:T93I,-21.40822982788086
I66F:H67N:S73G:T93L,-22.306232452392578
I66F:H67N:S73G:T93S,-20.81882667541504
I66F:H67N:S73G:H86V:T93S,-26.118946075439453
I66F:H67N:S73G:H86Y:T93S,-27.068099975585938
I66F:H67N:S73G:H86Y,-24.415630340576172
I66F:H67N:S73G:H86Y:T93A,-29.966297149658203
I66F:H67N:S73G:H86Y:T93I,-27.65750503540039
I66F:H67N:S73G:H86Y:T93L,-28.555503845214844
I66F:H67N:S73G:H86Y:T93V,-29.261301040649414
I66F:H67P:S73A:H86F:T93S,-23.15219497680664
I66F:H67P:S73A:H86F:T93V,-25.345394134521484
I66F:H67P:S73A:H86L,-21.208147048950195
I66F:H67P:S73A:H86F:T93L,-24.639598846435547
I66F:H67P:S73A:H86F:T93A,-26.050392150878906
I66F:H67P:S73A:H86D:T93L,-23.754215240478516
I66F:H67P:S73A:H86D:T93S,-22.26681137084961
I66F:H67P:S73A:H86D:T93V,-24.460010528564453
I66F:H67P:S73A:H86F,-20.499725341796875
I66F:H67P:S73A:H86F:T93I,-23.741596221923828
I66F:H67P:S73A:H86D:T93I,-22.856212615966797
I66F:H67P:S73A:H86L:T93A,-26.758813858032227
I66F:H67P:S73A:H86L:T93L,-25.348020553588867
I66F:H67P:S73A:H86Y,-22.48447036743164
I66F:H67P:S73A:H86Y:T93A,-28.035137176513672
I66F:H67P:S73A:H86Y:T93I,-25.726343154907227
I66F:H67P:S73A:H86Y:T93L,-26.624343872070312
I66F:H67P:S73A:H86Y:T93S,-25.136940002441406
I66F:H67P:S73A:H86V:T93V,-26.3809871673584
I66F:H67P:S73A:H86L:T93I,-24.45001983642578
I66F:H67P:S73A:H86V:T93S,-24.187786102294922
I66F:H67P:S73A:H86V:T93I,-24.777189254760742
I66F:H67P:S73A:H86L:T93S,-23.86061668395996
I66F:H67P:S73A:H86L:T93V,-26.053817749023438
I66F:H67P:S73A:H86V,-21.535316467285156
I66F:H67P:S73A:H86V:T93A,-27.085983276367188
I66F:H67P:S73A:H86V:T93L,-25.675189971923828
I66F:H67P:S73A:H86D:T93A,-25.165008544921875
I66F:H67P:H86V:T93A,-25.174470901489258
I66F:H67P:H86V:T93I,-22.865676879882812
I66F:H67P:H86V:T93L,-23.763675689697266
I66F:H67P:H86V:T93S,-22.27627182006836
I66F:H67P:H86V:T93V,-24.46947479248047
I66F:H67P:H86Y,-20.572956085205078
I66F:H67P:H86L:T93A,-24.847299575805664
I66F:H67P:H86L:T93I,-22.53850555419922
I66F:H67P:H86L:T93L,-23.436506271362305
I66F:H67P:H86L:T93S,-21.949100494384766
I66F:H67P:H86L:T93V,-24.142303466796875
I66F:H67P:H86V,-19.623802185058594
I66F:H67P:S73A,-16.235198974609375
I66F:H67P:S73A:H86D,-19.614341735839844
I66F:H67P:H86Y:T93A,-26.123624801635742
I66F:H67P:H86Y:T93I,-23.814830780029297
I66F:H67P:H86Y:T93L,-24.71282958984375
I66F:H67P:H86Y:T93S,-23.225425720214844
I66F:H67P:H86Y:T93V,-25.418628692626953
I66H:H67N:S73A:H86D,-23.077041625976562
I66H:H67N:S73A,-19.697898864746094
I66H:H67N:S73A:H86F,-23.962425231933594
I66H:H67N:S73A:H86D:T93V,-27.922710418701172
I66H:H67N:S73A:H86D:T93S,-25.729511260986328
I66H:H67N:S73A:H86D:T93L,-27.216915130615234
I66H:H67N:S73A:H86D:T93I,-26.31891632080078
I66H:H67N:S73A:H86D:T93A,-28.627708435058594
I66H:H67N:H86Y,-24.03565788269043
I66H:H67N:H86V:T93V,-27.932174682617188
I66H:H67N:H86V:T93S,-25.738971710205078
I66H:H67N:H86V:T93L,-27.226375579833984
I66H:H67N:H86V:T93I,-26.32837677001953
I66H:H67N:H86V:T93A,-28.637170791625977
I66H:H67N:H86Y:T93V,-28.881328582763672
I66H:H67N:H86Y:T93S,-26.688125610351562
I66H:H67N:H86Y:T93L,-28.17552947998047
I66H:H67N:H86Y:T93I,-27.277530670166016
I66H:H67N:H86Y:T93A,-29.58632469177246
I66H:H67N:S73A:H86Y,-25.94717025756836
I66H:H67N:S73A:H86V:T93V,-29.843687057495117
I66H:H67N:S73A:H86V:T93S,-27.65048599243164
I66H:H67N:S73A:H86V:T93L,-29.13789176940918
I66H:H67N:S73A:H86V:T93I,-28.239891052246094
I66H:H67N:S73A:H86V:T93A,-30.54868507385254
I66H:H67N:S73A:H86Y:T93V,-30.7928409576416
I66H:H67N:S73A:H86Y:T93S,-28.599639892578125
I66H:H67N:S73A:H86Y:T93L,-30.087045669555664
I66H:H67N:S73A:H86Y:T93I,-29.189044952392578
I66H:H67N:S73A:H86Y:T93A,-31.497838973999023
I66H:H67N:S73A:H86L,-24.670846939086914
I66H:H67N:S73A:H86F:T93V,-28.808094024658203
I66H:H67N:S73A:H86F:T93S,-26.61489486694336
I66H:H67N:S73A:H86F:T93L,-28.102298736572266
I66H:H67N:S73A:H86F:T93I,-27.204299926757812
I66H:H67N:S73A:H86F:T93A,-29.513092041015625
I66H:H67N:S73A:H86V,-24.998016357421875
I66H:H67N:S73A:H86L:T93V,-29.516517639160156
I66H:H67N:S73A:H86L:T93S,-27.32331657409668
I66H:H67N:S73A:H86L:T93L,-28.81072235107422
I66H:H67N:S73A:H86L:T93I,-27.912721633911133
I66H:H67N:S73A:H86L:T93A,-30.221515655517578
I66H:H67N:H86V,-23.086503982543945
I66F:T93V,-9.452033042907715
I66F:T93S,-7.258831024169922
I66F:T93L,-8.746235847473145
I66F:T93I,-7.848235607147217
I66F:T93A,-10.15703010559082
I66F:S73G:H86Y:T93I,-21.903392791748047
I66F:S73G:H86Y:T93A,-24.212188720703125
I66F:S73G:H86Y,-18.66152000427246
I66F:S73G:H86V:T93V,-22.55803680419922
I66F:S73G:H86Y:T93L,-22.801393508911133
I66F:S73G:H86Y:T93S,-21.313987731933594
I66F:S73G:T93V,-17.257919311523438
I66F:S73G:T93S,-15.064716339111328
I66F:S73G:T93L,-16.552120208740234
I66F:S73G:T93I,-15.654121398925781
I66F:S73G:H86Y:T93V,-23.507190704345703
I66H:H67N:H86F:T93V,-26.896581649780273
I66H:H67N:H86F:T93S,-24.703378677368164
I66H:H67N:H86F:T93L,-26.190784454345703
I66H:H67N:H86F:T93I,-25.292783737182617
I66H:H67N:H86F:T93A,-27.601577758789062
I66H:H67N:H86L,-22.75933265686035
I66H:H67N:H86L:T93V,-27.605003356933594
I66H:H67N:H86L:T93S,-25.411800384521484
I66H:H67N:H86L:T93L,-26.899206161499023
I66H:H67N:H86L:T93I,-26.001205444335938
I66H:H67N:H86L:T93A,-28.309999465942383
I66H:H67N,-17.78638458251953
I66H:H67N:H86F,-22.05091094970703
I66H:H67N:H86D:T93V,-26.011198043823242
I66H:H67N:H86D:T93S,-23.817996978759766
I66H:H67N:H86D:T93L,-25.305400848388672
I66H:H67N:H86D:T93I,-24.407400131225586
I66H:H67N:H86D:T93A,-26.71619415283203
I66H:H67N:H86D,-21.16552734375
I66F:S73G:H86V:T93S,-20.36483383178711
I66H:H67N:S73G:H86Y,-31.841541290283203
I66H:H67N:S73G:H86V:T93S,-33.544857025146484
I66H:H67N:S73G:H86V:T93L,-35.032264709472656
I66H:H67N:S73G:H86V:T93I,-34.13426208496094
I66H:H67N:S73G:H86V:T93A,-36.443058013916016
I66H:H67N:S73G:H86V:T93V,-35.738059997558594
I66H:H67N:S73G:H86Y:T93V,-36.68721389770508
I66H:H67N:S73G:H86Y:T93S,-34.49401092529297
I66H:H67N:S73G:H86Y:T93L,-35.98141860961914
I66H:H67N:S73G:H86Y:T93I,-35.08341598510742
I66H:H67N:S73G:H86Y:T93A,-37.3922119140625
I66H:H67N:S73G:H86L,-30.565217971801758
I66H:H67N:S73G:H86F:T93V,-34.70246887207031
I66H:H67N:S73G:H86F:T93S,-32.5092658996582
I66H:H67N:S73G:H86F:T93L,-33.996673583984375
I66H:H67N:S73G:H86F:T93I,-33.098670959472656
I66H:H67N:S73G:H86F:T93A,-35.40746307373047
I66H:H67N:S73G:H86V,-30.89238739013672
I66H:H67N:S73G:H86L:T93V,-35.410888671875
I66H:H67N:S73G:H86L:T93S,-33.217689514160156
I66H:H67N:S73G:H86L:T93L,-34.70509338378906
I66H:H67N:S73G:H86L:T93I,-33.807090759277344
I66H:H67N:S73G:H86L:T93A,-36.11588668823242
I66H:H67P:H86D,-25.128740310668945
I66H:H67P,-21.749597549438477
I66H:H67N:T93V,-22.632055282592773
I66H:H67N:T93S,-20.438854217529297
I66H:H67N:T93L,-21.926259994506836
I66H:H67N:T93I,-21.02825927734375
I66H:H67N:T93A,-23.337053298950195
I66H:H67N:S73G:T93V,-30.43794059753418
I66H:H67N:S73G:T93S,-28.244739532470703
I66H:H67N:S73G:T93L,-29.73214340209961
I66H:H67N:S73G:T93I,-28.834142684936523
I66H:H67N:S73G:T93A,-31.14293670654297
I66H:H67N:S73C:H86L,-26.64326286315918
I66H:H67N:S73C:H86F:T93V,-30.78050994873047
I66H:H67N:S73C:H86F:T93S,-28.587310791015625
I66H:H67N:S73C:H86F:T93L,-30.07471466064453
I66H:H67N:S73C:H86F:T93I,-29.176715850830078
I66H:H67N:S73C:H86F:T93A,-31.48550796508789
I66H:H67N:S73C:H86V,-26.97043228149414
I66H:H67N:S73C:H86L:T93V,-31.488933563232422
I66H:H67N:S73C:H86L:T93S,-29.295732498168945
I66H:H67N:S73C:H86L:T93L,-30.783138275146484
I66H:H67N:S73C:H86L:T93I,-29.8851375579834
I66H:H67N:S73C:H86L:T93A,-32.193931579589844
I66H:H67N:S73C:H86D,-25.049457550048828
I66H:H67N:S73C,-21.67031478881836
I66H:H67N:S73A:T93V,-24.543569564819336
I66H:H67N:S73A:T93S,-22.350366592407227
I66H:H67N:S73A:T93L,-23.837772369384766
I66H:H67N:S73A:T93I,-22.93977165222168
I66H:H67N:S73A:T93A,-25.248565673828125
I66H:H67N:S73C:H86F,-25.93484115600586
I66H:H67N:S73C:H86D:T93V,-29.895126342773438
I66H:H67N:S73C:H86D:T93S,-27.701927185058594
I66H:H67N:S73C:H86D:T93L,-29.1893310546875
I66H:H67N:S73C:H86D:T93I,-28.291332244873047
I66H:H67N:S73C:H86D:T93A,-30.60012435913086
I66H:H67N:S73G:H86D,-28.971412658691406
I66H:H67N:S73G,-25.59227180480957
I66H:H67N:S73C:T93V,-26.5159854888916
I66H:H67N:S73C:T93S,-24.322782516479492
I66H:H67N:S73C:T93L,-25.81018829345703
I66H:H67N:S73C:T93I,-24.912187576293945
I66H:H67N:S73C:T93A,-27.22098159790039
I66H:H67N:S73G:H86F,-29.856796264648438
I66H:H67N:S73G:H86D:T93V,-33.81708526611328
I66H:H67N:S73G:H86D:T93S,-31.623882293701172
I66H:H67N:S73G:H86D:T93L,-33.111289978027344
I66H:H67N:S73G:H86D:T93I,-32.213287353515625
I66H:H67N:S73G:H86D:T93A,-34.52207946777344
I66H:H67N:S73C:H86Y,-27.919586181640625
I66H:H67N:S73C:H86V:T93V,-31.816102981567383
I66H:H67N:S73C:H86V:T93S,-29.622901916503906
I66H:H67N:S73C:H86V:T93L,-31.110307693481445
I66H:H67N:S73C:H86V:T93I,-30.21230697631836
I66H:H67N:S73C:H86V:T93A,-32.52110290527344
I66H:H67N:S73C:H86Y:T93V,-32.7652587890625
I66H:H67N:S73C:H86Y:T93S,-30.57205581665039
I66H:H67N:S73C:H86Y:T93L,-32.05946350097656
I66H:H67N:S73C:H86Y:T93I,-31.161460876464844
I66H:H67N:S73C:H86Y:T93A,-33.470252990722656
I66F:S73G:H86V:T93L,-21.85223960876465
I66F:S73G:H86V:T93A,-23.26303482055664
I66F:H67T:T93V,-13.087265014648438
I66F:H67T:T93S,-10.894062042236328
I66F:H67T:T93L,-12.381467819213867
I66F:H67T:T93I,-11.483467102050781
I66F:H67T:T93A,-13.792261123657227
I66F:H67T:S73G:T93V,-20.893150329589844
I66F:H67T:S73G:T93S,-18.699947357177734
I66F:H67T:S73G:T93L,-20.187353134155273
I66F:H67T:S73G:T93I,-19.289352416992188
I66F:H86D,-7.985505104064941
I66F:H67T:S73G:T93A,-21.598146438598633
I66F:H67T:S73G:H86Y,-22.2967529296875
I66F:H67T:S73G:H86V:T93V,-26.193267822265625
I66F:H67T:S73G:H86V:T93S,-24.000064849853516
I66F:H67T:S73G:H86V:T93L,-25.487472534179688
I66F:H67T:S73G:H86V:T93I,-24.58946990966797
I66F:H67T:S73G:H86V:T93A,-26.898265838623047
I66F:H67T:S73G:H86Y:T93V,-27.14242172241211
I66F:H67T:S73G:H86Y:T93S,-24.94921875
I66F:H67T:S73G:H86Y:T93L,-26.436626434326172
I66F:H67T:S73G:H86Y:T93I,-25.538623809814453
I66F:H67T:S73G:H86Y:T93A,-27.84741973876953
I66F:H86D:T93A,-13.536172866821289
I66F:H86V,-9.90648078918457
I66F:H86L:T93V,-14.424981117248535
I66F:H86L:T93S,-12.231779098510742
I66F:H86V:T93A,-15.457148551940918
I66F:H86L:T93L,-13.719183921813965
I66F:H86V:T93I,-13.148353576660156
I66F:H86V:T93S,-12.55894947052002
I66F:H86Y:T93I,-14.09750747680664
I66F:H86Y:T93A,-16.40630340576172
I66F:H86Y,-10.855634689331055
I66F:H86V:T93V,-14.752151489257812
I66F:H86V:T93L,-14.046354293823242
I66F:H86L:T93I,-12.821184158325195
I66F:H86F,-8.870887756347656
I66F:H86D:T93V,-12.831175804138184
I66F:H86D:T93S,-10.63797378540039
I66F:H86D:T93L,-12.125378608703613
I66F:H86D:T93I,-11.227377891540527
I66F:H86L:T93A,-15.12997817993164
I66F:H86F:T93A,-14.42155647277832
I66F:H86L,-9.579310417175293
I66F:H86F:T93V,-13.716558456420898
I66F:H86F:T93S,-11.523357391357422
I66F:H86F:T93L,-13.010761260986328
I66F:H86F:T93I,-12.112761497497559
I66F:H67T:S73C:H86Y,-18.37479591369629
I66F:H67T:S73C:H86V:T93V,-22.271312713623047
I66F:H67T:S73C:H86V:T93S,-20.078109741210938
I66F:H67T:S73C:H86V:T93L,-21.565515518188477
I66F:H67T:S73C:H86V:T93I,-20.66751480102539
I66F:H67T:S73C:H86V:T93A,-22.976308822631836
I66F:H67T:S73C:H86Y:T93V,-23.22046661376953
I66F:H67T:S73C:H86Y:T93S,-21.027263641357422
I66F:H67T:S73C:H86Y:T93L,-22.51466941833496
I66F:H67T:S73C:H86Y:T93I,-21.616668701171875
I66F:H67T:S73C:H86Y:T93A,-23.92546272277832
I66F:H67T:S73C:H86L,-17.098472595214844
I66F:H67T:S73C:H86F:T93V,-21.235721588134766
I66F:H67T:S73C:H86F:T93S,-19.042518615722656
I66F:H67T:S73C:H86F:T93L,-20.529922485351562
I66F:H67T:S73C:H86F:T93I,-19.63192367553711
I66F:H67T:S73C:H86F:T93A,-21.940715789794922
I66F:H67T:S73C:H86V,-17.425642013549805
I66F:H67T:S73C:H86L:T93V,-21.944143295288086
I66F:H67T:S73C:H86L:T93S,-19.750940322875977
I66F:H67T:S73C:H86L:T93L,-21.238346099853516
I66F:H67T:S73C:H86L:T93I,-20.34034538269043
I66F:H67T:S73C:H86L:T93A,-22.649139404296875
I66F:H86Y:T93L,-14.995508193969727
I66F:H67T:S73G:H86L,-21.020427703857422
I66F:H67T:S73G:H86F:T93V,-25.157676696777344
I66F:H67T:S73G:H86F:T93S,-22.964473724365234
I66F:H67T:S73G:H86F:T93L,-24.451879501342773
I66F:H67T:S73G:H86F:T93I,-23.553878784179688
I66F:H67T:S73G:H86F:T93A,-25.862672805786133
I66F:H67T:S73G:H86V,-21.347599029541016
I66F:H67T:S73G:H86L:T93V,-25.866098403930664
I66F:H67T:S73G:H86L:T93S,-23.672895431518555
I66F:H67T:S73G:H86L:T93L,-25.160301208496094
I66F:H67T:S73G:H86L:T93I,-24.262300491333008
I66F:H67T:S73G:H86L:T93A,-26.571094512939453
I66F:H67T:S73G:H86D,-19.42662239074707
I66F:H67T:S73G,-16.0474796295166
I66F:H67T:S73C:T93V,-16.971195220947266
I66F:H67T:S73C:T93S,-14.777992248535156
I66F:H67T:S73C:T93L,-16.265398025512695
I66F:H67T:S73C:T93I,-15.36739730834961
I66F:H67T:S73C:T93A,-17.676191329956055
I66F:H67T:S73G:H86F,-20.3120059967041
I66F:H67T:S73G:H86D:T93V,-24.272293090820312
I66F:H67T:S73G:H86D:T93S,-22.079090118408203
I66F:H67T:S73G:H86D:T93L,-23.566495895385742
I66F:H67T:S73G:H86D:T93I,-22.668495178222656
I66F:H67T:S73G:H86D:T93A,-24.9772891998291
I66F:S73G:H86V:T93I,-20.954238891601562
I66F:H86Y:T93S,-13.508103370666504
I66F:S73C:H86Y,-14.739564895629883
I66F:S73C:H86V:T93V,-18.63608169555664
I66F:S73C:H86V:T93S,-16.44287872314453
I66F:S73C:H86V:T93L,-17.930282592773438
I66F:S73C:H86V:T93I,-17.032283782958984
I66F:S73C:H86V:T93A,-19.34107780456543
I66F:S73C:H86Y:T93V,-19.585235595703125
I66F:S73C:H86Y:T93S,-17.392032623291016
I66F:S73C:H86Y:T93L,-18.879436492919922
I66F:S73C:H86Y:T93I,-17.98143768310547
I66F:S73C:H86Y:T93A,-20.290231704711914
I66F:S73C:H86L,-13.463239669799805
I66F:S73C:H86F:T93V,-17.600488662719727
I66F:S73C:H86F:T93S,-15.407285690307617
I66F:S73C:H86F:T93L,-16.894691467285156
I66F:S73C:H86F:T93I,-15.99669075012207
I66F:S73C:H86F:T93A,-18.305484771728516
I66F:S73C:H86V,-13.790410995483398
I66F:S73C:H86L:T93V,-18.308910369873047
I66F:S73C:H86L:T93S,-16.115707397460938
I66F:S73C:H86L:T93L,-17.603113174438477
I66F:S73C:H86L:T93I,-16.70511245727539
I66F:S73C:H86L:T93A,-19.013906478881836
I66F:S73C:T93A,-14.040960311889648
I66F:S73G:H86L,-17.385196685791016
I66F:S73G:H86F:T93V,-21.522445678710938
I66F:S73G:H86F:T93S,-19.329242706298828
I66F:S73G:H86F:T93L,-20.816646575927734
I66F:S73G:H86F:T93I,-19.91864776611328
I66F:S73G:H86F:T93A,-22.227439880371094
I66F:S73G:H86L:T93A,-22.935863494873047
I66F:S73G:H86L:T93L,-21.525070190429688
I66F:S73G:H86V,-17.712366104125977
I66F:S73G:H86L:T93V,-22.230865478515625
I66F:S73G:H86L:T93S,-20.03766441345215
I66F:S73G:H86L:T93I,-20.62706756591797
I66F:S73G:H86D,-15.791390419006348
I66F:S73G,-12.412247657775879
I66F:S73C:T93V,-13.335962295532227
I66F:S73C:T93S,-11.14276123046875
I66F:S73C:T93L,-12.630165100097656
I66F:S73C:T93I,-11.732165336608887
I66F:S73G:H86F,-16.676773071289062
I66F:S73G:H86D:T93V,-20.637062072753906
I66F:S73G:H86D:T93S,-18.443859100341797
I66F:S73G:H86D:T93L,-19.931262969970703
I66F:S73G:H86D:T93I,-19.03326416015625
I66F:S73G:H86D:T93A,-21.342056274414062
I66F:S73A:H86L,-11.490823745727539
I66F:S73A:H86F:T93V,-15.628072738647461
I66F:S73A:H86F:T93S,-13.434870719909668
I66F:S73A:H86F:T93L,-14.92227554321289
I66F:S73A:H86F:T93I,-14.024274826049805
I66F:S73A:H86F:T93A,-16.33306884765625
I66F:S73A:H86V,-11.817995071411133
I66F:S73A:H86L:T93V,-16.33649444580078
I66F:S73A:H86L:T93S,-14.143293380737305
I66F:S73A:H86L:T93L,-15.630697250366211
I66F:S73A:H86L:T93I,-14.732696533203125
I66F:S73A:H86L:T93A,-17.04149055480957
I66F:S73A:H86D:T93V,-14.74268913269043
I66F:S73A,-6.517876148223877
I66F:S73A:H86F,-10.782402038574219
I66F:S73A:H86D,-9.897018432617188
I66F:S73A:H86D:T93S,-12.549488067626953
I66F:S73A:H86D:T93L,-14.03689193725586
I66F:S73A:H86D:T93I,-13.138891220092773
I66F:S73A:H86D:T93A,-15.447685241699219
I66F:H86Y:T93V,-15.701305389404297
I66F:S73C:H86D,-11.869434356689453
I66F:S73C,-8.490291595458984
I66F:S73A:T93V,-11.363546371459961
I66F:S73A:T93S,-9.170345306396484
I66F:S73A:T93L,-10.65774917602539
I66F:S73A:T93I,-9.759749412536621
I66F:S73A:T93A,-12.068544387817383
I66F:S73C:H86F,-12.754817962646484
I66F:S73C:H86D:T93V,-16.715105056762695
I66F:S73C:H86D:T93S,-14.521903038024902
I66F:S73C:H86D:T93L,-16.009307861328125
I66F:S73C:H86D:T93I,-15.111307144165039
I66F:S73C:H86D:T93A,-17.420101165771484
I66F:S73A:H86Y,-12.767148971557617
I66F:S73A:H86V:T93V,-16.663665771484375
I66F:S73A:H86V:T93S,-14.470462799072266
I66F:S73A:H86V:T93L,-15.957868576049805
I66F:S73A:H86V:T93I,-15.059867858886719
I66F:S73A:H86V:T93A,-17.368661880493164
I66F:S73A:H86Y:T93V,-17.61281967163086
I66F:S73A:H86Y:T93S,-15.41961669921875
I66F:S73A:H86Y:T93L,-16.90702247619629
I66F:S73A:H86Y:T93I,-16.009021759033203
I66F:S73A:H86Y:T93A,-18.31781578063965
I66Y:H67N:S73C:H86D,-23.195331573486328
I66Y:H67N:S73C,-19.81618881225586
I66Y:H67N:S73C:H86F,-24.08071517944336
I66Y:H67N:S73C:H86D:T93V,-28.041004180908203
I66Y:H67N:S73C:H86D:T93S,-25.847801208496094
I66Y:H67N:S73C:H86D:T93L,-27.335205078125
I66Y:H67N:S73C:H86D:T93I,-26.437206268310547
I66Y:H67N:S73C:H86D:T93A,-28.74599838256836
I66Y:H67N:S73A:T93V,-22.689443588256836
I66Y:H67N:S73A:T93S,-20.49624252319336
I66Y:H67N:S73A:T93L,-21.983646392822266
I66Y:H67N:S73A:H86Y,-24.09304428100586
I66Y:H67N:S73A:H86V:T93V,-27.98956298828125
I66Y:H67N:S73A:H86V:T93S,-25.79636001586914
I66Y:H67N:S73A:H86V:T93L,-27.283763885498047
I66Y:H67N:S73A:H86Y:T93A,-29.643712997436523
I66Y:H67N:S73A:H86Y:T93L,-28.23291778564453
I66Y:H67N:S73A:T93I,-21.085647583007812
I66Y:H67N:S73A:T93A,-23.394439697265625
I66Y:H67N:S73A:H86Y:T93V,-28.938716888427734
I66Y:H67N:S73A:H86Y:T93S,-26.745513916015625
I66Y:H67N:S73A:H86Y:T93I,-27.334918975830078
I66Y:H67N:S73C:H86Y,-26.065460205078125
I66Y:H67N:S73C:H86V:T93V,-29.961978912353516
I66Y:H67N:S73C:H86V:T93S,-27.768775939941406
I66Y:H67N:S73C:H86V:T93L,-29.256179809570312
I66Y:H67N:S73C:H86V:T93I,-28.35818099975586
I66Y:H67N:S73C:H86V:T93A,-30.666975021362305
I66Y:H67N:S73C:H86Y:T93V,-30.9111328125
I66Y:H67N:S73C:H86Y:T93S,-28.71792984008789
I66Y:H67N:S73C:H86Y:T93L,-30.205333709716797
I66Y:H67N:S73C:H86Y:T93I,-29.307334899902344
I66Y:H67N:S73C:H86Y:T93A,-31.61612892150879
I66Y:H67N:S73A:H86V:T93I,-26.385765075683594
I66Y:H67N:S73C:H86L,-24.789138793945312
I66Y:H67N:S73C:H86F:T93V,-28.926387786865234
I66Y:H67N:S73C:H86F:T93S,-26.733184814453125
I66Y:H67N:S73C:H86F:T93L,-28.22058868408203
I66Y:H67N:S73C:H86F:T93I,-27.322589874267578
I66Y:H67N:S73C:H86F:T93A,-29.63138198852539
I66Y:H67N:S73C:H86V,-25.11630630493164
I66Y:H67N:S73C:H86L:T93V,-29.634809494018555
I66Y:H67N:S73C:H86L:T93S,-27.441606521606445
I66Y:H67N:S73C:H86L:T93L,-28.92901039123535
I66Y:H67N:S73C:H86L:T93I,-28.0310115814209
I66Y:H67N:S73C:H86L:T93A,-30.339805603027344
I66Y:H67N:S73C:T93A,-25.36685562133789
I66Y:H67N:S73A:H86V:T93A,-28.69455909729004
I66Y:H67N:H86Y,-22.18153190612793
I66Y:H67N:H86V:T93S,-23.884845733642578
I66Y:H67N:H86V:T93L,-25.372251510620117
I66Y:H67N:H86V:T93I,-24.47425079345703
I66Y:H67N:H86V:T93A,-26.78304672241211
I66Y:H67N:H86V:T93V,-26.078048706054688
I66Y:H67N:H86Y:T93V,-27.027202606201172
I66Y:H67N:H86Y:T93S,-24.833999633789062
I66Y:H67N:H86Y:T93L,-26.3214054107666
I66Y:H67N:H86Y:T93I,-25.423404693603516
I66Y:H67N:H86Y:T93A,-27.732200622558594
I66Y:H67N:H86L,-20.905208587646484
I66Y:H67N:H86F:T93V,-25.042457580566406
I66Y:H67N:H86F:T93S,-22.849254608154297
I66Y:H67N:H86F:T93L,-24.336658477783203
I66Y:H67N:H86F:T93I,-23.43865966796875
I66Y:H67N:H86F:T93A,-25.747451782226562
I66Y:H67N:H86V,-21.232378005981445
I66Y:H67N:H86L:T93V,-25.750877380371094
I66Y:H67N:H86L:T93S,-23.557676315307617
I66Y:H67N:H86L:T93L,-25.045082092285156
I66Y:H67N:H86L:T93I,-24.147079467773438
I66Y:H67N:H86L:T93A,-26.455875396728516
I66Y:H67N:S73A:H86L,-22.816720962524414
I66Y:H67N:S73A:H86F:T93V,-26.95397186279297
I66Y:H67N:S73A:H86F:T93S,-24.76076889038086
I66Y:H67N:S73A:H86F:T93L,-26.248172760009766
I66Y:H67N:S73A:H86F:T93I,-25.350173950195312
I66Y:H67N:S73A:H86F:T93A,-27.658966064453125
I66Y:H67N:S73A:H86L:T93A,-28.367389678955078
I66Y:H67N:S73A:H86L:T93L,-26.956594467163086
I66Y:H67N:S73A:H86V,-23.143892288208008
I66Y:H67N:S73A:H86L:T93V,-27.66239356994629
I66Y:H67N:S73A:H86L:T93S,-25.46919059753418
I66Y:H67N:S73A:H86L:T93I,-26.058595657348633
I66Y:H67N:S73A:H86D,-21.222915649414062
I66Y:H67N:S73A,-17.843772888183594
I66Y:H67N:S73A:H86F,-22.108299255371094
I66Y:H67N:S73A:H86D:T93V,-26.068588256835938
I66Y:H67N:S73A:H86D:T93S,-23.875385284423828
I66Y:H67N:S73A:H86D:T93L,-25.362789154052734
I66Y:H67N:S73A:H86D:T93I,-24.46479034423828
I66Y:H67N:S73A:H86D:T93A,-26.773582458496094
I66Y:H67N:S73C:T93I,-23.058063507080078
I66Y:H67N:S73C:T93L,-23.95606231689453
I66Y:H67N:S73C:T93S,-22.468658447265625
I66Y:H67P:H86V,-25.19559097290039
I66Y:H67P:H86L:T93V,-29.71409034729004
I66Y:H67P:H86L:T93S,-27.520889282226562
I66Y:H67P:H86L:T93L,-29.00829315185547
I66Y:H67P:H86L:T93I,-28.110292434692383
I66Y:H67P:H86L:T93A,-30.419086456298828
I66Y:H67P:H86Y,-26.144744873046875
I66Y:H67P:H86V:T93V,-30.041259765625
I66Y:H67P:H86V:T93S,-27.848058700561523
I66Y:H67P:H86V:T93L,-29.335464477539062
I66Y:H67P:H86V:T93I,-28.437463760375977
I66Y:H67P:H86V:T93A,-30.746257781982422
I66Y:H67P:H86F,-24.159996032714844
I66Y:H67P:H86D:T93V,-28.120285034179688
I66Y:H67P:H86D:T93S,-25.927082061767578
I66Y:H67P:H86D:T93L,-27.414487838745117
I66Y:H67P:H86D:T93I,-26.51648712158203
I66Y:H67P:H86D:T93A,-28.825281143188477
I66Y:H67P:H86L,-24.868419647216797
I66Y:H67P:H86F:T93V,-29.00566864013672
I66Y:H67P:H86F:T93S,-26.81246566772461
I66Y:H67P:H86F:T93L,-28.29987144470215
I66Y:H67P:H86F:T93I,-27.401870727539062
I66Y:H67P:H86F:T93A,-29.710664749145508
I66Y:H67P:S73A:H86F,-26.071510314941406
I66Y:H67P:S73A:H86D:T93V,-30.03179931640625
I66Y:H67P:S73A:H86D:T93S,-27.83859634399414
I66Y:H67P:S73A:H86D:T93L,-29.326000213623047
I66Y:H67P:S73A:H86D:T93I,-28.428001403808594
I66Y:H67P:S73A:H86D:T93A,-30.736797332763672
I66Y:H67P:S73A:H86F:T93A,-31.622180938720703
I66Y:H67P:S73A:H86L,-26.77993392944336
I66Y:H67P:S73A:H86F:T93V,-30.91718292236328
I66Y:H67P:S73A:H86F:T93S,-28.723979949951172
I66Y:H67P:S73A:H86F:T93L,-30.211383819580078
I66Y:H67P:S73A:H86F:T93I,-29.313385009765625
I66Y:H67P:H86Y:T93V,-30.990413665771484
I66Y:H67P:H86Y:T93S,-28.797212600708008
I66Y:H67P:H86Y:T93L,-30.284618377685547
I66Y:H67P:H86Y:T93I,-29.38661766052246
I66Y:H67P:H86Y:T93A,-31.695411682128906
I66Y:H67P:S73A:H86D,-25.186126708984375
I66Y:H67P:S73A,-21.806983947753906
I66Y:H67N:S73G:H86L,-28.71109390258789
I66Y:H67N:S73G:H86F:T93V,-32.84834289550781
I66Y:H67N:S73G:H86F:T93S,-30.655139923095703
I66Y:H67N:S73G:H86F:T93L,-32.14254379272461
I66Y:H67N:S73G:H86F:T93I,-31.244544982910156
I66Y:H67N:S73G:H86F:T93A,-33.55333709716797
I66Y:H67N:S73G:H86L:T93I,-31.952966690063477
I66Y:H67N:S73G:H86V,-29.03826332092285
I66Y:H67N:S73G:H86L:T93V,-33.5567626953125
I66Y:H67N:S73G:H86L:T93S,-31.363561630249023
I66Y:H67N:S73G:H86L:T93L,-32.85096740722656
I66Y:H67N:S73G:H86L:T93A,-34.26176071166992
I66Y:H67N:S73G:H86D,-27.117286682128906
I66Y:H67N:S73G,-23.73814582824707
I66Y:H67N:S73C:T93V,-24.661861419677734
I66Y:H67N:S73G:H86F,-28.002670288085938
I66Y:H67N:S73G:H86D:T93V,-31.96295928955078
I66Y:H67N:S73G:H86D:T93S,-29.769756317138672
I66Y:H67N:S73G:H86D:T93L,-31.257160186767578
I66Y:H67N:S73G:H86D:T93I,-30.359161376953125
I66Y:H67N:S73G:H86D:T93A,-32.66795349121094
I66Y:H67N:S73G:H86V:T93A,-34.588932037353516
I66Y:H67N:S73G:H86V:T93L,-33.17813491821289
I66Y:H67P,-19.895471572875977
I66Y:H67N:T93V,-20.777931213378906
I66Y:H67N:T93S,-18.584728240966797
I66Y:H67N:T93L,-20.072132110595703
I66Y:H67N:T93I,-19.17413330078125
I66Y:H67N:T93A,-21.482927322387695
I66Y:H67P:H86D,-23.274614334106445
I66Y:H67N:S73G:H86V:T93I,-32.28013610839844
I66Y:H67N:S73G:T93V,-28.583816528320312
I66Y:H67N:S73G:T93L,-27.87801742553711
I66Y:H67N:S73G:H86Y,-29.987417221069336
I66Y:H67N:S73G:H86V:T93V,-33.883934020996094
I66Y:H67N:S73G:H86V:T93S,-31.690731048583984
I66Y:H67N:S73G:H86Y:T93A,-35.5380859375
I66Y:H67N:S73G:T93S,-26.390613555908203
I66Y:H67N:S73G:H86Y:T93I,-33.22929000854492
I66Y:H67N:S73G:H86Y:T93S,-32.63988494873047
I66Y:H67N:S73G:T93I,-26.980018615722656
I66Y:H67N:S73G:T93A,-29.28881072998047
I66Y:H67N:S73G:H86Y:T93V,-34.83308792114258
I66Y:H67N:S73G:H86Y:T93L,-34.127288818359375
I66N:S73A:H86V,-19.73369598388672
I66N:S73A:H86L:T93V,-24.252195358276367
I66N:S73A:H86L:T93S,-22.05899429321289
I66N:S73A:H86L:T93L,-23.546398162841797
I66N:S73A:H86L:T93I,-22.64839744567871
I66N:S73A:H86L:T93A,-24.957191467285156
I66N:S73A:H86Y,-20.682849884033203
I66N:S73A:H86V:T93V,-24.579364776611328
I66N:S73A:H86V:T93S,-22.38616371154785
I66N:S73A:H86V:T93L,-23.87356948852539
I66N:S73A:H86V:T93I,-22.975568771362305
I66N:S73A:H86V:T93A,-25.28436279296875
I66N:S73A:H86F,-18.698102951049805
I66N:S73A:H86D:T93V,-22.658390045166016
I66N:S73A:H86D:T93S,-20.465187072753906
I66N:S73A:H86D:T93L,-21.952592849731445
I66N:S73A:H86D:T93I,-21.05459213256836
I66N:S73A:H86D:T93A,-23.363386154174805
I66N:S73A:H86L,-19.406524658203125
I66N:S73A:H86F:T93V,-23.543773651123047
I66N:S73A:H86F:T93S,-21.350570678710938
I66N:S73A:H86F:T93L,-22.837976455688477
I66N:S73A:H86F:T93I,-21.93997573852539
I66N:S73A:H86F:T93A,-24.248769760131836
I66N:S73C:H86F,-20.67051887512207
I66N:S73C:H86D:T93V,-24.63080596923828
I66N:S73C:H86D:T93S,-22.437602996826172
I66N:S73C:H86D:T93L,-23.92500877380371
I66N:S73C:H86D:T93I,-23.027008056640625
I66N:S73C:H86D:T93A,-25.33580207824707
I66N:S73C:H86L,-21.37894058227539
I66N:S73C:H86F:T93V,-25.516189575195312
I66N:S73C:H86F:T93S,-23.322986602783203
I66N:S73C:H86F:T93L,-24.810392379760742
I66N:S73C:H86F:T93I,-23.912391662597656
I66N:S73C:H86F:T93A,-26.2211856842041
I66N:S73A:H86Y:T93V,-25.528518676757812
I66N:S73A:H86Y:T93S,-23.335317611694336
I66N:S73A:H86Y:T93L,-24.822723388671875
I66N:S73A:H86Y:T93I,-23.92472267150879
I66N:S73A:H86Y:T93A,-26.233516693115234
I66N:S73C:H86D,-19.78513526916504
I66N:S73C,-16.40599250793457
I66N:S73A:T93V,-19.279247283935547
I66N:S73A:T93S,-17.086044311523438
I66N:S73A:T93L,-18.573450088500977
I66N:S73A:T93I,-17.67544937133789
I66N:S73A:T93A,-19.984243392944336
I66N:H86D,-15.901205062866211
I66N:H86D:T93A,-21.451871871948242
I66N:H86D:T93I,-19.143077850341797
I66N:H86F,-16.786588668823242
I66N:H86D:T93V,-20.746875762939453
I66N:H86D:T93S,-18.553672790527344
I66N:H86D:T93L,-20.041078567504883
I66N:H67T:S73G:H86Y:T93V,-35.05812072753906
I66N:H67T:S73G:H86Y:T93S,-32.86492156982422
I66N:H67T:S73G:H86Y:T93L,-34.352325439453125
I66N:H67T:S73G:H86Y:T93I,-33.454322814941406
I66N:H67T:S73G:H86Y:T93A,-35.763118743896484
I66N:H67T:S73G:T93I,-27.20505142211914
I66N:H67T:T93V,-21.00296401977539
I66N:H67T:T93S,-18.809762954711914
I66N:H67T:T93L,-20.29716682434082
I66N:H67T:T93I,-19.399166107177734
I66N:H67T:T93A,-21.70796012878418
I66N:H67T:S73G:T93V,-28.808849334716797
I66N:H67T:S73G:T93S,-26.615646362304688
I66N:H67T:S73G:T93L,-28.103052139282227
I66N:H67T:S73G:T93A,-29.513845443725586
I66N:H86F:T93A,-22.337255477905273
I66N:H86F:T93I,-20.028461456298828
I66N:H86F:T93L,-20.926462173461914
I66N:H86Y,-18.77133560180664
I66N:H86V:T93V,-22.667850494384766
I66N:H86V:T93S,-20.47464942932129
I66N:H86V:T93L,-21.962055206298828
I66N:H86Y:T93A,-24.322002410888672
I66N:H86V:T93I,-21.06405258178711
I66N:H86Y:T93I,-22.013206481933594
I66N:H86Y:T93S,-21.423803329467773
I66N:S73A:H86D,-17.812719345092773
I66N:S73A,-14.433576583862305
I66N:H86Y:T93V,-23.61700439453125
I66N:H86Y:T93L,-22.911209106445312
I66N:H86V:T93A,-23.372848510742188
I66N:H86L:T93I,-20.73688316345215
I66N:H86L:T93A,-23.045677185058594
I66N:H86L,-17.495010375976562
I66N:H86F:T93V,-21.632259368896484
I66N:H86F:T93S,-19.439056396484375
I66N:H86L:T93L,-21.634883880615234
I66N:H86L:T93S,-20.147480010986328
I66N:H86V,-17.822181701660156
I66N:H86L:T93V,-22.340681076049805
I66N:S73G:H86Y:T93V,-31.422889709472656
I66N:S73G:H86Y:T93S,-29.22968864440918
I66N:S73G:H86Y:T93L,-30.71709442138672
I66N:S73G:H86Y:T93I,-29.819093704223633
I66N:S73G:H86Y:T93A,-32.12788772583008
I66N:T93V,-17.367733001708984
I66N:T93S,-15.174530982971191
I66N:T93L,-16.661935806274414
I66N:T93I,-15.763935089111328
I66N:T93A,-18.072729110717773
I66N:S73G:T93V,-25.17361831665039
I66N:S73G:T93S,-22.98041534423828
I66N:S73G:T93L,-24.46782112121582
I66N:S73G:T93I,-23.569820404052734
I66N:S73G:T93A,-25.87861442565918
I66Y:H67N:H86D,-19.3114013671875
I66Y:H67N:H86F,-20.19678497314453
I66Y:H67N:H86D:T93V,-24.157073974609375
I66Y:H67N:H86D:T93S,-21.963871002197266
I66Y:H67N:H86D:T93L,-23.451274871826172
I66Y:H67N:H86D:T93I,-22.55327606201172
I66Y:H67N:H86D:T93A,-24.86206817626953
I66Y:H67N,-15.932259559631348
I66N:S73C:H86Y:T93V,-27.500934600830078
I66N:S73C:H86Y:T93S,-25.3077335357666
I66N:S73C:H86Y:T93L,-26.79513931274414
I66N:S73C:H86Y:T93I,-25.897138595581055
I66N:S73C:H86Y:T93A,-28.2059326171875
I66N:S73G:H86D,-23.707090377807617
I66N:S73G,-20.32794761657715
I66N:S73C:T93V,-21.251663208007812
I66N:S73C:T93S,-19.058460235595703
I66N:S73C:T93L,-20.545866012573242
I66N:S73C:T93I,-19.647865295410156
I66N:S73C:T93A,-21.9566593170166
I66N:S73C:H86V,-21.706111907958984
I66N:S73C:H86L:T93V,-26.224611282348633
I66N:S73C:H86L:T93S,-24.031410217285156
I66N:S73C:H86L:T93L,-25.518814086914062
I66N:S73C:H86L:T93I,-24.620813369750977
I66N:S73C:H86L:T93A,-26.929607391357422
I66N:S73C:H86Y,-22.65526580810547
I66N:S73C:H86V:T93V,-26.551780700683594
I66N:S73C:H86V:T93S,-24.358579635620117
I66N:S73C:H86V:T93L,-25.845985412597656
I66N:S73C:H86V:T93I,-24.94798469543457
I66N:S73C:H86V:T93A,-27.256778717041016
I66N:S73G:H86V,-25.628067016601562
I66N:S73G:H86L:T93V,-30.14656639099121
I66N:S73G:H86L:T93S,-27.953365325927734
I66N:S73G:H86L:T93L,-29.44076919555664
I66N:S73G:H86L:T93I,-28.542768478393555
I66N:S73G:H86L:T93A,-30.8515625
I66N:S73G:H86Y,-26.577220916748047
I66N:S73G:H86V:T93V,-30.473735809326172
I66N:S73G:H86V:T93S,-28.280534744262695
I66N:S73G:H86V:T93L,-29.767940521240234
I66N:S73G:H86V:T93I,-28.86993980407715
I66N:S73G:H86V:T93A,-31.178733825683594
I66N:S73G:H86F,-24.59247398376465
I66N:S73G:H86D:T93V,-28.55276107788086
I66N:S73G:H86D:T93S,-26.35955810546875
I66N:S73G:H86D:T93L,-27.84696388244629
I66N:S73G:H86D:T93I,-26.948963165283203
I66N:S73G:H86D:T93A,-29.25775718688965
I66N:S73G:H86L,-25.30089569091797
I66N:S73G:H86F:T93V,-29.43814468383789
I66N:S73G:H86F:T93S,-27.24494171142578
I66N:S73G:H86F:T93L,-28.73234748840332
I66N:S73G:H86F:T93I,-27.834346771240234
I66N:S73G:H86F:T93A,-30.14314079284668
I66Y:H67P:S73A:H86L:T93A,-32.33060073852539
I66Y:H67P:S73A:H86L:T93L,-30.91980743408203
I66Y:H86L,-15.151097297668457
I66Y:H86F:T93V,-19.288345336914062
I66Y:H86F:T93S,-17.095144271850586
I66Y:H86F:T93L,-18.582548141479492
I66Y:H86F:T93I,-17.68454933166504
I66Y:H86F:T93A,-19.993343353271484
I66Y:H86V,-15.478267669677734
I66Y:H86L:T93V,-19.996768951416016
I66Y:H86L:T93S,-17.803565979003906
I66Y:H86L:T93L,-19.290969848632812
I66Y:H86L:T93I,-18.39297103881836
I66Y:H86L:T93A,-20.701765060424805
I66Y:H86D,-13.557291984558105
I66Y:H67T:T93V,-18.6590518951416
I66Y:H67T:T93S,-16.465848922729492
I66Y:H67T:T93L,-17.95325469970703
I66Y:H67T:T93I,-17.055253982543945
I66Y:H67T:T93A,-19.36404800415039
I66Y:H86F,-14.44267463684082
I66Y:H86D:T93V,-18.40296173095703
I66Y:H86D:T93S,-16.209760665893555
I66Y:H86D:T93L,-17.69716453552246
I66Y:H86D:T93I,-16.799165725708008
I66Y:H86D:T93A,-19.107959747314453
I66Y:S73A:H86D,-15.468805313110352
I66Y:S73A,-12.089662551879883
I66Y:S73A:H86F,-16.354188919067383
I66Y:S73A:H86D:T93V,-20.314476013183594
I66Y:S73A:H86D:T93S,-18.121273040771484
I66Y:S73A:H86D:T93L,-19.608678817749023
I66Y:S73A:H86D:T93I,-18.710678100585938
I66Y:S73A:H86D:T93A,-21.019472122192383
I66Y:H67T:S73G:T93V,-26.464937210083008
I66Y:H86Y,-16.42742156982422
I66Y:H86V:T93V,-20.323938369750977
I66Y:H86V:T93S,-18.1307373046875
I66Y:H86V:T93L,-19.618141174316406
I66Y:H86V:T93I,-18.720142364501953
I66Y:H86V:T93A,-21.028934478759766
I66Y:H86Y:T93V,-21.27309226989746
I66Y:H86Y:T93S,-19.079891204833984
I66Y:H86Y:T93L,-20.56729507446289
I66Y:H86Y:T93I,-19.669296264648438
I66Y:H86Y:T93A,-21.97808837890625
I66Y:H67T:S73G:T93S,-24.27173614501953
I66Y:H67T:S73G:T93I,-24.86113929748535
I66Y:H67T:S73G:H86D,-24.998409271240234
I66Y:H67T:S73G,-21.619266510009766
I66Y:H67T:S73C:T93V,-22.54298210144043
I66Y:H67T:S73C:T93S,-20.34977912902832
I66Y:H67T:S73C:T93L,-21.83718490600586
I66Y:H67T:S73C:T93I,-20.939184188842773
I66Y:H67T:S73G:H86F,-25.883792877197266
I66Y:H67T:S73G:H86D:T93V,-29.844079971313477
I66Y:H67T:S73G:H86D:T93S,-27.650876998901367
I66Y:H67T:S73G:H86D:T93L,-29.138282775878906
I66Y:H67T:S73G:H86D:T93I,-28.24028205871582
I66Y:H67T:S73G:H86D:T93A,-30.549076080322266
I66Y:H67T:S73C:T93A,-23.24797821044922
I66Y:H67T:S73C:H86Y,-23.946582794189453
I66Y:H67T:S73C:H86V:T93V,-27.84309959411621
I66Y:H67T:S73C:H86V:T93S,-25.6498966217041
I66Y:H67T:S73C:H86V:T93L,-27.13730239868164
I66Y:H67T:S73C:H86V:T93I,-26.239301681518555
I66Y:H67T:S73C:H86V:T93A,-28.548095703125
I66Y:H67T:S73C:H86Y:T93V,-28.792253494262695
I66Y:H67T:S73C:H86Y:T93S,-26.599050521850586
I66Y:H67T:S73C:H86Y:T93L,-28.086456298828125
I66Y:H67T:S73C:H86Y:T93I,-27.18845558166504
I66Y:H67T:S73C:H86Y:T93A,-29.497249603271484
I66Y:H67T:S73G:H86Y,-27.86853790283203
I66Y:H67T:S73G:H86V:T93V,-31.765056610107422
I66Y:H67T:S73G:H86V:T93S,-29.571853637695312
I66Y:H67T:S73G:H86V:T93L,-31.05925750732422
I66Y:H67T:S73G:H86V:T93I,-30.161258697509766
I66Y:H67T:S73G:H86Y:T93A,-33.41920471191406
I66Y:H67T:S73G:H86V:T93A,-32.47005081176758
I66Y:H67T:S73G:H86Y:T93I,-31.11041259765625
I66Y:H67T:S73G:H86Y:T93S,-30.521007537841797
I66Y:H67T:S73G:T93A,-27.169933319091797
I66Y:H67T:S73G:H86Y:T93V,-32.714210510253906
I66Y:H67T:S73G:H86Y:T93L,-32.0084114074707
I66Y:H67T:S73G:T93L,-25.759140014648438
I66Y:H67T:S73G:H86L,-26.592214584350586
I66Y:H67T:S73G:H86F:T93V,-30.729463577270508
I66Y:H67T:S73G:H86F:T93S,-28.5362606048584
I66Y:H67T:S73G:H86F:T93L,-30.023666381835938
I66Y:H67T:S73G:H86F:T93I,-29.12566566467285
I66Y:H67T:S73G:H86F:T93A,-31.434459686279297
I66Y:H67T:S73G:H86L:T93A,-32.14288330078125
I66Y:H67T:S73G:H86V,-26.919384002685547
I66Y:H67T:S73G:H86L:T93V,-31.437885284423828
I66Y:H67T:S73G:H86L:T93S,-29.24468231201172
I66Y:H67T:S73G:H86L:T93L,-30.732088088989258
I66Y:H67T:S73G:H86L:T93I,-29.834087371826172
I66Y:S73A:H86F:T93A,-21.904855728149414
I66Y:S73G:H86F,-22.248559951782227
I66Y:S73G:H86D:T93V,-26.20884895324707
I66Y:S73G:H86D:T93S,-24.015647888183594
I66Y:S73G:H86D:T93L,-25.5030517578125
I66Y:S73G:H86D:T93I,-24.605051040649414
I66Y:S73G:H86D:T93A,-26.91384506225586
I66Y:S73G:H86L,-22.956981658935547
I66Y:S73G:H86F:T93V,-27.0942325592041
I66Y:S73G:H86F:T93S,-24.901029586791992
I66Y:S73G:H86F:T93L,-26.38843536376953
I66Y:S73G:H86F:T93I,-25.490434646606445
I66Y:S73G:H86F:T93A,-27.79922866821289
I66Y:S73C:H86Y:T93V,-25.157020568847656
I66Y:S73C:H86Y:T93S,-22.96381950378418
I66Y:S73C:H86Y:T93L,-24.45122528076172
I66Y:S73C:H86Y:T93I,-23.553224563598633
I66Y:S73C:H86Y:T93A,-25.862018585205078
I66Y:S73G:H86D,-21.363178253173828
I66Y:S73G,-17.98403549194336
I66Y:S73C:T93V,-18.90774917602539
I66Y:S73C:T93S,-16.714548110961914
I66Y:S73C:T93L,-18.20195198059082
I66Y:S73C:T93I,-17.303953170776367
I66Y:S73C:T93A,-19.612747192382812
I66Y:S73G:H86Y:T93V,-29.0789794921875
I66Y:S73G:H86Y:T93S,-26.88577651977539
I66Y:S73G:H86Y:T93L,-28.373180389404297
I66Y:S73G:H86Y:T93I,-27.475181579589844
I66Y:S73G:H86Y:T93A,-29.78397560119629
I66Y:T93V,-15.023819923400879
I66Y:T93S,-12.830617904663086
I66Y:T93L,-14.318022727966309
I66Y:T93I,-13.420022964477539
I66Y:T93A,-15.728816986083984
I66Y:S73G:T93V,-22.82970428466797
I66Y:S73G:T93S,-20.636503219604492
I66Y:S73G:T93L,-22.12390899658203
I66Y:S73G:T93I,-21.225908279418945
I66Y:S73G:T93A,-23.53470230102539
I66Y:S73G:H86V,-23.28415298461914
I66Y:S73G:H86L:T93V,-27.802654266357422
I66Y:S73G:H86L:T93S,-25.609451293945312
I66Y:S73G:H86L:T93L,-27.09685707092285
I66Y:S73G:H86L:T93I,-26.198856353759766
I66Y:S73G:H86L:T93A,-28.50765037536621
I66Y:S73G:H86Y,-24.233306884765625
I66Y:S73G:H86V:T93V,-28.129825592041016
I66Y:S73G:H86V:T93S,-25.936622619628906
I66Y:S73G:H86V:T93L,-27.424026489257812
I66Y:S73G:H86V:T93I,-26.52602767944336
I66Y:S73G:H86V:T93A,-28.834821701049805
I66Y:S73C:H86Y,-20.311351776123047
I66Y:S73A:H86Y:T93L,-22.478809356689453
I66Y:S73A:H86Y:T93I,-21.580808639526367
I66Y:S73A:H86Y:T93A,-23.889602661132812
I66Y:S73A:H86Y,-18.33893585205078
I66Y:S73A:H86Y:T93S,-20.991403579711914
I66Y:S73A:H86V:T93V,-22.235450744628906
I66Y:S73A:H86Y:T93V,-23.18460464477539
I66Y:S73A:T93V,-16.935333251953125
I66Y:S73A:T93S,-14.742132186889648
I66Y:S73A:T93L,-16.229536056518555
I66Y:S73A:T93I,-15.331537246704102
I66Y:S73A:T93A,-17.640331268310547
I66Y:S73A:H86V:T93S,-20.04224967956543
I66Y:S73A:H86L,-17.062610626220703
I66Y:S73A:H86F:T93V,-21.199859619140625
I66Y:S73A:H86F:T93S,-19.006656646728516
I66Y:S73A:H86F:T93L,-20.494062423706055
I66Y:S73A:H86F:T93I,-19.59606170654297
I66Y:S73A:H86L:T93A,-22.613277435302734
I66Y:S73A:H86V:T93L,-21.52965545654297
I66Y:S73A:H86L:T93I,-20.30448341369629
I66Y:S73A:H86L:T93S,-19.71508026123047
I66Y:S73A:H86V:T93I,-20.631654739379883
I66Y:S73A:H86V:T93A,-22.940448760986328
I66Y:S73A:H86V,-17.389781951904297
I66Y:S73A:H86L:T93V,-21.908281326293945
I66Y:S73A:H86L:T93L,-21.202484130859375
I66Y:S73C,-14.062078475952148
I66Y:S73C:H86L:T93S,-21.687496185302734
I66Y:S73C:H86L:T93L,-23.17490005493164
I66Y:S73C:H86L:T93I,-22.276899337768555
I66Y:S73C:H86L:T93A,-24.585693359375
I66Y:S73C:H86L:T93V,-23.88069725036621
I66Y:S73C:H86V,-19.362197875976562
I66Y:S73C:H86V:T93V,-24.207866668701172
I66Y:S73C:H86V:T93S,-22.014665603637695
I66Y:S73C:H86V:T93L,-23.502071380615234
I66Y:S73C:H86V:T93I,-22.60407066345215
I66Y:S73C:H86V:T93A,-24.912864685058594
I66Y:S73C:H86F:T93V,-23.17227554321289
I66Y:S73C:H86D:T93I,-20.683094024658203
I66Y:S73C:H86D:T93A,-22.99188804626465
I66Y:S73C:H86D,-17.441221237182617
I66Y:S73C:H86D:T93L,-21.58109474182129
I66Y:S73C:H86L,-19.03502655029297
I66Y:S73C:H86D:T93S,-20.09368896484375
I66Y:S73C:H86F,-18.32660484313965
I66Y:S73C:H86F:T93S,-20.97907257080078
I66Y:S73C:H86F:T93L,-22.46647834777832
I66Y:S73C:H86F:T93I,-21.568477630615234
I66Y:S73C:H86F:T93A,-23.87727165222168
I66Y:S73C:H86D:T93V,-22.28689193725586
I66Y:H67P:S73A:H86L:T93I,-30.021806716918945
I66Y:H67P:S73G:H86F:T93A,-37.51655197143555
I66Y:H67P:S73G:H86F,-31.965883255004883
I66Y:H67P:S73G:H86D:T93V,-35.926170349121094
I66Y:H67P:S73G:H86F:T93I,-35.20775604248047
I66Y:H67P:S73G:H86F:T93L,-36.10575866699219
I66Y:H67P:S73G:H86F:T93S,-34.618350982666016
I66Y:H67P:S73G:H86L:T93L,-36.814178466796875
I66Y:H67P:S73G:H86L:T93I,-35.916175842285156
I66Y:H67P:S73G:H86L:T93A,-38.2249755859375
I66Y:H67P:S73G:H86L,-32.6743049621582
I66Y:H67P:S73G:H86F:T93V,-36.811553955078125
I66Y:H67P:S73G:H86D:T93S,-33.732967376708984
I66Y:H67P:S73G:H86D:T93L,-35.220375061035156
I66Y:H67P:S73G:H86D:T93I,-34.32237243652344
I66Y:H67P:S73G:H86D:T93A,-36.631168365478516
I66Y:H67P:S73C:T93I,-27.02127456665039
I66Y:H67P:S73C:T93A,-29.330068588256836
I66Y:H67P:S73C:T93L,-27.919275283813477
I66Y:H67P:S73G:H86L:T93S,-35.32677459716797
I66Y:H67P:S73C:T93S,-26.431869506835938
I66Y:H67P:S73G:H86D,-31.08049964904785
I66Y:H67P:S73G,-27.701358795166016
I66Y:H67P:S73C:T93V,-28.625072479248047
I66Y:H67P:S73G:H86L:T93V,-37.51997375488281
I66Y:H67P:S73G:H86V,-33.0014762878418
I66Y:H67P:S73G:T93S,-30.353824615478516
I66Y:H67P:S73G:T93L,-31.841230392456055
I66Y:H67P:S73G:T93I,-30.94322967529297
I66Y:H67P:S73G:T93A,-33.25202178955078
I66Y:H67P:S73G:T93V,-32.547027587890625
I66Y:H67P:T93V,-24.74114227294922
I66Y:H67P:T93S,-22.54793930053711
I66Y:H67P:T93L,-24.03534507751465
I66Y:H67P:T93I,-23.137344360351562
I66Y:H67P:T93A,-25.44614028930664
I66Y:H67P:S73C:H86Y:T93V,-34.87434387207031
I66Y:H67P:S73G:H86Y:T93V,-38.79629898071289
I66Y:H67P:S73G:H86V:T93L,-37.14134979248047
I66Y:H67P:S73G:H86V:T93I,-36.24334716796875
I66Y:H67P:S73G:H86V:T93A,-38.55214309692383
I66Y:H67P:S73G:H86V:T93S,-35.6539421081543
I66Y:H67P:S73G:H86V:T93V,-37.847145080566406
I66Y:H67P:S73G:H86Y:T93S,-36.60309600830078
I66Y:H67P:S73G:H86Y:T93L,-38.09050369262695
I66Y:H67P:S73G:H86Y:T93I,-37.192501068115234
I66Y:H67P:S73G:H86Y:T93A,-39.50129699707031
I66Y:H67P:S73G:H86Y,-33.95063018798828
I66Y:H67T,-13.81338119506836
I66Y:H67P:S73C:H86Y:T93S,-32.6811408996582
I66Y:H67P:S73C:H86Y:T93I,-33.270545959472656
I66Y:H67P:S73A:H86Y:T93V,-32.90192794799805
I66Y:H67P:S73A:H86Y:T93S,-30.708724975585938
I66Y:H67P:S73A:H86Y:T93L,-32.196128845214844
I66Y:H67P:S73A:H86Y:T93I,-31.29813003540039
I66Y:H67P:S73A:T93A,-27.35765266418457
I66Y:H67P:S73A:T93I,-25.048858642578125
I66Y:H67P:S73A:T93L,-25.94685935974121
I66Y:H67P:S73C:H86D,-27.15854263305664
I66Y:H67P:S73C,-23.779399871826172
I66Y:H67P:S73A:T93V,-26.65265655517578
I66Y:H67P:S73A:T93S,-24.459453582763672
I66Y:H67P:S73A:H86Y:T93A,-33.60692596435547
I66Y:H67P:S73A:H86V,-27.10710334777832
I66Y:H67P:S73A:H86L:T93V,-31.6256046295166
I66Y:H67P:S73A:H86L:T93S,-29.432401657104492
I66Y:H67P:S73A:H86Y,-28.056257247924805
I66Y:H67P:S73A:H86V:T93V,-31.952774047851562
I66Y:H67P:S73A:H86V:T93S,-29.759571075439453
I66Y:H67P:S73A:H86V:T93L,-31.246976852416992
I66Y:H67P:S73A:H86V:T93I,-30.348976135253906
I66Y:H67P:S73A:H86V:T93A,-32.657772064208984
I66Y:H67P:S73C:H86V,-29.079519271850586
I66Y:H67P:S73C:H86L:T93V,-33.5980224609375
I66Y:H67P:S73C:H86L:T93S,-31.404817581176758
I66Y:H67P:S73C:H86L:T93L,-32.8922233581543
I66Y:H67P:S73C:H86L:T93I,-31.99422264099121
I66Y:H67P:S73C:H86L:T93A,-34.303016662597656
I66Y:H67P:S73C:H86V:T93I,-32.32139205932617
I66Y:H67P:S73C:H86Y:T93A,-35.579341888427734
I66Y:H67P:S73C:H86Y,-30.02867317199707
I66Y:H67P:S73C:H86V:T93V,-33.92518997192383
I66Y:H67P:S73C:H86V:T93S,-31.73198699951172
I66Y:H67P:S73C:H86V:T93L,-33.219390869140625
I66Y:H67P:S73C:H86V:T93A,-34.63018798828125
I66Y:H67P:S73C:H86Y:T93L,-34.168548583984375
I66Y:H67P:S73C:H86F,-28.043926239013672
I66Y:H67P:S73C:H86D:T93V,-32.004215240478516
I66Y:H67P:S73C:H86D:T93S,-29.811012268066406
I66Y:H67P:S73C:H86D:T93L,-31.298416137695312
I66Y:H67P:S73C:H86D:T93I,-30.40041732788086
I66Y:H67P:S73C:H86D:T93A,-32.70921325683594
I66Y:H67P:S73C:H86L,-28.752349853515625
I66Y:H67P:S73C:H86F:T93V,-32.88959884643555
I66Y:H67P:S73C:H86F:T93S,-30.696395874023438
I66Y:H67P:S73C:H86F:T93L,-32.183799743652344
I66Y:H67P:S73C:H86F:T93I,-31.28580093383789
I66Y:H67P:S73C:H86F:T93A,-33.59459686279297
I66Y:H67T:S73A:H86Y,-21.974166870117188
I66Y:H67T:S73A:H86V:T93V,-25.870683670043945
I66Y:H67T:S73A:H86V:T93S,-23.677480697631836
I66Y:H67T:S73A:H86V:T93L,-25.164886474609375
I66Y:H67T:S73A:H86V:T93I,-24.26688575744629
I66Y:H67T:S73A:H86V:T93A,-26.575679779052734
I66Y:H67T:S73A:H86Y:T93V,-26.81983757019043
I66Y:H67T:S73A:H86Y:T93S,-24.62663459777832
I66Y:H67T:S73A:H86Y:T93L,-26.11404037475586
I66Y:H67T:S73A:H86Y:T93I,-25.216039657592773
I66Y:H67T:S73A:H86Y:T93A,-27.52483367919922
I66Y:H67T:S73A:H86L,-20.697843551635742
I66Y:H67T:S73A:H86F:T93V,-24.83509063720703
I66Y:H67T:S73A:H86F:T93S,-22.641887664794922
I66Y:H67T:S73A:H86F:T93L,-24.129295349121094
I66Y:H67T:S73A:H86F:T93I,-23.231292724609375
I66Y:H67T:S73A:H86F:T93A,-25.540088653564453
I66Y:H67T:S73A:H86V,-21.025012969970703
I66Y:H67T:S73A:H86L:T93V,-25.543514251708984
I66Y:H67T:S73A:H86L:T93S,-23.350311279296875
I66Y:H67T:S73A:H86L:T93L,-24.837717056274414
I66Y:H67T:S73A:H86L:T93I,-23.939716339111328
I66Y:H67T:S73A:H86L:T93A,-26.248510360717773
I66Y:H67T:S73C:H86L,-22.670259475708008
I66Y:H67T:S73C:H86F:T93V,-26.807506561279297
I66Y:H67T:S73C:H86F:T93S,-24.614303588867188
I66Y:H67T:S73C:H86F:T93L,-26.10171127319336
I66Y:H67T:S73C:H86F:T93I,-25.20370864868164
I66Y:H67T:S73C:H86F:T93A,-27.51250457763672
I66Y:H67T:S73C:H86V,-22.99742889404297
I66Y:H67T:S73C:H86L:T93V,-27.51593017578125
I66Y:H67T:S73C:H86L:T93S,-25.32272720336914
I66Y:H67T:S73C:H86L:T93L,-26.81013298034668
I66Y:H67T:S73C:H86L:T93I,-25.912132263183594
I66Y:H67T:S73C:H86L:T93A,-28.22092628479004
I66Y:H67T:S73C:H86D,-21.076454162597656
I66Y:H67T:S73C,-17.697309494018555
I66Y:H67T:S73A:T93V,-20.570566177368164
I66Y:H67T:S73A:T93S,-18.377363204956055
I66Y:H67T:S73A:T93L,-19.864768981933594
I66Y:H67T:S73A:T93I,-18.966768264770508
I66Y:H67T:S73A:T93A,-21.275562286376953
I66Y:H67T:S73C:H86F,-21.961837768554688
I66Y:H67T:S73C:H86D:T93V,-25.922122955322266
I66Y:H67T:S73C:H86D:T93S,-23.728919982910156
I66Y:H67T:S73C:H86D:T93L,-25.216327667236328
I66Y:H67T:S73C:H86D:T93I,-24.31832504272461
I66Y:H67T:S73C:H86D:T93A,-26.627120971679688
I66Y:H67T:H86F,-18.077905654907227
I66Y:H67T:H86D:T93V,-22.03819465637207
I66Y:H67T:H86D:T93S,-19.844993591308594
I66Y:H67T:H86F:T93A,-23.62857437133789
I66Y:H67T:H86F:T93L,-22.21778106689453
I66Y:H67T:H86L,-18.78632926940918
I66Y:H67T:H86F:T93V,-22.9235782623291
I66Y:H67T:H86F:T93S,-20.730375289916992
I66Y:H67T:H86F:T93I,-21.319780349731445
I66Y:H67T:H86D:T93L,-21.3323974609375
I66Y:H67T:H86D:T93A,-22.74319076538086
I66Y:H67T:H86D:T93I,-20.434396743774414
I66Y:H67T:H86D,-17.192523956298828
I66Y:H67T:H86L:T93A,-24.33699607849121
I66Y:H67T:S73A,-15.724893569946289
I66Y:H67T:H86Y:T93V,-24.9083251953125
I66Y:H67T:S73A:H86D,-19.10403823852539
I66Y:H67T:S73A:H86F,-19.989421844482422
I66Y:H67T:S73A:H86D:T93V,-23.94970703125
I66Y:H67T:S73A:H86D:T93S,-21.75650405883789
I66Y:H67T:S73A:H86D:T93L,-23.243911743164062
I66Y:H67T:S73A:H86D:T93I,-22.345909118652344
I66Y:H67T:S73A:H86D:T93A,-24.654705047607422
I66Y:H67T:H86Y:T93S,-22.71512222290039
I66Y:H67T:H86Y:T93I,-23.304527282714844
I66Y:H67T:H86V,-19.11349868774414
I66Y:H67T:H86L:T93V,-23.631999969482422
I66Y:H67T:H86L:T93S,-21.438796997070312
I66Y:H67T:H86L:T93L,-22.92620277404785
I66Y:H67T:H86L:T93I,-22.028202056884766
I66Y:H67T:H86Y:T93L,-24.202526092529297
I66Y:H67T:H86V:T93I,-22.35537338256836
I66Y:H67T:H86Y:T93A,-25.61332130432129
I66Y:H67T:H86Y,-20.062652587890625
I66Y:H67T:H86V:T93V,-23.959171295166016
I66Y:H67T:H86V:T93S,-21.765968322753906
I66Y:H67T:H86V:T93L,-23.253372192382812
I66Y:H67T:H86V:T93A,-24.664167404174805
I66L:S73C:H86V:T93V,-17.3126277923584
I66L:S73C:H86V:T93S,-15.119425773620605
I66L:S73C:H86V:T93L,-16.606830596923828
I66L:S73C:H86V:T93I,-15.708830833435059
I66L:S73C:H86V:T93A,-18.017623901367188
I66L:S73C:H86Y,-13.41611099243164
I66L:S73C:H86Y:T93V,-18.261781692504883
I66L:S73C:H86Y:T93S,-16.068580627441406
I66L:S73C:H86Y:T93L,-17.555984497070312
I66L:S73C:H86Y:T93I,-16.65798568725586
I66L:S73C:H86Y:T93A,-18.966777801513672
I66L:S73C:H86V,-12.466957092285156
I66L:S73C:H86L:T93V,-16.985458374023438
I66L:S73C:H86L:T93S,-14.792255401611328
I66L:S73C:H86F:T93A,-16.982032775878906
I66L:S73C:H86F,-11.431364059448242
I66L:S73C:H86D:T93V,-15.39165210723877
I66L:S73C:H86D:T93S,-13.198450088500977
I66L:S73C:H86F:T93I,-14.673237800598145
I66L:S73C:H86F:T93L,-15.57123851776123
I66L:S73C:H86F:T93V,-16.277034759521484
I66L:S73C:H86L:T93L,-16.279659271240234
I66L:S73C:H86L:T93I,-15.381659507751465
I66L:S73C:H86L:T93A,-17.690452575683594
I66L:S73C:H86L,-12.139787673950195
I66L:S73C:H86F:T93S,-14.083833694458008
I66L:S73G:H86F:T93L,-19.493194580078125
I66L:S73G:H86F:T93I,-18.59519386291504
I66L:S73G:H86F:T93A,-20.903987884521484
I66L:S73G:H86F:T93S,-18.005788803100586
I66L:S73G:H86F:T93V,-20.198991775512695
I66L:S73G:H86L:T93V,-20.907413482666016
I66L:S73G:H86L:T93S,-18.714210510253906
I66L:S73G:H86L:T93L,-20.201616287231445
I66L:S73G:H86L:T93I,-19.30361557006836
I66L:S73G:H86L:T93A,-21.612409591674805
I66L:S73G:H86L,-16.061742782592773
I66L:S73C:H86D:T93L,-14.6858549118042
I66L:S73G:H86D:T93V,-19.313608169555664
I66L:S73G,-11.088794708251953
I66L:S73C:T93V,-12.012510299682617
I66L:S73C:T93S,-9.819307327270508
I66L:S73C:T93L,-11.30671215057373
I66L:S73C:T93I,-10.408712387084961
I66L:S73C:T93A,-12.717506408691406
I66L:S73G:H86F,-15.353320121765137
I66L:S73G:H86D,-14.467936515808105
I66L:S73G:H86D:T93S,-17.120407104492188
I66L:S73G:H86D:T93L,-18.607810974121094
I66L:S73G:H86D:T93I,-17.709810256958008
I66L:S73G:H86D:T93A,-20.018604278564453
I66L:S73C:H86D:T93I,-13.787854194641113
I66L:S73A:H86F,-9.458948135375977
I66L:S73A:H86D:T93V,-13.419236183166504
I66L:S73A:H86D:T93S,-11.226034164428711
I66L:S73A:H86D:T93L,-12.713438987731934
I66L:S73A:H86D:T93I,-11.815438270568848
I66L:S73A:H86D:T93A,-14.124232292175293
I66L:S73A:H86F:T93A,-15.009615898132324
I66L:S73A:H86L,-10.16737174987793
I66L:S73A:H86F:T93V,-14.304619789123535
I66L:S73A:H86F:T93S,-12.111417770385742
I66L:S73A:H86F:T93L,-13.598822593688965
I66L:S73A:H86F:T93I,-12.700821876525879
I66L:H86Y:T93V,-14.377852439880371
I66L:H86Y:T93S,-12.184650421142578
I66L:H86Y:T93L,-13.672054290771484
I66L:H86Y:T93I,-12.774054527282715
I66L:H86Y:T93A,-15.08284854888916
I66L:S73A:H86L:T93A,-15.718037605285645
I66L:S73A:H86D,-8.573564529418945
I66L:S73A,-5.194422721862793
I66L:S73A:H86L:T93I,-13.4092435836792
I66L:S73A:H86L:T93L,-14.307244300842285
I66L:S73A:H86L:T93S,-12.819839477539062
I66L:S73A:T93S,-7.846891403198242
I66L:S73A:T93L,-9.334296226501465
I66L:S73A:T93I,-8.436296463012695
I66L:S73A:T93A,-10.74509048461914
I66L:S73A:T93V,-10.040094375610352
I66L:S73C:H86D,-10.545980453491211
I66L:S73C,-7.166838645935059
I66L:S73C:H86D:T93A,-16.096649169921875
I66L:S73A:H86Y:T93S,-14.096163749694824
I66L:S73A:H86V,-10.49454116821289
I66L:S73A:H86L:T93V,-15.013041496276855
I66L:S73A:H86V:T93A,-16.045207977294922
I66L:S73A:H86Y:T93V,-16.289365768432617
I66L:S73A:H86V:T93I,-13.736414909362793
I66L:S73A:H86V:T93S,-13.14700984954834
I66L:S73A:H86Y:T93L,-15.583568572998047
I66L:S73A:H86Y:T93I,-14.685568809509277
I66L:S73A:H86Y:T93A,-16.994361877441406
I66L:S73A:H86Y,-11.443695068359375
I66L:S73A:H86V:T93V,-15.340211868286133
I66L:S73A:H86V:T93L,-14.634414672851562
I66L:S73G:H86V,-16.388912200927734
I66N:H67N:H86Y:T93V,-29.371116638183594
I66N:H67N:H86Y:T93S,-27.177913665771484
I66N:H67N:H86Y:T93L,-28.66531753540039
I66N:H67N:H86Y:T93I,-27.767318725585938
I66N:H67N:H86Y:T93A,-30.076112747192383
I66N:H67N:H86Y,-24.52544593811035
I66N:H67N:H86V:T93V,-28.42196273803711
I66N:H67N:H86V:T93S,-26.228759765625
I66N:H67N:H86L:T93I,-26.49099349975586
I66N:H67N:H86L:T93A,-28.799787521362305
I66N:H67N:H86L,-23.249120712280273
I66N:H67N:H86F:T93V,-27.386369705200195
I66N:H67N:H86F:T93S,-25.193166732788086
I66N:H67N:H86L:T93L,-27.388994216918945
I66N:H67N:H86L:T93V,-28.094791412353516
I66N:H67N:H86V:T93L,-27.716163635253906
I66N:H67N:H86V:T93I,-26.818164825439453
I66N:H67N:H86V:T93A,-29.1269588470459
I66N:H67N:H86V,-23.576292037963867
I66N:H67N:H86L:T93S,-25.901588439941406
I66N:H67N:S73A:H86L,-25.160634994506836
I66N:H67N:S73A:H86F:T93V,-29.297882080078125
I66N:H67N:S73A:H86F:T93S,-27.10468292236328
I66N:H67N:S73A:H86F:T93L,-28.592086791992188
I66N:H67N:S73A:H86F:T93I,-27.69408416748047
I66N:H67N:S73A:H86F:T93A,-30.002880096435547
I66N:H67N:S73A:H86V,-25.487804412841797
I66N:H67N:S73A:H86L:T93V,-30.006305694580078
I66N:H67N:S73A:H86L:T93S,-27.8131046295166
I66N:H67N:S73A:H86L:T93L,-29.300508499145508
I66N:H67N:S73A:H86L:T93I,-28.402507781982422
I66N:H67N:S73A:H86L:T93A,-30.711301803588867
I66N:H67N:H86F:T93L,-26.680572509765625
I66N:H67N:S73A:H86D,-23.566829681396484
I66N:H67N:S73A,-20.187686920166016
I66N:H67N:S73A:H86F,-24.452213287353516
I66N:H67N:S73A:H86D:T93V,-28.412498474121094
I66N:H67N:S73A:H86D:T93S,-26.21929931640625
I66N:H67N:S73A:H86D:T93L,-27.706703186035156
I66N:H67N:S73A:H86D:T93I,-26.808700561523438
I66N:H67N:S73A:H86D:T93A,-29.117496490478516
I66N:H67N:H86F:T93I,-25.78257179260254
I66N:H67N:H86F:T93A,-28.091365814208984
I66L:S73G:T93V,-15.934465408325195
I66L:S73G:T93S,-13.741262435913086
I66L:S73G:T93L,-15.228668212890625
I66L:S73G:T93I,-14.330667495727539
I66L:S73G:T93A,-16.639461517333984
I66L:T93A,-8.833576202392578
I66L:T93V,-8.128580093383789
I66L:T93S,-5.935377597808838
I66L:T93L,-7.4227824211120605
I66L:T93I,-6.524782180786133
I66L:S73G:H86Y,-17.33806610107422
I66L:S73G:H86V:T93V,-21.23458480834961
I66L:S73G:H86V:T93S,-19.0413818359375
I66L:S73G:H86V:T93L,-20.528785705566406
I66L:S73G:H86V:T93I,-19.630786895751953
I66L:S73G:H86V:T93A,-21.9395809173584
I66L:S73G:H86Y:T93V,-22.183738708496094
I66L:S73G:H86Y:T93S,-19.990535736083984
I66L:S73G:H86Y:T93L,-21.47793960571289
I66L:S73G:H86Y:T93I,-20.579940795898438
I66L:S73G:H86Y:T93A,-22.888734817504883
I66N:H67N:H86D,-21.655315399169922
I66N:H67N:H86D:T93A,-27.205982208251953
I66N:H67N:H86D:T93L,-25.795188903808594
I66N:H67N:H86F,-22.540699005126953
I66N:H67N:H86D:T93V,-26.500986099243164
I66N:H67N:H86D:T93S,-24.307785034179688
I66N:H67N:H86D:T93I,-24.897188186645508
I66N:H67N,-18.276172637939453
I66L:H67T:S73A:H86F,-13.0941801071167
I66L:H67T:S73A:H86F:T93A,-18.644847869873047
I66L:H67T:S73A:H86F:T93I,-16.33605194091797
I66L:H67T:S73A:H86F:T93L,-17.234054565429688
I66L:H67T:S73A:H86L:T93A,-19.353269577026367
I66L:H67T:S73A:H86L,-13.802602767944336
I66L:H67T:S73A:H86F:T93V,-17.939849853515625
I66L:H67T:S73A:H86F:T93S,-15.746648788452148
I66L:H67T:S73A:H86D:T93V,-17.054466247558594
I66L:H67T:S73A:H86D:T93S,-14.861265182495117
I66L:H67T:S73A:H86D:T93L,-16.348670959472656
I66L:H67T:S73A,-8.829654693603516
I66L:H67T:S73A:H86L:T93I,-17.044475555419922
I66L:H67T:S73A:H86D:T93I,-15.450669288635254
I66L:H67T:S73A:H86D:T93A,-17.759464263916016
I66L:H67T:S73A:H86D,-12.208796501159668
I66L:H67T:S73A:H86L:T93L,-17.942476272583008
I66L:H67T:S73A:H86L:T93S,-16.45507049560547
I66L:H67T:S73A:H86L:T93V,-18.648273468017578
I66L:H67T:S73A:T93V,-13.675325393676758
I66L:H67T:S73A:T93S,-11.482122421264648
I66L:H67T:S73A:T93L,-12.969528198242188
I66L:H67T:S73A:T93I,-12.071527481079102
I66L:H67T:S73A:T93A,-14.380321502685547
I66L:H67T:S73C,-10.802070617675781
I66L:H67T:S73C:H86D,-14.181212425231934
I66L:H67T:S73A:H86Y:T93V,-19.924596786499023
I66L:H67T:S73A:H86V:T93L,-18.26964569091797
I66L:H67T:S73A:H86V:T93I,-17.371644973754883
I66L:H67T:S73A:H86V:T93A,-19.680438995361328
I66L:H67T:S73A:H86V,-14.129772186279297
I66L:H67T:S73A:H86V:T93S,-16.782241821289062
I66L:H67T:S73A:H86V:T93V,-18.97544288635254
I66L:H67T:S73A:H86Y:T93S,-17.731395721435547
I66L:H67T:S73A:H86Y:T93L,-19.218799591064453
I66L:H67T:S73A:H86Y:T93I,-18.320798873901367
I66L:H67T:S73A:H86Y:T93A,-20.629592895507812
I66L:H67T:S73A:H86Y,-15.078926086425781
I66L:H67T:S73C:H86D:T93A,-19.73188018798828
I66L:H67T:H86D,-10.297283172607422
I66L:H67T:H86D:T93S,-12.949751853942871
I66L:H67T:H86D:T93L,-14.437156677246094
I66L:H67T:H86D:T93I,-13.539155960083008
I66L:H67T:H86D:T93A,-15.847949981689453
I66L:H67P:T93V,-17.845901489257812
I66L:H67P:T93S,-15.652700424194336
I66L:H67P:T93L,-17.140104293823242
I66L:H67P:T93I,-16.242103576660156
I66L:H67P:T93A,-18.550899505615234
I66F:H67T:H86F:T93I,-15.747993469238281
I66L:H67T:H86D:T93V,-15.142953872680664
I66L:H67T,-6.918140411376953
I66L:H67T:H86F,-11.182666778564453
I66L:H67T:H86Y,-13.167411804199219
I66L:H67T:H86V:T93V,-17.06393051147461
I66L:H67T:H86V:T93S,-14.8707275390625
I66L:H67T:H86V:T93L,-16.358131408691406
I66L:H67T:H86V:T93I,-15.460132598876953
I66L:H67T:H86V:T93A,-17.7689266204834
I66L:H67T:H86Y:T93V,-18.013084411621094
I66L:H67T:H86Y:T93S,-15.819881439208984
I66L:H67T:H86Y:T93L,-17.30728530883789
I66L:H67T:H86Y:T93I,-16.409286499023438
I66L:H67T:H86Y:T93A,-18.718080520629883
I66L:H67T:H86F:T93V,-16.028337478637695
I66L:H67T:H86F:T93S,-13.835134506225586
I66L:H67T:H86F:T93L,-15.322540283203125
I66L:H67T:H86F:T93I,-14.424539566040039
I66L:H67T:H86F:T93A,-16.733333587646484
I66L:H67T:H86L,-11.891088485717773
I66L:H67T:H86V,-12.218257904052734
I66L:H67T:H86L:T93V,-16.736759185791016
I66L:H67T:H86L:T93S,-14.543557167053223
I66L:H67T:H86L:T93L,-16.030961990356445
I66L:H67T:H86L:T93I,-15.13296127319336
I66L:H67T:H86L:T93A,-17.441755294799805
I66L:H67T:S73C:H86D:T93I,-17.423084259033203
I66L:H67T:S73C:H86D:T93L,-18.321086883544922
I66L:H67T:S73C:H86D:T93S,-16.833681106567383
I66L:H67T:S73G:T93V,-19.5696964263916
I66L:H67T:S73G:T93S,-17.376495361328125
I66L:H67T:S73G:T93L,-18.86389923095703
I66L:H67T:S73G:T93I,-17.965898513793945
I66L:H67T:S73G:T93A,-20.27469253540039
I66L:H67T:T93A,-12.468807220458984
I66L:H86D,-6.662051200866699
I66L:H67T:T93V,-11.763811111450195
I66L:H67T:T93S,-9.570609092712402
I66L:H67T:T93L,-11.058013916015625
I66L:H67T:T93I,-10.160013198852539
I66L:H67T:S73G:H86Y,-20.973297119140625
I66L:H67T:S73G:H86V:T93V,-24.869815826416016
I66L:H67T:S73G:H86V:T93S,-22.676612854003906
I66L:H67T:S73G:H86V:T93L,-24.164016723632812
I66L:H67T:S73G:H86V:T93I,-23.26601791381836
I66L:H67T:S73G:H86V:T93A,-25.574810028076172
I66L:H67T:S73G:H86Y:T93V,-25.8189697265625
I66L:H67T:S73G:H86Y:T93S,-23.62576675415039
I66L:H67T:S73G:H86Y:T93L,-25.113170623779297
I66L:H67T:S73G:H86Y:T93I,-24.215171813964844
I66L:H67T:S73G:H86Y:T93A,-26.523963928222656
I66L:H86V,-8.583026885986328
I66L:H86L:T93V,-13.10152816772461
I66L:H86L:T93S,-10.9083251953125
I66L:H86L:T93L,-12.395730972290039
I66L:H86L:T93I,-11.497730255126953
I66L:H86L:T93A,-13.806524276733398
I66L:H86Y,-9.532180786132812
I66L:H86V:T93V,-13.428698539733887
I66L:H86V:T93S,-11.235496520996094
I66L:H86V:T93L,-12.722900390625
I66L:H86V:T93I,-11.82490062713623
I66L:H86V:T93A,-14.133694648742676
I66L:H86F,-7.5474348068237305
I66L:H86D:T93V,-11.507722854614258
I66L:H86D:T93S,-9.314519882202148
I66L:H86D:T93L,-10.801924705505371
I66L:H86D:T93I,-9.903924942016602
I66L:H86D:T93A,-12.212718963623047
I66L:H86L,-8.255857467651367
I66L:H86F:T93V,-12.393106460571289
I66L:H86F:T93S,-10.19990348815918
I66L:H86F:T93L,-11.687308311462402
I66L:H86F:T93I,-10.789308547973633
I66L:H86F:T93A,-13.098102569580078
I66L:H67T:S73C:H86V:T93I,-19.34406089782715
I66L:H67T:S73C:H86V:T93A,-21.652854919433594
I66L:H67T:S73C:H86V:T93L,-20.242061614990234
I66L:H67T:S73C:H86V:T93S,-18.754657745361328
I66L:H67T:S73C:H86Y,-17.051342010498047
I66L:H67T:S73C:H86Y:T93S,-19.703811645507812
I66L:H67T:S73C:H86Y:T93L,-21.19121551513672
I66L:H67T:S73C:H86Y:T93I,-20.293214797973633
I66L:H67T:S73C:H86Y:T93A,-22.602008819580078
I66L:H67T:S73C:H86V:T93V,-20.947858810424805
I66L:H67T:S73C:H86Y:T93V,-21.89701271057129
I66L:H67T:S73C:H86V,-16.102188110351562
I66L:H67T:S73C:H86L:T93S,-18.427486419677734
I66L:H67T:S73C:H86F:T93L,-19.206470489501953
I66L:H67T:S73C:H86F:T93I,-18.308467864990234
I66L:H67T:S73C:H86F:T93A,-20.617263793945312
I66L:H67T:S73C:H86F,-15.066596031188965
I66L:H67T:S73C:H86D:T93V,-19.02688217163086
I66L:H67T:S73C:H86F:T93S,-17.719064712524414
I66L:H67T:S73C:H86L:T93V,-20.620689392089844
I66L:H67T:S73C:H86F:T93V,-19.91226577758789
I66L:H67T:S73C:H86L:T93L,-19.914892196655273
I66L:H67T:S73C:H86L:T93I,-19.016891479492188
I66L:H67T:S73C:H86L:T93A,-21.325685501098633
I66L:H67T:S73C:H86L,-15.775018692016602
I66L:H67T:S73G:H86F:T93S,-21.641021728515625
I66L:H67T:S73G:H86F:T93L,-23.12842559814453
I66L:H67T:S73G:H86F:T93I,-22.230424880981445
I66L:H67T:S73G:H86F:T93A,-24.53921890258789
I66L:H67T:S73G:H86F,-18.98855209350586
I66L:H67T:S73G:H86F:T93V,-23.8342227935791
I66L:H67T:S73G:H86D:T93V,-22.94883918762207
I66L:H67T:S73G:H86L,-19.69697380065918
I66L:H67T:S73G:H86V,-20.02414321899414
I66L:H67T:S73G:H86L:T93V,-24.542644500732422
I66L:H67T:S73G:H86L:T93S,-22.349441528320312
I66L:H67T:S73G:H86L:T93L,-23.83684730529785
I66L:H67T:S73G:H86L:T93I,-22.938846588134766
I66L:H67T:S73G:H86L:T93A,-25.24764060974121
I66L:H67T:S73G:H86D:T93S,-20.755638122558594
I66L:H67T:S73G:H86D:T93I,-21.345041275024414
I66L:H67T:S73C:T93V,-15.647741317749023
I66L:H67T:S73C:T93S,-13.454538345336914
I66L:H67T:S73C:T93L,-14.941944122314453
I66L:H67T:S73C:T93I,-14.043943405151367
I66L:H67T:S73C:T93A,-16.352737426757812
I66L:H67T:S73G:H86D:T93L,-22.2430419921875
I66L:H67T:S73G:H86D:T93A,-23.65383529663086
I66L:H67T:S73G:H86D,-18.103168487548828
I66L:H67T:S73G,-14.72402572631836
I66N:H67T:H86F,-20.42181968688965
I66N:H67T:H86D:T93V,-24.38210678100586
I66N:H67T:H86D:T93S,-22.18890380859375
I66N:H67T:H86D:T93L,-23.67630958557129
I66N:H67T:H86D:T93I,-22.778308868408203
I66N:H67T:H86D:T93A,-25.08710289001465
I66N:H67T:H86L,-21.13024139404297
I66N:H67T:H86F:T93V,-25.26749038696289
I66N:H67T:H86F:T93S,-23.07428741455078
I66N:H67T:H86F:T93L,-24.56169319152832
I66N:H67T:H86F:T93I,-23.663692474365234
I66N:H67T:H86F:T93A,-25.97248649597168
I66N:H67T,-16.15729331970215
I66N:H67T:H86D,-19.536436080932617
I66N:H67T:H86Y:T93V,-27.252235412597656
I66N:H67T:H86Y:T93S,-25.05903434753418
I66N:H67T:H86Y:T93L,-26.54644012451172
I66N:H67T:H86Y:T93I,-25.648439407348633
I66N:H67T:S73A:H86D:T93A,-26.998615264892578
I66N:H67T:S73A:H86D,-21.447948455810547
I66N:H67T:S73A,-18.06880760192871
I66N:H67T:H86Y:T93A,-27.957233428955078
I66N:H67T:H86V,-21.457412719726562
I66N:H67T:H86L:T93V,-25.97591209411621
I66N:H67T:H86L:T93S,-23.782711029052734
I66N:H67T:H86L:T93L,-25.27011489868164
I66N:H67T:H86L:T93I,-24.372114181518555
I66N:H67T:H86L:T93A,-26.680908203125
I66N:H67T:H86V:T93A,-27.008079528808594
I66N:H67T:H86Y,-22.406566619873047
I66N:H67T:H86V:T93V,-26.303081512451172
I66N:H67T:H86V:T93S,-24.109880447387695
I66N:H67T:H86V:T93L,-25.597286224365234
I66N:H67T:H86V:T93I,-24.69928550720215
I66N:H67T:S73A:H86D:T93I,-24.689823150634766
I66N:H67P:S73G:H86F,-34.30979537963867
I66N:H67P:S73G:H86D:T93V,-38.270084381103516
I66N:H67P:S73G:H86D:T93S,-36.076881408691406
I66N:H67P:S73G:H86D:T93L,-37.56428527832031
I66N:H67P:S73G:H86D:T93I,-36.66628646850586
I66N:H67P:S73G:H86D:T93A,-38.97507858276367
I66N:H67P:S73G:H86L,-35.018218994140625
I66N:H67P:S73G:H86F:T93V,-39.15546798706055
I66N:H67P:S73G:H86F:T93S,-36.96226501464844
I66N:H67P:S73G:H86F:T93L,-38.449668884277344
I66N:H67P:S73G:H86F:T93I,-37.55167007446289
I66N:H67P:S73G:H86F:T93A,-39.8604621887207
I66N:H67P:S73C:H86Y:T93V,-37.218257904052734
I66N:H67P:S73C:H86Y:T93S,-35.025054931640625
I66N:H67P:S73C:H86Y:T93L,-36.51245880126953
I66N:H67P:S73C:H86Y:T93I,-35.61445999145508
I66N:H67P:S73C:H86Y:T93A,-37.92325210571289
I66N:H67P:S73G:H86D,-33.42441177368164
I66N:H67P:S73G,-30.045269012451172
I66N:H67P:S73C:T93V,-30.968984603881836
I66N:H67P:S73C:T93S,-28.775781631469727
I66N:H67P:S73C:T93L,-30.263187408447266
I66N:H67P:S73C:T93I,-29.36518669128418
I66N:H67P:S73C:T93A,-31.673980712890625
I66N:H67P:S73G:H86Y:T93V,-41.14021301269531
I66N:H67P:S73G:H86Y:T93S,-38.9470100402832
I66N:H67P:S73G:H86Y:T93L,-40.43441390991211
I66N:H67P:S73G:H86Y:T93I,-39.536415100097656
I66N:H67P:S73G:H86Y:T93A,-41.84520721435547
I66N:H67P:T93V,-27.08505630493164
I66N:H67P:T93S,-24.89185333251953
I66N:H67P:T93L,-26.379257202148438
I66N:H67P:T93I,-25.481258392333984
I66N:H67P:T93A,-27.790050506591797
I66N:H67P:S73G:T93V,-34.89093780517578
I66N:H67P:S73G:T93S,-32.69773864746094
I66N:H67P:S73G:T93L,-34.185142517089844
I66N:H67P:S73G:T93I,-33.287139892578125
I66N:H67P:S73G:T93A,-35.5959358215332
I66N:H67P:S73G:H86V,-35.34538650512695
I66N:H67P:S73G:H86L:T93V,-39.8638916015625
I66N:H67P:S73G:H86L:T93S,-37.670684814453125
I66N:H67P:S73G:H86L:T93L,-39.15808868408203
I66N:H67P:S73G:H86L:T93I,-38.260093688964844
I66N:H67P:S73G:H86L:T93A,-40.568885803222656
I66N:H67P:S73G:H86Y,-36.29454040527344
I66N:H67P:S73G:H86V:T93V,-40.19105911254883
I66N:H67P:S73G:H86V:T93S,-37.99785614013672
I66N:H67P:S73G:H86V:T93L,-39.485260009765625
I66N:H67P:S73G:H86V:T93I,-38.58726119995117
I66N:H67P:S73G:H86V:T93A,-40.896053314208984
I66N:H67T:S73A:H86D:T93L,-25.58782196044922
I66N:H67T:S73A:H86D:T93S,-24.100418090820312
I66N:H67T:S73A:H86D:T93V,-26.293621063232422
I66N:H67T:S73C:H86Y:T93V,-31.136165618896484
I66N:H67T:S73C:H86Y:T93S,-28.942964553833008
I66N:H67T:S73C:H86Y:T93L,-30.430368423461914
I66N:H67T:S73C:H86Y:T93I,-29.532367706298828
I66N:H67T:S73C:H86Y:T93A,-31.841161727905273
I66N:H67T:S73C:T93A,-25.591890335083008
I66N:H67T:S73C:T93I,-23.283096313476562
I66N:H67T:S73G:H86D,-27.342321395874023
I66N:H67T:S73G,-23.963178634643555
I66N:H67T:S73C:T93V,-24.88689422607422
I66N:H67T:S73C:T93S,-22.69369125366211
I66N:H67T:S73C:T93L,-24.18109703063965
I66N:H67T:S73C:H86V,-25.341341018676758
I66N:H67T:S73C:H86L:T93V,-29.85984230041504
I66N:H67T:S73C:H86L:T93S,-27.666641235351562
I66N:H67T:S73C:H86V:T93A,-30.89200782775879
I66N:H67T:S73C:H86Y,-26.290494918823242
I66N:H67T:S73C:H86V:T93V,-30.18701171875
I66N:H67T:S73C:H86V:T93S,-27.993810653686523
I66N:H67T:S73C:H86V:T93L,-29.48121452331543
I66N:H67T:S73C:H86V:T93I,-28.583213806152344
I66N:H67T:S73G:H86V,-29.26329803466797
I66N:H67T:S73G:H86L:T93V,-33.78179931640625
I66N:H67T:S73G:H86L:T93S,-31.58859634399414
I66N:H67T:S73G:H86L:T93L,-33.07600021362305
I66N:H67T:S73G:H86L:T93I,-32.178001403808594
I66N:H67T:S73G:H86L:T93A,-34.486793518066406
I66N:H67T:S73G:H86Y,-30.212451934814453
I66N:H67T:S73G:H86V:T93V,-34.10896682739258
I66N:H67T:S73G:H86V:T93S,-31.915767669677734
I66N:H67T:S73G:H86V:T93L,-33.40317153930664
I66N:H67T:S73G:H86V:T93I,-32.50516891479492
I66N:H67T:S73G:H86V:T93A,-34.81396484375
I66N:H67T:S73C:H86L:T93L,-29.15404510498047
I66N:H67T:S73G:H86F,-28.227705001831055
I66N:H67T:S73G:H86D:T93V,-32.187992095947266
I66N:H67T:S73G:H86D:T93S,-29.99479103088379
I66N:H67T:S73G:H86D:T93L,-31.482194900512695
I66N:H67T:S73G:H86D:T93I,-30.58419418334961
I66N:H67T:S73G:H86D:T93A,-32.89299011230469
I66N:H67T:S73G:H86L,-28.936126708984375
I66N:H67T:S73G:H86F:T93V,-33.0733757019043
I66N:H67T:S73G:H86F:T93S,-30.88017463684082
I66N:H67T:S73G:H86F:T93L,-32.367576599121094
I66N:H67T:S73G:H86F:T93I,-31.46957778930664
I66N:H67T:S73G:H86F:T93A,-33.77837371826172
I66N:H67T:S73C:H86L:T93I,-28.256044387817383
I66N:H67T:S73C:H86L:T93A,-30.564838409423828
I66N:H67T:S73A:H86V:T93V,-28.214595794677734
I66N:H67T:S73A:H86V:T93S,-26.021394729614258
I66N:H67T:S73A:H86V:T93L,-27.508798599243164
I66N:H67T:S73A:H86V:T93I,-26.610797882080078
I66N:H67T:S73A:H86V:T93A,-28.919591903686523
I66N:H67T:S73A:H86Y,-24.318078994750977
I66N:H67T:S73A:H86Y:T93V,-29.16374969482422
I66N:H67T:S73A:H86Y:T93S,-26.970548629760742
I66N:H67T:S73A:H86Y:T93L,-28.45795249938965
I66N:H67T:S73A:H86Y:T93I,-27.559951782226562
I66N:H67T:S73A:H86Y:T93A,-29.868745803833008
I66N:H67T:S73A:H86F:T93L,-26.47320556640625
I66N:H67T:S73A:H86F:T93I,-25.575206756591797
I66N:H67T:S73A:H86F:T93A,-27.88399887084961
I66N:H67T:S73A:H86F,-22.333332061767578
I66N:H67T:S73A:H86F:T93S,-24.985801696777344
I66N:H67T:S73A:H86V,-23.368925094604492
I66N:H67T:S73A:H86F:T93V,-27.179004669189453
I66N:H67T:S73A:H86L:T93V,-27.887426376342773
I66N:H67T:S73A:H86L:T93S,-25.694225311279297
I66N:H67T:S73A:H86L:T93L,-27.181629180908203
I66N:H67T:S73A:H86L:T93I,-26.283628463745117
I66N:H67T:S73A:H86L:T93A,-28.592422485351562
I66N:H67T:S73A:H86L,-23.04175567626953
I66N:H67T:S73C:H86F:T93I,-27.547622680664062
I66N:H67T:S73C:H86F:T93A,-29.856414794921875
I66N:H67T:S73C:H86F:T93L,-28.445621490478516
I66N:H67T:S73C:H86F:T93S,-26.95821762084961
I66N:H67T:S73C:H86L,-25.014171600341797
I66N:H67T:S73C:H86F:T93V,-29.15142059326172
I66N:H67T:S73C:H86F,-24.305747985839844
I66N:H67T:S73C:H86D:T93S,-26.072834014892578
I66N:H67T:S73C,-20.041223526000977
I66N:H67T:S73A:T93V,-22.914478302001953
I66N:H67T:S73A:T93S,-20.721275329589844
I66N:H67T:S73A:T93L,-22.208681106567383
I66N:H67T:S73A:T93I,-21.310680389404297
I66N:H67T:S73A:T93A,-23.619474411010742
I66N:H67T:S73C:H86D:T93V,-28.266036987304688
I66N:H67T:S73C:H86D,-23.420364379882812
I66N:H67T:S73C:H86D:T93L,-27.560237884521484
I66N:H67T:S73C:H86D:T93I,-26.66223907470703
I66N:H67T:S73C:H86D:T93A,-28.971031188964844
I66N:H67N:S73G:H86L,-31.05500602722168
I66N:H67N:S73G:H86F:T93V,-35.19225311279297
I66N:H67N:S73G:H86F:T93S,-32.999053955078125
I66N:H67N:S73G:H86F:T93L,-34.48645782470703
I66N:H67N:S73G:H86F:T93I,-33.58845520019531
I66N:H67N:S73G:H86F:T93A,-35.89725112915039
I66N:H67N:S73G:H86V,-31.38217544555664
I66N:H67N:S73G:H86L:T93V,-35.90067672729492
I66N:H67N:S73G:H86L:T93S,-33.70747375488281
I66N:H67N:S73G:H86L:T93L,-35.19487762451172
I66N:H67N:S73G:H86L:T93I,-34.296878814697266
I66N:H67N:S73G:H86L:T93A,-36.605674743652344
I66N:H67N:S73G:H86D,-29.461200714111328
I66N:H67N:S73G,-26.08205795288086
I66N:H67N:S73C:T93V,-27.005773544311523
I66N:H67N:S73C:T93S,-24.812570571899414
I66N:H67N:S73C:T93L,-26.299976348876953
I66N:H67N:S73C:T93I,-25.401975631713867
I66N:H67N:S73C:T93A,-27.710769653320312
I66N:H67N:S73G:H86F,-30.34658432006836
I66N:H67N:S73G:H86D:T93V,-34.30686950683594
I66N:H67N:S73G:H86D:T93S,-32.113670349121094
I66N:H67N:S73G:H86D:T93L,-33.60107421875
I66N:H67N:S73G:H86D:T93I,-32.70307159423828
I66N:H67N:S73G:H86D:T93A,-35.01186752319336
I66N:H67N:S73G:T93V,-30.9277286529541
I66N:H67N:S73G:T93S,-28.734527587890625
I66N:H67N:S73G:T93L,-30.22193145751953
I66N:H67N:S73G:T93I,-29.323930740356445
I66N:H67N:S73G:T93A,-31.63272476196289
I66N:H67N:T93A,-23.826839447021484
I66N:H67P,-22.239383697509766
I66N:H67N:T93V,-23.121843338012695
I66N:H67N:T93S,-20.92864227294922
I66N:H67N:T93L,-22.416046142578125
I66N:H67N:T93I,-21.51804542541504
I66N:H67N:S73G:H86Y,-32.331329345703125
I66N:H67N:S73G:H86V:T93V,-36.227848052978516
I66N:H67N:S73G:H86V:T93S,-34.034645080566406
I66N:H67N:S73G:H86V:T93L,-35.52204895019531
I66N:H67N:S73G:H86V:T93I,-34.62405014038086
I66N:H67N:S73G:H86V:T93A,-36.93284225463867
I66N:H67N:S73G:H86Y:T93V,-37.177001953125
I66N:H67N:S73G:H86Y:T93S,-34.98379898071289
I66N:H67N:S73G:H86Y:T93L,-36.4712028503418
I66N:H67N:S73G:H86Y:T93I,-35.573204040527344
I66N:H67N:S73G:H86Y:T93A,-37.881996154785156
I66N:H67N:S73C:H86D,-25.53924560546875
I66N:H67N:S73C,-22.16010284423828
I66N:H67N:S73A:T93V,-25.033357620239258
I66N:H67N:S73A:T93S,-22.84015464782715
I66N:H67N:S73A:T93L,-24.327560424804688
I66N:H67N:S73A:T93I,-23.4295597076416
I66N:H67N:S73A:T93A,-25.738353729248047
I66N:H67N:S73C:H86F,-26.42462921142578
I66N:H67N:S73C:H86D:T93V,-30.38491439819336
I66N:H67N:S73C:H86D:T93S,-28.191715240478516
I66N:H67N:S73C:H86D:T93L,-29.679119110107422
I66N:H67N:S73C:H86D:T93I,-28.781116485595703
I66N:H67N:S73C:H86D:T93A,-31.08991241455078
I66N:H67N:S73A:H86Y,-26.43695831298828
I66N:H67N:S73A:H86V:T93V,-30.33347511291504
I66N:H67N:S73A:H86V:T93S,-28.140274047851562
I66N:H67N:S73A:H86V:T93L,-29.62767791748047
I66N:H67N:S73A:H86V:T93I,-28.729677200317383
I66N:H67N:S73A:H86V:T93A,-31.038471221923828
I66N:H67N:S73A:H86Y:T93V,-31.282629013061523
I66N:H67N:S73A:H86Y:T93S,-29.089427947998047
I66N:H67N:S73A:H86Y:T93L,-30.576831817626953
I66N:H67N:S73A:H86Y:T93I,-29.678831100463867
I66N:H67N:S73A:H86Y:T93A,-31.987625122070312
I66N:H67N:S73C:H86Y,-28.409374237060547
I66N:H67N:S73C:H86V:T93V,-32.30589294433594
I66N:H67N:S73C:H86V:T93S,-30.112689971923828
I66N:H67N:S73C:H86V:T93L,-31.600093841552734
I66N:H67N:S73C:H86V:T93I,-30.70209312438965
I66N:H67N:S73C:H86V:T93A,-33.010887145996094
I66N:H67N:S73C:H86Y:T93V,-33.255043029785156
I66N:H67N:S73C:H86Y:T93S,-31.061843872070312
I66N:H67N:S73C:H86Y:T93L,-32.54924774169922
I66N:H67N:S73C:H86Y:T93I,-31.651247024536133
I66N:H67N:S73C:H86Y:T93A,-33.96004104614258
I66N:H67N:S73C:H86L,-27.1330509185791
I66N:H67N:S73C:H86F:T93V,-31.27029800415039
I66N:H67N:S73C:H86F:T93S,-29.077098846435547
I66N:H67N:S73C:H86F:T93L,-30.564502716064453
I66N:H67N:S73C:H86F:T93I,-29.666500091552734
I66N:H67N:S73C:H86F:T93A,-31.975296020507812
I66N:H67N:S73C:H86V,-27.460220336914062
I66N:H67N:S73C:H86L:T93V,-31.978721618652344
I66N:H67N:S73C:H86L:T93S,-29.785520553588867
I66N:H67N:S73C:H86L:T93L,-31.272924423217773
I66N:H67N:S73C:H86L:T93I,-30.374923706054688
I66N:H67N:S73C:H86L:T93A,-32.6837158203125
I66N:H67P:S73A:H86Y:T93V,-35.24584197998047
I66N:H67P:S73A:H86Y:T93S,-33.05263900756836
I66N:H67P:S73A:H86Y:T93L,-34.540042877197266
I66N:H67P:S73A:H86Y:T93I,-33.64204406738281
I66N:H67P:S73A:H86Y:T93A,-35.950836181640625
I66N:H67P:S73C:H86D,-29.502456665039062
I66N:H67P:S73C,-26.123313903808594
I66N:H67P:S73A:T93V,-28.99656867980957
I66N:H67P:S73A:T93S,-26.80336570739746
I66N:H67P:S73A:T93L,-28.290771484375
I66N:H67P:S73A:T93I,-27.392770767211914
I66N:H67P:S73A:T93A,-29.70156478881836
I66N:H67P:S73A:H86V,-29.45101547241211
I66N:H67P:S73A:H86L:T93V,-33.96951675415039
I66N:H67P:S73A:H86L:T93S,-31.776315689086914
I66N:H67P:S73A:H86L:T93L,-33.26371765136719
I66N:H67P:S73A:H86L:T93I,-32.365718841552734
I66N:H67P:S73A:H86L:T93A,-34.67451095581055
I66N:H67P:S73A:H86Y,-30.400169372558594
I66N:H67P:S73A:H86V:T93V,-34.296688079833984
I66N:H67P:S73A:H86V:T93S,-32.103485107421875
I66N:H67P:S73A:H86V:T93L,-33.59088897705078
I66N:H67P:S73A:H86V:T93I,-32.69289016723633
I66N:H67P:S73A:H86V:T93A,-35.00168228149414
I66N:H67P:S73C:H86V,-31.423431396484375
I66N:H67P:S73C:H86L:T93V,-35.941932678222656
I66N:H67P:S73C:H86L:T93S,-33.74873352050781
I66N:H67P:S73C:H86L:T93L,-35.23613739013672
I66N:H67P:S73C:H86L:T93I,-34.338134765625
I66N:H67P:S73C:H86L:T93A,-36.64692687988281
I66N:H67P:S73C:H86Y,-32.37258529663086
I66N:H67P:S73C:H86V:T93V,-36.26910400390625
I66N:H67P:S73C:H86V:T93S,-34.07590103149414
I66N:H67P:S73C:H86V:T93L,-35.56330490112305
I66N:H67P:S73C:H86V:T93I,-34.665306091308594
I66N:H67P:S73C:H86V:T93A,-36.974098205566406
I66N:H67P:S73C:H86F,-30.387840270996094
I66N:H67P:S73C:H86D:T93V,-34.34812927246094
I66N:H67P:S73C:H86D:T93S,-32.15492630004883
I66N:H67P:S73C:H86D:T93L,-33.642330169677734
I66N:H67P:S73C:H86D:T93I,-32.74433135986328
I66N:H67P:S73C:H86D:T93A,-35.053123474121094
I66N:H67P:S73C:H86L,-31.096261978149414
I66N:H67P:S73C:H86F:T93V,-35.23351287841797
I66N:H67P:S73C:H86F:T93S,-33.04030990600586
I66N:H67P:S73C:H86F:T93L,-34.527713775634766
I66N:H67P:S73C:H86F:T93I,-33.62971496582031
I66N:H67P:S73C:H86F:T93A,-35.938507080078125
I66N:H67P:H86L,-27.21233367919922
I66N:H67P:H86F:T93V,-31.349580764770508
I66N:H67P:H86F:T93S,-29.1563777923584
I66N:H67P:H86F:T93L,-30.643783569335938
I66N:H67P:H86F:T93I,-29.74578285217285
I66N:H67P:H86F:T93A,-32.0545768737793
I66N:H67P:H86L:T93I,-30.454204559326172
I66N:H67P:H86V,-27.539505004882812
I66N:H67P:H86L:T93V,-32.05800247192383
I66N:H67P:H86L:T93S,-29.86479949951172
I66N:H67P:H86L:T93L,-31.352205276489258
I66N:H67P:H86L:T93A,-32.76300048828125
I66N:H67P:H86D,-25.618526458740234
I66N:H67P:H86F,-26.503910064697266
I66N:H67P:H86D:T93V,-30.464197158813477
I66N:H67P:H86D:T93S,-28.27099609375
I66N:H67P:H86D:T93L,-29.758399963378906
I66N:H67P:H86D:T93I,-28.86039924621582
I66N:H67P:H86D:T93A,-31.169193267822266
I66N:H67P:H86V:T93A,-33.090171813964844
I66N:H67P:H86V:T93L,-31.67937469482422
I66N:H67P:S73A:H86F,-28.415424346923828
I66N:H67P:S73A:H86D:T93V,-32.37571334838867
I66N:H67P:S73A:H86D:T93S,-30.182510375976562
I66N:H67P:S73A:H86D:T93L,-31.66991424560547
I66N:H67P:S73A:H86D:T93I,-30.771915435791016
I66N:H67P:S73A:H86D:T93A,-33.08070755004883
I66N:H67P:S73A:H86L,-29.12384605407715
I66N:H67P:S73A:H86F:T93V,-33.2610969543457
I66N:H67P:S73A:H86F:T93S,-31.067893981933594
I66N:H67P:S73A:H86F:T93L,-32.5552978515625
I66N:H67P:S73A:H86F:T93I,-31.657299041748047
I66N:H67P:S73A:H86F:T93A,-33.96609115600586
I66N:H67P:H86V:T93I,-30.781375885009766
I66N:H67P:H86Y:T93A,-34.03932189941406
I66N:H67P:H86Y,-28.488658905029297
I66N:H67P:H86V:T93V,-32.38517379760742
I66N:H67P:H86V:T93S,-30.191970825195312
I66N:H67P:H86Y:T93I,-31.73052978515625
I66N:H67P:H86Y:T93L,-32.6285285949707
I66N:H67P:H86Y:T93V,-33.334327697753906
I66N:H67P:S73A:H86D,-27.530040740966797
I66N:H67P:S73A,-24.150897979736328
I66N:H67P:H86Y:T93S,-31.141124725341797
I66F:H67T:H86F:T93L,-16.645994186401367
H67N:H86V:T93I,-14.296101570129395
H67N:S73G:T93A,-19.11066246032715
H67N:S73G:T93I,-16.801868438720703
H67N:S73G:T93L,-17.69986915588379
H67N:S73G:T93S,-16.21246337890625
H67N:S73G:T93V,-18.40566635131836
H67N:T93A,-11.304777145385742
H67N:T93I,-8.995983123779297
H67N:T93L,-9.893983840942383
H67N:T93S,-8.40657901763916
H67N:T93V,-10.599781036376953
H67N:S73G:H86Y:T93A,-25.359935760498047
H67N:S73G:H86Y:T93I,-23.0511417388916
H67N:S73G:H86Y:T93L,-23.949142456054688
H67N:S73G:H86Y:T93S,-22.46173667907715
H67N:S73G:H86Y:T93V,-24.654937744140625
H67P:H86D,-13.096465110778809
H67P:H86D:T93A,-18.647132873535156
H67P:H86D:T93I,-16.33833885192871
H67N:S73G:H86D:T93A,-22.489805221557617
H67N:S73G:H86D:T93I,-20.181011199951172
H67N:S73G:H86D:T93L,-21.079011917114258
H67N:S73G:H86D:T93S,-19.59160614013672
H67N:S73G:H86D:T93V,-21.784809112548828
H67N:S73G:H86F,-17.824522018432617
H67N:S73C:T93A,-15.18870735168457
H67N:S73C:T93I,-12.879913330078125
H67N:S73C:T93L,-13.777914047241211
H67N:S73C:T93S,-12.290508270263672
H67N:S73C:T93V,-14.483711242675781
H67N:S73G,-13.559995651245117
H67N:S73G:H86D,-16.939138412475586
H67N:S73G:H86L:T93V,-23.37861442565918
H67N:S73G:H86V,-18.86011505126953
H67N:S73G:H86L:T93S,-21.185413360595703
H67N:S73G:H86V:T93A,-24.410781860351562
H67N:S73G:H86V:T93I,-22.101987838745117
H67N:S73G:H86V:T93L,-22.999988555908203
H67N:S73G:H86V:T93S,-21.512582778930664
H67N:S73G:H86V:T93V,-23.70578384399414
H67N:S73G:H86Y,-19.809268951416016
H67N:S73G:H86L:T93L,-22.67281723022461
H67N:S73G:H86L:T93A,-24.08361053466797
H67N:S73G:H86F:T93A,-23.37518882751465
H67N:S73G:H86F:T93I,-21.066394805908203
H67N:S73G:H86F:T93L,-21.96439552307129
H67N:S73G:H86F:T93S,-20.47698974609375
H67N:S73G:H86F:T93V,-22.67019271850586
H67N:S73G:H86L,-18.532943725585938
H67N:S73G:H86L:T93I,-21.774816513061523
H67P:H86D:T93L,-17.236337661743164
H67P:H86D:T93V,-17.942134857177734
H67P:S73A:H86F:T93A,-21.444028854370117
H67P:S73A:H86F:T93I,-19.135234832763672
H67P:S73A:H86F:T93L,-20.033235549926758
H67P:S73A:H86F:T93S,-18.54582977294922
H67P:S73A:H86F:T93V,-20.739032745361328
H67P:S73A:H86L,-16.601783752441406
H67P:S73A:H86D:T93A,-20.558645248413086
H67P:S73A:H86D:T93I,-18.24985122680664
H67P:S73A:H86D:T93L,-19.147851943969727
H67P:S73A:H86D:T93S,-17.660446166992188
H67P:S73A:H86D:T93V,-19.853649139404297
H67P:S73A:H86F,-15.893362045288086
H67P:S73A:H86V:T93V,-21.77462387084961
H67P:S73A:H86Y,-17.878108978271484
H67P:S73A:H86Y:T93A,-23.428775787353516
H67P:S73A:H86Y:T93I,-21.11998176574707
H67P:S73A:H86Y:T93L,-22.017982482910156
H67P:S73A:H86Y:T93S,-20.530576705932617
H67P:S73A:H86Y:T93V,-22.723777770996094
H67P:S73A:H86V:T93S,-19.581422805786133
H67P:S73A:H86V:T93L,-21.068828582763672
H67P:S73A:H86V:T93I,-20.170827865600586
H67P:S73A:H86V:T93A,-22.47962188720703
H67P:S73A:H86L:T93A,-22.152450561523438
H67P:S73A:H86L:T93I,-19.843656539916992
H67P:S73A:H86L:T93L,-20.741657257080078
H67P:S73A:H86L:T93S,-19.254253387451172
H67P:S73A:H86L:T93V,-21.44745445251465
H67P:S73A:H86V,-16.928955078125
H67P:S73A:H86D,-15.007978439331055
H67P:H86L:T93A,-20.240938186645508
H67P:H86L:T93I,-17.932144165039062
H67P:H86L:T93L,-18.830142974853516
H67P:H86L:T93S,-17.34273910522461
H67P:H86L:T93V,-19.53594207763672
H67P:H86V,-15.017440795898438
H67P:H86F,-13.981847763061523
H67P:H86F:T93A,-19.532516479492188
H67P:H86F:T93I,-17.223722457885742
H67P:H86F:T93L,-18.121721267700195
H67P:H86F:T93S,-16.63431739807129
H67P:H86F:T93V,-18.827518463134766
H67P:H86L,-14.69027042388916
H67P:H86Y:T93A,-21.517261505126953
H67P:H86Y:T93I,-19.20846939086914
H67P:H86Y:T93L,-20.106468200683594
H67P:H86Y:T93S,-18.619064331054688
H67P:H86Y:T93V,-20.812265396118164
H67P:S73A,-11.628835678100586
H67P:H86D:T93S,-15.748933792114258
H67P:H86V:T93A,-20.56810760498047
H67P:H86V:T93I,-18.259315490722656
H67P:H86V:T93L,-19.15731430053711
H67P:H86V:T93S,-17.669910430908203
H67P:H86V:T93V,-19.86311149597168
H67P:H86Y,-15.966594696044922
H67N:H86Y:T93A,-17.55405044555664
H67N:H86Y:T93I,-15.245255470275879
H67N:H86Y:T93L,-16.14325714111328
H67N:H86Y:T93S,-14.655851364135742
H67N:H86Y:T93V,-16.84905242919922
H67N:H86V:T93A,-16.604896545410156
H67N:H86V:T93L,-15.19410228729248
H67N:H86V:T93S,-13.706697463989258
H67N:H86V:T93V,-15.89989948272705
H67N:H86Y,-12.003382682800293
H67N:S73A:H86D:T93A,-16.595434188842773
H67N:S73A:H86D:T93I,-14.286640167236328
H67N:S73A:H86D:T93L,-15.184640884399414
H67N:S73A:H86D:T93S,-13.697235107421875
H67N:S73A:H86D:T93V,-15.890438079833984
H67N:S73A:H86F,-11.930150985717773
H67N:S73A,-7.665624141693115
H67N:S73A:H86D,-11.044767379760742
H67N:H86V,-11.054228782653809
H67N:H86D,-9.13325309753418
H67N:H86F:T93S,-12.671104431152344
H67N:H86F:T93V,-14.864307403564453
H67N:H86L,-10.727058410644531
H67N:H86F:T93L,-14.158510208129883
H67N:H86L:T93A,-16.277725219726562
H67N:H86L:T93I,-13.968931198120117
H67N:H86L:T93L,-14.866931915283203
H67N:H86L:T93S,-13.37952709197998
H67N:H86L:T93V,-15.572729110717773
H67N:H86F:T93I,-13.260509490966797
H67N:H86D:T93A,-14.683919906616211
H67N:H86D:T93I,-12.375125885009766
H67N:H86D:T93L,-13.273126602172852
H67N:H86D:T93S,-11.785721778869629
H67N:H86D:T93V,-13.978923797607422
H67N:H86F,-10.018636703491211
H67N:H86F:T93A,-15.569303512573242
H67N:S73A:H86F:T93A,-17.480817794799805
H67N:S73A:H86F:T93L,-16.070024490356445
H67N:S73C:H86L,-14.61098861694336
H67N:S73C:H86L:T93A,-20.16165542602539
H67N:S73C:H86L:T93I,-17.852861404418945
H67N:S73C:H86L:T93L,-18.75086212158203
H67N:S73C:H86L:T93S,-17.263458251953125
H67N:S73C:H86L:T93V,-19.4566593170166
H67N:S73C:H86F:T93V,-18.74823760986328
H67N:S73C:H86F:T93S,-16.555034637451172
H67N:S73C:H86F:T93L,-18.04244041442871
H67N:S73C:H86F:T93I,-17.144439697265625
H67N:S73C:H86D:T93I,-16.259056091308594
H67N:S73C:H86D:T93L,-17.15705680847168
H67N:S73C:H86D:T93S,-15.669651985168457
H67N:S73C:H86D:T93V,-17.86285400390625
H67N:S73C:H86F,-13.902566909790039
H67N:S73C:H86V,-14.93815803527832
H67N:S73C:H86F:T93A,-19.45323371887207
H67N:S73C:H86D:T93A,-18.56785011291504
H67N:S73C:H86Y:T93A,-21.43798065185547
H67N:S73C:H86Y:T93I,-19.129186630249023
H67N:S73C:H86Y:T93L,-20.02718734741211
H67N:S73C:H86Y:T93S,-18.53978157043457
H67N:S73C:H86Y:T93V,-20.732982635498047
H67N:S73C:H86V:T93A,-20.488826751708984
H67N:S73C:H86V:T93I,-18.18003273010254
H67N:S73C:H86V:T93L,-19.078033447265625
H67N:S73C:H86V:T93S,-17.590627670288086
H67N:S73C:H86V:T93V,-19.783828735351562
H67N:S73C:H86Y,-15.887311935424805
H67N:S73A:H86V:T93A,-18.51641082763672
H67N:S73A:H86V:T93I,-16.207616806030273
H67N:S73A:H86V:T93L,-17.105615615844727
H67N:S73A:H86V:T93S,-15.61821174621582
H67N:S73A:H86V:T93V,-17.811412811279297
H67N:S73A:H86Y,-13.914896011352539
H67N:S73A:H86V,-12.965742111206055
H67N:S73A:H86F:T93S,-14.582618713378906
H67N:S73A:H86F:T93V,-16.775821685791016
H67N:S73A:H86L,-12.638572692871094
H67N:S73A:H86L:T93A,-18.189239501953125
H67N:S73A:H86L:T93I,-15.88044548034668
H67N:S73A:H86L:T93L,-16.778446197509766
H67N:S73A:H86L:T93S,-15.291040420532227
H67N:S73A:H86L:T93V,-17.484243392944336
H67N:S73A:T93A,-13.216291427612305
H67N:S73A:T93I,-10.90749740600586
H67N:S73A:T93L,-11.805498123168945
H67N:S73A:T93S,-10.318092346191406
H67N:S73A:T93V,-12.511295318603516
H67N:S73C,-9.638040542602539
H67N:S73C:H86D,-13.017183303833008
H67N:S73A:H86F:T93I,-15.17202377319336
H67N:S73A:H86Y:T93A,-19.465564727783203
H67N:S73A:H86Y:T93I,-17.156770706176758
H67N:S73A:H86Y:T93L,-18.05476951599121
H67N:S73A:H86Y:T93S,-16.567365646362305
H67N:S73A:H86Y:T93V,-18.76056671142578
H67T:H86V,-8.93535041809082
H67T:H86L:T93V,-13.453849792480469
H67T:H86L:T93S,-11.260648727416992
H67T:H86L:T93L,-12.748052597045898
H67T:H86L:T93I,-11.850052833557129
H67T:H86L:T93A,-14.158846855163574
H67T:H86V:T93A,-14.486017227172852
H67T:H86V:T93I,-12.177223205566406
H67T:H86V:T93L,-13.075223922729492
H67T:H86Y:T93L,-14.024377822875977
H67T:H86Y:T93I,-13.12637710571289
H67T:H86Y:T93A,-15.435171127319336
H67T:H86Y,-9.884504318237305
H67T:H86V:T93V,-13.781020164489746
H67T:H86V:T93S,-11.587818145751953
H67T:H86Y:T93S,-12.536972045898438
H67T:H86F,-7.899757385253906
H67T:H86D:T93V,-11.860044479370117
H67T:H86D:T93S,-9.666842460632324
H67T:H86D:T93L,-11.154247283935547
H67T:H86D:T93I,-10.256247520446777
H67T:H86D:T93A,-12.565041542053223
H67T:H86L,-8.608179092407227
H67T:H86F:T93V,-12.745428085327148
H67T:H86F:T93S,-10.552226066589355
H67T:H86F:T93I,-11.141630172729492
H67T:H86F:T93A,-13.450424194335938
H67T:H86F:T93L,-12.039630889892578
H67T:H86Y:T93V,-14.73017406463623
H67T:S73A:H86L,-10.519693374633789
H67T:S73A:H86F:T93V,-14.656942367553711
H67T:S73A:H86F:T93S,-12.463739395141602
H67T:S73A:H86F:T93L,-13.95114517211914
H67T:S73A:H86F:T93I,-13.053144454956055
H67T:S73A:H86F:T93A,-15.3619384765625
H67T:S73A:H86L:T93A,-16.07036018371582
H67T:S73A:H86L:T93I,-13.761566162109375
H67T:S73A:H86L:T93L,-14.659566879272461
H67T:S73A:H86V:T93V,-15.692534446716309
H67T:S73A:H86V:T93S,-13.499332427978516
H67T:S73A:H86V:T93L,-14.986737251281738
H67T:S73A:H86V:T93I,-14.088737487792969
H67T:S73A:H86V:T93A,-16.397531509399414
H67T:S73A:H86V,-10.846864700317383
H67T:S73A:H86L:T93V,-15.365364074707031
H67T:S73A:H86L:T93S,-13.172162055969238
H67T:S73A:H86D,-8.925888061523438
H67T:S73A,-5.546745300292969
H67T:S73A:H86F,-9.811271667480469
H67T:S73A:H86D:T93V,-13.77155876159668
H67T:S73A:H86D:T93S,-11.578356742858887
H67T:S73A:H86D:T93L,-13.06576156616211
H67T:S73A:H86D:T93A,-14.476554870605469
H67T:S73A:H86D:T93I,-12.167760848999023
H67T:S73A:H86Y,-11.796018600463867
H67P:S73G:H86F,-21.78773307800293
H67P:S73G:H86D:T93V,-25.748022079467773
H67P:S73G:H86D:T93S,-23.554821014404297
H67P:S73G:H86D:T93L,-25.042224884033203
H67P:S73G:H86D:T93I,-24.144224166870117
H67P:S73G:H86D:T93A,-26.453018188476562
H67P:S73G:H86F:T93A,-27.338401794433594
H67P:S73G:H86F:T93I,-25.02960777282715
H67P:S73G:H86L:T93L,-26.636030197143555
H67P:S73G:H86L:T93I,-25.73802947998047
H67P:S73G:H86L:T93A,-28.046823501586914
H67P:S73G:H86L,-22.49615478515625
H67P:S73G:H86F:T93V,-26.633405685424805
H67P:S73G:H86F:T93S,-24.440202713012695
H67P:S73G:H86F:T93L,-25.927608489990234
H67P:S73G:H86L:T93S,-25.148624420166016
H67P:S73C:H86Y:T93V,-24.69619369506836
H67P:S73C:H86Y:T93S,-22.502992630004883
H67P:S73C:H86Y:T93L,-23.990398406982422
H67P:S73C:H86Y:T93I,-23.092397689819336
H67P:S73C:H86Y:T93A,-25.40119171142578
H67P:S73G:H86D,-20.90235137939453
H67P:S73G,-17.523208618164062
H67P:S73C:T93V,-18.446922302246094
H67P:S73C:T93S,-16.253721237182617
H67P:S73C:T93L,-17.741125106811523
H67P:S73C:T93I,-16.84312629699707
H67P:S73C:T93A,-19.151920318603516
H67P:S73G:H86L:T93V,-27.341827392578125
H67P:S73G:H86V,-22.823326110839844
H67P:T93V,-14.562993049621582
H67P:T93S,-12.369791030883789
H67P:T93L,-13.857195854187012
H67P:T93I,-12.959196090698242
H67P:T93A,-15.267990112304688
H67P:S73G:T93V,-22.368877410888672
H67P:S73G:T93S,-20.175676345825195
H67P:S73G:T93L,-21.663082122802734
H67P:S73G:T93I,-20.76508140563965
H67P:S73G:T93A,-23.073875427246094
H67P:S73G:H86Y,-23.772480010986328
H67P:S73G:H86V:T93V,-27.66899871826172
H67P:S73G:H86V:T93S,-25.47579574584961
H67P:S73G:H86V:T93L,-26.963199615478516
H67P:S73G:H86V:T93I,-26.065200805664062
H67P:S73G:H86V:T93A,-28.373994827270508
H67T:H86D,-7.014373779296875
H67P:S73G:H86Y:T93V,-28.618152618408203
H67P:S73G:H86Y:T93S,-26.424949645996094
H67P:S73G:H86Y:T93L,-27.912353515625
H67P:S73G:H86Y:T93I,-27.014354705810547
H67P:S73G:H86Y:T93A,-29.323148727416992
H67T:S73G:H86Y:T93V,-22.536060333251953
H67T:S73G:H86Y:T93S,-20.342857360839844
H67T:S73G:H86Y:T93L,-21.83026123046875
H67T:S73G:H86Y:T93I,-20.932262420654297
H67T:S73G:H86Y:T93A,-23.241056442260742
H67T:T93V,-8.480901718139648
H67T:T93S,-6.287700176239014
H67T:T93L,-7.775104999542236
H67T:T93I,-6.877104759216309
H67T:T93A,-9.185898780822754
H67T:S73G:T93V,-16.286787033081055
H67T:S73G:T93S,-14.093585968017578
H67T:S73G:T93L,-15.580989837646484
H67T:S73G:T93I,-14.682990074157715
H67T:S73G:T93A,-16.991783142089844
H67T:S73G:H86L:T93I,-19.65593719482422
H67T:S73G:H86L:T93A,-21.964731216430664
H67T:S73G:H86L,-16.414064407348633
H67T:S73G:H86F:T93V,-20.551313400268555
H67T:S73G:H86F:T93S,-18.358110427856445
H67T:S73G:H86F:T93L,-19.845516204833984
H67T:S73G:H86F:T93I,-18.9475154876709
H67T:S73G:H86F:T93A,-21.256309509277344
H67T:S73G:H86L:T93L,-20.553937911987305
H67T:S73G:H86L:T93S,-19.066532135009766
H67T:S73G:H86L:T93V,-21.259735107421875
H67T:S73G:H86Y,-17.69038963317871
H67T:S73G:H86V:T93V,-21.58690643310547
H67T:S73G:H86V:T93S,-19.39370346069336
H67T:S73G:H86V:T93L,-20.881107330322266
H67T:S73G:H86V:T93I,-19.983108520507812
H67T:S73G:H86V:T93A,-22.291902542114258
H67T:S73G:H86V,-16.741235733032227
H67P:S73C:H86D:T93A,-22.53106117248535
H67P:S73C:H86D:T93I,-20.222267150878906
H67P:S73C:H86D:T93L,-21.120267868041992
H67P:S73C:H86D:T93S,-19.632862091064453
H67P:S73C:H86D:T93V,-21.826065063476562
H67P:S73C:H86F,-17.86577796936035
H67P:S73A:T93A,-17.17950439453125
H67P:S73A:T93I,-14.870710372924805
H67P:S73A:T93L,-15.768709182739258
H67P:S73A:T93S,-14.281305313110352
H67P:S73A:T93V,-16.474506378173828
H67P:S73C,-13.601251602172852
H67P:S73C:H86D,-16.98039436340332
H67P:S73C:H86V,-18.901371002197266
H67T:S73C:T93L,-11.659034729003906
H67P:S73C:H86L:T93V,-23.419870376586914
H67P:S73C:H86V:T93A,-24.452037811279297
H67P:S73C:H86V:T93I,-22.14324378967285
H67P:S73C:H86V:T93L,-23.041244506835938
H67P:S73C:H86V:T93S,-21.5538387298584
H67P:S73C:H86V:T93V,-23.747039794921875
H67P:S73C:H86Y,-19.85052490234375
H67P:S73C:H86L:T93S,-21.226669311523438
H67P:S73C:H86L:T93I,-21.816072463989258
H67P:S73C:H86F:T93A,-23.416444778442383
H67P:S73C:H86F:T93I,-21.107650756835938
H67P:S73C:H86F:T93L,-22.005651473999023
H67P:S73C:H86F:T93S,-20.518245697021484
H67P:S73C:H86F:T93V,-22.711448669433594
H67P:S73C:H86L,-18.574199676513672
H67P:S73C:H86L:T93L,-22.714073181152344
H67P:S73C:H86L:T93A,-24.124866485595703
H67T:S73C:H86F,-11.783687591552734
H67T:S73C:H86D:T93V,-15.743974685668945
H67T:S73C:H86D:T93S,-13.550772666931152
H67T:S73C:H86D:T93L,-15.038177490234375
H67T:S73C:H86D:T93I,-14.140176773071289
H67T:S73C:H86D:T93A,-16.448970794677734
H67T:S73C:H86L,-12.492109298706055
H67T:S73C:H86F:T93V,-16.629358291625977
H67T:S73C:H86F:T93S,-14.436155319213867
H67T:S73C:H86F:T93L,-15.923561096191406
H67T:S73C:H86F:T93I,-15.02556037902832
H67T:S73C:H86F:T93A,-17.334354400634766
H67T:S73A:H86Y:T93V,-16.64168930053711
H67T:S73A:H86Y:T93S,-14.448486328125
H67T:S73A:H86Y:T93L,-15.935891151428223
H67T:S73A:H86Y:T93I,-15.037891387939453
H67T:S73A:H86Y:T93A,-17.3466854095459
H67T:S73C:H86D,-10.898303985595703
H67T:S73C,-7.519161224365234
H67T:S73A:T93S,-8.199213981628418
H67T:S73A:T93L,-9.68661880493164
H67T:S73A:T93I,-8.788618087768555
H67T:S73A:T93A,-11.097412109375
H67T:S73A:T93V,-10.392416000366211
H67T:S73G:H86D,-14.820259094238281
H67T:S73G,-11.441116333007812
H67T:S73C:T93V,-12.364831924438477
H67T:S73C:T93S,-10.171629905700684
H67T:S73G:H86F,-15.705642700195312
H67T:S73G:H86D:T93V,-19.665929794311523
H67T:S73G:H86D:T93S,-17.472728729248047
H67T:S73G:H86D:T93L,-18.960132598876953
H67T:S73G:H86D:T93I,-18.062131881713867
H67T:S73G:H86D:T93A,-20.370925903320312
H67T:S73C:H86V:T93I,-16.061153411865234
H67T:S73C:H86V:T93A,-18.36994743347168
H67T:S73C:H86V:T93L,-16.959152221679688
H67T:S73C:H86V,-12.819280624389648
H67T:S73C:H86L:T93V,-17.337779998779297
H67T:S73C:H86L:T93S,-15.144577980041504
H67T:S73C:H86L:T93L,-16.631982803344727
H67T:S73C:H86L:T93I,-15.73398208618164
H67T:S73C:H86L:T93A,-18.042776107788086
H67T:S73C:H86V:T93S,-15.471748352050781
H67T:S73C:H86Y,-13.768434524536133
H67T:S73C:H86Y:T93V,-18.614105224609375
H67T:S73C:H86Y:T93S,-16.420902252197266
H67T:S73C:H86Y:T93L,-17.908306121826172
H67T:S73C:H86Y:T93I,-17.01030731201172
H67T:S73C:H86Y:T93A,-19.319101333618164
H67T:S73C:H86V:T93V,-17.66495132446289
H67T:S73C:T93I,-10.76103401184082
H67T:S73C:T93A,-13.069828033447266
S73C:H86L:T93I,-12.098751068115234
S73G:H86D,-11.185028076171875
S73C:H86L:T93A,-14.40754508972168
S73C:T93V,-8.72960090637207
S73C:T93S,-6.536398410797119
S73C:T93L,-8.0238037109375
S73C:T93I,-7.125802993774414
S73C:T93A,-9.43459701538086
S73C:H86F:T93A,-13.69912338256836
S73C:H86F:T93I,-11.390329360961914
S73C:H86F:T93L,-12.288330078125
S73C:H86F:T93S,-10.800924301147461
S73C:H86F:T93V,-12.99412727355957
S73C:H86L,-8.856878280639648
S73C:H86Y,-10.133201599121094
S73C:H86V:T93V,-14.029719352722168
S73C:H86V:T93S,-11.836517333984375
S73C:H86V:T93L,-13.323922157287598
S73C:H86V:T93I,-12.425921440124512
S73C:H86V:T93A,-14.734715461730957
S73C:H86L:T93V,-13.70254898071289
S73C:H86L:T93S,-11.509346008300781
S73C:H86V,-9.18404769897461
S73C:H86Y:T93V,-14.978873252868652
S73C:H86Y:T93S,-12.78567123413086
S73C:H86Y:T93L,-14.273076057434082
S73C:H86Y:T93I,-13.375075340270996
S73C:H86Y:T93A,-15.683869361877441
S73C:H86L:T93L,-12.99675178527832
S73A:H86D:T93L,-9.430529594421387
S73G:H86L,-12.778833389282227
S73G:H86F:T93V,-16.91608238220215
S73G:H86F:T93S,-14.722879409790039
S73G:H86F:T93L,-16.210285186767578
S73G:H86F:T93I,-15.312284469604492
S73G:H86V,-13.106003761291504
S73G:H86L:T93V,-17.62450408935547
S73G:H86L:T93S,-15.431302070617676
S73G:H86L:T93I,-16.020706176757812
S73G:H86L:T93A,-18.329500198364258
S73G:H86L:T93L,-16.9187068939209
S73G:H86F:T93A,-17.621078491210938
S73G:H86F,-12.070411682128906
S73G:H86D:T93V,-16.030698776245117
S73G:H86D:T93S,-13.837496757507324
S73G:H86D:T93L,-15.324901580810547
S73G:H86D:T93I,-14.426900863647461
S73G:H86D:T93A,-16.735694885253906
S73G:H86Y:T93V,-18.900829315185547
S73G:H86Y:T93S,-16.707626342773438
S73G:H86Y:T93L,-18.195030212402344
S73G:H86Y:T93I,-17.29703140258789
S73A:H86D:T93S,-7.943124771118164
S73G:T93V,-12.651556015014648
S73G:T93S,-10.458353996276855
S73G:T93L,-11.945758819580078
S73G:T93I,-11.047758102416992
S73G:T93A,-13.356552124023438
S73G:H86Y:T93A,-19.605823516845703
S73G:H86V:T93L,-17.24587631225586
S73G:H86V:T93I,-16.347877502441406
S73G:H86V:T93A,-18.65666961669922
S73G:H86V:T93S,-15.758472442626953
S73G:H86V:T93V,-17.951675415039062
S73G:H86Y,-14.055157661437988
S73A:H86Y:T93V,-13.00645637512207
S73A:H86Y:T93S,-10.813255310058594
S73A:H86Y:T93L,-12.3006591796875
S73A:H86Y:T93I,-11.40265941619873
S73A:H86Y:T93A,-13.711453437805176
S73C:H86D,-7.2630720138549805
S73A:T93V,-6.7571845054626465
S73A:T93S,-4.5639824867248535
S73A:T93L,-6.051387310028076
S73A:T93I,-5.153387069702148
S73A:T93A,-7.462181091308594
S73A:H86L:T93V,-11.730133056640625
S73A:H86L:T93S,-9.536930084228516
S73A:H86L:T93L,-11.024335861206055
S73A:H86L:T93I,-10.126335144042969
S73A:H86L:T93A,-12.435129165649414
S73A:H86V,-7.211632251739502
S73A:H86Y,-8.160785675048828
S73A:H86V:T93V,-12.057302474975586
S73A:H86V:T93S,-9.86410140991211
S73A:H86V:T93L,-11.351505279541016
S73A:H86V:T93I,-10.453505516052246
S73A:H86V:T93A,-12.762299537658691
S73A:H86F,-6.176039695739746
S73A:H86D:T93V,-10.136326789855957
S73A:H86D:T93I,-8.532529830932617
S73A:H86D:T93A,-10.841323852539062
S73A:H86D,-5.290656089782715
S73A:H86F:T93I,-9.417913436889648
S73A:H86F:T93A,-11.726707458496094
S73C:H86F,-8.148455619812012
S73C:H86D:T93V,-12.108743667602539
S73C:H86D:T93S,-9.91554069519043
S73C:H86D:T93L,-11.402946472167969
S73C:H86D:T93I,-10.504945755004883
S73C:H86D:T93A,-12.813739776611328
S73A:H86L,-6.884461879730225
S73A:H86F:T93S,-8.828508377075195
S73A:H86F:T93V,-11.021710395812988
S73A:H86F:T93L,-10.315913200378418
H86L:T93V,-9.818618774414062
H86L:T93S,-7.6254167556762695
H86L:T93L,-9.112821578979492
H86L:T93I,-8.214820861816406
H86L:T93A,-10.523614883422852
H86V:T93I,-8.5419921875
H86Y:T93V,-11.094943046569824
H86Y:T93S,-8.901741027832031
H86Y:T93L,-10.389145851135254
H86Y:T93I,-9.491146087646484
H86Y:T93A,-11.79994010925293
H86V:T93V,-10.14578914642334
H86V:T93S,-7.952587127685547
H86V:T93L,-9.43999195098877
H86V:T93A,-10.850786209106445
H86D:T93V,-8.224813461303711
H86D:T93S,-6.031611442565918
H86D:T93L,-7.519016265869141
H86D:T93I,-6.621015548706055
H86D:T93A,-8.9298095703125
H86F:T93V,-9.110197067260742
H86F:T93S,-6.916994571685791
H86F:T93L,-8.404399871826172
H86F:T93A,-9.815193176269531
H86F:T93I,-7.506399154663086
K105H:S119H,-8.689077377319336
K105H:S119P,-8.55103588104248
K105N:S119P,-9.447495460510254
K105N:S119H,-9.585537910461426
N137D:V143I:E144D:F163V,-13.976045608520508
N137D:V143I:E144D:F163L,-7.0035200119018555
N137D:V143I:E144D:F163I,-10.86574649810791
N137D:V143I:E144D:C157S:F163V,-19.368885040283203
N137D:V143I:E144D:C157S:F163L,-12.396356582641602
N137D:V143I:E144D:C157S:F163I,-16.258583068847656
N137D:V143I:E144D,-8.445600509643555
N137D:V143I:E144D:C157S,-13.838438034057617
N137D:V143I:E144D:C157T:F163V,-23.65567970275879
N137D:V143I:E144D:C157T:F163I,-20.545379638671875
N137D:V143I:E144D:C157T,-18.125232696533203
N137D:V143I:E144N:F163L,-9.743114471435547
N137D:V143I:E144N:F163I,-13.605340957641602
N137D:V143I:E144N:F163V,-16.715641021728516
N137D:V143I:E144N:C157T:F163V,-26.395273208618164
N137D:V143I:E144N:C157T:F163L,-19.422746658325195
N137D:V143I:F163V,-11.473543167114258
N137D:V143I:F163L,-4.501016139984131
N137D:V143I:F163I,-8.363243103027344
N137D:V143I:E144N:C157T:F163I,-23.28497314453125
N137D:V143I:E144N:C157T,-20.864826202392578
N137D:V143I:E144N,-11.18519401550293
N137D:V143I:E144N:C157S,-16.578031539916992
N137D:V143I:E144N:C157S:F163V,-22.108478546142578
N137D:V143I:E144N:C157S:F163L,-15.13595199584961
N137D:V143I:E144N:C157S:F163I,-18.998178482055664
N137D:V143I:C157T:F163V,-21.153175354003906
N137D:V143I:C157T:F163L,-14.180648803710938
N137D:V143I:C157T:F163I,-18.042875289916992
N137D:V143I:C157S:F163V,-16.866378784179688
N137D:V143I:C157S:F163I,-13.75607967376709
N137D:F163V,-4.468600749969482
N137D:F163I,-1.358300805091858
N137D:E144D:C157T:F163V,-16.650737762451172
N137D:E144D:C157T:F163I,-13.540436744689941
N137D:E144D:C157T,-11.120290756225586
N137D:E144D:F163V,-6.971104621887207
N137D:E144D:F163L,0.0014219284057617188
N137D:E144D:F163I,-3.860804557800293
N137D:E144D:C157S:F163V,-12.363941192626953
N137D:E144D:C157S:F163I,-9.253642082214355
N137D:C157S:F163V,-9.861437797546387
N137D:C157S:F163L,-2.888911247253418
N137D:C157S,-4.330991744995117
N137D:E144D:C157S,-6.833495616912842
N137D:E144D,-1.440658688545227
N137D:C157T:F163V,-14.148233413696289
N137D:C157T:F163L,-7.175706386566162
N137D:E144D:C157S:F163L,-5.391415119171143
N137D:E144N:C157T:F163V,-19.390331268310547
N137D:E144N:C157T:F163L,-12.417804718017578
N137D:E144N:C157T:F163I,-16.280031204223633
N137D:E144N:C157T,-13.859885215759277
N137D:E144N:F163V,-9.710699081420898
N137D:E144N:F163L,-2.7381720542907715
N137D:E144N:F163I,-6.600398540496826
N137D:E144N:C157S:F163V,-15.103534698486328
N137D:E144N:C157S:F163I,-11.99323558807373
N137D:E144N:C157S,-9.573089599609375
N137D:E144N,-4.180252552032471
N137D:E144N:C157S:F163L,-8.131009101867676
N137D:V143T:F163I,-2.0306077003479004
N137D:V143T:F163L,1.8316187858581543
N137D:V143T:F163V,-5.1409077644348145
N137D:V143T,0.3895381689071655
N137D:V143T:C157S:F163I,-7.423444747924805
N137D:V143T:C157S:F163L,-3.56121826171875
N137D:V143T:C157S:F163V,-10.533744812011719
N137D:V143T:E144N,-4.852559566497803
N137D:V143T:E144N:C157S,-10.245397567749023
N137D:V143T:E144N:C157S:F163L,-8.803316116333008
N137D:V143T:E144N:F163I,-7.272705554962158
N137D:V143T:E144N:F163L,-3.4104790687561035
N137D:V143T:E144N:F163V,-10.38300609588623
N137D:V143T:E144N:C157T:F163V,-20.062637329101562
N137D:V143T:E144N:C157T:F163L,-13.090110778808594
N137D:V143T:E144N:C157S:F163V,-15.775842666625977
N137D:V143T:E144N:C157T,-14.53219223022461
N137D:V143T:E144N:C157T:F163I,-16.95233726501465
N137D:V143T:E144N:C157S:F163I,-12.665542602539062
N137D:V143T:E144D:C157S:F163I,-9.925949096679688
N137D:V143T:E144D:C157S:F163L,-6.063722133636475
N137D:V143T:E144D:C157S:F163V,-13.036249160766602
N137D:V143T:E144D:C157S,-7.505802631378174
N137D:V143T:E144D,-2.1129655838012695
N137D:V143T:C157T:F163L,-7.848013401031494
N137D:V143T:C157T:F163V,-14.820540428161621
N137D:V143T:E144D:C157T,-11.792598724365234
N137D:V143T:E144D:C157T:F163I,-14.212743759155273
N137D:V143T:E144D:C157T:F163V,-17.323043823242188
N137D:V143T:E144D:F163I,-4.533111572265625
N137D:V143T:E144D:F163L,-0.6708852052688599
N137D:V143T:E144D:F163V,-7.643411159515381
N137D:V143T:E144D:C157T:F163L,-10.350517272949219
N137S:V143T:F163V,-6.420559406280518
N137S:V143T:F163I,-3.3102593421936035
N137S:V143I:E144D:C157T:F163V,-24.935331344604492
N137S:V143I:E144D:C157T:F163I,-21.825031280517578
N137S:V143I:E144D:C157T,-19.404884338378906
N137S:V143I:E144D:F163V,-15.255697250366211
N137S:V143I:E144D:F163L,-8.283171653747559
N137S:V143I:E144D:F163I,-12.145398139953613
N137S:V143I:E144D:C157S:F163V,-20.648536682128906
N137S:V143I:C157S:F163V,-18.14603042602539
N137S:V143I:C157S:F163L,-11.173504829406738
N137S:V143I:C157S:F163I,-15.035731315612793
N137S:V143I:C157S,-12.615585327148438
N137S:V143I,-7.222748279571533
N137S:V143I:C157T:F163I,-19.322526931762695
N137S:V143I:E144D:C157S:F163L,-13.676008224487305
N137S:V143I:E144D:C157S:F163I,-17.53823471069336
N137S:V143I:E144D:C157S,-15.11808967590332
N137S:V143I:E144D,-9.725252151489258
N137S:V143I:C157T:F163V,-22.43282699584961
N137S:V143T:E144D:F163V,-8.923063278198242
N137S:V143T:E144D:F163L,-1.9505367279052734
N137S:V143T:E144D:F163I,-5.812763214111328
N137S:V143T:E144D:C157S:F163V,-14.315900802612305
N137S:V143T:E144D:C157S:F163L,-7.343373775482178
N137S:V143T:E144D:C157S:F163I,-11.20560073852539
N137S:V143T:E144D:C157S,-8.785453796386719
N137S:V143T:E144D,-3.3926172256469727
N137S:V143T:E144D:C157T:F163V,-18.60269546508789
N137S:V143T:E144D:C157T:F163L,-11.630168914794922
N137S:V143T:E144D:C157T:F163I,-15.492395401000977
N137S:V143T:E144D:C157T,-13.072250366210938
N137S:V143T:E144N:C157T:F163V,-21.342288970947266
N137S:V143T:E144N:C157T:F163L,-14.369762420654297
N137S:V143T:E144N:C157T:F163I,-18.23198890686035
N137S:V143T:E144N:C157T,-15.811843872070312
N137S:V143T:E144N:F163V,-11.662656784057617
N137S:V143T:E144N:F163L,-4.690130710601807
N137S:V143T:E144N:F163I,-8.552356719970703
N137S:V143T:E144N:C157S:F163V,-17.05549430847168
N137S:V143T:E144N:C157S:F163L,-10.082967758178711
N137S:V143T:E144N:C157S:F163I,-13.945194244384766
N137S:V143T:E144N:C157S,-11.525049209594727
N137S:V143T:E144N,-6.132211208343506
N137S:V143I:E144N,-12.464845657348633
N137S:V143I:E144N:C157S,-17.857683181762695
N137S:V143I:E144N:C157S:F163V,-23.38813018798828
N137S:V143I:E144N:C157S:F163L,-16.415603637695312
N137S:V143I:E144N:C157S:F163I,-20.277830123901367
N137S:V143I:E144N:C157T,-22.14447784423828
N137S:V143I:E144N:C157T:F163I,-24.564624786376953
N137S:V143I:E144N:C157T:F163V,-27.674924850463867
N137S:V143T:C157S:F163L,-4.840869903564453
N137S:V143T:C157S:F163I,-8.703096389770508
N137S:V143T:C157S,-6.282950401306152
N137S:V143T,-0.890113353729248
N137S:V143T:C157S:F163V,-11.813396453857422
N137S:V143T:C157T:F163L,-9.127664566040039
N137S:V143T:C157T:F163I,-12.989891052246094
N137S:V143T:C157T,-10.569745063781738
N137S:V143I:E144N:C157T:F163L,-20.7023983001709
N137S:V143I:E144N:F163L,-11.02276611328125
N137S:V143I:E144N:F163I,-14.884992599487305
N137S:V143I:E144N:F163V,-17.99529266357422
N137S:V143I:F163V,-12.753194808959961
N137S:V143I:F163I,-9.642894744873047
N137S:E144N:C157S:F163V,-16.38318634033203
N137S:E144N:C157S:F163L,-9.410660743713379
N137S:E144N:C157S:F163I,-13.272887229919434
N137S:E144N:C157S,-10.852741241455078
N137S:E144N,-5.459904193878174
N137S:E144D:F163V,-8.25075626373291
N137S:E144D:F163I,-5.140456199645996
N137S:F163V,-5.7482523918151855
N137S:F163L,1.2242741584777832
N137S:F163I,-2.6379523277282715
N137S:E144N:C157T:F163V,-20.66998291015625
N137S:E144N:C157T:F163L,-13.697456359863281
N137S:E144N:C157T:F163I,-17.559682846069336
N137S:E144N:C157T,-15.139535903930664
N137S:E144N:F163V,-10.990350723266602
N137S:E144N:F163L,-4.017823696136475
N137S:E144N:F163I,-7.880050182342529
N137S:E144D:C157S:F163I,-10.533292770385742
N137S:E144D:C157S,-8.113147735595703
N137S:E144D,-2.7203102111816406
N137S:E144D:C157S:F163V,-13.643592834472656
N137S:C157T:F163L,-8.455358505249023
N137S:C157T:F163I,-12.317584991455078
N137S:E144D:C157T:F163V,-17.930389404296875
N137S:E144D:C157T:F163L,-10.95786190032959
N137S:E144D:C157T:F163I,-14.820088386535645
N137S:E144D:C157T,-12.399942398071289
N137S:C157S:F163V,-11.14108943939209
N137S:C157S:F163L,-4.168562889099121
N137S:C157S:F163I,-8.030789375305176
N137S:C157S,-5.61064338684082
V143T:C157S,-6.065144062042236
V143T:C157S:F163I,-8.48529052734375
V143T:C157S:F163L,-4.623063564300537
V143T:C157S:F163V,-11.595590591430664
V143I:F163I,-9.425087928771973
V143I:F163L,-5.562861442565918
V143I:F163V,-12.535387992858887
V143T:E144D:C157S:F163V,-14.098093032836914
V143T:E144D:C157T,-12.854442596435547
V143T:E144D:C157S:F163L,-7.125567436218262
V143T:E144D:C157S:F163I,-10.987793922424316
V143T:E144D:C157S,-8.567647933959961
V143T:C157T,-10.35193920135498
V143T:C157T:F163I,-12.772085189819336
V143T:C157T:F163L,-8.909858703613281
V143T:C157T:F163V,-15.88238525390625
V143T:E144D,-3.1748108863830566
V143T:E144D:C157T:F163I,-15.274589538574219
V143I:E144N,-12.247039794921875
V143I:E144N:C157S,-17.639877319335938
V143I:E144N:C157S:F163I,-20.060022354125977
V143I:E144N:C157S:F163V,-23.17032241821289
V143I:E144N:C157S:F163L,-16.197795867919922
V143I:E144N:F163I,-14.66718578338623
V143I:E144N:F163L,-10.804959297180176
V143I:E144N:F163V,-17.777484893798828
V143I:E144N:C157T,-21.926671981811523
V143I:E144N:C157T:F163I,-24.346817016601562
V143I:E144N:C157T:F163L,-20.48459243774414
V143I:E144N:C157T:F163V,-27.45711898803711
V143T:E144D:C157T:F163L,-11.412363052368164
V143T:E144D:C157T:F163V,-18.384889602661133
V143T:E144N:C157T,-15.594037055969238
V143T:E144N:C157T:F163I,-18.014183044433594
V143T:E144N:C157T:F163L,-14.151956558227539
V143T:E144N:C157T:F163V,-21.124483108520508
V143T:E144N,-5.91440486907959
V143T:E144N:C157S,-11.307241439819336
V143T:E144N:C157S:F163I,-13.727388381958008
V143T:E144N:C157S:F163L,-9.865161895751953
V143T:E144N:C157S:F163V,-16.837688446044922
V143T:E144N:F163I,-8.334550857543945
V143T:E144N:F163V,-11.44485092163086
V143T:F163L,0.7697734832763672
V143T:F163I,-3.0924530029296875
V143T:E144N:F163L,-4.472324371337891
V143T:E144D:F163I,-5.594956874847412
V143T:E144D:F163L,-1.7327303886413574
V143T:E144D:F163V,-8.705257415771484
V143I:E144D:F163I,-11.927591323852539
V143I:E144D:F163L,-8.065364837646484
V143I:E144D:F163V,-15.037891387939453
V143I:E144D:C157T:F163I,-21.607223510742188
V143I:E144D:C157T:F163L,-17.744998931884766
V143I:E144D:C157T:F163V,-24.717525482177734
V143I:E144D,-9.5074462890625
V143I:E144D:C157S,-14.900283813476562
V143I:E144D:C157S:F163I,-17.3204288482666
V143I:E144D:C157S:F163L,-13.458202362060547
V143I:E144D:C157S:F163V,-20.430728912353516
V143I:C157T:F163I,-19.104721069335938
V143I:C157S,-12.39777946472168
V143I:C157T:F163V,-22.21501922607422
V143I:C157S:F163L,-10.955698013305664
V143I:C157S:F163V,-17.928224563598633
V143I:C157S:F163I,-14.817924499511719
E144D:F163V,-8.032949447631836
E144D:C157S:F163I,-10.315486907958984
E144D:F163I,-4.92264986038208
E144D:C157S:F163V,-13.425786972045898
E144D:C157S:F163L,-6.45326042175293
E144D:C157S,-7.895340919494629
E144D:C157T,-12.182136535644531
E144D:C157T:F163I,-14.60228157043457
E144D:F163L,-1.0604233741760254
E144D:C157T:F163V,-17.712581634521484
E144D:C157T:F163L,-10.740055084228516
E144N:C157T:F163V,-20.45217514038086
E144N:C157T:F163I,-17.341876983642578
E144N:C157T,-14.921730041503906
E144N:F163V,-10.772543907165527
E144N:F163L,-3.8000173568725586
E144N:F163I,-7.662243843078613
E144N:C157S:F163V,-16.165380477905273
E144N:C157S:F163L,-9.192853927612305
E144N:C157S,-10.63493537902832
E144N:C157S:F163I,-13.05508041381836
Q148R:E169G:A170G,-13.868980407714844
Q148R:E169R:A170T,-1.1728917360305786
Q148R:E169R:A170S,-6.226834297180176
Q148R:E169R:A170G,-8.430398941040039
Q148R:E169R,-1.0033787488937378
Q148R:E169Q:A170T,-4.118723392486572
Q148R:E169Q:A170S,-9.1726655960083
Q148R:E169Q:A170G,-11.376230239868164
Q148R:E169Q,-3.9492101669311523
Q148R:E169G:A170T,-6.61147403717041
Q148R:E169G:A170S,-11.665416717529297
Q148R:E169G,-6.44196081161499
Q148R:D154E,-2.9217419624328613
Q148R:A170T,-1.6400865316390991
Q148R:A170S,-6.694028854370117
Q148R:A170G,-8.89759349822998
Q148R:D154E:A170G,-10.348762512207031
Q148R:D154E:A170T,-3.0912551879882812
Q148R:D154E:A170S,-8.145196914672852
Q148R:D154E:E169R:A170T,-2.6240601539611816
Q148R:D154E:E169R:A170S,-7.678002834320068
Q148R:D154E:E169R:A170G,-9.881567001342773
Q148R:D154E:E169R,-2.45454740524292
Q148R:D154E:E169Q:A170T,-5.569891929626465
Q148R:D154E:E169Q:A170S,-10.623834609985352
Q148R:D154E:E169Q:A170G,-12.827398300170898
Q148R:D154E:E169Q,-5.400378704071045
Q148R:D154E:E169G:A170T,-8.062643051147461
Q148R:D154E:E169G:A170S,-13.116584777832031
Q148R:D154E:E169G:A170G,-15.320148468017578
Q148R:D154E:E169G,-7.893129348754883
Q148R:D154H:E169G:A170T,-7.8112921714782715
Q148R:D154H:E169G:A170S,-12.865234375
Q148R:D154H:E169G:A170G,-15.068798065185547
Q148R:D154H:E169G,-7.641778945922852
Q148R:D154H:E169Q,-5.149028301239014
Q148R:D154H:E169Q:A170G,-12.576047897338867
Q148R:D154H:E169Q:A170S,-10.37248420715332
Q148R:D154H:E169Q:A170T,-5.318541526794434
Q148R:D154H:E169R:A170T,-2.3727097511291504
Q148R:D154H:E169R:A170S,-7.426652431488037
Q148R:D154H:E169R:A170G,-9.630216598510742
Q148R:D154H:E169R,-2.2031970024108887
Q148R:D154H,-2.67039155960083
Q148R:D154H:A170T,-2.83990478515625
Q148R:D154H:A170S,-7.8938469886779785
Q148R:D154H:A170G,-10.097412109375
Q148R:D154Q:A170T,0.35457706451416016
Q148R:D154Q:A170G,-6.902929782867432
Q148R:D154Q,0.524090051651001
Q148R:D154Q:A170S,-4.699365139007568
Q148R:D154Q:E169G,-4.447297096252441
Q148R:D154Q:E169G:A170G,-11.874317169189453
Q148R:D154Q:E169G:A170S,-9.670753479003906
Q148R:D154Q:E169Q,-1.954546570777893
Q148R:D154Q:E169Q:A170G,-9.381567001342773
Q148R:D154Q:E169Q:A170S,-7.17800235748291
Q148R:D154Q:E169Q:A170T,-2.1240596771240234
Q148R:D154Q:E169R,0.9912848472595215
Q148R:D154Q:E169R:A170G,-6.435734748840332
Q148R:D154Q:E169R:A170S,-4.232171058654785
Q148R:D154Q:E169R:A170T,0.8217718601226807
Q148R:D154Q:E169G:A170T,-4.6168107986450195
Q148K:E169R:A170G,-7.971693992614746
Q148K:E169R,-0.5446743965148926
Q148K:E169Q:A170T,-3.6600189208984375
Q148K:E169Q:A170S,-8.713961601257324
Q148K:E169Q:A170G,-10.917525291442871
Q148K:E169Q,-3.4905059337615967
Q148K:E169G:A170T,-6.152769565582275
Q148K:E169G:A170S,-11.20671272277832
Q148K:E169G:A170G,-13.410276412963867
Q148K:E169G,-5.9832563400268555
Q148K:D154H,-2.2116873264312744
Q148K:D154H:E169R:A170T,-1.9140055179595947
Q148K:D154H:E169R:A170S,-6.967947959899902
Q148K:D154H:E169R:A170G,-9.17151165008545
Q148K:D154H:E169R,-1.744492530822754
Q148K:D154H:E169Q:A170T,-4.859837055206299
Q148K:D154H:E169Q:A170S,-9.913779258728027
Q148K:D154H:E169Q,-4.690323829650879
Q148K:D154H:E169G:A170T,-7.352587699890137
Q148K:D154H:E169G:A170S,-12.406530380249023
Q148K:D154H:E169G:A170G,-14.61009407043457
Q148K:D154H:E169G,-7.183074474334717
Q148K:D154H:E169Q:A170G,-12.11734390258789
Q148K:D154H:A170T,-2.3812003135681152
Q148K:D154H:A170S,-7.435142993927002
Q148K:D154H:A170G,-9.63870620727539
Q148K:D154E,-2.4630377292633057
Q148K:A170S,-6.235324859619141
Q148K:A170G,-8.438888549804688
Q148K:D154E:A170T,-2.6325507164001465
Q148K:D154E:A170S,-7.686493396759033
Q148K:D154E:A170G,-9.890056610107422
Q148K:D154E:E169R:A170T,-2.165355920791626
Q148K:D154E:E169R:A170S,-7.219298362731934
Q148K:D154E:E169R:A170G,-9.42286205291748
Q148K:D154E:E169R,-1.9958429336547852
Q148K:D154E:E169Q:A170T,-5.11118745803833
Q148K:D154E:E169Q:A170S,-10.165129661560059
Q148K:D154E:E169Q:A170G,-12.368694305419922
Q148K:D154E:E169Q,-4.94167423248291
Q148K:D154E:E169G:A170T,-7.603938102722168
Q148K:D154E:E169G:A170S,-12.657880783081055
Q148K:D154E:E169G:A170G,-14.861444473266602
Q148K:D154E:E169G,-7.434424877166748
Q148K:D154Q:E169R:A170T,1.2804762125015259
Q148K:D154Q:E169R:A170S,-3.7734665870666504
Q148K:D154Q:E169R:A170G,-5.977030277252197
Q148K:D154Q:E169R,1.4499891996383667
Q148K:D154Q:E169Q:A170T,-1.6653553247451782
Q148K:D154Q:E169Q:A170S,-6.719297885894775
Q148K:D154Q:E169Q:A170G,-8.92286205291748
Q148K:D154Q:E169Q,-1.4958423376083374
Q148K:D154Q:E169G:A170T,-4.158106327056885
Q148K:D154Q:E169G:A170S,-9.212048530578613
Q148K:D154Q:E169G:A170G,-11.41561222076416
Q148K:D154Q:E169G,-3.9885926246643066
Q148K:D154Q:A170T,0.8132814168930054
Q148K:D154Q:A170S,-4.240661144256592
Q148K:D154Q:A170G,-6.444224834442139
Q148K:D154Q,0.9827944040298462
D154H:A170T,-1.3693311214447021
D154H:A170S,-6.42327356338501
D154H:A170G,-8.626837730407715
D154H:E169R:A170T,-0.9021363258361816
D154H:E169R:A170S,-5.95607852935791
D154H:E169R:A170G,-8.159643173217773
D154H:E169R,-0.7326233386993408
D154H:E169Q:A170T,-3.8479678630828857
D154H:E169Q:A170S,-8.901910781860352
D154H:E169Q,-3.678454875946045
D154H:E169G:A170T,-6.3407182693481445
D154H:E169G:A170S,-11.394660949707031
D154H:E169G:A170G,-13.598224639892578
D154H:E169G,-6.171205520629883
D154H:E169Q:A170G,-11.105474472045898
D154Q:E169R:A170S,-2.761596918106079
D154Q:E169G,-2.9767236709594727
D154Q:E169G:A170G,-10.403743743896484
D154Q:E169R:A170T,2.2923455238342285
D154Q:E169G:A170S,-8.200179100036621
D154Q:E169Q,-0.4839731454849243
D154Q:E169Q:A170G,-7.910992622375488
D154Q:E169Q:A170S,-5.707428455352783
D154Q:E169Q:A170T,-0.6534861326217651
D154Q:E169R,2.4618582725524902
D154Q:E169R:A170G,-4.965161323547363
D154Q:E169G:A170T,-3.1462368965148926
D154E:A170T,-1.6206815242767334
D154E:A170S,-6.674623966217041
D154E:A170G,-8.878188133239746
D154E:E169R:A170T,-1.153486728668213
D154E:E169R:A170S,-6.207428932189941
D154E:E169R:A170G,-8.410993576049805
D154E:E169R,-0.9839737415313721
D154E:E169Q:A170T,-4.099318504333496
D154E:E169Q:A170S,-9.153261184692383
D154E:E169Q,-3.929805278778076
D154E:E169G:A170T,-6.592068672180176
D154E:E169G:A170S,-11.646011352539062
D154E:E169G:A170G,-13.84957504272461
D154E:E169G,-6.422555923461914
D154E:E169Q:A170G,-11.35682487487793
D154Q:A170G,-5.432355880737305
D154Q:A170S,-3.2287917137145996
D154Q:A170T,1.8251506090164185
C157T:F163V,-15.210078239440918
C157S:F163V,-10.923282623291016
C157S:F163I,-7.81298303604126
E169G:A170G,-12.398406982421875
E169G:A170S,-10.194843292236328
E169Q:A170G,-9.905656814575195
E169Q:A170S,-7.702092170715332
E169R:A170G,-6.959824562072754
E169R:A170S,-4.756260871887207
E169R:A170T,0.2976818084716797
E169G:A170T,-5.140900611877441
R172G:I200L,-4.0609917640686035
R172G:I200T,-4.64021110534668
R172G:D178S,-6.010690212249756
R172G:D178S:I200L,-8.821708679199219
R172G:D178S:I200T,-9.400927543640137
R172S:D178G,-9.108129501342773
R172S:D178G:I200L,-11.919147491455078
R172S:D178S,-6.651383399963379
R172S:D178S:I200L,-9.462401390075684
R172S:D178S:I200T,-10.041620254516602
R172A:D178G,-9.982645034790039
R172A:D178G:I200L,-12.793662071228027
R172A:D178S:I200L,-10.336915969848633
R172A:D178S:I200P,-19.970977783203125
R172A:D178S:I200T,-10.916135787963867
R172A:D178S,-7.525898456573486
R172G:D178G,-8.467436790466309
R172G:D178G:I200L,-11.278453826904297
R172A:I200L,-5.576199531555176
R172A:I200T,-6.15541934967041
R172T:I200L,-5.942052841186523
R172T:I200T,-6.521272659301758
R172S:I200T,-5.280904293060303
R172S:I200L,-4.701684951782227
R172T:D178S,-7.891751766204834
R172T:D178S:I200L,-10.70276927947998
R172T:D178S:I200T,-11.281989097595215
R172T:D178G,-10.34849739074707
R172T:D178G:I200L,-13.159515380859375
D178G:I200L,-10.028480529785156
D178S:I200L,-7.571734428405762
D178S:I200T,-8.15095329284668
R181Y:P206L,-2.5517122745513916
R181Y:P206S,-8.342385292053223
R181C:P206L,1.7407233715057373
R181C:P206S,-4.049949645996094
R181H:K183N,-11.505173683166504
R181H:K183N:P206S,-18.55038833618164
R181H:K183N:P206L,-12.759714126586914
R181C:K183N,-2.4091734886169434
R181C:K183N:P206L,-3.6637141704559326
R181C:K183N:P206S,-9.454387664794922
R181C:K183T,-0.7207813262939453
R181C:K183T:P206S,-7.765995025634766
R181C:K183T:P206L,-1.9753220081329346
R181Y:K183N:P206L,-7.956150054931641
R181Y:K183N:P206S,-13.746822357177734
R181Y:K183N,-6.701609134674072
R181Y:K183T:P206S,-12.058430671691895
R181Y:K183T:P206L,-6.267757415771484
R181Y:K183T,-5.013216972351074
R181H:K183T,-9.816781997680664
R181H:K183T:P206S,-16.861995697021484
R181H:K183T:P206L,-11.071322441101074
R181H:P206S,-13.145950317382812
R181H:P206L,-7.355277061462402
K183T:P206L,-4.970585823059082
K183T:P206S,-10.761259078979492
K183N:P206S,-12.449651718139648
K183N:P206L,-6.658978462219238
